model,split,activity,trials,candidate_recall,sensitivity,false_negative_rate,false_alarms_per_hour,false_positive_trial_rate,no_matched_candidate,matched_candidates_rejected,operating_point
frozen_baseline3,validation,D01,8,,,,0.0,0.0,0,0,FA_le_1
frozen_baseline3,validation,D02,8,,,,0.0,0.0,0,0,FA_le_1
frozen_baseline3,validation,D03,8,,,,0.0,0.0,0,0,FA_le_1
frozen_baseline3,validation,D04,8,,,,0.0,0.0,0,0,FA_le_1
frozen_baseline3,validation,D05,40,,,,0.0,0.0,0,0,FA_le_1
frozen_baseline3,validation,D06,25,,,,0.0,0.0,0,0,FA_le_1
frozen_baseline3,validation,D07,40,,,,0.0,0.0,0,0,FA_le_1
frozen_baseline3,validation,D08,40,,,,0.0,0.0,0,0,FA_le_1
frozen_baseline3,validation,D09,40,,,,0.0,0.0,0,0,FA_le_1
frozen_baseline3,validation,D10,40,,,,0.0,0.0,0,0,FA_le_1
frozen_baseline3,validation,D11,40,,,,0.0,0.0,0,0,FA_le_1
frozen_baseline3,validation,D12,40,,,,0.0,0.0,0,0,FA_le_1
frozen_baseline3,validation,D13,25,,,,0.0,0.0,0,0,FA_le_1
frozen_baseline3,validation,D14,40,,,,0.0,0.0,0,0,FA_le_1
frozen_baseline3,validation,D15,40,,,,0.0,0.0,0,0,FA_le_1
frozen_baseline3,validation,D16,40,,,,0.0,0.0,0,0,FA_le_1
frozen_baseline3,validation,D17,40,,,,0.0,0.0,0,0,FA_le_1
frozen_baseline3,validation,D18,25,,,,0.0,0.0,0,0,FA_le_1
frozen_baseline3,validation,D19,25,,,,36.0,0.12,0,0,FA_le_1
frozen_baseline3,validation,F01,25,0.96,0.8,0.2,,,1,4,FA_le_1
frozen_baseline3,validation,F02,25,1.0,1.0,0.0,,,0,0,FA_le_1
frozen_baseline3,validation,F03,25,1.0,0.92,0.08,,,0,2,FA_le_1
frozen_baseline3,validation,F04,25,0.96,0.84,0.16,,,1,3,FA_le_1
frozen_baseline3,validation,F05,25,1.0,0.92,0.08,,,0,2,FA_le_1
frozen_baseline3,validation,F06,25,0.96,0.88,0.12,,,1,2,FA_le_1
frozen_baseline3,validation,F07,25,1.0,0.76,0.24,,,0,6,FA_le_1
frozen_baseline3,validation,F08,25,0.96,0.84,0.16,,,1,3,FA_le_1
frozen_baseline3,validation,F09,25,1.0,0.96,0.04,,,0,1,FA_le_1
frozen_baseline3,validation,F10,25,1.0,1.0,0.0,,,0,0,FA_le_1
frozen_baseline3,validation,F11,25,0.96,0.92,0.08,,,1,1,FA_le_1
frozen_baseline3,validation,F12,25,1.0,1.0,0.0,,,0,0,FA_le_1
frozen_baseline3,validation,F13,25,1.0,0.72,0.28,,,0,7,FA_le_1
frozen_baseline3,validation,F14,25,1.0,0.96,0.04,,,0,1,FA_le_1
frozen_baseline3,validation,F15,25,1.0,0.88,0.12,,,0,3,FA_le_1
frozen_baseline3,validation,D01,8,,,,0.0,0.0,0,0,FA_le_5
frozen_baseline3,validation,D02,8,,,,0.0,0.0,0,0,FA_le_5
frozen_baseline3,validation,D03,8,,,,0.0,0.0,0,0,FA_le_5
frozen_baseline3,validation,D04,8,,,,0.0,0.0,0,0,FA_le_5
frozen_baseline3,validation,D05,40,,,,0.0,0.0,0,0,FA_le_5
frozen_baseline3,validation,D06,25,,,,5.760276493271677,0.04,0,0,FA_le_5
frozen_baseline3,validation,D07,40,,,,0.0,0.0,0,0,FA_le_5
frozen_baseline3,validation,D08,40,,,,0.0,0.0,0,0,FA_le_5
frozen_baseline3,validation,D09,40,,,,0.0,0.0,0,0,FA_le_5
frozen_baseline3,validation,D10,40,,,,0.0,0.0,0,0,FA_le_5
frozen_baseline3,validation,D11,40,,,,7.5005469148792105,0.025,0,0,FA_le_5
frozen_baseline3,validation,D12,40,,,,0.0,0.0,0,0,FA_le_5
frozen_baseline3,validation,D13,25,,,,12.000200003333388,0.04,0,0,FA_le_5
frozen_baseline3,validation,D14,40,,,,22.5,0.075,0,0,FA_le_5
frozen_baseline3,validation,D15,40,,,,0.0,0.0,0,0,FA_le_5
frozen_baseline3,validation,D16,40,,,,0.0,0.0,0,0,FA_le_5
frozen_baseline3,validation,D17,40,,,,0.0,0.0,0,0,FA_le_5
frozen_baseline3,validation,D18,25,,,,24.001200060002997,0.08,0,0,FA_le_5
frozen_baseline3,validation,D19,25,,,,84.0,0.2,0,0,FA_le_5
frozen_baseline3,validation,F01,25,0.96,0.88,0.12,,,1,2,FA_le_5
frozen_baseline3,validation,F02,25,1.0,1.0,0.0,,,0,0,FA_le_5
frozen_baseline3,validation,F03,25,1.0,0.92,0.08,,,0,2,FA_le_5
frozen_baseline3,validation,F04,25,0.96,0.92,0.08,,,1,1,FA_le_5
frozen_baseline3,validation,F05,25,1.0,0.92,0.08,,,0,2,FA_le_5
frozen_baseline3,validation,F06,25,0.96,0.92,0.08,,,1,1,FA_le_5
frozen_baseline3,validation,F07,25,1.0,0.92,0.08,,,0,2,FA_le_5
frozen_baseline3,validation,F08,25,0.96,0.92,0.08,,,1,1,FA_le_5
frozen_baseline3,validation,F09,25,1.0,0.96,0.04,,,0,1,FA_le_5
frozen_baseline3,validation,F10,25,1.0,1.0,0.0,,,0,0,FA_le_5
frozen_baseline3,validation,F11,25,0.96,0.92,0.08,,,1,1,FA_le_5
frozen_baseline3,validation,F12,25,1.0,1.0,0.0,,,0,0,FA_le_5
frozen_baseline3,validation,F13,25,1.0,0.8,0.2,,,0,5,FA_le_5
frozen_baseline3,validation,F14,25,1.0,1.0,0.0,,,0,0,FA_le_5
frozen_baseline3,validation,F15,25,1.0,0.92,0.08,,,0,2,FA_le_5
frozen_baseline3,validation,D01,8,,,,0.0,0.0,0,0,FA_le_10
frozen_baseline3,validation,D02,8,,,,0.0,0.0,0,0,FA_le_10
frozen_baseline3,validation,D03,8,,,,0.0,0.0,0,0,FA_le_10
frozen_baseline3,validation,D04,8,,,,0.0,0.0,0,0,FA_le_10
frozen_baseline3,validation,D05,40,,,,0.0,0.0,0,0,FA_le_10
frozen_baseline3,validation,D06,25,,,,5.760276493271677,0.04,0,0,FA_le_10
frozen_baseline3,validation,D07,40,,,,0.0,0.0,0,0,FA_le_10
frozen_baseline3,validation,D08,40,,,,0.0,0.0,0,0,FA_le_10
frozen_baseline3,validation,D09,40,,,,0.0,0.0,0,0,FA_le_10
frozen_baseline3,validation,D10,40,,,,0.0,0.0,0,0,FA_le_10
frozen_baseline3,validation,D11,40,,,,7.5005469148792105,0.025,0,0,FA_le_10
frozen_baseline3,validation,D12,40,,,,0.0,0.0,0,0,FA_le_10
frozen_baseline3,validation,D13,25,,,,24.000400006666776,0.08,0,0,FA_le_10
frozen_baseline3,validation,D14,40,,,,37.5,0.1,0,0,FA_le_10
frozen_baseline3,validation,D15,40,,,,0.0,0.0,0,0,FA_le_10
frozen_baseline3,validation,D16,40,,,,0.0,0.0,0,0,FA_le_10
frozen_baseline3,validation,D17,40,,,,0.0,0.0,0,0,FA_le_10
frozen_baseline3,validation,D18,25,,,,48.002400120005994,0.16,0,0,FA_le_10
frozen_baseline3,validation,D19,25,,,,96.0,0.2,0,0,FA_le_10
frozen_baseline3,validation,F01,25,0.96,0.88,0.12,,,1,2,FA_le_10
frozen_baseline3,validation,F02,25,1.0,1.0,0.0,,,0,0,FA_le_10
frozen_baseline3,validation,F03,25,1.0,0.92,0.08,,,0,2,FA_le_10
frozen_baseline3,validation,F04,25,0.96,0.96,0.04,,,1,0,FA_le_10
frozen_baseline3,validation,F05,25,1.0,0.92,0.08,,,0,2,FA_le_10
frozen_baseline3,validation,F06,25,0.96,0.92,0.08,,,1,1,FA_le_10
frozen_baseline3,validation,F07,25,1.0,0.92,0.08,,,0,2,FA_le_10
frozen_baseline3,validation,F08,25,0.96,0.92,0.08,,,1,1,FA_le_10
frozen_baseline3,validation,F09,25,1.0,0.96,0.04,,,0,1,FA_le_10
frozen_baseline3,validation,F10,25,1.0,1.0,0.0,,,0,0,FA_le_10
frozen_baseline3,validation,F11,25,0.96,0.92,0.08,,,1,1,FA_le_10
frozen_baseline3,validation,F12,25,1.0,1.0,0.0,,,0,0,FA_le_10
frozen_baseline3,validation,F13,25,1.0,0.84,0.16,,,0,4,FA_le_10
frozen_baseline3,validation,F14,25,1.0,1.0,0.0,,,0,0,FA_le_10
frozen_baseline3,validation,F15,25,1.0,0.92,0.08,,,0,2,FA_le_10
frozen_baseline3,validation,D01,8,,,,0.0,0.0,0,0,FA_le_20
frozen_baseline3,validation,D02,8,,,,0.0,0.0,0,0,FA_le_20
frozen_baseline3,validation,D03,8,,,,0.0,0.0,0,0,FA_le_20
frozen_baseline3,validation,D04,8,,,,0.0,0.0,0,0,FA_le_20
frozen_baseline3,validation,D05,40,,,,0.0,0.0,0,0,FA_le_20
frozen_baseline3,validation,D06,25,,,,23.041105973086708,0.16,0,0,FA_le_20
frozen_baseline3,validation,D07,40,,,,0.0,0.0,0,0,FA_le_20
frozen_baseline3,validation,D08,40,,,,7.5002343823244475,0.025,0,0,FA_le_20
frozen_baseline3,validation,D09,40,,,,0.0,0.0,0,0,FA_le_20
frozen_baseline3,validation,D10,40,,,,7.500078125813811,0.025,0,0,FA_le_20
frozen_baseline3,validation,D11,40,,,,22.50164074463763,0.075,0,0,FA_le_20
frozen_baseline3,validation,D12,40,,,,0.0,0.0,0,0,FA_le_20
frozen_baseline3,validation,D13,25,,,,144.00240004000068,0.4,0,0,FA_le_20
frozen_baseline3,validation,D14,40,,,,112.5,0.3,0,0,FA_le_20
frozen_baseline3,validation,D15,40,,,,0.0,0.0,0,0,FA_le_20
frozen_baseline3,validation,D16,40,,,,0.0,0.0,0,0,FA_le_20
frozen_baseline3,validation,D17,40,,,,0.0,0.0,0,0,FA_le_20
frozen_baseline3,validation,D18,25,,,,72.00360018000899,0.2,0,0,FA_le_20
frozen_baseline3,validation,D19,25,,,,132.0,0.28,0,0,FA_le_20
frozen_baseline3,validation,F01,25,0.96,0.88,0.12,,,1,2,FA_le_20
frozen_baseline3,validation,F02,25,1.0,1.0,0.0,,,0,0,FA_le_20
frozen_baseline3,validation,F03,25,1.0,0.96,0.04,,,0,1,FA_le_20
frozen_baseline3,validation,F04,25,0.96,0.96,0.04,,,1,0,FA_le_20
frozen_baseline3,validation,F05,25,1.0,0.96,0.04,,,0,1,FA_le_20
frozen_baseline3,validation,F06,25,0.96,0.96,0.04,,,1,0,FA_le_20
frozen_baseline3,validation,F07,25,1.0,1.0,0.0,,,0,0,FA_le_20
frozen_baseline3,validation,F08,25,0.96,0.96,0.04,,,1,0,FA_le_20
frozen_baseline3,validation,F09,25,1.0,0.96,0.04,,,0,1,FA_le_20
frozen_baseline3,validation,F10,25,1.0,1.0,0.0,,,0,0,FA_le_20
frozen_baseline3,validation,F11,25,0.96,0.92,0.08,,,1,1,FA_le_20
frozen_baseline3,validation,F12,25,1.0,1.0,0.0,,,0,0,FA_le_20
frozen_baseline3,validation,F13,25,1.0,1.0,0.0,,,0,0,FA_le_20
frozen_baseline3,validation,F14,25,1.0,1.0,0.0,,,0,0,FA_le_20
frozen_baseline3,validation,F15,25,1.0,0.96,0.04,,,0,1,FA_le_20
frozen_baseline3,validation,D01,8,,,,0.0,0.0,0,0,sens_ge95
frozen_baseline3,validation,D02,8,,,,0.0,0.0,0,0,sens_ge95
frozen_baseline3,validation,D03,8,,,,0.0,0.0,0,0,sens_ge95
frozen_baseline3,validation,D04,8,,,,0.0,0.0,0,0,sens_ge95
frozen_baseline3,validation,D05,40,,,,0.0,0.0,0,0,sens_ge95
frozen_baseline3,validation,D06,25,,,,23.041105973086708,0.16,0,0,sens_ge95
frozen_baseline3,validation,D07,40,,,,0.0,0.0,0,0,sens_ge95
frozen_baseline3,validation,D08,40,,,,7.5002343823244475,0.025,0,0,sens_ge95
frozen_baseline3,validation,D09,40,,,,0.0,0.0,0,0,sens_ge95
frozen_baseline3,validation,D10,40,,,,7.500078125813811,0.025,0,0,sens_ge95
frozen_baseline3,validation,D11,40,,,,15.001093829758421,0.05,0,0,sens_ge95
frozen_baseline3,validation,D12,40,,,,0.0,0.0,0,0,sens_ge95
frozen_baseline3,validation,D13,25,,,,96.0016000266671,0.32,0,0,sens_ge95
frozen_baseline3,validation,D14,40,,,,60.0,0.175,0,0,sens_ge95
frozen_baseline3,validation,D15,40,,,,0.0,0.0,0,0,sens_ge95
frozen_baseline3,validation,D16,40,,,,0.0,0.0,0,0,sens_ge95
frozen_baseline3,validation,D17,40,,,,0.0,0.0,0,0,sens_ge95
frozen_baseline3,validation,D18,25,,,,60.003000150007495,0.16,0,0,sens_ge95
frozen_baseline3,validation,D19,25,,,,120.0,0.24,0,0,sens_ge95
frozen_baseline3,validation,F01,25,0.96,0.88,0.12,,,1,2,sens_ge95
frozen_baseline3,validation,F02,25,1.0,1.0,0.0,,,0,0,sens_ge95
frozen_baseline3,validation,F03,25,1.0,0.92,0.08,,,0,2,sens_ge95
frozen_baseline3,validation,F04,25,0.96,0.96,0.04,,,1,0,sens_ge95
frozen_baseline3,validation,F05,25,1.0,0.92,0.08,,,0,2,sens_ge95
frozen_baseline3,validation,F06,25,0.96,0.92,0.08,,,1,1,sens_ge95
frozen_baseline3,validation,F07,25,1.0,0.96,0.04,,,0,1,sens_ge95
frozen_baseline3,validation,F08,25,0.96,0.92,0.08,,,1,1,sens_ge95
frozen_baseline3,validation,F09,25,1.0,0.96,0.04,,,0,1,sens_ge95
frozen_baseline3,validation,F10,25,1.0,1.0,0.0,,,0,0,sens_ge95
frozen_baseline3,validation,F11,25,0.96,0.92,0.08,,,1,1,sens_ge95
frozen_baseline3,validation,F12,25,1.0,1.0,0.0,,,0,0,sens_ge95
frozen_baseline3,validation,F13,25,1.0,0.96,0.04,,,0,1,sens_ge95
frozen_baseline3,validation,F14,25,1.0,1.0,0.0,,,0,0,sens_ge95
frozen_baseline3,validation,F15,25,1.0,0.96,0.04,,,0,1,sens_ge95
frozen_baseline3,validation,D01,8,,,,0.0,0.0,0,0,sens_ge97
frozen_baseline3,validation,D02,8,,,,0.0,0.0,0,0,sens_ge97
frozen_baseline3,validation,D03,8,,,,0.0,0.0,0,0,sens_ge97
frozen_baseline3,validation,D04,8,,,,0.0,0.0,0,0,sens_ge97
frozen_baseline3,validation,D05,40,,,,0.0,0.0,0,0,sens_ge97
frozen_baseline3,validation,D06,25,,,,28.801382466358387,0.2,0,0,sens_ge97
frozen_baseline3,validation,D07,40,,,,0.0,0.0,0,0,sens_ge97
frozen_baseline3,validation,D08,40,,,,15.000468764648895,0.05,0,0,sens_ge97
frozen_baseline3,validation,D09,40,,,,0.0,0.0,0,0,sens_ge97
frozen_baseline3,validation,D10,40,,,,7.500078125813811,0.025,0,0,sens_ge97
frozen_baseline3,validation,D11,40,,,,45.00328148927526,0.15,0,0,sens_ge97
frozen_baseline3,validation,D12,40,,,,0.0,0.0,0,0,sens_ge97
frozen_baseline3,validation,D13,25,,,,228.00380006333438,0.6,0,0,sens_ge97
frozen_baseline3,validation,D14,40,,,,165.0,0.35,0,0,sens_ge97
frozen_baseline3,validation,D15,40,,,,0.0,0.0,0,0,sens_ge97
frozen_baseline3,validation,D16,40,,,,0.0,0.0,0,0,sens_ge97
frozen_baseline3,validation,D17,40,,,,0.0,0.0,0,0,sens_ge97
frozen_baseline3,validation,D18,25,,,,96.00480024001199,0.28,0,0,sens_ge97
frozen_baseline3,validation,D19,25,,,,156.0,0.32,0,0,sens_ge97
frozen_baseline3,validation,F01,25,0.96,0.92,0.08,,,1,1,sens_ge97
frozen_baseline3,validation,F02,25,1.0,1.0,0.0,,,0,0,sens_ge97
frozen_baseline3,validation,F03,25,1.0,0.96,0.04,,,0,1,sens_ge97
frozen_baseline3,validation,F04,25,0.96,0.96,0.04,,,1,0,sens_ge97
frozen_baseline3,validation,F05,25,1.0,0.96,0.04,,,0,1,sens_ge97
frozen_baseline3,validation,F06,25,0.96,0.96,0.04,,,1,0,sens_ge97
frozen_baseline3,validation,F07,25,1.0,1.0,0.0,,,0,0,sens_ge97
frozen_baseline3,validation,F08,25,0.96,0.96,0.04,,,1,0,sens_ge97
frozen_baseline3,validation,F09,25,1.0,0.96,0.04,,,0,1,sens_ge97
frozen_baseline3,validation,F10,25,1.0,1.0,0.0,,,0,0,sens_ge97
frozen_baseline3,validation,F11,25,0.96,0.92,0.08,,,1,1,sens_ge97
frozen_baseline3,validation,F12,25,1.0,1.0,0.0,,,0,0,sens_ge97
frozen_baseline3,validation,F13,25,1.0,1.0,0.0,,,0,0,sens_ge97
frozen_baseline3,validation,F14,25,1.0,1.0,0.0,,,0,0,sens_ge97
frozen_baseline3,validation,F15,25,1.0,0.96,0.04,,,0,1,sens_ge97
frozen_baseline3,validation,D01,8,,,,175.52413456850317,0.25,0,0,sens_gt98
frozen_baseline3,validation,D02,8,,,,72.00135002531297,0.5,0,0,sens_gt98
frozen_baseline3,validation,D03,8,,,,0.0,0.0,0,0,sens_gt98
frozen_baseline3,validation,D04,8,,,,13.5,0.125,0,0,sens_gt98
frozen_baseline3,validation,D05,40,,,,14.400288005760114,0.1,0,0,sens_gt98
frozen_baseline3,validation,D06,25,,,,155.5274653183353,0.52,0,0,sens_gt98
frozen_baseline3,validation,D07,40,,,,37.501953226730556,0.125,0,0,sens_gt98
frozen_baseline3,validation,D08,40,,,,307.50960967530233,0.725,0,0,sens_gt98
frozen_baseline3,validation,D09,40,,,,195.00609394043565,0.45,0,0,sens_gt98
frozen_baseline3,validation,D10,40,,,,262.5027344034834,0.575,0,0,sens_gt98
frozen_baseline3,validation,D11,40,,,,232.51695436125553,0.775,0,0,sens_gt98
frozen_baseline3,validation,D12,40,,,,37.5,0.125,0,0,sens_gt98
frozen_baseline3,validation,D13,25,,,,576.0096001600027,1.0,0,0,sens_gt98
frozen_baseline3,validation,D14,40,,,,472.5,0.85,0,0,sens_gt98
frozen_baseline3,validation,D15,40,,,,7.5,0.025,0,0,sens_gt98
frozen_baseline3,validation,D16,40,,,,75.0093761720215,0.175,0,0,sens_gt98
frozen_baseline3,validation,D17,40,,,,97.20583234994099,0.5,0,0,sens_gt98
frozen_baseline3,validation,D18,25,,,,324.01620081004046,0.88,0,0,sens_gt98
frozen_baseline3,validation,D19,25,,,,372.0,0.72,0,0,sens_gt98
frozen_baseline3,validation,F01,25,0.96,0.96,0.04,,,1,0,sens_gt98
frozen_baseline3,validation,F02,25,1.0,1.0,0.0,,,0,0,sens_gt98
frozen_baseline3,validation,F03,25,1.0,0.96,0.04,,,0,1,sens_gt98
frozen_baseline3,validation,F04,25,0.96,0.96,0.04,,,1,0,sens_gt98
frozen_baseline3,validation,F05,25,1.0,0.96,0.04,,,0,1,sens_gt98
frozen_baseline3,validation,F06,25,0.96,0.96,0.04,,,1,0,sens_gt98
frozen_baseline3,validation,F07,25,1.0,1.0,0.0,,,0,0,sens_gt98
frozen_baseline3,validation,F08,25,0.96,0.96,0.04,,,1,0,sens_gt98
frozen_baseline3,validation,F09,25,1.0,1.0,0.0,,,0,0,sens_gt98
frozen_baseline3,validation,F10,25,1.0,1.0,0.0,,,0,0,sens_gt98
frozen_baseline3,validation,F11,25,0.96,0.96,0.04,,,1,0,sens_gt98
frozen_baseline3,validation,F12,25,1.0,1.0,0.0,,,0,0,sens_gt98
frozen_baseline3,validation,F13,25,1.0,1.0,0.0,,,0,0,sens_gt98
frozen_baseline3,validation,F14,25,1.0,1.0,0.0,,,0,0,sens_gt98
frozen_baseline3,validation,F15,25,1.0,1.0,0.0,,,0,0,sens_gt98
frozen_baseline3,validation,D01,8,,,,0.0,0.0,0,0,BA_reference
frozen_baseline3,validation,D02,8,,,,0.0,0.0,0,0,BA_reference
frozen_baseline3,validation,D03,8,,,,0.0,0.0,0,0,BA_reference
frozen_baseline3,validation,D04,8,,,,0.0,0.0,0,0,BA_reference
frozen_baseline3,validation,D05,40,,,,0.0,0.0,0,0,BA_reference
frozen_baseline3,validation,D06,25,,,,5.760276493271677,0.04,0,0,BA_reference
frozen_baseline3,validation,D07,40,,,,0.0,0.0,0,0,BA_reference
frozen_baseline3,validation,D08,40,,,,0.0,0.0,0,0,BA_reference
frozen_baseline3,validation,D09,40,,,,0.0,0.0,0,0,BA_reference
frozen_baseline3,validation,D10,40,,,,0.0,0.0,0,0,BA_reference
frozen_baseline3,validation,D11,40,,,,7.5005469148792105,0.025,0,0,BA_reference
frozen_baseline3,validation,D12,40,,,,0.0,0.0,0,0,BA_reference
frozen_baseline3,validation,D13,25,,,,12.000200003333388,0.04,0,0,BA_reference
frozen_baseline3,validation,D14,40,,,,22.5,0.075,0,0,BA_reference
frozen_baseline3,validation,D15,40,,,,0.0,0.0,0,0,BA_reference
frozen_baseline3,validation,D16,40,,,,0.0,0.0,0,0,BA_reference
frozen_baseline3,validation,D17,40,,,,0.0,0.0,0,0,BA_reference
frozen_baseline3,validation,D18,25,,,,24.001200060002997,0.08,0,0,BA_reference
frozen_baseline3,validation,D19,25,,,,84.0,0.2,0,0,BA_reference
frozen_baseline3,validation,F01,25,0.96,0.88,0.12,,,1,2,BA_reference
frozen_baseline3,validation,F02,25,1.0,1.0,0.0,,,0,0,BA_reference
frozen_baseline3,validation,F03,25,1.0,0.92,0.08,,,0,2,BA_reference
frozen_baseline3,validation,F04,25,0.96,0.92,0.08,,,1,1,BA_reference
frozen_baseline3,validation,F05,25,1.0,0.92,0.08,,,0,2,BA_reference
frozen_baseline3,validation,F06,25,0.96,0.92,0.08,,,1,1,BA_reference
frozen_baseline3,validation,F07,25,1.0,0.92,0.08,,,0,2,BA_reference
frozen_baseline3,validation,F08,25,0.96,0.92,0.08,,,1,1,BA_reference
frozen_baseline3,validation,F09,25,1.0,0.96,0.04,,,0,1,BA_reference
frozen_baseline3,validation,F10,25,1.0,1.0,0.0,,,0,0,BA_reference
frozen_baseline3,validation,F11,25,0.96,0.92,0.08,,,1,1,BA_reference
frozen_baseline3,validation,F12,25,1.0,1.0,0.0,,,0,0,BA_reference
frozen_baseline3,validation,F13,25,1.0,0.8,0.2,,,0,5,BA_reference
frozen_baseline3,validation,F14,25,1.0,1.0,0.0,,,0,0,BA_reference
frozen_baseline3,validation,F15,25,1.0,0.92,0.08,,,0,2,BA_reference
baseline3,validation,D01,8,,,,0.0,0.0,0,0,FA_le_1
baseline3,validation,D02,8,,,,0.0,0.0,0,0,FA_le_1
baseline3,validation,D03,8,,,,0.0,0.0,0,0,FA_le_1
baseline3,validation,D04,8,,,,0.0,0.0,0,0,FA_le_1
baseline3,validation,D05,40,,,,0.0,0.0,0,0,FA_le_1
baseline3,validation,D06,25,,,,0.0,0.0,0,0,FA_le_1
baseline3,validation,D07,40,,,,0.0,0.0,0,0,FA_le_1
baseline3,validation,D08,40,,,,0.0,0.0,0,0,FA_le_1
baseline3,validation,D09,40,,,,0.0,0.0,0,0,FA_le_1
baseline3,validation,D10,40,,,,0.0,0.0,0,0,FA_le_1
baseline3,validation,D11,40,,,,0.0,0.0,0,0,FA_le_1
baseline3,validation,D12,40,,,,0.0,0.0,0,0,FA_le_1
baseline3,validation,D13,25,,,,0.0,0.0,0,0,FA_le_1
baseline3,validation,D14,40,,,,0.0,0.0,0,0,FA_le_1
baseline3,validation,D15,40,,,,0.0,0.0,0,0,FA_le_1
baseline3,validation,D16,40,,,,0.0,0.0,0,0,FA_le_1
baseline3,validation,D17,40,,,,0.0,0.0,0,0,FA_le_1
baseline3,validation,D18,25,,,,0.0,0.0,0,0,FA_le_1
baseline3,validation,D19,25,,,,36.0,0.12,0,0,FA_le_1
baseline3,validation,F01,25,0.96,0.8,0.2,,,1,4,FA_le_1
baseline3,validation,F02,25,1.0,1.0,0.0,,,0,0,FA_le_1
baseline3,validation,F03,25,1.0,0.92,0.08,,,0,2,FA_le_1
baseline3,validation,F04,25,0.96,0.84,0.16,,,1,3,FA_le_1
baseline3,validation,F05,25,1.0,0.92,0.08,,,0,2,FA_le_1
baseline3,validation,F06,25,0.96,0.88,0.12,,,1,2,FA_le_1
baseline3,validation,F07,25,1.0,0.76,0.24,,,0,6,FA_le_1
baseline3,validation,F08,25,0.96,0.84,0.16,,,1,3,FA_le_1
baseline3,validation,F09,25,1.0,0.96,0.04,,,0,1,FA_le_1
baseline3,validation,F10,25,1.0,1.0,0.0,,,0,0,FA_le_1
baseline3,validation,F11,25,0.96,0.92,0.08,,,1,1,FA_le_1
baseline3,validation,F12,25,1.0,1.0,0.0,,,0,0,FA_le_1
baseline3,validation,F13,25,1.0,0.72,0.28,,,0,7,FA_le_1
baseline3,validation,F14,25,1.0,0.96,0.04,,,0,1,FA_le_1
baseline3,validation,F15,25,1.0,0.88,0.12,,,0,3,FA_le_1
baseline3,validation,D01,8,,,,0.0,0.0,0,0,FA_le_5
baseline3,validation,D02,8,,,,0.0,0.0,0,0,FA_le_5
baseline3,validation,D03,8,,,,0.0,0.0,0,0,FA_le_5
baseline3,validation,D04,8,,,,0.0,0.0,0,0,FA_le_5
baseline3,validation,D05,40,,,,0.0,0.0,0,0,FA_le_5
baseline3,validation,D06,25,,,,5.760276493271677,0.04,0,0,FA_le_5
baseline3,validation,D07,40,,,,0.0,0.0,0,0,FA_le_5
baseline3,validation,D08,40,,,,0.0,0.0,0,0,FA_le_5
baseline3,validation,D09,40,,,,0.0,0.0,0,0,FA_le_5
baseline3,validation,D10,40,,,,0.0,0.0,0,0,FA_le_5
baseline3,validation,D11,40,,,,7.5005469148792105,0.025,0,0,FA_le_5
baseline3,validation,D12,40,,,,0.0,0.0,0,0,FA_le_5
baseline3,validation,D13,25,,,,12.000200003333388,0.04,0,0,FA_le_5
baseline3,validation,D14,40,,,,22.5,0.075,0,0,FA_le_5
baseline3,validation,D15,40,,,,0.0,0.0,0,0,FA_le_5
baseline3,validation,D16,40,,,,0.0,0.0,0,0,FA_le_5
baseline3,validation,D17,40,,,,0.0,0.0,0,0,FA_le_5
baseline3,validation,D18,25,,,,24.001200060002997,0.08,0,0,FA_le_5
baseline3,validation,D19,25,,,,84.0,0.2,0,0,FA_le_5
baseline3,validation,F01,25,0.96,0.88,0.12,,,1,2,FA_le_5
baseline3,validation,F02,25,1.0,1.0,0.0,,,0,0,FA_le_5
baseline3,validation,F03,25,1.0,0.92,0.08,,,0,2,FA_le_5
baseline3,validation,F04,25,0.96,0.92,0.08,,,1,1,FA_le_5
baseline3,validation,F05,25,1.0,0.92,0.08,,,0,2,FA_le_5
baseline3,validation,F06,25,0.96,0.92,0.08,,,1,1,FA_le_5
baseline3,validation,F07,25,1.0,0.92,0.08,,,0,2,FA_le_5
baseline3,validation,F08,25,0.96,0.92,0.08,,,1,1,FA_le_5
baseline3,validation,F09,25,1.0,0.96,0.04,,,0,1,FA_le_5
baseline3,validation,F10,25,1.0,1.0,0.0,,,0,0,FA_le_5
baseline3,validation,F11,25,0.96,0.92,0.08,,,1,1,FA_le_5
baseline3,validation,F12,25,1.0,1.0,0.0,,,0,0,FA_le_5
baseline3,validation,F13,25,1.0,0.8,0.2,,,0,5,FA_le_5
baseline3,validation,F14,25,1.0,1.0,0.0,,,0,0,FA_le_5
baseline3,validation,F15,25,1.0,0.92,0.08,,,0,2,FA_le_5
baseline3,validation,D01,8,,,,0.0,0.0,0,0,FA_le_10
baseline3,validation,D02,8,,,,0.0,0.0,0,0,FA_le_10
baseline3,validation,D03,8,,,,0.0,0.0,0,0,FA_le_10
baseline3,validation,D04,8,,,,0.0,0.0,0,0,FA_le_10
baseline3,validation,D05,40,,,,0.0,0.0,0,0,FA_le_10
baseline3,validation,D06,25,,,,5.760276493271677,0.04,0,0,FA_le_10
baseline3,validation,D07,40,,,,0.0,0.0,0,0,FA_le_10
baseline3,validation,D08,40,,,,0.0,0.0,0,0,FA_le_10
baseline3,validation,D09,40,,,,0.0,0.0,0,0,FA_le_10
baseline3,validation,D10,40,,,,0.0,0.0,0,0,FA_le_10
baseline3,validation,D11,40,,,,7.5005469148792105,0.025,0,0,FA_le_10
baseline3,validation,D12,40,,,,0.0,0.0,0,0,FA_le_10
baseline3,validation,D13,25,,,,24.000400006666776,0.08,0,0,FA_le_10
baseline3,validation,D14,40,,,,37.5,0.1,0,0,FA_le_10
baseline3,validation,D15,40,,,,0.0,0.0,0,0,FA_le_10
baseline3,validation,D16,40,,,,0.0,0.0,0,0,FA_le_10
baseline3,validation,D17,40,,,,0.0,0.0,0,0,FA_le_10
baseline3,validation,D18,25,,,,48.002400120005994,0.16,0,0,FA_le_10
baseline3,validation,D19,25,,,,96.0,0.2,0,0,FA_le_10
baseline3,validation,F01,25,0.96,0.88,0.12,,,1,2,FA_le_10
baseline3,validation,F02,25,1.0,1.0,0.0,,,0,0,FA_le_10
baseline3,validation,F03,25,1.0,0.92,0.08,,,0,2,FA_le_10
baseline3,validation,F04,25,0.96,0.96,0.04,,,1,0,FA_le_10
baseline3,validation,F05,25,1.0,0.92,0.08,,,0,2,FA_le_10
baseline3,validation,F06,25,0.96,0.92,0.08,,,1,1,FA_le_10
baseline3,validation,F07,25,1.0,0.92,0.08,,,0,2,FA_le_10
baseline3,validation,F08,25,0.96,0.92,0.08,,,1,1,FA_le_10
baseline3,validation,F09,25,1.0,0.96,0.04,,,0,1,FA_le_10
baseline3,validation,F10,25,1.0,1.0,0.0,,,0,0,FA_le_10
baseline3,validation,F11,25,0.96,0.92,0.08,,,1,1,FA_le_10
baseline3,validation,F12,25,1.0,1.0,0.0,,,0,0,FA_le_10
baseline3,validation,F13,25,1.0,0.84,0.16,,,0,4,FA_le_10
baseline3,validation,F14,25,1.0,1.0,0.0,,,0,0,FA_le_10
baseline3,validation,F15,25,1.0,0.92,0.08,,,0,2,FA_le_10
baseline3,validation,D01,8,,,,0.0,0.0,0,0,FA_le_20
baseline3,validation,D02,8,,,,0.0,0.0,0,0,FA_le_20
baseline3,validation,D03,8,,,,0.0,0.0,0,0,FA_le_20
baseline3,validation,D04,8,,,,0.0,0.0,0,0,FA_le_20
baseline3,validation,D05,40,,,,0.0,0.0,0,0,FA_le_20
baseline3,validation,D06,25,,,,23.041105973086708,0.16,0,0,FA_le_20
baseline3,validation,D07,40,,,,0.0,0.0,0,0,FA_le_20
baseline3,validation,D08,40,,,,7.5002343823244475,0.025,0,0,FA_le_20
baseline3,validation,D09,40,,,,0.0,0.0,0,0,FA_le_20
baseline3,validation,D10,40,,,,7.500078125813811,0.025,0,0,FA_le_20
baseline3,validation,D11,40,,,,22.50164074463763,0.075,0,0,FA_le_20
baseline3,validation,D12,40,,,,0.0,0.0,0,0,FA_le_20
baseline3,validation,D13,25,,,,144.00240004000068,0.4,0,0,FA_le_20
baseline3,validation,D14,40,,,,112.5,0.3,0,0,FA_le_20
baseline3,validation,D15,40,,,,0.0,0.0,0,0,FA_le_20
baseline3,validation,D16,40,,,,0.0,0.0,0,0,FA_le_20
baseline3,validation,D17,40,,,,0.0,0.0,0,0,FA_le_20
baseline3,validation,D18,25,,,,72.00360018000899,0.2,0,0,FA_le_20
baseline3,validation,D19,25,,,,132.0,0.28,0,0,FA_le_20
baseline3,validation,F01,25,0.96,0.88,0.12,,,1,2,FA_le_20
baseline3,validation,F02,25,1.0,1.0,0.0,,,0,0,FA_le_20
baseline3,validation,F03,25,1.0,0.96,0.04,,,0,1,FA_le_20
baseline3,validation,F04,25,0.96,0.96,0.04,,,1,0,FA_le_20
baseline3,validation,F05,25,1.0,0.96,0.04,,,0,1,FA_le_20
baseline3,validation,F06,25,0.96,0.96,0.04,,,1,0,FA_le_20
baseline3,validation,F07,25,1.0,1.0,0.0,,,0,0,FA_le_20
baseline3,validation,F08,25,0.96,0.96,0.04,,,1,0,FA_le_20
baseline3,validation,F09,25,1.0,0.96,0.04,,,0,1,FA_le_20
baseline3,validation,F10,25,1.0,1.0,0.0,,,0,0,FA_le_20
baseline3,validation,F11,25,0.96,0.92,0.08,,,1,1,FA_le_20
baseline3,validation,F12,25,1.0,1.0,0.0,,,0,0,FA_le_20
baseline3,validation,F13,25,1.0,1.0,0.0,,,0,0,FA_le_20
baseline3,validation,F14,25,1.0,1.0,0.0,,,0,0,FA_le_20
baseline3,validation,F15,25,1.0,0.96,0.04,,,0,1,FA_le_20
baseline3,validation,D01,8,,,,0.0,0.0,0,0,sens_ge95
baseline3,validation,D02,8,,,,0.0,0.0,0,0,sens_ge95
baseline3,validation,D03,8,,,,0.0,0.0,0,0,sens_ge95
baseline3,validation,D04,8,,,,0.0,0.0,0,0,sens_ge95
baseline3,validation,D05,40,,,,0.0,0.0,0,0,sens_ge95
baseline3,validation,D06,25,,,,23.041105973086708,0.16,0,0,sens_ge95
baseline3,validation,D07,40,,,,0.0,0.0,0,0,sens_ge95
baseline3,validation,D08,40,,,,7.5002343823244475,0.025,0,0,sens_ge95
baseline3,validation,D09,40,,,,0.0,0.0,0,0,sens_ge95
baseline3,validation,D10,40,,,,7.500078125813811,0.025,0,0,sens_ge95
baseline3,validation,D11,40,,,,15.001093829758421,0.05,0,0,sens_ge95
baseline3,validation,D12,40,,,,0.0,0.0,0,0,sens_ge95
baseline3,validation,D13,25,,,,96.0016000266671,0.32,0,0,sens_ge95
baseline3,validation,D14,40,,,,60.0,0.175,0,0,sens_ge95
baseline3,validation,D15,40,,,,0.0,0.0,0,0,sens_ge95
baseline3,validation,D16,40,,,,0.0,0.0,0,0,sens_ge95
baseline3,validation,D17,40,,,,0.0,0.0,0,0,sens_ge95
baseline3,validation,D18,25,,,,60.003000150007495,0.16,0,0,sens_ge95
baseline3,validation,D19,25,,,,120.0,0.24,0,0,sens_ge95
baseline3,validation,F01,25,0.96,0.88,0.12,,,1,2,sens_ge95
baseline3,validation,F02,25,1.0,1.0,0.0,,,0,0,sens_ge95
baseline3,validation,F03,25,1.0,0.92,0.08,,,0,2,sens_ge95
baseline3,validation,F04,25,0.96,0.96,0.04,,,1,0,sens_ge95
baseline3,validation,F05,25,1.0,0.92,0.08,,,0,2,sens_ge95
baseline3,validation,F06,25,0.96,0.92,0.08,,,1,1,sens_ge95
baseline3,validation,F07,25,1.0,0.96,0.04,,,0,1,sens_ge95
baseline3,validation,F08,25,0.96,0.92,0.08,,,1,1,sens_ge95
baseline3,validation,F09,25,1.0,0.96,0.04,,,0,1,sens_ge95
baseline3,validation,F10,25,1.0,1.0,0.0,,,0,0,sens_ge95
baseline3,validation,F11,25,0.96,0.92,0.08,,,1,1,sens_ge95
baseline3,validation,F12,25,1.0,1.0,0.0,,,0,0,sens_ge95
baseline3,validation,F13,25,1.0,0.96,0.04,,,0,1,sens_ge95
baseline3,validation,F14,25,1.0,1.0,0.0,,,0,0,sens_ge95
baseline3,validation,F15,25,1.0,0.96,0.04,,,0,1,sens_ge95
baseline3,validation,D01,8,,,,0.0,0.0,0,0,sens_ge97
baseline3,validation,D02,8,,,,0.0,0.0,0,0,sens_ge97
baseline3,validation,D03,8,,,,0.0,0.0,0,0,sens_ge97
baseline3,validation,D04,8,,,,0.0,0.0,0,0,sens_ge97
baseline3,validation,D05,40,,,,0.0,0.0,0,0,sens_ge97
baseline3,validation,D06,25,,,,28.801382466358387,0.2,0,0,sens_ge97
baseline3,validation,D07,40,,,,0.0,0.0,0,0,sens_ge97
baseline3,validation,D08,40,,,,15.000468764648895,0.05,0,0,sens_ge97
baseline3,validation,D09,40,,,,0.0,0.0,0,0,sens_ge97
baseline3,validation,D10,40,,,,7.500078125813811,0.025,0,0,sens_ge97
baseline3,validation,D11,40,,,,45.00328148927526,0.15,0,0,sens_ge97
baseline3,validation,D12,40,,,,0.0,0.0,0,0,sens_ge97
baseline3,validation,D13,25,,,,228.00380006333438,0.6,0,0,sens_ge97
baseline3,validation,D14,40,,,,165.0,0.35,0,0,sens_ge97
baseline3,validation,D15,40,,,,0.0,0.0,0,0,sens_ge97
baseline3,validation,D16,40,,,,0.0,0.0,0,0,sens_ge97
baseline3,validation,D17,40,,,,0.0,0.0,0,0,sens_ge97
baseline3,validation,D18,25,,,,96.00480024001199,0.28,0,0,sens_ge97
baseline3,validation,D19,25,,,,156.0,0.32,0,0,sens_ge97
baseline3,validation,F01,25,0.96,0.92,0.08,,,1,1,sens_ge97
baseline3,validation,F02,25,1.0,1.0,0.0,,,0,0,sens_ge97
baseline3,validation,F03,25,1.0,0.96,0.04,,,0,1,sens_ge97
baseline3,validation,F04,25,0.96,0.96,0.04,,,1,0,sens_ge97
baseline3,validation,F05,25,1.0,0.96,0.04,,,0,1,sens_ge97
baseline3,validation,F06,25,0.96,0.96,0.04,,,1,0,sens_ge97
baseline3,validation,F07,25,1.0,1.0,0.0,,,0,0,sens_ge97
baseline3,validation,F08,25,0.96,0.96,0.04,,,1,0,sens_ge97
baseline3,validation,F09,25,1.0,0.96,0.04,,,0,1,sens_ge97
baseline3,validation,F10,25,1.0,1.0,0.0,,,0,0,sens_ge97
baseline3,validation,F11,25,0.96,0.92,0.08,,,1,1,sens_ge97
baseline3,validation,F12,25,1.0,1.0,0.0,,,0,0,sens_ge97
baseline3,validation,F13,25,1.0,1.0,0.0,,,0,0,sens_ge97
baseline3,validation,F14,25,1.0,1.0,0.0,,,0,0,sens_ge97
baseline3,validation,F15,25,1.0,0.96,0.04,,,0,1,sens_ge97
baseline3,validation,D01,8,,,,175.52413456850317,0.25,0,0,sens_gt98
baseline3,validation,D02,8,,,,72.00135002531297,0.5,0,0,sens_gt98
baseline3,validation,D03,8,,,,0.0,0.0,0,0,sens_gt98
baseline3,validation,D04,8,,,,13.5,0.125,0,0,sens_gt98
baseline3,validation,D05,40,,,,14.400288005760114,0.1,0,0,sens_gt98
baseline3,validation,D06,25,,,,155.5274653183353,0.52,0,0,sens_gt98
baseline3,validation,D07,40,,,,37.501953226730556,0.125,0,0,sens_gt98
baseline3,validation,D08,40,,,,307.50960967530233,0.725,0,0,sens_gt98
baseline3,validation,D09,40,,,,195.00609394043565,0.45,0,0,sens_gt98
baseline3,validation,D10,40,,,,262.5027344034834,0.575,0,0,sens_gt98
baseline3,validation,D11,40,,,,232.51695436125553,0.775,0,0,sens_gt98
baseline3,validation,D12,40,,,,37.5,0.125,0,0,sens_gt98
baseline3,validation,D13,25,,,,576.0096001600027,1.0,0,0,sens_gt98
baseline3,validation,D14,40,,,,472.5,0.85,0,0,sens_gt98
baseline3,validation,D15,40,,,,7.5,0.025,0,0,sens_gt98
baseline3,validation,D16,40,,,,75.0093761720215,0.175,0,0,sens_gt98
baseline3,validation,D17,40,,,,97.20583234994099,0.5,0,0,sens_gt98
baseline3,validation,D18,25,,,,324.01620081004046,0.88,0,0,sens_gt98
baseline3,validation,D19,25,,,,372.0,0.72,0,0,sens_gt98
baseline3,validation,F01,25,0.96,0.96,0.04,,,1,0,sens_gt98
baseline3,validation,F02,25,1.0,1.0,0.0,,,0,0,sens_gt98
baseline3,validation,F03,25,1.0,0.96,0.04,,,0,1,sens_gt98
baseline3,validation,F04,25,0.96,0.96,0.04,,,1,0,sens_gt98
baseline3,validation,F05,25,1.0,0.96,0.04,,,0,1,sens_gt98
baseline3,validation,F06,25,0.96,0.96,0.04,,,1,0,sens_gt98
baseline3,validation,F07,25,1.0,1.0,0.0,,,0,0,sens_gt98
baseline3,validation,F08,25,0.96,0.96,0.04,,,1,0,sens_gt98
baseline3,validation,F09,25,1.0,1.0,0.0,,,0,0,sens_gt98
baseline3,validation,F10,25,1.0,1.0,0.0,,,0,0,sens_gt98
baseline3,validation,F11,25,0.96,0.96,0.04,,,1,0,sens_gt98
baseline3,validation,F12,25,1.0,1.0,0.0,,,0,0,sens_gt98
baseline3,validation,F13,25,1.0,1.0,0.0,,,0,0,sens_gt98
baseline3,validation,F14,25,1.0,1.0,0.0,,,0,0,sens_gt98
baseline3,validation,F15,25,1.0,1.0,0.0,,,0,0,sens_gt98
baseline3,validation,D01,8,,,,0.0,0.0,0,0,BA_reference
baseline3,validation,D02,8,,,,0.0,0.0,0,0,BA_reference
baseline3,validation,D03,8,,,,0.0,0.0,0,0,BA_reference
baseline3,validation,D04,8,,,,0.0,0.0,0,0,BA_reference
baseline3,validation,D05,40,,,,0.0,0.0,0,0,BA_reference
baseline3,validation,D06,25,,,,5.760276493271677,0.04,0,0,BA_reference
baseline3,validation,D07,40,,,,0.0,0.0,0,0,BA_reference
baseline3,validation,D08,40,,,,0.0,0.0,0,0,BA_reference
baseline3,validation,D09,40,,,,0.0,0.0,0,0,BA_reference
baseline3,validation,D10,40,,,,0.0,0.0,0,0,BA_reference
baseline3,validation,D11,40,,,,7.5005469148792105,0.025,0,0,BA_reference
baseline3,validation,D12,40,,,,0.0,0.0,0,0,BA_reference
baseline3,validation,D13,25,,,,12.000200003333388,0.04,0,0,BA_reference
baseline3,validation,D14,40,,,,22.5,0.075,0,0,BA_reference
baseline3,validation,D15,40,,,,0.0,0.0,0,0,BA_reference
baseline3,validation,D16,40,,,,0.0,0.0,0,0,BA_reference
baseline3,validation,D17,40,,,,0.0,0.0,0,0,BA_reference
baseline3,validation,D18,25,,,,24.001200060002997,0.08,0,0,BA_reference
baseline3,validation,D19,25,,,,84.0,0.2,0,0,BA_reference
baseline3,validation,F01,25,0.96,0.88,0.12,,,1,2,BA_reference
baseline3,validation,F02,25,1.0,1.0,0.0,,,0,0,BA_reference
baseline3,validation,F03,25,1.0,0.92,0.08,,,0,2,BA_reference
baseline3,validation,F04,25,0.96,0.92,0.08,,,1,1,BA_reference
baseline3,validation,F05,25,1.0,0.92,0.08,,,0,2,BA_reference
baseline3,validation,F06,25,0.96,0.92,0.08,,,1,1,BA_reference
baseline3,validation,F07,25,1.0,0.92,0.08,,,0,2,BA_reference
baseline3,validation,F08,25,0.96,0.92,0.08,,,1,1,BA_reference
baseline3,validation,F09,25,1.0,0.96,0.04,,,0,1,BA_reference
baseline3,validation,F10,25,1.0,1.0,0.0,,,0,0,BA_reference
baseline3,validation,F11,25,0.96,0.92,0.08,,,1,1,BA_reference
baseline3,validation,F12,25,1.0,1.0,0.0,,,0,0,BA_reference
baseline3,validation,F13,25,1.0,0.8,0.2,,,0,5,BA_reference
baseline3,validation,F14,25,1.0,1.0,0.0,,,0,0,BA_reference
baseline3,validation,F15,25,1.0,0.92,0.08,,,0,2,BA_reference
plus_gaC8,validation,D01,8,,,,0.0,0.0,0,0,FA_le_1
plus_gaC8,validation,D02,8,,,,0.0,0.0,0,0,FA_le_1
plus_gaC8,validation,D03,8,,,,0.0,0.0,0,0,FA_le_1
plus_gaC8,validation,D04,8,,,,0.0,0.0,0,0,FA_le_1
plus_gaC8,validation,D05,40,,,,0.0,0.0,0,0,FA_le_1
plus_gaC8,validation,D06,25,,,,5.760276493271677,0.04,0,0,FA_le_1
plus_gaC8,validation,D07,40,,,,0.0,0.0,0,0,FA_le_1
plus_gaC8,validation,D08,40,,,,0.0,0.0,0,0,FA_le_1
plus_gaC8,validation,D09,40,,,,0.0,0.0,0,0,FA_le_1
plus_gaC8,validation,D10,40,,,,0.0,0.0,0,0,FA_le_1
plus_gaC8,validation,D11,40,,,,0.0,0.0,0,0,FA_le_1
plus_gaC8,validation,D12,40,,,,0.0,0.0,0,0,FA_le_1
plus_gaC8,validation,D13,25,,,,0.0,0.0,0,0,FA_le_1
plus_gaC8,validation,D14,40,,,,0.0,0.0,0,0,FA_le_1
plus_gaC8,validation,D15,40,,,,0.0,0.0,0,0,FA_le_1
plus_gaC8,validation,D16,40,,,,0.0,0.0,0,0,FA_le_1
plus_gaC8,validation,D17,40,,,,0.0,0.0,0,0,FA_le_1
plus_gaC8,validation,D18,25,,,,0.0,0.0,0,0,FA_le_1
plus_gaC8,validation,D19,25,,,,24.0,0.08,0,0,FA_le_1
plus_gaC8,validation,F01,25,0.96,0.84,0.16,,,1,3,FA_le_1
plus_gaC8,validation,F02,25,1.0,1.0,0.0,,,0,0,FA_le_1
plus_gaC8,validation,F03,25,1.0,0.92,0.08,,,0,2,FA_le_1
plus_gaC8,validation,F04,25,0.96,0.84,0.16,,,1,3,FA_le_1
plus_gaC8,validation,F05,25,1.0,0.92,0.08,,,0,2,FA_le_1
plus_gaC8,validation,F06,25,0.96,0.88,0.12,,,1,2,FA_le_1
plus_gaC8,validation,F07,25,1.0,0.84,0.16,,,0,4,FA_le_1
plus_gaC8,validation,F08,25,0.96,0.84,0.16,,,1,3,FA_le_1
plus_gaC8,validation,F09,25,1.0,0.96,0.04,,,0,1,FA_le_1
plus_gaC8,validation,F10,25,1.0,1.0,0.0,,,0,0,FA_le_1
plus_gaC8,validation,F11,25,0.96,0.92,0.08,,,1,1,FA_le_1
plus_gaC8,validation,F12,25,1.0,1.0,0.0,,,0,0,FA_le_1
plus_gaC8,validation,F13,25,1.0,0.8,0.2,,,0,5,FA_le_1
plus_gaC8,validation,F14,25,1.0,0.96,0.04,,,0,1,FA_le_1
plus_gaC8,validation,F15,25,1.0,0.92,0.08,,,0,2,FA_le_1
plus_gaC8,validation,D01,8,,,,0.0,0.0,0,0,FA_le_5
plus_gaC8,validation,D02,8,,,,0.0,0.0,0,0,FA_le_5
plus_gaC8,validation,D03,8,,,,0.0,0.0,0,0,FA_le_5
plus_gaC8,validation,D04,8,,,,0.0,0.0,0,0,FA_le_5
plus_gaC8,validation,D05,40,,,,0.0,0.0,0,0,FA_le_5
plus_gaC8,validation,D06,25,,,,5.760276493271677,0.04,0,0,FA_le_5
plus_gaC8,validation,D07,40,,,,0.0,0.0,0,0,FA_le_5
plus_gaC8,validation,D08,40,,,,0.0,0.0,0,0,FA_le_5
plus_gaC8,validation,D09,40,,,,0.0,0.0,0,0,FA_le_5
plus_gaC8,validation,D10,40,,,,0.0,0.0,0,0,FA_le_5
plus_gaC8,validation,D11,40,,,,0.0,0.0,0,0,FA_le_5
plus_gaC8,validation,D12,40,,,,0.0,0.0,0,0,FA_le_5
plus_gaC8,validation,D13,25,,,,36.00060001000017,0.12,0,0,FA_le_5
plus_gaC8,validation,D14,40,,,,22.5,0.075,0,0,FA_le_5
plus_gaC8,validation,D15,40,,,,0.0,0.0,0,0,FA_le_5
plus_gaC8,validation,D16,40,,,,0.0,0.0,0,0,FA_le_5
plus_gaC8,validation,D17,40,,,,0.0,0.0,0,0,FA_le_5
plus_gaC8,validation,D18,25,,,,12.000600030001499,0.04,0,0,FA_le_5
plus_gaC8,validation,D19,25,,,,48.0,0.12,0,0,FA_le_5
plus_gaC8,validation,F01,25,0.96,0.88,0.12,,,1,2,FA_le_5
plus_gaC8,validation,F02,25,1.0,1.0,0.0,,,0,0,FA_le_5
plus_gaC8,validation,F03,25,1.0,0.92,0.08,,,0,2,FA_le_5
plus_gaC8,validation,F04,25,0.96,0.96,0.04,,,1,0,FA_le_5
plus_gaC8,validation,F05,25,1.0,0.92,0.08,,,0,2,FA_le_5
plus_gaC8,validation,F06,25,0.96,0.92,0.08,,,1,1,FA_le_5
plus_gaC8,validation,F07,25,1.0,0.92,0.08,,,0,2,FA_le_5
plus_gaC8,validation,F08,25,0.96,0.88,0.12,,,1,2,FA_le_5
plus_gaC8,validation,F09,25,1.0,0.96,0.04,,,0,1,FA_le_5
plus_gaC8,validation,F10,25,1.0,1.0,0.0,,,0,0,FA_le_5
plus_gaC8,validation,F11,25,0.96,0.92,0.08,,,1,1,FA_le_5
plus_gaC8,validation,F12,25,1.0,1.0,0.0,,,0,0,FA_le_5
plus_gaC8,validation,F13,25,1.0,0.88,0.12,,,0,3,FA_le_5
plus_gaC8,validation,F14,25,1.0,1.0,0.0,,,0,0,FA_le_5
plus_gaC8,validation,F15,25,1.0,0.92,0.08,,,0,2,FA_le_5
plus_gaC8,validation,D01,8,,,,0.0,0.0,0,0,FA_le_10
plus_gaC8,validation,D02,8,,,,0.0,0.0,0,0,FA_le_10
plus_gaC8,validation,D03,8,,,,0.0,0.0,0,0,FA_le_10
plus_gaC8,validation,D04,8,,,,0.0,0.0,0,0,FA_le_10
plus_gaC8,validation,D05,40,,,,0.0,0.0,0,0,FA_le_10
plus_gaC8,validation,D06,25,,,,17.280829479815033,0.12,0,0,FA_le_10
plus_gaC8,validation,D07,40,,,,0.0,0.0,0,0,FA_le_10
plus_gaC8,validation,D08,40,,,,7.5002343823244475,0.025,0,0,FA_le_10
plus_gaC8,validation,D09,40,,,,0.0,0.0,0,0,FA_le_10
plus_gaC8,validation,D10,40,,,,0.0,0.0,0,0,FA_le_10
plus_gaC8,validation,D11,40,,,,7.5005469148792105,0.025,0,0,FA_le_10
plus_gaC8,validation,D12,40,,,,0.0,0.0,0,0,FA_le_10
plus_gaC8,validation,D13,25,,,,72.00120002000034,0.24,0,0,FA_le_10
plus_gaC8,validation,D14,40,,,,45.0,0.125,0,0,FA_le_10
plus_gaC8,validation,D15,40,,,,0.0,0.0,0,0,FA_le_10
plus_gaC8,validation,D16,40,,,,0.0,0.0,0,0,FA_le_10
plus_gaC8,validation,D17,40,,,,0.0,0.0,0,0,FA_le_10
plus_gaC8,validation,D18,25,,,,48.002400120005994,0.16,0,0,FA_le_10
plus_gaC8,validation,D19,25,,,,84.0,0.2,0,0,FA_le_10
plus_gaC8,validation,F01,25,0.96,0.88,0.12,,,1,2,FA_le_10
plus_gaC8,validation,F02,25,1.0,1.0,0.0,,,0,0,FA_le_10
plus_gaC8,validation,F03,25,1.0,0.92,0.08,,,0,2,FA_le_10
plus_gaC8,validation,F04,25,0.96,0.96,0.04,,,1,0,FA_le_10
plus_gaC8,validation,F05,25,1.0,0.92,0.08,,,0,2,FA_le_10
plus_gaC8,validation,F06,25,0.96,0.92,0.08,,,1,1,FA_le_10
plus_gaC8,validation,F07,25,1.0,0.96,0.04,,,0,1,FA_le_10
plus_gaC8,validation,F08,25,0.96,0.88,0.12,,,1,2,FA_le_10
plus_gaC8,validation,F09,25,1.0,0.96,0.04,,,0,1,FA_le_10
plus_gaC8,validation,F10,25,1.0,1.0,0.0,,,0,0,FA_le_10
plus_gaC8,validation,F11,25,0.96,0.92,0.08,,,1,1,FA_le_10
plus_gaC8,validation,F12,25,1.0,1.0,0.0,,,0,0,FA_le_10
plus_gaC8,validation,F13,25,1.0,0.96,0.04,,,0,1,FA_le_10
plus_gaC8,validation,F14,25,1.0,1.0,0.0,,,0,0,FA_le_10
plus_gaC8,validation,F15,25,1.0,0.96,0.04,,,0,1,FA_le_10
plus_gaC8,validation,D01,8,,,,0.0,0.0,0,0,FA_le_20
plus_gaC8,validation,D02,8,,,,0.0,0.0,0,0,FA_le_20
plus_gaC8,validation,D03,8,,,,0.0,0.0,0,0,FA_le_20
plus_gaC8,validation,D04,8,,,,0.0,0.0,0,0,FA_le_20
plus_gaC8,validation,D05,40,,,,0.0,0.0,0,0,FA_le_20
plus_gaC8,validation,D06,25,,,,23.041105973086708,0.16,0,0,FA_le_20
plus_gaC8,validation,D07,40,,,,0.0,0.0,0,0,FA_le_20
plus_gaC8,validation,D08,40,,,,7.5002343823244475,0.025,0,0,FA_le_20
plus_gaC8,validation,D09,40,,,,0.0,0.0,0,0,FA_le_20
plus_gaC8,validation,D10,40,,,,7.500078125813811,0.025,0,0,FA_le_20
plus_gaC8,validation,D11,40,,,,22.50164074463763,0.075,0,0,FA_le_20
plus_gaC8,validation,D12,40,,,,0.0,0.0,0,0,FA_le_20
plus_gaC8,validation,D13,25,,,,168.00280004666743,0.44,0,0,FA_le_20
plus_gaC8,validation,D14,40,,,,90.0,0.25,0,0,FA_le_20
plus_gaC8,validation,D15,40,,,,0.0,0.0,0,0,FA_le_20
plus_gaC8,validation,D16,40,,,,0.0,0.0,0,0,FA_le_20
plus_gaC8,validation,D17,40,,,,0.0,0.0,0,0,FA_le_20
plus_gaC8,validation,D18,25,,,,60.003000150007495,0.16,0,0,FA_le_20
plus_gaC8,validation,D19,25,,,,108.0,0.2,0,0,FA_le_20
plus_gaC8,validation,F01,25,0.96,0.88,0.12,,,1,2,FA_le_20
plus_gaC8,validation,F02,25,1.0,1.0,0.0,,,0,0,FA_le_20
plus_gaC8,validation,F03,25,1.0,0.96,0.04,,,0,1,FA_le_20
plus_gaC8,validation,F04,25,0.96,0.96,0.04,,,1,0,FA_le_20
plus_gaC8,validation,F05,25,1.0,0.96,0.04,,,0,1,FA_le_20
plus_gaC8,validation,F06,25,0.96,0.96,0.04,,,1,0,FA_le_20
plus_gaC8,validation,F07,25,1.0,1.0,0.0,,,0,0,FA_le_20
plus_gaC8,validation,F08,25,0.96,0.96,0.04,,,1,0,FA_le_20
plus_gaC8,validation,F09,25,1.0,0.96,0.04,,,0,1,FA_le_20
plus_gaC8,validation,F10,25,1.0,1.0,0.0,,,0,0,FA_le_20
plus_gaC8,validation,F11,25,0.96,0.92,0.08,,,1,1,FA_le_20
plus_gaC8,validation,F12,25,1.0,1.0,0.0,,,0,0,FA_le_20
plus_gaC8,validation,F13,25,1.0,1.0,0.0,,,0,0,FA_le_20
plus_gaC8,validation,F14,25,1.0,1.0,0.0,,,0,0,FA_le_20
plus_gaC8,validation,F15,25,1.0,0.96,0.04,,,0,1,FA_le_20
plus_gaC8,validation,D01,8,,,,0.0,0.0,0,0,sens_ge95
plus_gaC8,validation,D02,8,,,,0.0,0.0,0,0,sens_ge95
plus_gaC8,validation,D03,8,,,,0.0,0.0,0,0,sens_ge95
plus_gaC8,validation,D04,8,,,,0.0,0.0,0,0,sens_ge95
plus_gaC8,validation,D05,40,,,,0.0,0.0,0,0,sens_ge95
plus_gaC8,validation,D06,25,,,,17.280829479815033,0.12,0,0,sens_ge95
plus_gaC8,validation,D07,40,,,,0.0,0.0,0,0,sens_ge95
plus_gaC8,validation,D08,40,,,,7.5002343823244475,0.025,0,0,sens_ge95
plus_gaC8,validation,D09,40,,,,0.0,0.0,0,0,sens_ge95
plus_gaC8,validation,D10,40,,,,0.0,0.0,0,0,sens_ge95
plus_gaC8,validation,D11,40,,,,7.5005469148792105,0.025,0,0,sens_ge95
plus_gaC8,validation,D12,40,,,,0.0,0.0,0,0,sens_ge95
plus_gaC8,validation,D13,25,,,,96.0016000266671,0.28,0,0,sens_ge95
plus_gaC8,validation,D14,40,,,,45.0,0.125,0,0,sens_ge95
plus_gaC8,validation,D15,40,,,,0.0,0.0,0,0,sens_ge95
plus_gaC8,validation,D16,40,,,,0.0,0.0,0,0,sens_ge95
plus_gaC8,validation,D17,40,,,,0.0,0.0,0,0,sens_ge95
plus_gaC8,validation,D18,25,,,,60.003000150007495,0.16,0,0,sens_ge95
plus_gaC8,validation,D19,25,,,,84.0,0.2,0,0,sens_ge95
plus_gaC8,validation,F01,25,0.96,0.88,0.12,,,1,2,sens_ge95
plus_gaC8,validation,F02,25,1.0,1.0,0.0,,,0,0,sens_ge95
plus_gaC8,validation,F03,25,1.0,0.92,0.08,,,0,2,sens_ge95
plus_gaC8,validation,F04,25,0.96,0.96,0.04,,,1,0,sens_ge95
plus_gaC8,validation,F05,25,1.0,0.92,0.08,,,0,2,sens_ge95
plus_gaC8,validation,F06,25,0.96,0.92,0.08,,,1,1,sens_ge95
plus_gaC8,validation,F07,25,1.0,0.96,0.04,,,0,1,sens_ge95
plus_gaC8,validation,F08,25,0.96,0.92,0.08,,,1,1,sens_ge95
plus_gaC8,validation,F09,25,1.0,0.96,0.04,,,0,1,sens_ge95
plus_gaC8,validation,F10,25,1.0,1.0,0.0,,,0,0,sens_ge95
plus_gaC8,validation,F11,25,0.96,0.92,0.08,,,1,1,sens_ge95
plus_gaC8,validation,F12,25,1.0,1.0,0.0,,,0,0,sens_ge95
plus_gaC8,validation,F13,25,1.0,0.96,0.04,,,0,1,sens_ge95
plus_gaC8,validation,F14,25,1.0,1.0,0.0,,,0,0,sens_ge95
plus_gaC8,validation,F15,25,1.0,0.96,0.04,,,0,1,sens_ge95
plus_gaC8,validation,D01,8,,,,0.0,0.0,0,0,sens_ge97
plus_gaC8,validation,D02,8,,,,0.0,0.0,0,0,sens_ge97
plus_gaC8,validation,D03,8,,,,0.0,0.0,0,0,sens_ge97
plus_gaC8,validation,D04,8,,,,0.0,0.0,0,0,sens_ge97
plus_gaC8,validation,D05,40,,,,0.0,0.0,0,0,sens_ge97
plus_gaC8,validation,D06,25,,,,28.801382466358387,0.2,0,0,sens_ge97
plus_gaC8,validation,D07,40,,,,0.0,0.0,0,0,sens_ge97
plus_gaC8,validation,D08,40,,,,15.000468764648895,0.05,0,0,sens_ge97
plus_gaC8,validation,D09,40,,,,0.0,0.0,0,0,sens_ge97
plus_gaC8,validation,D10,40,,,,15.000156251627622,0.05,0,0,sens_ge97
plus_gaC8,validation,D11,40,,,,45.00328148927526,0.15,0,0,sens_ge97
plus_gaC8,validation,D12,40,,,,0.0,0.0,0,0,sens_ge97
plus_gaC8,validation,D13,25,,,,264.0044000733346,0.68,0,0,sens_ge97
plus_gaC8,validation,D14,40,,,,157.5,0.375,0,0,sens_ge97
plus_gaC8,validation,D15,40,,,,0.0,0.0,0,0,sens_ge97
plus_gaC8,validation,D16,40,,,,0.0,0.0,0,0,sens_ge97
plus_gaC8,validation,D17,40,,,,0.0,0.0,0,0,sens_ge97
plus_gaC8,validation,D18,25,,,,96.00480024001199,0.28,0,0,sens_ge97
plus_gaC8,validation,D19,25,,,,132.0,0.28,0,0,sens_ge97
plus_gaC8,validation,F01,25,0.96,0.92,0.08,,,1,1,sens_ge97
plus_gaC8,validation,F02,25,1.0,1.0,0.0,,,0,0,sens_ge97
plus_gaC8,validation,F03,25,1.0,0.96,0.04,,,0,1,sens_ge97
plus_gaC8,validation,F04,25,0.96,0.96,0.04,,,1,0,sens_ge97
plus_gaC8,validation,F05,25,1.0,0.96,0.04,,,0,1,sens_ge97
plus_gaC8,validation,F06,25,0.96,0.96,0.04,,,1,0,sens_ge97
plus_gaC8,validation,F07,25,1.0,1.0,0.0,,,0,0,sens_ge97
plus_gaC8,validation,F08,25,0.96,0.96,0.04,,,1,0,sens_ge97
plus_gaC8,validation,F09,25,1.0,0.96,0.04,,,0,1,sens_ge97
plus_gaC8,validation,F10,25,1.0,1.0,0.0,,,0,0,sens_ge97
plus_gaC8,validation,F11,25,0.96,0.92,0.08,,,1,1,sens_ge97
plus_gaC8,validation,F12,25,1.0,1.0,0.0,,,0,0,sens_ge97
plus_gaC8,validation,F13,25,1.0,1.0,0.0,,,0,0,sens_ge97
plus_gaC8,validation,F14,25,1.0,1.0,0.0,,,0,0,sens_ge97
plus_gaC8,validation,F15,25,1.0,0.96,0.04,,,0,1,sens_ge97
plus_gaC8,validation,D01,8,,,,85.51175786670667,0.125,0,0,sens_gt98
plus_gaC8,validation,D02,8,,,,63.00118127214885,0.25,0,0,sens_gt98
plus_gaC8,validation,D03,8,,,,0.0,0.0,0,0,sens_gt98
plus_gaC8,validation,D04,8,,,,9.0,0.125,0,0,sens_gt98
plus_gaC8,validation,D05,40,,,,10.800216004320085,0.075,0,0,sens_gt98
plus_gaC8,validation,D06,25,,,,103.6849768788902,0.48,0,0,sens_gt98
plus_gaC8,validation,D07,40,,,,7.500390645346111,0.025,0,0,sens_gt98
plus_gaC8,validation,D08,40,,,,187.50585955811118,0.55,0,0,sens_gt98
plus_gaC8,validation,D09,40,,,,120.00375011719116,0.25,0,0,sens_gt98
plus_gaC8,validation,D10,40,,,,187.50195314534528,0.45,0,0,sens_gt98
plus_gaC8,validation,D11,40,,,,195.01421978685948,0.65,0,0,sens_gt98
plus_gaC8,validation,D12,40,,,,22.5,0.075,0,0,sens_gt98
plus_gaC8,validation,D13,25,,,,552.0092001533359,1.0,0,0,sens_gt98
plus_gaC8,validation,D14,40,,,,420.0,0.8,0,0,sens_gt98
plus_gaC8,validation,D15,40,,,,0.0,0.0,0,0,sens_gt98
plus_gaC8,validation,D16,40,,,,45.0056257032129,0.125,0,0,sens_gt98
plus_gaC8,validation,D17,40,,,,39.60237614256855,0.25,0,0,sens_gt98
plus_gaC8,validation,D18,25,,,,264.01320066003296,0.72,0,0,sens_gt98
plus_gaC8,validation,D19,25,,,,324.0,0.64,0,0,sens_gt98
plus_gaC8,validation,F01,25,0.96,0.96,0.04,,,1,0,sens_gt98
plus_gaC8,validation,F02,25,1.0,1.0,0.0,,,0,0,sens_gt98
plus_gaC8,validation,F03,25,1.0,0.96,0.04,,,0,1,sens_gt98
plus_gaC8,validation,F04,25,0.96,0.96,0.04,,,1,0,sens_gt98
plus_gaC8,validation,F05,25,1.0,1.0,0.0,,,0,0,sens_gt98
plus_gaC8,validation,F06,25,0.96,0.96,0.04,,,1,0,sens_gt98
plus_gaC8,validation,F07,25,1.0,1.0,0.0,,,0,0,sens_gt98
plus_gaC8,validation,F08,25,0.96,0.96,0.04,,,1,0,sens_gt98
plus_gaC8,validation,F09,25,1.0,1.0,0.0,,,0,0,sens_gt98
plus_gaC8,validation,F10,25,1.0,1.0,0.0,,,0,0,sens_gt98
plus_gaC8,validation,F11,25,0.96,0.92,0.08,,,1,1,sens_gt98
plus_gaC8,validation,F12,25,1.0,1.0,0.0,,,0,0,sens_gt98
plus_gaC8,validation,F13,25,1.0,1.0,0.0,,,0,0,sens_gt98
plus_gaC8,validation,F14,25,1.0,1.0,0.0,,,0,0,sens_gt98
plus_gaC8,validation,F15,25,1.0,1.0,0.0,,,0,0,sens_gt98
plus_gaC8,validation,D01,8,,,,0.0,0.0,0,0,BA_reference
plus_gaC8,validation,D02,8,,,,0.0,0.0,0,0,BA_reference
plus_gaC8,validation,D03,8,,,,0.0,0.0,0,0,BA_reference
plus_gaC8,validation,D04,8,,,,0.0,0.0,0,0,BA_reference
plus_gaC8,validation,D05,40,,,,0.0,0.0,0,0,BA_reference
plus_gaC8,validation,D06,25,,,,5.760276493271677,0.04,0,0,BA_reference
plus_gaC8,validation,D07,40,,,,0.0,0.0,0,0,BA_reference
plus_gaC8,validation,D08,40,,,,0.0,0.0,0,0,BA_reference
plus_gaC8,validation,D09,40,,,,0.0,0.0,0,0,BA_reference
plus_gaC8,validation,D10,40,,,,0.0,0.0,0,0,BA_reference
plus_gaC8,validation,D11,40,,,,0.0,0.0,0,0,BA_reference
plus_gaC8,validation,D12,40,,,,0.0,0.0,0,0,BA_reference
plus_gaC8,validation,D13,25,,,,12.000200003333388,0.04,0,0,BA_reference
plus_gaC8,validation,D14,40,,,,7.5,0.025,0,0,BA_reference
plus_gaC8,validation,D15,40,,,,0.0,0.0,0,0,BA_reference
plus_gaC8,validation,D16,40,,,,0.0,0.0,0,0,BA_reference
plus_gaC8,validation,D17,40,,,,0.0,0.0,0,0,BA_reference
plus_gaC8,validation,D18,25,,,,0.0,0.0,0,0,BA_reference
plus_gaC8,validation,D19,25,,,,24.0,0.08,0,0,BA_reference
plus_gaC8,validation,F01,25,0.96,0.88,0.12,,,1,2,BA_reference
plus_gaC8,validation,F02,25,1.0,1.0,0.0,,,0,0,BA_reference
plus_gaC8,validation,F03,25,1.0,0.92,0.08,,,0,2,BA_reference
plus_gaC8,validation,F04,25,0.96,0.96,0.04,,,1,0,BA_reference
plus_gaC8,validation,F05,25,1.0,0.92,0.08,,,0,2,BA_reference
plus_gaC8,validation,F06,25,0.96,0.92,0.08,,,1,1,BA_reference
plus_gaC8,validation,F07,25,1.0,0.92,0.08,,,0,2,BA_reference
plus_gaC8,validation,F08,25,0.96,0.88,0.12,,,1,2,BA_reference
plus_gaC8,validation,F09,25,1.0,0.96,0.04,,,0,1,BA_reference
plus_gaC8,validation,F10,25,1.0,1.0,0.0,,,0,0,BA_reference
plus_gaC8,validation,F11,25,0.96,0.92,0.08,,,1,1,BA_reference
plus_gaC8,validation,F12,25,1.0,1.0,0.0,,,0,0,BA_reference
plus_gaC8,validation,F13,25,1.0,0.84,0.16,,,0,4,BA_reference
plus_gaC8,validation,F14,25,1.0,1.0,0.0,,,0,0,BA_reference
plus_gaC8,validation,F15,25,1.0,0.92,0.08,,,0,2,BA_reference
plus_settling,validation,D01,8,,,,0.0,0.0,0,0,FA_le_1
plus_settling,validation,D02,8,,,,0.0,0.0,0,0,FA_le_1
plus_settling,validation,D03,8,,,,0.0,0.0,0,0,FA_le_1
plus_settling,validation,D04,8,,,,0.0,0.0,0,0,FA_le_1
plus_settling,validation,D05,40,,,,0.0,0.0,0,0,FA_le_1
plus_settling,validation,D06,25,,,,5.760276493271677,0.04,0,0,FA_le_1
plus_settling,validation,D07,40,,,,0.0,0.0,0,0,FA_le_1
plus_settling,validation,D08,40,,,,0.0,0.0,0,0,FA_le_1
plus_settling,validation,D09,40,,,,0.0,0.0,0,0,FA_le_1
plus_settling,validation,D10,40,,,,0.0,0.0,0,0,FA_le_1
plus_settling,validation,D11,40,,,,0.0,0.0,0,0,FA_le_1
plus_settling,validation,D12,40,,,,0.0,0.0,0,0,FA_le_1
plus_settling,validation,D13,25,,,,0.0,0.0,0,0,FA_le_1
plus_settling,validation,D14,40,,,,0.0,0.0,0,0,FA_le_1
plus_settling,validation,D15,40,,,,0.0,0.0,0,0,FA_le_1
plus_settling,validation,D16,40,,,,0.0,0.0,0,0,FA_le_1
plus_settling,validation,D17,40,,,,0.0,0.0,0,0,FA_le_1
plus_settling,validation,D18,25,,,,24.001200060002997,0.08,0,0,FA_le_1
plus_settling,validation,D19,25,,,,0.0,0.0,0,0,FA_le_1
plus_settling,validation,F01,25,0.96,0.8,0.2,,,1,4,FA_le_1
plus_settling,validation,F02,25,1.0,0.96,0.04,,,0,1,FA_le_1
plus_settling,validation,F03,25,1.0,0.92,0.08,,,0,2,FA_le_1
plus_settling,validation,F04,25,0.96,0.8,0.2,,,1,4,FA_le_1
plus_settling,validation,F05,25,1.0,0.84,0.16,,,0,4,FA_le_1
plus_settling,validation,F06,25,0.96,0.92,0.08,,,1,1,FA_le_1
plus_settling,validation,F07,25,1.0,0.8,0.2,,,0,5,FA_le_1
plus_settling,validation,F08,25,0.96,0.84,0.16,,,1,3,FA_le_1
plus_settling,validation,F09,25,1.0,0.96,0.04,,,0,1,FA_le_1
plus_settling,validation,F10,25,1.0,0.96,0.04,,,0,1,FA_le_1
plus_settling,validation,F11,25,0.96,0.92,0.08,,,1,1,FA_le_1
plus_settling,validation,F12,25,1.0,1.0,0.0,,,0,0,FA_le_1
plus_settling,validation,F13,25,1.0,0.72,0.28,,,0,7,FA_le_1
plus_settling,validation,F14,25,1.0,1.0,0.0,,,0,0,FA_le_1
plus_settling,validation,F15,25,1.0,0.92,0.08,,,0,2,FA_le_1
plus_settling,validation,D01,8,,,,0.0,0.0,0,0,FA_le_5
plus_settling,validation,D02,8,,,,0.0,0.0,0,0,FA_le_5
plus_settling,validation,D03,8,,,,0.0,0.0,0,0,FA_le_5
plus_settling,validation,D04,8,,,,0.0,0.0,0,0,FA_le_5
plus_settling,validation,D05,40,,,,0.0,0.0,0,0,FA_le_5
plus_settling,validation,D06,25,,,,11.520552986543354,0.08,0,0,FA_le_5
plus_settling,validation,D07,40,,,,0.0,0.0,0,0,FA_le_5
plus_settling,validation,D08,40,,,,7.5002343823244475,0.025,0,0,FA_le_5
plus_settling,validation,D09,40,,,,0.0,0.0,0,0,FA_le_5
plus_settling,validation,D10,40,,,,0.0,0.0,0,0,FA_le_5
plus_settling,validation,D11,40,,,,7.5005469148792105,0.025,0,0,FA_le_5
plus_settling,validation,D12,40,,,,0.0,0.0,0,0,FA_le_5
plus_settling,validation,D13,25,,,,12.000200003333388,0.04,0,0,FA_le_5
plus_settling,validation,D14,40,,,,30.0,0.1,0,0,FA_le_5
plus_settling,validation,D15,40,,,,0.0,0.0,0,0,FA_le_5
plus_settling,validation,D16,40,,,,0.0,0.0,0,0,FA_le_5
plus_settling,validation,D17,40,,,,0.0,0.0,0,0,FA_le_5
plus_settling,validation,D18,25,,,,48.002400120005994,0.16,0,0,FA_le_5
plus_settling,validation,D19,25,,,,24.0,0.08,0,0,FA_le_5
plus_settling,validation,F01,25,0.96,0.88,0.12,,,1,2,FA_le_5
plus_settling,validation,F02,25,1.0,1.0,0.0,,,0,0,FA_le_5
plus_settling,validation,F03,25,1.0,0.92,0.08,,,0,2,FA_le_5
plus_settling,validation,F04,25,0.96,0.88,0.12,,,1,2,FA_le_5
plus_settling,validation,F05,25,1.0,0.92,0.08,,,0,2,FA_le_5
plus_settling,validation,F06,25,0.96,0.92,0.08,,,1,1,FA_le_5
plus_settling,validation,F07,25,1.0,0.92,0.08,,,0,2,FA_le_5
plus_settling,validation,F08,25,0.96,0.92,0.08,,,1,1,FA_le_5
plus_settling,validation,F09,25,1.0,0.96,0.04,,,0,1,FA_le_5
plus_settling,validation,F10,25,1.0,1.0,0.0,,,0,0,FA_le_5
plus_settling,validation,F11,25,0.96,0.92,0.08,,,1,1,FA_le_5
plus_settling,validation,F12,25,1.0,1.0,0.0,,,0,0,FA_le_5
plus_settling,validation,F13,25,1.0,0.84,0.16,,,0,4,FA_le_5
plus_settling,validation,F14,25,1.0,1.0,0.0,,,0,0,FA_le_5
plus_settling,validation,F15,25,1.0,0.96,0.04,,,0,1,FA_le_5
plus_settling,validation,D01,8,,,,0.0,0.0,0,0,FA_le_10
plus_settling,validation,D02,8,,,,0.0,0.0,0,0,FA_le_10
plus_settling,validation,D03,8,,,,0.0,0.0,0,0,FA_le_10
plus_settling,validation,D04,8,,,,0.0,0.0,0,0,FA_le_10
plus_settling,validation,D05,40,,,,0.0,0.0,0,0,FA_le_10
plus_settling,validation,D06,25,,,,11.520552986543354,0.08,0,0,FA_le_10
plus_settling,validation,D07,40,,,,0.0,0.0,0,0,FA_le_10
plus_settling,validation,D08,40,,,,7.5002343823244475,0.025,0,0,FA_le_10
plus_settling,validation,D09,40,,,,0.0,0.0,0,0,FA_le_10
plus_settling,validation,D10,40,,,,0.0,0.0,0,0,FA_le_10
plus_settling,validation,D11,40,,,,15.001093829758421,0.05,0,0,FA_le_10
plus_settling,validation,D12,40,,,,0.0,0.0,0,0,FA_le_10
plus_settling,validation,D13,25,,,,24.000400006666776,0.08,0,0,FA_le_10
plus_settling,validation,D14,40,,,,45.0,0.125,0,0,FA_le_10
plus_settling,validation,D15,40,,,,0.0,0.0,0,0,FA_le_10
plus_settling,validation,D16,40,,,,0.0,0.0,0,0,FA_le_10
plus_settling,validation,D17,40,,,,0.0,0.0,0,0,FA_le_10
plus_settling,validation,D18,25,,,,84.0042002100105,0.24,0,0,FA_le_10
plus_settling,validation,D19,25,,,,36.0,0.08,0,0,FA_le_10
plus_settling,validation,F01,25,0.96,0.88,0.12,,,1,2,FA_le_10
plus_settling,validation,F02,25,1.0,1.0,0.0,,,0,0,FA_le_10
plus_settling,validation,F03,25,1.0,0.92,0.08,,,0,2,FA_le_10
plus_settling,validation,F04,25,0.96,0.92,0.08,,,1,1,FA_le_10
plus_settling,validation,F05,25,1.0,0.92,0.08,,,0,2,FA_le_10
plus_settling,validation,F06,25,0.96,0.92,0.08,,,1,1,FA_le_10
plus_settling,validation,F07,25,1.0,0.96,0.04,,,0,1,FA_le_10
plus_settling,validation,F08,25,0.96,0.96,0.04,,,1,0,FA_le_10
plus_settling,validation,F09,25,1.0,0.96,0.04,,,0,1,FA_le_10
plus_settling,validation,F10,25,1.0,1.0,0.0,,,0,0,FA_le_10
plus_settling,validation,F11,25,0.96,0.92,0.08,,,1,1,FA_le_10
plus_settling,validation,F12,25,1.0,1.0,0.0,,,0,0,FA_le_10
plus_settling,validation,F13,25,1.0,0.84,0.16,,,0,4,FA_le_10
plus_settling,validation,F14,25,1.0,1.0,0.0,,,0,0,FA_le_10
plus_settling,validation,F15,25,1.0,0.96,0.04,,,0,1,FA_le_10
plus_settling,validation,D01,8,,,,0.0,0.0,0,0,FA_le_20
plus_settling,validation,D02,8,,,,0.0,0.0,0,0,FA_le_20
plus_settling,validation,D03,8,,,,0.0,0.0,0,0,FA_le_20
plus_settling,validation,D04,8,,,,0.0,0.0,0,0,FA_le_20
plus_settling,validation,D05,40,,,,0.0,0.0,0,0,FA_le_20
plus_settling,validation,D06,25,,,,28.801382466358387,0.2,0,0,FA_le_20
plus_settling,validation,D07,40,,,,0.0,0.0,0,0,FA_le_20
plus_settling,validation,D08,40,,,,7.5002343823244475,0.025,0,0,FA_le_20
plus_settling,validation,D09,40,,,,0.0,0.0,0,0,FA_le_20
plus_settling,validation,D10,40,,,,7.500078125813811,0.025,0,0,FA_le_20
plus_settling,validation,D11,40,,,,37.50273457439605,0.125,0,0,FA_le_20
plus_settling,validation,D12,40,,,,0.0,0.0,0,0,FA_le_20
plus_settling,validation,D13,25,,,,180.00300005000082,0.52,0,0,FA_le_20
plus_settling,validation,D14,40,,,,127.5,0.35,0,0,FA_le_20
plus_settling,validation,D15,40,,,,0.0,0.0,0,0,FA_le_20
plus_settling,validation,D16,40,,,,0.0,0.0,0,0,FA_le_20
plus_settling,validation,D17,40,,,,0.0,0.0,0,0,FA_le_20
plus_settling,validation,D18,25,,,,96.00480024001199,0.28,0,0,FA_le_20
plus_settling,validation,D19,25,,,,108.0,0.24,0,0,FA_le_20
plus_settling,validation,F01,25,0.96,0.92,0.08,,,1,1,FA_le_20
plus_settling,validation,F02,25,1.0,1.0,0.0,,,0,0,FA_le_20
plus_settling,validation,F03,25,1.0,0.96,0.04,,,0,1,FA_le_20
plus_settling,validation,F04,25,0.96,0.92,0.08,,,1,1,FA_le_20
plus_settling,validation,F05,25,1.0,0.96,0.04,,,0,1,FA_le_20
plus_settling,validation,F06,25,0.96,0.96,0.04,,,1,0,FA_le_20
plus_settling,validation,F07,25,1.0,1.0,0.0,,,0,0,FA_le_20
plus_settling,validation,F08,25,0.96,0.96,0.04,,,1,0,FA_le_20
plus_settling,validation,F09,25,1.0,0.96,0.04,,,0,1,FA_le_20
plus_settling,validation,F10,25,1.0,1.0,0.0,,,0,0,FA_le_20
plus_settling,validation,F11,25,0.96,0.92,0.08,,,1,1,FA_le_20
plus_settling,validation,F12,25,1.0,1.0,0.0,,,0,0,FA_le_20
plus_settling,validation,F13,25,1.0,1.0,0.0,,,0,0,FA_le_20
plus_settling,validation,F14,25,1.0,1.0,0.0,,,0,0,FA_le_20
plus_settling,validation,F15,25,1.0,1.0,0.0,,,0,0,FA_le_20
plus_settling,validation,D01,8,,,,0.0,0.0,0,0,sens_ge95
plus_settling,validation,D02,8,,,,0.0,0.0,0,0,sens_ge95
plus_settling,validation,D03,8,,,,0.0,0.0,0,0,sens_ge95
plus_settling,validation,D04,8,,,,0.0,0.0,0,0,sens_ge95
plus_settling,validation,D05,40,,,,0.0,0.0,0,0,sens_ge95
plus_settling,validation,D06,25,,,,11.520552986543354,0.08,0,0,sens_ge95
plus_settling,validation,D07,40,,,,0.0,0.0,0,0,sens_ge95
plus_settling,validation,D08,40,,,,7.5002343823244475,0.025,0,0,sens_ge95
plus_settling,validation,D09,40,,,,0.0,0.0,0,0,sens_ge95
plus_settling,validation,D10,40,,,,7.500078125813811,0.025,0,0,sens_ge95
plus_settling,validation,D11,40,,,,15.001093829758421,0.05,0,0,sens_ge95
plus_settling,validation,D12,40,,,,0.0,0.0,0,0,sens_ge95
plus_settling,validation,D13,25,,,,84.00140002333372,0.28,0,0,sens_ge95
plus_settling,validation,D14,40,,,,67.5,0.2,0,0,sens_ge95
plus_settling,validation,D15,40,,,,0.0,0.0,0,0,sens_ge95
plus_settling,validation,D16,40,,,,0.0,0.0,0,0,sens_ge95
plus_settling,validation,D17,40,,,,0.0,0.0,0,0,sens_ge95
plus_settling,validation,D18,25,,,,84.0042002100105,0.24,0,0,sens_ge95
plus_settling,validation,D19,25,,,,60.0,0.16,0,0,sens_ge95
plus_settling,validation,F01,25,0.96,0.88,0.12,,,1,2,sens_ge95
plus_settling,validation,F02,25,1.0,1.0,0.0,,,0,0,sens_ge95
plus_settling,validation,F03,25,1.0,0.92,0.08,,,0,2,sens_ge95
plus_settling,validation,F04,25,0.96,0.92,0.08,,,1,1,sens_ge95
plus_settling,validation,F05,25,1.0,0.92,0.08,,,0,2,sens_ge95
plus_settling,validation,F06,25,0.96,0.92,0.08,,,1,1,sens_ge95
plus_settling,validation,F07,25,1.0,0.96,0.04,,,0,1,sens_ge95
plus_settling,validation,F08,25,0.96,0.96,0.04,,,1,0,sens_ge95
plus_settling,validation,F09,25,1.0,0.96,0.04,,,0,1,sens_ge95
plus_settling,validation,F10,25,1.0,1.0,0.0,,,0,0,sens_ge95
plus_settling,validation,F11,25,0.96,0.92,0.08,,,1,1,sens_ge95
plus_settling,validation,F12,25,1.0,1.0,0.0,,,0,0,sens_ge95
plus_settling,validation,F13,25,1.0,0.96,0.04,,,0,1,sens_ge95
plus_settling,validation,F14,25,1.0,1.0,0.0,,,0,0,sens_ge95
plus_settling,validation,F15,25,1.0,0.96,0.04,,,0,1,sens_ge95
plus_settling,validation,D01,8,,,,0.0,0.0,0,0,sens_ge97
plus_settling,validation,D02,8,,,,0.0,0.0,0,0,sens_ge97
plus_settling,validation,D03,8,,,,0.0,0.0,0,0,sens_ge97
plus_settling,validation,D04,8,,,,0.0,0.0,0,0,sens_ge97
plus_settling,validation,D05,40,,,,0.0,0.0,0,0,sens_ge97
plus_settling,validation,D06,25,,,,28.801382466358387,0.2,0,0,sens_ge97
plus_settling,validation,D07,40,,,,0.0,0.0,0,0,sens_ge97
plus_settling,validation,D08,40,,,,7.5002343823244475,0.025,0,0,sens_ge97
plus_settling,validation,D09,40,,,,0.0,0.0,0,0,sens_ge97
plus_settling,validation,D10,40,,,,7.500078125813811,0.025,0,0,sens_ge97
plus_settling,validation,D11,40,,,,37.50273457439605,0.125,0,0,sens_ge97
plus_settling,validation,D12,40,,,,0.0,0.0,0,0,sens_ge97
plus_settling,validation,D13,25,,,,180.00300005000082,0.52,0,0,sens_ge97
plus_settling,validation,D14,40,,,,127.5,0.35,0,0,sens_ge97
plus_settling,validation,D15,40,,,,0.0,0.0,0,0,sens_ge97
plus_settling,validation,D16,40,,,,0.0,0.0,0,0,sens_ge97
plus_settling,validation,D17,40,,,,0.0,0.0,0,0,sens_ge97
plus_settling,validation,D18,25,,,,96.00480024001199,0.28,0,0,sens_ge97
plus_settling,validation,D19,25,,,,108.0,0.24,0,0,sens_ge97
plus_settling,validation,F01,25,0.96,0.92,0.08,,,1,1,sens_ge97
plus_settling,validation,F02,25,1.0,1.0,0.0,,,0,0,sens_ge97
plus_settling,validation,F03,25,1.0,0.96,0.04,,,0,1,sens_ge97
plus_settling,validation,F04,25,0.96,0.92,0.08,,,1,1,sens_ge97
plus_settling,validation,F05,25,1.0,0.96,0.04,,,0,1,sens_ge97
plus_settling,validation,F06,25,0.96,0.96,0.04,,,1,0,sens_ge97
plus_settling,validation,F07,25,1.0,1.0,0.0,,,0,0,sens_ge97
plus_settling,validation,F08,25,0.96,0.96,0.04,,,1,0,sens_ge97
plus_settling,validation,F09,25,1.0,0.96,0.04,,,0,1,sens_ge97
plus_settling,validation,F10,25,1.0,1.0,0.0,,,0,0,sens_ge97
plus_settling,validation,F11,25,0.96,0.92,0.08,,,1,1,sens_ge97
plus_settling,validation,F12,25,1.0,1.0,0.0,,,0,0,sens_ge97
plus_settling,validation,F13,25,1.0,1.0,0.0,,,0,0,sens_ge97
plus_settling,validation,F14,25,1.0,1.0,0.0,,,0,0,sens_ge97
plus_settling,validation,F15,25,1.0,1.0,0.0,,,0,0,sens_ge97
plus_settling,validation,D01,8,,,,99.01361437197615,0.125,0,0,sens_gt98
plus_settling,validation,D02,8,,,,40.500759389238546,0.25,0,0,sens_gt98
plus_settling,validation,D03,8,,,,0.0,0.0,0,0,sens_gt98
plus_settling,validation,D04,8,,,,13.5,0.125,0,0,sens_gt98
plus_settling,validation,D05,40,,,,14.400288005760114,0.1,0,0,sens_gt98
plus_settling,validation,D06,25,,,,132.4863593452486,0.48,0,0,sens_gt98
plus_settling,validation,D07,40,,,,15.000781290692222,0.05,0,0,sens_gt98
plus_settling,validation,D08,40,,,,300.0093752929779,0.75,0,0,sens_gt98
plus_settling,validation,D09,40,,,,120.00375011719116,0.275,0,0,sens_gt98
plus_settling,validation,D10,40,,,,247.50257815185577,0.575,0,0,sens_gt98
plus_settling,validation,D11,40,,,,202.5147667017387,0.675,0,0,sens_gt98
plus_settling,validation,D12,40,,,,15.0,0.05,0,0,sens_gt98
plus_settling,validation,D13,25,,,,552.0092001533359,1.0,0,0,sens_gt98
plus_settling,validation,D14,40,,,,442.5,0.825,0,0,sens_gt98
plus_settling,validation,D15,40,,,,0.0,0.0,0,0,sens_gt98
plus_settling,validation,D16,40,,,,45.0056257032129,0.125,0,0,sens_gt98
plus_settling,validation,D17,40,,,,57.60345620737244,0.35,0,0,sens_gt98
plus_settling,validation,D18,25,,,,312.01560078003894,0.84,0,0,sens_gt98
plus_settling,validation,D19,25,,,,276.0,0.52,0,0,sens_gt98
plus_settling,validation,F01,25,0.96,0.96,0.04,,,1,0,sens_gt98
plus_settling,validation,F02,25,1.0,1.0,0.0,,,0,0,sens_gt98
plus_settling,validation,F03,25,1.0,0.96,0.04,,,0,1,sens_gt98
plus_settling,validation,F04,25,0.96,0.96,0.04,,,1,0,sens_gt98
plus_settling,validation,F05,25,1.0,1.0,0.0,,,0,0,sens_gt98
plus_settling,validation,F06,25,0.96,0.96,0.04,,,1,0,sens_gt98
plus_settling,validation,F07,25,1.0,1.0,0.0,,,0,0,sens_gt98
plus_settling,validation,F08,25,0.96,0.96,0.04,,,1,0,sens_gt98
plus_settling,validation,F09,25,1.0,1.0,0.0,,,0,0,sens_gt98
plus_settling,validation,F10,25,1.0,1.0,0.0,,,0,0,sens_gt98
plus_settling,validation,F11,25,0.96,0.92,0.08,,,1,1,sens_gt98
plus_settling,validation,F12,25,1.0,1.0,0.0,,,0,0,sens_gt98
plus_settling,validation,F13,25,1.0,1.0,0.0,,,0,0,sens_gt98
plus_settling,validation,F14,25,1.0,1.0,0.0,,,0,0,sens_gt98
plus_settling,validation,F15,25,1.0,1.0,0.0,,,0,0,sens_gt98
plus_settling,validation,D01,8,,,,0.0,0.0,0,0,BA_reference
plus_settling,validation,D02,8,,,,0.0,0.0,0,0,BA_reference
plus_settling,validation,D03,8,,,,0.0,0.0,0,0,BA_reference
plus_settling,validation,D04,8,,,,0.0,0.0,0,0,BA_reference
plus_settling,validation,D05,40,,,,0.0,0.0,0,0,BA_reference
plus_settling,validation,D06,25,,,,11.520552986543354,0.08,0,0,BA_reference
plus_settling,validation,D07,40,,,,0.0,0.0,0,0,BA_reference
plus_settling,validation,D08,40,,,,7.5002343823244475,0.025,0,0,BA_reference
plus_settling,validation,D09,40,,,,0.0,0.0,0,0,BA_reference
plus_settling,validation,D10,40,,,,0.0,0.0,0,0,BA_reference
plus_settling,validation,D11,40,,,,15.001093829758421,0.05,0,0,BA_reference
plus_settling,validation,D12,40,,,,0.0,0.0,0,0,BA_reference
plus_settling,validation,D13,25,,,,12.000200003333388,0.04,0,0,BA_reference
plus_settling,validation,D14,40,,,,30.0,0.1,0,0,BA_reference
plus_settling,validation,D15,40,,,,0.0,0.0,0,0,BA_reference
plus_settling,validation,D16,40,,,,0.0,0.0,0,0,BA_reference
plus_settling,validation,D17,40,,,,0.0,0.0,0,0,BA_reference
plus_settling,validation,D18,25,,,,48.002400120005994,0.16,0,0,BA_reference
plus_settling,validation,D19,25,,,,36.0,0.08,0,0,BA_reference
plus_settling,validation,F01,25,0.96,0.88,0.12,,,1,2,BA_reference
plus_settling,validation,F02,25,1.0,1.0,0.0,,,0,0,BA_reference
plus_settling,validation,F03,25,1.0,0.92,0.08,,,0,2,BA_reference
plus_settling,validation,F04,25,0.96,0.88,0.12,,,1,2,BA_reference
plus_settling,validation,F05,25,1.0,0.92,0.08,,,0,2,BA_reference
plus_settling,validation,F06,25,0.96,0.92,0.08,,,1,1,BA_reference
plus_settling,validation,F07,25,1.0,0.96,0.04,,,0,1,BA_reference
plus_settling,validation,F08,25,0.96,0.96,0.04,,,1,0,BA_reference
plus_settling,validation,F09,25,1.0,0.96,0.04,,,0,1,BA_reference
plus_settling,validation,F10,25,1.0,1.0,0.0,,,0,0,BA_reference
plus_settling,validation,F11,25,0.96,0.92,0.08,,,1,1,BA_reference
plus_settling,validation,F12,25,1.0,1.0,0.0,,,0,0,BA_reference
plus_settling,validation,F13,25,1.0,0.84,0.16,,,0,4,BA_reference
plus_settling,validation,F14,25,1.0,1.0,0.0,,,0,0,BA_reference
plus_settling,validation,F15,25,1.0,0.96,0.04,,,0,1,BA_reference
plus_energy_ratio,validation,D01,8,,,,0.0,0.0,0,0,FA_le_1
plus_energy_ratio,validation,D02,8,,,,0.0,0.0,0,0,FA_le_1
plus_energy_ratio,validation,D03,8,,,,0.0,0.0,0,0,FA_le_1
plus_energy_ratio,validation,D04,8,,,,0.0,0.0,0,0,FA_le_1
plus_energy_ratio,validation,D05,40,,,,0.0,0.0,0,0,FA_le_1
plus_energy_ratio,validation,D06,25,,,,0.0,0.0,0,0,FA_le_1
plus_energy_ratio,validation,D07,40,,,,0.0,0.0,0,0,FA_le_1
plus_energy_ratio,validation,D08,40,,,,0.0,0.0,0,0,FA_le_1
plus_energy_ratio,validation,D09,40,,,,0.0,0.0,0,0,FA_le_1
plus_energy_ratio,validation,D10,40,,,,0.0,0.0,0,0,FA_le_1
plus_energy_ratio,validation,D11,40,,,,0.0,0.0,0,0,FA_le_1
plus_energy_ratio,validation,D12,40,,,,0.0,0.0,0,0,FA_le_1
plus_energy_ratio,validation,D13,25,,,,0.0,0.0,0,0,FA_le_1
plus_energy_ratio,validation,D14,40,,,,0.0,0.0,0,0,FA_le_1
plus_energy_ratio,validation,D15,40,,,,0.0,0.0,0,0,FA_le_1
plus_energy_ratio,validation,D16,40,,,,0.0,0.0,0,0,FA_le_1
plus_energy_ratio,validation,D17,40,,,,0.0,0.0,0,0,FA_le_1
plus_energy_ratio,validation,D18,25,,,,12.000600030001499,0.04,0,0,FA_le_1
plus_energy_ratio,validation,D19,25,,,,24.0,0.08,0,0,FA_le_1
plus_energy_ratio,validation,F01,25,0.96,0.84,0.16,,,1,3,FA_le_1
plus_energy_ratio,validation,F02,25,1.0,1.0,0.0,,,0,0,FA_le_1
plus_energy_ratio,validation,F03,25,1.0,0.92,0.08,,,0,2,FA_le_1
plus_energy_ratio,validation,F04,25,0.96,0.92,0.08,,,1,1,FA_le_1
plus_energy_ratio,validation,F05,25,1.0,0.92,0.08,,,0,2,FA_le_1
plus_energy_ratio,validation,F06,25,0.96,0.88,0.12,,,1,2,FA_le_1
plus_energy_ratio,validation,F07,25,1.0,0.8,0.2,,,0,5,FA_le_1
plus_energy_ratio,validation,F08,25,0.96,0.84,0.16,,,1,3,FA_le_1
plus_energy_ratio,validation,F09,25,1.0,0.96,0.04,,,0,1,FA_le_1
plus_energy_ratio,validation,F10,25,1.0,1.0,0.0,,,0,0,FA_le_1
plus_energy_ratio,validation,F11,25,0.96,0.92,0.08,,,1,1,FA_le_1
plus_energy_ratio,validation,F12,25,1.0,1.0,0.0,,,0,0,FA_le_1
plus_energy_ratio,validation,F13,25,1.0,0.72,0.28,,,0,7,FA_le_1
plus_energy_ratio,validation,F14,25,1.0,1.0,0.0,,,0,0,FA_le_1
plus_energy_ratio,validation,F15,25,1.0,0.88,0.12,,,0,3,FA_le_1
plus_energy_ratio,validation,D01,8,,,,0.0,0.0,0,0,FA_le_5
plus_energy_ratio,validation,D02,8,,,,0.0,0.0,0,0,FA_le_5
plus_energy_ratio,validation,D03,8,,,,0.0,0.0,0,0,FA_le_5
plus_energy_ratio,validation,D04,8,,,,0.0,0.0,0,0,FA_le_5
plus_energy_ratio,validation,D05,40,,,,0.0,0.0,0,0,FA_le_5
plus_energy_ratio,validation,D06,25,,,,5.760276493271677,0.04,0,0,FA_le_5
plus_energy_ratio,validation,D07,40,,,,0.0,0.0,0,0,FA_le_5
plus_energy_ratio,validation,D08,40,,,,0.0,0.0,0,0,FA_le_5
plus_energy_ratio,validation,D09,40,,,,0.0,0.0,0,0,FA_le_5
plus_energy_ratio,validation,D10,40,,,,0.0,0.0,0,0,FA_le_5
plus_energy_ratio,validation,D11,40,,,,7.5005469148792105,0.025,0,0,FA_le_5
plus_energy_ratio,validation,D12,40,,,,0.0,0.0,0,0,FA_le_5
plus_energy_ratio,validation,D13,25,,,,12.000200003333388,0.04,0,0,FA_le_5
plus_energy_ratio,validation,D14,40,,,,30.0,0.1,0,0,FA_le_5
plus_energy_ratio,validation,D15,40,,,,0.0,0.0,0,0,FA_le_5
plus_energy_ratio,validation,D16,40,,,,0.0,0.0,0,0,FA_le_5
plus_energy_ratio,validation,D17,40,,,,0.0,0.0,0,0,FA_le_5
plus_energy_ratio,validation,D18,25,,,,48.002400120005994,0.16,0,0,FA_le_5
plus_energy_ratio,validation,D19,25,,,,48.0,0.16,0,0,FA_le_5
plus_energy_ratio,validation,F01,25,0.96,0.88,0.12,,,1,2,FA_le_5
plus_energy_ratio,validation,F02,25,1.0,1.0,0.0,,,0,0,FA_le_5
plus_energy_ratio,validation,F03,25,1.0,0.92,0.08,,,0,2,FA_le_5
plus_energy_ratio,validation,F04,25,0.96,0.96,0.04,,,1,0,FA_le_5
plus_energy_ratio,validation,F05,25,1.0,0.92,0.08,,,0,2,FA_le_5
plus_energy_ratio,validation,F06,25,0.96,0.92,0.08,,,1,1,FA_le_5
plus_energy_ratio,validation,F07,25,1.0,0.92,0.08,,,0,2,FA_le_5
plus_energy_ratio,validation,F08,25,0.96,0.92,0.08,,,1,1,FA_le_5
plus_energy_ratio,validation,F09,25,1.0,0.96,0.04,,,0,1,FA_le_5
plus_energy_ratio,validation,F10,25,1.0,1.0,0.0,,,0,0,FA_le_5
plus_energy_ratio,validation,F11,25,0.96,0.92,0.08,,,1,1,FA_le_5
plus_energy_ratio,validation,F12,25,1.0,1.0,0.0,,,0,0,FA_le_5
plus_energy_ratio,validation,F13,25,1.0,0.84,0.16,,,0,4,FA_le_5
plus_energy_ratio,validation,F14,25,1.0,1.0,0.0,,,0,0,FA_le_5
plus_energy_ratio,validation,F15,25,1.0,0.92,0.08,,,0,2,FA_le_5
plus_energy_ratio,validation,D01,8,,,,0.0,0.0,0,0,FA_le_10
plus_energy_ratio,validation,D02,8,,,,0.0,0.0,0,0,FA_le_10
plus_energy_ratio,validation,D03,8,,,,0.0,0.0,0,0,FA_le_10
plus_energy_ratio,validation,D04,8,,,,0.0,0.0,0,0,FA_le_10
plus_energy_ratio,validation,D05,40,,,,0.0,0.0,0,0,FA_le_10
plus_energy_ratio,validation,D06,25,,,,11.520552986543354,0.08,0,0,FA_le_10
plus_energy_ratio,validation,D07,40,,,,0.0,0.0,0,0,FA_le_10
plus_energy_ratio,validation,D08,40,,,,7.5002343823244475,0.025,0,0,FA_le_10
plus_energy_ratio,validation,D09,40,,,,0.0,0.0,0,0,FA_le_10
plus_energy_ratio,validation,D10,40,,,,7.500078125813811,0.025,0,0,FA_le_10
plus_energy_ratio,validation,D11,40,,,,15.001093829758421,0.05,0,0,FA_le_10
plus_energy_ratio,validation,D12,40,,,,0.0,0.0,0,0,FA_le_10
plus_energy_ratio,validation,D13,25,,,,48.00080001333355,0.16,0,0,FA_le_10
plus_energy_ratio,validation,D14,40,,,,45.0,0.15,0,0,FA_le_10
plus_energy_ratio,validation,D15,40,,,,0.0,0.0,0,0,FA_le_10
plus_energy_ratio,validation,D16,40,,,,0.0,0.0,0,0,FA_le_10
plus_energy_ratio,validation,D17,40,,,,0.0,0.0,0,0,FA_le_10
plus_energy_ratio,validation,D18,25,,,,60.003000150007495,0.16,0,0,FA_le_10
plus_energy_ratio,validation,D19,25,,,,72.0,0.16,0,0,FA_le_10
plus_energy_ratio,validation,F01,25,0.96,0.88,0.12,,,1,2,FA_le_10
plus_energy_ratio,validation,F02,25,1.0,1.0,0.0,,,0,0,FA_le_10
plus_energy_ratio,validation,F03,25,1.0,0.92,0.08,,,0,2,FA_le_10
plus_energy_ratio,validation,F04,25,0.96,0.96,0.04,,,1,0,FA_le_10
plus_energy_ratio,validation,F05,25,1.0,0.92,0.08,,,0,2,FA_le_10
plus_energy_ratio,validation,F06,25,0.96,0.92,0.08,,,1,1,FA_le_10
plus_energy_ratio,validation,F07,25,1.0,0.92,0.08,,,0,2,FA_le_10
plus_energy_ratio,validation,F08,25,0.96,0.92,0.08,,,1,1,FA_le_10
plus_energy_ratio,validation,F09,25,1.0,0.96,0.04,,,0,1,FA_le_10
plus_energy_ratio,validation,F10,25,1.0,1.0,0.0,,,0,0,FA_le_10
plus_energy_ratio,validation,F11,25,0.96,0.92,0.08,,,1,1,FA_le_10
plus_energy_ratio,validation,F12,25,1.0,1.0,0.0,,,0,0,FA_le_10
plus_energy_ratio,validation,F13,25,1.0,0.88,0.12,,,0,3,FA_le_10
plus_energy_ratio,validation,F14,25,1.0,1.0,0.0,,,0,0,FA_le_10
plus_energy_ratio,validation,F15,25,1.0,0.96,0.04,,,0,1,FA_le_10
plus_energy_ratio,validation,D01,8,,,,0.0,0.0,0,0,FA_le_20
plus_energy_ratio,validation,D02,8,,,,0.0,0.0,0,0,FA_le_20
plus_energy_ratio,validation,D03,8,,,,0.0,0.0,0,0,FA_le_20
plus_energy_ratio,validation,D04,8,,,,0.0,0.0,0,0,FA_le_20
plus_energy_ratio,validation,D05,40,,,,0.0,0.0,0,0,FA_le_20
plus_energy_ratio,validation,D06,25,,,,23.041105973086708,0.16,0,0,FA_le_20
plus_energy_ratio,validation,D07,40,,,,0.0,0.0,0,0,FA_le_20
plus_energy_ratio,validation,D08,40,,,,15.000468764648895,0.05,0,0,FA_le_20
plus_energy_ratio,validation,D09,40,,,,0.0,0.0,0,0,FA_le_20
plus_energy_ratio,validation,D10,40,,,,7.500078125813811,0.025,0,0,FA_le_20
plus_energy_ratio,validation,D11,40,,,,45.00328148927526,0.15,0,0,FA_le_20
plus_energy_ratio,validation,D12,40,,,,0.0,0.0,0,0,FA_le_20
plus_energy_ratio,validation,D13,25,,,,84.00140002333372,0.28,0,0,FA_le_20
plus_energy_ratio,validation,D14,40,,,,142.5,0.35,0,0,FA_le_20
plus_energy_ratio,validation,D15,40,,,,0.0,0.0,0,0,FA_le_20
plus_energy_ratio,validation,D16,40,,,,0.0,0.0,0,0,FA_le_20
plus_energy_ratio,validation,D17,40,,,,0.0,0.0,0,0,FA_le_20
plus_energy_ratio,validation,D18,25,,,,96.00480024001199,0.28,0,0,FA_le_20
plus_energy_ratio,validation,D19,25,,,,144.0,0.32,0,0,FA_le_20
plus_energy_ratio,validation,F01,25,0.96,0.92,0.08,,,1,1,FA_le_20
plus_energy_ratio,validation,F02,25,1.0,1.0,0.0,,,0,0,FA_le_20
plus_energy_ratio,validation,F03,25,1.0,0.96,0.04,,,0,1,FA_le_20
plus_energy_ratio,validation,F04,25,0.96,0.96,0.04,,,1,0,FA_le_20
plus_energy_ratio,validation,F05,25,1.0,0.96,0.04,,,0,1,FA_le_20
plus_energy_ratio,validation,F06,25,0.96,0.96,0.04,,,1,0,FA_le_20
plus_energy_ratio,validation,F07,25,1.0,1.0,0.0,,,0,0,FA_le_20
plus_energy_ratio,validation,F08,25,0.96,0.96,0.04,,,1,0,FA_le_20
plus_energy_ratio,validation,F09,25,1.0,0.96,0.04,,,0,1,FA_le_20
plus_energy_ratio,validation,F10,25,1.0,1.0,0.0,,,0,0,FA_le_20
plus_energy_ratio,validation,F11,25,0.96,0.92,0.08,,,1,1,FA_le_20
plus_energy_ratio,validation,F12,25,1.0,1.0,0.0,,,0,0,FA_le_20
plus_energy_ratio,validation,F13,25,1.0,1.0,0.0,,,0,0,FA_le_20
plus_energy_ratio,validation,F14,25,1.0,1.0,0.0,,,0,0,FA_le_20
plus_energy_ratio,validation,F15,25,1.0,1.0,0.0,,,0,0,FA_le_20
plus_energy_ratio,validation,D01,8,,,,0.0,0.0,0,0,sens_ge95
plus_energy_ratio,validation,D02,8,,,,0.0,0.0,0,0,sens_ge95
plus_energy_ratio,validation,D03,8,,,,0.0,0.0,0,0,sens_ge95
plus_energy_ratio,validation,D04,8,,,,0.0,0.0,0,0,sens_ge95
plus_energy_ratio,validation,D05,40,,,,0.0,0.0,0,0,sens_ge95
plus_energy_ratio,validation,D06,25,,,,17.280829479815033,0.12,0,0,sens_ge95
plus_energy_ratio,validation,D07,40,,,,0.0,0.0,0,0,sens_ge95
plus_energy_ratio,validation,D08,40,,,,7.5002343823244475,0.025,0,0,sens_ge95
plus_energy_ratio,validation,D09,40,,,,0.0,0.0,0,0,sens_ge95
plus_energy_ratio,validation,D10,40,,,,7.500078125813811,0.025,0,0,sens_ge95
plus_energy_ratio,validation,D11,40,,,,15.001093829758421,0.05,0,0,sens_ge95
plus_energy_ratio,validation,D12,40,,,,0.0,0.0,0,0,sens_ge95
plus_energy_ratio,validation,D13,25,,,,48.00080001333355,0.16,0,0,sens_ge95
plus_energy_ratio,validation,D14,40,,,,67.5,0.2,0,0,sens_ge95
plus_energy_ratio,validation,D15,40,,,,0.0,0.0,0,0,sens_ge95
plus_energy_ratio,validation,D16,40,,,,0.0,0.0,0,0,sens_ge95
plus_energy_ratio,validation,D17,40,,,,0.0,0.0,0,0,sens_ge95
plus_energy_ratio,validation,D18,25,,,,72.00360018000899,0.2,0,0,sens_ge95
plus_energy_ratio,validation,D19,25,,,,96.0,0.24,0,0,sens_ge95
plus_energy_ratio,validation,F01,25,0.96,0.88,0.12,,,1,2,sens_ge95
plus_energy_ratio,validation,F02,25,1.0,1.0,0.0,,,0,0,sens_ge95
plus_energy_ratio,validation,F03,25,1.0,0.92,0.08,,,0,2,sens_ge95
plus_energy_ratio,validation,F04,25,0.96,0.96,0.04,,,1,0,sens_ge95
plus_energy_ratio,validation,F05,25,1.0,0.92,0.08,,,0,2,sens_ge95
plus_energy_ratio,validation,F06,25,0.96,0.92,0.08,,,1,1,sens_ge95
plus_energy_ratio,validation,F07,25,1.0,0.96,0.04,,,0,1,sens_ge95
plus_energy_ratio,validation,F08,25,0.96,0.92,0.08,,,1,1,sens_ge95
plus_energy_ratio,validation,F09,25,1.0,0.96,0.04,,,0,1,sens_ge95
plus_energy_ratio,validation,F10,25,1.0,1.0,0.0,,,0,0,sens_ge95
plus_energy_ratio,validation,F11,25,0.96,0.92,0.08,,,1,1,sens_ge95
plus_energy_ratio,validation,F12,25,1.0,1.0,0.0,,,0,0,sens_ge95
plus_energy_ratio,validation,F13,25,1.0,0.96,0.04,,,0,1,sens_ge95
plus_energy_ratio,validation,F14,25,1.0,1.0,0.0,,,0,0,sens_ge95
plus_energy_ratio,validation,F15,25,1.0,0.96,0.04,,,0,1,sens_ge95
plus_energy_ratio,validation,D01,8,,,,0.0,0.0,0,0,sens_ge97
plus_energy_ratio,validation,D02,8,,,,0.0,0.0,0,0,sens_ge97
plus_energy_ratio,validation,D03,8,,,,0.0,0.0,0,0,sens_ge97
plus_energy_ratio,validation,D04,8,,,,0.0,0.0,0,0,sens_ge97
plus_energy_ratio,validation,D05,40,,,,0.0,0.0,0,0,sens_ge97
plus_energy_ratio,validation,D06,25,,,,23.041105973086708,0.16,0,0,sens_ge97
plus_energy_ratio,validation,D07,40,,,,0.0,0.0,0,0,sens_ge97
plus_energy_ratio,validation,D08,40,,,,7.5002343823244475,0.025,0,0,sens_ge97
plus_energy_ratio,validation,D09,40,,,,0.0,0.0,0,0,sens_ge97
plus_energy_ratio,validation,D10,40,,,,7.500078125813811,0.025,0,0,sens_ge97
plus_energy_ratio,validation,D11,40,,,,30.002187659516842,0.1,0,0,sens_ge97
plus_energy_ratio,validation,D12,40,,,,0.0,0.0,0,0,sens_ge97
plus_energy_ratio,validation,D13,25,,,,72.00120002000034,0.24,0,0,sens_ge97
plus_energy_ratio,validation,D14,40,,,,127.5,0.325,0,0,sens_ge97
plus_energy_ratio,validation,D15,40,,,,0.0,0.0,0,0,sens_ge97
plus_energy_ratio,validation,D16,40,,,,0.0,0.0,0,0,sens_ge97
plus_energy_ratio,validation,D17,40,,,,0.0,0.0,0,0,sens_ge97
plus_energy_ratio,validation,D18,25,,,,96.00480024001199,0.28,0,0,sens_ge97
plus_energy_ratio,validation,D19,25,,,,120.0,0.24,0,0,sens_ge97
plus_energy_ratio,validation,F01,25,0.96,0.92,0.08,,,1,1,sens_ge97
plus_energy_ratio,validation,F02,25,1.0,1.0,0.0,,,0,0,sens_ge97
plus_energy_ratio,validation,F03,25,1.0,0.96,0.04,,,0,1,sens_ge97
plus_energy_ratio,validation,F04,25,0.96,0.96,0.04,,,1,0,sens_ge97
plus_energy_ratio,validation,F05,25,1.0,0.96,0.04,,,0,1,sens_ge97
plus_energy_ratio,validation,F06,25,0.96,0.96,0.04,,,1,0,sens_ge97
plus_energy_ratio,validation,F07,25,1.0,1.0,0.0,,,0,0,sens_ge97
plus_energy_ratio,validation,F08,25,0.96,0.96,0.04,,,1,0,sens_ge97
plus_energy_ratio,validation,F09,25,1.0,0.96,0.04,,,0,1,sens_ge97
plus_energy_ratio,validation,F10,25,1.0,1.0,0.0,,,0,0,sens_ge97
plus_energy_ratio,validation,F11,25,0.96,0.92,0.08,,,1,1,sens_ge97
plus_energy_ratio,validation,F12,25,1.0,1.0,0.0,,,0,0,sens_ge97
plus_energy_ratio,validation,F13,25,1.0,1.0,0.0,,,0,0,sens_ge97
plus_energy_ratio,validation,F14,25,1.0,1.0,0.0,,,0,0,sens_ge97
plus_energy_ratio,validation,F15,25,1.0,0.96,0.04,,,0,1,sens_ge97
plus_energy_ratio,validation,D01,8,,,,184.52537223868282,0.25,0,0,sens_gt98
plus_energy_ratio,validation,D02,8,,,,85.50160315505916,0.5,0,0,sens_gt98
plus_energy_ratio,validation,D03,8,,,,0.0,0.0,0,0,sens_gt98
plus_energy_ratio,validation,D04,8,,,,22.5,0.125,0,0,sens_gt98
plus_energy_ratio,validation,D05,40,,,,21.60043200864017,0.15,0,0,sens_gt98
plus_energy_ratio,validation,D06,25,,,,149.7671888250636,0.48,0,0,sens_gt98
plus_energy_ratio,validation,D07,40,,,,30.001562581384444,0.1,0,0,sens_gt98
plus_energy_ratio,validation,D08,40,,,,285.008906528329,0.725,0,0,sens_gt98
plus_energy_ratio,validation,D09,40,,,,187.50585955811118,0.425,0,0,sens_gt98
plus_energy_ratio,validation,D10,40,,,,247.50257815185577,0.55,0,0,sens_gt98
plus_energy_ratio,validation,D11,40,,,,195.01421978685948,0.65,0,0,sens_gt98
plus_energy_ratio,validation,D12,40,,,,45.0,0.15,0,0,sens_gt98
plus_energy_ratio,validation,D13,25,,,,456.00760012666876,0.96,0,0,sens_gt98
plus_energy_ratio,validation,D14,40,,,,397.5,0.825,0,0,sens_gt98
plus_energy_ratio,validation,D15,40,,,,7.5,0.025,0,0,sens_gt98
plus_energy_ratio,validation,D16,40,,,,37.50468808601075,0.125,0,0,sens_gt98
plus_energy_ratio,validation,D17,40,,,,93.60561633698022,0.475,0,0,sens_gt98
plus_energy_ratio,validation,D18,25,,,,312.01560078003894,0.84,0,0,sens_gt98
plus_energy_ratio,validation,D19,25,,,,288.0,0.6,0,0,sens_gt98
plus_energy_ratio,validation,F01,25,0.96,0.96,0.04,,,1,0,sens_gt98
plus_energy_ratio,validation,F02,25,1.0,1.0,0.0,,,0,0,sens_gt98
plus_energy_ratio,validation,F03,25,1.0,0.96,0.04,,,0,1,sens_gt98
plus_energy_ratio,validation,F04,25,0.96,0.96,0.04,,,1,0,sens_gt98
plus_energy_ratio,validation,F05,25,1.0,0.96,0.04,,,0,1,sens_gt98
plus_energy_ratio,validation,F06,25,0.96,0.96,0.04,,,1,0,sens_gt98
plus_energy_ratio,validation,F07,25,1.0,1.0,0.0,,,0,0,sens_gt98
plus_energy_ratio,validation,F08,25,0.96,0.96,0.04,,,1,0,sens_gt98
plus_energy_ratio,validation,F09,25,1.0,1.0,0.0,,,0,0,sens_gt98
plus_energy_ratio,validation,F10,25,1.0,1.0,0.0,,,0,0,sens_gt98
plus_energy_ratio,validation,F11,25,0.96,0.96,0.04,,,1,0,sens_gt98
plus_energy_ratio,validation,F12,25,1.0,1.0,0.0,,,0,0,sens_gt98
plus_energy_ratio,validation,F13,25,1.0,1.0,0.0,,,0,0,sens_gt98
plus_energy_ratio,validation,F14,25,1.0,1.0,0.0,,,0,0,sens_gt98
plus_energy_ratio,validation,F15,25,1.0,1.0,0.0,,,0,0,sens_gt98
plus_energy_ratio,validation,D01,8,,,,0.0,0.0,0,0,BA_reference
plus_energy_ratio,validation,D02,8,,,,0.0,0.0,0,0,BA_reference
plus_energy_ratio,validation,D03,8,,,,0.0,0.0,0,0,BA_reference
plus_energy_ratio,validation,D04,8,,,,0.0,0.0,0,0,BA_reference
plus_energy_ratio,validation,D05,40,,,,0.0,0.0,0,0,BA_reference
plus_energy_ratio,validation,D06,25,,,,5.760276493271677,0.04,0,0,BA_reference
plus_energy_ratio,validation,D07,40,,,,0.0,0.0,0,0,BA_reference
plus_energy_ratio,validation,D08,40,,,,0.0,0.0,0,0,BA_reference
plus_energy_ratio,validation,D09,40,,,,0.0,0.0,0,0,BA_reference
plus_energy_ratio,validation,D10,40,,,,0.0,0.0,0,0,BA_reference
plus_energy_ratio,validation,D11,40,,,,7.5005469148792105,0.025,0,0,BA_reference
plus_energy_ratio,validation,D12,40,,,,0.0,0.0,0,0,BA_reference
plus_energy_ratio,validation,D13,25,,,,12.000200003333388,0.04,0,0,BA_reference
plus_energy_ratio,validation,D14,40,,,,22.5,0.075,0,0,BA_reference
plus_energy_ratio,validation,D15,40,,,,0.0,0.0,0,0,BA_reference
plus_energy_ratio,validation,D16,40,,,,0.0,0.0,0,0,BA_reference
plus_energy_ratio,validation,D17,40,,,,0.0,0.0,0,0,BA_reference
plus_energy_ratio,validation,D18,25,,,,24.001200060002997,0.08,0,0,BA_reference
plus_energy_ratio,validation,D19,25,,,,36.0,0.12,0,0,BA_reference
plus_energy_ratio,validation,F01,25,0.96,0.88,0.12,,,1,2,BA_reference
plus_energy_ratio,validation,F02,25,1.0,1.0,0.0,,,0,0,BA_reference
plus_energy_ratio,validation,F03,25,1.0,0.92,0.08,,,0,2,BA_reference
plus_energy_ratio,validation,F04,25,0.96,0.96,0.04,,,1,0,BA_reference
plus_energy_ratio,validation,F05,25,1.0,0.92,0.08,,,0,2,BA_reference
plus_energy_ratio,validation,F06,25,0.96,0.92,0.08,,,1,1,BA_reference
plus_energy_ratio,validation,F07,25,1.0,0.92,0.08,,,0,2,BA_reference
plus_energy_ratio,validation,F08,25,0.96,0.92,0.08,,,1,1,BA_reference
plus_energy_ratio,validation,F09,25,1.0,0.96,0.04,,,0,1,BA_reference
plus_energy_ratio,validation,F10,25,1.0,1.0,0.0,,,0,0,BA_reference
plus_energy_ratio,validation,F11,25,0.96,0.92,0.08,,,1,1,BA_reference
plus_energy_ratio,validation,F12,25,1.0,1.0,0.0,,,0,0,BA_reference
plus_energy_ratio,validation,F13,25,1.0,0.8,0.2,,,0,5,BA_reference
plus_energy_ratio,validation,F14,25,1.0,1.0,0.0,,,0,0,BA_reference
plus_energy_ratio,validation,F15,25,1.0,0.92,0.08,,,0,2,BA_reference
plus_orientation_change,validation,D01,8,,,,0.0,0.0,0,0,FA_le_1
plus_orientation_change,validation,D02,8,,,,0.0,0.0,0,0,FA_le_1
plus_orientation_change,validation,D03,8,,,,0.0,0.0,0,0,FA_le_1
plus_orientation_change,validation,D04,8,,,,0.0,0.0,0,0,FA_le_1
plus_orientation_change,validation,D05,40,,,,0.0,0.0,0,0,FA_le_1
plus_orientation_change,validation,D06,25,,,,0.0,0.0,0,0,FA_le_1
plus_orientation_change,validation,D07,40,,,,0.0,0.0,0,0,FA_le_1
plus_orientation_change,validation,D08,40,,,,0.0,0.0,0,0,FA_le_1
plus_orientation_change,validation,D09,40,,,,0.0,0.0,0,0,FA_le_1
plus_orientation_change,validation,D10,40,,,,0.0,0.0,0,0,FA_le_1
plus_orientation_change,validation,D11,40,,,,0.0,0.0,0,0,FA_le_1
plus_orientation_change,validation,D12,40,,,,0.0,0.0,0,0,FA_le_1
plus_orientation_change,validation,D13,25,,,,12.000200003333388,0.04,0,0,FA_le_1
plus_orientation_change,validation,D14,40,,,,7.5,0.025,0,0,FA_le_1
plus_orientation_change,validation,D15,40,,,,0.0,0.0,0,0,FA_le_1
plus_orientation_change,validation,D16,40,,,,0.0,0.0,0,0,FA_le_1
plus_orientation_change,validation,D17,40,,,,0.0,0.0,0,0,FA_le_1
plus_orientation_change,validation,D18,25,,,,0.0,0.0,0,0,FA_le_1
plus_orientation_change,validation,D19,25,,,,12.0,0.04,0,0,FA_le_1
plus_orientation_change,validation,F01,25,0.96,0.84,0.16,,,1,3,FA_le_1
plus_orientation_change,validation,F02,25,1.0,1.0,0.0,,,0,0,FA_le_1
plus_orientation_change,validation,F03,25,1.0,0.88,0.12,,,0,3,FA_le_1
plus_orientation_change,validation,F04,25,0.96,0.92,0.08,,,1,1,FA_le_1
plus_orientation_change,validation,F05,25,1.0,0.92,0.08,,,0,2,FA_le_1
plus_orientation_change,validation,F06,25,0.96,0.96,0.04,,,1,0,FA_le_1
plus_orientation_change,validation,F07,25,1.0,0.84,0.16,,,0,4,FA_le_1
plus_orientation_change,validation,F08,25,0.96,0.88,0.12,,,1,2,FA_le_1
plus_orientation_change,validation,F09,25,1.0,0.96,0.04,,,0,1,FA_le_1
plus_orientation_change,validation,F10,25,1.0,1.0,0.0,,,0,0,FA_le_1
plus_orientation_change,validation,F11,25,0.96,0.92,0.08,,,1,1,FA_le_1
plus_orientation_change,validation,F12,25,1.0,1.0,0.0,,,0,0,FA_le_1
plus_orientation_change,validation,F13,25,1.0,0.92,0.08,,,0,2,FA_le_1
plus_orientation_change,validation,F14,25,1.0,1.0,0.0,,,0,0,FA_le_1
plus_orientation_change,validation,F15,25,1.0,0.92,0.08,,,0,2,FA_le_1
plus_orientation_change,validation,D01,8,,,,0.0,0.0,0,0,FA_le_5
plus_orientation_change,validation,D02,8,,,,0.0,0.0,0,0,FA_le_5
plus_orientation_change,validation,D03,8,,,,0.0,0.0,0,0,FA_le_5
plus_orientation_change,validation,D04,8,,,,0.0,0.0,0,0,FA_le_5
plus_orientation_change,validation,D05,40,,,,0.0,0.0,0,0,FA_le_5
plus_orientation_change,validation,D06,25,,,,0.0,0.0,0,0,FA_le_5
plus_orientation_change,validation,D07,40,,,,0.0,0.0,0,0,FA_le_5
plus_orientation_change,validation,D08,40,,,,0.0,0.0,0,0,FA_le_5
plus_orientation_change,validation,D09,40,,,,0.0,0.0,0,0,FA_le_5
plus_orientation_change,validation,D10,40,,,,0.0,0.0,0,0,FA_le_5
plus_orientation_change,validation,D11,40,,,,0.0,0.0,0,0,FA_le_5
plus_orientation_change,validation,D12,40,,,,0.0,0.0,0,0,FA_le_5
plus_orientation_change,validation,D13,25,,,,24.000400006666776,0.08,0,0,FA_le_5
plus_orientation_change,validation,D14,40,,,,30.0,0.1,0,0,FA_le_5
plus_orientation_change,validation,D15,40,,,,0.0,0.0,0,0,FA_le_5
plus_orientation_change,validation,D16,40,,,,0.0,0.0,0,0,FA_le_5
plus_orientation_change,validation,D17,40,,,,0.0,0.0,0,0,FA_le_5
plus_orientation_change,validation,D18,25,,,,0.0,0.0,0,0,FA_le_5
plus_orientation_change,validation,D19,25,,,,72.0,0.16,0,0,FA_le_5
plus_orientation_change,validation,F01,25,0.96,0.84,0.16,,,1,3,FA_le_5
plus_orientation_change,validation,F02,25,1.0,1.0,0.0,,,0,0,FA_le_5
plus_orientation_change,validation,F03,25,1.0,0.92,0.08,,,0,2,FA_le_5
plus_orientation_change,validation,F04,25,0.96,0.96,0.04,,,1,0,FA_le_5
plus_orientation_change,validation,F05,25,1.0,0.92,0.08,,,0,2,FA_le_5
plus_orientation_change,validation,F06,25,0.96,0.96,0.04,,,1,0,FA_le_5
plus_orientation_change,validation,F07,25,1.0,0.92,0.08,,,0,2,FA_le_5
plus_orientation_change,validation,F08,25,0.96,0.88,0.12,,,1,2,FA_le_5
plus_orientation_change,validation,F09,25,1.0,0.96,0.04,,,0,1,FA_le_5
plus_orientation_change,validation,F10,25,1.0,1.0,0.0,,,0,0,FA_le_5
plus_orientation_change,validation,F11,25,0.96,0.92,0.08,,,1,1,FA_le_5
plus_orientation_change,validation,F12,25,1.0,1.0,0.0,,,0,0,FA_le_5
plus_orientation_change,validation,F13,25,1.0,0.96,0.04,,,0,1,FA_le_5
plus_orientation_change,validation,F14,25,1.0,1.0,0.0,,,0,0,FA_le_5
plus_orientation_change,validation,F15,25,1.0,0.96,0.04,,,0,1,FA_le_5
plus_orientation_change,validation,D01,8,,,,0.0,0.0,0,0,FA_le_10
plus_orientation_change,validation,D02,8,,,,0.0,0.0,0,0,FA_le_10
plus_orientation_change,validation,D03,8,,,,0.0,0.0,0,0,FA_le_10
plus_orientation_change,validation,D04,8,,,,0.0,0.0,0,0,FA_le_10
plus_orientation_change,validation,D05,40,,,,0.0,0.0,0,0,FA_le_10
plus_orientation_change,validation,D06,25,,,,5.760276493271677,0.04,0,0,FA_le_10
plus_orientation_change,validation,D07,40,,,,0.0,0.0,0,0,FA_le_10
plus_orientation_change,validation,D08,40,,,,0.0,0.0,0,0,FA_le_10
plus_orientation_change,validation,D09,40,,,,0.0,0.0,0,0,FA_le_10
plus_orientation_change,validation,D10,40,,,,0.0,0.0,0,0,FA_le_10
plus_orientation_change,validation,D11,40,,,,0.0,0.0,0,0,FA_le_10
plus_orientation_change,validation,D12,40,,,,0.0,0.0,0,0,FA_le_10
plus_orientation_change,validation,D13,25,,,,48.00080001333355,0.16,0,0,FA_le_10
plus_orientation_change,validation,D14,40,,,,52.5,0.175,0,0,FA_le_10
plus_orientation_change,validation,D15,40,,,,0.0,0.0,0,0,FA_le_10
plus_orientation_change,validation,D16,40,,,,0.0,0.0,0,0,FA_le_10
plus_orientation_change,validation,D17,40,,,,0.0,0.0,0,0,FA_le_10
plus_orientation_change,validation,D18,25,,,,0.0,0.0,0,0,FA_le_10
plus_orientation_change,validation,D19,25,,,,84.0,0.2,0,0,FA_le_10
plus_orientation_change,validation,F01,25,0.96,0.84,0.16,,,1,3,FA_le_10
plus_orientation_change,validation,F02,25,1.0,1.0,0.0,,,0,0,FA_le_10
plus_orientation_change,validation,F03,25,1.0,0.92,0.08,,,0,2,FA_le_10
plus_orientation_change,validation,F04,25,0.96,0.96,0.04,,,1,0,FA_le_10
plus_orientation_change,validation,F05,25,1.0,0.92,0.08,,,0,2,FA_le_10
plus_orientation_change,validation,F06,25,0.96,0.96,0.04,,,1,0,FA_le_10
plus_orientation_change,validation,F07,25,1.0,0.92,0.08,,,0,2,FA_le_10
plus_orientation_change,validation,F08,25,0.96,0.88,0.12,,,1,2,FA_le_10
plus_orientation_change,validation,F09,25,1.0,0.96,0.04,,,0,1,FA_le_10
plus_orientation_change,validation,F10,25,1.0,1.0,0.0,,,0,0,FA_le_10
plus_orientation_change,validation,F11,25,0.96,0.92,0.08,,,1,1,FA_le_10
plus_orientation_change,validation,F12,25,1.0,1.0,0.0,,,0,0,FA_le_10
plus_orientation_change,validation,F13,25,1.0,1.0,0.0,,,0,0,FA_le_10
plus_orientation_change,validation,F14,25,1.0,1.0,0.0,,,0,0,FA_le_10
plus_orientation_change,validation,F15,25,1.0,1.0,0.0,,,0,0,FA_le_10
plus_orientation_change,validation,D01,8,,,,0.0,0.0,0,0,FA_le_20
plus_orientation_change,validation,D02,8,,,,0.0,0.0,0,0,FA_le_20
plus_orientation_change,validation,D03,8,,,,0.0,0.0,0,0,FA_le_20
plus_orientation_change,validation,D04,8,,,,0.0,0.0,0,0,FA_le_20
plus_orientation_change,validation,D05,40,,,,0.0,0.0,0,0,FA_le_20
plus_orientation_change,validation,D06,25,,,,17.280829479815033,0.12,0,0,FA_le_20
plus_orientation_change,validation,D07,40,,,,0.0,0.0,0,0,FA_le_20
plus_orientation_change,validation,D08,40,,,,7.5002343823244475,0.025,0,0,FA_le_20
plus_orientation_change,validation,D09,40,,,,0.0,0.0,0,0,FA_le_20
plus_orientation_change,validation,D10,40,,,,0.0,0.0,0,0,FA_le_20
plus_orientation_change,validation,D11,40,,,,15.001093829758421,0.05,0,0,FA_le_20
plus_orientation_change,validation,D12,40,,,,0.0,0.0,0,0,FA_le_20
plus_orientation_change,validation,D13,25,,,,192.0032000533342,0.6,0,0,FA_le_20
plus_orientation_change,validation,D14,40,,,,135.0,0.4,0,0,FA_le_20
plus_orientation_change,validation,D15,40,,,,0.0,0.0,0,0,FA_le_20
plus_orientation_change,validation,D16,40,,,,0.0,0.0,0,0,FA_le_20
plus_orientation_change,validation,D17,40,,,,0.0,0.0,0,0,FA_le_20
plus_orientation_change,validation,D18,25,,,,48.002400120005994,0.16,0,0,FA_le_20
plus_orientation_change,validation,D19,25,,,,108.0,0.2,0,0,FA_le_20
plus_orientation_change,validation,F01,25,0.96,0.88,0.12,,,1,2,FA_le_20
plus_orientation_change,validation,F02,25,1.0,1.0,0.0,,,0,0,FA_le_20
plus_orientation_change,validation,F03,25,1.0,0.92,0.08,,,0,2,FA_le_20
plus_orientation_change,validation,F04,25,0.96,0.96,0.04,,,1,0,FA_le_20
plus_orientation_change,validation,F05,25,1.0,0.92,0.08,,,0,2,FA_le_20
plus_orientation_change,validation,F06,25,0.96,0.96,0.04,,,1,0,FA_le_20
plus_orientation_change,validation,F07,25,1.0,1.0,0.0,,,0,0,FA_le_20
plus_orientation_change,validation,F08,25,0.96,0.96,0.04,,,1,0,FA_le_20
plus_orientation_change,validation,F09,25,1.0,0.96,0.04,,,0,1,FA_le_20
plus_orientation_change,validation,F10,25,1.0,1.0,0.0,,,0,0,FA_le_20
plus_orientation_change,validation,F11,25,0.96,0.92,0.08,,,1,1,FA_le_20
plus_orientation_change,validation,F12,25,1.0,1.0,0.0,,,0,0,FA_le_20
plus_orientation_change,validation,F13,25,1.0,1.0,0.0,,,0,0,FA_le_20
plus_orientation_change,validation,F14,25,1.0,1.0,0.0,,,0,0,FA_le_20
plus_orientation_change,validation,F15,25,1.0,1.0,0.0,,,0,0,FA_le_20
plus_orientation_change,validation,D01,8,,,,0.0,0.0,0,0,sens_ge95
plus_orientation_change,validation,D02,8,,,,0.0,0.0,0,0,sens_ge95
plus_orientation_change,validation,D03,8,,,,0.0,0.0,0,0,sens_ge95
plus_orientation_change,validation,D04,8,,,,0.0,0.0,0,0,sens_ge95
plus_orientation_change,validation,D05,40,,,,0.0,0.0,0,0,sens_ge95
plus_orientation_change,validation,D06,25,,,,5.760276493271677,0.04,0,0,sens_ge95
plus_orientation_change,validation,D07,40,,,,0.0,0.0,0,0,sens_ge95
plus_orientation_change,validation,D08,40,,,,0.0,0.0,0,0,sens_ge95
plus_orientation_change,validation,D09,40,,,,0.0,0.0,0,0,sens_ge95
plus_orientation_change,validation,D10,40,,,,0.0,0.0,0,0,sens_ge95
plus_orientation_change,validation,D11,40,,,,0.0,0.0,0,0,sens_ge95
plus_orientation_change,validation,D12,40,,,,0.0,0.0,0,0,sens_ge95
plus_orientation_change,validation,D13,25,,,,48.00080001333355,0.16,0,0,sens_ge95
plus_orientation_change,validation,D14,40,,,,52.5,0.175,0,0,sens_ge95
plus_orientation_change,validation,D15,40,,,,0.0,0.0,0,0,sens_ge95
plus_orientation_change,validation,D16,40,,,,0.0,0.0,0,0,sens_ge95
plus_orientation_change,validation,D17,40,,,,0.0,0.0,0,0,sens_ge95
plus_orientation_change,validation,D18,25,,,,0.0,0.0,0,0,sens_ge95
plus_orientation_change,validation,D19,25,,,,84.0,0.2,0,0,sens_ge95
plus_orientation_change,validation,F01,25,0.96,0.84,0.16,,,1,3,sens_ge95
plus_orientation_change,validation,F02,25,1.0,1.0,0.0,,,0,0,sens_ge95
plus_orientation_change,validation,F03,25,1.0,0.92,0.08,,,0,2,sens_ge95
plus_orientation_change,validation,F04,25,0.96,0.96,0.04,,,1,0,sens_ge95
plus_orientation_change,validation,F05,25,1.0,0.92,0.08,,,0,2,sens_ge95
plus_orientation_change,validation,F06,25,0.96,0.96,0.04,,,1,0,sens_ge95
plus_orientation_change,validation,F07,25,1.0,0.92,0.08,,,0,2,sens_ge95
plus_orientation_change,validation,F08,25,0.96,0.88,0.12,,,1,2,sens_ge95
plus_orientation_change,validation,F09,25,1.0,0.96,0.04,,,0,1,sens_ge95
plus_orientation_change,validation,F10,25,1.0,1.0,0.0,,,0,0,sens_ge95
plus_orientation_change,validation,F11,25,0.96,0.92,0.08,,,1,1,sens_ge95
plus_orientation_change,validation,F12,25,1.0,1.0,0.0,,,0,0,sens_ge95
plus_orientation_change,validation,F13,25,1.0,1.0,0.0,,,0,0,sens_ge95
plus_orientation_change,validation,F14,25,1.0,1.0,0.0,,,0,0,sens_ge95
plus_orientation_change,validation,F15,25,1.0,1.0,0.0,,,0,0,sens_ge95
plus_orientation_change,validation,D01,8,,,,0.0,0.0,0,0,sens_ge97
plus_orientation_change,validation,D02,8,,,,0.0,0.0,0,0,sens_ge97
plus_orientation_change,validation,D03,8,,,,0.0,0.0,0,0,sens_ge97
plus_orientation_change,validation,D04,8,,,,0.0,0.0,0,0,sens_ge97
plus_orientation_change,validation,D05,40,,,,0.0,0.0,0,0,sens_ge97
plus_orientation_change,validation,D06,25,,,,28.801382466358387,0.2,0,0,sens_ge97
plus_orientation_change,validation,D07,40,,,,0.0,0.0,0,0,sens_ge97
plus_orientation_change,validation,D08,40,,,,37.50117191162224,0.125,0,0,sens_ge97
plus_orientation_change,validation,D09,40,,,,15.000468764648895,0.05,0,0,sens_ge97
plus_orientation_change,validation,D10,40,,,,37.50039062906906,0.125,0,0,sens_ge97
plus_orientation_change,validation,D11,40,,,,52.503828404154476,0.175,0,0,sens_ge97
plus_orientation_change,validation,D12,40,,,,0.0,0.0,0,0,sens_ge97
plus_orientation_change,validation,D13,25,,,,468.0078001300022,1.0,0,0,sens_ge97
plus_orientation_change,validation,D14,40,,,,270.0,0.575,0,0,sens_ge97
plus_orientation_change,validation,D15,40,,,,0.0,0.0,0,0,sens_ge97
plus_orientation_change,validation,D16,40,,,,15.0018752344043,0.05,0,0,sens_ge97
plus_orientation_change,validation,D17,40,,,,0.0,0.0,0,0,sens_ge97
plus_orientation_change,validation,D18,25,,,,120.00600030001499,0.36,0,0,sens_ge97
plus_orientation_change,validation,D19,25,,,,180.0,0.4,0,0,sens_ge97
plus_orientation_change,validation,F01,25,0.96,0.88,0.12,,,1,2,sens_ge97
plus_orientation_change,validation,F02,25,1.0,1.0,0.0,,,0,0,sens_ge97
plus_orientation_change,validation,F03,25,1.0,0.96,0.04,,,0,1,sens_ge97
plus_orientation_change,validation,F04,25,0.96,0.96,0.04,,,1,0,sens_ge97
plus_orientation_change,validation,F05,25,1.0,0.96,0.04,,,0,1,sens_ge97
plus_orientation_change,validation,F06,25,0.96,0.96,0.04,,,1,0,sens_ge97
plus_orientation_change,validation,F07,25,1.0,1.0,0.0,,,0,0,sens_ge97
plus_orientation_change,validation,F08,25,0.96,0.96,0.04,,,1,0,sens_ge97
plus_orientation_change,validation,F09,25,1.0,0.96,0.04,,,0,1,sens_ge97
plus_orientation_change,validation,F10,25,1.0,1.0,0.0,,,0,0,sens_ge97
plus_orientation_change,validation,F11,25,0.96,0.92,0.08,,,1,1,sens_ge97
plus_orientation_change,validation,F12,25,1.0,1.0,0.0,,,0,0,sens_ge97
plus_orientation_change,validation,F13,25,1.0,1.0,0.0,,,0,0,sens_ge97
plus_orientation_change,validation,F14,25,1.0,1.0,0.0,,,0,0,sens_ge97
plus_orientation_change,validation,F15,25,1.0,1.0,0.0,,,0,0,sens_ge97
plus_orientation_change,validation,D01,8,,,,18.0024753403593,0.125,0,0,sens_gt98
plus_orientation_change,validation,D02,8,,,,31.500590636074424,0.25,0,0,sens_gt98
plus_orientation_change,validation,D03,8,,,,0.0,0.0,0,0,sens_gt98
plus_orientation_change,validation,D04,8,,,,27.0,0.125,0,0,sens_gt98
plus_orientation_change,validation,D05,40,,,,10.800216004320085,0.075,0,0,sens_gt98
plus_orientation_change,validation,D06,25,,,,161.28774181160696,0.6,0,0,sens_gt98
plus_orientation_change,validation,D07,40,,,,67.503515808115,0.15,0,0,sens_gt98
plus_orientation_change,validation,D08,40,,,,315.0098440576268,0.7,0,0,sens_gt98
plus_orientation_change,validation,D09,40,,,,270.0084377636801,0.625,0,0,sens_gt98
plus_orientation_change,validation,D10,40,,,,330.0034375358077,0.75,0,0,sens_gt98
plus_orientation_change,validation,D11,40,,,,247.51804819101395,0.825,0,0,sens_gt98
plus_orientation_change,validation,D12,40,,,,82.5,0.225,0,0,sens_gt98
plus_orientation_change,validation,D13,25,,,,600.0100001666694,1.0,0,0,sens_gt98
plus_orientation_change,validation,D14,40,,,,510.0,0.875,0,0,sens_gt98
plus_orientation_change,validation,D15,40,,,,37.5,0.125,0,0,sens_gt98
plus_orientation_change,validation,D16,40,,,,105.01312664083011,0.225,0,0,sens_gt98
plus_orientation_change,validation,D17,40,,,,118.80712842770565,0.625,0,0,sens_gt98
plus_orientation_change,validation,D18,25,,,,324.01620081004046,0.88,0,0,sens_gt98
plus_orientation_change,validation,D19,25,,,,396.0,0.76,0,0,sens_gt98
plus_orientation_change,validation,F01,25,0.96,0.96,0.04,,,1,0,sens_gt98
plus_orientation_change,validation,F02,25,1.0,1.0,0.0,,,0,0,sens_gt98
plus_orientation_change,validation,F03,25,1.0,0.96,0.04,,,0,1,sens_gt98
plus_orientation_change,validation,F04,25,0.96,0.96,0.04,,,1,0,sens_gt98
plus_orientation_change,validation,F05,25,1.0,1.0,0.0,,,0,0,sens_gt98
plus_orientation_change,validation,F06,25,0.96,0.96,0.04,,,1,0,sens_gt98
plus_orientation_change,validation,F07,25,1.0,1.0,0.0,,,0,0,sens_gt98
plus_orientation_change,validation,F08,25,0.96,0.96,0.04,,,1,0,sens_gt98
plus_orientation_change,validation,F09,25,1.0,1.0,0.0,,,0,0,sens_gt98
plus_orientation_change,validation,F10,25,1.0,1.0,0.0,,,0,0,sens_gt98
plus_orientation_change,validation,F11,25,0.96,0.92,0.08,,,1,1,sens_gt98
plus_orientation_change,validation,F12,25,1.0,1.0,0.0,,,0,0,sens_gt98
plus_orientation_change,validation,F13,25,1.0,1.0,0.0,,,0,0,sens_gt98
plus_orientation_change,validation,F14,25,1.0,1.0,0.0,,,0,0,sens_gt98
plus_orientation_change,validation,F15,25,1.0,1.0,0.0,,,0,0,sens_gt98
plus_orientation_change,validation,D01,8,,,,0.0,0.0,0,0,BA_reference
plus_orientation_change,validation,D02,8,,,,0.0,0.0,0,0,BA_reference
plus_orientation_change,validation,D03,8,,,,0.0,0.0,0,0,BA_reference
plus_orientation_change,validation,D04,8,,,,0.0,0.0,0,0,BA_reference
plus_orientation_change,validation,D05,40,,,,0.0,0.0,0,0,BA_reference
plus_orientation_change,validation,D06,25,,,,0.0,0.0,0,0,BA_reference
plus_orientation_change,validation,D07,40,,,,0.0,0.0,0,0,BA_reference
plus_orientation_change,validation,D08,40,,,,0.0,0.0,0,0,BA_reference
plus_orientation_change,validation,D09,40,,,,0.0,0.0,0,0,BA_reference
plus_orientation_change,validation,D10,40,,,,0.0,0.0,0,0,BA_reference
plus_orientation_change,validation,D11,40,,,,0.0,0.0,0,0,BA_reference
plus_orientation_change,validation,D12,40,,,,0.0,0.0,0,0,BA_reference
plus_orientation_change,validation,D13,25,,,,24.000400006666776,0.08,0,0,BA_reference
plus_orientation_change,validation,D14,40,,,,30.0,0.1,0,0,BA_reference
plus_orientation_change,validation,D15,40,,,,0.0,0.0,0,0,BA_reference
plus_orientation_change,validation,D16,40,,,,0.0,0.0,0,0,BA_reference
plus_orientation_change,validation,D17,40,,,,0.0,0.0,0,0,BA_reference
plus_orientation_change,validation,D18,25,,,,0.0,0.0,0,0,BA_reference
plus_orientation_change,validation,D19,25,,,,72.0,0.16,0,0,BA_reference
plus_orientation_change,validation,F01,25,0.96,0.84,0.16,,,1,3,BA_reference
plus_orientation_change,validation,F02,25,1.0,1.0,0.0,,,0,0,BA_reference
plus_orientation_change,validation,F03,25,1.0,0.92,0.08,,,0,2,BA_reference
plus_orientation_change,validation,F04,25,0.96,0.96,0.04,,,1,0,BA_reference
plus_orientation_change,validation,F05,25,1.0,0.92,0.08,,,0,2,BA_reference
plus_orientation_change,validation,F06,25,0.96,0.96,0.04,,,1,0,BA_reference
plus_orientation_change,validation,F07,25,1.0,0.92,0.08,,,0,2,BA_reference
plus_orientation_change,validation,F08,25,0.96,0.88,0.12,,,1,2,BA_reference
plus_orientation_change,validation,F09,25,1.0,0.96,0.04,,,0,1,BA_reference
plus_orientation_change,validation,F10,25,1.0,1.0,0.0,,,0,0,BA_reference
plus_orientation_change,validation,F11,25,0.96,0.92,0.08,,,1,1,BA_reference
plus_orientation_change,validation,F12,25,1.0,1.0,0.0,,,0,0,BA_reference
plus_orientation_change,validation,F13,25,1.0,0.96,0.04,,,0,1,BA_reference
plus_orientation_change,validation,F14,25,1.0,1.0,0.0,,,0,0,BA_reference
plus_orientation_change,validation,F15,25,1.0,0.96,0.04,,,0,1,BA_reference
all7,validation,D01,8,,,,0.0,0.0,0,0,FA_le_1
all7,validation,D02,8,,,,0.0,0.0,0,0,FA_le_1
all7,validation,D03,8,,,,0.0,0.0,0,0,FA_le_1
all7,validation,D04,8,,,,0.0,0.0,0,0,FA_le_1
all7,validation,D05,40,,,,0.0,0.0,0,0,FA_le_1
all7,validation,D06,25,,,,0.0,0.0,0,0,FA_le_1
all7,validation,D07,40,,,,0.0,0.0,0,0,FA_le_1
all7,validation,D08,40,,,,0.0,0.0,0,0,FA_le_1
all7,validation,D09,40,,,,0.0,0.0,0,0,FA_le_1
all7,validation,D10,40,,,,0.0,0.0,0,0,FA_le_1
all7,validation,D11,40,,,,0.0,0.0,0,0,FA_le_1
all7,validation,D12,40,,,,0.0,0.0,0,0,FA_le_1
all7,validation,D13,25,,,,12.000200003333388,0.04,0,0,FA_le_1
all7,validation,D14,40,,,,15.0,0.05,0,0,FA_le_1
all7,validation,D15,40,,,,0.0,0.0,0,0,FA_le_1
all7,validation,D16,40,,,,0.0,0.0,0,0,FA_le_1
all7,validation,D17,40,,,,0.0,0.0,0,0,FA_le_1
all7,validation,D18,25,,,,0.0,0.0,0,0,FA_le_1
all7,validation,D19,25,,,,0.0,0.0,0,0,FA_le_1
all7,validation,F01,25,0.96,0.84,0.16,,,1,3,FA_le_1
all7,validation,F02,25,1.0,1.0,0.0,,,0,0,FA_le_1
all7,validation,F03,25,1.0,0.88,0.12,,,0,3,FA_le_1
all7,validation,F04,25,0.96,0.92,0.08,,,1,1,FA_le_1
all7,validation,F05,25,1.0,0.92,0.08,,,0,2,FA_le_1
all7,validation,F06,25,0.96,0.96,0.04,,,1,0,FA_le_1
all7,validation,F07,25,1.0,0.88,0.12,,,0,3,FA_le_1
all7,validation,F08,25,0.96,0.88,0.12,,,1,2,FA_le_1
all7,validation,F09,25,1.0,0.96,0.04,,,0,1,FA_le_1
all7,validation,F10,25,1.0,1.0,0.0,,,0,0,FA_le_1
all7,validation,F11,25,0.96,0.92,0.08,,,1,1,FA_le_1
all7,validation,F12,25,1.0,1.0,0.0,,,0,0,FA_le_1
all7,validation,F13,25,1.0,0.92,0.08,,,0,2,FA_le_1
all7,validation,F14,25,1.0,1.0,0.0,,,0,0,FA_le_1
all7,validation,F15,25,1.0,0.96,0.04,,,0,1,FA_le_1
all7,validation,D01,8,,,,0.0,0.0,0,0,FA_le_5
all7,validation,D02,8,,,,0.0,0.0,0,0,FA_le_5
all7,validation,D03,8,,,,0.0,0.0,0,0,FA_le_5
all7,validation,D04,8,,,,0.0,0.0,0,0,FA_le_5
all7,validation,D05,40,,,,0.0,0.0,0,0,FA_le_5
all7,validation,D06,25,,,,5.760276493271677,0.04,0,0,FA_le_5
all7,validation,D07,40,,,,0.0,0.0,0,0,FA_le_5
all7,validation,D08,40,,,,0.0,0.0,0,0,FA_le_5
all7,validation,D09,40,,,,0.0,0.0,0,0,FA_le_5
all7,validation,D10,40,,,,0.0,0.0,0,0,FA_le_5
all7,validation,D11,40,,,,0.0,0.0,0,0,FA_le_5
all7,validation,D12,40,,,,0.0,0.0,0,0,FA_le_5
all7,validation,D13,25,,,,24.000400006666776,0.08,0,0,FA_le_5
all7,validation,D14,40,,,,60.0,0.2,0,0,FA_le_5
all7,validation,D15,40,,,,0.0,0.0,0,0,FA_le_5
all7,validation,D16,40,,,,0.0,0.0,0,0,FA_le_5
all7,validation,D17,40,,,,0.0,0.0,0,0,FA_le_5
all7,validation,D18,25,,,,24.001200060002997,0.08,0,0,FA_le_5
all7,validation,D19,25,,,,24.0,0.08,0,0,FA_le_5
all7,validation,F01,25,0.96,0.84,0.16,,,1,3,FA_le_5
all7,validation,F02,25,1.0,1.0,0.0,,,0,0,FA_le_5
all7,validation,F03,25,1.0,0.92,0.08,,,0,2,FA_le_5
all7,validation,F04,25,0.96,0.92,0.08,,,1,1,FA_le_5
all7,validation,F05,25,1.0,0.92,0.08,,,0,2,FA_le_5
all7,validation,F06,25,0.96,0.96,0.04,,,1,0,FA_le_5
all7,validation,F07,25,1.0,0.92,0.08,,,0,2,FA_le_5
all7,validation,F08,25,0.96,0.92,0.08,,,1,1,FA_le_5
all7,validation,F09,25,1.0,0.96,0.04,,,0,1,FA_le_5
all7,validation,F10,25,1.0,1.0,0.0,,,0,0,FA_le_5
all7,validation,F11,25,0.96,0.92,0.08,,,1,1,FA_le_5
all7,validation,F12,25,1.0,1.0,0.0,,,0,0,FA_le_5
all7,validation,F13,25,1.0,0.96,0.04,,,0,1,FA_le_5
all7,validation,F14,25,1.0,1.0,0.0,,,0,0,FA_le_5
all7,validation,F15,25,1.0,1.0,0.0,,,0,0,FA_le_5
all7,validation,D01,8,,,,0.0,0.0,0,0,FA_le_10
all7,validation,D02,8,,,,0.0,0.0,0,0,FA_le_10
all7,validation,D03,8,,,,0.0,0.0,0,0,FA_le_10
all7,validation,D04,8,,,,0.0,0.0,0,0,FA_le_10
all7,validation,D05,40,,,,0.0,0.0,0,0,FA_le_10
all7,validation,D06,25,,,,5.760276493271677,0.04,0,0,FA_le_10
all7,validation,D07,40,,,,0.0,0.0,0,0,FA_le_10
all7,validation,D08,40,,,,7.5002343823244475,0.025,0,0,FA_le_10
all7,validation,D09,40,,,,0.0,0.0,0,0,FA_le_10
all7,validation,D10,40,,,,0.0,0.0,0,0,FA_le_10
all7,validation,D11,40,,,,0.0,0.0,0,0,FA_le_10
all7,validation,D12,40,,,,0.0,0.0,0,0,FA_le_10
all7,validation,D13,25,,,,36.00060001000017,0.12,0,0,FA_le_10
all7,validation,D14,40,,,,75.0,0.25,0,0,FA_le_10
all7,validation,D15,40,,,,0.0,0.0,0,0,FA_le_10
all7,validation,D16,40,,,,0.0,0.0,0,0,FA_le_10
all7,validation,D17,40,,,,0.0,0.0,0,0,FA_le_10
all7,validation,D18,25,,,,36.001800090004494,0.12,0,0,FA_le_10
all7,validation,D19,25,,,,24.0,0.08,0,0,FA_le_10
all7,validation,F01,25,0.96,0.88,0.12,,,1,2,FA_le_10
all7,validation,F02,25,1.0,1.0,0.0,,,0,0,FA_le_10
all7,validation,F03,25,1.0,0.92,0.08,,,0,2,FA_le_10
all7,validation,F04,25,0.96,0.92,0.08,,,1,1,FA_le_10
all7,validation,F05,25,1.0,0.92,0.08,,,0,2,FA_le_10
all7,validation,F06,25,0.96,0.96,0.04,,,1,0,FA_le_10
all7,validation,F07,25,1.0,0.96,0.04,,,0,1,FA_le_10
all7,validation,F08,25,0.96,0.92,0.08,,,1,1,FA_le_10
all7,validation,F09,25,1.0,0.96,0.04,,,0,1,FA_le_10
all7,validation,F10,25,1.0,1.0,0.0,,,0,0,FA_le_10
all7,validation,F11,25,0.96,0.92,0.08,,,1,1,FA_le_10
all7,validation,F12,25,1.0,1.0,0.0,,,0,0,FA_le_10
all7,validation,F13,25,1.0,1.0,0.0,,,0,0,FA_le_10
all7,validation,F14,25,1.0,1.0,0.0,,,0,0,FA_le_10
all7,validation,F15,25,1.0,1.0,0.0,,,0,0,FA_le_10
all7,validation,D01,8,,,,0.0,0.0,0,0,FA_le_20
all7,validation,D02,8,,,,0.0,0.0,0,0,FA_le_20
all7,validation,D03,8,,,,0.0,0.0,0,0,FA_le_20
all7,validation,D04,8,,,,0.0,0.0,0,0,FA_le_20
all7,validation,D05,40,,,,0.0,0.0,0,0,FA_le_20
all7,validation,D06,25,,,,17.280829479815033,0.12,0,0,FA_le_20
all7,validation,D07,40,,,,0.0,0.0,0,0,FA_le_20
all7,validation,D08,40,,,,7.5002343823244475,0.025,0,0,FA_le_20
all7,validation,D09,40,,,,0.0,0.0,0,0,FA_le_20
all7,validation,D10,40,,,,0.0,0.0,0,0,FA_le_20
all7,validation,D11,40,,,,15.001093829758421,0.05,0,0,FA_le_20
all7,validation,D12,40,,,,0.0,0.0,0,0,FA_le_20
all7,validation,D13,25,,,,108.0018000300005,0.36,0,0,FA_le_20
all7,validation,D14,40,,,,112.5,0.325,0,0,FA_le_20
all7,validation,D15,40,,,,0.0,0.0,0,0,FA_le_20
all7,validation,D16,40,,,,0.0,0.0,0,0,FA_le_20
all7,validation,D17,40,,,,0.0,0.0,0,0,FA_le_20
all7,validation,D18,25,,,,84.0042002100105,0.24,0,0,FA_le_20
all7,validation,D19,25,,,,36.0,0.08,0,0,FA_le_20
all7,validation,F01,25,0.96,0.88,0.12,,,1,2,FA_le_20
all7,validation,F02,25,1.0,1.0,0.0,,,0,0,FA_le_20
all7,validation,F03,25,1.0,0.92,0.08,,,0,2,FA_le_20
all7,validation,F04,25,0.96,0.96,0.04,,,1,0,FA_le_20
all7,validation,F05,25,1.0,0.92,0.08,,,0,2,FA_le_20
all7,validation,F06,25,0.96,0.96,0.04,,,1,0,FA_le_20
all7,validation,F07,25,1.0,1.0,0.0,,,0,0,FA_le_20
all7,validation,F08,25,0.96,0.96,0.04,,,1,0,FA_le_20
all7,validation,F09,25,1.0,0.96,0.04,,,0,1,FA_le_20
all7,validation,F10,25,1.0,1.0,0.0,,,0,0,FA_le_20
all7,validation,F11,25,0.96,0.92,0.08,,,1,1,FA_le_20
all7,validation,F12,25,1.0,1.0,0.0,,,0,0,FA_le_20
all7,validation,F13,25,1.0,1.0,0.0,,,0,0,FA_le_20
all7,validation,F14,25,1.0,1.0,0.0,,,0,0,FA_le_20
all7,validation,F15,25,1.0,1.0,0.0,,,0,0,FA_le_20
all7,validation,D01,8,,,,0.0,0.0,0,0,sens_ge95
all7,validation,D02,8,,,,0.0,0.0,0,0,sens_ge95
all7,validation,D03,8,,,,0.0,0.0,0,0,sens_ge95
all7,validation,D04,8,,,,0.0,0.0,0,0,sens_ge95
all7,validation,D05,40,,,,0.0,0.0,0,0,sens_ge95
all7,validation,D06,25,,,,5.760276493271677,0.04,0,0,sens_ge95
all7,validation,D07,40,,,,0.0,0.0,0,0,sens_ge95
all7,validation,D08,40,,,,7.5002343823244475,0.025,0,0,sens_ge95
all7,validation,D09,40,,,,0.0,0.0,0,0,sens_ge95
all7,validation,D10,40,,,,0.0,0.0,0,0,sens_ge95
all7,validation,D11,40,,,,0.0,0.0,0,0,sens_ge95
all7,validation,D12,40,,,,0.0,0.0,0,0,sens_ge95
all7,validation,D13,25,,,,24.000400006666776,0.08,0,0,sens_ge95
all7,validation,D14,40,,,,67.5,0.225,0,0,sens_ge95
all7,validation,D15,40,,,,0.0,0.0,0,0,sens_ge95
all7,validation,D16,40,,,,0.0,0.0,0,0,sens_ge95
all7,validation,D17,40,,,,0.0,0.0,0,0,sens_ge95
all7,validation,D18,25,,,,24.001200060002997,0.08,0,0,sens_ge95
all7,validation,D19,25,,,,24.0,0.08,0,0,sens_ge95
all7,validation,F01,25,0.96,0.88,0.12,,,1,2,sens_ge95
all7,validation,F02,25,1.0,1.0,0.0,,,0,0,sens_ge95
all7,validation,F03,25,1.0,0.92,0.08,,,0,2,sens_ge95
all7,validation,F04,25,0.96,0.92,0.08,,,1,1,sens_ge95
all7,validation,F05,25,1.0,0.92,0.08,,,0,2,sens_ge95
all7,validation,F06,25,0.96,0.96,0.04,,,1,0,sens_ge95
all7,validation,F07,25,1.0,0.92,0.08,,,0,2,sens_ge95
all7,validation,F08,25,0.96,0.92,0.08,,,1,1,sens_ge95
all7,validation,F09,25,1.0,0.96,0.04,,,0,1,sens_ge95
all7,validation,F10,25,1.0,1.0,0.0,,,0,0,sens_ge95
all7,validation,F11,25,0.96,0.92,0.08,,,1,1,sens_ge95
all7,validation,F12,25,1.0,1.0,0.0,,,0,0,sens_ge95
all7,validation,F13,25,1.0,1.0,0.0,,,0,0,sens_ge95
all7,validation,F14,25,1.0,1.0,0.0,,,0,0,sens_ge95
all7,validation,F15,25,1.0,1.0,0.0,,,0,0,sens_ge95
all7,validation,D01,8,,,,0.0,0.0,0,0,sens_ge97
all7,validation,D02,8,,,,0.0,0.0,0,0,sens_ge97
all7,validation,D03,8,,,,0.0,0.0,0,0,sens_ge97
all7,validation,D04,8,,,,0.0,0.0,0,0,sens_ge97
all7,validation,D05,40,,,,0.0,0.0,0,0,sens_ge97
all7,validation,D06,25,,,,34.561658959630066,0.24,0,0,sens_ge97
all7,validation,D07,40,,,,0.0,0.0,0,0,sens_ge97
all7,validation,D08,40,,,,60.00187505859558,0.175,0,0,sens_ge97
all7,validation,D09,40,,,,15.000468764648895,0.05,0,0,sens_ge97
all7,validation,D10,40,,,,45.00046875488287,0.15,0,0,sens_ge97
all7,validation,D11,40,,,,52.503828404154476,0.175,0,0,sens_ge97
all7,validation,D12,40,,,,0.0,0.0,0,0,sens_ge97
all7,validation,D13,25,,,,408.0068001133352,1.0,0,0,sens_ge97
all7,validation,D14,40,,,,240.0,0.55,0,0,sens_ge97
all7,validation,D15,40,,,,0.0,0.0,0,0,sens_ge97
all7,validation,D16,40,,,,0.0,0.0,0,0,sens_ge97
all7,validation,D17,40,,,,0.0,0.0,0,0,sens_ge97
all7,validation,D18,25,,,,120.00600030001499,0.36,0,0,sens_ge97
all7,validation,D19,25,,,,132.0,0.28,0,0,sens_ge97
all7,validation,F01,25,0.96,0.88,0.12,,,1,2,sens_ge97
all7,validation,F02,25,1.0,1.0,0.0,,,0,0,sens_ge97
all7,validation,F03,25,1.0,0.96,0.04,,,0,1,sens_ge97
all7,validation,F04,25,0.96,0.96,0.04,,,1,0,sens_ge97
all7,validation,F05,25,1.0,0.96,0.04,,,0,1,sens_ge97
all7,validation,F06,25,0.96,0.96,0.04,,,1,0,sens_ge97
all7,validation,F07,25,1.0,1.0,0.0,,,0,0,sens_ge97
all7,validation,F08,25,0.96,0.96,0.04,,,1,0,sens_ge97
all7,validation,F09,25,1.0,0.96,0.04,,,0,1,sens_ge97
all7,validation,F10,25,1.0,1.0,0.0,,,0,0,sens_ge97
all7,validation,F11,25,0.96,0.92,0.08,,,1,1,sens_ge97
all7,validation,F12,25,1.0,1.0,0.0,,,0,0,sens_ge97
all7,validation,F13,25,1.0,1.0,0.0,,,0,0,sens_ge97
all7,validation,F14,25,1.0,1.0,0.0,,,0,0,sens_ge97
all7,validation,F15,25,1.0,1.0,0.0,,,0,0,sens_ge97
all7,validation,D01,8,,,,0.0,0.0,0,0,sens_gt98
all7,validation,D02,8,,,,4.500084376582061,0.125,0,0,sens_gt98
all7,validation,D03,8,,,,0.0,0.0,0,0,sens_gt98
all7,validation,D04,8,,,,13.5,0.125,0,0,sens_gt98
all7,validation,D05,40,,,,0.0,0.0,0,0,sens_gt98
all7,validation,D06,25,,,,115.20552986543355,0.52,0,0,sens_gt98
all7,validation,D07,40,,,,15.000781290692222,0.05,0,0,sens_gt98
all7,validation,D08,40,,,,127.50398449951561,0.35,0,0,sens_gt98
all7,validation,D09,40,,,,67.50210944092002,0.225,0,0,sens_gt98
all7,validation,D10,40,,,,120.00125001302098,0.325,0,0,sens_gt98
all7,validation,D11,40,,,,142.510391382705,0.475,0,0,sens_gt98
all7,validation,D12,40,,,,15.0,0.05,0,0,sens_gt98
all7,validation,D13,25,,,,504.0084001400023,1.0,0,0,sens_gt98
all7,validation,D14,40,,,,375.0,0.775,0,0,sens_gt98
all7,validation,D15,40,,,,7.5,0.025,0,0,sens_gt98
all7,validation,D16,40,,,,37.50468808601075,0.125,0,0,sens_gt98
all7,validation,D17,40,,,,14.40086405184311,0.1,0,0,sens_gt98
all7,validation,D18,25,,,,240.01200060002998,0.72,0,0,sens_gt98
all7,validation,D19,25,,,,216.0,0.48,0,0,sens_gt98
all7,validation,F01,25,0.96,0.96,0.04,,,1,0,sens_gt98
all7,validation,F02,25,1.0,1.0,0.0,,,0,0,sens_gt98
all7,validation,F03,25,1.0,0.96,0.04,,,0,1,sens_gt98
all7,validation,F04,25,0.96,0.96,0.04,,,1,0,sens_gt98
all7,validation,F05,25,1.0,1.0,0.0,,,0,0,sens_gt98
all7,validation,F06,25,0.96,0.96,0.04,,,1,0,sens_gt98
all7,validation,F07,25,1.0,1.0,0.0,,,0,0,sens_gt98
all7,validation,F08,25,0.96,0.96,0.04,,,1,0,sens_gt98
all7,validation,F09,25,1.0,1.0,0.0,,,0,0,sens_gt98
all7,validation,F10,25,1.0,1.0,0.0,,,0,0,sens_gt98
all7,validation,F11,25,0.96,0.92,0.08,,,1,1,sens_gt98
all7,validation,F12,25,1.0,1.0,0.0,,,0,0,sens_gt98
all7,validation,F13,25,1.0,1.0,0.0,,,0,0,sens_gt98
all7,validation,F14,25,1.0,1.0,0.0,,,0,0,sens_gt98
all7,validation,F15,25,1.0,1.0,0.0,,,0,0,sens_gt98
all7,validation,D01,8,,,,0.0,0.0,0,0,BA_reference
all7,validation,D02,8,,,,0.0,0.0,0,0,BA_reference
all7,validation,D03,8,,,,0.0,0.0,0,0,BA_reference
all7,validation,D04,8,,,,0.0,0.0,0,0,BA_reference
all7,validation,D05,40,,,,0.0,0.0,0,0,BA_reference
all7,validation,D06,25,,,,5.760276493271677,0.04,0,0,BA_reference
all7,validation,D07,40,,,,0.0,0.0,0,0,BA_reference
all7,validation,D08,40,,,,0.0,0.0,0,0,BA_reference
all7,validation,D09,40,,,,0.0,0.0,0,0,BA_reference
all7,validation,D10,40,,,,0.0,0.0,0,0,BA_reference
all7,validation,D11,40,,,,0.0,0.0,0,0,BA_reference
all7,validation,D12,40,,,,0.0,0.0,0,0,BA_reference
all7,validation,D13,25,,,,12.000200003333388,0.04,0,0,BA_reference
all7,validation,D14,40,,,,22.5,0.075,0,0,BA_reference
all7,validation,D15,40,,,,0.0,0.0,0,0,BA_reference
all7,validation,D16,40,,,,0.0,0.0,0,0,BA_reference
all7,validation,D17,40,,,,0.0,0.0,0,0,BA_reference
all7,validation,D18,25,,,,12.000600030001499,0.04,0,0,BA_reference
all7,validation,D19,25,,,,0.0,0.0,0,0,BA_reference
all7,validation,F01,25,0.96,0.84,0.16,,,1,3,BA_reference
all7,validation,F02,25,1.0,1.0,0.0,,,0,0,BA_reference
all7,validation,F03,25,1.0,0.88,0.12,,,0,3,BA_reference
all7,validation,F04,25,0.96,0.92,0.08,,,1,1,BA_reference
all7,validation,F05,25,1.0,0.92,0.08,,,0,2,BA_reference
all7,validation,F06,25,0.96,0.96,0.04,,,1,0,BA_reference
all7,validation,F07,25,1.0,0.92,0.08,,,0,2,BA_reference
all7,validation,F08,25,0.96,0.88,0.12,,,1,2,BA_reference
all7,validation,F09,25,1.0,0.96,0.04,,,0,1,BA_reference
all7,validation,F10,25,1.0,1.0,0.0,,,0,0,BA_reference
all7,validation,F11,25,0.96,0.92,0.08,,,1,1,BA_reference
all7,validation,F12,25,1.0,1.0,0.0,,,0,0,BA_reference
all7,validation,F13,25,1.0,0.92,0.08,,,0,2,BA_reference
all7,validation,F14,25,1.0,1.0,0.0,,,0,0,BA_reference
all7,validation,F15,25,1.0,1.0,0.0,,,0,0,BA_reference
