threshold,candidate_recall,sensitivity,false_alarms_per_adl_hour,event_precision,trial_specificity,trial_balanced_accuracy,candidate_balanced_accuracy,detected_falls,missed_falls,adl_alarm_trials,adl_false_alarms,total_alarms,unmatched_duplicate_alarms
1.803608361899841e-13,0.9866666666666667,0.9866666666666667,1072.0542817795863,0.08434009573740597,0.08741258741258741,0.537039627039627,0.5,370,5,522,3289,4387,4017
1.837660119718174e-07,0.9866666666666667,0.9866666666666667,1071.728330340918,0.084359325125399,0.08741258741258741,0.537039627039627,0.5001249687578105,370,5,522,3288,4386,4016
4.2432844132501625e-06,0.9866666666666667,0.9866666666666667,1071.40237890225,0.08437856328392246,0.08741258741258741,0.537039627039627,0.5002499375156211,370,5,522,3287,4385,4015
4.48087787280536e-06,0.9866666666666667,0.9866666666666667,1071.0764274635817,0.0843978102189781,0.08741258741258741,0.537039627039627,0.5003749062734316,370,5,522,3286,4384,4014
7.844504207979345e-06,0.9866666666666667,0.9866666666666667,1070.7504760249135,0.08441706593657312,0.08741258741258741,0.537039627039627,0.5004998750312422,370,5,522,3285,4383,4013
8.243441662715156e-06,0.9866666666666667,0.9866666666666667,1070.4245245862455,0.08443633044272023,0.08741258741258741,0.537039627039627,0.5006248437890527,370,5,522,3284,4382,4012
1.0787270469024408e-05,0.9866666666666667,0.9866666666666667,1070.0985731475773,0.08445560374343757,0.08741258741258741,0.537039627039627,0.5007498125468632,370,5,522,3283,4381,4011
1.1033253975799748e-05,0.9866666666666667,0.9866666666666667,1069.7726217089091,0.08447488584474885,0.08741258741258741,0.537039627039627,0.5008747813046738,370,5,522,3282,4380,4010
1.2747367515010898e-05,0.9866666666666667,0.9866666666666667,1069.446670270241,0.08449417675268327,0.08741258741258741,0.537039627039627,0.5009997500624844,370,5,522,3281,4379,4009
1.3315910101797912e-05,0.9866666666666667,0.9866666666666667,1069.1207188315727,0.08451347647327546,0.08741258741258741,0.537039627039627,0.501124718820295,370,5,522,3280,4378,4008
1.5676197869697973e-05,0.9866666666666667,0.9866666666666667,1068.7947673929045,0.08453278501256568,0.08741258741258741,0.537039627039627,0.5012496875781055,370,5,522,3279,4377,4007
1.627793990594448e-05,0.9866666666666667,0.9866666666666667,1068.4688159542366,0.08455210237659963,0.08741258741258741,0.537039627039627,0.501374656335916,370,5,522,3278,4376,4006
2.4169178868876015e-05,0.9866666666666667,0.9866666666666667,1068.1428645155684,0.08457142857142858,0.08741258741258741,0.537039627039627,0.5014996250937266,370,5,522,3277,4375,4005
2.807447816823583e-05,0.9866666666666667,0.9866666666666667,1067.8169130769002,0.08459076360310928,0.08741258741258741,0.537039627039627,0.5016245938515371,370,5,522,3276,4374,4004
3.669786639243212e-05,0.9866666666666667,0.9866666666666667,1067.490961638232,0.08461010747770409,0.08741258741258741,0.537039627039627,0.5017495626093477,370,5,522,3275,4373,4003
3.953033001876265e-05,0.9866666666666667,0.9866666666666667,1067.1650101995638,0.08462946020128088,0.08741258741258741,0.537039627039627,0.5018745313671582,370,5,522,3274,4372,4002
6.164373283399954e-05,0.9866666666666667,0.9866666666666667,1066.8390587608956,0.08464882177991306,0.08741258741258741,0.537039627039627,0.5019995001249687,370,5,522,3273,4371,4001
6.749953100688405e-05,0.9866666666666667,0.9866666666666667,1066.5131073222274,0.08466819221967964,0.08741258741258741,0.537039627039627,0.5021244688827793,370,5,522,3272,4370,4000
6.753313825404452e-05,0.9866666666666667,0.9866666666666667,1066.1871558835594,0.08468757152666515,0.08741258741258741,0.537039627039627,0.5022494376405898,370,5,522,3271,4369,3999
0.00010782108048939753,0.9866666666666667,0.9866666666666667,1065.8612044448912,0.08470695970695971,0.08741258741258741,0.537039627039627,0.5023744063984004,370,5,522,3270,4368,3998
0.00011712322550219748,0.9866666666666667,0.9866666666666667,1065.535253006223,0.08472635676665903,0.08741258741258741,0.537039627039627,0.5024993751562109,370,5,522,3269,4367,3997
0.00012278620704071498,0.9866666666666667,0.9866666666666667,1065.2093015675548,0.0847457627118644,0.08741258741258741,0.537039627039627,0.5026243439140214,370,5,522,3268,4366,3996
0.00013105434177159285,0.9866666666666667,0.9866666666666667,1064.8833501288866,0.08476517754868271,0.08741258741258741,0.537039627039627,0.5027493126718321,370,5,522,3267,4365,3995
0.00015930549422656727,0.9866666666666667,0.9866666666666667,1064.5573986902184,0.0847846012832264,0.08741258741258741,0.537039627039627,0.5028742814296426,370,5,522,3266,4364,3994
0.00018510858552357376,0.9866666666666667,0.9866666666666667,1064.2314472515504,0.08480403392161356,0.08741258741258741,0.537039627039627,0.5029992501874532,370,5,522,3265,4363,3993
0.00019206202358547107,0.9866666666666667,0.9866666666666667,1063.9054958128822,0.08482347546996791,0.08741258741258741,0.537039627039627,0.5031242189452637,370,5,522,3264,4362,3992
0.00019467569481058334,0.9866666666666667,0.9866666666666667,1063.579544374214,0.08484292593441871,0.08741258741258741,0.537039627039627,0.5032491877030743,370,5,522,3263,4361,3991
0.00020757333692194096,0.9866666666666667,0.9866666666666667,1063.2535929355458,0.08486238532110092,0.08741258741258741,0.537039627039627,0.5033741564608848,370,5,522,3262,4360,3990
0.00021655357016744662,0.9866666666666667,0.9866666666666667,1062.9276414968776,0.08488185363615508,0.08741258741258741,0.537039627039627,0.5034991252186953,370,5,522,3261,4359,3989
0.00022185335272893118,0.9866666666666667,0.9866666666666667,1062.6016900582094,0.08490133088572739,0.08741258741258741,0.537039627039627,0.5036240939765059,370,5,522,3260,4358,3988
0.00022288542447178257,0.9866666666666667,0.9866666666666667,1062.2757386195415,0.0849208170759697,0.08741258741258741,0.537039627039627,0.5037490627343164,370,5,522,3259,4357,3987
0.0002606097375171147,0.9866666666666667,0.9866666666666667,1061.9497871808733,0.08494031221303948,0.08741258741258741,0.537039627039627,0.503874031492127,370,5,522,3258,4356,3986
0.00026383287935251873,0.9866666666666667,0.9866666666666667,1061.623835742205,0.08495981630309989,0.08741258741258741,0.537039627039627,0.5039990002499375,370,5,522,3257,4355,3985
0.00027581296615754184,0.9866666666666667,0.9866666666666667,1061.2978843035369,0.08497932935231971,0.08741258741258741,0.537039627039627,0.504123969007748,370,5,522,3256,4354,3984
0.0002760531572738566,0.9866666666666667,0.9866666666666667,1060.9719328648687,0.08499885136687342,0.08741258741258741,0.537039627039627,0.5042489377655586,370,5,522,3255,4353,3983
0.00028326768437590016,0.9866666666666667,0.9866666666666667,1060.6459814262005,0.08501838235294118,0.08741258741258741,0.537039627039627,0.5043739065233691,370,5,522,3254,4352,3982
0.00033227177260468306,0.9866666666666667,0.9866666666666667,1060.3200299875323,0.0850379223167088,0.08916083916083917,0.537913752913753,0.5044988752811798,370,5,521,3253,4351,3981
0.00034572691828375744,0.9866666666666667,0.9866666666666667,1059.9940785488643,0.08505747126436781,0.08916083916083917,0.537913752913753,0.5046238440389903,370,5,521,3252,4350,3980
0.00034754757704118396,0.9866666666666667,0.9866666666666667,1059.668127110196,0.08507702920211543,0.08916083916083917,0.537913752913753,0.5047488127968008,370,5,521,3251,4349,3979
0.0003561953907826619,0.9866666666666667,0.9866666666666667,1059.342175671528,0.08509659613615456,0.08916083916083917,0.537913752913753,0.5048737815546114,370,5,521,3250,4348,3978
0.0003660679227190639,0.9866666666666667,0.9866666666666667,1059.0162242328597,0.08511617207269381,0.08916083916083917,0.537913752913753,0.5049987503124219,370,5,521,3249,4347,3977
0.0003660717548686948,0.9866666666666667,0.9866666666666667,1058.6902727941915,0.08513575701794754,0.08916083916083917,0.537913752913753,0.5051237190702325,370,5,521,3248,4346,3976
0.00043953892108958417,0.9866666666666667,0.9866666666666667,1058.3643213555233,0.08515535097813579,0.08916083916083917,0.537913752913753,0.505248687828043,370,5,521,3247,4345,3975
0.00044292503732571673,0.9866666666666667,0.9866666666666667,1058.0383699168553,0.08517495395948435,0.08916083916083917,0.537913752913753,0.5053736565858535,370,5,521,3246,4344,3974
0.00046946912694980204,0.9866666666666667,0.9866666666666667,1057.7124184781871,0.08519456596822474,0.08916083916083917,0.537913752913753,0.5054986253436641,370,5,521,3245,4343,3973
0.00047092062905551097,0.9866666666666667,0.9866666666666667,1057.386467039519,0.0852141870105942,0.08916083916083917,0.537913752913753,0.5056235941014746,370,5,521,3244,4342,3972
0.0004998291130790715,0.9866666666666667,0.9866666666666667,1057.0605156008507,0.08523381709283576,0.08916083916083917,0.537913752913753,0.5057485628592852,370,5,521,3243,4341,3971
0.0005101614771430988,0.9866666666666667,0.9866666666666667,1056.7345641621826,0.08525345622119816,0.08916083916083917,0.537913752913753,0.5058735316170957,370,5,521,3242,4340,3970
0.0005103423245574217,0.9866666666666667,0.9866666666666667,1056.4086127235144,0.08527310440193593,0.08916083916083917,0.537913752913753,0.5059985003749062,370,5,521,3241,4339,3969
0.0005311031132056687,0.9866666666666667,0.9866666666666667,1056.0826612848464,0.08529276164130936,0.08916083916083917,0.537913752913753,0.5061234691327168,370,5,521,3240,4338,3968
0.0005346263946797962,0.9866666666666667,0.9866666666666667,1055.7567098461782,0.08531242794558451,0.08916083916083917,0.537913752913753,0.5062484378905273,370,5,521,3239,4337,3967
0.0005363566857482273,0.9866666666666667,0.9866666666666667,1055.43075840751,0.0853321033210332,0.08916083916083917,0.537913752913753,0.506373406648338,370,5,521,3238,4336,3966
0.000536696945058954,0.9866666666666667,0.9866666666666667,1055.1048069688418,0.0853517877739331,0.08916083916083917,0.537913752913753,0.5064983754061485,370,5,521,3237,4335,3965
0.0005387778983864677,0.9866666666666667,0.9866666666666667,1054.7788555301736,0.0853714813105676,0.08916083916083917,0.537913752913753,0.506623344163959,370,5,521,3236,4334,3964
0.000541907976151387,0.9866666666666667,0.9866666666666667,1054.4529040915054,0.08539118393722595,0.08916083916083917,0.537913752913753,0.5067483129217696,370,5,521,3235,4333,3963
0.0005429322331418781,0.9866666666666667,0.9866666666666667,1054.1269526528374,0.08541089566020314,0.08916083916083917,0.537913752913753,0.5068732816795801,370,5,521,3234,4332,3962
0.0005473320966276638,0.9866666666666667,0.9866666666666667,1053.8010012141692,0.08543061648580004,0.08916083916083917,0.537913752913753,0.5069982504373907,370,5,521,3233,4331,3961
0.0005541757869967561,0.9866666666666667,0.9866666666666667,1053.475049775501,0.08545034642032333,0.08916083916083917,0.537913752913753,0.5071232191952012,370,5,521,3232,4330,3960
0.0005621863502255012,0.9866666666666667,0.9866666666666667,1053.1490983368328,0.08547008547008547,0.08916083916083917,0.537913752913753,0.5072481879530117,370,5,521,3231,4329,3959
0.0005710495132394933,0.9866666666666667,0.9866666666666667,1052.8231468981646,0.0854898336414048,0.08916083916083917,0.537913752913753,0.5073731567108223,370,5,521,3230,4328,3958
0.0005774556780125682,0.9866666666666667,0.9866666666666667,1052.4971954594964,0.0855095909406055,0.08916083916083917,0.537913752913753,0.5074981254686328,370,5,521,3229,4327,3957
0.0005817777446335134,0.9866666666666667,0.9866666666666667,1052.1712440208282,0.08552935737401757,0.08916083916083917,0.537913752913753,0.5076230942264434,370,5,521,3228,4326,3956
0.0005848313270857896,0.9866666666666667,0.9866666666666667,1051.8452925821603,0.08554913294797688,0.08916083916083917,0.537913752913753,0.5077480629842539,370,5,521,3227,4325,3955
0.0005910692972817812,0.9866666666666667,0.9866666666666667,1051.519341143492,0.08556891766882516,0.08916083916083917,0.537913752913753,0.5078730317420644,370,5,521,3226,4324,3954
0.0006074057662271258,0.9866666666666667,0.9866666666666667,1051.1933897048239,0.08558871154291002,0.08916083916083917,0.537913752913753,0.507998000499875,370,5,521,3225,4323,3953
0.0006266377135661005,0.9866666666666667,0.9866666666666667,1050.8674382661557,0.08560851457658492,0.08916083916083917,0.537913752913753,0.5081229692576856,370,5,521,3224,4322,3952
0.0006271724655836128,0.9866666666666667,0.9866666666666667,1050.5414868274875,0.08562832677620921,0.08916083916083917,0.537913752913753,0.5082479380154962,370,5,521,3223,4321,3951
0.0006451801973859227,0.9866666666666667,0.9866666666666667,1050.2155353888193,0.08564814814814815,0.08916083916083917,0.537913752913753,0.5083729067733067,370,5,521,3222,4320,3950
0.0006472980277677258,0.9866666666666667,0.9866666666666667,1049.8895839501513,0.08566797869877286,0.08916083916083917,0.537913752913753,0.5084978755311172,370,5,521,3221,4319,3949
0.0006621266918524076,0.9866666666666667,0.9866666666666667,1049.563632511483,0.0856878184344604,0.08916083916083917,0.537913752913753,0.5086228442889278,370,5,521,3220,4318,3948
0.0006622731786026285,0.9866666666666667,0.9866666666666667,1049.237681072815,0.0857076673615937,0.08916083916083917,0.537913752913753,0.5087478130467383,370,5,521,3219,4317,3947
0.0006707063604278546,0.9866666666666667,0.9866666666666667,1048.9117296341467,0.08572752548656164,0.08916083916083917,0.537913752913753,0.5088727818045489,370,5,521,3218,4316,3946
0.0006724235625321738,0.9866666666666667,0.9866666666666667,1048.5857781954785,0.08574739281575898,0.08916083916083917,0.537913752913753,0.5089977505623594,370,5,521,3217,4315,3945
0.0006779517283829575,0.9866666666666667,0.9866666666666667,1048.2598267568103,0.08576726935558646,0.08916083916083917,0.537913752913753,0.50912271932017,370,5,521,3216,4314,3944
0.0006901884443741852,0.9866666666666667,0.9866666666666667,1047.9338753181423,0.08578715511245073,0.08916083916083917,0.537913752913753,0.5092476880779805,370,5,521,3215,4313,3943
0.00069102827951481,0.9866666666666667,0.9866666666666667,1047.6079238794741,0.08580705009276438,0.08916083916083917,0.537913752913753,0.509372656835791,370,5,521,3214,4312,3942
0.0006937258708353378,0.9866666666666667,0.9866666666666667,1047.281972440806,0.08582695430294596,0.08916083916083917,0.537913752913753,0.5094976255936016,370,5,521,3213,4311,3941
0.0006960623381854978,0.9866666666666667,0.9866666666666667,1046.9560210021377,0.08584686774941995,0.08916083916083917,0.537913752913753,0.5096225943514121,370,5,521,3212,4310,3940
0.000697423805388494,0.9866666666666667,0.9866666666666667,1046.6300695634695,0.08586679043861685,0.08916083916083917,0.537913752913753,0.5097475631092226,370,5,521,3211,4309,3939
0.0007045635470211281,0.9866666666666667,0.9866666666666667,1046.6300695634695,0.08588672237697308,0.08916083916083917,0.537913752913753,0.5098725318670333,370,5,521,3211,4308,3938
0.0007169018181690845,0.9866666666666667,0.9866666666666667,1046.3041181248013,0.08590666357093105,0.08916083916083917,0.537913752913753,0.5099975006248438,370,5,521,3210,4307,3937
0.0007303945907646593,0.9866666666666667,0.9866666666666667,1045.9781666861331,0.08592661402693916,0.08916083916083917,0.537913752913753,0.5101224693826544,370,5,521,3209,4306,3936
0.0007312760092614475,0.9866666666666667,0.9866666666666667,1045.6522152474652,0.0859465737514518,0.08916083916083917,0.537913752913753,0.5102474381404649,370,5,521,3208,4305,3935
0.0007381448565502472,0.9866666666666667,0.9866666666666667,1045.326263808797,0.08596654275092937,0.08916083916083917,0.537913752913753,0.5103724068982755,370,5,521,3207,4304,3934
0.0007454847380510937,0.9866666666666667,0.9866666666666667,1045.0003123701288,0.08598652103183825,0.08916083916083917,0.537913752913753,0.510497375656086,370,5,521,3206,4303,3933
0.0007470794761964278,0.9866666666666667,0.9866666666666667,1045.0003123701288,0.08600650860065086,0.08916083916083917,0.537913752913753,0.5106223444138965,370,5,521,3206,4302,3932
0.0007479625281275529,0.9866666666666667,0.9866666666666667,1044.6743609314606,0.08602650546384562,0.08916083916083917,0.537913752913753,0.5107473131717071,370,5,521,3205,4301,3931
0.0007501420403095523,0.9866666666666667,0.9866666666666667,1044.3484094927924,0.08604651162790698,0.08916083916083917,0.537913752913753,0.5108722819295176,370,5,521,3204,4300,3930
0.0007551398844381482,0.9866666666666667,0.9866666666666667,1044.0224580541242,0.08606652709932543,0.08916083916083917,0.537913752913753,0.5109972506873282,370,5,521,3203,4299,3929
0.0007582720844048448,0.9866666666666667,0.9866666666666667,1043.6965066154562,0.08608655188459749,0.08916083916083917,0.537913752913753,0.5111222194451387,370,5,521,3202,4298,3928
0.0007784294939479894,0.9866666666666667,0.9866666666666667,1043.370555176788,0.08610658599022573,0.08916083916083917,0.537913752913753,0.5112471882029492,370,5,521,3201,4297,3927
0.0007784892410212793,0.9866666666666667,0.9866666666666667,1043.0446037381198,0.08612662942271881,0.08916083916083917,0.537913752913753,0.5113721569607598,370,5,521,3200,4296,3926
0.0007835476778734232,0.9866666666666667,0.9866666666666667,1042.7186522994516,0.08614668218859138,0.08916083916083917,0.537913752913753,0.5114971257185703,370,5,521,3199,4295,3925
0.0007958793295993696,0.9866666666666667,0.9866666666666667,1042.3927008607834,0.08616674429436423,0.08916083916083917,0.537913752913753,0.5116220944763809,370,5,521,3198,4294,3924
0.0008087952392633247,0.9866666666666667,0.9866666666666667,1042.0667494221152,0.08618681574656417,0.08916083916083917,0.537913752913753,0.5117470632341915,370,5,521,3197,4293,3923
0.0008097238328087745,0.9866666666666667,0.9866666666666667,1041.7407979834472,0.08620689655172414,0.08916083916083917,0.537913752913753,0.511872031992002,370,5,521,3196,4292,3922
0.0008110009760160738,0.9866666666666667,0.9866666666666667,1041.414846544779,0.08622698671638312,0.08916083916083917,0.537913752913753,0.5119970007498126,370,5,521,3195,4291,3921
0.0008132194468793838,0.9866666666666667,0.9866666666666667,1041.0888951061108,0.08624708624708624,0.08916083916083917,0.537913752913753,0.5121219695076231,370,5,521,3194,4290,3920
0.0008200117593616154,0.9866666666666667,0.9866666666666667,1041.0888951061108,0.08626719515038471,0.08916083916083917,0.537913752913753,0.5122469382654337,370,5,521,3194,4289,3919
0.0008238570140877134,0.9866666666666667,0.9866666666666667,1040.7629436674426,0.08628731343283583,0.08916083916083917,0.537913752913753,0.5123719070232442,370,5,521,3193,4288,3918
0.0008252718034116051,0.9866666666666667,0.9866666666666667,1040.4369922287744,0.08630744110100304,0.08916083916083917,0.537913752913753,0.5124968757810547,370,5,521,3192,4287,3917
0.0008273728225989503,0.9866666666666667,0.9866666666666667,1040.1110407901062,0.0863275781614559,0.08916083916083917,0.537913752913753,0.5126218445388653,370,5,521,3191,4286,3916
0.0008273742943547167,0.9866666666666667,0.9866666666666667,1039.785089351438,0.08634772462077013,0.08916083916083917,0.537913752913753,0.5127468132966758,370,5,521,3190,4285,3915
0.0008364568308279189,0.9866666666666667,0.9866666666666667,1039.45913791277,0.08636788048552754,0.08916083916083917,0.537913752913753,0.5128717820544864,370,5,521,3189,4284,3914
0.000836617091775676,0.9866666666666667,0.9866666666666667,1039.1331864741019,0.08638804576231614,0.08916083916083917,0.537913752913753,0.5129967508122969,370,5,521,3188,4283,3913
0.0008384385669824729,0.9866666666666667,0.9866666666666667,1038.8072350354337,0.08640822045773003,0.08916083916083917,0.537913752913753,0.5131217195701074,370,5,521,3187,4282,3912
0.0008390318599821688,0.9866666666666667,0.9866666666666667,1038.4812835967655,0.08642840457836953,0.08916083916083917,0.537913752913753,0.513246688327918,370,5,521,3186,4281,3911
0.000843080924269016,0.9866666666666667,0.9866666666666667,1038.1553321580973,0.08644859813084112,0.08916083916083917,0.537913752913753,0.5133716570857285,370,5,521,3185,4280,3910
0.0008442732794587924,0.9866666666666667,0.9866666666666667,1037.829380719429,0.08646880112175742,0.08916083916083917,0.537913752913753,0.5134966258435392,370,5,521,3184,4279,3909
0.0008443777590805206,0.9866666666666667,0.9866666666666667,1037.503429280761,0.08648901355773726,0.08916083916083917,0.537913752913753,0.5136215946013497,370,5,521,3183,4278,3908
0.0008496196180049365,0.9866666666666667,0.9866666666666667,1037.177477842093,0.08650923544540566,0.08916083916083917,0.537913752913753,0.5137465633591602,370,5,521,3182,4277,3907
0.0008534030404218018,0.9866666666666667,0.9866666666666667,1036.8515264034247,0.08652946679139382,0.08916083916083917,0.537913752913753,0.5138715321169708,370,5,521,3181,4276,3906
0.0008606694796087026,0.9866666666666667,0.9866666666666667,1036.5255749647565,0.08654970760233918,0.08916083916083917,0.537913752913753,0.5139965008747813,370,5,521,3180,4275,3905
0.0008657072251996146,0.9866666666666667,0.9866666666666667,1036.1996235260883,0.08656995788488535,0.08916083916083917,0.537913752913753,0.5141214696325919,370,5,521,3179,4274,3904
0.0008663672588567321,0.9866666666666667,0.9866666666666667,1035.8736720874201,0.08659021764568219,0.08916083916083917,0.537913752913753,0.5142464383904024,370,5,521,3178,4273,3903
0.0008688957031634406,0.9866666666666667,0.9866666666666667,1035.5477206487521,0.08661048689138577,0.08916083916083917,0.537913752913753,0.514371407148213,370,5,521,3177,4272,3902
0.0008716600734199551,0.9866666666666667,0.9866666666666667,1035.221769210084,0.08663076562865839,0.08916083916083917,0.537913752913753,0.5144963759060235,370,5,521,3176,4271,3901
0.000872544706733563,0.9866666666666667,0.9866666666666667,1034.8958177714158,0.08665105386416862,0.08916083916083917,0.537913752913753,0.514621344663834,370,5,521,3175,4270,3900
0.0008756268948214939,0.9866666666666667,0.9866666666666667,1034.5698663327476,0.08667135160459125,0.08916083916083917,0.537913752913753,0.5147463134216446,370,5,521,3174,4269,3899
0.0008798052744056183,0.9866666666666667,0.9866666666666667,1034.2439148940794,0.0866916588566073,0.08916083916083917,0.537913752913753,0.5148712821794551,370,5,521,3173,4268,3898
0.0008863927736806487,0.9866666666666667,0.9866666666666667,1033.9179634554112,0.08671197562690415,0.08916083916083917,0.537913752913753,0.5149962509372656,370,5,521,3172,4267,3897
0.0008881536288111808,0.9866666666666667,0.9866666666666667,1033.5920120167432,0.08673230192217533,0.08916083916083917,0.537913752913753,0.5151212196950762,370,5,521,3171,4266,3896
0.0008921970279188698,0.9866666666666667,0.9866666666666667,1033.266060578075,0.08675263774912075,0.08916083916083917,0.537913752913753,0.5152461884528867,370,5,521,3170,4265,3895
0.0008927061159590255,0.9866666666666667,0.9866666666666667,1032.9401091394068,0.08677298311444653,0.08916083916083917,0.537913752913753,0.5153711572106974,370,5,521,3169,4264,3894
0.0008937451402685005,0.9866666666666667,0.9866666666666667,1032.6141577007386,0.08679333802486512,0.08916083916083917,0.537913752913753,0.5154961259685079,370,5,521,3168,4263,3893
0.0008976457510778298,0.9866666666666667,0.9866666666666667,1032.2882062620704,0.08681370248709526,0.08916083916083917,0.537913752913753,0.5156210947263185,370,5,521,3167,4262,3892
0.0008997490255507847,0.9866666666666667,0.9866666666666667,1031.9622548234022,0.086834076507862,0.08916083916083917,0.537913752913753,0.515746063484129,370,5,521,3166,4261,3891
0.0009037048129113903,0.9866666666666667,0.9866666666666667,1031.636303384734,0.08685446009389672,0.08916083916083917,0.537913752913753,0.5158710322419395,370,5,521,3165,4260,3890
0.0009071867289205429,0.9866666666666667,0.9866666666666667,1031.310351946066,0.08687485325193707,0.08916083916083917,0.537913752913753,0.5159960009997501,370,5,521,3164,4259,3889
0.0009079988839770915,0.9866666666666667,0.9866666666666667,1030.9844005073978,0.0868952559887271,0.08916083916083917,0.537913752913753,0.5161209697575606,370,5,521,3163,4258,3888
0.0009128093708943424,0.9866666666666667,0.9866666666666667,1030.6584490687296,0.08691566831101714,0.08916083916083917,0.537913752913753,0.5162459385153711,370,5,521,3162,4257,3887
0.0009160642192970407,0.9866666666666667,0.9866666666666667,1030.3324976300614,0.08693609022556391,0.08916083916083917,0.537913752913753,0.5163709072731817,370,5,521,3161,4256,3886
0.0009214609013161267,0.9866666666666667,0.9866666666666667,1030.0065461913932,0.08695652173913043,0.08916083916083917,0.537913752913753,0.5164958760309922,370,5,521,3160,4255,3885
0.0009253620824322573,0.9866666666666667,0.9866666666666667,1029.680594752725,0.08697696285848613,0.08916083916083917,0.537913752913753,0.5166208447888028,370,5,521,3159,4254,3884
0.0009264323745987148,0.9866666666666667,0.9866666666666667,1029.354643314057,0.08699741359040677,0.08916083916083917,0.537913752913753,0.5167458135466133,370,5,521,3158,4253,3883
0.0009282852305681848,0.9866666666666667,0.9866666666666667,1029.0286918753889,0.08701787394167451,0.08916083916083917,0.537913752913753,0.5168707823044238,370,5,521,3157,4252,3882
0.0009350612089064305,0.9866666666666667,0.9866666666666667,1028.7027404367207,0.08703834391907786,0.08916083916083917,0.537913752913753,0.5169957510622344,370,5,521,3156,4251,3881
0.0009351937864096996,0.9866666666666667,0.9866666666666667,1028.3767889980525,0.08705882352941176,0.08916083916083917,0.537913752913753,0.517120719820045,370,5,521,3155,4250,3880
0.0009367932236232554,0.9866666666666667,0.9866666666666667,1028.0508375593843,0.08707931277947753,0.08916083916083917,0.537913752913753,0.5172456885778556,370,5,521,3154,4249,3879
0.0009376295184391218,0.9866666666666667,0.9866666666666667,1027.724886120716,0.08709981167608287,0.08916083916083917,0.537913752913753,0.5173706573356661,370,5,521,3153,4248,3878
0.0009388284114265226,0.9866666666666667,0.9866666666666667,1027.398934682048,0.08712032022604191,0.08916083916083917,0.537913752913753,0.5174956260934767,370,5,521,3152,4247,3877
0.0009393456568799254,0.9866666666666667,0.9866666666666667,1027.07298324338,0.08714083843617522,0.08916083916083917,0.537913752913753,0.5176205948512872,370,5,521,3151,4246,3876
0.00094153594568813,0.9866666666666667,0.9866666666666667,1026.7470318047117,0.08716136631330977,0.08916083916083917,0.537913752913753,0.5177455636090977,370,5,521,3150,4245,3875
0.00094385441600988,0.9866666666666667,0.9866666666666667,1026.4210803660435,0.08718190386427899,0.08916083916083917,0.537913752913753,0.5178705323669083,370,5,521,3149,4244,3874
0.0009448922235911688,0.9866666666666667,0.9866666666666667,1026.0951289273753,0.0872024510959227,0.08916083916083917,0.537913752913753,0.5179955011247188,370,5,521,3148,4243,3873
0.0009528348845824088,0.9866666666666667,0.9866666666666667,1025.769177488707,0.08722300801508723,0.08916083916083917,0.537913752913753,0.5181204698825294,370,5,521,3147,4242,3872
0.0009542696329281105,0.9866666666666667,0.9866666666666667,1025.443226050039,0.08724357462862532,0.08916083916083917,0.537913752913753,0.5182454386403399,370,5,521,3146,4241,3871
0.0009697484533242824,0.9866666666666667,0.9866666666666667,1025.117274611371,0.08726415094339622,0.08916083916083917,0.537913752913753,0.5183704073981504,370,5,521,3145,4240,3870
0.0009755879086220498,0.9866666666666667,0.9866666666666667,1024.7913231727027,0.08728473696626562,0.08916083916083917,0.537913752913753,0.518495376155961,370,5,521,3144,4239,3869
0.0009773415924413662,0.9866666666666667,0.9866666666666667,1024.4653717340345,0.0873053327041057,0.08916083916083917,0.537913752913753,0.5186203449137715,370,5,521,3143,4238,3868
0.0009780669441914664,0.9866666666666667,0.9866666666666667,1024.1394202953663,0.08732593816379514,0.08916083916083917,0.537913752913753,0.518745313671582,370,5,521,3142,4237,3867
0.0009811927232227945,0.9866666666666667,0.9866666666666667,1023.8134688566983,0.08734655335221908,0.08916083916083917,0.537913752913753,0.5188702824293927,370,5,521,3141,4236,3866
0.0009821961173876257,0.9866666666666667,0.9866666666666667,1023.48751741803,0.08736717827626919,0.08916083916083917,0.537913752913753,0.5189952511872032,370,5,521,3140,4235,3865
0.0009861604489163022,0.9866666666666667,0.9866666666666667,1023.1615659793619,0.08738781294284365,0.08916083916083917,0.537913752913753,0.5191202199450138,370,5,521,3139,4234,3864
0.0009862001692441818,0.9866666666666667,0.9866666666666667,1022.8356145406938,0.08740845735884716,0.08916083916083917,0.537913752913753,0.5192451887028243,370,5,521,3138,4233,3863
0.000988595451089833,0.9866666666666667,0.9866666666666667,1022.5096631020256,0.08742911153119093,0.08916083916083917,0.537913752913753,0.5193701574606349,370,5,521,3137,4232,3862
0.000999844424143073,0.9866666666666667,0.9866666666666667,1022.1837116633574,0.08744977546679272,0.08916083916083917,0.537913752913753,0.5194951262184454,370,5,521,3136,4231,3861
0.0010036275987229568,0.9866666666666667,0.9866666666666667,1022.1837116633574,0.08747044917257683,0.08916083916083917,0.537913752913753,0.5196200949762559,370,5,521,3136,4230,3860
0.0010066245701326804,0.9866666666666667,0.9866666666666667,1021.8577602246892,0.0874911326554741,0.08916083916083917,0.537913752913753,0.5197450637340665,370,5,521,3135,4229,3859
0.0010148258789053114,0.9866666666666667,0.9866666666666667,1021.5318087860211,0.08751182592242195,0.08916083916083917,0.537913752913753,0.519870032491877,370,5,521,3134,4228,3858
0.0010193434133133176,0.9866666666666667,0.9866666666666667,1021.2058573473529,0.08753252898036433,0.08916083916083917,0.537913752913753,0.5199950012496876,370,5,521,3133,4227,3857
0.001027125875787037,0.9866666666666667,0.9866666666666667,1020.8799059086847,0.08755324183625178,0.08916083916083917,0.537913752913753,0.5201199700074981,370,5,521,3132,4226,3856
0.001032202081055535,0.9866666666666667,0.9866666666666667,1020.5539544700166,0.08757396449704143,0.08916083916083917,0.537913752913753,0.5202449387653086,370,5,521,3131,4225,3855
0.0010382086647426365,0.9866666666666667,0.9866666666666667,1020.2280030313484,0.08759469696969698,0.08916083916083917,0.537913752913753,0.5203699075231192,370,5,521,3130,4224,3854
0.0010417432501650926,0.9866666666666667,0.9866666666666667,1019.9020515926802,0.08761543926118873,0.08916083916083917,0.537913752913753,0.5204948762809297,370,5,521,3129,4223,3853
0.0010421343064457944,0.9866666666666667,0.9866666666666667,1019.5761001540121,0.0876361913784936,0.08916083916083917,0.537913752913753,0.5206198450387403,370,5,521,3128,4222,3852
0.001051673522824298,0.9866666666666667,0.9866666666666667,1019.2501487153439,0.08765695332859512,0.08916083916083917,0.537913752913753,0.5207448137965509,370,5,521,3127,4221,3851
0.0010527016212995679,0.9866666666666667,0.9866666666666667,1018.9241972766757,0.08767772511848342,0.08916083916083917,0.537913752913753,0.5208697825543614,370,5,521,3126,4220,3850
0.0010598166849585357,0.9866666666666667,0.9866666666666667,1018.5982458380076,0.08769850675515525,0.08916083916083917,0.537913752913753,0.520994751312172,370,5,521,3125,4219,3849
0.0010601527962660852,0.9866666666666667,0.9866666666666667,1018.5982458380076,0.08771929824561403,0.08916083916083917,0.537913752913753,0.5211197200699825,370,5,521,3125,4218,3848
0.0010604579104551042,0.9866666666666667,0.9866666666666667,1018.2722943993394,0.08774009959686982,0.08916083916083917,0.537913752913753,0.5212446888277931,370,5,521,3124,4217,3847
0.001063254626014135,0.9866666666666667,0.9866666666666667,1017.9463429606712,0.08776091081593927,0.08916083916083917,0.537913752913753,0.5213696575856036,370,5,521,3123,4216,3846
0.0010646043627917236,0.9866666666666667,0.9866666666666667,1017.6203915220032,0.08778173190984578,0.08916083916083917,0.537913752913753,0.5214946263434141,370,5,521,3122,4215,3845
0.001074824006194855,0.9866666666666667,0.9866666666666667,1017.6203915220032,0.08780256288561937,0.08916083916083917,0.537913752913753,0.5216195951012247,370,5,521,3122,4214,3844
0.0010760820445488003,0.9866666666666667,0.9866666666666667,1017.294440083335,0.0878234037502967,0.08916083916083917,0.537913752913753,0.5217445638590352,370,5,521,3121,4213,3843
0.0010779362335941478,0.9866666666666667,0.9866666666666667,1016.9684886446668,0.08784425451092118,0.08916083916083917,0.537913752913753,0.5218695326168458,370,5,521,3120,4212,3842
0.0010799950429538946,0.9866666666666667,0.9866666666666667,1016.9684886446668,0.08786511517454286,0.08916083916083917,0.537913752913753,0.5219945013746563,370,5,521,3120,4211,3841
0.001084072689955345,0.9866666666666667,0.9866666666666667,1016.6425372059987,0.08788598574821853,0.08916083916083917,0.537913752913753,0.5221194701324668,370,5,521,3119,4210,3840
0.0010844047492598928,0.9866666666666667,0.9866666666666667,1016.3165857673305,0.08790686623901164,0.08916083916083917,0.537913752913753,0.5222444388902774,370,5,521,3118,4209,3839
0.0010867680160235927,0.9866666666666667,0.9866666666666667,1015.9906343286623,0.0879277566539924,0.08916083916083917,0.537913752913753,0.5223694076480879,370,5,521,3117,4208,3838
0.0010898993415371617,0.9866666666666667,0.9866666666666667,1015.6646828899941,0.0879486570002377,0.08916083916083917,0.537913752913753,0.5224943764058986,370,5,521,3116,4207,3837
0.00109421120897117,0.9866666666666667,0.9866666666666667,1015.338731451326,0.0879695672848312,0.08916083916083917,0.537913752913753,0.5226193451637091,370,5,521,3115,4206,3836
0.0010966829770815154,0.9866666666666667,0.9866666666666667,1015.0127800126578,0.08799048751486326,0.08916083916083917,0.537913752913753,0.5227443139215197,370,5,521,3114,4205,3835
0.0011198496923580234,0.9866666666666667,0.9866666666666667,1014.6868285739896,0.08801141769743102,0.08916083916083917,0.537913752913753,0.5228692826793302,370,5,521,3113,4204,3834
0.001129080224777022,0.9866666666666667,0.9866666666666667,1014.3608771353215,0.08803235783963835,0.08916083916083917,0.537913752913753,0.5229942514371407,370,5,521,3112,4203,3833
0.0011329511178610667,0.9866666666666667,0.9866666666666667,1014.0349256966533,0.08805330794859591,0.08916083916083917,0.537913752913753,0.5231192201949513,370,5,521,3111,4202,3832
0.001161716771207963,0.9866666666666667,0.9866666666666667,1013.7089742579851,0.08807426803142109,0.08916083916083917,0.537913752913753,0.5232441889527618,370,5,521,3110,4201,3831
0.001162108673757911,0.9866666666666667,0.9866666666666667,1013.383022819317,0.0880952380952381,0.08916083916083917,0.537913752913753,0.5233691577105724,370,5,521,3109,4200,3830
0.0011648082146636385,0.9866666666666667,0.9866666666666667,1013.0570713806488,0.0881162181471779,0.08916083916083917,0.537913752913753,0.5234941264683829,370,5,521,3108,4199,3829
0.0011706657298113004,0.9866666666666667,0.9866666666666667,1013.0570713806488,0.08813720819437827,0.08916083916083917,0.537913752913753,0.5236190952261934,370,5,521,3108,4198,3828
0.001176068519088321,0.9866666666666667,0.9866666666666667,1012.7311199419806,0.0881582082439838,0.08916083916083917,0.537913752913753,0.523744063984004,370,5,521,3107,4197,3827
0.0012009493111861988,0.9866666666666667,0.9866666666666667,1012.4051685033126,0.08817921830314586,0.08916083916083917,0.537913752913753,0.5238690327418145,370,5,521,3106,4196,3826
0.0012111158123548104,0.9866666666666667,0.9866666666666667,1012.0792170646444,0.08820023837902265,0.08916083916083917,0.537913752913753,0.523994001499625,370,5,521,3105,4195,3825
0.0012147226816569291,0.9866666666666667,0.9866666666666667,1011.7532656259762,0.0882212684787792,0.08916083916083917,0.537913752913753,0.5241189702574356,370,5,521,3104,4194,3824
0.001217560125823064,0.9866666666666667,0.9866666666666667,1011.4273141873081,0.08824230860958741,0.08916083916083917,0.537913752913753,0.5242439390152462,370,5,521,3103,4193,3823
0.0012186289542382208,0.9866666666666667,0.9866666666666667,1011.1013627486399,0.08826335877862596,0.08916083916083917,0.537913752913753,0.5243689077730568,370,5,521,3102,4192,3822
0.0012187631042103939,0.9866666666666667,0.9866666666666667,1010.7754113099717,0.08828441899308041,0.08916083916083917,0.537913752913753,0.5244938765308673,370,5,521,3101,4191,3821
0.0012209487246956775,0.9866666666666667,0.9866666666666667,1010.4494598713036,0.0883054892601432,0.08916083916083917,0.537913752913753,0.5246188452886779,370,5,521,3100,4190,3820
0.0012285238715357071,0.9866666666666667,0.9866666666666667,1010.1235084326354,0.08832656958701361,0.08916083916083917,0.537913752913753,0.5247438140464884,370,5,521,3099,4189,3819
0.0012312562108771933,0.9866666666666667,0.9866666666666667,1009.7975569939672,0.0883476599808978,0.08916083916083917,0.537913752913753,0.5248687828042989,370,5,521,3098,4188,3818
0.0012356829326243175,0.9866666666666667,0.9866666666666667,1009.4716055552991,0.08836876044900883,0.08916083916083917,0.537913752913753,0.5249937515621095,370,5,521,3097,4187,3817
0.0012362707572475737,0.9866666666666667,0.9866666666666667,1009.1456541166309,0.08838987099856666,0.08916083916083917,0.537913752913753,0.52511872031992,370,5,521,3096,4186,3816
0.0012367027919990082,0.9866666666666667,0.9866666666666667,1008.8197026779627,0.0884109916367981,0.08916083916083917,0.537913752913753,0.5252436890777306,370,5,521,3095,4185,3815
0.0012424623140003014,0.9866666666666667,0.9866666666666667,1008.4937512392945,0.08843212237093691,0.08916083916083917,0.537913752913753,0.5253686578355411,370,5,521,3094,4184,3814
0.001247050702784083,0.9866666666666667,0.9866666666666667,1008.1677998006264,0.08845326320822376,0.08916083916083917,0.537913752913753,0.5254936265933516,370,5,521,3093,4183,3813
0.0012562639171371484,0.9866666666666667,0.9866666666666667,1007.8418483619582,0.08847441415590626,0.08916083916083917,0.537913752913753,0.5256185953511622,370,5,521,3092,4182,3812
0.0012589636207236516,0.9866666666666667,0.9866666666666667,1007.51589692329,0.08849557522123894,0.08916083916083917,0.537913752913753,0.5257435641089727,370,5,521,3091,4181,3811
0.0012673024473369573,0.9866666666666667,0.9866666666666667,1007.189945484622,0.08851674641148326,0.08916083916083917,0.537913752913753,0.5258685328667833,370,5,521,3090,4180,3810
0.0012685964274057539,0.9866666666666667,0.9866666666666667,1006.8639940459537,0.08853792773390763,0.08916083916083917,0.537913752913753,0.5259935016245938,370,5,521,3089,4179,3809
0.0012804751438183755,0.9866666666666667,0.9866666666666667,1006.5380426072855,0.08855911919578746,0.08916083916083917,0.537913752913753,0.5261184703824044,370,5,521,3088,4178,3808
0.0012863704592537295,0.9866666666666667,0.9866666666666667,1006.2120911686175,0.08858032080440507,0.08916083916083917,0.537913752913753,0.526243439140215,370,5,521,3087,4177,3807
0.0012939506811598985,0.9866666666666667,0.9866666666666667,1005.8861397299493,0.0886015325670498,0.08916083916083917,0.537913752913753,0.5263684078980255,370,5,521,3086,4176,3806
0.0013055111920907186,0.9866666666666667,0.9866666666666667,1005.5601882912811,0.08862275449101796,0.08916083916083917,0.537913752913753,0.5264933766558361,370,5,521,3085,4175,3805
0.0013060893621341318,0.9866666666666667,0.9866666666666667,1005.234236852613,0.08864398658361285,0.08916083916083917,0.537913752913753,0.5266183454136466,370,5,521,3084,4174,3804
0.001308762598111156,0.9866666666666667,0.9866666666666667,1004.9082854139448,0.08866522885214474,0.08916083916083917,0.537913752913753,0.5267433141714571,370,5,521,3083,4173,3803
0.0013171424535321679,0.9866666666666667,0.9866666666666667,1004.5823339752766,0.08868648130393098,0.08916083916083917,0.537913752913753,0.5268682829292677,370,5,521,3082,4172,3802
0.001322243783475986,0.9866666666666667,0.9866666666666667,1004.2563825366085,0.08870774394629585,0.08916083916083917,0.537913752913753,0.5269932516870782,370,5,521,3081,4171,3801
0.0013296980386262784,0.9866666666666667,0.9866666666666667,1003.9304310979403,0.08872901678657075,0.08916083916083917,0.537913752913753,0.5271182204448888,370,5,521,3080,4170,3800
0.0013425094072410002,0.9866666666666667,0.9866666666666667,1003.6044796592721,0.08875029983209402,0.08916083916083917,0.537913752913753,0.5272431892026993,370,5,521,3079,4169,3799
0.0013489073865904934,0.9866666666666667,0.9866666666666667,1003.278528220604,0.08877159309021113,0.08916083916083917,0.537913752913753,0.5273681579605098,370,5,521,3078,4168,3798
0.001352386352248405,0.9866666666666667,0.9866666666666667,1002.9525767819358,0.08879289656827453,0.08916083916083917,0.537913752913753,0.5274931267183204,370,5,521,3077,4167,3797
0.0013559369797956934,0.9866666666666667,0.9866666666666667,1002.6266253432676,0.08881421027364378,0.08916083916083917,0.537913752913753,0.5276180954761309,370,5,521,3076,4166,3796
0.0013619013931967332,0.9866666666666667,0.9866666666666667,1002.3006739045995,0.08883553421368548,0.08916083916083917,0.537913752913753,0.5277430642339415,370,5,521,3075,4165,3795
0.0013638800751692446,0.9866666666666667,0.9866666666666667,1001.9747224659313,0.0888568683957733,0.08916083916083917,0.537913752913753,0.5278680329917521,370,5,521,3074,4164,3794
0.0013652755006161013,0.9866666666666667,0.9866666666666667,1001.6487710272631,0.08887821282728801,0.08916083916083917,0.537913752913753,0.5279930017495627,370,5,521,3073,4163,3793
0.0013772357442275811,0.9866666666666667,0.9866666666666667,1001.6487710272631,0.08889956751561749,0.08916083916083917,0.537913752913753,0.5281179705073732,370,5,521,3073,4162,3792
0.001384706363583804,0.9866666666666667,0.9866666666666667,1001.3228195885949,0.08892093246815669,0.08916083916083917,0.537913752913753,0.5282429392651837,370,5,521,3072,4161,3791
0.0013881224903931223,0.9866666666666667,0.9866666666666667,1000.9968681499269,0.0889423076923077,0.08916083916083917,0.537913752913753,0.5283679080229943,370,5,521,3071,4160,3790
0.0013883444683947062,0.9866666666666667,0.9866666666666667,1000.9968681499269,0.08896369319547968,0.08916083916083917,0.537913752913753,0.5284928767808048,370,5,521,3071,4159,3789
0.0013895589301600364,0.9866666666666667,0.9866666666666667,1000.6709167112587,0.08898508898508899,0.08916083916083917,0.537913752913753,0.5286178455386153,370,5,521,3070,4158,3788
0.001389827453789916,0.9866666666666667,0.9866666666666667,1000.3449652725905,0.08900649506855905,0.08916083916083917,0.537913752913753,0.5287428142964259,370,5,521,3069,4157,3787
0.001390721274078018,0.9866666666666667,0.9866666666666667,1000.0190138339224,0.08902791145332051,0.08916083916083917,0.537913752913753,0.5288677830542364,370,5,521,3068,4156,3786
0.0013939066933670995,0.9866666666666667,0.9866666666666667,999.6930623952542,0.08904933814681107,0.08916083916083917,0.537913752913753,0.528992751812047,370,5,521,3067,4155,3785
0.0013939693300651975,0.9866666666666667,0.9866666666666667,999.367110956586,0.08907077515647568,0.08916083916083917,0.537913752913753,0.5291177205698575,370,5,521,3066,4154,3784
0.0014003634953100791,0.9866666666666667,0.9866666666666667,999.0411595179179,0.08909222248976643,0.08916083916083917,0.537913752913753,0.529242689327668,370,5,521,3065,4153,3783
0.0014020658493666782,0.9866666666666667,0.9866666666666667,998.7152080792497,0.08911368015414259,0.08916083916083917,0.537913752913753,0.5293676580854786,370,5,521,3064,4152,3782
0.0014053346791659512,0.9866666666666667,0.9866666666666667,998.3892566405815,0.08913514815707059,0.08916083916083917,0.537913752913753,0.5294926268432891,370,5,521,3063,4151,3781
0.001406126195618471,0.9866666666666667,0.9866666666666667,998.0633052019134,0.0891566265060241,0.08916083916083917,0.537913752913753,0.5296175956010998,370,5,521,3062,4150,3780
0.001407030896065795,0.9866666666666667,0.9866666666666667,997.7373537632452,0.08917811520848397,0.08916083916083917,0.537913752913753,0.5297425643589103,370,5,521,3061,4149,3779
0.0014089512384350778,0.9866666666666667,0.9866666666666667,997.411402324577,0.08919961427193829,0.08916083916083917,0.537913752913753,0.5298675331167209,370,5,521,3060,4148,3778
0.0014121461649833416,0.9866666666666667,0.9866666666666667,997.0854508859089,0.08922112370388233,0.08916083916083917,0.537913752913753,0.5299925018745314,370,5,521,3059,4147,3777
0.0014167710481521687,0.9866666666666667,0.9866666666666667,996.7594994472407,0.08924264351181863,0.08916083916083917,0.537913752913753,0.5301174706323419,370,5,521,3058,4146,3776
0.0014188433790877856,0.9866666666666667,0.9866666666666667,996.4335480085725,0.08926417370325694,0.08916083916083917,0.537913752913753,0.5302424393901525,370,5,521,3057,4145,3775
0.0014225375155255803,0.9866666666666667,0.9866666666666667,996.1075965699044,0.08928571428571429,0.08916083916083917,0.537913752913753,0.530367408147963,370,5,521,3056,4144,3774
0.001428837100322523,0.9866666666666667,0.9866666666666667,995.7816451312362,0.08930726526671494,0.08916083916083917,0.537913752913753,0.5304923769057736,370,5,521,3055,4143,3773
0.001434213770573899,0.9866666666666667,0.9866666666666667,995.455693692568,0.08932882665379044,0.08916083916083917,0.537913752913753,0.5306173456635841,370,5,521,3054,4142,3772
0.0014364452616025401,0.9866666666666667,0.9866666666666667,995.1297422538998,0.08935039845447959,0.08916083916083917,0.537913752913753,0.5307423144213946,370,5,521,3053,4141,3771
0.001437903832172603,0.9866666666666667,0.9866666666666667,994.8037908152318,0.0893719806763285,0.08916083916083917,0.537913752913753,0.5308672831792052,370,5,521,3052,4140,3770
0.0014412048647643146,0.9866666666666667,0.9866666666666667,994.4778393765636,0.08939357332689055,0.08916083916083917,0.537913752913753,0.5309922519370157,370,5,521,3051,4139,3769
0.001442301697630852,0.9866666666666667,0.9866666666666667,994.1518879378954,0.08941517641372644,0.08916083916083917,0.537913752913753,0.5311172206948263,370,5,521,3050,4138,3768
0.0014431908266379775,0.9866666666666667,0.9866666666666667,993.8259364992273,0.08943678994440415,0.08916083916083917,0.537913752913753,0.5312421894526368,370,5,521,3049,4137,3767
0.001444521490828666,0.9866666666666667,0.9866666666666667,993.4999850605591,0.08945841392649903,0.08916083916083917,0.537913752913753,0.5313671582104473,370,5,521,3048,4136,3766
0.0014488192717345529,0.9866666666666667,0.9866666666666667,993.1740336218909,0.08948004836759371,0.08916083916083917,0.537913752913753,0.531492126968258,370,5,521,3047,4135,3765
0.0014529705686801785,0.9866666666666667,0.9866666666666667,992.8480821832228,0.08950169327527818,0.08916083916083917,0.537913752913753,0.5316170957260685,370,5,521,3046,4134,3764
0.0014594007443031987,0.9866666666666667,0.9866666666666667,992.8480821832228,0.08952334865714977,0.08916083916083917,0.537913752913753,0.5317420644838791,370,5,521,3046,4133,3763
0.0014621246029300145,0.9866666666666667,0.9866666666666667,992.5221307445546,0.08954501452081316,0.08916083916083917,0.537913752913753,0.5318670332416896,370,5,521,3045,4132,3762
0.0014650616976276084,0.9866666666666667,0.9866666666666667,992.1961793058864,0.08956669087388042,0.08916083916083917,0.537913752913753,0.5319920019995001,370,5,521,3044,4131,3761
0.0014673622708121605,0.9866666666666667,0.9866666666666667,991.8702278672183,0.08958837772397095,0.08916083916083917,0.537913752913753,0.5321169707573107,370,5,521,3043,4130,3760
0.0014677131307552571,0.9866666666666667,0.9866666666666667,991.5442764285501,0.08961007507871155,0.08916083916083917,0.537913752913753,0.5322419395151212,370,5,521,3042,4129,3759
0.0014727049907443698,0.9866666666666667,0.9866666666666667,991.2183249898819,0.08963178294573644,0.08916083916083917,0.537913752913753,0.5323669082729318,370,5,521,3041,4128,3758
0.0014759829197919002,0.9866666666666667,0.9866666666666667,990.8923735512138,0.08965350133268718,0.08916083916083917,0.537913752913753,0.5324918770307423,370,5,521,3040,4127,3757
0.0014765441243565123,0.9866666666666667,0.9866666666666667,990.5664221125456,0.0896752302472128,0.08916083916083917,0.537913752913753,0.5326168457885528,370,5,521,3039,4126,3756
0.0014867802022478622,0.9866666666666667,0.9866666666666667,990.2404706738774,0.08969696969696969,0.08916083916083917,0.537913752913753,0.5327418145463634,370,5,521,3038,4125,3755
0.0014909596991078775,0.9866666666666667,0.9866666666666667,989.9145192352094,0.08971871968962172,0.08916083916083917,0.537913752913753,0.5328667833041739,370,5,521,3037,4124,3754
0.001492509622764625,0.9866666666666667,0.9866666666666667,989.5885677965412,0.08974048023284016,0.08916083916083917,0.537913752913753,0.5329917520619845,370,5,521,3036,4123,3753
0.0014953134494113554,0.9866666666666667,0.9866666666666667,989.262616357873,0.08976225133430374,0.08916083916083917,0.537913752913753,0.5331167208197951,370,5,521,3035,4122,3752
0.0014954948346782777,0.9866666666666667,0.9866666666666667,988.9366649192049,0.08978403300169861,0.08916083916083917,0.537913752913753,0.5332416895776056,370,5,521,3034,4121,3751
0.0015013918542288993,0.9866666666666667,0.9866666666666667,988.6107134805367,0.08980582524271845,0.08916083916083917,0.537913752913753,0.5333666583354162,370,5,521,3033,4120,3750
0.0015018566547777342,0.9866666666666667,0.9866666666666667,988.2847620418685,0.08982762806506434,0.08916083916083917,0.537913752913753,0.5334916270932267,370,5,521,3032,4119,3749
0.0015077573098913187,0.9866666666666667,0.9866666666666667,987.9588106032003,0.08984944147644487,0.08916083916083917,0.537913752913753,0.5336165958510373,370,5,521,3031,4118,3748
0.0015082253485870585,0.9866666666666667,0.9866666666666667,987.6328591645322,0.08987126548457615,0.08916083916083917,0.537913752913753,0.5337415646088478,370,5,521,3030,4117,3747
0.0015120373664459098,0.9866666666666667,0.9866666666666667,987.306907725864,0.08989310009718172,0.08916083916083917,0.537913752913753,0.5338665333666583,370,5,521,3029,4116,3746
0.001521496625844014,0.9866666666666667,0.9866666666666667,986.9809562871958,0.0899149453219927,0.08916083916083917,0.537913752913753,0.5339915021244689,370,5,521,3028,4115,3745
0.0015216941891355912,0.9866666666666667,0.9866666666666667,986.6550048485277,0.0899368011667477,0.08916083916083917,0.537913752913753,0.5341164708822794,370,5,521,3027,4114,3744
0.0015366844012921457,0.9866666666666667,0.9866666666666667,986.3290534098595,0.0899586676391928,0.08916083916083917,0.537913752913753,0.53424143964009,370,5,521,3026,4113,3743
0.001536944204828077,0.9866666666666667,0.9866666666666667,986.0031019711913,0.08998054474708171,0.08916083916083917,0.537913752913753,0.5343664083979005,370,5,521,3025,4112,3742
0.0015484111180103016,0.9866666666666667,0.9866666666666667,985.6771505325232,0.09000243249817563,0.08916083916083917,0.537913752913753,0.534491377155711,370,5,521,3024,4111,3741
0.001548753478355786,0.9866666666666667,0.9866666666666667,985.6771505325232,0.09002433090024331,0.08916083916083917,0.537913752913753,0.5346163459135216,370,5,521,3024,4110,3740
0.0015493055315851693,0.9866666666666667,0.9866666666666667,985.351199093855,0.09004623996106109,0.08916083916083917,0.537913752913753,0.5347413146713321,370,5,521,3023,4109,3739
0.001563564457646676,0.9866666666666667,0.9866666666666667,985.0252476551868,0.09006815968841285,0.08916083916083917,0.537913752913753,0.5348662834291427,370,5,521,3022,4108,3738
0.0015741846164931785,0.9866666666666667,0.9866666666666667,984.6992962165187,0.09009009009009009,0.08916083916083917,0.537913752913753,0.5349912521869533,370,5,521,3021,4107,3737
0.0015756359440465364,0.9866666666666667,0.9866666666666667,984.3733447778505,0.09011203117389187,0.08916083916083917,0.537913752913753,0.5351162209447639,370,5,521,3020,4106,3736
0.0016062582616733973,0.9866666666666667,0.9866666666666667,984.0473933391823,0.09013398294762484,0.08916083916083917,0.537913752913753,0.5352411897025744,370,5,521,3019,4105,3735
0.001611490382801507,0.9866666666666667,0.9866666666666667,983.7214419005143,0.09015594541910331,0.08916083916083917,0.537913752913753,0.5353661584603849,370,5,521,3018,4104,3734
0.0016122724434143572,0.9866666666666667,0.9866666666666667,983.3954904618461,0.09017791859614915,0.08916083916083917,0.537913752913753,0.5354911272181955,370,5,521,3017,4103,3733
0.001617297867912252,0.9866666666666667,0.9866666666666667,983.0695390231779,0.0901999024865919,0.08916083916083917,0.537913752913753,0.535616095976006,370,5,521,3016,4102,3732
0.0016256427758434232,0.9866666666666667,0.9866666666666667,982.7435875845098,0.09022189709826872,0.08916083916083917,0.537913752913753,0.5357410647338166,370,5,521,3015,4101,3731
0.0016258371021633706,0.9866666666666667,0.9866666666666667,982.4176361458416,0.09024390243902439,0.08916083916083917,0.537913752913753,0.5358660334916271,370,5,521,3014,4100,3730
0.0016390711699605994,0.9866666666666667,0.9866666666666667,982.0916847071734,0.0902659185167114,0.08916083916083917,0.537913752913753,0.5359910022494376,370,5,521,3013,4099,3729
0.0016394936099293034,0.9866666666666667,0.9866666666666667,981.7657332685053,0.09028794533918985,0.08916083916083917,0.537913752913753,0.5361159710072482,370,5,521,3012,4098,3728
0.0016431882053432423,0.9866666666666667,0.9866666666666667,981.4397818298371,0.09030998291432756,0.08916083916083917,0.537913752913753,0.5362409397650587,370,5,521,3011,4097,3727
0.0016468468997784531,0.9866666666666667,0.9866666666666667,981.1138303911689,0.09033203125,0.08916083916083917,0.537913752913753,0.5363659085228693,370,5,521,3010,4096,3726
0.001651242492905697,0.9866666666666667,0.9866666666666667,980.7878789525007,0.09035409035409035,0.08916083916083917,0.537913752913753,0.5364908772806798,370,5,521,3009,4095,3725
0.0016519338675900508,0.9866666666666667,0.9866666666666667,980.4619275138326,0.0903761602344895,0.08916083916083917,0.537913752913753,0.5366158460384903,370,5,521,3008,4094,3724
0.0016529183278744435,0.9866666666666667,0.9866666666666667,980.1359760751644,0.09039824089909601,0.08916083916083917,0.537913752913753,0.5367408147963009,370,5,521,3007,4093,3723
0.0016692318863222781,0.9866666666666667,0.9866666666666667,980.1359760751644,0.09042033235581623,0.08916083916083917,0.537913752913753,0.5368657835541115,370,5,521,3007,4092,3722
0.0016787645529496543,0.9866666666666667,0.9866666666666667,979.8100246364962,0.09044243461256417,0.08916083916083917,0.537913752913753,0.5369907523119221,370,5,521,3006,4091,3721
0.0016792350913066817,0.9866666666666667,0.9866666666666667,979.4840731978281,0.09046454767726161,0.08916083916083917,0.537913752913753,0.5371157210697326,370,5,521,3005,4090,3720
0.0016835800126475883,0.9866666666666667,0.9866666666666667,979.1581217591599,0.0904866715578381,0.08916083916083917,0.537913752913753,0.5372406898275431,370,5,521,3004,4089,3719
0.0016844203573817649,0.9866666666666667,0.9866666666666667,978.8321703204917,0.09050880626223091,0.08916083916083917,0.537913752913753,0.5373656585853537,370,5,521,3003,4088,3718
0.0016942279819610957,0.9866666666666667,0.9866666666666667,978.5062188818237,0.09053095179838512,0.08916083916083917,0.537913752913753,0.5374906273431642,370,5,521,3002,4087,3717
0.0017144640572457702,0.9866666666666667,0.9866666666666667,978.1802674431555,0.09055310817425355,0.08916083916083917,0.537913752913753,0.5376155961009748,370,5,521,3001,4086,3716
0.0017162978512800925,0.9866666666666667,0.9866666666666667,977.8543160044873,0.09057527539779682,0.08916083916083917,0.537913752913753,0.5377405648587853,370,5,521,3000,4085,3715
0.0017283110612225606,0.9866666666666667,0.9866666666666667,977.5283645658192,0.09059745347698335,0.08916083916083917,0.537913752913753,0.5378655336165958,370,5,521,2999,4084,3714
0.0017337000322678832,0.9866666666666667,0.9866666666666667,977.202413127151,0.09061964241978937,0.08916083916083917,0.537913752913753,0.5379905023744064,370,5,521,2998,4083,3713
0.0017356331643513174,0.9866666666666667,0.9866666666666667,976.8764616884828,0.09064184223419892,0.08916083916083917,0.537913752913753,0.5381154711322169,370,5,521,2997,4082,3712
0.001736735902065968,0.9866666666666667,0.9866666666666667,976.5505102498147,0.09066405292820387,0.08916083916083917,0.537913752913753,0.5382404398900275,370,5,521,2996,4081,3711
0.0017387971365245877,0.9866666666666667,0.9866666666666667,976.2245588111465,0.09068627450980392,0.08916083916083917,0.537913752913753,0.538365408647838,370,5,521,2995,4080,3710
0.0017389618008739126,0.9866666666666667,0.9866666666666667,975.8986073724783,0.09070850698700662,0.08916083916083917,0.537913752913753,0.5384903774056486,370,5,521,2994,4079,3709
0.0017468968822514494,0.9866666666666667,0.9866666666666667,975.5726559338102,0.09073075036782736,0.08916083916083917,0.537913752913753,0.5386153461634592,370,5,521,2993,4078,3708
0.0017570563345845308,0.9866666666666667,0.9866666666666667,975.246704495142,0.09075300466028943,0.08916083916083917,0.537913752913753,0.5387403149212697,370,5,521,2992,4077,3707
0.0017841290939610616,0.9866666666666667,0.9866666666666667,974.9207530564738,0.09077526987242394,0.08916083916083917,0.537913752913753,0.5388652836790803,370,5,521,2991,4076,3706
0.001785031891658973,0.9866666666666667,0.9866666666666667,974.5948016178057,0.09079754601226994,0.08916083916083917,0.537913752913753,0.5389902524368908,370,5,521,2990,4075,3705
0.0017966791184771368,0.9866666666666667,0.9866666666666667,974.2688501791375,0.09081983308787432,0.08916083916083917,0.537913752913753,0.5391152211947013,370,5,521,2989,4074,3704
0.0018039549985924268,0.9866666666666667,0.9866666666666667,973.9428987404693,0.09084213110729192,0.08916083916083917,0.537913752913753,0.5392401899525119,370,5,521,2988,4073,3703
0.0018070972315876275,0.9866666666666667,0.9866666666666667,973.6169473018011,0.09086444007858546,0.08916083916083917,0.537913752913753,0.5393651587103224,370,5,521,2987,4072,3702
0.0018104410050444877,0.9866666666666667,0.9866666666666667,973.290995863133,0.0908867600098256,0.08916083916083917,0.537913752913753,0.539490127468133,370,5,521,2986,4071,3701
0.0018135998256550274,0.9866666666666667,0.9866666666666667,972.9650444244648,0.09090909090909091,0.08916083916083917,0.537913752913753,0.5396150962259435,370,5,521,2985,4070,3700
0.0018137539938624958,0.9866666666666667,0.9866666666666667,972.6390929857967,0.09093143278446793,0.08916083916083917,0.537913752913753,0.539740064983754,370,5,521,2984,4069,3699
0.0018144875644409966,0.9866666666666667,0.9866666666666667,972.3131415471286,0.09095378564405113,0.08916083916083917,0.537913752913753,0.5398650337415646,370,5,521,2983,4068,3698
0.0018159019603435304,0.9866666666666667,0.9866666666666667,971.9871901084604,0.09097614949594296,0.08916083916083917,0.537913752913753,0.5399900024993751,370,5,521,2982,4067,3697
0.0018190293837966169,0.9866666666666667,0.9866666666666667,971.6612386697922,0.09099852434825381,0.08916083916083917,0.537913752913753,0.5401149712571857,370,5,521,2981,4066,3696
0.0018210633121398224,0.9866666666666667,0.9866666666666667,971.3352872311241,0.0910209102091021,0.08916083916083917,0.537913752913753,0.5402399400149962,370,5,521,2980,4065,3695
0.00182422924922594,0.9866666666666667,0.9866666666666667,971.0093357924559,0.09104330708661418,0.08916083916083917,0.537913752913753,0.5403649087728069,370,5,521,2979,4064,3694
0.0018248830925667152,0.9866666666666667,0.9866666666666667,970.6833843537877,0.09106571498892443,0.08916083916083917,0.537913752913753,0.5404898775306174,370,5,521,2978,4063,3693
0.0018262783483953238,0.9866666666666667,0.9866666666666667,970.3574329151196,0.09108813392417528,0.08916083916083917,0.537913752913753,0.5406148462884279,370,5,521,2977,4062,3692
0.0018271397321960993,0.9866666666666667,0.9866666666666667,970.0314814764514,0.09111056390051711,0.08916083916083917,0.537913752913753,0.5407398150462385,370,5,521,2976,4061,3691
0.0018275707225274918,0.9866666666666667,0.9866666666666667,969.7055300377832,0.09113300492610837,0.08916083916083917,0.537913752913753,0.540864783804049,370,5,521,2975,4060,3690
0.0018314542508402866,0.9866666666666667,0.9866666666666667,969.3795785991151,0.09115545700911555,0.08916083916083917,0.537913752913753,0.5409897525618595,370,5,521,2974,4059,3689
0.0018321281413633365,0.9866666666666667,0.9866666666666667,969.0536271604469,0.09117792015771316,0.08916083916083917,0.537913752913753,0.5411147213196701,370,5,521,2973,4058,3688
0.001844993313070873,0.9866666666666667,0.9866666666666667,968.7276757217787,0.0912003943800838,0.08916083916083917,0.537913752913753,0.5412396900774806,370,5,521,2972,4057,3687
0.0018503237146269822,0.9866666666666667,0.9866666666666667,968.4017242831106,0.09122287968441814,0.08916083916083917,0.537913752913753,0.5413646588352912,370,5,521,2971,4056,3686
0.0018515327230510573,0.9866666666666667,0.9866666666666667,968.0757728444424,0.09124537607891492,0.08916083916083917,0.537913752913753,0.5414896275931017,370,5,521,2970,4055,3685
0.0018568064790039913,0.9866666666666667,0.9866666666666667,967.7498214057742,0.09126788357178096,0.08916083916083917,0.537913752913753,0.5416145963509122,370,5,521,2969,4054,3684
0.0018650390385418817,0.9866666666666667,0.9866666666666667,967.423869967106,0.09129040217123119,0.08916083916083917,0.537913752913753,0.5417395651087228,370,5,521,2968,4053,3683
0.0018711669837377213,0.9866666666666667,0.9866666666666667,967.097918528438,0.09131293188548864,0.08916083916083917,0.537913752913753,0.5418645338665333,370,5,521,2967,4052,3682
0.0018730016075329356,0.9866666666666667,0.9866666666666667,966.7719670897698,0.0913354727227845,0.08916083916083917,0.537913752913753,0.5419895026243439,370,5,521,2966,4051,3681
0.0018794671708683365,0.9866666666666667,0.9866666666666667,966.4460156511016,0.09135802469135802,0.08916083916083917,0.537913752913753,0.5421144713821544,370,5,521,2965,4050,3680
0.0018801677019549634,0.9866666666666667,0.9866666666666667,966.1200642124335,0.09138058779945665,0.08916083916083917,0.537913752913753,0.5422394401399651,370,5,521,2964,4049,3679
0.001881702771591281,0.9866666666666667,0.9866666666666667,965.7941127737653,0.09140316205533597,0.08916083916083917,0.537913752913753,0.5423644088977756,370,5,521,2963,4048,3678
0.0018824745591284762,0.9866666666666667,0.9866666666666667,965.4681613350971,0.0914257474672597,0.08916083916083917,0.537913752913753,0.5424893776555861,370,5,521,2962,4047,3677
0.0018833914899127598,0.9866666666666667,0.9866666666666667,965.142209896429,0.09144834404349975,0.08916083916083917,0.537913752913753,0.5426143464133967,370,5,521,2961,4046,3676
0.0018850974803805178,0.9866666666666667,0.9866666666666667,964.8162584577608,0.09147095179233622,0.08916083916083917,0.537913752913753,0.5427393151712072,370,5,521,2960,4045,3675
0.0018865731473046484,0.9866666666666667,0.9866666666666667,964.4903070190926,0.09149357072205737,0.08916083916083917,0.537913752913753,0.5428642839290178,370,5,521,2959,4044,3674
0.0018903951553652825,0.9866666666666667,0.9866666666666667,964.1643555804245,0.09151620084095968,0.08916083916083917,0.537913752913753,0.5429892526868283,370,5,521,2958,4043,3673
0.0018982417527246959,0.9866666666666667,0.9866666666666667,963.8384041417563,0.09153884215734785,0.08916083916083917,0.537913752913753,0.5431142214446388,370,5,521,2957,4042,3672
0.0019011892633906617,0.9866666666666667,0.9866666666666667,963.5124527030881,0.09156149467953477,0.08916083916083917,0.537913752913753,0.5432391902024494,370,5,521,2956,4041,3671
0.0019054152123433345,0.9866666666666667,0.9866666666666667,963.18650126442,0.09158415841584158,0.08916083916083917,0.537913752913753,0.5433641589602599,370,5,521,2955,4040,3670
0.001907664769679391,0.9866666666666667,0.9866666666666667,962.8605498257518,0.09160683337459767,0.08916083916083917,0.537913752913753,0.5434891277180705,370,5,521,2954,4039,3669
0.0019123242391313733,0.9866666666666667,0.9866666666666667,962.5345983870836,0.09162951956414066,0.08916083916083917,0.537913752913753,0.543614096475881,370,5,521,2953,4038,3668
0.0019292887687691524,0.9866666666666667,0.9866666666666667,962.2086469484155,0.09165221699281645,0.08916083916083917,0.537913752913753,0.5437390652336915,370,5,521,2952,4037,3667
0.0019309647866141086,0.9866666666666667,0.9866666666666667,961.8826955097474,0.09167492566897918,0.08916083916083917,0.537913752913753,0.5438640339915022,370,5,521,2951,4036,3666
0.001942637747373662,0.9866666666666667,0.9866666666666667,961.5567440710792,0.09169764560099132,0.08916083916083917,0.537913752913753,0.5439890027493127,370,5,521,2950,4035,3665
0.001945701885570855,0.9866666666666667,0.9866666666666667,961.2307926324111,0.0917203767972236,0.08916083916083917,0.537913752913753,0.5441139715071233,370,5,521,2949,4034,3664
0.0019508097648487735,0.9866666666666667,0.9866666666666667,960.9048411937429,0.09174311926605505,0.08916083916083917,0.537913752913753,0.5442389402649338,370,5,521,2948,4033,3663
0.0019605903331432256,0.9866666666666667,0.9866666666666667,960.5788897550747,0.09176587301587301,0.08916083916083917,0.537913752913753,0.5443639090227443,370,5,521,2947,4032,3662
0.001966623108914563,0.9866666666666667,0.9866666666666667,960.2529383164065,0.09178863805507319,0.08916083916083917,0.537913752913753,0.5444888777805549,370,5,521,2946,4031,3661
0.001971069128104262,0.9866666666666667,0.9866666666666667,959.9269868777384,0.09181141439205956,0.08916083916083917,0.537913752913753,0.5446138465383654,370,5,521,2945,4030,3660
0.001972828857252047,0.9866666666666667,0.9866666666666667,959.6010354390702,0.09183420203524448,0.08916083916083917,0.537913752913753,0.544738815296176,370,5,521,2944,4029,3659
0.001992526021504076,0.9866666666666667,0.9866666666666667,959.275084000402,0.09185700099304867,0.08916083916083917,0.537913752913753,0.5448637840539865,370,5,521,2943,4028,3658
0.001994022228492482,0.9866666666666667,0.9866666666666667,958.9491325617339,0.09187981127390117,0.08916083916083917,0.537913752913753,0.544988752811797,370,5,521,2942,4027,3657
0.001999043245069644,0.9866666666666667,0.9866666666666667,958.6231811230657,0.09190263288623944,0.08916083916083917,0.537913752913753,0.5451137215696076,370,5,521,2941,4026,3656
0.001999589814390467,0.9866666666666667,0.9866666666666667,958.2972296843975,0.09192546583850932,0.08916083916083917,0.537913752913753,0.5452386903274181,370,5,521,2940,4025,3655
0.0020012031829656457,0.9866666666666667,0.9866666666666667,958.2972296843975,0.091948310139165,0.08916083916083917,0.537913752913753,0.5453636590852287,370,5,521,2940,4024,3654
0.0020034371815992338,0.9866666666666667,0.9866666666666667,957.9712782457294,0.09197116579666915,0.08916083916083917,0.537913752913753,0.5454886278430392,370,5,521,2939,4023,3653
0.0020079435549551043,0.9866666666666667,0.9866666666666667,957.6453268070612,0.0919940328194928,0.08916083916083917,0.537913752913753,0.5456135966008497,370,5,521,2938,4022,3652
0.00202357139465122,0.9866666666666667,0.9866666666666667,957.319375368393,0.0920169112161154,0.08916083916083917,0.537913752913753,0.5457385653586604,370,5,521,2937,4021,3651
0.002023871933237234,0.9866666666666667,0.9866666666666667,956.9934239297249,0.09203980099502487,0.08916083916083917,0.537913752913753,0.5458635341164709,370,5,521,2936,4020,3650
0.0020244641757270233,0.9866666666666667,0.9866666666666667,956.6674724910567,0.0920627021647176,0.08916083916083917,0.537913752913753,0.5459885028742815,370,5,521,2935,4019,3649
0.002025174070321987,0.9866666666666667,0.9866666666666667,956.3415210523885,0.09208561473369836,0.08916083916083917,0.537913752913753,0.546113471632092,370,5,521,2934,4018,3648
0.002026368799520992,0.9866666666666667,0.9866666666666667,956.0155696137205,0.09210853871048046,0.08916083916083917,0.537913752913753,0.5462384403899025,370,5,521,2933,4017,3647
0.002031864461453818,0.9866666666666667,0.9866666666666667,955.6896181750523,0.09213147410358566,0.08916083916083917,0.537913752913753,0.5463634091477131,370,5,521,2932,4016,3646
0.002033415077430197,0.9866666666666667,0.9866666666666667,955.3636667363841,0.0921544209215442,0.08916083916083917,0.537913752913753,0.5464883779055236,370,5,521,2931,4015,3645
0.002037054033691577,0.9866666666666667,0.9866666666666667,955.037715297716,0.09217737917289487,0.08916083916083917,0.537913752913753,0.5466133466633342,370,5,521,2930,4014,3644
0.002038383707029768,0.9866666666666667,0.9866666666666667,954.7117638590478,0.0922003488661849,0.08916083916083917,0.537913752913753,0.5467383154211447,370,5,521,2929,4013,3643
0.0020385371347469705,0.9866666666666667,0.9866666666666667,954.3858124203796,0.09222333000997009,0.08916083916083917,0.537913752913753,0.5468632841789552,370,5,521,2928,4012,3642
0.0020479988174945266,0.9866666666666667,0.9866666666666667,954.0598609817115,0.09224632261281476,0.08916083916083917,0.537913752913753,0.5469882529367658,370,5,521,2927,4011,3641
0.002080119551068304,0.9866666666666667,0.9866666666666667,953.7339095430433,0.09226932668329177,0.08916083916083917,0.537913752913753,0.5471132216945763,370,5,521,2926,4010,3640
0.002084619356808165,0.9866666666666667,0.9866666666666667,953.4079581043751,0.09229234222998253,0.08916083916083917,0.537913752913753,0.5472381904523869,370,5,521,2925,4009,3639
0.002090037122232631,0.9866666666666667,0.9866666666666667,953.0820066657069,0.09231536926147704,0.08916083916083917,0.537913752913753,0.5473631592101974,370,5,521,2924,4008,3638
0.002090524906265202,0.9866666666666667,0.9866666666666667,952.7560552270388,0.09233840778637385,0.08916083916083917,0.537913752913753,0.5474881279680079,370,5,521,2923,4007,3637
0.0020931126879100872,0.9866666666666667,0.9866666666666667,952.4301037883706,0.09236145781328008,0.08916083916083917,0.537913752913753,0.5476130967258186,370,5,521,2922,4006,3636
0.002094607636257618,0.9866666666666667,0.9866666666666667,952.1041523497024,0.09238451935081149,0.08916083916083917,0.537913752913753,0.5477380654836291,370,5,521,2921,4005,3635
0.0021020361798411713,0.9866666666666667,0.9866666666666667,951.7782009110343,0.0924075924075924,0.08916083916083917,0.537913752913753,0.5478630342414397,370,5,521,2920,4004,3634
0.0021046956590182963,0.9866666666666667,0.9866666666666667,951.4522494723661,0.09243067699225581,0.08916083916083917,0.537913752913753,0.5479880029992502,370,5,521,2919,4003,3633
0.0021177162217370362,0.9866666666666667,0.9866666666666667,951.1262980336979,0.09245377311344327,0.08916083916083917,0.537913752913753,0.5481129717570608,370,5,521,2918,4002,3632
0.0021232093458421137,0.9866666666666667,0.9866666666666667,950.8003465950299,0.09247688077980505,0.08916083916083917,0.537913752913753,0.5482379405148713,370,5,521,2917,4001,3631
0.002130200013836945,0.9866666666666667,0.9866666666666667,950.4743951563617,0.0925,0.08916083916083917,0.537913752913753,0.5483629092726818,370,5,521,2916,4000,3630
0.0021338381125136363,0.9866666666666667,0.9866666666666667,950.1484437176935,0.09252313078269567,0.08916083916083917,0.537913752913753,0.5484878780304924,370,5,521,2915,3999,3629
0.0021369530937856364,0.9866666666666667,0.9866666666666667,949.8224922790254,0.09254627313656828,0.08916083916083917,0.537913752913753,0.5486128467883029,370,5,521,2914,3998,3628
0.002137058660753813,0.9866666666666667,0.9866666666666667,949.4965408403572,0.09256942707030273,0.08916083916083917,0.537913752913753,0.5487378155461134,370,5,521,2913,3997,3627
0.002142501290779175,0.9866666666666667,0.9866666666666667,949.170589401689,0.09259259259259259,0.08916083916083917,0.537913752913753,0.548862784303924,370,5,521,2912,3996,3626
0.0021444553506996243,0.9866666666666667,0.9866666666666667,948.8446379630209,0.09261576971214018,0.08916083916083917,0.537913752913753,0.5489877530617345,370,5,521,2911,3995,3625
0.002149272702253218,0.9866666666666667,0.9866666666666667,948.5186865243527,0.09263895843765649,0.08916083916083917,0.537913752913753,0.5491127218195451,370,5,521,2910,3994,3624
0.0021633689027299634,0.9866666666666667,0.9866666666666667,948.1927350856845,0.09266215877786126,0.08916083916083917,0.537913752913753,0.5492376905773557,370,5,521,2909,3993,3623
0.0021777681187710547,0.9866666666666667,0.9866666666666667,947.8667836470164,0.09268537074148296,0.08916083916083917,0.537913752913753,0.5493626593351663,370,5,521,2908,3992,3622
0.002187131093070548,0.9866666666666667,0.9866666666666667,947.5408322083482,0.09270859433725884,0.08916083916083917,0.537913752913753,0.5494876280929768,370,5,521,2907,3991,3621
0.0022015861679540757,0.9866666666666667,0.9866666666666667,947.21488076968,0.09273182957393483,0.08916083916083917,0.537913752913753,0.5496125968507873,370,5,521,2906,3990,3620
0.0022129488570413005,0.9866666666666667,0.9866666666666667,946.8889293310118,0.09275507646026573,0.08916083916083917,0.537913752913753,0.5497375656085979,370,5,521,2905,3989,3619
0.002220550030397492,0.9866666666666667,0.9866666666666667,946.5629778923437,0.09277833500501505,0.08916083916083917,0.537913752913753,0.5498625343664084,370,5,521,2904,3988,3618
0.002226723056342398,0.9866666666666667,0.9866666666666667,946.2370264536755,0.0928016052169551,0.08916083916083917,0.537913752913753,0.549987503124219,370,5,521,2903,3987,3617
0.002229988913102862,0.9866666666666667,0.9866666666666667,945.9110750150073,0.09282488710486704,0.08916083916083917,0.537913752913753,0.5501124718820295,370,5,521,2902,3986,3616
0.002230180657105898,0.9866666666666667,0.9866666666666667,945.9110750150073,0.09284818067754078,0.08916083916083917,0.537913752913753,0.55023744063984,370,5,521,2902,3985,3615
0.0022482194830459323,0.9866666666666667,0.9866666666666667,945.5851235763392,0.0928714859437751,0.08916083916083917,0.537913752913753,0.5503624093976506,370,5,521,2901,3984,3614
0.0022490478751776336,0.9866666666666667,0.9866666666666667,945.259172137671,0.0928948029123776,0.08916083916083917,0.537913752913753,0.5504873781554611,370,5,521,2900,3983,3613
0.0022514096432837073,0.9866666666666667,0.9866666666666667,944.9332206990028,0.09291813159216473,0.08916083916083917,0.537913752913753,0.5506123469132717,370,5,521,2899,3982,3612
0.0022583270789021956,0.9866666666666667,0.9866666666666667,944.6072692603348,0.09294147199196182,0.08916083916083917,0.537913752913753,0.5507373156710822,370,5,521,2898,3981,3611
0.0022645612080771835,0.9866666666666667,0.9866666666666667,944.2813178216666,0.09296482412060302,0.08916083916083917,0.537913752913753,0.5508622844288927,370,5,521,2897,3980,3610
0.0022654643190040346,0.9866666666666667,0.9866666666666667,943.9553663829984,0.09298818798693138,0.08916083916083917,0.537913752913753,0.5509872531867033,370,5,521,2896,3979,3609
0.002268230879424691,0.9866666666666667,0.9866666666666667,943.9553663829984,0.0930115635997989,0.08916083916083917,0.537913752913753,0.5511122219445139,370,5,521,2896,3978,3608
0.0022691248548363237,0.9866666666666667,0.9866666666666667,943.6294149443303,0.09303495096806638,0.08916083916083917,0.537913752913753,0.5512371907023245,370,5,521,2895,3977,3607
0.002273619050603109,0.9866666666666667,0.9866666666666667,943.3034635056621,0.09305835010060362,0.08916083916083917,0.537913752913753,0.551362159460135,370,5,521,2894,3976,3606
0.002285646357140746,0.9866666666666667,0.9866666666666667,942.9775120669939,0.0930817610062893,0.08916083916083917,0.537913752913753,0.5514871282179455,370,5,521,2893,3975,3605
0.002304768546851011,0.9866666666666667,0.9866666666666667,942.9775120669939,0.09310518369401108,0.08916083916083917,0.537913752913753,0.5516120969757561,370,5,521,2893,3974,3604
0.002307637515957363,0.9866666666666667,0.9866666666666667,942.6515606283258,0.09312861817266549,0.08916083916083917,0.537913752913753,0.5517370657335666,370,5,521,2892,3973,3603
0.002308732130111448,0.9866666666666667,0.9866666666666667,942.3256091896576,0.0931520644511581,0.08916083916083917,0.537913752913753,0.5518620344913772,370,5,521,2891,3972,3602
0.002309606782500203,0.9866666666666667,0.9866666666666667,941.9996577509894,0.09317552253840343,0.08916083916083917,0.537913752913753,0.5519870032491877,370,5,521,2890,3971,3601
0.0023276737717680433,0.9866666666666667,0.9866666666666667,941.6737063123213,0.09319899244332494,0.08916083916083917,0.537913752913753,0.5521119720069982,370,5,521,2889,3970,3600
0.0023348406396610268,0.9866666666666667,0.9866666666666667,941.3477548736531,0.09322247417485513,0.08916083916083917,0.537913752913753,0.5522369407648088,370,5,521,2888,3969,3599
0.0023538353723466868,0.9866666666666667,0.9866666666666667,941.0218034349849,0.09324596774193548,0.08916083916083917,0.537913752913753,0.5523619095226193,370,5,521,2887,3968,3598
0.0023609852572237236,0.9866666666666667,0.9866666666666667,940.6958519963168,0.09326947315351651,0.08916083916083917,0.537913752913753,0.5524868782804299,370,5,521,2886,3967,3597
0.0023646738765319844,0.9866666666666667,0.9866666666666667,940.3699005576486,0.09329299041855774,0.08916083916083917,0.537913752913753,0.5526118470382404,370,5,521,2885,3966,3596
0.0023752490846069337,0.9866666666666667,0.9866666666666667,940.0439491189804,0.09331651954602774,0.08916083916083917,0.537913752913753,0.5527368157960509,370,5,521,2884,3965,3595
0.0023868768868390154,0.9866666666666667,0.9866666666666667,939.7179976803122,0.09334006054490414,0.08916083916083917,0.537913752913753,0.5528617845538615,370,5,521,2883,3964,3594
0.0024176253770464137,0.9866666666666667,0.9866666666666667,939.3920462416442,0.09336361342417361,0.08916083916083917,0.537913752913753,0.5529867533116721,370,5,521,2882,3963,3593
0.0024182386966414655,0.9866666666666667,0.9866666666666667,939.066094802976,0.0933871781928319,0.08916083916083917,0.537913752913753,0.5531117220694827,370,5,521,2881,3962,3592
0.0024320933793117094,0.9866666666666667,0.9866666666666667,938.7401433643078,0.09341075485988387,0.08916083916083917,0.537913752913753,0.5532366908272932,370,5,521,2880,3961,3591
0.002433106030750682,0.9866666666666667,0.9866666666666667,938.4141919256397,0.09343434343434344,0.08916083916083917,0.537913752913753,0.5533616595851037,370,5,521,2879,3960,3590
0.0024335792122470268,0.9866666666666667,0.9866666666666667,938.0882404869715,0.09345794392523364,0.08916083916083917,0.537913752913753,0.5534866283429143,370,5,521,2878,3959,3589
0.0024364288447866526,0.9866666666666667,0.9866666666666667,937.7622890483033,0.09348155634158666,0.08916083916083917,0.537913752913753,0.5536115971007248,370,5,521,2877,3958,3588
0.0024415075009653975,0.9866666666666667,0.9866666666666667,937.7622890483033,0.09350518069244378,0.08916083916083917,0.537913752913753,0.5537365658585354,370,5,521,2877,3957,3587
0.002443584457993493,0.9866666666666667,0.9866666666666667,937.4363376096352,0.0935288169868554,0.08916083916083917,0.537913752913753,0.5538615346163459,370,5,521,2876,3956,3586
0.0024487071195008247,0.9866666666666667,0.9866666666666667,937.110386170967,0.09355246523388117,0.08916083916083917,0.537913752913753,0.5539865033741564,370,5,521,2875,3955,3585
0.0024535526222600156,0.9866666666666667,0.9866666666666667,936.7844347322988,0.09357612544258978,0.08916083916083917,0.537913752913753,0.554111472131967,370,5,521,2874,3954,3584
0.002455763023387791,0.9866666666666667,0.9866666666666667,936.4584832936307,0.0935997976220592,0.08916083916083917,0.537913752913753,0.5542364408897775,370,5,521,2873,3953,3583
0.002459811060864079,0.9866666666666667,0.9866666666666667,936.1325318549625,0.09362348178137651,0.08916083916083917,0.537913752913753,0.5543614096475881,370,5,521,2872,3952,3582
0.002460440934338359,0.9866666666666667,0.9866666666666667,935.8065804162943,0.09364717792963807,0.08916083916083917,0.537913752913753,0.5544863784053986,370,5,521,2871,3951,3581
0.0024621589780112344,0.9866666666666667,0.9866666666666667,935.4806289776262,0.09367088607594937,0.08916083916083917,0.537913752913753,0.5546113471632093,370,5,521,2870,3950,3580
0.0024647286390464492,0.9866666666666667,0.9866666666666667,935.154677538958,0.09369460622942517,0.08916083916083917,0.537913752913753,0.5547363159210198,370,5,521,2869,3949,3579
0.0024676198854843142,0.9866666666666667,0.9866666666666667,934.8287261002898,0.09371833839918946,0.08916083916083917,0.537913752913753,0.5548612846788303,370,5,521,2868,3948,3578
0.002487830499547409,0.9866666666666667,0.9866666666666667,934.8287261002898,0.09374208259437547,0.08916083916083917,0.537913752913753,0.5549862534366409,370,5,521,2868,3947,3577
0.0025059728605029306,0.9866666666666667,0.9866666666666667,934.5027746616217,0.0937658388241257,0.08916083916083917,0.537913752913753,0.5551112221944514,370,5,521,2867,3946,3576
0.0025073242860646585,0.9866666666666667,0.9866666666666667,934.1768232229535,0.09378960709759189,0.08916083916083917,0.537913752913753,0.555236190952262,370,5,521,2866,3945,3575
0.0025121770788443056,0.9866666666666667,0.9866666666666667,933.8508717842853,0.0938133874239351,0.08916083916083917,0.537913752913753,0.5553611597100725,370,5,521,2865,3944,3574
0.0025307204774350747,0.9866666666666667,0.9866666666666667,933.5249203456173,0.09383717981232564,0.08916083916083917,0.537913752913753,0.555486128467883,370,5,521,2864,3943,3573
0.0025449216003403077,0.9866666666666667,0.9866666666666667,933.1989689069491,0.09386098427194317,0.08916083916083917,0.537913752913753,0.5556110972256936,370,5,521,2863,3942,3572
0.0025492399727211337,0.9866666666666667,0.9866666666666667,932.8730174682809,0.09388480081197666,0.08916083916083917,0.537913752913753,0.5557360659835041,370,5,521,2862,3941,3571
0.00255252341277053,0.9866666666666667,0.9866666666666667,932.5470660296127,0.09390862944162437,0.08916083916083917,0.537913752913753,0.5558610347413147,370,5,521,2861,3940,3570
0.002563363450048087,0.9866666666666667,0.9866666666666667,932.2211145909446,0.09393247017009393,0.08916083916083917,0.537913752913753,0.5559860034991252,370,5,521,2860,3939,3569
0.002574722024801381,0.9866666666666667,0.9866666666666667,931.8951631522764,0.09395632300660234,0.08916083916083917,0.537913752913753,0.5561109722569357,370,5,521,2859,3938,3568
0.002582636993707901,0.9866666666666667,0.9866666666666667,931.5692117136082,0.09398018796037592,0.08916083916083917,0.537913752913753,0.5562359410147463,370,5,521,2858,3937,3567
0.002588611063062274,0.9866666666666667,0.9866666666666667,931.5692117136082,0.09400406504065041,0.08916083916083917,0.537913752913753,0.5563609097725568,370,5,521,2858,3936,3566
0.0025920256602681526,0.9866666666666667,0.9866666666666667,931.2432602749401,0.0940279542566709,0.08916083916083917,0.537913752913753,0.5564858785303675,370,5,521,2857,3935,3565
0.0025983711565437844,0.9866666666666667,0.9866666666666667,931.2432602749401,0.09405185561769192,0.08916083916083917,0.537913752913753,0.556610847288178,370,5,521,2857,3934,3564
0.002612889379407528,0.9866666666666667,0.9866666666666667,930.9173088362719,0.09407576913297737,0.08916083916083917,0.537913752913753,0.5567358160459885,370,5,521,2856,3933,3563
0.0026137433121533075,0.9866666666666667,0.9866666666666667,930.5913573976037,0.09409969481180061,0.08916083916083917,0.537913752913753,0.5568607848037991,370,5,521,2855,3932,3562
0.0026151581501964723,0.9866666666666667,0.9866666666666667,930.2654059589356,0.09412363266344441,0.08916083916083917,0.537913752913753,0.5569857535616096,370,5,521,2854,3931,3561
0.0026177012026408963,0.9866666666666667,0.9866666666666667,929.9394545202674,0.09414758269720101,0.08916083916083917,0.537913752913753,0.5571107223194202,370,5,521,2853,3930,3560
0.0026186326037864025,0.9866666666666667,0.9866666666666667,929.6135030815992,0.0941715449223721,0.08916083916083917,0.537913752913753,0.5572356910772307,370,5,521,2852,3929,3559
0.002619031086444013,0.9866666666666667,0.9866666666666667,929.2875516429311,0.09419551934826884,0.08916083916083917,0.537913752913753,0.5573606598350412,370,5,521,2851,3928,3558
0.0026198093517075215,0.9866666666666667,0.9866666666666667,928.9616002042629,0.09421950598421186,0.08916083916083917,0.537913752913753,0.5574856285928518,370,5,521,2850,3927,3557
0.002631524731633398,0.9866666666666667,0.9866666666666667,928.6356487655947,0.09424350483953133,0.08916083916083917,0.537913752913753,0.5576105973506623,370,5,521,2849,3926,3556
0.0026328260529503733,0.9866666666666667,0.9866666666666667,928.3096973269267,0.09426751592356689,0.08916083916083917,0.537913752913753,0.5577355661084729,370,5,521,2848,3925,3555
0.0026509065466579704,0.9866666666666667,0.9866666666666667,927.9837458882585,0.09429153924566769,0.08916083916083917,0.537913752913753,0.5578605348662834,370,5,521,2847,3924,3554
0.002655199746357672,0.9866666666666667,0.9866666666666667,927.6577944495903,0.09431557481519245,0.08916083916083917,0.537913752913753,0.5579855036240939,370,5,521,2846,3923,3553
0.0026650849980252443,0.9866666666666667,0.9866666666666667,927.3318430109222,0.09433962264150944,0.08916083916083917,0.537913752913753,0.5581104723819045,370,5,521,2845,3922,3552
0.0026775902937478204,0.9866666666666667,0.9866666666666667,927.005891572254,0.09436368273399642,0.08916083916083917,0.537913752913753,0.558235441139715,370,5,521,2844,3921,3551
0.0026856762457455495,0.9866666666666667,0.9866666666666667,926.6799401335858,0.09438775510204081,0.08916083916083917,0.537913752913753,0.5583604098975257,370,5,521,2843,3920,3550
0.002707420770231298,0.9866666666666667,0.9866666666666667,926.3539886949177,0.09441183975503956,0.08916083916083917,0.537913752913753,0.5584853786553362,370,5,521,2842,3919,3549
0.0027171890636294173,0.9866666666666667,0.9866666666666667,926.0280372562495,0.09443593670239918,0.08916083916083917,0.537913752913753,0.5586103474131467,370,5,521,2841,3918,3548
0.0027173395725046123,0.9866666666666667,0.9866666666666667,925.7020858175813,0.09446004595353587,0.08916083916083917,0.537913752913753,0.5587353161709573,370,5,521,2840,3917,3547
0.0027215725386634136,0.9866666666666667,0.9866666666666667,925.3761343789131,0.09448416751787539,0.08916083916083917,0.537913752913753,0.5588602849287678,370,5,521,2839,3916,3546
0.002723542580073927,0.9866666666666667,0.9866666666666667,925.050182940245,0.09450830140485313,0.08916083916083917,0.537913752913753,0.5589852536865784,370,5,521,2838,3915,3545
0.0027266663228760497,0.9866666666666667,0.9866666666666667,924.7242315015768,0.09453244762391415,0.08916083916083917,0.537913752913753,0.5591102224443889,370,5,521,2837,3914,3544
0.0027274154317138235,0.9866666666666667,0.9866666666666667,924.3982800629086,0.09455660618451316,0.08916083916083917,0.537913752913753,0.5592351912021994,370,5,521,2836,3913,3543
0.002728639210042083,0.9866666666666667,0.9866666666666667,924.0723286242405,0.09458077709611452,0.08916083916083917,0.537913752913753,0.55936015996001,370,5,521,2835,3912,3542
0.0027516883621517083,0.9866666666666667,0.9866666666666667,923.7463771855723,0.09460496036819228,0.08916083916083917,0.537913752913753,0.5594851287178205,370,5,521,2834,3911,3541
0.002755506771391311,0.9866666666666667,0.9866666666666667,923.4204257469041,0.09462915601023018,0.08916083916083917,0.537913752913753,0.5596100974756311,370,5,521,2833,3910,3540
0.0027638625968095234,0.9866666666666667,0.9866666666666667,923.094474308236,0.09465336403172167,0.08916083916083917,0.537913752913753,0.5597350662334416,370,5,521,2832,3909,3539
0.0027759523732234005,0.9866666666666667,0.9866666666666667,922.7685228695678,0.09467758444216991,0.08916083916083917,0.537913752913753,0.5598600349912521,370,5,521,2831,3908,3538
0.002777823890341663,0.9866666666666667,0.9866666666666667,922.4425714308996,0.0947018172510878,0.08916083916083917,0.537913752913753,0.5599850037490628,370,5,521,2830,3907,3537
0.00280486491185876,0.9866666666666667,0.9866666666666667,922.1166199922316,0.09472606246799795,0.08916083916083917,0.537913752913753,0.5601099725068733,370,5,521,2829,3906,3536
0.0028151413473285355,0.9866666666666667,0.9866666666666667,921.7906685535634,0.09475032010243278,0.08916083916083917,0.537913752913753,0.5602349412646839,370,5,521,2828,3905,3535
0.0028282209264811936,0.9866666666666667,0.9866666666666667,921.4647171148952,0.09477459016393443,0.08916083916083917,0.537913752913753,0.5603599100224944,370,5,521,2827,3904,3534
0.0028416096712730325,0.9866666666666667,0.9866666666666667,921.1387656762271,0.09479887266205483,0.08916083916083917,0.537913752913753,0.560484878780305,370,5,521,2826,3903,3533
0.002852857537379969,0.9866666666666667,0.9866666666666667,920.8128142375589,0.09482316760635572,0.08916083916083917,0.537913752913753,0.5606098475381155,370,5,521,2825,3902,3532
0.002862214498490254,0.9866666666666667,0.9866666666666667,920.4868627988907,0.09484747500640861,0.08916083916083917,0.537913752913753,0.560734816295926,370,5,521,2824,3901,3531
0.002865186348983989,0.9866666666666667,0.9866666666666667,920.1609113602226,0.09487179487179487,0.08916083916083917,0.537913752913753,0.5608597850537366,370,5,521,2823,3900,3530
0.002873949712294306,0.9866666666666667,0.9866666666666667,920.1609113602226,0.09489612721210566,0.08916083916083917,0.537913752913753,0.5609847538115471,370,5,521,2823,3899,3529
0.002887645034296445,0.9866666666666667,0.9866666666666667,919.8349599215544,0.09492047203694202,0.08916083916083917,0.537913752913753,0.5611097225693576,370,5,521,2822,3898,3528
0.002889502713938999,0.9866666666666667,0.9866666666666667,919.5090084828862,0.0949448293559148,0.08916083916083917,0.537913752913753,0.5612346913271682,370,5,521,2821,3897,3527
0.0028928685441630643,0.9866666666666667,0.9866666666666667,919.5090084828862,0.09496919917864477,0.08916083916083917,0.537913752913753,0.5613596600849787,370,5,521,2821,3896,3526
0.0028952815222637184,0.9866666666666667,0.9866666666666667,919.183057044218,0.09499358151476252,0.08916083916083917,0.537913752913753,0.5614846288427893,370,5,521,2820,3895,3525
0.002895910636438258,0.9866666666666667,0.9866666666666667,918.8571056055499,0.09501797637390857,0.08916083916083917,0.537913752913753,0.5616095976005998,370,5,521,2819,3894,3524
0.0028974309539327773,0.9866666666666667,0.9866666666666667,918.5311541668817,0.09504238376573337,0.09090909090909091,0.5387878787878788,0.5617345663584103,370,5,520,2818,3893,3523
0.0029030262694175225,0.9866666666666667,0.9866666666666667,918.2052027282135,0.09506680369989723,0.09090909090909091,0.5387878787878788,0.561859535116221,370,5,520,2817,3892,3522
0.002924670985162331,0.9866666666666667,0.9866666666666667,917.8792512895454,0.09509123618607042,0.09090909090909091,0.5387878787878788,0.5619845038740315,370,5,520,2816,3891,3521
0.002939522736591536,0.9866666666666667,0.9866666666666667,917.5532998508772,0.09511568123393316,0.09090909090909091,0.5387878787878788,0.5621094726318421,370,5,520,2815,3890,3520
0.0029488689760312505,0.9866666666666667,0.9866666666666667,917.5532998508772,0.09514013885317563,0.09090909090909091,0.5387878787878788,0.5622344413896526,370,5,520,2815,3889,3519
0.0029596241263345475,0.9866666666666667,0.9866666666666667,917.227348412209,0.09516460905349794,0.09090909090909091,0.5387878787878788,0.5623594101474632,370,5,520,2814,3888,3518
0.0029596411855327296,0.9866666666666667,0.9866666666666667,916.901396973541,0.09518909184461023,0.09090909090909091,0.5387878787878788,0.5624843789052737,370,5,520,2813,3887,3517
0.002984736704432679,0.9866666666666667,0.9866666666666667,916.5754455348728,0.09521358723623263,0.09090909090909091,0.5387878787878788,0.5626093476630842,370,5,520,2812,3886,3516
0.0029866761904014808,0.9866666666666667,0.9866666666666667,916.2494940962046,0.09523809523809523,0.09090909090909091,0.5387878787878788,0.5627343164208948,370,5,520,2811,3885,3515
0.003001926236500859,0.9866666666666667,0.9866666666666667,915.9235426575365,0.09526261585993821,0.09090909090909091,0.5387878787878788,0.5628592851787053,370,5,520,2810,3884,3514
0.003004980299849932,0.9866666666666667,0.9866666666666667,915.9235426575365,0.09528714911151172,0.09090909090909091,0.5387878787878788,0.5629842539365159,370,5,520,2810,3883,3513
0.003006692104628089,0.9866666666666667,0.9866666666666667,915.5975912188683,0.095311695002576,0.09090909090909091,0.5387878787878788,0.5631092226943264,370,5,520,2809,3882,3512
0.003014867350243795,0.9866666666666667,0.9866666666666667,915.2716397802001,0.09533625354290132,0.09090909090909091,0.5387878787878788,0.5632341914521369,370,5,520,2808,3881,3511
0.003022654936676853,0.9866666666666667,0.9866666666666667,914.945688341532,0.09536082474226804,0.09090909090909091,0.5387878787878788,0.5633591602099475,370,5,520,2807,3880,3510
0.0030364554228756897,0.9866666666666667,0.9866666666666667,914.6197369028638,0.09538540861046661,0.09090909090909091,0.5387878787878788,0.563484128967758,370,5,520,2806,3879,3509
0.0030405450826130713,0.9866666666666667,0.9866666666666667,914.6197369028638,0.09541000515729757,0.09090909090909091,0.5387878787878788,0.5636090977255686,370,5,520,2806,3878,3508
0.0030406566343446255,0.9866666666666667,0.9866666666666667,914.2937854641956,0.09543461439257157,0.09090909090909091,0.5387878787878788,0.5637340664833792,370,5,520,2805,3877,3507
0.0030612487406441197,0.9866666666666667,0.9866666666666667,913.9678340255275,0.09545923632610939,0.09090909090909091,0.5387878787878788,0.5638590352411897,370,5,520,2804,3876,3506
0.003061749015198969,0.9866666666666667,0.9866666666666667,913.6418825868593,0.09548387096774194,0.09090909090909091,0.5387878787878788,0.5639840039990003,370,5,520,2803,3875,3505
0.0030670445138808013,0.9866666666666667,0.9866666666666667,913.3159311481911,0.09550851832731028,0.09090909090909091,0.5387878787878788,0.5641089727568108,370,5,520,2802,3874,3504
0.003070051240698718,0.9866666666666667,0.9866666666666667,912.989979709523,0.09553317841466563,0.09090909090909091,0.5387878787878788,0.5642339415146214,370,5,520,2801,3873,3503
0.003080044252206147,0.9866666666666667,0.9866666666666667,912.6640282708548,0.09555785123966942,0.09090909090909091,0.5387878787878788,0.5643589102724319,370,5,520,2800,3872,3502
0.003091434330985106,0.9866666666666667,0.9866666666666667,912.6640282708548,0.09558253681219323,0.09090909090909091,0.5387878787878788,0.5644838790302424,370,5,520,2800,3871,3501
0.003100925549921864,0.9866666666666667,0.9866666666666667,912.3380768321866,0.09560723514211886,0.09090909090909091,0.5387878787878788,0.564608847788053,370,5,520,2799,3870,3500
0.0031035349090578848,0.9866666666666667,0.9866666666666667,912.0121253935184,0.09563194623933834,0.09090909090909091,0.5387878787878788,0.5647338165458635,370,5,520,2798,3869,3499
0.0031047123135992316,0.9866666666666667,0.9866666666666667,911.6861739548503,0.09565667011375388,0.09090909090909091,0.5387878787878788,0.5648587853036741,370,5,520,2797,3868,3498
0.003106277915315374,0.9866666666666667,0.9866666666666667,911.3602225161821,0.09568140677527799,0.09090909090909091,0.5387878787878788,0.5649837540614846,370,5,520,2796,3867,3497
0.0031101250456387155,0.9866666666666667,0.9866666666666667,911.034271077514,0.09570615623383343,0.09090909090909091,0.5387878787878788,0.5651087228192951,370,5,520,2795,3866,3496
0.0031102531023502323,0.9866666666666667,0.9866666666666667,910.7083196388459,0.09573091849935317,0.09090909090909091,0.5387878787878788,0.5652336915771057,370,5,520,2794,3865,3495
0.0031260678955089822,0.9866666666666667,0.9866666666666667,910.3823682001777,0.09575569358178054,0.09090909090909091,0.5387878787878788,0.5653586603349163,370,5,520,2793,3864,3494
0.003132530184496999,0.9866666666666667,0.9866666666666667,910.0564167615095,0.09578048149106912,0.09090909090909091,0.5387878787878788,0.5654836290927268,370,5,520,2792,3863,3493
0.0031545760769639522,0.9866666666666667,0.9866666666666667,909.7304653228414,0.0958052822371828,0.09090909090909091,0.5387878787878788,0.5656085978505374,370,5,520,2791,3862,3492
0.0031590747675794917,0.9866666666666667,0.9866666666666667,909.4045138841732,0.09583009583009583,0.09090909090909091,0.5387878787878788,0.565733566608348,370,5,520,2790,3861,3491
0.0031676772119822545,0.9866666666666667,0.9866666666666667,909.078562445505,0.09585492227979274,0.09090909090909091,0.5387878787878788,0.5658585353661585,370,5,520,2789,3860,3490
0.0031732264711461008,0.9866666666666667,0.9866666666666667,908.7526110068369,0.09587976159626846,0.09090909090909091,0.5387878787878788,0.565983504123969,370,5,520,2788,3859,3489
0.0032010369017100946,0.9866666666666667,0.9866666666666667,908.4266595681687,0.09590461378952825,0.09090909090909091,0.5387878787878788,0.5661084728817796,370,5,520,2787,3858,3488
0.0032178448472051464,0.9866666666666667,0.9866666666666667,908.1007081295005,0.09592947886958776,0.09090909090909091,0.5387878787878788,0.5662334416395901,370,5,520,2786,3857,3487
0.0032262789803857014,0.9866666666666667,0.9866666666666667,907.7747566908324,0.09595435684647304,0.09090909090909091,0.5387878787878788,0.5663584103974006,370,5,520,2785,3856,3486
0.0032413373744841992,0.9866666666666667,0.9866666666666667,907.4488052521642,0.0959792477302205,0.09090909090909091,0.5387878787878788,0.5664833791552112,370,5,520,2784,3855,3485
0.0032461445397563987,0.9866666666666667,0.9866666666666667,907.122853813496,0.096004151530877,0.09090909090909091,0.5387878787878788,0.5666083479130217,370,5,520,2783,3854,3484
0.003246902754443657,0.9866666666666667,0.9866666666666667,906.7969023748279,0.09602906825849987,0.09090909090909091,0.5387878787878788,0.5667333166708323,370,5,520,2782,3853,3483
0.0032506015545396244,0.9866666666666667,0.9866666666666667,906.4709509361597,0.0960539979231568,0.09090909090909091,0.5387878787878788,0.5668582854286428,370,5,520,2781,3852,3482
0.0032779495872868416,0.9866666666666667,0.9866666666666667,906.1449994974915,0.096078940534926,0.09090909090909091,0.5387878787878788,0.5669832541864533,370,5,520,2780,3851,3481
0.0032837003714155737,0.9866666666666667,0.9866666666666667,905.8190480588235,0.09610389610389611,0.09090909090909091,0.5387878787878788,0.5671082229442639,370,5,520,2779,3850,3480
0.0032995480764153933,0.9866666666666667,0.9866666666666667,905.4930966201553,0.09612886464016628,0.09090909090909091,0.5387878787878788,0.5672331917020745,370,5,520,2778,3849,3479
0.0033033097061319367,0.9866666666666667,0.9866666666666667,905.1671451814871,0.09615384615384616,0.09090909090909091,0.5387878787878788,0.5673581604598851,370,5,520,2777,3848,3478
0.003308232678899539,0.9866666666666667,0.9866666666666667,904.8411937428189,0.09617884065505589,0.09090909090909091,0.5387878787878788,0.5674831292176956,370,5,520,2776,3847,3477
0.00330893597735943,0.9866666666666667,0.9866666666666667,904.5152423041508,0.09620384815392616,0.09090909090909091,0.5387878787878788,0.5676080979755062,370,5,520,2775,3846,3476
0.00331018596178771,0.9866666666666667,0.9866666666666667,904.1892908654826,0.09622886866059818,0.09090909090909091,0.5387878787878788,0.5677330667333167,370,5,520,2774,3845,3475
0.0033157848815429944,0.9866666666666667,0.9866666666666667,903.8633394268144,0.09625390218522373,0.09090909090909091,0.5387878787878788,0.5678580354911272,370,5,520,2773,3844,3474
0.0033342498067778143,0.9866666666666667,0.9866666666666667,903.5373879881463,0.09627894873796514,0.09090909090909091,0.5387878787878788,0.5679830042489378,370,5,520,2772,3843,3473
0.003347253252248905,0.9866666666666667,0.9866666666666667,903.2114365494781,0.09630400832899531,0.09090909090909091,0.5387878787878788,0.5681079730067483,370,5,520,2771,3842,3472
0.003353273929704092,0.9866666666666667,0.9866666666666667,902.8854851108099,0.0963290809684978,0.09090909090909091,0.5387878787878788,0.5682329417645589,370,5,520,2770,3841,3471
0.0033748127654044543,0.9866666666666667,0.9866666666666667,902.5595336721418,0.09635416666666667,0.09090909090909091,0.5387878787878788,0.5683579105223694,370,5,520,2769,3840,3470
0.0033797952039975533,0.9866666666666667,0.9866666666666667,902.2335822334736,0.0963792654337067,0.09090909090909091,0.5387878787878788,0.5684828792801799,370,5,520,2768,3839,3469
0.0033922561629081867,0.9866666666666667,0.9866666666666667,901.9076307948054,0.09640437727983325,0.09090909090909091,0.5387878787878788,0.5686078480379905,370,5,520,2767,3838,3468
0.0033934122352205966,0.9866666666666667,0.9866666666666667,901.5816793561373,0.09642950221527234,0.09090909090909091,0.5387878787878788,0.568732816795801,370,5,520,2766,3837,3467
0.003410206749444541,0.9866666666666667,0.9866666666666667,901.2557279174691,0.09645464025026068,0.09090909090909091,0.5387878787878788,0.5688577855536116,370,5,520,2765,3836,3466
0.003413205546502249,0.9866666666666667,0.9866666666666667,900.9297764788009,0.09647979139504563,0.09090909090909091,0.5387878787878788,0.5689827543114221,370,5,520,2764,3835,3465
0.0034212327328783654,0.9866666666666667,0.9866666666666667,900.6038250401328,0.09650495565988523,0.09090909090909091,0.5387878787878788,0.5691077230692327,370,5,520,2763,3834,3464
0.003438289603587439,0.9866666666666667,0.9866666666666667,900.2778736014646,0.09653013305504826,0.09090909090909091,0.5387878787878788,0.5692326918270433,370,5,520,2762,3833,3463
0.0035165517269574206,0.9866666666666667,0.9866666666666667,899.9519221627964,0.0965553235908142,0.09090909090909091,0.5387878787878788,0.5693576605848538,370,5,520,2761,3832,3462
0.0035335451022534946,0.9866666666666667,0.9866666666666667,899.6259707241284,0.09658052727747324,0.09090909090909091,0.5387878787878788,0.5694826293426644,370,5,520,2760,3831,3461
0.0035340953889878603,0.9866666666666667,0.9866666666666667,899.3000192854602,0.09660574412532637,0.09090909090909091,0.5387878787878788,0.5696075981004749,370,5,520,2759,3830,3460
0.0035399217963515183,0.9866666666666667,0.9866666666666667,898.974067846792,0.0966309741446853,0.09090909090909091,0.5387878787878788,0.5697325668582854,370,5,520,2758,3829,3459
0.0035562396268261883,0.9866666666666667,0.9866666666666667,898.6481164081238,0.09665621734587251,0.09090909090909091,0.5387878787878788,0.569857535616096,370,5,520,2757,3828,3458
0.0035568573028893157,0.9866666666666667,0.9866666666666667,898.3221649694557,0.09668147373922133,0.09090909090909091,0.5387878787878788,0.5699825043739065,370,5,520,2756,3827,3457
0.003561122999066619,0.9866666666666667,0.9866666666666667,897.9962135307875,0.0967067433350758,0.09090909090909091,0.5387878787878788,0.5701074731317171,370,5,520,2755,3826,3456
0.003562905688364354,0.9866666666666667,0.9866666666666667,897.6702620921193,0.09673202614379085,0.09090909090909091,0.5387878787878788,0.5702324418895276,370,5,520,2754,3825,3455
0.0035701975777295133,0.9866666666666667,0.9866666666666667,897.3443106534512,0.09675732217573221,0.09090909090909091,0.5387878787878788,0.5703574106473381,370,5,520,2753,3824,3454
0.003573483806935425,0.9866666666666667,0.9866666666666667,897.018359214783,0.09678263144127648,0.09090909090909091,0.5387878787878788,0.5704823794051487,370,5,520,2752,3823,3453
0.0036144533470135946,0.9866666666666667,0.9866666666666667,897.018359214783,0.0968079539508111,0.09090909090909091,0.5387878787878788,0.5706073481629592,370,5,520,2752,3822,3452
0.003615285981566324,0.9866666666666667,0.9866666666666667,896.6924077761148,0.09683328971473436,0.09090909090909091,0.5387878787878788,0.5707323169207699,370,5,520,2751,3821,3451
0.003619992379216124,0.9866666666666667,0.9866666666666667,896.3664563374467,0.0968586387434555,0.09090909090909091,0.5387878787878788,0.5708572856785803,370,5,520,2750,3820,3450
0.003622328750343942,0.9866666666666667,0.9866666666666667,896.0405048987785,0.0968840010473946,0.09090909090909091,0.5387878787878788,0.570982254436391,370,5,520,2749,3819,3449
0.0036295037297076403,0.9866666666666667,0.9866666666666667,895.7145534601103,0.09690937663698271,0.09090909090909091,0.5387878787878788,0.5711072231942015,370,5,520,2748,3818,3448
0.0036455292605515302,0.9866666666666667,0.9866666666666667,895.3886020214422,0.09693476552266178,0.09090909090909091,0.5387878787878788,0.571232191952012,370,5,520,2747,3817,3447
0.0036862543954086753,0.9866666666666667,0.9866666666666667,895.062650582774,0.09696016771488469,0.09090909090909091,0.5387878787878788,0.5713571607098226,370,5,520,2746,3816,3446
0.003688498103723455,0.9866666666666667,0.9866666666666667,894.7366991441058,0.09698558322411534,0.09090909090909091,0.5387878787878788,0.5714821294676331,370,5,520,2745,3815,3445
0.003717944697506145,0.9866666666666667,0.9866666666666667,894.4107477054378,0.09701101206082853,0.09090909090909091,0.5387878787878788,0.5716070982254436,370,5,520,2744,3814,3444
0.003758402126243527,0.9866666666666667,0.9866666666666667,894.4107477054378,0.09703645423551009,0.09090909090909091,0.5387878787878788,0.5717320669832542,370,5,520,2744,3813,3443
0.003766335081689091,0.9866666666666667,0.9866666666666667,894.0847962667696,0.09706190975865688,0.09090909090909091,0.5387878787878788,0.5718570357410647,370,5,520,2743,3812,3442
0.0037875294576395504,0.9866666666666667,0.9866666666666667,893.7588448281014,0.0970873786407767,0.09090909090909091,0.5387878787878788,0.5719820044988753,370,5,520,2742,3811,3441
0.0037938882566225253,0.9866666666666667,0.9866666666666667,893.4328933894333,0.09711286089238845,0.09090909090909091,0.5387878787878788,0.5721069732566858,370,5,520,2741,3810,3440
0.0038056961242490797,0.9866666666666667,0.9866666666666667,893.1069419507651,0.09713835652402206,0.09090909090909091,0.5387878787878788,0.5722319420144963,370,5,520,2740,3809,3439
0.0038058375998536328,0.9866666666666667,0.9866666666666667,892.7809905120969,0.09716386554621849,0.09090909090909091,0.5387878787878788,0.5723569107723069,370,5,520,2739,3808,3438
0.0038187946826698264,0.9866666666666667,0.9866666666666667,892.4550390734288,0.09718938796952982,0.09090909090909091,0.5387878787878788,0.5724818795301174,370,5,520,2738,3807,3437
0.0038351317042090325,0.9866666666666667,0.9866666666666667,892.1290876347606,0.09721492380451918,0.09090909090909091,0.5387878787878788,0.5726068482879281,370,5,520,2737,3806,3436
0.003844020259634867,0.9866666666666667,0.9866666666666667,892.1290876347606,0.09724047306176084,0.09090909090909091,0.5387878787878788,0.5727318170457386,370,5,520,2737,3805,3435
0.003863884630406698,0.9866666666666667,0.9866666666666667,891.8031361960924,0.09726603575184017,0.09090909090909091,0.5387878787878788,0.5728567858035492,370,5,520,2736,3804,3434
0.0038719747501240764,0.9866666666666667,0.9866666666666667,891.8031361960924,0.09729161188535367,0.09090909090909091,0.5387878787878788,0.5729817545613597,370,5,520,2736,3803,3433
0.003873745934234199,0.9866666666666667,0.9866666666666667,891.8031361960924,0.097317201472909,0.09090909090909091,0.5387878787878788,0.5731067233191702,370,5,520,2736,3802,3432
0.0038737637082631214,0.9866666666666667,0.9866666666666667,891.8031361960924,0.09734280452512496,0.09090909090909091,0.5387878787878788,0.5732316920769808,370,5,520,2736,3801,3431
0.0038828794051385764,0.9866666666666667,0.9866666666666667,891.4771847574242,0.09736842105263158,0.09090909090909091,0.5387878787878788,0.5733566608347913,370,5,520,2735,3800,3430
0.0038863421479399933,0.9866666666666667,0.9866666666666667,891.1512333187561,0.09739405106607002,0.09090909090909091,0.5387878787878788,0.5734816295926018,370,5,520,2734,3799,3429
0.003886791678042565,0.9866666666666667,0.9866666666666667,891.1512333187561,0.09741969457609267,0.09090909090909091,0.5387878787878788,0.5736065983504124,370,5,520,2734,3798,3428
0.0039002602894720583,0.9866666666666667,0.9866666666666667,890.8252818800879,0.09744535159336318,0.09090909090909091,0.5387878787878788,0.5737315671082229,370,5,520,2733,3797,3427
0.00391009463177591,0.9866666666666667,0.9866666666666667,890.8252818800879,0.09747102212855638,0.09090909090909091,0.5387878787878788,0.5738565358660335,370,5,520,2733,3796,3426
0.003917722959978555,0.9866666666666667,0.9866666666666667,890.4993304414197,0.09749670619235837,0.09090909090909091,0.5387878787878788,0.573981504623844,370,5,520,2732,3795,3425
0.003922304547119415,0.9866666666666667,0.9866666666666667,890.4993304414197,0.09752240379546652,0.09090909090909091,0.5387878787878788,0.5741064733816545,370,5,520,2732,3794,3424
0.003923036071759102,0.9866666666666667,0.9866666666666667,890.4993304414197,0.0975481149485895,0.09090909090909091,0.5387878787878788,0.5742314421394651,370,5,520,2732,3793,3423
0.003946013737695547,0.9866666666666667,0.9866666666666667,890.4993304414197,0.09757383966244726,0.09090909090909091,0.5387878787878788,0.5743564108972756,370,5,520,2732,3792,3422
0.003947002035331831,0.9866666666666667,0.9866666666666667,890.1733790027516,0.09759957794777104,0.09090909090909091,0.5387878787878788,0.5744813796550863,370,5,520,2731,3791,3421
0.003949533969494777,0.9866666666666667,0.9866666666666667,889.8474275640834,0.09762532981530343,0.09090909090909091,0.5387878787878788,0.5746063484128968,370,5,520,2730,3790,3420
0.003957400534956275,0.9866666666666667,0.9866666666666667,889.8474275640834,0.09765109527579836,0.09090909090909091,0.5387878787878788,0.5747313171707074,370,5,520,2730,3789,3419
0.0039665867433648005,0.9866666666666667,0.9866666666666667,889.5214761254152,0.09767687434002112,0.09090909090909091,0.5387878787878788,0.5748562859285179,370,5,520,2729,3788,3418
0.003968825560963557,0.9866666666666667,0.9866666666666667,889.1955246867471,0.09770266701874834,0.09090909090909091,0.5387878787878788,0.5749812546863284,370,5,520,2728,3787,3417
0.003970101114134129,0.9866666666666667,0.9866666666666667,889.1955246867471,0.09772847332276809,0.09090909090909091,0.5387878787878788,0.575106223444139,370,5,520,2728,3786,3416
0.0039886766965508596,0.9866666666666667,0.9866666666666667,889.1955246867471,0.0977542932628798,0.09090909090909091,0.5387878787878788,0.5752311922019495,370,5,520,2728,3785,3415
0.003993024639309026,0.9866666666666667,0.9866666666666667,888.869573248079,0.09778012684989429,0.09090909090909091,0.5387878787878788,0.57535616095976,370,5,520,2727,3784,3414
0.003996942699103557,0.9866666666666667,0.9866666666666667,888.5436218094108,0.09780597409463389,0.09090909090909091,0.5387878787878788,0.5754811297175706,370,5,520,2726,3783,3413
0.003998548909860536,0.9866666666666667,0.9866666666666667,888.2176703707427,0.09783183500793231,0.09090909090909091,0.5387878787878788,0.5756060984753811,370,5,520,2725,3782,3412
0.004001716049167606,0.9866666666666667,0.9866666666666667,888.2176703707427,0.09785770960063475,0.09090909090909091,0.5387878787878788,0.5757310672331917,370,5,520,2725,3781,3411
0.004002834349263662,0.9866666666666667,0.9866666666666667,888.2176703707427,0.09788359788359788,0.09090909090909091,0.5387878787878788,0.5758560359910022,370,5,520,2725,3780,3410
0.004019438269667785,0.9866666666666667,0.9866666666666667,887.8917189320745,0.09790949986768986,0.09090909090909091,0.5387878787878788,0.5759810047488128,370,5,520,2724,3779,3409
0.004020264739761347,0.9866666666666667,0.9866666666666667,887.5657674934063,0.09793541556379036,0.09090909090909091,0.5387878787878788,0.5761059735066234,370,5,520,2723,3778,3408
0.004027472413967341,0.9866666666666667,0.9866666666666667,887.2398160547382,0.09796134498279058,0.09090909090909091,0.5387878787878788,0.5762309422644338,370,5,520,2722,3777,3407
0.004036771057852553,0.9866666666666667,0.9866666666666667,886.91386461607,0.09798728813559322,0.09090909090909091,0.5387878787878788,0.5763559110222445,370,5,520,2721,3776,3406
0.004039421496142223,0.9866666666666667,0.9866666666666667,886.5879131774018,0.09801324503311258,0.09090909090909091,0.5387878787878788,0.576480879780055,370,5,520,2720,3775,3405
0.004039789606852344,0.9866666666666667,0.9866666666666667,886.5879131774018,0.09803921568627451,0.09090909090909091,0.5387878787878788,0.5766058485378656,370,5,520,2720,3774,3404
0.004041582576189689,0.9866666666666667,0.9866666666666667,886.5879131774018,0.09806520010601644,0.09090909090909091,0.5387878787878788,0.5767308172956761,370,5,520,2720,3773,3403
0.004041649760245038,0.9866666666666667,0.9866666666666667,886.5879131774018,0.09809119830328739,0.09090909090909091,0.5387878787878788,0.5768557860534866,370,5,520,2720,3772,3402
0.0040418478035442705,0.9866666666666667,0.9866666666666667,886.5879131774018,0.098117210289048,0.09090909090909091,0.5387878787878788,0.5769807548112972,370,5,520,2720,3771,3401
0.004048187872827787,0.9866666666666667,0.9866666666666667,886.5879131774018,0.09814323607427056,0.09090909090909091,0.5387878787878788,0.5771057235691077,370,5,520,2720,3770,3400
0.004053669978167463,0.9866666666666667,0.9866666666666667,886.2619617387337,0.09816927566993898,0.09265734265734266,0.5396620046620046,0.5772306923269183,370,5,519,2719,3769,3399
0.0040596709272689045,0.9866666666666667,0.9866666666666667,886.2619617387337,0.09819532908704884,0.09265734265734266,0.5396620046620046,0.5773556610847288,370,5,519,2719,3768,3398
0.0040614751492991695,0.9866666666666667,0.9866666666666667,886.2619617387337,0.09822139633660738,0.09265734265734266,0.5396620046620046,0.5774806298425393,370,5,519,2719,3767,3397
0.004064226272681694,0.9866666666666667,0.9866666666666667,886.2619617387337,0.09824747742963356,0.09265734265734266,0.5396620046620046,0.5776055986003499,370,5,519,2719,3766,3396
0.0040655266882663,0.9866666666666667,0.9866666666666667,886.2619617387337,0.09827357237715803,0.09265734265734266,0.5396620046620046,0.5777305673581604,370,5,519,2719,3765,3395
0.004065528957190872,0.9866666666666667,0.9866666666666667,886.2619617387337,0.09829968119022317,0.09265734265734266,0.5396620046620046,0.577855536115971,370,5,519,2719,3764,3394
0.0040746749689301925,0.9866666666666667,0.9866666666666667,885.9360103000655,0.09832580387988307,0.09265734265734266,0.5396620046620046,0.5779805048737816,370,5,519,2718,3763,3393
0.0040765783575571184,0.9866666666666667,0.9866666666666667,885.9360103000655,0.09835194045720362,0.09265734265734266,0.5396620046620046,0.5781054736315921,370,5,519,2718,3762,3392
0.004078469280390698,0.9866666666666667,0.9866666666666667,885.9360103000655,0.09837809093326243,0.09265734265734266,0.5396620046620046,0.5782304423894027,370,5,519,2718,3761,3391
0.004079199458743241,0.9866666666666667,0.9866666666666667,885.6100588613973,0.09840425531914894,0.09265734265734266,0.5396620046620046,0.5783554111472132,370,5,519,2717,3760,3390
0.0040857280669216525,0.9866666666666667,0.9866666666666667,885.6100588613973,0.09843043362596435,0.09265734265734266,0.5396620046620046,0.5784803799050238,370,5,519,2717,3759,3389
0.004089477308469245,0.9866666666666667,0.9866666666666667,885.2841074227292,0.09845662586482172,0.09265734265734266,0.5396620046620046,0.5786053486628343,370,5,519,2716,3758,3388
0.004096453845394893,0.9866666666666667,0.9866666666666667,884.958155984061,0.0984828320468459,0.09265734265734266,0.5396620046620046,0.5787303174206448,370,5,519,2715,3757,3387
0.004098469131567788,0.9866666666666667,0.9866666666666667,884.6322045453928,0.09850905218317359,0.09265734265734266,0.5396620046620046,0.5788552861784554,370,5,519,2714,3756,3386
0.0041009006525972985,0.9866666666666667,0.9866666666666667,884.3062531067246,0.0985352862849534,0.09265734265734266,0.5396620046620046,0.5789802549362659,370,5,519,2713,3755,3385
0.004102643315019683,0.9866666666666667,0.9866666666666667,884.3062531067246,0.09856153436334576,0.09265734265734266,0.5396620046620046,0.5791052236940765,370,5,519,2713,3754,3384
0.004103456971354649,0.9866666666666667,0.9866666666666667,884.3062531067246,0.09858779642952305,0.09265734265734266,0.5396620046620046,0.579230192451887,370,5,519,2713,3753,3383
0.0041083071774386136,0.9866666666666667,0.9866666666666667,883.9803016680565,0.09861407249466951,0.09265734265734266,0.5396620046620046,0.5793551612096975,370,5,519,2712,3752,3382
0.004108707554040647,0.9866666666666667,0.9866666666666667,883.9803016680565,0.09864036256998134,0.09265734265734266,0.5396620046620046,0.5794801299675081,370,5,519,2712,3751,3381
0.004110570043881144,0.9866666666666667,0.9866666666666667,883.6543502293883,0.09866666666666667,0.09265734265734266,0.5396620046620046,0.5796050987253186,370,5,519,2711,3750,3380
0.0041170541642831324,0.9866666666666667,0.9866666666666667,883.3283987907201,0.09869298479594558,0.09265734265734266,0.5396620046620046,0.5797300674831292,370,5,519,2710,3749,3379
0.0041314776710787236,0.9866666666666667,0.9866666666666667,883.0024473520521,0.09871931696905016,0.09265734265734266,0.5396620046620046,0.5798550362409398,370,5,519,2709,3748,3378
0.004139413203073786,0.9866666666666667,0.9866666666666667,882.6764959133839,0.09874566319722444,0.09265734265734266,0.5396620046620046,0.5799800049987504,370,5,519,2708,3747,3377
0.004142847506262777,0.9866666666666667,0.9866666666666667,882.3505444747157,0.09877202349172451,0.09265734265734266,0.5396620046620046,0.5801049737565609,370,5,519,2707,3746,3376
0.004148724336928424,0.9866666666666667,0.9866666666666667,882.3505444747157,0.09879839786381843,0.09265734265734266,0.5396620046620046,0.5802299425143714,370,5,519,2707,3745,3375
0.004157246759432271,0.9866666666666667,0.9866666666666667,882.3505444747157,0.09882478632478632,0.09265734265734266,0.5396620046620046,0.580354911272182,370,5,519,2707,3744,3374
0.004161144778825011,0.9866666666666667,0.9866666666666667,882.3505444747157,0.09885118888592039,0.09265734265734266,0.5396620046620046,0.5804798800299925,370,5,519,2707,3743,3373
0.0041694996552731735,0.9866666666666667,0.9866666666666667,882.0245930360476,0.09887760555852486,0.09265734265734266,0.5396620046620046,0.580604848787803,370,5,519,2706,3742,3372
0.004170148587609134,0.9866666666666667,0.9866666666666667,881.6986415973794,0.09890403635391606,0.09265734265734266,0.5396620046620046,0.5807298175456136,370,5,519,2705,3741,3371
0.004170718915282562,0.9866666666666667,0.9866666666666667,881.3726901587112,0.09893048128342247,0.09265734265734266,0.5396620046620046,0.5808547863034241,370,5,519,2704,3740,3370
0.004180989830630397,0.9866666666666667,0.9866666666666667,881.3726901587112,0.09895694035838459,0.09265734265734266,0.5396620046620046,0.5809797550612347,370,5,519,2704,3739,3369
0.004190889765567749,0.9866666666666667,0.9866666666666667,881.3726901587112,0.09898341359015517,0.09265734265734266,0.5396620046620046,0.5811047238190452,370,5,519,2704,3738,3368
0.004210572974066428,0.9866666666666667,0.9866666666666667,881.0467387200431,0.09900990099009901,0.09265734265734266,0.5396620046620046,0.5812296925768557,370,5,519,2703,3737,3367
0.004214462854977413,0.9866666666666667,0.9866666666666667,881.0467387200431,0.09903640256959315,0.09265734265734266,0.5396620046620046,0.5813546613346663,370,5,519,2703,3736,3366
0.004235692025179545,0.9866666666666667,0.9866666666666667,880.7207872813749,0.09906291834002677,0.09265734265734266,0.5396620046620046,0.5814796300924769,370,5,519,2702,3735,3365
0.004239003520162685,0.9866666666666667,0.9866666666666667,880.3948358427067,0.09908944831280128,0.09265734265734266,0.5396620046620046,0.5816045988502874,370,5,519,2701,3734,3364
0.004262157875941297,0.9866666666666667,0.9866666666666667,880.3948358427067,0.0991159924993303,0.09265734265734266,0.5396620046620046,0.581729567608098,370,5,519,2701,3733,3363
0.004267515874703463,0.9866666666666667,0.9866666666666667,880.3948358427067,0.09914255091103966,0.09265734265734266,0.5396620046620046,0.5818545363659086,370,5,519,2701,3732,3362
0.004274946782681099,0.9866666666666667,0.9866666666666667,880.0688844040386,0.09916912355936747,0.09265734265734266,0.5396620046620046,0.5819795051237191,370,5,519,2700,3731,3361
0.004288873756239494,0.9866666666666667,0.9866666666666667,880.0688844040386,0.09919571045576407,0.09265734265734266,0.5396620046620046,0.5821044738815296,370,5,519,2700,3730,3360
0.0042894714952968075,0.9866666666666667,0.9866666666666667,880.0688844040386,0.09922231161169215,0.09265734265734266,0.5396620046620046,0.5822294426393402,370,5,519,2700,3729,3359
0.00430003531122981,0.9866666666666667,0.9866666666666667,880.0688844040386,0.0992489270386266,0.09265734265734266,0.5396620046620046,0.5823544113971507,370,5,519,2700,3728,3358
0.00431016223268667,0.9866666666666667,0.9866666666666667,879.7429329653704,0.09927555674805473,0.09265734265734266,0.5396620046620046,0.5824793801549613,370,5,519,2699,3727,3357
0.0043159549299414054,0.9866666666666667,0.9866666666666667,879.4169815267022,0.09930220075147611,0.09265734265734266,0.5396620046620046,0.5826043489127718,370,5,519,2698,3726,3356
0.004318044600620211,0.9866666666666667,0.9866666666666667,879.0910300880341,0.09932885906040269,0.0944055944055944,0.5405361305361306,0.5827293176705823,370,5,518,2697,3725,3355
0.004359887151111561,0.9866666666666667,0.9866666666666667,878.7650786493659,0.09935553168635876,0.0944055944055944,0.5405361305361306,0.5828542864283929,370,5,518,2696,3724,3354
0.0043609675317886985,0.9866666666666667,0.9866666666666667,878.7650786493659,0.09938221864088101,0.0944055944055944,0.5405361305361306,0.5829792551862034,370,5,518,2696,3723,3353
0.0043621795366838925,0.9866666666666667,0.9866666666666667,878.4391272106977,0.09940891993551854,0.0944055944055944,0.5405361305361306,0.583104223944014,370,5,518,2695,3722,3352
0.0043629204711263135,0.9866666666666667,0.9866666666666667,878.1131757720296,0.09943563558183284,0.0944055944055944,0.5405361305361306,0.5832291927018245,370,5,518,2694,3721,3351
0.00436660014436504,0.9866666666666667,0.9866666666666667,877.7872243333615,0.09946236559139784,0.0944055944055944,0.5405361305361306,0.5833541614596351,370,5,518,2693,3720,3350
0.004375222340294872,0.9866666666666667,0.9866666666666667,877.4612728946933,0.09948910997579995,0.0944055944055944,0.5405361305361306,0.5834791302174457,370,5,518,2692,3719,3349
0.004377437594659813,0.9866666666666667,0.9866666666666667,877.4612728946933,0.09951586874663798,0.0944055944055944,0.5405361305361306,0.5836040989752562,370,5,518,2692,3718,3348
0.004383969594157822,0.9866666666666667,0.9866666666666667,877.135321456025,0.09954264191552327,0.0944055944055944,0.5405361305361306,0.5837290677330668,370,5,518,2691,3717,3347
0.004384837276545659,0.9866666666666667,0.9866666666666667,877.135321456025,0.09956942949407965,0.0944055944055944,0.5405361305361306,0.5838540364908773,370,5,518,2691,3716,3346
0.004387030857209385,0.9866666666666667,0.9866666666666667,877.135321456025,0.09959623149394348,0.0944055944055944,0.5405361305361306,0.5839790052486878,370,5,518,2691,3715,3345
0.004398915568525742,0.9866666666666667,0.9866666666666667,876.809370017357,0.0996230479267636,0.0944055944055944,0.5405361305361306,0.5841039740064984,370,5,518,2690,3714,3344
0.004406109456999309,0.9866666666666667,0.9866666666666667,876.4834185786888,0.09964987880420145,0.0944055944055944,0.5405361305361306,0.5842289427643089,370,5,518,2689,3713,3343
0.004411630715124988,0.9866666666666667,0.9866666666666667,876.4834185786888,0.09967672413793104,0.0944055944055944,0.5405361305361306,0.5843539115221195,370,5,518,2689,3712,3342
0.00441998605442595,0.9866666666666667,0.9866666666666667,876.4834185786888,0.0997035839396389,0.0944055944055944,0.5405361305361306,0.58447888027993,370,5,518,2689,3711,3341
0.004425241090039713,0.9866666666666667,0.9866666666666667,876.1574671400206,0.09973045822102426,0.0944055944055944,0.5405361305361306,0.5846038490377405,370,5,518,2688,3710,3340
0.004432706046015238,0.9866666666666667,0.9866666666666667,875.8315157013525,0.09975734699379887,0.0944055944055944,0.5405361305361306,0.5847288177955511,370,5,518,2687,3709,3339
0.004437149039677014,0.9866666666666667,0.9866666666666667,875.5055642626843,0.09978425026968717,0.0944055944055944,0.5405361305361306,0.5848537865533616,370,5,518,2686,3708,3338
0.0044479156999158,0.9866666666666667,0.9866666666666667,875.1796128240161,0.09981116806042623,0.0944055944055944,0.5405361305361306,0.5849787553111722,370,5,518,2685,3707,3337
0.004450953987057196,0.9866666666666667,0.9866666666666667,874.853661385348,0.09983810037776579,0.0944055944055944,0.5405361305361306,0.5851037240689827,370,5,518,2684,3706,3336
0.004454878816512977,0.9866666666666667,0.9866666666666667,874.853661385348,0.09986504723346828,0.0944055944055944,0.5405361305361306,0.5852286928267934,370,5,518,2684,3705,3335
0.004498747973824417,0.9866666666666667,0.9866666666666667,874.5277099466798,0.09989200863930886,0.0944055944055944,0.5405361305361306,0.5853536615846039,370,5,518,2683,3704,3334
0.004507850908592307,0.9866666666666667,0.9866666666666667,874.2017585080116,0.09991898460707535,0.0944055944055944,0.5405361305361306,0.5854786303424144,370,5,518,2682,3703,3333
0.004510299609699955,0.9866666666666667,0.9866666666666667,873.8758070693435,0.09994597514856834,0.0944055944055944,0.5405361305361306,0.585603599100225,370,5,518,2681,3702,3332
0.004512406482752912,0.9866666666666667,0.9866666666666667,873.5498556306753,0.09997298027560118,0.0944055944055944,0.5405361305361306,0.5857285678580355,370,5,518,2680,3701,3331
0.004535842973294501,0.9866666666666667,0.9866666666666667,873.2239041920071,0.1,0.0944055944055944,0.5405361305361306,0.585853536615846,370,5,518,2679,3700,3330
0.004537506377127153,0.9866666666666667,0.9866666666666667,872.897952753339,0.10002703433360367,0.0944055944055944,0.5405361305361306,0.5859785053736566,370,5,518,2678,3699,3329
0.004559020521132157,0.9866666666666667,0.9866666666666667,872.897952753339,0.10005408328826393,0.0944055944055944,0.5405361305361306,0.5861034741314671,370,5,518,2678,3698,3328
0.004565904022914366,0.9866666666666667,0.9866666666666667,872.5720013146708,0.10008114687584528,0.0944055944055944,0.5405361305361306,0.5862284428892777,370,5,518,2677,3697,3327
0.004615925491777172,0.9866666666666667,0.9866666666666667,872.5720013146708,0.1001082251082251,0.0944055944055944,0.5405361305361306,0.5863534116470882,370,5,518,2677,3696,3326
0.004621199321803213,0.9866666666666667,0.9866666666666667,872.2460498760026,0.10013531799729364,0.0944055944055944,0.5405361305361306,0.5864783804048987,370,5,518,2676,3695,3325
0.004626508844222778,0.9866666666666667,0.9866666666666667,871.9200984373346,0.10016242555495398,0.0944055944055944,0.5405361305361306,0.5866033491627093,370,5,518,2675,3694,3324
0.004627522491035913,0.9866666666666667,0.9866666666666667,871.5941469986664,0.10018954779312213,0.0944055944055944,0.5405361305361306,0.5867283179205198,370,5,518,2674,3693,3323
0.004635046770246902,0.9866666666666667,0.9866666666666667,871.2681955599982,0.10021668472372698,0.0944055944055944,0.5405361305361306,0.5868532866783305,370,5,518,2673,3692,3322
0.004640018331965682,0.9866666666666667,0.9866666666666667,870.94224412133,0.10024383635871037,0.0944055944055944,0.5405361305361306,0.5869782554361409,370,5,518,2672,3691,3321
0.004645939102036961,0.9866666666666667,0.9866666666666667,870.6162926826619,0.1002710027100271,0.0944055944055944,0.5405361305361306,0.5871032241939516,370,5,518,2671,3690,3320
0.004653367207167135,0.9866666666666667,0.9866666666666667,870.6162926826619,0.10029818378964489,0.0944055944055944,0.5405361305361306,0.5872281929517621,370,5,518,2671,3689,3319
0.004662456470463137,0.9866666666666667,0.9866666666666667,870.2903412439937,0.10032537960954446,0.0944055944055944,0.5405361305361306,0.5873531617095726,370,5,518,2670,3688,3318
0.004689933874348301,0.9866666666666667,0.9866666666666667,869.9643898053255,0.10035259018171956,0.0944055944055944,0.5405361305361306,0.5874781304673832,370,5,518,2669,3687,3317
0.004722068371240733,0.9866666666666667,0.9866666666666667,869.9643898053255,0.10037981551817689,0.0944055944055944,0.5405361305361306,0.5876030992251937,370,5,518,2669,3686,3316
0.004722674615311348,0.9866666666666667,0.9866666666666667,869.9643898053255,0.10040705563093623,0.0944055944055944,0.5405361305361306,0.5877280679830043,370,5,518,2669,3685,3315
0.004724220561006766,0.9866666666666667,0.9866666666666667,869.9643898053255,0.1004343105320304,0.0944055944055944,0.5405361305361306,0.5878530367408148,370,5,518,2669,3684,3314
0.004729401439741812,0.9866666666666667,0.9866666666666667,869.6384383666574,0.1004615802335053,0.0944055944055944,0.5405361305361306,0.5879780054986253,370,5,518,2668,3683,3313
0.0047295421547688425,0.9866666666666667,0.9866666666666667,869.3124869279892,0.10048886474741989,0.0944055944055944,0.5405361305361306,0.5881029742564359,370,5,518,2667,3682,3312
0.004734971531088061,0.9866666666666667,0.9866666666666667,868.986535489321,0.10051616408584624,0.0944055944055944,0.5405361305361306,0.5882279430142464,370,5,518,2666,3681,3311
0.004740261213489561,0.9866666666666667,0.9866666666666667,868.6605840506529,0.10054347826086957,0.0944055944055944,0.5405361305361306,0.588352911772057,370,5,518,2665,3680,3310
0.004740483350699897,0.9866666666666667,0.9866666666666667,868.3346326119847,0.1005708072845882,0.0944055944055944,0.5405361305361306,0.5884778805298675,370,5,518,2664,3679,3309
0.004742172112947408,0.9866666666666667,0.9866666666666667,868.0086811733165,0.10059815116911365,0.0944055944055944,0.5405361305361306,0.588602849287678,370,5,518,2663,3678,3308
0.0047424839645431776,0.9866666666666667,0.9866666666666667,868.0086811733165,0.10062550992657057,0.0944055944055944,0.5405361305361306,0.5887278180454887,370,5,518,2663,3677,3307
0.004754153591597898,0.9866666666666667,0.9866666666666667,868.0086811733165,0.10065288356909684,0.0944055944055944,0.5405361305361306,0.5888527868032992,370,5,518,2663,3676,3306
0.004759434999978398,0.9866666666666667,0.9866666666666667,867.6827297346484,0.10068027210884353,0.0944055944055944,0.5405361305361306,0.5889777555611098,370,5,518,2662,3675,3305
0.004763648225897555,0.9866666666666667,0.9866666666666667,867.3567782959802,0.10070767555797495,0.0944055944055944,0.5405361305361306,0.5891027243189203,370,5,518,2661,3674,3304
0.004779710826118554,0.9866666666666667,0.9866666666666667,867.030826857312,0.10073509392866867,0.0944055944055944,0.5405361305361306,0.5892276930767308,370,5,518,2660,3673,3303
0.004797542366428185,0.9866666666666667,0.9866666666666667,866.704875418644,0.10076252723311546,0.0944055944055944,0.5405361305361306,0.5893526618345414,370,5,518,2659,3672,3302
0.004801569345726748,0.9866666666666667,0.9866666666666667,866.3789239799758,0.10078997548351948,0.0944055944055944,0.5405361305361306,0.5894776305923519,370,5,518,2658,3671,3301
0.004805802844602888,0.9866666666666667,0.9866666666666667,866.0529725413076,0.1008174386920981,0.0944055944055944,0.5405361305361306,0.5896025993501625,370,5,518,2657,3670,3300
0.004819625753378672,0.9866666666666667,0.9866666666666667,865.7270211026395,0.10084491687108203,0.0944055944055944,0.5405361305361306,0.589727568107973,370,5,518,2656,3669,3299
0.004821701676742255,0.9866666666666667,0.9866666666666667,865.4010696639713,0.10087241003271538,0.0944055944055944,0.5405361305361306,0.5898525368657835,370,5,518,2655,3668,3298
0.004832515226929337,0.9866666666666667,0.9866666666666667,865.0751182253031,0.10089991818925552,0.0944055944055944,0.5405361305361306,0.5899775056235941,370,5,518,2654,3667,3297
0.004841354838381048,0.9866666666666667,0.9866666666666667,864.749166786635,0.10092744135297327,0.0944055944055944,0.5405361305361306,0.5901024743814046,370,5,518,2653,3666,3296
0.004854837550665251,0.9866666666666667,0.9866666666666667,864.4232153479668,0.1009549795361528,0.0944055944055944,0.5405361305361306,0.5902274431392152,370,5,518,2652,3665,3295
0.004858693576776854,0.9866666666666667,0.9866666666666667,864.0972639092986,0.1009825327510917,0.0944055944055944,0.5405361305361306,0.5903524118970257,370,5,518,2651,3664,3294
0.004875840941769151,0.9866666666666667,0.9866666666666667,863.7713124706304,0.10101010101010101,0.09615384615384616,0.5414102564102564,0.5904773806548362,370,5,517,2650,3663,3293
0.0048801095876092465,0.9866666666666667,0.9866666666666667,863.4453610319623,0.1010376843255052,0.09615384615384616,0.5414102564102564,0.5906023494126469,370,5,517,2649,3662,3292
0.004880651752775636,0.9866666666666667,0.9866666666666667,863.1194095932941,0.10106528270964217,0.09615384615384616,0.5414102564102564,0.5907273181704574,370,5,517,2648,3661,3291
0.004886097929214482,0.9866666666666667,0.9866666666666667,862.7934581546259,0.10109289617486339,0.09615384615384616,0.5414102564102564,0.590852286928268,370,5,517,2647,3660,3290
0.004896454647401874,0.9866666666666667,0.9866666666666667,862.4675067159578,0.10112052473353375,0.09615384615384616,0.5414102564102564,0.5909772556860785,370,5,517,2646,3659,3289
0.004897338342519198,0.9866666666666667,0.9866666666666667,862.1415552772896,0.10114816839803172,0.09615384615384616,0.5414102564102564,0.591102224443889,370,5,517,2645,3658,3288
0.004905153939133545,0.9866666666666667,0.9866666666666667,861.8156038386214,0.10117582718074924,0.09615384615384616,0.5414102564102564,0.5912271932016996,370,5,517,2644,3657,3287
0.004905312581609171,0.9866666666666667,0.9866666666666667,861.4896523999533,0.1012035010940919,0.09615384615384616,0.5414102564102564,0.5913521619595101,370,5,517,2643,3656,3286
0.004920995447972199,0.9866666666666667,0.9866666666666667,861.1637009612851,0.1012311901504788,0.09615384615384616,0.5414102564102564,0.5914771307173207,370,5,517,2642,3655,3285
0.0050281165930505835,0.9866666666666667,0.9866666666666667,860.837749522617,0.10125889436234264,0.09615384615384616,0.5414102564102564,0.5916020994751312,370,5,517,2641,3654,3284
0.005036087518767588,0.9866666666666667,0.9866666666666667,860.5117980839489,0.10128661374212976,0.09615384615384616,0.5414102564102564,0.5917270682329417,370,5,517,2640,3653,3283
0.005038497305417004,0.9866666666666667,0.9866666666666667,860.1858466452807,0.10131434830230011,0.09615384615384616,0.5414102564102564,0.5918520369907523,370,5,517,2639,3652,3282
0.005039713745454576,0.9866666666666667,0.9866666666666667,859.8598952066125,0.1013420980553273,0.09615384615384616,0.5414102564102564,0.5919770057485628,370,5,517,2638,3651,3281
0.0050400797743282676,0.9866666666666667,0.9866666666666667,859.5339437679444,0.10136986301369863,0.09615384615384616,0.5414102564102564,0.5921019745063734,370,5,517,2637,3650,3280
0.005049140542128132,0.9866666666666667,0.9866666666666667,859.2079923292762,0.10139764318991505,0.09615384615384616,0.5414102564102564,0.592226943264184,370,5,517,2636,3649,3279
0.005053079291286763,0.9866666666666667,0.9866666666666667,858.882040890608,0.10142543859649122,0.09615384615384616,0.5414102564102564,0.5923519120219944,370,5,517,2635,3648,3278
0.005063566030822786,0.9866666666666667,0.9866666666666667,858.882040890608,0.10145324924595558,0.09615384615384616,0.5414102564102564,0.5924768807798051,370,5,517,2635,3647,3277
0.005064709809879993,0.9866666666666667,0.9866666666666667,858.5560894519399,0.10148107515085025,0.09615384615384616,0.5414102564102564,0.5926018495376156,370,5,517,2634,3646,3276
0.005114401611530669,0.9866666666666667,0.9866666666666667,858.2301380132717,0.10150891632373114,0.09615384615384616,0.5414102564102564,0.5927268182954262,370,5,517,2633,3645,3275
0.0051423637515298605,0.9866666666666667,0.9866666666666667,857.9041865746035,0.10153677277716795,0.09615384615384616,0.5414102564102564,0.5928517870532367,370,5,517,2632,3644,3274
0.005166574064796376,0.9866666666666667,0.9866666666666667,857.5782351359354,0.10156464452374417,0.09615384615384616,0.5414102564102564,0.5929767558110473,370,5,517,2631,3643,3273
0.005179070747042884,0.9866666666666667,0.9866666666666667,857.2522836972672,0.1015925315760571,0.09615384615384616,0.5414102564102564,0.5931017245688578,370,5,517,2630,3642,3272
0.005181933066429746,0.9866666666666667,0.9866666666666667,856.926332258599,0.10162043394671794,0.09615384615384616,0.5414102564102564,0.5932266933266683,370,5,517,2629,3641,3271
0.005188611724350033,0.9866666666666667,0.9866666666666667,856.6003808199308,0.10164835164835165,0.09615384615384616,0.5414102564102564,0.5933516620844789,370,5,517,2628,3640,3270
0.00521181539962694,0.9866666666666667,0.9866666666666667,856.2744293812627,0.10167628469359714,0.09615384615384616,0.5414102564102564,0.5934766308422894,370,5,517,2627,3639,3269
0.005226147168711883,0.9866666666666667,0.9866666666666667,855.9484779425945,0.1017042330951072,0.09615384615384616,0.5414102564102564,0.5936015996001,370,5,517,2626,3638,3268
0.005229487530151492,0.9866666666666667,0.9866666666666667,855.6225265039263,0.10173219686554853,0.09615384615384616,0.5414102564102564,0.5937265683579105,370,5,517,2625,3637,3267
0.00523919346189478,0.9866666666666667,0.9866666666666667,855.2965750652583,0.10176017601760176,0.0979020979020979,0.5422843822843822,0.593851537115721,370,5,516,2624,3636,3266
0.005287057622806116,0.9866666666666667,0.9866666666666667,854.97062362659,0.10178817056396149,0.0979020979020979,0.5422843822843822,0.5939765058735316,370,5,516,2623,3635,3265
0.005308854080268145,0.9866666666666667,0.9866666666666667,854.97062362659,0.10181618051733626,0.0979020979020979,0.5422843822843822,0.5941014746313422,370,5,516,2623,3634,3264
0.005323794106964592,0.9866666666666667,0.9866666666666667,854.6446721879219,0.10184420589044867,0.0979020979020979,0.5422843822843822,0.5942264433891528,370,5,516,2622,3633,3263
0.005341784926282517,0.9866666666666667,0.9866666666666667,854.6446721879219,0.10187224669603524,0.0979020979020979,0.5422843822843822,0.5943514121469633,370,5,516,2622,3632,3262
0.00534804854163173,0.9866666666666667,0.9866666666666667,854.3187207492538,0.1019003029468466,0.0979020979020979,0.5422843822843822,0.5944763809047738,370,5,516,2621,3631,3261
0.005355617513902537,0.9866666666666667,0.9866666666666667,854.3187207492538,0.10192837465564739,0.0979020979020979,0.5422843822843822,0.5946013496625844,370,5,516,2621,3630,3260
0.005376424500727253,0.9866666666666667,0.9866666666666667,853.9927693105856,0.10195646183521631,0.0979020979020979,0.5422843822843822,0.5947263184203949,370,5,516,2620,3629,3259
0.005390056385899692,0.9866666666666667,0.9866666666666667,853.6668178719174,0.1019845644983462,0.0979020979020979,0.5422843822843822,0.5948512871782055,370,5,516,2619,3628,3258
0.005420213031419942,0.9866666666666667,0.9866666666666667,853.3408664332493,0.10201268265784395,0.0979020979020979,0.5422843822843822,0.594976255936016,370,5,516,2618,3627,3257
0.005431638399388503,0.9866666666666667,0.9866666666666667,853.0149149945811,0.10204081632653061,0.0979020979020979,0.5422843822843822,0.5951012246938265,370,5,516,2617,3626,3256
0.005432615417347561,0.9866666666666667,0.9866666666666667,852.6889635559129,0.10206896551724139,0.0979020979020979,0.5422843822843822,0.5952261934516371,370,5,516,2616,3625,3255
0.005432949399320586,0.9866666666666667,0.9866666666666667,852.3630121172448,0.1020971302428256,0.0979020979020979,0.5422843822843822,0.5953511622094476,370,5,516,2615,3624,3254
0.005439999468413228,0.9866666666666667,0.9866666666666667,852.0370606785766,0.10212531051614684,0.0979020979020979,0.5422843822843822,0.5954761309672582,370,5,516,2614,3623,3253
0.005469932649032742,0.9866666666666667,0.9866666666666667,851.7111092399084,0.10215350635008283,0.0979020979020979,0.5422843822843822,0.5956010997250687,370,5,516,2613,3622,3252
0.005478581934843232,0.9866666666666667,0.9866666666666667,851.3851578012403,0.10218171775752555,0.0979020979020979,0.5422843822843822,0.5957260684828792,370,5,516,2612,3621,3251
0.005505178236036941,0.9866666666666667,0.9866666666666667,851.0592063625721,0.10220994475138122,0.0979020979020979,0.5422843822843822,0.5958510372406898,370,5,516,2611,3620,3250
0.005527259165458804,0.9866666666666667,0.9866666666666667,850.7332549239039,0.10223818734457032,0.0979020979020979,0.5422843822843822,0.5959760059985004,370,5,516,2610,3619,3249
0.0055462982287508835,0.9866666666666667,0.9866666666666667,850.4073034852357,0.10226644555002765,0.0979020979020979,0.5422843822843822,0.596100974756311,370,5,516,2609,3618,3248
0.005555989929270475,0.9866666666666667,0.9866666666666667,850.4073034852357,0.10229471938070224,0.0979020979020979,0.5422843822843822,0.5962259435141215,370,5,516,2609,3617,3247
0.005566106016441184,0.9866666666666667,0.9866666666666667,850.4073034852357,0.10232300884955753,0.0979020979020979,0.5422843822843822,0.596350912271932,370,5,516,2609,3616,3246
0.005576647075566769,0.9866666666666667,0.9866666666666667,850.0813520465676,0.10235131396957123,0.0979020979020979,0.5422843822843822,0.5964758810297426,370,5,516,2608,3615,3245
0.005596131232136381,0.9866666666666667,0.9866666666666667,849.7554006078994,0.10237963475373547,0.0979020979020979,0.5422843822843822,0.5966008497875531,370,5,516,2607,3614,3244
0.005614292225663308,0.9866666666666667,0.9866666666666667,849.4294491692312,0.10240797121505674,0.0979020979020979,0.5422843822843822,0.5967258185453637,370,5,516,2606,3613,3243
0.00564083577408014,0.9866666666666667,0.9866666666666667,849.1034977305632,0.10243632336655592,0.0979020979020979,0.5422843822843822,0.5968507873031742,370,5,516,2605,3612,3242
0.005650069816591327,0.9866666666666667,0.9866666666666667,848.777546291895,0.10246469122126835,0.0979020979020979,0.5422843822843822,0.5969757560609847,370,5,516,2604,3611,3241
0.005650168412626028,0.9866666666666667,0.9866666666666667,848.777546291895,0.10249307479224377,0.0979020979020979,0.5422843822843822,0.5971007248187953,370,5,516,2604,3610,3240
0.00566337767517434,0.9866666666666667,0.9866666666666667,848.4515948532268,0.10252147409254642,0.0979020979020979,0.5422843822843822,0.5972256935766058,370,5,516,2603,3609,3239
0.005693675526647114,0.9866666666666667,0.9866666666666667,848.1256434145587,0.10254988913525499,0.0979020979020979,0.5422843822843822,0.5973506623344164,370,5,516,2602,3608,3238
0.005708694091141369,0.9866666666666667,0.9866666666666667,847.7996919758905,0.10257831993346271,0.0979020979020979,0.5422843822843822,0.5974756310922269,370,5,516,2601,3607,3237
0.005720626027341494,0.9866666666666667,0.9866666666666667,847.4737405372223,0.10260676650027732,0.0979020979020979,0.5422843822843822,0.5976005998500376,370,5,516,2600,3606,3236
0.005739540821442762,0.9866666666666667,0.9866666666666667,847.1477890985542,0.10263522884882108,0.0979020979020979,0.5422843822843822,0.597725568607848,370,5,516,2599,3605,3235
0.005786565783269637,0.9866666666666667,0.9866666666666667,846.821837659886,0.10266370699223086,0.0979020979020979,0.5422843822843822,0.5978505373656586,370,5,516,2598,3604,3234
0.00579655923094296,0.9866666666666667,0.9866666666666667,846.4958862212178,0.10269220094365807,0.0979020979020979,0.5422843822843822,0.5979755061234692,370,5,516,2597,3603,3233
0.005799791373921928,0.9866666666666667,0.9866666666666667,846.1699347825497,0.10272071071626875,0.0979020979020979,0.5422843822843822,0.5981004748812797,370,5,516,2596,3602,3232
0.005822832284405519,0.9866666666666667,0.9866666666666667,845.8439833438815,0.10274923632324354,0.0979020979020979,0.5422843822843822,0.5982254436390902,370,5,516,2595,3601,3231
0.005825324196018121,0.9866666666666667,0.9866666666666667,845.5180319052133,0.10277777777777777,0.0979020979020979,0.5422843822843822,0.5983504123969008,370,5,516,2594,3600,3230
0.0058489257487255,0.9866666666666667,0.9866666666666667,845.1920804665452,0.10280633509308142,0.0979020979020979,0.5422843822843822,0.5984753811547113,370,5,516,2593,3599,3229
0.005868060884490787,0.9866666666666667,0.9866666666666667,844.866129027877,0.1028349082823791,0.0979020979020979,0.5422843822843822,0.5986003499125219,370,5,516,2592,3598,3228
0.005879703556971938,0.9866666666666667,0.9866666666666667,844.5401775892088,0.1028634973589102,0.0979020979020979,0.5422843822843822,0.5987253186703324,370,5,516,2591,3597,3227
0.005884341200123366,0.9866666666666667,0.9866666666666667,844.2142261505408,0.10289210233592881,0.0979020979020979,0.5422843822843822,0.598850287428143,370,5,516,2590,3596,3226
0.005886980307220742,0.9866666666666667,0.9866666666666667,843.8882747118726,0.10292072322670376,0.0979020979020979,0.5422843822843822,0.5989752561859535,370,5,516,2589,3595,3225
0.005891526932142772,0.9866666666666667,0.9866666666666667,843.8882747118726,0.10294936004451864,0.0979020979020979,0.5422843822843822,0.599100224943764,370,5,516,2589,3594,3224
0.00589496001124467,0.9866666666666667,0.9866666666666667,843.5623232732044,0.10297801280267187,0.0979020979020979,0.5422843822843822,0.5992251937015746,370,5,516,2588,3593,3223
0.005900047486695258,0.9866666666666667,0.9866666666666667,843.2363718345362,0.10300668151447662,0.0979020979020979,0.5422843822843822,0.5993501624593851,370,5,516,2587,3592,3222
0.00590698322058467,0.9866666666666667,0.9866666666666667,842.9104203958681,0.10303536619326092,0.0979020979020979,0.5422843822843822,0.5994751312171958,370,5,516,2586,3591,3221
0.005927932853514935,0.9866666666666667,0.9866666666666667,842.9104203958681,0.10306406685236769,0.0979020979020979,0.5422843822843822,0.5996000999750063,370,5,516,2586,3590,3220
0.005950569186258281,0.9866666666666667,0.9866666666666667,842.5844689571999,0.10309278350515463,0.0979020979020979,0.5422843822843822,0.5997250687328168,370,5,516,2585,3589,3219
0.005952415185492352,0.9866666666666667,0.9866666666666667,842.2585175185317,0.10312151616499443,0.09965034965034965,0.5431585081585082,0.5998500374906274,370,5,515,2584,3588,3218
0.005953058514770006,0.9866666666666667,0.9866666666666667,841.9325660798636,0.1031502648452746,0.09965034965034965,0.5431585081585082,0.5999750062484379,370,5,515,2583,3587,3217
0.005977552016977689,0.9866666666666667,0.9866666666666667,841.6066146411954,0.10317902955939766,0.09965034965034965,0.5431585081585082,0.6000999750062485,370,5,515,2582,3586,3216
0.0059820447748806975,0.9866666666666667,0.9866666666666667,841.2806632025272,0.10320781032078104,0.10139860139860139,0.544032634032634,0.600224943764059,370,5,514,2581,3585,3215
0.0059851798227539815,0.9866666666666667,0.9866666666666667,840.9547117638591,0.10323660714285714,0.10139860139860139,0.544032634032634,0.6003499125218695,370,5,514,2580,3584,3214
0.005994772935133936,0.9866666666666667,0.9866666666666667,840.6287603251909,0.10326542003907341,0.10139860139860139,0.544032634032634,0.6004748812796801,370,5,514,2579,3583,3213
0.005995337992872579,0.9866666666666667,0.9866666666666667,840.3028088865227,0.10329424902289223,0.10314685314685315,0.54490675990676,0.6005998500374906,370,5,513,2578,3582,3212
0.005995481269883769,0.9866666666666667,0.9866666666666667,839.9768574478546,0.10332309410779111,0.10314685314685315,0.54490675990676,0.6007248187953012,370,5,513,2577,3581,3211
0.006004642432455976,0.9866666666666667,0.9866666666666667,839.6509060091864,0.10335195530726257,0.10314685314685315,0.54490675990676,0.6008497875531117,370,5,513,2576,3580,3210
0.0060131030313391315,0.9866666666666667,0.9866666666666667,839.3249545705182,0.1033808326348142,0.10314685314685315,0.54490675990676,0.6009747563109222,370,5,513,2575,3579,3209
0.0060208235620267765,0.9866666666666667,0.9866666666666667,838.9990031318501,0.1034097261039687,0.10314685314685315,0.54490675990676,0.6010997250687328,370,5,513,2574,3578,3208
0.006034477835654868,0.9866666666666667,0.9866666666666667,838.673051693182,0.10343863572826391,0.10314685314685315,0.54490675990676,0.6012246938265433,370,5,513,2573,3577,3207
0.006042470729996835,0.9866666666666667,0.9866666666666667,838.3471002545137,0.10346756152125279,0.1048951048951049,0.5457808857808858,0.601349662584354,370,5,512,2572,3576,3206
0.0060527863870045145,0.9866666666666667,0.9866666666666667,838.0211488158457,0.1034965034965035,0.1048951048951049,0.5457808857808858,0.6014746313421645,370,5,512,2571,3575,3205
0.00606029284391651,0.9866666666666667,0.9866666666666667,837.6951973771775,0.10352546166759932,0.1048951048951049,0.5457808857808858,0.601599600099975,370,5,512,2570,3574,3204
0.006069455012592002,0.9866666666666667,0.9866666666666667,837.3692459385093,0.10355443604813881,0.1048951048951049,0.5457808857808858,0.6017245688577856,370,5,512,2569,3573,3203
0.006080640087548718,0.9866666666666667,0.9866666666666667,837.0432944998412,0.10358342665173573,0.1048951048951049,0.5457808857808858,0.6018495376155961,370,5,512,2568,3572,3202
0.006092259455959094,0.9866666666666667,0.9866666666666667,836.717343061173,0.10361243349201904,0.1048951048951049,0.5457808857808858,0.6019745063734067,370,5,512,2567,3571,3201
0.006102110743163569,0.9866666666666667,0.9866666666666667,836.3913916225048,0.10364145658263306,0.1048951048951049,0.5457808857808858,0.6020994751312172,370,5,512,2566,3570,3200
0.006134892860150181,0.9866666666666667,0.9866666666666667,836.0654401838366,0.10367049593723732,0.1048951048951049,0.5457808857808858,0.6022244438890277,370,5,512,2565,3569,3199
0.006137811502418548,0.9866666666666667,0.9866666666666667,835.7394887451685,0.10369955156950672,0.1048951048951049,0.5457808857808858,0.6023494126468383,370,5,512,2564,3568,3198
0.006173796407557881,0.9866666666666667,0.9866666666666667,835.4135373065003,0.10372862349313149,0.1048951048951049,0.5457808857808858,0.6024743814046488,370,5,512,2563,3567,3197
0.006197922098525535,0.9866666666666667,0.9866666666666667,835.0875858678321,0.10375771172181716,0.1048951048951049,0.5457808857808858,0.6025993501624594,370,5,512,2562,3566,3196
0.006221585382110357,0.9866666666666667,0.9866666666666667,834.761634429164,0.10378681626928471,0.1048951048951049,0.5457808857808858,0.6027243189202699,370,5,512,2561,3565,3195
0.006245088037137744,0.9866666666666667,0.9866666666666667,834.761634429164,0.10381593714927048,0.1048951048951049,0.5457808857808858,0.6028492876780804,370,5,512,2561,3564,3194
0.006254015826858093,0.9866666666666667,0.9866666666666667,834.4356829904958,0.10384507437552624,0.1048951048951049,0.5457808857808858,0.6029742564358911,370,5,512,2560,3563,3193
0.00625988010309004,0.9866666666666667,0.9866666666666667,834.1097315518276,0.10387422796181921,0.1048951048951049,0.5457808857808858,0.6030992251937015,370,5,512,2559,3562,3192
0.006270724098228229,0.9866666666666667,0.9866666666666667,833.7837801131595,0.10390339792193204,0.1048951048951049,0.5457808857808858,0.6032241939515122,370,5,512,2558,3561,3191
0.006279009055434886,0.9866666666666667,0.9866666666666667,833.4578286744913,0.10393258426966293,0.1048951048951049,0.5457808857808858,0.6033491627093227,370,5,512,2557,3560,3190
0.00631030336290032,0.9866666666666667,0.9866666666666667,833.1318772358231,0.10396178701882551,0.1048951048951049,0.5457808857808858,0.6034741314671332,370,5,512,2556,3559,3189
0.006323630619661336,0.9866666666666667,0.9866666666666667,832.805925797155,0.10399100618324901,0.1048951048951049,0.5457808857808858,0.6035991002249438,370,5,512,2555,3558,3188
0.006335750341217547,0.9866666666666667,0.9866666666666667,832.4799743584869,0.10402024177677818,0.10664335664335664,0.5466550116550116,0.6037240689827543,370,5,511,2554,3557,3187
0.006343022267768059,0.9866666666666667,0.9866666666666667,832.1540229198187,0.10404949381327334,0.10664335664335664,0.5466550116550116,0.6038490377405649,370,5,511,2553,3556,3186
0.006350851505604658,0.9866666666666667,0.9866666666666667,831.8280714811506,0.10407876230661041,0.10664335664335664,0.5466550116550116,0.6039740064983754,370,5,511,2552,3555,3185
0.006357072275484171,0.9866666666666667,0.9866666666666667,831.5021200424824,0.10410804727068092,0.10664335664335664,0.5466550116550116,0.6040989752561859,370,5,511,2551,3554,3184
0.006358526768037998,0.9866666666666667,0.9866666666666667,831.1761686038142,0.10413734871939206,0.10664335664335664,0.5466550116550116,0.6042239440139965,370,5,511,2550,3553,3183
0.00637041187874899,0.9866666666666667,0.9866666666666667,830.8502171651461,0.10416666666666667,0.10664335664335664,0.5466550116550116,0.604348912771807,370,5,511,2549,3552,3182
0.006379167483814112,0.9866666666666667,0.9866666666666667,830.5242657264779,0.10419600112644326,0.10664335664335664,0.5466550116550116,0.6044738815296176,370,5,511,2548,3551,3181
0.006396104652312809,0.9866666666666667,0.9866666666666667,830.1983142878097,0.10422535211267606,0.10664335664335664,0.5466550116550116,0.6045988502874281,370,5,511,2547,3550,3180
0.006401588864825166,0.9866666666666667,0.9866666666666667,829.8723628491415,0.10425471963933503,0.10664335664335664,0.5466550116550116,0.6047238190452386,370,5,511,2546,3549,3179
0.006427511216951146,0.9866666666666667,0.9866666666666667,829.5464114104734,0.10428410372040586,0.10664335664335664,0.5466550116550116,0.6048487878030493,370,5,511,2545,3548,3178
0.006430457430542719,0.9866666666666667,0.9866666666666667,829.5464114104734,0.10431350436989005,0.10664335664335664,0.5466550116550116,0.6049737565608598,370,5,511,2545,3547,3177
0.006438224919580238,0.9866666666666667,0.9866666666666667,829.2204599718052,0.10434292160180485,0.10664335664335664,0.5466550116550116,0.6050987253186704,370,5,511,2544,3546,3176
0.006450163339713703,0.9866666666666667,0.9866666666666667,828.894508533137,0.10437235543018336,0.10664335664335664,0.5466550116550116,0.6052236940764809,370,5,511,2543,3545,3175
0.006452359500929043,0.9866666666666667,0.9866666666666667,828.5685570944689,0.1044018058690745,0.10664335664335664,0.5466550116550116,0.6053486628342915,370,5,511,2542,3544,3174
0.006460209594822755,0.9866666666666667,0.9866666666666667,828.2426056558007,0.10443127293254305,0.10664335664335664,0.5466550116550116,0.605473631592102,370,5,511,2541,3543,3173
0.0064619039459683615,0.9866666666666667,0.9866666666666667,827.9166542171325,0.10446075663466968,0.10664335664335664,0.5466550116550116,0.6055986003499125,370,5,511,2540,3542,3172
0.006463407338638587,0.9866666666666667,0.9866666666666667,827.5907027784644,0.10449025698955097,0.10664335664335664,0.5466550116550116,0.6057235691077231,370,5,511,2539,3541,3171
0.006483721285880642,0.9866666666666667,0.9866666666666667,827.2647513397962,0.10451977401129943,0.10664335664335664,0.5466550116550116,0.6058485378655336,370,5,511,2538,3540,3170
0.006486309470125374,0.9866666666666667,0.9866666666666667,826.938799901128,0.10454930771404351,0.10839160839160839,0.5475291375291376,0.6059735066233441,370,5,510,2537,3539,3169
0.006486752630655685,0.9866666666666667,0.9866666666666667,826.938799901128,0.10457885811192764,0.10839160839160839,0.5475291375291376,0.6060984753811547,370,5,510,2537,3538,3168
0.006499580832981758,0.9866666666666667,0.9866666666666667,826.61284846246,0.10460842521911225,0.10839160839160839,0.5475291375291376,0.6062234441389652,370,5,510,2536,3537,3167
0.006542088772616141,0.9866666666666667,0.9866666666666667,826.2868970237918,0.10463800904977376,0.10839160839160839,0.5475291375291376,0.6063484128967758,370,5,510,2535,3536,3166
0.006580843223829001,0.9866666666666667,0.9866666666666667,825.9609455851236,0.10466760961810467,0.11013986013986014,0.5484032634032634,0.6064733816545863,370,5,509,2534,3535,3165
0.0065833124184450885,0.9866666666666667,0.9866666666666667,825.6349941464555,0.10469722693831353,0.11013986013986014,0.5484032634032634,0.6065983504123968,370,5,509,2533,3534,3164
0.006616242121001791,0.9866666666666667,0.9866666666666667,825.3090427077873,0.10472686102462496,0.11013986013986014,0.5484032634032634,0.6067233191702075,370,5,509,2532,3533,3163
0.00662062895303228,0.9866666666666667,0.9866666666666667,825.3090427077873,0.10475651189127973,0.11013986013986014,0.5484032634032634,0.606848287928018,370,5,509,2532,3532,3162
0.006627244041191521,0.9866666666666667,0.9866666666666667,824.9830912691191,0.10478617955253469,0.11013986013986014,0.5484032634032634,0.6069732566858286,370,5,509,2531,3531,3161
0.006653400308691052,0.9866666666666667,0.9866666666666667,824.657139830451,0.1048158640226629,0.11188811188811189,0.5492773892773893,0.6070982254436391,370,5,508,2530,3530,3160
0.006663503718815314,0.9866666666666667,0.9866666666666667,824.3311883917828,0.10484556531595353,0.11188811188811189,0.5492773892773893,0.6072231942014497,370,5,508,2529,3529,3159
0.006678122966911651,0.9866666666666667,0.9866666666666667,824.0052369531146,0.10487528344671201,0.11188811188811189,0.5492773892773893,0.6073481629592602,370,5,508,2528,3528,3158
0.006689327934898867,0.9866666666666667,0.9866666666666667,823.6792855144465,0.10490501842925999,0.11188811188811189,0.5492773892773893,0.6074731317170707,370,5,508,2527,3527,3157
0.006689831548333766,0.9866666666666667,0.9866666666666667,823.3533340757783,0.10493477027793534,0.11188811188811189,0.5492773892773893,0.6075981004748813,370,5,508,2526,3526,3156
0.006704577051846629,0.9866666666666667,0.9866666666666667,823.0273826371101,0.1049645390070922,0.11188811188811189,0.5492773892773893,0.6077230692326918,370,5,508,2525,3525,3155
0.006707059014181713,0.9866666666666667,0.9866666666666667,822.7014311984419,0.10499432463110102,0.11188811188811189,0.5492773892773893,0.6078480379905024,370,5,508,2524,3524,3154
0.006713646929569875,0.9866666666666667,0.9866666666666667,822.3754797597738,0.10502412716434857,0.11188811188811189,0.5492773892773893,0.6079730067483129,370,5,508,2523,3523,3153
0.006719268090850628,0.9866666666666667,0.9866666666666667,822.0495283211056,0.10505394662123793,0.11188811188811189,0.5492773892773893,0.6080979755061234,370,5,508,2522,3522,3152
0.006734361040979202,0.9866666666666667,0.9866666666666667,821.7235768824374,0.10508378301618858,0.11188811188811189,0.5492773892773893,0.608222944263934,370,5,508,2521,3521,3151
0.006747181556896469,0.9866666666666667,0.9866666666666667,821.3976254437694,0.10511363636363637,0.11188811188811189,0.5492773892773893,0.6083479130217446,370,5,508,2520,3520,3150
0.00676075529689072,0.9866666666666667,0.9866666666666667,821.0716740051012,0.10514350667803353,0.11188811188811189,0.5492773892773893,0.608472881779555,370,5,508,2519,3519,3149
0.006779468708843807,0.9866666666666667,0.9866666666666667,820.745722566433,0.10517339397384878,0.11188811188811189,0.5492773892773893,0.6085978505373657,370,5,508,2518,3518,3148
0.006780842468533398,0.9866666666666667,0.9866666666666667,820.4197711277649,0.10520329826556725,0.11188811188811189,0.5492773892773893,0.6087228192951762,370,5,508,2517,3517,3147
0.006784437538168224,0.9866666666666667,0.9866666666666667,820.0938196890967,0.10523321956769056,0.11363636363636363,0.5501515151515152,0.6088477880529868,370,5,507,2516,3516,3146
0.006801705907197646,0.9866666666666667,0.9866666666666667,820.0938196890967,0.10526315789473684,0.11363636363636363,0.5501515151515152,0.6089727568107973,370,5,507,2516,3515,3145
0.006830164993124076,0.9866666666666667,0.9866666666666667,819.7678682504285,0.10529311326124074,0.11363636363636363,0.5501515151515152,0.6090977255686079,370,5,507,2515,3514,3144
0.006856042089416506,0.9866666666666667,0.9866666666666667,819.4419168117604,0.10532308568175348,0.11363636363636363,0.5501515151515152,0.6092226943264184,370,5,507,2514,3513,3143
0.006861909210880218,0.9866666666666667,0.9866666666666667,819.1159653730922,0.10535307517084283,0.11363636363636363,0.5501515151515152,0.6093476630842289,370,5,507,2513,3512,3142
0.006864621445001698,0.9866666666666667,0.9866666666666667,818.790013934424,0.10538308174309313,0.11363636363636363,0.5501515151515152,0.6094726318420395,370,5,507,2512,3511,3141
0.006876030979964737,0.9866666666666667,0.9866666666666667,818.4640624957559,0.10541310541310542,0.11363636363636363,0.5501515151515152,0.60959760059985,370,5,507,2511,3510,3140
0.006898324224970749,0.9866666666666667,0.9866666666666667,818.1381110570877,0.10544314619549729,0.11363636363636363,0.5501515151515152,0.6097225693576606,370,5,507,2510,3509,3139
0.006901654958764923,0.9866666666666667,0.9866666666666667,817.8121596184195,0.10547320410490307,0.11363636363636363,0.5501515151515152,0.6098475381154711,370,5,507,2509,3508,3138
0.006903956714806451,0.9866666666666667,0.9866666666666667,817.4862081797514,0.10550327915597377,0.11363636363636363,0.5501515151515152,0.6099725068732816,370,5,507,2508,3507,3137
0.006910920235963805,0.9866666666666667,0.9866666666666667,817.1602567410832,0.10553337136337707,0.11363636363636363,0.5501515151515152,0.6100974756310922,370,5,507,2507,3506,3136
0.0069369537625721695,0.9866666666666667,0.9866666666666667,816.834305302415,0.10556348074179743,0.11363636363636363,0.5501515151515152,0.6102224443889028,370,5,507,2506,3505,3135
0.006941996494588778,0.9866666666666667,0.9866666666666667,816.508353863747,0.10559360730593607,0.11363636363636363,0.5501515151515152,0.6103474131467134,370,5,507,2505,3504,3134
0.006958201215907324,0.9866666666666667,0.9866666666666667,816.1824024250787,0.10562375107051099,0.11363636363636363,0.5501515151515152,0.6104723819045239,370,5,507,2504,3503,3133
0.006969622545362291,0.9866666666666667,0.9866666666666667,815.8564509864106,0.105653912050257,0.11363636363636363,0.5501515151515152,0.6105973506623344,370,5,507,2503,3502,3132
0.006993554425969414,0.9866666666666667,0.9866666666666667,815.5304995477424,0.10568409025992574,0.11363636363636363,0.5501515151515152,0.610722319420145,370,5,507,2502,3501,3131
0.00704309466790972,0.9866666666666667,0.9866666666666667,815.2045481090743,0.10571428571428572,0.11363636363636363,0.5501515151515152,0.6108472881779555,370,5,507,2501,3500,3130
0.0070433327199559154,0.9866666666666667,0.9866666666666667,814.8785966704061,0.10574449842812232,0.11363636363636363,0.5501515151515152,0.6109722569357661,370,5,507,2500,3499,3129
0.007052583986629531,0.9866666666666667,0.9866666666666667,814.5526452317379,0.10577472841623785,0.11363636363636363,0.5501515151515152,0.6110972256935766,370,5,507,2499,3498,3128
0.007059848734349651,0.9866666666666667,0.9866666666666667,814.2266937930698,0.10580497569345153,0.11363636363636363,0.5501515151515152,0.6112221944513871,370,5,507,2498,3497,3127
0.007061195879870195,0.9866666666666667,0.9866666666666667,813.9007423544016,0.10583524027459955,0.11363636363636363,0.5501515151515152,0.6113471632091977,370,5,507,2497,3496,3126
0.0070676886743096315,0.9866666666666667,0.9866666666666667,813.5747909157334,0.10586552217453506,0.11363636363636363,0.5501515151515152,0.6114721319670082,370,5,507,2496,3495,3125
0.007116976346550541,0.9866666666666667,0.9866666666666667,813.2488394770653,0.10589582140812821,0.11363636363636363,0.5501515151515152,0.6115971007248188,370,5,507,2495,3494,3124
0.007131386181667314,0.9866666666666667,0.9866666666666667,812.9228880383971,0.10592613799026625,0.11538461538461539,0.551025641025641,0.6117220694826293,370,5,506,2494,3493,3123
0.007156115637265199,0.9866666666666667,0.9866666666666667,812.5969365997289,0.10595647193585338,0.11538461538461539,0.551025641025641,0.6118470382404398,370,5,506,2493,3492,3122
0.007182783361522959,0.9866666666666667,0.9866666666666667,812.2709851610608,0.10598682325981094,0.11538461538461539,0.551025641025641,0.6119720069982504,370,5,506,2492,3491,3121
0.007193239622448502,0.9866666666666667,0.9866666666666667,811.9450337223926,0.10601719197707736,0.11538461538461539,0.551025641025641,0.612096975756061,370,5,506,2491,3490,3120
0.007194184881878205,0.9866666666666667,0.9866666666666667,811.6190822837244,0.1060475781026082,0.11538461538461539,0.551025641025641,0.6122219445138716,370,5,506,2490,3489,3119
0.007207109838234731,0.9866666666666667,0.9866666666666667,811.2931308450563,0.10607798165137615,0.11538461538461539,0.551025641025641,0.6123469132716821,370,5,506,2489,3488,3118
0.007234986545052958,0.9866666666666667,0.9866666666666667,810.9671794063881,0.1061084026383711,0.11538461538461539,0.551025641025641,0.6124718820294927,370,5,506,2488,3487,3117
0.007248078320930828,0.9866666666666667,0.9866666666666667,810.6412279677199,0.10613884107860011,0.11538461538461539,0.551025641025641,0.6125968507873032,370,5,506,2487,3486,3116
0.007260875640975653,0.9866666666666667,0.9866666666666667,810.3152765290519,0.10616929698708752,0.11538461538461539,0.551025641025641,0.6127218195451137,370,5,506,2486,3485,3115
0.007264436348425323,0.9866666666666667,0.9866666666666667,809.9893250903837,0.10619977037887486,0.11538461538461539,0.551025641025641,0.6128467883029243,370,5,506,2485,3484,3114
0.007310637048083833,0.9866666666666667,0.9866666666666667,809.6633736517155,0.10623026126902096,0.11713286713286714,0.5518997668997669,0.6129717570607348,370,5,505,2484,3483,3113
0.0073255954473894075,0.9866666666666667,0.9866666666666667,809.3374222130474,0.10626076967260195,0.11713286713286714,0.5518997668997669,0.6130967258185454,370,5,505,2483,3482,3112
0.007327274694605584,0.9866666666666667,0.9866666666666667,809.0114707743792,0.10629129560471129,0.11713286713286714,0.5518997668997669,0.6132216945763559,370,5,505,2482,3481,3111
0.007335665337552708,0.9866666666666667,0.9866666666666667,808.685519335711,0.10632183908045977,0.11713286713286714,0.5518997668997669,0.6133466633341664,370,5,505,2481,3480,3110
0.00734485213612212,0.9866666666666667,0.9866666666666667,808.3595678970428,0.10635240011497557,0.11713286713286714,0.5518997668997669,0.613471632091977,370,5,505,2480,3479,3109
0.007364775520556192,0.9866666666666667,0.9866666666666667,808.0336164583747,0.10638297872340426,0.11713286713286714,0.5518997668997669,0.6135966008497875,370,5,505,2479,3478,3108
0.007378015140612775,0.9866666666666667,0.9866666666666667,808.0336164583747,0.10641357492090883,0.11713286713286714,0.5518997668997669,0.6137215696075982,370,5,505,2479,3477,3107
0.007399739246874476,0.9866666666666667,0.9866666666666667,807.7076650197065,0.10644418872266974,0.11713286713286714,0.5518997668997669,0.6138465383654086,370,5,505,2478,3476,3106
0.007402323568372164,0.9866666666666667,0.9866666666666667,807.3817135810383,0.10647482014388489,0.11713286713286714,0.5518997668997669,0.6139715071232192,370,5,505,2477,3475,3105
0.0074242963937021685,0.9866666666666667,0.9866666666666667,807.0557621423702,0.10650546919976972,0.11713286713286714,0.5518997668997669,0.6140964758810298,370,5,505,2476,3474,3104
0.007446469375806123,0.9866666666666667,0.9866666666666667,806.729810703702,0.10653613590555716,0.11713286713286714,0.5518997668997669,0.6142214446388403,370,5,505,2475,3473,3103
0.007452512209879013,0.9866666666666667,0.9866666666666667,806.4038592650338,0.10656682027649769,0.11888111888111888,0.5527738927738928,0.6143464133966509,370,5,504,2474,3472,3102
0.007456123476759828,0.9866666666666667,0.9866666666666667,806.0779078263657,0.1065975223278594,0.11888111888111888,0.5527738927738928,0.6144713821544614,370,5,504,2473,3471,3101
0.007482989511953645,0.9866666666666667,0.9866666666666667,805.7519563876975,0.10662824207492795,0.11888111888111888,0.5527738927738928,0.6145963509122719,370,5,504,2472,3470,3100
0.007490358286222332,0.9866666666666667,0.9866666666666667,805.4260049490293,0.10665897953300663,0.11888111888111888,0.5527738927738928,0.6147213196700825,370,5,504,2471,3469,3099
0.007491920875226628,0.9866666666666667,0.9866666666666667,805.1000535103612,0.10668973471741638,0.11888111888111888,0.5527738927738928,0.614846288427893,370,5,504,2470,3468,3098
0.007518618439370039,0.9866666666666667,0.9866666666666667,804.774102071693,0.10672050764349582,0.11888111888111888,0.5527738927738928,0.6149712571857036,370,5,504,2469,3467,3097
0.007525850523085723,0.9866666666666667,0.9866666666666667,804.4481506330249,0.10675129832660127,0.11888111888111888,0.5527738927738928,0.6150962259435141,370,5,504,2468,3466,3096
0.0075304224136666965,0.9866666666666667,0.9866666666666667,804.1221991943568,0.10678210678210678,0.11888111888111888,0.5527738927738928,0.6152211947013246,370,5,504,2467,3465,3095
0.007551772264203602,0.9866666666666667,0.9866666666666667,803.7962477556886,0.10681293302540416,0.11888111888111888,0.5527738927738928,0.6153461634591352,370,5,504,2466,3464,3094
0.007570255177559701,0.9866666666666667,0.9866666666666667,803.4702963170204,0.10684377707190297,0.11888111888111888,0.5527738927738928,0.6154711322169457,370,5,504,2465,3463,3093
0.0075810115024436365,0.9866666666666667,0.9866666666666667,803.1443448783523,0.10687463893703061,0.11888111888111888,0.5527738927738928,0.6155961009747564,370,5,504,2464,3462,3092
0.0076079576910137465,0.9866666666666667,0.9866666666666667,802.8183934396841,0.10690551863623231,0.11888111888111888,0.5527738927738928,0.6157210697325669,370,5,504,2463,3461,3091
0.007618211195806439,0.9866666666666667,0.9866666666666667,802.4924420010159,0.1069364161849711,0.12062937062937062,0.5536480186480186,0.6158460384903774,370,5,503,2462,3460,3090
0.007619495629306853,0.9866666666666667,0.9866666666666667,802.1664905623477,0.10696733159872795,0.12062937062937062,0.5536480186480186,0.615971007248188,370,5,503,2461,3459,3089
0.007624939282164475,0.9866666666666667,0.9866666666666667,801.8405391236796,0.10699826489300174,0.12062937062937062,0.5536480186480186,0.6160959760059985,370,5,503,2460,3458,3088
0.007637068688261828,0.9866666666666667,0.9866666666666667,801.5145876850114,0.10702921608330923,0.12062937062937062,0.5536480186480186,0.6162209447638091,370,5,503,2459,3457,3087
0.0076448520651863595,0.9866666666666667,0.9866666666666667,801.1886362463432,0.10706018518518519,0.12062937062937062,0.5536480186480186,0.6163459135216196,370,5,503,2458,3456,3086
0.007650281632125525,0.9866666666666667,0.9866666666666667,800.8626848076751,0.10709117221418235,0.12062937062937062,0.5536480186480186,0.6164708822794301,370,5,503,2457,3455,3085
0.007651494764162996,0.9866666666666667,0.9866666666666667,800.5367333690069,0.10712217718587146,0.12062937062937062,0.5536480186480186,0.6165958510372407,370,5,503,2456,3454,3084
0.0076668285988395046,0.9866666666666667,0.9866666666666667,800.2107819303387,0.1071532001158413,0.12062937062937062,0.5536480186480186,0.6167208197950512,370,5,503,2455,3453,3083
0.007669507113175068,0.9866666666666667,0.9866666666666667,799.8848304916706,0.10718424101969873,0.12062937062937062,0.5536480186480186,0.6168457885528618,370,5,503,2454,3452,3082
0.007670024876815341,0.9866666666666667,0.9866666666666667,799.5588790530024,0.10721529991306868,0.12062937062937062,0.5536480186480186,0.6169707573106723,370,5,503,2453,3451,3081
0.007691352002228296,0.9866666666666667,0.9866666666666667,799.2329276143342,0.1072463768115942,0.12062937062937062,0.5536480186480186,0.6170957260684828,370,5,503,2452,3450,3080
0.007698837924134334,0.9866666666666667,0.9866666666666667,798.9069761756662,0.1072774717309365,0.12062937062937062,0.5536480186480186,0.6172206948262934,370,5,503,2451,3449,3079
0.007701418243391503,0.9866666666666667,0.9866666666666667,798.581024736998,0.10730858468677494,0.12062937062937062,0.5536480186480186,0.6173456635841039,370,5,503,2450,3448,3078
0.00770292603885567,0.9866666666666667,0.9866666666666667,798.2550732983298,0.10733971569480708,0.12062937062937062,0.5536480186480186,0.6174706323419146,370,5,503,2449,3447,3077
0.0077157181931239525,0.9866666666666667,0.9866666666666667,797.9291218596617,0.1073708647707487,0.12062937062937062,0.5536480186480186,0.6175956010997251,370,5,503,2448,3446,3076
0.007724835338467353,0.9866666666666667,0.9866666666666667,797.6031704209935,0.10740203193033382,0.12062937062937062,0.5536480186480186,0.6177205698575357,370,5,503,2447,3445,3075
0.007733913770269583,0.9866666666666667,0.9866666666666667,797.2772189823253,0.10743321718931476,0.12062937062937062,0.5536480186480186,0.6178455386153462,370,5,503,2446,3444,3074
0.007736081776482478,0.9866666666666667,0.9866666666666667,796.9512675436572,0.1074644205634621,0.12062937062937062,0.5536480186480186,0.6179705073731567,370,5,503,2445,3443,3073
0.007744915820055227,0.9866666666666667,0.9866666666666667,796.625316104989,0.10749564206856478,0.12062937062937062,0.5536480186480186,0.6180954761309673,370,5,503,2444,3442,3072
0.007745265113689389,0.9866666666666667,0.9866666666666667,796.2993646663208,0.10752688172043011,0.12062937062937062,0.5536480186480186,0.6182204448887778,370,5,503,2443,3441,3071
0.0077548414935852865,0.9866666666666667,0.9866666666666667,795.9734132276527,0.10755813953488372,0.12062937062937062,0.5536480186480186,0.6183454136465883,370,5,503,2442,3440,3070
0.007795191262923318,0.9866666666666667,0.9866666666666667,795.6474617889845,0.1075894155277697,0.12062937062937062,0.5536480186480186,0.6184703824043989,370,5,503,2441,3439,3069
0.00781575910987482,0.9866666666666667,0.9866666666666667,795.3215103503163,0.10762070971495055,0.12062937062937062,0.5536480186480186,0.6185953511622094,370,5,503,2440,3438,3068
0.007816556847797921,0.9866666666666667,0.9866666666666667,794.9955589116481,0.10765202211230725,0.12062937062937062,0.5536480186480186,0.61872031992002,370,5,503,2439,3437,3067
0.007817238842925347,0.9866666666666667,0.9866666666666667,794.66960747298,0.10768335273573923,0.12062937062937062,0.5536480186480186,0.6188452886778305,370,5,503,2438,3436,3066
0.007826192717504864,0.9866666666666667,0.9866666666666667,794.3436560343118,0.10771470160116449,0.12062937062937062,0.5536480186480186,0.618970257435641,370,5,503,2437,3435,3065
0.007852891246237562,0.9866666666666667,0.9866666666666667,794.0177045956436,0.10774606872451951,0.12062937062937062,0.5536480186480186,0.6190952261934517,370,5,503,2436,3434,3064
0.00786465978424674,0.9866666666666667,0.9866666666666667,793.6917531569756,0.10777745412175939,0.12062937062937062,0.5536480186480186,0.6192201949512621,370,5,503,2435,3433,3063
0.007870549684472,0.9866666666666667,0.9866666666666667,793.3658017183074,0.10780885780885781,0.12062937062937062,0.5536480186480186,0.6193451637090728,370,5,503,2434,3432,3062
0.007870795611944348,0.9866666666666667,0.9866666666666667,793.0398502796392,0.10784027980180705,0.12062937062937062,0.5536480186480186,0.6194701324668833,370,5,503,2433,3431,3061
0.007896645546810858,0.9866666666666667,0.9866666666666667,792.7138988409711,0.10787172011661808,0.12062937062937062,0.5536480186480186,0.6195951012246939,370,5,503,2432,3430,3060
0.007906397771418184,0.9866666666666667,0.9866666666666667,792.3879474023029,0.1079031787693205,0.12062937062937062,0.5536480186480186,0.6197200699825044,370,5,503,2431,3429,3059
0.00791569238184887,0.9866666666666667,0.9866666666666667,792.0619959636347,0.10793465577596266,0.12062937062937062,0.5536480186480186,0.6198450387403149,370,5,503,2430,3428,3058
0.007942248035660841,0.9866666666666667,0.9866666666666667,791.7360445249666,0.10796615115261161,0.12062937062937062,0.5536480186480186,0.6199700074981255,370,5,503,2429,3427,3057
0.007976312471777613,0.9866666666666667,0.9866666666666667,791.4100930862984,0.10799766491535318,0.12062937062937062,0.5536480186480186,0.620094976255936,370,5,503,2428,3426,3056
0.008040761949607088,0.9866666666666667,0.9866666666666667,791.0841416476302,0.10802919708029197,0.12062937062937062,0.5536480186480186,0.6202199450137466,370,5,503,2427,3425,3055
0.008048165234705681,0.9866666666666667,0.9866666666666667,790.7581902089621,0.1080607476635514,0.12062937062937062,0.5536480186480186,0.6203449137715571,370,5,503,2426,3424,3054
0.00806099693494719,0.9866666666666667,0.9866666666666667,790.4322387702939,0.10809231668127374,0.12062937062937062,0.5536480186480186,0.6204698825293676,370,5,503,2425,3423,3053
0.008069752450730727,0.9866666666666667,0.9866666666666667,790.1062873316257,0.1081239041496201,0.12062937062937062,0.5536480186480186,0.6205948512871782,370,5,503,2424,3422,3052
0.008093164270255967,0.9866666666666667,0.9866666666666667,789.7803358929576,0.10815551008477053,0.12062937062937062,0.5536480186480186,0.6207198200449887,370,5,503,2423,3421,3051
0.008094831243940085,0.9866666666666667,0.9866666666666667,789.4543844542894,0.10818713450292397,0.12062937062937062,0.5536480186480186,0.6208447888027993,370,5,503,2422,3420,3050
0.008095517722968702,0.9866666666666667,0.9866666666666667,789.1284330156212,0.10821877742029833,0.12062937062937062,0.5536480186480186,0.6209697575606099,370,5,503,2421,3419,3049
0.008139747781872023,0.9866666666666667,0.9866666666666667,788.8024815769531,0.10825043885313049,0.12062937062937062,0.5536480186480186,0.6210947263184204,370,5,503,2420,3418,3048
0.008146312101716534,0.9866666666666667,0.9866666666666667,788.4765301382849,0.10828211881767633,0.12062937062937062,0.5536480186480186,0.621219695076231,370,5,503,2419,3417,3047
0.008146413659661123,0.9866666666666667,0.9866666666666667,788.1505786996167,0.10831381733021077,0.12237762237762238,0.5545221445221445,0.6213446638340415,370,5,502,2418,3416,3046
0.008200878375145385,0.9866666666666667,0.9866666666666667,787.8246272609485,0.10834553440702782,0.12412587412587413,0.5553962703962704,0.6214696325918521,370,5,501,2417,3415,3045
0.008204261879202744,0.9866666666666667,0.9866666666666667,787.4986758222805,0.10837727006444053,0.1258741258741259,0.5562703962703963,0.6215946013496626,370,5,500,2416,3414,3044
0.008209121316380042,0.9866666666666667,0.9866666666666667,787.1727243836123,0.10840902431878113,0.1258741258741259,0.5562703962703963,0.6217195701074731,370,5,500,2415,3413,3043
0.00826346986889691,0.9866666666666667,0.9866666666666667,786.8467729449441,0.10844079718640094,0.1258741258741259,0.5562703962703963,0.6218445388652837,370,5,500,2414,3412,3042
0.008266739665190525,0.9866666666666667,0.9866666666666667,786.520821506276,0.10847258868367048,0.1258741258741259,0.5562703962703963,0.6219695076230942,370,5,500,2413,3411,3041
0.008272625257522856,0.9866666666666667,0.9866666666666667,786.1948700676078,0.10850439882697947,0.1258741258741259,0.5562703962703963,0.6220944763809048,370,5,500,2412,3410,3040
0.00828634886894272,0.9866666666666667,0.9866666666666667,785.8689186289396,0.10853622763273688,0.1258741258741259,0.5562703962703963,0.6222194451387153,370,5,500,2411,3409,3039
0.008309437517528264,0.9866666666666667,0.9866666666666667,785.5429671902715,0.10856807511737089,0.1258741258741259,0.5562703962703963,0.6223444138965258,370,5,500,2410,3408,3038
0.008349544169757132,0.9866666666666667,0.9866666666666667,785.2170157516033,0.10859994129732903,0.1258741258741259,0.5562703962703963,0.6224693826543364,370,5,500,2409,3407,3037
0.008366261861400524,0.9866666666666667,0.9866666666666667,784.8910643129351,0.1086318261890781,0.1258741258741259,0.5562703962703963,0.6225943514121469,370,5,500,2408,3406,3036
0.008369505568782718,0.9866666666666667,0.9866666666666667,784.8910643129351,0.10866372980910426,0.1258741258741259,0.5562703962703963,0.6227193201699575,370,5,500,2408,3405,3035
0.008374441390476661,0.9866666666666667,0.9866666666666667,784.8910643129351,0.10869565217391304,0.1258741258741259,0.5562703962703963,0.6214239833823927,370,5,500,2408,3404,3034
0.008383003454842166,0.9866666666666667,0.9866666666666667,784.565112874267,0.10872759330002939,0.1258741258741259,0.5562703962703963,0.6215489521402033,370,5,500,2407,3403,3033
0.008413669138099746,0.9866666666666667,0.9866666666666667,784.2391614355988,0.10875955320399765,0.1258741258741259,0.5562703962703963,0.6216739208980139,370,5,500,2406,3402,3032
0.00843874354547835,0.9866666666666667,0.9866666666666667,783.9132099969306,0.10879153190238165,0.1258741258741259,0.5562703962703963,0.6217988896558244,370,5,500,2405,3401,3031
0.008445150981529006,0.9866666666666667,0.9866666666666667,783.5872585582625,0.10882352941176471,0.1258741258741259,0.5562703962703963,0.621923858413635,370,5,500,2404,3400,3030
0.008458306900239944,0.9866666666666667,0.9866666666666667,783.2613071195943,0.10885554574874963,0.1258741258741259,0.5562703962703963,0.6220488271714455,370,5,500,2403,3399,3029
0.008469707154137637,0.9866666666666667,0.9866666666666667,783.2613071195943,0.1088875809299588,0.1258741258741259,0.5562703962703963,0.622173795929256,370,5,500,2403,3398,3028
0.008473039972489656,0.9866666666666667,0.9866666666666667,782.9353556809261,0.10891963497203415,0.1258741258741259,0.5562703962703963,0.6222987646870666,370,5,500,2402,3397,3027
0.008487385557890142,0.9866666666666667,0.9866666666666667,782.609404242258,0.10895170789163722,0.1258741258741259,0.5562703962703963,0.6224237334448771,370,5,500,2401,3396,3026
0.008515547690245888,0.9866666666666667,0.9866666666666667,782.2834528035899,0.10898379970544919,0.1258741258741259,0.5562703962703963,0.6225487022026877,370,5,500,2400,3395,3025
0.008521246727612123,0.9866666666666667,0.9866666666666667,781.9575013649217,0.10901591043017089,0.1258741258741259,0.5562703962703963,0.6226736709604982,370,5,500,2399,3394,3024
0.008526078408492713,0.9866666666666667,0.9866666666666667,781.6315499262535,0.10904804008252283,0.1258741258741259,0.5562703962703963,0.6227986397183087,370,5,500,2398,3393,3023
0.008530096163739505,0.9866666666666667,0.9866666666666667,781.3055984875854,0.10908018867924528,0.1258741258741259,0.5562703962703963,0.6229236084761193,370,5,500,2397,3392,3022
0.008543714368899766,0.9866666666666667,0.9866666666666667,780.9796470489172,0.1091123562370982,0.1258741258741259,0.5562703962703963,0.6230485772339298,370,5,500,2396,3391,3021
0.008571208555866698,0.9866666666666667,0.9866666666666667,780.653695610249,0.10914454277286136,0.1258741258741259,0.5562703962703963,0.6231735459917405,370,5,500,2395,3390,3020
0.008576132762942024,0.9866666666666667,0.9866666666666667,780.3277441715809,0.10917674830333432,0.1258741258741259,0.5562703962703963,0.6232985147495509,370,5,500,2394,3389,3019
0.008580435855349984,0.9866666666666667,0.9866666666666667,780.0017927329127,0.10920897284533648,0.1258741258741259,0.5562703962703963,0.6234234835073615,370,5,500,2393,3388,3018
0.00858383476443155,0.9866666666666667,0.9866666666666667,779.6758412942445,0.10924121641570711,0.1258741258741259,0.5562703962703963,0.6235484522651721,370,5,500,2392,3387,3017
0.008591402100715509,0.9866666666666667,0.9866666666666667,779.3498898555764,0.10927347903130538,0.1258741258741259,0.5562703962703963,0.6236734210229826,370,5,500,2391,3386,3016
0.008602641036653038,0.9866666666666667,0.9866666666666667,779.0239384169082,0.10930576070901034,0.1258741258741259,0.5562703962703963,0.6237983897807932,370,5,500,2390,3385,3015
0.008621297414021222,0.9866666666666667,0.9866666666666667,778.69798697824,0.10933806146572105,0.1258741258741259,0.5562703962703963,0.6239233585386037,370,5,500,2389,3384,3014
0.008632825094164935,0.9866666666666667,0.9866666666666667,778.3720355395719,0.10937038131835648,0.1258741258741259,0.5562703962703963,0.6240483272964142,370,5,500,2388,3383,3013
0.00868026451746415,0.9866666666666667,0.9866666666666667,778.0460841009037,0.10940272028385571,0.1258741258741259,0.5562703962703963,0.6241732960542248,370,5,500,2387,3382,3012
0.008686725946588057,0.9866666666666667,0.9866666666666667,777.7201326622355,0.10943507837917776,0.1258741258741259,0.5562703962703963,0.6242982648120353,370,5,500,2386,3381,3011
0.008699787534784995,0.9866666666666667,0.9866666666666667,777.3941812235674,0.10946745562130178,0.1258741258741259,0.5562703962703963,0.6244232335698459,370,5,500,2385,3380,3010
0.008706878240759375,0.9866666666666667,0.9866666666666667,777.0682297848992,0.109499852027227,0.1258741258741259,0.5562703962703963,0.6245482023276564,370,5,500,2384,3379,3009
0.008719376450070808,0.9866666666666667,0.9866666666666667,776.742278346231,0.10953226761397276,0.1258741258741259,0.5562703962703963,0.6246731710854669,370,5,500,2383,3378,3008
0.008743453294930335,0.9866666666666667,0.9866666666666667,776.416326907563,0.10956470239857861,0.1258741258741259,0.5562703962703963,0.6247981398432775,370,5,500,2382,3377,3007
0.00876668654238082,0.9866666666666667,0.9866666666666667,776.0903754688948,0.10959715639810426,0.1258741258741259,0.5562703962703963,0.624923108601088,370,5,500,2381,3376,3006
0.008772858538710166,0.9866666666666667,0.9866666666666667,775.7644240302266,0.10962962962962963,0.1258741258741259,0.5562703962703963,0.6250480773588987,370,5,500,2380,3375,3005
0.008790118848139378,0.9866666666666667,0.9866666666666667,775.4384725915585,0.10966212211025489,0.1258741258741259,0.5562703962703963,0.6251730461167091,370,5,500,2379,3374,3004
0.008794230193090582,0.9866666666666667,0.9866666666666667,775.1125211528903,0.1096946338571005,0.1258741258741259,0.5562703962703963,0.6252980148745197,370,5,500,2378,3373,3003
0.008804685032730134,0.9866666666666667,0.9866666666666667,774.7865697142221,0.10972716488730723,0.1258741258741259,0.5562703962703963,0.6254229836323303,370,5,500,2377,3372,3002
0.008816637017881698,0.9866666666666667,0.9866666666666667,774.4606182755539,0.1097597152180362,0.1258741258741259,0.5562703962703963,0.6255479523901408,370,5,500,2376,3371,3001
0.008822227335050056,0.9866666666666667,0.9866666666666667,774.1346668368858,0.10979228486646884,0.1258741258741259,0.5562703962703963,0.6256729211479514,370,5,500,2375,3370,3000
0.0088386945495641,0.9866666666666667,0.9866666666666667,773.8087153982176,0.10982487384980706,0.1258741258741259,0.5562703962703963,0.6257978899057619,370,5,500,2374,3369,2999
0.008847497263631172,0.9866666666666667,0.9866666666666667,773.4827639595494,0.10985748218527316,0.1258741258741259,0.5562703962703963,0.6259228586635724,370,5,500,2373,3368,2998
0.00888106928732515,0.9866666666666667,0.9866666666666667,773.1568125208813,0.10989010989010989,0.1258741258741259,0.5562703962703963,0.626047827421383,370,5,500,2372,3367,2997
0.008901676181433019,0.9866666666666667,0.9866666666666667,772.8308610822131,0.10992275698158051,0.1258741258741259,0.5562703962703963,0.6261727961791935,370,5,500,2371,3366,2996
0.008909590436941279,0.9866666666666667,0.9866666666666667,772.5049096435449,0.1099554234769688,0.1258741258741259,0.5562703962703963,0.6262977649370041,370,5,500,2370,3365,2995
0.008938538273849998,0.9866666666666667,0.9866666666666667,772.1789582048768,0.10998810939357907,0.1258741258741259,0.5562703962703963,0.6264227336948146,370,5,500,2369,3364,2994
0.008940895473024181,0.9866666666666667,0.9866666666666667,771.8530067662086,0.11002081474873625,0.1258741258741259,0.5562703962703963,0.6265477024526251,370,5,500,2368,3363,2993
0.008943779079650445,0.9866666666666667,0.9866666666666667,771.5270553275404,0.11005353955978585,0.1258741258741259,0.5562703962703963,0.6266726712104358,370,5,500,2367,3362,2992
0.00894812373316186,0.9866666666666667,0.9866666666666667,771.2011038888724,0.11008628384409402,0.1258741258741259,0.5562703962703963,0.6267976399682462,370,5,500,2366,3361,2991
0.008977309940493053,0.9866666666666667,0.9866666666666667,770.8751524502042,0.11011904761904762,0.1258741258741259,0.5562703962703963,0.6269226087260569,370,5,500,2365,3360,2990
0.008995592482560263,0.9866666666666667,0.9866666666666667,770.549201011536,0.11015183090205419,0.1258741258741259,0.5562703962703963,0.6270475774838673,370,5,500,2364,3359,2989
0.009010551338489773,0.9866666666666667,0.9866666666666667,770.2232495728679,0.11018463371054199,0.1258741258741259,0.5562703962703963,0.627172546241678,370,5,500,2363,3358,2988
0.009032089916997764,0.9866666666666667,0.9866666666666667,769.8972981341997,0.11021745606196008,0.1258741258741259,0.5562703962703963,0.6272975149994885,370,5,500,2362,3357,2987
0.009055653509323943,0.9866666666666667,0.9866666666666667,769.5713466955315,0.1102502979737783,0.1258741258741259,0.5562703962703963,0.627422483757299,370,5,500,2361,3356,2986
0.009056855865551496,0.9866666666666667,0.9866666666666667,769.2453952568634,0.11028315946348734,0.1258741258741259,0.5562703962703963,0.6275474525151096,370,5,500,2360,3355,2985
0.009068403720962665,0.9866666666666667,0.9866666666666667,768.9194438181952,0.11031604054859868,0.1258741258741259,0.5562703962703963,0.6276724212729201,370,5,500,2359,3354,2984
0.009075135434108645,0.9866666666666667,0.9866666666666667,768.593492379527,0.1103489412466448,0.1258741258741259,0.5562703962703963,0.6277973900307307,370,5,500,2358,3353,2983
0.009081951695468996,0.9866666666666667,0.9866666666666667,768.2675409408589,0.110381861575179,0.1258741258741259,0.5562703962703963,0.6279223587885412,370,5,500,2357,3352,2982
0.009117252763443679,0.9866666666666667,0.9866666666666667,767.9415895021907,0.11041480155177559,0.1258741258741259,0.5562703962703963,0.6280473275463517,370,5,500,2356,3351,2981
0.009118274936824657,0.9866666666666667,0.9866666666666667,767.6156380635225,0.11044776119402985,0.1258741258741259,0.5562703962703963,0.6281722963041623,370,5,500,2355,3350,2980
0.009126102660605652,0.9866666666666667,0.9866666666666667,767.2896866248543,0.11048074051955807,0.1258741258741259,0.5562703962703963,0.6282972650619728,370,5,500,2354,3349,2979
0.009158839493992887,0.9866666666666667,0.9866666666666667,766.9637351861862,0.11051373954599761,0.1258741258741259,0.5562703962703963,0.6284222338197833,370,5,500,2353,3348,2978
0.009174889090377114,0.9866666666666667,0.9866666666666667,766.637783747518,0.11054675829100687,0.1258741258741259,0.5562703962703963,0.628547202577594,370,5,500,2352,3347,2977
0.009186309247141719,0.9866666666666667,0.9866666666666667,766.3118323088498,0.11057979677226538,0.1258741258741259,0.5562703962703963,0.6286721713354044,370,5,500,2351,3346,2976
0.009202941613377726,0.9866666666666667,0.9866666666666667,765.9858808701817,0.11061285500747384,0.1258741258741259,0.5562703962703963,0.6287971400932151,370,5,500,2350,3345,2975
0.00921125234964,0.9866666666666667,0.9866666666666667,765.6599294315135,0.11064593301435406,0.1258741258741259,0.5562703962703963,0.6289221088510256,370,5,500,2349,3344,2974
0.009233214667242171,0.9866666666666667,0.9866666666666667,765.3339779928453,0.11067903081064911,0.1258741258741259,0.5562703962703963,0.6290470776088362,370,5,500,2348,3343,2973
0.009244973742745482,0.9866666666666667,0.9866666666666667,765.0080265541773,0.11071214841412327,0.1258741258741259,0.5562703962703963,0.6291720463666467,370,5,500,2347,3342,2972
0.009247215348315066,0.9866666666666667,0.9866666666666667,764.6820751155091,0.1107452858425621,0.1258741258741259,0.5562703962703963,0.6292970151244572,370,5,500,2346,3341,2971
0.00925467575275701,0.9866666666666667,0.9866666666666667,764.3561236768409,0.11077844311377245,0.1258741258741259,0.5562703962703963,0.6294219838822678,370,5,500,2345,3340,2970
0.009288331790545454,0.9866666666666667,0.9866666666666667,764.0301722381728,0.11081162024558251,0.1258741258741259,0.5562703962703963,0.6295469526400783,370,5,500,2344,3339,2969
0.009303075660702442,0.9866666666666667,0.9866666666666667,763.7042207995046,0.11084481725584182,0.1258741258741259,0.5562703962703963,0.6296719213978889,370,5,500,2343,3338,2968
0.009312846590916935,0.9866666666666667,0.9866666666666667,763.3782693608364,0.11087803416242134,0.1258741258741259,0.5562703962703963,0.6297968901556994,370,5,500,2342,3337,2967
0.00932140501366113,0.9866666666666667,0.9866666666666667,763.0523179221683,0.11091127098321343,0.1258741258741259,0.5562703962703963,0.6299218589135099,370,5,500,2341,3336,2966
0.009322207929041319,0.9866666666666667,0.9866666666666667,762.7263664835001,0.11094452773613193,0.1258741258741259,0.5562703962703963,0.6300468276713205,370,5,500,2340,3335,2965
0.009322640289111351,0.9866666666666667,0.9866666666666667,762.4004150448319,0.11097780443911218,0.1258741258741259,0.5562703962703963,0.630171796429131,370,5,500,2339,3334,2964
0.009325528955806248,0.9866666666666667,0.9866666666666667,762.0744636061638,0.111011101110111,0.1258741258741259,0.5562703962703963,0.6302967651869416,370,5,500,2338,3333,2963
0.009361189413381914,0.9866666666666667,0.9866666666666667,761.7485121674956,0.11104441776710684,0.1258741258741259,0.5562703962703963,0.6304217339447522,370,5,500,2337,3332,2962
0.009379875771627744,0.9866666666666667,0.9866666666666667,761.4225607288274,0.11107775442809967,0.1258741258741259,0.5562703962703963,0.6305467027025626,370,5,500,2336,3331,2961
0.009407547908475446,0.9866666666666667,0.9866666666666667,761.0966092901593,0.1111111111111111,0.1258741258741259,0.5562703962703963,0.6306716714603733,370,5,500,2335,3330,2960
0.009408029387247038,0.9866666666666667,0.9866666666666667,760.7706578514911,0.11114448783418444,0.1258741258741259,0.5562703962703963,0.6307966402181838,370,5,500,2334,3329,2959
0.009414721592802282,0.9866666666666667,0.9866666666666667,760.4447064128229,0.11117788461538461,0.1258741258741259,0.5562703962703963,0.6309216089759944,370,5,500,2333,3328,2958
0.009424045523202272,0.9866666666666667,0.9866666666666667,760.1187549741547,0.11121130147279831,0.1258741258741259,0.5562703962703963,0.6310465777338049,370,5,500,2332,3327,2957
0.009424827506303312,0.9866666666666667,0.9866666666666667,759.7928035354867,0.11124473842453397,0.1258741258741259,0.5562703962703963,0.6311715464916154,370,5,500,2331,3326,2956
0.009450606151876451,0.9866666666666667,0.9866666666666667,759.4668520968185,0.11127819548872181,0.12762237762237763,0.5571445221445221,0.631296515249426,370,5,499,2330,3325,2955
0.009456641123291375,0.9866666666666667,0.9866666666666667,759.1409006581503,0.11131167268351384,0.12762237762237763,0.5571445221445221,0.6314214840072365,370,5,499,2329,3324,2954
0.009464674633228722,0.9866666666666667,0.9866666666666667,758.8149492194822,0.11134517002708395,0.12762237762237763,0.5571445221445221,0.6315464527650471,370,5,499,2328,3323,2953
0.00947466958901239,0.9866666666666667,0.9866666666666667,758.488997780814,0.11137868753762793,0.12762237762237763,0.5571445221445221,0.6316714215228576,370,5,499,2327,3322,2952
0.009476158617853657,0.9866666666666667,0.9866666666666667,758.1630463421458,0.11141222523336344,0.12762237762237763,0.5571445221445221,0.6317963902806681,370,5,499,2326,3321,2951
0.009479280133245855,0.9866666666666667,0.9866666666666667,757.8370949034777,0.11144578313253012,0.12762237762237763,0.5571445221445221,0.6319213590384787,370,5,499,2325,3320,2950
0.009526693474389817,0.9866666666666667,0.9866666666666667,757.5111434648095,0.11147936125338957,0.12762237762237763,0.5571445221445221,0.6320463277962893,370,5,499,2324,3319,2949
0.009534567605703849,0.9866666666666667,0.9866666666666667,757.1851920261413,0.11151295961422544,0.12762237762237763,0.5571445221445221,0.6321712965540998,370,5,499,2323,3318,2948
0.00955242492236145,0.9866666666666667,0.9866666666666667,756.8592405874732,0.11154657823334338,0.12762237762237763,0.5571445221445221,0.6322962653119104,370,5,499,2322,3317,2947
0.009568941337905564,0.9866666666666667,0.9866666666666667,756.533289148805,0.11158021712907117,0.12762237762237763,0.5571445221445221,0.6324212340697208,370,5,499,2321,3316,2946
0.009592855368440446,0.9866666666666667,0.9866666666666667,756.2073377101368,0.11161387631975868,0.12762237762237763,0.5571445221445221,0.6325462028275315,370,5,499,2320,3315,2945
0.009597281783631012,0.9866666666666667,0.9866666666666667,755.8813862714687,0.11164755582377792,0.12762237762237763,0.5571445221445221,0.632671171585342,370,5,499,2319,3314,2944
0.009621171745982995,0.9866666666666667,0.9866666666666667,755.5554348328005,0.1116812556595231,0.12762237762237763,0.5571445221445221,0.6327961403431526,370,5,499,2318,3313,2943
0.009621693613821732,0.9866666666666667,0.9866666666666667,755.2294833941323,0.11171497584541062,0.12762237762237763,0.5571445221445221,0.6329211091009631,370,5,499,2317,3312,2942
0.00962926899133765,0.9866666666666667,0.9866666666666667,754.9035319554642,0.1117487163998792,0.12762237762237763,0.5571445221445221,0.6330460778587736,370,5,499,2316,3311,2941
0.009646776896102884,0.9866666666666667,0.9866666666666667,754.577580516796,0.11178247734138973,0.12937062937062938,0.558018648018648,0.6331710466165842,370,5,498,2315,3310,2940
0.00968640006412467,0.9866666666666667,0.9866666666666667,754.2516290781278,0.11181625868842551,0.12937062937062938,0.558018648018648,0.6332960153743947,370,5,498,2314,3309,2939
0.009688167214245954,0.9866666666666667,0.9866666666666667,753.9256776394596,0.11185006045949214,0.12937062937062938,0.558018648018648,0.6334209841322053,370,5,498,2313,3308,2938
0.009692553407987768,0.9866666666666667,0.9866666666666667,753.5997262007916,0.11188388267311764,0.12937062937062938,0.558018648018648,0.6335459528900158,370,5,498,2312,3307,2937
0.009790979302009692,0.9866666666666667,0.9866666666666667,753.2737747621234,0.1119177253478524,0.12937062937062938,0.558018648018648,0.6336709216478263,370,5,498,2311,3306,2936
0.009793242460915194,0.9866666666666667,0.9866666666666667,752.9478233234552,0.11195158850226929,0.12937062937062938,0.558018648018648,0.6337958904056369,370,5,498,2310,3305,2935
0.00979398379102489,0.9866666666666667,0.9866666666666667,752.6218718847871,0.11198547215496368,0.12937062937062938,0.558018648018648,0.6339208591634475,370,5,498,2309,3304,2934
0.00982793133781372,0.9866666666666667,0.9866666666666667,752.2959204461189,0.11201937632455343,0.12937062937062938,0.558018648018648,0.634045827921258,370,5,498,2308,3303,2933
0.009833138969966708,0.9866666666666667,0.9866666666666667,751.9699690074507,0.11205330102967898,0.12937062937062938,0.558018648018648,0.6341707966790686,370,5,498,2307,3302,2932
0.009845835123873818,0.9866666666666667,0.9866666666666667,751.6440175687826,0.11208724628900334,0.12937062937062938,0.558018648018648,0.6342957654368792,370,5,498,2306,3301,2931
0.009862990837216923,0.9866666666666667,0.9866666666666667,751.3180661301144,0.11212121212121212,0.13111888111888112,0.5588927738927739,0.6344207341946897,370,5,497,2305,3300,2930
0.009863133428998904,0.9866666666666667,0.9866666666666667,750.9921146914462,0.11215519854501364,0.13111888111888112,0.5588927738927739,0.6345457029525002,370,5,497,2304,3299,2929
0.009883634677709573,0.9866666666666667,0.9866666666666667,750.6661632527781,0.11218920557913888,0.13111888111888112,0.5588927738927739,0.6346706717103108,370,5,497,2303,3298,2928
0.009884178477863057,0.9866666666666667,0.9866666666666667,750.3402118141099,0.11222323324234153,0.13111888111888112,0.5588927738927739,0.6347956404681213,370,5,497,2302,3297,2927
0.009905560626942943,0.9866666666666667,0.9866666666666667,750.0142603754417,0.11225728155339806,0.13111888111888112,0.5588927738927739,0.6349206092259319,370,5,497,2301,3296,2926
0.009920613158498515,0.9866666666666667,0.9866666666666667,749.6883089367736,0.11229135053110774,0.13111888111888112,0.5588927738927739,0.6350455779837424,370,5,497,2300,3295,2925
0.00992078688186669,0.9866666666666667,0.9866666666666667,749.3623574981054,0.11232544019429265,0.13111888111888112,0.5588927738927739,0.6351705467415529,370,5,497,2299,3294,2924
0.00995121134345866,0.9866666666666667,0.9866666666666667,749.0364060594372,0.11235955056179775,0.13111888111888112,0.5588927738927739,0.6352955154993635,370,5,497,2298,3293,2923
0.009953285307716914,0.9866666666666667,0.9866666666666667,748.7104546207692,0.11239368165249089,0.13286713286713286,0.5597668997668998,0.635420484257174,370,5,496,2297,3292,2922
0.009954356540166439,0.9866666666666667,0.9866666666666667,748.384503182101,0.11242783348526283,0.13286713286713286,0.5597668997668998,0.6355454530149846,370,5,496,2296,3291,2921
0.00997817390311511,0.9866666666666667,0.9866666666666667,748.0585517434328,0.11246200607902736,0.13286713286713286,0.5597668997668998,0.6356704217727951,370,5,496,2295,3290,2920
0.010002217749299066,0.9866666666666667,0.9866666666666667,747.7326003047647,0.11249619945272119,0.13286713286713286,0.5597668997668998,0.6357953905306057,370,5,496,2294,3289,2919
0.01001684520187215,0.9866666666666667,0.9866666666666667,747.4066488660965,0.11253041362530414,0.13286713286713286,0.5597668997668998,0.6359203592884162,370,5,496,2293,3288,2918
0.0100170664314867,0.9866666666666667,0.9866666666666667,747.0806974274283,0.11256464861575904,0.13286713286713286,0.5597668997668998,0.6360453280462268,370,5,496,2292,3287,2917
0.010024594511071634,0.9866666666666667,0.9866666666666667,746.7547459887601,0.11259890444309191,0.13286713286713286,0.5597668997668998,0.6361702968040374,370,5,496,2291,3286,2916
0.010064775141830346,0.9866666666666667,0.9866666666666667,746.428794550092,0.1126331811263318,0.13286713286713286,0.5597668997668998,0.6362952655618479,370,5,496,2290,3285,2915
0.010082806259659021,0.9866666666666667,0.9866666666666667,746.1028431114238,0.11266747868453106,0.13286713286713286,0.5597668997668998,0.6364202343196584,370,5,496,2289,3284,2914
0.010087550474572722,0.9866666666666667,0.9866666666666667,745.7768916727556,0.11270179713676515,0.13286713286713286,0.5597668997668998,0.636545203077469,370,5,496,2288,3283,2913
0.010110319972342794,0.9866666666666667,0.9866666666666667,745.4509402340875,0.11273613650213285,0.13286713286713286,0.5597668997668998,0.6366701718352795,370,5,496,2287,3282,2912
0.010141292683772842,0.9866666666666667,0.9866666666666667,745.1249887954193,0.11277049679975618,0.13286713286713286,0.5597668997668998,0.6367951405930901,370,5,496,2286,3281,2911
0.010165281466820473,0.9866666666666667,0.9866666666666667,744.7990373567511,0.11280487804878049,0.13286713286713286,0.5597668997668998,0.6369201093509006,370,5,496,2285,3280,2910
0.010212108541325607,0.9866666666666667,0.9866666666666667,744.473085918083,0.1128392802683745,0.1346153846153846,0.5606410256410257,0.6370450781087111,370,5,495,2284,3279,2909
0.010219348810690835,0.9866666666666667,0.9866666666666667,744.1471344794148,0.11287370347773032,0.1346153846153846,0.5606410256410257,0.6371700468665217,370,5,495,2283,3278,2908
0.010228900602405043,0.9866666666666667,0.9866666666666667,743.8211830407466,0.11290814769606347,0.1346153846153846,0.5606410256410257,0.6372950156243322,370,5,495,2282,3277,2907
0.010246553584034321,0.9866666666666667,0.9866666666666667,743.4952316020785,0.11294261294261294,0.13636363636363635,0.5615151515151515,0.6374199843821429,370,5,494,2281,3276,2906
0.010275846238930514,0.9866666666666667,0.9866666666666667,743.1692801634103,0.11297709923664122,0.13636363636363635,0.5615151515151515,0.6375449531399533,370,5,494,2280,3275,2905
0.010310073442312339,0.9866666666666667,0.9866666666666667,742.8433287247422,0.11301160659743432,0.13636363636363635,0.5615151515151515,0.637669921897764,370,5,494,2279,3274,2904
0.01032110695460737,0.9866666666666667,0.9866666666666667,742.5173772860741,0.11304613504430186,0.1381118881118881,0.5623892773892774,0.6377948906555744,370,5,493,2278,3273,2903
0.010332540087748334,0.9866666666666667,0.9866666666666667,742.1914258474059,0.11308068459657701,0.1381118881118881,0.5623892773892774,0.637919859413385,370,5,493,2277,3272,2902
0.010336796344724739,0.9866666666666667,0.9866666666666667,741.8654744087377,0.11311525527361663,0.1381118881118881,0.5623892773892774,0.6380448281711956,370,5,493,2276,3271,2901
0.010339761512992861,0.9866666666666667,0.9866666666666667,741.5395229700696,0.11314984709480122,0.1381118881118881,0.5623892773892774,0.6381697969290061,370,5,493,2275,3270,2900
0.010352503092416242,0.9866666666666667,0.9866666666666667,741.5395229700696,0.11318446007953503,0.1381118881118881,0.5623892773892774,0.6382947656868166,370,5,493,2275,3269,2899
0.010352611994317383,0.9866666666666667,0.9866666666666667,741.2135715314014,0.11321909424724602,0.1381118881118881,0.5623892773892774,0.6384197344446272,370,5,493,2274,3268,2898
0.010355276548627737,0.9866666666666667,0.9866666666666667,740.8876200927332,0.11325374961738598,0.1381118881118881,0.5623892773892774,0.6385447032024377,370,5,493,2273,3267,2897
0.010361307780952182,0.9866666666666667,0.9866666666666667,740.5616686540651,0.1132884262094305,0.1381118881118881,0.5623892773892774,0.6386696719602483,370,5,493,2272,3266,2896
0.010363453244127751,0.9866666666666667,0.9866666666666667,740.2357172153969,0.11332312404287902,0.1381118881118881,0.5623892773892774,0.6387946407180588,370,5,493,2271,3265,2895
0.010376004968404748,0.9866666666666667,0.9866666666666667,740.2357172153969,0.1133578431372549,0.1381118881118881,0.5623892773892774,0.6389196094758693,370,5,493,2271,3264,2894
0.010418251007220353,0.9866666666666667,0.9866666666666667,739.9097657767287,0.11339258351210542,0.1381118881118881,0.5623892773892774,0.6390445782336799,370,5,493,2270,3263,2893
0.010459507128297824,0.9866666666666667,0.9866666666666667,739.5838143380605,0.11342734518700184,0.1381118881118881,0.5623892773892774,0.6391695469914904,370,5,493,2269,3262,2892
0.01046568223554682,0.9866666666666667,0.9866666666666667,739.2578628993924,0.1134621281815394,0.1381118881118881,0.5623892773892774,0.6392945157493011,370,5,493,2268,3261,2891
0.010479289064550623,0.9866666666666667,0.9866666666666667,738.9319114607242,0.11349693251533742,0.1381118881118881,0.5623892773892774,0.6394194845071115,370,5,493,2267,3260,2890
0.010482306329124197,0.9866666666666667,0.9866666666666667,738.605960022056,0.11353175820803928,0.1381118881118881,0.5623892773892774,0.6395444532649222,370,5,493,2266,3259,2889
0.010486552731147568,0.9866666666666667,0.9866666666666667,738.2800085833879,0.11356660527931246,0.1381118881118881,0.5623892773892774,0.6396694220227327,370,5,493,2265,3258,2888
0.010519259098592637,0.9866666666666667,0.9866666666666667,737.9540571447197,0.11360147374884863,0.1381118881118881,0.5623892773892774,0.6397943907805432,370,5,493,2264,3257,2887
0.010523841396453144,0.9866666666666667,0.9866666666666667,737.6281057060515,0.11363636363636363,0.1381118881118881,0.5623892773892774,0.6399193595383538,370,5,493,2263,3256,2886
0.010527628202538676,0.9866666666666667,0.9866666666666667,737.3021542673835,0.11367127496159754,0.1381118881118881,0.5623892773892774,0.6400443282961643,370,5,493,2262,3255,2885
0.010538764128548202,0.9866666666666667,0.9866666666666667,736.9762028287153,0.11370620774431468,0.1381118881118881,0.5623892773892774,0.6401692970539749,370,5,493,2261,3254,2884
0.01055777290021365,0.9866666666666667,0.9866666666666667,736.6502513900471,0.11374116200430372,0.1381118881118881,0.5623892773892774,0.6402942658117854,370,5,493,2260,3253,2883
0.010583725937401348,0.9866666666666667,0.9866666666666667,736.324299951379,0.11377613776137761,0.1381118881118881,0.5623892773892774,0.6404192345695959,370,5,493,2259,3252,2882
0.010597970261674257,0.9866666666666667,0.9866666666666667,735.9983485127108,0.11381113503537373,0.13986013986013987,0.5632634032634033,0.6405442033274065,370,5,492,2258,3251,2881
0.010608379422962385,0.9866666666666667,0.9866666666666667,735.6723970740426,0.11384615384615385,0.13986013986013987,0.5632634032634033,0.640669172085217,370,5,492,2257,3250,2880
0.010625462883860515,0.9866666666666667,0.9866666666666667,735.3464456353745,0.11388119421360418,0.13986013986013987,0.5632634032634033,0.6407941408430275,370,5,492,2256,3249,2879
0.010654185186439095,0.9866666666666667,0.9866666666666667,735.0204941967063,0.11391625615763547,0.13986013986013987,0.5632634032634033,0.6409191096008381,370,5,492,2255,3248,2878
0.010679726117416728,0.9866666666666667,0.9866666666666667,734.6945427580381,0.11395133969818294,0.13986013986013987,0.5632634032634033,0.6410440783586486,370,5,492,2254,3247,2877
0.010683547111658868,0.9866666666666667,0.9866666666666667,734.36859131937,0.11398644485520641,0.13986013986013987,0.5632634032634033,0.6411690471164593,370,5,492,2253,3246,2876
0.010686028890696255,0.9866666666666667,0.9866666666666667,734.0426398807018,0.1140215716486903,0.13986013986013987,0.5632634032634033,0.6412940158742697,370,5,492,2252,3245,2875
0.010704675386513306,0.9866666666666667,0.9866666666666667,733.7166884420336,0.11405672009864365,0.13986013986013987,0.5632634032634033,0.6414189846320804,370,5,492,2251,3244,2874
0.010704721923546375,0.9866666666666667,0.9866666666666667,733.3907370033654,0.11409189022510022,0.13986013986013987,0.5632634032634033,0.6415439533898909,370,5,492,2250,3243,2873
0.010729093415259237,0.9866666666666667,0.9866666666666667,733.0647855646973,0.11412708204811844,0.13986013986013987,0.5632634032634033,0.6416689221477014,370,5,492,2249,3242,2872
0.010729872901993388,0.9866666666666667,0.9866666666666667,732.7388341260291,0.11416229558778154,0.14160839160839161,0.5641375291375291,0.641793890905512,370,5,491,2248,3241,2871
0.0107471723058173,0.9866666666666667,0.9866666666666667,732.4128826873609,0.11419753086419752,0.14160839160839161,0.5641375291375291,0.6419188596633225,370,5,491,2247,3240,2870
0.010750225522279121,0.9866666666666667,0.9866666666666667,732.0869312486928,0.11423278789749923,0.14160839160839161,0.5641375291375291,0.6420438284211331,370,5,491,2246,3239,2869
0.01075408931983276,0.9866666666666667,0.9866666666666667,731.7609798100247,0.11426806670784435,0.14160839160839161,0.5641375291375291,0.6421687971789436,370,5,491,2245,3238,2868
0.010757286393016792,0.9866666666666667,0.9866666666666667,731.7609798100247,0.1143033673154155,0.14160839160839161,0.5641375291375291,0.6422937659367541,370,5,491,2245,3237,2867
0.01076065169691608,0.9866666666666667,0.9866666666666667,731.4350283713565,0.11433868974042027,0.14160839160839161,0.5641375291375291,0.6424187346945647,370,5,491,2244,3236,2866
0.010765799632802133,0.9866666666666667,0.9866666666666667,731.1090769326884,0.1143740340030912,0.14160839160839161,0.5641375291375291,0.6425437034523752,370,5,491,2243,3235,2865
0.010768372161526062,0.9866666666666667,0.9866666666666667,730.7831254940202,0.11440940012368583,0.14160839160839161,0.5641375291375291,0.6426686722101858,370,5,491,2242,3234,2864
0.0107859430887231,0.9866666666666667,0.9866666666666667,730.457174055352,0.11444478812248686,0.14160839160839161,0.5641375291375291,0.6427936409679964,370,5,491,2241,3233,2863
0.010789143185613068,0.9866666666666667,0.9866666666666667,730.1312226166839,0.11448019801980198,0.14160839160839161,0.5641375291375291,0.6429186097258068,370,5,491,2240,3232,2862
0.010795136657897901,0.9866666666666667,0.9866666666666667,729.8052711780157,0.1145156298359641,0.14160839160839161,0.5641375291375291,0.6430435784836175,370,5,491,2239,3231,2861
0.010831591916080732,0.9866666666666667,0.9866666666666667,729.4793197393475,0.11455108359133127,0.14160839160839161,0.5641375291375291,0.6431685472414279,370,5,491,2238,3230,2860
0.01083510625321134,0.9866666666666667,0.9866666666666667,729.1533683006794,0.11458655930628678,0.14160839160839161,0.5641375291375291,0.6432935159992386,370,5,491,2237,3229,2859
0.010839744956853907,0.9866666666666667,0.9866666666666667,728.8274168620112,0.11462205700123916,0.14160839160839161,0.5641375291375291,0.6434184847570491,370,5,491,2236,3228,2858
0.010876856878059971,0.9866666666666667,0.9866666666666667,728.501465423343,0.11465757669662224,0.14335664335664336,0.5650116550116551,0.6435434535148596,370,5,490,2235,3227,2857
0.010881160608933195,0.9866666666666667,0.9866666666666667,728.1755139846749,0.11469311841289523,0.14335664335664336,0.5650116550116551,0.6436684222726702,370,5,490,2234,3226,2856
0.010924738330425714,0.9866666666666667,0.9866666666666667,727.8495625460067,0.11472868217054263,0.14335664335664336,0.5650116550116551,0.6437933910304807,370,5,490,2233,3225,2855
0.010961694297020501,0.9866666666666667,0.9866666666666667,727.5236111073385,0.11476426799007444,0.14335664335664336,0.5650116550116551,0.6439183597882913,370,5,490,2232,3224,2854
0.010983199426349833,0.9866666666666667,0.9866666666666667,727.1976596686704,0.11479987589202606,0.14335664335664336,0.5650116550116551,0.6440433285461018,370,5,490,2231,3223,2853
0.010983596124850076,0.9866666666666667,0.9866666666666667,726.8717082300022,0.11483550589695841,0.14335664335664336,0.5650116550116551,0.6441682973039123,370,5,490,2230,3222,2852
0.010987064052336029,0.9866666666666667,0.9866666666666667,726.545756791334,0.11487115802545793,0.1451048951048951,0.5658857808857809,0.6442932660617229,370,5,489,2229,3221,2851
0.011005745801266046,0.9866666666666667,0.9866666666666667,726.2198053526658,0.11490683229813664,0.1451048951048951,0.5658857808857809,0.6444182348195334,370,5,489,2228,3220,2850
0.011024458828264902,0.9866666666666667,0.9866666666666667,725.8938539139978,0.11494252873563218,0.1451048951048951,0.5658857808857809,0.644543203577344,370,5,489,2227,3219,2849
0.01103113833987608,0.9866666666666667,0.9866666666666667,725.5679024753296,0.11497824735860783,0.1451048951048951,0.5658857808857809,0.6446681723351546,370,5,489,2226,3218,2848
0.011111887653291876,0.9866666666666667,0.9866666666666667,725.2419510366614,0.11501398818775256,0.1451048951048951,0.5658857808857809,0.644793141092965,370,5,489,2225,3217,2847
0.011115038239748659,0.9866666666666667,0.9866666666666667,724.9159995979933,0.1150497512437811,0.1451048951048951,0.5658857808857809,0.6449181098507757,370,5,489,2224,3216,2846
0.01113774968702788,0.9866666666666667,0.9866666666666667,724.5900481593251,0.1150855365474339,0.1451048951048951,0.5658857808857809,0.6450430786085862,370,5,489,2223,3215,2845
0.011157089859419139,0.9866666666666667,0.9866666666666667,724.2640967206569,0.11512134411947729,0.1451048951048951,0.5658857808857809,0.6451680473663968,370,5,489,2222,3214,2844
0.011160089279143972,0.9866666666666667,0.9866666666666667,723.9381452819888,0.1151571739807034,0.1451048951048951,0.5658857808857809,0.6452930161242073,370,5,489,2221,3213,2843
0.01116086534990236,0.9866666666666667,0.9866666666666667,723.6121938433206,0.11519302615193026,0.1451048951048951,0.5658857808857809,0.6454179848820178,370,5,489,2220,3212,2842
0.011210613038422627,0.9866666666666667,0.9866666666666667,723.2862424046524,0.11522890065400186,0.1451048951048951,0.5658857808857809,0.6455429536398284,370,5,489,2219,3211,2841
0.01122710973001607,0.9866666666666667,0.9866666666666667,722.9602909659843,0.11526479750778816,0.14685314685314685,0.5667599067599067,0.6456679223976389,370,5,488,2218,3210,2840
0.011252207042758415,0.9866666666666667,0.9866666666666667,722.6343395273161,0.1153007167341851,0.14685314685314685,0.5667599067599067,0.6457928911554495,370,5,488,2217,3209,2839
0.011253819833765475,0.9866666666666667,0.9866666666666667,722.3083880886479,0.11533665835411472,0.14685314685314685,0.5667599067599067,0.64591785991326,370,5,488,2216,3208,2838
0.01125511289685619,0.9866666666666667,0.9866666666666667,721.9824366499798,0.1153726223885251,0.14685314685314685,0.5667599067599067,0.6460428286710705,370,5,488,2215,3207,2837
0.0112680086585776,0.9866666666666667,0.9866666666666667,721.6564852113116,0.11540860885839052,0.1486013986013986,0.5676340326340327,0.6461677974288811,370,5,487,2214,3206,2836
0.011273366585680025,0.9866666666666667,0.9866666666666667,721.3305337726434,0.11544461778471139,0.1486013986013986,0.5676340326340327,0.6462927661866916,370,5,487,2213,3205,2835
0.011305096612366988,0.9866666666666667,0.9866666666666667,721.0045823339753,0.11548064918851436,0.1486013986013986,0.5676340326340327,0.6464177349445022,370,5,487,2212,3204,2834
0.011319731971033037,0.9866666666666667,0.9866666666666667,720.6786308953072,0.11551670309085232,0.1486013986013986,0.5676340326340327,0.6465427037023128,370,5,487,2211,3203,2833
0.011324906416649558,0.9866666666666667,0.9866666666666667,720.352679456639,0.1155527795128045,0.1486013986013986,0.5676340326340327,0.6466676724601232,370,5,487,2210,3202,2832
0.011329078229399863,0.9866666666666667,0.9866666666666667,720.0267280179709,0.11558887847547641,0.1486013986013986,0.5676340326340327,0.6467926412179339,370,5,487,2209,3201,2831
0.011336094531816358,0.9866666666666667,0.9866666666666667,719.7007765793027,0.115625,0.1486013986013986,0.5676340326340327,0.6469176099757444,370,5,487,2208,3200,2830
0.011367156445215337,0.9866666666666667,0.9866666666666667,719.3748251406345,0.1156611441075336,0.1486013986013986,0.5676340326340327,0.647042578733555,370,5,487,2207,3199,2829
0.01137410206818985,0.9866666666666667,0.9866666666666667,719.0488737019663,0.11569731081926204,0.1486013986013986,0.5676340326340327,0.6471675474913655,370,5,487,2206,3198,2828
0.01138919294224489,0.9866666666666667,0.9866666666666667,718.7229222632982,0.11573350015639662,0.15034965034965034,0.5685081585081585,0.647292516249176,370,5,486,2205,3197,2827
0.011389501119525532,0.9866666666666667,0.9866666666666667,718.39697082463,0.11576971214017522,0.15034965034965034,0.5685081585081585,0.6474174850069866,370,5,486,2204,3196,2826
0.011394723871422444,0.9866666666666667,0.9866666666666667,718.0710193859618,0.11580594679186229,0.15034965034965034,0.5685081585081585,0.6475424537647971,370,5,486,2203,3195,2825
0.011409107318054229,0.9866666666666667,0.9866666666666667,717.7450679472937,0.1158422041327489,0.15034965034965034,0.5685081585081585,0.6476674225226077,370,5,486,2202,3194,2824
0.01142196717347927,0.9866666666666667,0.9866666666666667,717.4191165086255,0.11587848418415284,0.15034965034965034,0.5685081585081585,0.6477923912804182,370,5,486,2201,3193,2823
0.011447208881969193,0.9866666666666667,0.9866666666666667,717.0931650699573,0.11591478696741854,0.15034965034965034,0.5685081585081585,0.6479173600382288,370,5,486,2200,3192,2822
0.011481509903136362,0.9866666666666667,0.9866666666666667,716.7672136312892,0.11595111250391726,0.15034965034965034,0.5685081585081585,0.6480423287960393,370,5,486,2199,3191,2821
0.011530531578059682,0.9866666666666667,0.9866666666666667,716.441262192621,0.11598746081504702,0.15034965034965034,0.5685081585081585,0.6481672975538499,370,5,486,2198,3190,2820
0.011556405257624107,0.9866666666666667,0.9866666666666667,716.1153107539528,0.11602383192223267,0.15034965034965034,0.5685081585081585,0.6482922663116604,370,5,486,2197,3189,2819
0.01156105351972026,0.9866666666666667,0.9866666666666667,715.7893593152847,0.11606022584692598,0.15034965034965034,0.5685081585081585,0.648417235069471,370,5,486,2196,3188,2818
0.011578624574509878,0.9866666666666667,0.9866666666666667,715.4634078766165,0.11609664261060558,0.15034965034965034,0.5685081585081585,0.6485422038272814,370,5,486,2195,3187,2817
0.011610793478328723,0.9866666666666667,0.9866666666666667,715.4634078766165,0.11613308223477715,0.15034965034965034,0.5685081585081585,0.6486671725850921,370,5,486,2195,3186,2816
0.011613561641258497,0.9866666666666667,0.9866666666666667,715.1374564379483,0.11616954474097331,0.15034965034965034,0.5685081585081585,0.6487921413429026,370,5,486,2194,3185,2815
0.011626754944259604,0.9866666666666667,0.9866666666666667,714.8115049992803,0.11620603015075377,0.15034965034965034,0.5685081585081585,0.6489171101007132,370,5,486,2193,3184,2814
0.011627119811359964,0.9866666666666667,0.9866666666666667,714.4855535606121,0.11624253848570532,0.15034965034965034,0.5685081585081585,0.6490420788585237,370,5,486,2192,3183,2813
0.011631939898160205,0.9866666666666667,0.9866666666666667,714.1596021219439,0.11627906976744186,0.15034965034965034,0.5685081585081585,0.6491670476163343,370,5,486,2191,3182,2812
0.01165412223983833,0.9866666666666667,0.9866666666666667,713.8336506832758,0.11631562401760452,0.15034965034965034,0.5685081585081585,0.6492920163741448,370,5,486,2190,3181,2811
0.011701840538742772,0.9866666666666667,0.9866666666666667,713.5076992446076,0.11635220125786164,0.15034965034965034,0.5685081585081585,0.6494169851319553,370,5,486,2189,3180,2810
0.011712049429775297,0.9866666666666667,0.9866666666666667,713.1817478059394,0.11638880150990878,0.15034965034965034,0.5685081585081585,0.6495419538897659,370,5,486,2188,3179,2809
0.01174160212831694,0.9866666666666667,0.9866666666666667,712.8557963672713,0.11642542479546884,0.15034965034965034,0.5685081585081585,0.6496669226475764,370,5,486,2187,3178,2808
0.011775272276531567,0.9866666666666667,0.9866666666666667,712.5298449286031,0.1164620711362921,0.15034965034965034,0.5685081585081585,0.649791891405387,370,5,486,2186,3177,2807
0.011783400971779845,0.9866666666666667,0.9866666666666667,712.2038934899349,0.11649874055415617,0.15034965034965034,0.5685081585081585,0.6499168601631975,370,5,486,2185,3176,2806
0.011789358545027594,0.9866666666666667,0.9866666666666667,711.8779420512667,0.11653543307086614,0.15034965034965034,0.5685081585081585,0.6500418289210081,370,5,486,2184,3175,2805
0.011791341139661002,0.9866666666666667,0.9866666666666667,711.8779420512667,0.11657214870825457,0.15034965034965034,0.5685081585081585,0.6501667976788186,370,5,486,2184,3174,2804
0.011849924080685725,0.9866666666666667,0.9866666666666667,711.8779420512667,0.11660888748818153,0.15034965034965034,0.5685081585081585,0.6502917664366292,370,5,486,2184,3173,2803
0.011871251583705358,0.9866666666666667,0.9866666666666667,711.5519906125986,0.11664564943253468,0.15034965034965034,0.5685081585081585,0.6504167351944398,370,5,486,2183,3172,2802
0.01188379605163434,0.9866666666666667,0.9866666666666667,711.2260391739304,0.11668243456322927,0.15034965034965034,0.5685081585081585,0.6505417039522503,370,5,486,2182,3171,2801
0.011886500285155165,0.9866666666666667,0.9866666666666667,710.9000877352622,0.1167192429022082,0.1520979020979021,0.5693822843822844,0.6506666727100608,370,5,485,2181,3170,2800
0.011890326891649785,0.9866666666666667,0.9866666666666667,710.5741362965941,0.1167560744714421,0.1520979020979021,0.5693822843822844,0.6507916414678714,370,5,485,2180,3169,2799
0.011913492845992241,0.9866666666666667,0.9866666666666667,710.2481848579259,0.1167929292929293,0.1520979020979021,0.5693822843822844,0.6509166102256819,370,5,485,2179,3168,2798
0.01193777619521137,0.9866666666666667,0.9866666666666667,709.9222334192577,0.11682980738869593,0.1520979020979021,0.5693822843822844,0.6510415789834925,370,5,485,2178,3167,2797
0.011937807901342795,0.9866666666666667,0.9866666666666667,709.5962819805897,0.11686670878079596,0.15384615384615385,0.5702564102564103,0.651166547741303,370,5,484,2177,3166,2796
0.011943113262499671,0.9866666666666667,0.9866666666666667,709.2703305419215,0.11690363349131122,0.1555944055944056,0.5711305361305361,0.6512915164991135,370,5,483,2176,3165,2795
0.01194608085883123,0.9866666666666667,0.9866666666666667,708.9443791032533,0.11694058154235146,0.1555944055944056,0.5711305361305361,0.6514164852569241,370,5,483,2175,3164,2794
0.011955276673872148,0.9866666666666667,0.9866666666666667,708.6184276645852,0.11697755295605437,0.1555944055944056,0.5711305361305361,0.6515414540147346,370,5,483,2174,3163,2793
0.011965093077903954,0.9866666666666667,0.9866666666666667,708.292476225917,0.11701454775458571,0.1555944055944056,0.5711305361305361,0.6516664227725452,370,5,483,2173,3162,2792
0.011986253759297242,0.9866666666666667,0.9866666666666667,707.9665247872488,0.1170515659601392,0.1555944055944056,0.5711305361305361,0.6517913915303557,370,5,483,2172,3161,2791
0.012003850915092606,0.9866666666666667,0.9866666666666667,707.6405733485807,0.11708860759493671,0.1555944055944056,0.5711305361305361,0.6519163602881664,370,5,483,2171,3160,2790
0.012015320367599076,0.9866666666666667,0.9866666666666667,707.3146219099125,0.11712567268122824,0.1555944055944056,0.5711305361305361,0.6520413290459768,370,5,483,2170,3159,2789
0.012029128574501993,0.9866666666666667,0.9866666666666667,706.9886704712443,0.11716276124129196,0.1555944055944056,0.5711305361305361,0.6521662978037874,370,5,483,2169,3158,2788
0.012049354398719405,0.9866666666666667,0.9866666666666667,706.6627190325762,0.11719987329743427,0.1555944055944056,0.5711305361305361,0.652291266561598,370,5,483,2168,3157,2787
0.012065264214230724,0.9866666666666667,0.9866666666666667,706.336767593908,0.11723700887198986,0.1555944055944056,0.5711305361305361,0.6524162353194085,370,5,483,2167,3156,2786
0.012096475521394074,0.9866666666666667,0.9866666666666667,706.0108161552398,0.11727416798732171,0.1555944055944056,0.5711305361305361,0.652541204077219,370,5,483,2166,3155,2785
0.012120737310238217,0.9866666666666667,0.9866666666666667,705.6848647165716,0.11731135066582118,0.1555944055944056,0.5711305361305361,0.6526661728350296,370,5,483,2165,3154,2784
0.012137934762434022,0.9866666666666667,0.9866666666666667,705.3589132779035,0.11734855692990802,0.1555944055944056,0.5711305361305361,0.6527911415928401,370,5,483,2164,3153,2783
0.012177889372363849,0.9866666666666667,0.9866666666666667,705.0329618392353,0.11738578680203046,0.1555944055944056,0.5711305361305361,0.6529161103506507,370,5,483,2163,3152,2782
0.012195417127481586,0.9866666666666667,0.9866666666666667,704.7070104005671,0.11742304030466519,0.1555944055944056,0.5711305361305361,0.6530410791084612,370,5,483,2162,3151,2781
0.01222095074354764,0.9866666666666667,0.9866666666666667,704.381058961899,0.11746031746031746,0.1555944055944056,0.5711305361305361,0.6531660478662717,370,5,483,2161,3150,2780
0.012242598536508133,0.9866666666666667,0.9866666666666667,704.0551075232308,0.11749761829152111,0.1555944055944056,0.5711305361305361,0.6532910166240823,370,5,483,2160,3149,2779
0.012251840277450065,0.9866666666666667,0.9866666666666667,703.7291560845626,0.11753494282083862,0.1555944055944056,0.5711305361305361,0.6534159853818928,370,5,483,2159,3148,2778
0.012272026687543285,0.9866666666666667,0.9866666666666667,703.4032046458946,0.11757229107086113,0.1555944055944056,0.5711305361305361,0.6535409541397035,370,5,483,2158,3147,2777
0.012276128866041437,0.9866666666666667,0.9866666666666667,703.0772532072264,0.11760966306420852,0.1555944055944056,0.5711305361305361,0.6536659228975139,370,5,483,2157,3146,2776
0.012334366568318223,0.9866666666666667,0.9866666666666667,702.7513017685582,0.11764705882352941,0.1555944055944056,0.5711305361305361,0.6537908916553246,370,5,483,2156,3145,2775
0.012346800564432367,0.9866666666666667,0.9866666666666667,702.4253503298901,0.11768447837150127,0.1555944055944056,0.5711305361305361,0.653915860413135,370,5,483,2155,3144,2774
0.01235070339819893,0.9866666666666667,0.9866666666666667,702.0993988912219,0.11772192173083042,0.1555944055944056,0.5711305361305361,0.6540408291709456,370,5,483,2154,3143,2773
0.012379925705762521,0.9866666666666667,0.9866666666666667,701.7734474525537,0.11775938892425207,0.1555944055944056,0.5711305361305361,0.6541657979287562,370,5,483,2153,3142,2772
0.012399776483304974,0.9866666666666667,0.9866666666666667,701.4474960138856,0.11779687997453041,0.1555944055944056,0.5711305361305361,0.6542907666865667,370,5,483,2152,3141,2771
0.01242064127832769,0.9866666666666667,0.9866666666666667,701.4474960138856,0.1178343949044586,0.1555944055944056,0.5711305361305361,0.6544157354443773,370,5,483,2152,3140,2770
0.01243225520170023,0.9866666666666667,0.9866666666666667,701.1215445752174,0.11787193373685888,0.1555944055944056,0.5711305361305361,0.6545407042021878,370,5,483,2151,3139,2769
0.012442018155421529,0.9866666666666667,0.9866666666666667,700.7955931365492,0.11790949649458253,0.1555944055944056,0.5711305361305361,0.6546656729599983,370,5,483,2150,3138,2768
0.012443198386807642,0.9866666666666667,0.9866666666666667,700.4696416978811,0.11794708320051005,0.1555944055944056,0.5711305361305361,0.6547906417178089,370,5,483,2149,3137,2767
0.012453422437704737,0.9866666666666667,0.9866666666666667,700.1436902592129,0.11798469387755102,0.1555944055944056,0.5711305361305361,0.6549156104756194,370,5,483,2148,3136,2766
0.012470694872363759,0.9866666666666667,0.9866666666666667,699.8177388205447,0.11802232854864433,0.1555944055944056,0.5711305361305361,0.65504057923343,370,5,483,2147,3135,2765
0.012500418512349783,0.9866666666666667,0.9866666666666667,699.4917873818766,0.11805998723675813,0.1555944055944056,0.5711305361305361,0.6551655479912405,370,5,483,2146,3134,2764
0.012502590878292441,0.9866666666666667,0.9866666666666667,699.1658359432084,0.11809766996488988,0.1555944055944056,0.5711305361305361,0.655290516749051,370,5,483,2145,3133,2763
0.01250697532045057,0.9866666666666667,0.9866666666666667,698.8398845045402,0.11813537675606642,0.15734265734265734,0.572004662004662,0.6554154855068617,370,5,482,2144,3132,2762
0.012531409865883554,0.9866666666666667,0.9866666666666667,698.513933065872,0.11817310763334397,0.15734265734265734,0.572004662004662,0.6555404542646721,370,5,482,2143,3131,2761
0.012562795174136117,0.9866666666666667,0.9866666666666667,698.187981627204,0.1182108626198083,0.15734265734265734,0.572004662004662,0.6556654230224828,370,5,482,2142,3130,2760
0.012566240969309804,0.9866666666666667,0.9866666666666667,697.8620301885358,0.11824864173857462,0.15734265734265734,0.572004662004662,0.6557903917802933,370,5,482,2141,3129,2759
0.012573315415627223,0.9866666666666667,0.9866666666666667,697.5360787498676,0.11828644501278772,0.15734265734265734,0.572004662004662,0.6559153605381038,370,5,482,2140,3128,2758
0.012574632100706268,0.9866666666666667,0.9866666666666667,697.2101273111995,0.11832427246562201,0.15734265734265734,0.572004662004662,0.6560403292959144,370,5,482,2139,3127,2757
0.01257711045637097,0.9866666666666667,0.9866666666666667,696.8841758725313,0.1183621241202815,0.15734265734265734,0.572004662004662,0.6561652980537249,370,5,482,2138,3126,2756
0.012591387019575837,0.9866666666666667,0.9866666666666667,696.5582244338631,0.1184,0.15734265734265734,0.572004662004662,0.6562902668115355,370,5,482,2137,3125,2755
0.01259255822016471,0.9866666666666667,0.9866666666666667,696.232272995195,0.11843790012804098,0.15734265734265734,0.572004662004662,0.656415235569346,370,5,482,2136,3124,2754
0.012602528540328497,0.9866666666666667,0.9866666666666667,695.9063215565268,0.11847582452769773,0.1590909090909091,0.5728787878787879,0.6565402043271565,370,5,481,2135,3123,2753
0.012613926549823188,0.9866666666666667,0.9866666666666667,695.5803701178586,0.1185137732222934,0.1590909090909091,0.5728787878787879,0.6566651730849671,370,5,481,2134,3122,2752
0.012629979558773517,0.9866666666666667,0.9866666666666667,695.2544186791905,0.11855174623518103,0.1590909090909091,0.5728787878787879,0.6567901418427776,370,5,481,2133,3121,2751
0.012631372231693565,0.9866666666666667,0.9866666666666667,695.2544186791905,0.11858974358974358,0.1590909090909091,0.5728787878787879,0.6569151106005882,370,5,481,2133,3120,2750
0.012632260150748047,0.9866666666666667,0.9866666666666667,694.9284672405223,0.11862776530939403,0.1590909090909091,0.5728787878787879,0.6570400793583987,370,5,481,2132,3119,2749
0.012642992524737919,0.9866666666666667,0.9866666666666667,694.6025158018541,0.11866581141757537,0.1590909090909091,0.5728787878787879,0.6571650481162092,370,5,481,2131,3118,2748
0.012698523345693772,0.9866666666666667,0.9866666666666667,694.276564363186,0.11870388193776067,0.1590909090909091,0.5728787878787879,0.6572900168740199,370,5,481,2130,3117,2747
0.012710922342526977,0.9866666666666667,0.9866666666666667,693.9506129245178,0.11874197689345314,0.1590909090909091,0.5728787878787879,0.6574149856318303,370,5,481,2129,3116,2746
0.012726451634473133,0.9866666666666667,0.9866666666666667,693.6246614858496,0.1187800963081862,0.1590909090909091,0.5728787878787879,0.657539954389641,370,5,481,2128,3115,2745
0.012735361273827432,0.9866666666666667,0.9866666666666667,693.2987100471815,0.11881824020552344,0.1590909090909091,0.5728787878787879,0.6576649231474515,370,5,481,2127,3114,2744
0.012735591422947229,0.9866666666666667,0.9866666666666667,692.9727586085133,0.11885640860905879,0.1590909090909091,0.5728787878787879,0.657789891905262,370,5,481,2126,3113,2743
0.012744435804989787,0.9866666666666667,0.9866666666666667,692.6468071698451,0.11889460154241645,0.1590909090909091,0.5728787878787879,0.6579148606630726,370,5,481,2125,3112,2742
0.01280209416118873,0.9866666666666667,0.9866666666666667,692.3208557311771,0.11893281902925104,0.1590909090909091,0.5728787878787879,0.6580398294208831,370,5,481,2124,3111,2741
0.012815004184723703,0.9866666666666667,0.9866666666666667,691.9949042925089,0.1189710610932476,0.1590909090909091,0.5728787878787879,0.6581647981786937,370,5,481,2123,3110,2740
0.012828156882893106,0.9866666666666667,0.9866666666666667,691.6689528538407,0.11900932775812158,0.1590909090909091,0.5728787878787879,0.6582897669365042,370,5,481,2122,3109,2739
0.012836881226846326,0.9866666666666667,0.9866666666666667,691.3430014151725,0.11904761904761904,0.1590909090909091,0.5728787878787879,0.6584147356943147,370,5,481,2121,3108,2738
0.012837863507336527,0.9866666666666667,0.9866666666666667,691.3430014151725,0.11908593498551658,0.1590909090909091,0.5728787878787879,0.6585397044521253,370,5,481,2121,3107,2737
0.012846262155524304,0.9866666666666667,0.9866666666666667,691.0170499765044,0.11912427559562137,0.1590909090909091,0.5728787878787879,0.6586646732099358,370,5,481,2120,3106,2736
0.012863191753702444,0.9866666666666667,0.9866666666666667,690.6910985378362,0.11916264090177134,0.1590909090909091,0.5728787878787879,0.6587896419677464,370,5,481,2119,3105,2735
0.01291940999530667,0.9866666666666667,0.9866666666666667,690.365147099168,0.11920103092783506,0.1590909090909091,0.5728787878787879,0.658914610725557,370,5,481,2118,3104,2734
0.012924673939837419,0.9866666666666667,0.9866666666666667,690.0391956604999,0.11923944569771189,0.1590909090909091,0.5728787878787879,0.6590395794833674,370,5,481,2117,3103,2733
0.012930125288277137,0.9866666666666667,0.9866666666666667,689.7132442218317,0.11927788523533205,0.1590909090909091,0.5728787878787879,0.6591645482411781,370,5,481,2116,3102,2732
0.012935588297383055,0.9866666666666667,0.9866666666666667,689.7132442218317,0.11931634956465656,0.1590909090909091,0.5728787878787879,0.6592895169989885,370,5,481,2116,3101,2731
0.012943289535129077,0.9866666666666667,0.9866666666666667,689.3872927831635,0.11935483870967742,0.16083916083916083,0.5737529137529138,0.6594144857567992,370,5,480,2115,3100,2730
0.012951760481518658,0.9866666666666667,0.9866666666666667,689.0613413444954,0.11939335269441756,0.16083916083916083,0.5737529137529138,0.6595394545146097,370,5,480,2114,3099,2729
0.012960757286173545,0.9866666666666667,0.9866666666666667,688.7353899058272,0.11943189154293092,0.16083916083916083,0.5737529137529138,0.6596644232724203,370,5,480,2113,3098,2728
0.01297327536907806,0.9866666666666667,0.9866666666666667,688.409438467159,0.11947045527930256,0.16083916083916083,0.5737529137529138,0.6597893920302308,370,5,480,2112,3097,2727
0.012984589598815965,0.9866666666666667,0.9866666666666667,688.0834870284909,0.11950904392764858,0.16083916083916083,0.5737529137529138,0.6599143607880413,370,5,480,2111,3096,2726
0.01298496379753337,0.9866666666666667,0.9866666666666667,687.7575355898227,0.11954765751211632,0.16083916083916083,0.5737529137529138,0.6600393295458519,370,5,480,2110,3095,2725
0.012986386897667408,0.9866666666666667,0.9866666666666667,687.4315841511545,0.1195862960568843,0.16083916083916083,0.5737529137529138,0.6601642983036624,370,5,480,2109,3094,2724
0.01300358315325362,0.9866666666666667,0.9866666666666667,687.1056327124865,0.1196249595861623,0.16083916083916083,0.5737529137529138,0.660289267061473,370,5,480,2108,3093,2723
0.013008945069174802,0.9866666666666667,0.9866666666666667,686.7796812738183,0.11966364812419146,0.16083916083916083,0.5737529137529138,0.6604142358192835,370,5,480,2107,3092,2722
0.0130090444432286,0.9866666666666667,0.9866666666666667,686.45372983515,0.11970236169524426,0.16083916083916083,0.5737529137529138,0.660539204577094,370,5,480,2106,3091,2721
0.013016653258377581,0.9866666666666667,0.9866666666666667,686.127778396482,0.11974110032362459,0.16083916083916083,0.5737529137529138,0.6606641733349046,370,5,480,2105,3090,2720
0.013028136686688766,0.9866666666666667,0.9866666666666667,685.8018269578138,0.11977986403366786,0.16083916083916083,0.5737529137529138,0.6607891420927152,370,5,480,2104,3089,2719
0.013058701076647045,0.9866666666666667,0.9866666666666667,685.4758755191456,0.11981865284974093,0.16258741258741258,0.5746270396270396,0.6609141108505256,370,5,479,2103,3088,2718
0.013093965819597212,0.9866666666666667,0.9866666666666667,685.1499240804774,0.1198574667962423,0.16258741258741258,0.5746270396270396,0.6610390796083363,370,5,479,2102,3087,2717
0.013127194717124455,0.9866666666666667,0.9866666666666667,684.8239726418093,0.11989630589760207,0.16258741258741258,0.5746270396270396,0.6611640483661468,370,5,479,2101,3086,2716
0.013131666672641928,0.9866666666666667,0.9866666666666667,684.4980212031411,0.11993517017828201,0.16258741258741258,0.5746270396270396,0.6612890171239574,370,5,479,2100,3085,2715
0.013143576130640542,0.9866666666666667,0.9866666666666667,684.1720697644729,0.11997405966277562,0.16258741258741258,0.5746270396270396,0.6614139858817679,370,5,479,2099,3084,2714
0.013144904039284179,0.9866666666666667,0.9866666666666667,683.8461183258048,0.12001297437560818,0.16258741258741258,0.5746270396270396,0.6615389546395785,370,5,479,2098,3083,2713
0.013145130919705615,0.9866666666666667,0.9866666666666667,683.5201668871366,0.12005191434133679,0.16258741258741258,0.5746270396270396,0.661663923397389,370,5,479,2097,3082,2712
0.013154477800687476,0.9866666666666667,0.9866666666666667,683.1942154484684,0.12009087958455048,0.16258741258741258,0.5746270396270396,0.6617888921551995,370,5,479,2096,3081,2711
0.013165828567908355,0.9866666666666667,0.9866666666666667,682.8682640098003,0.12012987012987013,0.16258741258741258,0.5746270396270396,0.6619138609130101,370,5,479,2095,3080,2710
0.013167809668557455,0.9866666666666667,0.9866666666666667,682.5423125711321,0.12016888600194868,0.16258741258741258,0.5746270396270396,0.6620388296708206,370,5,479,2094,3079,2709
0.013171609814019698,0.9866666666666667,0.9866666666666667,682.2163611324639,0.12020792722547108,0.16258741258741258,0.5746270396270396,0.6621637984286312,370,5,479,2093,3078,2708
0.01318283046117736,0.9866666666666667,0.9866666666666667,681.8904096937958,0.12024699382515437,0.16258741258741258,0.5746270396270396,0.6622887671864417,370,5,479,2092,3077,2707
0.013184218667297378,0.9866666666666667,0.9866666666666667,681.5644582551276,0.12028608582574772,0.16258741258741258,0.5746270396270396,0.6624137359442522,370,5,479,2091,3076,2706
0.01318893037852768,0.9866666666666667,0.9866666666666667,681.2385068164594,0.12032520325203253,0.16258741258741258,0.5746270396270396,0.6625387047020628,370,5,479,2090,3075,2705
0.013194484475592677,0.9866666666666667,0.9866666666666667,680.9125553777914,0.12036434612882238,0.16258741258741258,0.5746270396270396,0.6626636734598734,370,5,479,2089,3074,2704
0.013232518065490851,0.9866666666666667,0.9866666666666667,680.5866039391232,0.12040351448096323,0.16258741258741258,0.5746270396270396,0.6627886422176839,370,5,479,2088,3073,2703
0.013253779037533293,0.9866666666666667,0.9866666666666667,680.260652500455,0.12044270833333333,0.16258741258741258,0.5746270396270396,0.6629136109754945,370,5,479,2087,3072,2702
0.01326046372773131,0.9866666666666667,0.9866666666666667,679.9347010617869,0.12048192771084337,0.16258741258741258,0.5746270396270396,0.663038579733305,370,5,479,2086,3071,2701
0.013269739058499999,0.9866666666666667,0.9866666666666667,679.6087496231187,0.12052117263843648,0.16258741258741258,0.5746270396270396,0.6631635484911156,370,5,479,2085,3070,2700
0.013276714054403107,0.9866666666666667,0.9866666666666667,679.2827981844505,0.1205604431410883,0.16433566433566432,0.5755011655011655,0.6632885172489261,370,5,478,2084,3069,2699
0.013280004558582272,0.9866666666666667,0.9866666666666667,678.9568467457824,0.12059973924380704,0.16433566433566432,0.5755011655011655,0.6634134860067367,370,5,478,2083,3068,2698
0.013316810834407704,0.9866666666666667,0.9866666666666667,678.6308953071142,0.12063906097163352,0.16433566433566432,0.5755011655011655,0.6635384547645472,370,5,478,2082,3067,2697
0.01331940758600954,0.9866666666666667,0.9866666666666667,678.304943868446,0.12067840834964122,0.16433566433566432,0.5755011655011655,0.6636634235223577,370,5,478,2081,3066,2696
0.013320797140789542,0.9866666666666667,0.9866666666666667,677.9789924297778,0.12071778140293637,0.16433566433566432,0.5755011655011655,0.6637883922801683,370,5,478,2080,3065,2695
0.013321359353690264,0.9866666666666667,0.9866666666666667,677.6530409911097,0.12075718015665797,0.16433566433566432,0.5755011655011655,0.6639133610379788,370,5,478,2079,3064,2694
0.013359424998907344,0.9866666666666667,0.9866666666666667,677.3270895524415,0.1207966046359778,0.16433566433566432,0.5755011655011655,0.6640383297957894,370,5,478,2078,3063,2693
0.01337299168608715,0.9866666666666667,0.9866666666666667,677.0011381137733,0.12083605486610059,0.1660839160839161,0.5763752913752914,0.6641632985535999,370,5,477,2077,3062,2692
0.013386998019374239,0.9866666666666667,0.9866666666666667,676.6751866751052,0.12087553087226396,0.1660839160839161,0.5763752913752914,0.6642882673114106,370,5,477,2076,3061,2691
0.013395566013304452,0.9866666666666667,0.9866666666666667,676.349235236437,0.12091503267973856,0.1660839160839161,0.5763752913752914,0.664413236069221,370,5,477,2075,3060,2690
0.01339970670442615,0.9866666666666667,0.9866666666666667,676.0232837977688,0.12095456031382805,0.1660839160839161,0.5763752913752914,0.6645382048270316,370,5,477,2074,3059,2689
0.013427256866260619,0.9866666666666667,0.9866666666666667,676.0232837977688,0.1209941137998692,0.1660839160839161,0.5763752913752914,0.6646631735848421,370,5,477,2074,3058,2688
0.013428821865334456,0.9866666666666667,0.9866666666666667,675.6973323591008,0.12103369316323193,0.1660839160839161,0.5763752913752914,0.6647881423426527,370,5,477,2073,3057,2687
0.013435772075234333,0.9866666666666667,0.9866666666666667,675.3713809204326,0.12107329842931937,0.1660839160839161,0.5763752913752914,0.6649131111004632,370,5,477,2072,3056,2686
0.013453137657660501,0.9866666666666667,0.9866666666666667,675.0454294817644,0.12111292962356793,0.1660839160839161,0.5763752913752914,0.6650380798582738,370,5,477,2071,3055,2685
0.013476435574855925,0.9866666666666667,0.9866666666666667,674.7194780430963,0.12115258677144729,0.1660839160839161,0.5763752913752914,0.6651630486160843,370,5,477,2070,3054,2684
0.013498447506534677,0.9866666666666667,0.9866666666666667,674.3935266044281,0.12119226989846053,0.1660839160839161,0.5763752913752914,0.6652880173738949,370,5,477,2069,3053,2683
0.01350081127620835,0.9866666666666667,0.9866666666666667,674.0675751657599,0.12123197903014417,0.1660839160839161,0.5763752913752914,0.6654129861317054,370,5,477,2068,3052,2682
0.013533683812863006,0.9866666666666667,0.9866666666666667,673.7416237270918,0.12127171419206817,0.1660839160839161,0.5763752913752914,0.665537954889516,370,5,477,2067,3051,2681
0.013537598081622023,0.9866666666666667,0.9866666666666667,673.4156722884236,0.12131147540983607,0.1660839160839161,0.5763752913752914,0.6656629236473265,370,5,477,2066,3050,2680
0.013583943930373061,0.9866666666666667,0.9866666666666667,673.0897208497554,0.12135126270908494,0.1660839160839161,0.5763752913752914,0.665787892405137,370,5,477,2065,3049,2679
0.013596266651467624,0.9866666666666667,0.9866666666666667,672.7637694110873,0.12139107611548557,0.1660839160839161,0.5763752913752914,0.6659128611629476,370,5,477,2064,3048,2678
0.01360835380282148,0.9866666666666667,0.9866666666666667,672.4378179724191,0.12143091565474237,0.1660839160839161,0.5763752913752914,0.6660378299207581,370,5,477,2063,3047,2677
0.013624144167462687,0.9866666666666667,0.9866666666666667,672.1118665337509,0.12147078135259357,0.1660839160839161,0.5763752913752914,0.6661627986785688,370,5,477,2062,3046,2676
0.01363440558077571,0.9866666666666667,0.9866666666666667,671.7859150950828,0.12151067323481117,0.1660839160839161,0.5763752913752914,0.6662877674363792,370,5,477,2061,3045,2675
0.013637296734310949,0.9866666666666667,0.9866666666666667,671.4599636564146,0.12155059132720106,0.1660839160839161,0.5763752913752914,0.6664127361941898,370,5,477,2060,3044,2674
0.013649430533580786,0.9866666666666667,0.9866666666666667,671.1340122177464,0.12159053565560303,0.1660839160839161,0.5763752913752914,0.6665377049520004,370,5,477,2059,3043,2673
0.013672772653243483,0.9866666666666667,0.9866666666666667,670.8080607790782,0.12163050624589086,0.1660839160839161,0.5763752913752914,0.6666626737098109,370,5,477,2058,3042,2672
0.013702610726935743,0.9866666666666667,0.9866666666666667,670.4821093404101,0.12167050312397237,0.1660839160839161,0.5763752913752914,0.6667876424676215,370,5,477,2057,3041,2671
0.01370723344303789,0.9866666666666667,0.9866666666666667,670.156157901742,0.12171052631578948,0.1660839160839161,0.5763752913752914,0.666912611225432,370,5,477,2056,3040,2670
0.013717749761380823,0.9866666666666667,0.9866666666666667,669.8302064630738,0.1217505758473182,0.1660839160839161,0.5763752913752914,0.6670375799832425,370,5,477,2055,3039,2669
0.013726224627692718,0.9866666666666667,0.9866666666666667,669.5042550244057,0.1217906517445688,0.1660839160839161,0.5763752913752914,0.6671625487410531,370,5,477,2054,3038,2668
0.013736820221699229,0.9866666666666667,0.9866666666666667,669.1783035857375,0.12183075403358577,0.1660839160839161,0.5763752913752914,0.6672875174988636,370,5,477,2053,3037,2667
0.013756289050079626,0.9866666666666667,0.9866666666666667,668.8523521470693,0.12187088274044795,0.1660839160839161,0.5763752913752914,0.6674124862566742,370,5,477,2052,3036,2666
0.013758805255103725,0.9866666666666667,0.9866666666666667,668.5264007084012,0.12191103789126853,0.1660839160839161,0.5763752913752914,0.6675374550144847,370,5,477,2051,3035,2665
0.01376402709044573,0.9866666666666667,0.9866666666666667,668.200449269733,0.12195121951219512,0.1660839160839161,0.5763752913752914,0.6676624237722952,370,5,477,2050,3034,2664
0.013767583027123725,0.9866666666666667,0.9866666666666667,667.8744978310648,0.12199142762940983,0.1660839160839161,0.5763752913752914,0.6677873925301058,370,5,477,2049,3033,2663
0.013770174930786118,0.9866666666666667,0.9866666666666667,667.5485463923967,0.12203166226912929,0.1660839160839161,0.5763752913752914,0.6679123612879163,370,5,477,2048,3032,2662
0.013774137162777114,0.9866666666666667,0.9866666666666667,667.2225949537285,0.12207192345760474,0.1660839160839161,0.5763752913752914,0.668037330045727,370,5,477,2047,3031,2661
0.013778562707740475,0.9866666666666667,0.9866666666666667,666.8966435150603,0.12211221122112212,0.1660839160839161,0.5763752913752914,0.6681622988035374,370,5,477,2046,3030,2660
0.013785651224559051,0.9866666666666667,0.9866666666666667,666.5706920763922,0.12215252558600198,0.1660839160839161,0.5763752913752914,0.668287267561348,370,5,477,2045,3029,2659
0.013800644026841396,0.9866666666666667,0.9866666666666667,666.244740637724,0.12219286657859973,0.1660839160839161,0.5763752913752914,0.6684122363191586,370,5,477,2044,3028,2658
0.013825301562251667,0.9866666666666667,0.9866666666666667,665.9187891990558,0.12223323422530559,0.1660839160839161,0.5763752913752914,0.6685372050769691,370,5,477,2043,3027,2657
0.013826689547589628,0.9866666666666667,0.9866666666666667,665.5928377603877,0.12227362855254462,0.1660839160839161,0.5763752913752914,0.6686621738347797,370,5,477,2042,3026,2656
0.013827764173114989,0.9866666666666667,0.9866666666666667,665.2668863217195,0.12231404958677686,0.1660839160839161,0.5763752913752914,0.6687871425925902,370,5,477,2041,3025,2655
0.013828121172748387,0.9866666666666667,0.9866666666666667,664.9409348830513,0.12235449735449735,0.1660839160839161,0.5763752913752914,0.6689121113504007,370,5,477,2040,3024,2654
0.013832200725862465,0.9866666666666667,0.9866666666666667,664.6149834443833,0.12239497188223619,0.1660839160839161,0.5763752913752914,0.6690370801082113,370,5,477,2039,3023,2653
0.013852415801101779,0.9866666666666667,0.9866666666666667,664.2890320057151,0.12243547319655856,0.1660839160839161,0.5763752913752914,0.6691620488660218,370,5,477,2038,3022,2652
0.013896008955582061,0.9866666666666667,0.9866666666666667,663.9630805670469,0.12247600132406487,0.1660839160839161,0.5763752913752914,0.6692870176238324,370,5,477,2037,3021,2651
0.013905243261826211,0.9866666666666667,0.9866666666666667,663.6371291283787,0.12251655629139073,0.1660839160839161,0.5763752913752914,0.6694119863816429,370,5,477,2036,3020,2650
0.013913598149120384,0.9866666666666667,0.9866666666666667,663.3111776897106,0.12255713812520702,0.1660839160839161,0.5763752913752914,0.6695369551394534,370,5,477,2035,3019,2649
0.013925334099841136,0.9866666666666667,0.9866666666666667,662.9852262510424,0.12259774685222001,0.1660839160839161,0.5763752913752914,0.6696619238972641,370,5,477,2034,3018,2648
0.013928907102993155,0.9866666666666667,0.9866666666666667,662.6592748123742,0.12263838249917136,0.1660839160839161,0.5763752913752914,0.6697868926550745,370,5,477,2033,3017,2647
0.013929344719722533,0.9866666666666667,0.9866666666666667,662.3333233737061,0.1226790450928382,0.1660839160839161,0.5763752913752914,0.6699118614128852,370,5,477,2032,3016,2646
0.013949104021854989,0.9866666666666667,0.9866666666666667,662.0073719350379,0.12271973466003316,0.1660839160839161,0.5763752913752914,0.6700368301706956,370,5,477,2031,3015,2645
0.014002961001463081,0.9866666666666667,0.9866666666666667,661.6814204963697,0.12276045122760451,0.1660839160839161,0.5763752913752914,0.6701617989285062,370,5,477,2030,3014,2644
0.014018848484240178,0.9866666666666667,0.9866666666666667,661.3554690577016,0.12280119482243611,0.1660839160839161,0.5763752913752914,0.6702867676863168,370,5,477,2029,3013,2643
0.014032936727959189,0.9866666666666667,0.9866666666666667,661.0295176190334,0.12284196547144755,0.1660839160839161,0.5763752913752914,0.6704117364441273,370,5,477,2028,3012,2642
0.014077372265216433,0.9866666666666667,0.9866666666666667,660.7035661803652,0.12288276320159415,0.1660839160839161,0.5763752913752914,0.6705367052019379,370,5,477,2027,3011,2641
0.014078509747106397,0.9866666666666667,0.9866666666666667,660.3776147416971,0.12292358803986711,0.1660839160839161,0.5763752913752914,0.6706616739597484,370,5,477,2026,3010,2640
0.014085933086477253,0.9866666666666667,0.9866666666666667,660.0516633030289,0.12296444001329346,0.1660839160839161,0.5763752913752914,0.670786642717559,370,5,477,2025,3009,2639
0.0140938189073915,0.9866666666666667,0.9866666666666667,659.7257118643607,0.12300531914893617,0.16783216783216784,0.5772494172494173,0.6709116114753695,370,5,476,2024,3008,2638
0.014098363171082016,0.9866666666666667,0.9866666666666667,659.3997604256926,0.12304622547389425,0.16783216783216784,0.5772494172494173,0.67103658023318,370,5,476,2023,3007,2637
0.01411886078249234,0.9866666666666667,0.9866666666666667,659.0738089870244,0.12308715901530273,0.16783216783216784,0.5772494172494173,0.6711615489909906,370,5,476,2022,3006,2636
0.014123650281193974,0.9866666666666667,0.9866666666666667,658.7478575483563,0.12312811980033278,0.16783216783216784,0.5772494172494173,0.6712865177488011,370,5,476,2021,3005,2635
0.014133405025008334,0.9866666666666667,0.9866666666666667,658.4219061096882,0.12316910785619174,0.16783216783216784,0.5772494172494173,0.6714114865066116,370,5,476,2020,3004,2634
0.014163577590022316,0.9866666666666667,0.9866666666666667,658.09595467102,0.12321012321012322,0.16783216783216784,0.5772494172494173,0.6715364552644223,370,5,476,2019,3003,2633
0.014175901499444636,0.9866666666666667,0.9866666666666667,657.7700032323518,0.12325116588940706,0.16783216783216784,0.5772494172494173,0.6716614240222327,370,5,476,2018,3002,2632
0.01418469278550917,0.9866666666666667,0.9866666666666667,657.4440517936836,0.12329223592135954,0.16783216783216784,0.5772494172494173,0.6717863927800434,370,5,476,2017,3001,2631
0.014186878603960248,0.9866666666666667,0.9866666666666667,657.1181003550155,0.12333333333333334,0.16783216783216784,0.5772494172494173,0.6719113615378539,370,5,476,2016,3000,2630
0.014198968259264868,0.9866666666666667,0.9866666666666667,656.7921489163473,0.12337445815271757,0.16783216783216784,0.5772494172494173,0.6720363302956645,370,5,476,2015,2999,2629
0.014212662317502397,0.9866666666666667,0.9866666666666667,656.4661974776791,0.12341561040693796,0.16783216783216784,0.5772494172494173,0.672161299053475,370,5,476,2014,2998,2628
0.014225932727776109,0.9866666666666667,0.9866666666666667,656.140246039011,0.12345679012345678,0.16783216783216784,0.5772494172494173,0.6722862678112855,370,5,476,2013,2997,2627
0.014227645683858037,0.9866666666666667,0.9866666666666667,655.8142946003428,0.12349799732977303,0.16783216783216784,0.5772494172494173,0.6724112365690961,370,5,476,2012,2996,2626
0.014236456724327167,0.9866666666666667,0.9866666666666667,655.4883431616746,0.12353923205342238,0.16958041958041958,0.5781235431235432,0.6725362053269066,370,5,475,2011,2995,2625
0.014236532176761834,0.9866666666666667,0.9866666666666667,655.1623917230065,0.12358049432197729,0.16958041958041958,0.5781235431235432,0.6726611740847172,370,5,475,2010,2994,2624
0.014269944957528018,0.9866666666666667,0.9866666666666667,654.8364402843383,0.12362178416304712,0.16958041958041958,0.5781235431235432,0.6727861428425277,370,5,475,2009,2993,2623
0.014271005729061833,0.9866666666666667,0.9866666666666667,654.5104888456701,0.12366310160427807,0.16958041958041958,0.5781235431235432,0.6729111116003382,370,5,475,2008,2992,2622
0.01428098078148055,0.9866666666666667,0.9866666666666667,654.184537407002,0.1237044466733534,0.16958041958041958,0.5781235431235432,0.6730360803581488,370,5,475,2007,2991,2621
0.014284086890553778,0.9866666666666667,0.9866666666666667,653.8585859683338,0.12374581939799331,0.16958041958041958,0.5781235431235432,0.6731610491159593,370,5,475,2006,2990,2620
0.014286530217294037,0.9866666666666667,0.9866666666666667,653.5326345296656,0.12378721980595517,0.16958041958041958,0.5781235431235432,0.6732860178737698,370,5,475,2005,2989,2619
0.014294163313178083,0.9866666666666667,0.9866666666666667,653.2066830909976,0.12382864792503347,0.16958041958041958,0.5781235431235432,0.6734109866315805,370,5,475,2004,2988,2618
0.014299954712743954,0.9866666666666667,0.9866666666666667,652.8807316523294,0.12387010378305993,0.16958041958041958,0.5781235431235432,0.6735359553893909,370,5,475,2003,2987,2617
0.014306281832378531,0.9866666666666667,0.9866666666666667,652.5547802136612,0.12391158740790355,0.16958041958041958,0.5781235431235432,0.6736609241472016,370,5,475,2002,2986,2616
0.014319468876092516,0.9866666666666667,0.9866666666666667,652.2288287749931,0.12395309882747069,0.16958041958041958,0.5781235431235432,0.6737858929050121,370,5,475,2001,2985,2615
0.014355534506919173,0.9866666666666667,0.9866666666666667,651.9028773363249,0.1239946380697051,0.16958041958041958,0.5781235431235432,0.6739108616628227,370,5,475,2000,2984,2614
0.014355991497037946,0.9866666666666667,0.9866666666666667,651.5769258976567,0.124036205162588,0.16958041958041958,0.5781235431235432,0.6740358304206332,370,5,475,1999,2983,2613
0.01437293516069161,0.9866666666666667,0.9866666666666667,651.2509744589886,0.12407780013413816,0.17132867132867133,0.578997668997669,0.6741607991784437,370,5,474,1998,2982,2612
0.014383790157652683,0.9866666666666667,0.9866666666666667,650.9250230203204,0.12411942301241194,0.17132867132867133,0.578997668997669,0.6742857679362543,370,5,474,1997,2981,2611
0.014385536107414663,0.9866666666666667,0.9866666666666667,650.5990715816522,0.12416107382550336,0.17132867132867133,0.578997668997669,0.6744107366940648,370,5,474,1996,2980,2610
0.014412455198717738,0.9866666666666667,0.9866666666666667,650.273120142984,0.12420275260154415,0.17132867132867133,0.578997668997669,0.6745357054518754,370,5,474,1995,2979,2609
0.014426884675680431,0.9866666666666667,0.9866666666666667,650.273120142984,0.12424445936870383,0.17132867132867133,0.578997668997669,0.6746606742096859,370,5,474,1995,2978,2608
0.014427002395047883,0.9866666666666667,0.9866666666666667,649.9471687043159,0.1242861941551898,0.17132867132867133,0.578997668997669,0.6747856429674964,370,5,474,1994,2977,2607
0.014433430022097897,0.9866666666666667,0.9866666666666667,649.6212172656477,0.12432795698924731,0.17132867132867133,0.578997668997669,0.674910611725307,370,5,474,1993,2976,2606
0.01444479143705339,0.9866666666666667,0.9866666666666667,649.2952658269795,0.12436974789915967,0.17132867132867133,0.578997668997669,0.6750355804831176,370,5,474,1992,2975,2605
0.014446947219487288,0.9866666666666667,0.9866666666666667,648.9693143883114,0.12441156691324814,0.17132867132867133,0.578997668997669,0.675160549240928,370,5,474,1991,2974,2604
0.01444753191319036,0.9866666666666667,0.9866666666666667,648.6433629496432,0.12445341405987219,0.17132867132867133,0.578997668997669,0.6752855179987387,370,5,474,1990,2973,2603
0.01444849639119772,0.9866666666666667,0.9866666666666667,648.6433629496432,0.12449528936742935,0.17132867132867133,0.578997668997669,0.6754104867565491,370,5,474,1990,2972,2602
0.01445728867162003,0.9866666666666667,0.9866666666666667,648.6433629496432,0.12453719286435544,0.17132867132867133,0.578997668997669,0.6755354555143598,370,5,474,1990,2971,2601
0.014460910470998472,0.9866666666666667,0.9866666666666667,648.317411510975,0.12457912457912458,0.17132867132867133,0.578997668997669,0.6756604242721703,370,5,474,1989,2970,2600
0.014513537409343576,0.9866666666666667,0.9866666666666667,647.991460072307,0.12462108454024924,0.17132867132867133,0.578997668997669,0.6757853930299809,370,5,474,1988,2969,2599
0.014514387884274643,0.9866666666666667,0.9866666666666667,647.6655086336388,0.12466307277628032,0.17132867132867133,0.578997668997669,0.6759103617877914,370,5,474,1987,2968,2598
0.01451927641109528,0.9866666666666667,0.9866666666666667,647.3395571949706,0.12470508931580722,0.17132867132867133,0.578997668997669,0.6760353305456019,370,5,474,1986,2967,2597
0.01454218311785655,0.9866666666666667,0.9866666666666667,647.0136057563025,0.12474713418745785,0.17132867132867133,0.578997668997669,0.6761602993034125,370,5,474,1985,2966,2596
0.014542882344915112,0.9866666666666667,0.9866666666666667,646.6876543176343,0.12478920741989882,0.17132867132867133,0.578997668997669,0.676285268061223,370,5,474,1984,2965,2595
0.01454825991660433,0.9866666666666667,0.9866666666666667,646.3617028789661,0.12483130904183536,0.17132867132867133,0.578997668997669,0.6764102368190336,370,5,474,1983,2964,2594
0.014561036567201936,0.9866666666666667,0.9866666666666667,646.035751440298,0.12487343908201147,0.17132867132867133,0.578997668997669,0.6765352055768441,370,5,474,1982,2963,2593
0.014579744868062438,0.9866666666666667,0.9866666666666667,645.7098000016298,0.12491559756920999,0.17132867132867133,0.578997668997669,0.6766601743346546,370,5,474,1981,2962,2592
0.014610564591948398,0.9866666666666667,0.9866666666666667,645.3838485629616,0.12495778453225262,0.17132867132867133,0.578997668997669,0.6767851430924652,370,5,474,1980,2961,2591
0.014627809862957397,0.9866666666666667,0.9866666666666667,645.0578971242935,0.125,0.17132867132867133,0.578997668997669,0.6769101118502758,370,5,474,1979,2960,2590
0.014633445492309003,0.9866666666666667,0.9866666666666667,644.7319456856253,0.1250422440013518,0.17132867132867133,0.578997668997669,0.6770350806080863,370,5,474,1978,2959,2589
0.014671714348514015,0.9866666666666667,0.9866666666666667,644.4059942469571,0.1250845165652468,0.17307692307692307,0.5798717948717949,0.6771600493658969,370,5,473,1977,2958,2588
0.014679212020787685,0.9866666666666667,0.9866666666666667,644.080042808289,0.12512681772066284,0.17307692307692307,0.5798717948717949,0.6772850181237074,370,5,473,1976,2957,2587
0.014680208037104708,0.9866666666666667,0.9866666666666667,644.080042808289,0.12516914749661706,0.17307692307692307,0.5798717948717949,0.677409986881518,370,5,473,1976,2956,2586
0.014681740064319836,0.9866666666666667,0.9866666666666667,644.080042808289,0.12521150592216582,0.17307692307692307,0.5798717948717949,0.6775349556393285,370,5,473,1976,2955,2585
0.014692222876852292,0.9866666666666667,0.9866666666666667,643.7540913696208,0.12525389302640488,0.17307692307692307,0.5798717948717949,0.6776599243971391,370,5,473,1975,2954,2584
0.014708308176137894,0.9866666666666667,0.9866666666666667,643.4281399309526,0.12529630883846934,0.17307692307692307,0.5798717948717949,0.6777848931549496,370,5,473,1974,2953,2583
0.01471161035659302,0.9866666666666667,0.9866666666666667,643.1021884922844,0.12533875338753386,0.17307692307692307,0.5798717948717949,0.6779098619127601,370,5,473,1973,2952,2582
0.014726779473894449,0.9866666666666667,0.9866666666666667,642.7762370536163,0.1253812267028126,0.17307692307692307,0.5798717948717949,0.6780348306705707,370,5,473,1972,2951,2581
0.014738663493692454,0.9866666666666667,0.9866666666666667,642.4502856149481,0.12542372881355932,0.17307692307692307,0.5798717948717949,0.6781597994283812,370,5,473,1971,2950,2580
0.014747874900473681,0.9866666666666667,0.9866666666666667,642.12433417628,0.12546625974906747,0.17307692307692307,0.5798717948717949,0.6782847681861918,370,5,473,1970,2949,2579
0.014755640099696536,0.9866666666666667,0.9866666666666667,641.7983827376119,0.1255088195386703,0.17307692307692307,0.5798717948717949,0.6784097369440023,370,5,473,1969,2948,2578
0.014783891631784656,0.9866666666666667,0.9866666666666667,641.4724312989437,0.12555140821174077,0.17307692307692307,0.5798717948717949,0.6785347057018128,370,5,473,1968,2947,2577
0.014791895378720492,0.9866666666666667,0.9866666666666667,641.1464798602755,0.12559402579769177,0.17307692307692307,0.5798717948717949,0.6786596744596234,370,5,473,1967,2946,2576
0.014803027751116126,0.9866666666666667,0.9866666666666667,640.8205284216074,0.12563667232597622,0.17307692307692307,0.5798717948717949,0.678784643217434,370,5,473,1966,2945,2575
0.014818501683770639,0.9866666666666667,0.9866666666666667,640.4945769829392,0.12567934782608695,0.17307692307692307,0.5798717948717949,0.6789096119752445,370,5,473,1965,2944,2574
0.014824163823638317,0.9866666666666667,0.9866666666666667,640.168625544271,0.12572205232755693,0.17307692307692307,0.5798717948717949,0.6790345807330551,370,5,473,1964,2943,2573
0.014847102299030518,0.9866666666666667,0.9866666666666667,639.8426741056029,0.1257647858599592,0.17307692307692307,0.5798717948717949,0.6791595494908657,370,5,473,1963,2942,2572
0.014866828853775738,0.9866666666666667,0.9866666666666667,639.5167226669347,0.12580754845290718,0.17307692307692307,0.5798717948717949,0.6792845182486762,370,5,473,1962,2941,2571
0.014901159881377923,0.9866666666666667,0.9866666666666667,639.1907712282665,0.12585034013605442,0.17307692307692307,0.5798717948717949,0.6794094870064867,370,5,473,1961,2940,2570
0.014902703770898992,0.9866666666666667,0.9866666666666667,638.8648197895984,0.12589316093909492,0.17307692307692307,0.5798717948717949,0.6795344557642973,370,5,473,1960,2939,2569
0.014917445316128946,0.9866666666666667,0.9866666666666667,638.5388683509302,0.1259360108917631,0.17307692307692307,0.5798717948717949,0.6796594245221078,370,5,473,1959,2938,2568
0.014920240155872436,0.9866666666666667,0.9866666666666667,638.212916912262,0.12597889002383383,0.17307692307692307,0.5798717948717949,0.6797843932799184,370,5,473,1958,2937,2567
0.014955907067103104,0.9866666666666667,0.9866666666666667,637.8869654735939,0.12602179836512262,0.17307692307692307,0.5798717948717949,0.6799093620377289,370,5,473,1957,2936,2566
0.015024667298330543,0.9866666666666667,0.9866666666666667,637.8869654735939,0.1260647359454855,0.17307692307692307,0.5798717948717949,0.6800343307955394,370,5,473,1957,2935,2565
0.015024895658369074,0.9866666666666667,0.9866666666666667,637.5610140349257,0.12610770279481937,0.17307692307692307,0.5798717948717949,0.68015929955335,370,5,473,1956,2934,2564
0.015029999408328195,0.9866666666666667,0.9866666666666667,637.2350625962575,0.12615069894306172,0.17307692307692307,0.5798717948717949,0.6802842683111605,370,5,473,1955,2933,2563
0.015031549818474915,0.9866666666666667,0.9866666666666667,636.9091111575893,0.126193724420191,0.17307692307692307,0.5798717948717949,0.6804092370689712,370,5,473,1954,2932,2562
0.015046977254696966,0.9866666666666667,0.9866666666666667,636.9091111575893,0.12623677925622653,0.17307692307692307,0.5798717948717949,0.6805342058267816,370,5,473,1954,2931,2561
0.015064115671086363,0.9866666666666667,0.9866666666666667,636.5831597189213,0.12627986348122866,0.17307692307692307,0.5798717948717949,0.6806591745845922,370,5,473,1953,2930,2560
0.015081311684949578,0.9866666666666667,0.9866666666666667,636.257208280253,0.12632297712529875,0.17307692307692307,0.5798717948717949,0.6807841433424027,370,5,473,1952,2929,2559
0.015083938344275176,0.9866666666666667,0.9866666666666667,636.257208280253,0.12636612021857924,0.17307692307692307,0.5798717948717949,0.6809091121002133,370,5,473,1952,2928,2558
0.015095309521500382,0.9866666666666667,0.9866666666666667,635.9312568415849,0.12640929279125385,0.17307692307692307,0.5798717948717949,0.6810340808580239,370,5,473,1951,2927,2557
0.01509770240869721,0.9866666666666667,0.9866666666666667,635.6053054029168,0.1264524948735475,0.17307692307692307,0.5798717948717949,0.6811590496158344,370,5,473,1950,2926,2556
0.015102997351515494,0.9866666666666667,0.9866666666666667,635.2793539642486,0.1264957264957265,0.17307692307692307,0.5798717948717949,0.6812840183736449,370,5,473,1949,2925,2555
0.015116990520342452,0.9866666666666667,0.9866666666666667,634.9534025255804,0.1265389876880985,0.17307692307692307,0.5798717948717949,0.6814089871314555,370,5,473,1948,2924,2554
0.015124778260550623,0.9866666666666667,0.9866666666666667,634.6274510869123,0.12658227848101267,0.17307692307692307,0.5798717948717949,0.681533955889266,370,5,473,1947,2923,2553
0.015167151514086768,0.9866666666666667,0.9866666666666667,634.6274510869123,0.1266255989048597,0.17307692307692307,0.5798717948717949,0.6816589246470766,370,5,473,1947,2922,2552
0.015167158058329524,0.9866666666666667,0.9866666666666667,634.3014996482441,0.1266689489900719,0.17307692307692307,0.5798717948717949,0.6817838934048871,370,5,473,1946,2921,2551
0.015172167367462725,0.9866666666666667,0.9866666666666667,633.9755482095759,0.1267123287671233,0.17307692307692307,0.5798717948717949,0.6819088621626976,370,5,473,1945,2920,2550
0.015174579655737081,0.9866666666666667,0.9866666666666667,633.6495967709078,0.12675573826652964,0.17307692307692307,0.5798717948717949,0.6820338309205082,370,5,473,1944,2919,2549
0.015184595424983514,0.9866666666666667,0.9866666666666667,633.3236453322396,0.12679917751884853,0.17307692307692307,0.5798717948717949,0.6821587996783187,370,5,473,1943,2918,2548
0.015186904062065286,0.9866666666666667,0.9866666666666667,632.9976938935714,0.12684264655467947,0.17307692307692307,0.5798717948717949,0.6822837684361294,370,5,473,1942,2917,2547
0.015188462654252246,0.9866666666666667,0.9866666666666667,632.6717424549033,0.12688614540466392,0.17307692307692307,0.5798717948717949,0.6824087371939398,370,5,473,1941,2916,2546
0.015204301490861301,0.9866666666666667,0.9866666666666667,632.3457910162351,0.1269296740994854,0.17307692307692307,0.5798717948717949,0.6825337059517504,370,5,473,1940,2915,2545
0.015208137881851219,0.9866666666666667,0.9866666666666667,632.0198395775669,0.1269732326698696,0.17307692307692307,0.5798717948717949,0.682658674709561,370,5,473,1939,2914,2544
0.015224585773402195,0.9866666666666667,0.9866666666666667,631.6938881388988,0.12701682114658427,0.17307692307692307,0.5798717948717949,0.6827836434673715,370,5,473,1938,2913,2543
0.015225580110831026,0.9866666666666667,0.9866666666666667,631.3679367002306,0.12706043956043955,0.17307692307692307,0.5798717948717949,0.6829086122251821,370,5,473,1937,2912,2542
0.015227786357296763,0.9866666666666667,0.9866666666666667,631.0419852615624,0.12710408794228786,0.17307692307692307,0.5798717948717949,0.6830335809829926,370,5,473,1936,2911,2541
0.015251698874256864,0.9866666666666667,0.9866666666666667,630.7160338228944,0.12714776632302405,0.17307692307692307,0.5798717948717949,0.6831585497408031,370,5,473,1935,2910,2540
0.015262733725914737,0.9866666666666667,0.9866666666666667,630.3900823842262,0.1271914747335854,0.17307692307692307,0.5798717948717949,0.6832835184986137,370,5,473,1934,2909,2539
0.015268601617591738,0.9866666666666667,0.9866666666666667,630.064130945558,0.12723521320495185,0.17307692307692307,0.5798717948717949,0.6834084872564242,370,5,473,1933,2908,2538
0.01531740907026093,0.9866666666666667,0.9866666666666667,629.7381795068898,0.12727898176814587,0.17307692307692307,0.5798717948717949,0.6835334560142348,370,5,473,1932,2907,2537
0.015320600376149749,0.9866666666666667,0.9866666666666667,629.4122280682217,0.12732278045423262,0.17307692307692307,0.5798717948717949,0.6836584247720453,370,5,473,1931,2906,2536
0.01536728238712936,0.9866666666666667,0.9866666666666667,629.0862766295535,0.12736660929432014,0.17307692307692307,0.5798717948717949,0.6837833935298558,370,5,473,1930,2905,2535
0.015421517521507075,0.9866666666666667,0.9866666666666667,629.0862766295535,0.12741046831955924,0.17307692307692307,0.5798717948717949,0.6839083622876664,370,5,473,1930,2904,2534
0.01542774652219879,0.9866666666666667,0.9866666666666667,628.7603251908853,0.12745435756114365,0.17307692307692307,0.5798717948717949,0.6840333310454769,370,5,473,1929,2903,2533
0.015436622943679416,0.9866666666666667,0.9866666666666667,628.4343737522172,0.12749827705031014,0.17307692307692307,0.5798717948717949,0.6841582998032876,370,5,473,1928,2902,2532
0.01546187535106333,0.9866666666666667,0.9866666666666667,628.108422313549,0.12754222681833852,0.17307692307692307,0.5798717948717949,0.684283268561098,370,5,473,1927,2901,2531
0.015466162888221759,0.9866666666666667,0.9866666666666667,627.7824708748808,0.12758620689655173,0.17307692307692307,0.5798717948717949,0.6844082373189087,370,5,473,1926,2900,2530
0.015515428564208459,0.9866666666666667,0.9866666666666667,627.4565194362127,0.12763021731631596,0.17307692307692307,0.5798717948717949,0.6845332060767192,370,5,473,1925,2899,2529
0.01556536470735877,0.9866666666666667,0.9866666666666667,627.1305679975445,0.1276742581090407,0.17307692307692307,0.5798717948717949,0.6846581748345297,370,5,473,1924,2898,2528
0.0155701471846803,0.9866666666666667,0.9866666666666667,626.8046165588763,0.1277183293061788,0.17307692307692307,0.5798717948717949,0.6847831435923403,370,5,473,1923,2897,2527
0.015577288034691283,0.9866666666666667,0.9866666666666667,626.4786651202082,0.1277624309392265,0.17307692307692307,0.5798717948717949,0.6849081123501508,370,5,473,1922,2896,2526
0.01563327858190597,0.9866666666666667,0.9866666666666667,626.15271368154,0.12780656303972365,0.17307692307692307,0.5798717948717949,0.6850330811079614,370,5,473,1921,2895,2525
0.01565480613763943,0.9866666666666667,0.9866666666666667,626.15271368154,0.12785072563925362,0.17307692307692307,0.5798717948717949,0.6851580498657719,370,5,473,1921,2894,2524
0.015655438394110134,0.9866666666666667,0.9866666666666667,625.8267622428718,0.12789491876944348,0.17307692307692307,0.5798717948717949,0.6852830186235824,370,5,473,1920,2893,2523
0.015667916475443126,0.9866666666666667,0.9866666666666667,625.5008108042038,0.12793914246196403,0.17307692307692307,0.5798717948717949,0.685407987381393,370,5,473,1919,2892,2522
0.015687979716073525,0.9866666666666667,0.9866666666666667,625.1748593655356,0.12798339674852993,0.17307692307692307,0.5798717948717949,0.6855329561392035,370,5,473,1918,2891,2521
0.015691535094059322,0.9866666666666667,0.9866666666666667,624.8489079268674,0.12802768166089964,0.17307692307692307,0.5798717948717949,0.685657924897014,370,5,473,1917,2890,2520
0.015694303977193715,0.9866666666666667,0.9866666666666667,624.5229564881993,0.12807199723087573,0.17307692307692307,0.5798717948717949,0.6857828936548247,370,5,473,1916,2889,2519
0.015702461890155263,0.9866666666666667,0.9866666666666667,624.1970050495311,0.1281163434903047,0.17307692307692307,0.5798717948717949,0.6859078624126351,370,5,473,1915,2888,2518
0.01570703924783215,0.9866666666666667,0.9866666666666667,623.8710536108629,0.12816072047107724,0.17307692307692307,0.5798717948717949,0.6860328311704458,370,5,473,1914,2887,2517
0.015714092225245373,0.9866666666666667,0.9866666666666667,623.5451021721948,0.1282051282051282,0.17307692307692307,0.5798717948717949,0.6861577999282562,370,5,473,1913,2886,2516
0.015716253686831858,0.9866666666666667,0.9866666666666667,623.5451021721948,0.12824956672443674,0.17307692307692307,0.5798717948717949,0.6862827686860669,370,5,473,1913,2885,2515
0.01572764754319532,0.9866666666666667,0.9866666666666667,623.5451021721948,0.12829403606102635,0.17307692307692307,0.5798717948717949,0.6864077374438774,370,5,473,1913,2884,2514
0.015742595022643326,0.9866666666666667,0.9866666666666667,623.2191507335266,0.12833853624696498,0.17307692307692307,0.5798717948717949,0.6865327062016879,370,5,473,1912,2883,2513
0.015744546595728208,0.9866666666666667,0.9866666666666667,622.8931992948584,0.12838306731436502,0.17307692307692307,0.5798717948717949,0.6866576749594985,370,5,473,1911,2882,2512
0.015760358362149465,0.9866666666666667,0.9866666666666667,622.5672478561902,0.12842762929538354,0.17307692307692307,0.5798717948717949,0.686782643717309,370,5,473,1910,2881,2511
0.01577153966995617,0.9866666666666667,0.9866666666666667,622.2412964175221,0.1284722222222222,0.17307692307692307,0.5798717948717949,0.6869076124751196,370,5,473,1909,2880,2510
0.01577775594395963,0.9866666666666667,0.9866666666666667,621.9153449788539,0.12851684612712747,0.17307692307692307,0.5798717948717949,0.6870325812329301,370,5,473,1908,2879,2509
0.01580667746941216,0.9866666666666667,0.9866666666666667,621.5893935401857,0.12856150104239056,0.17307692307692307,0.5798717948717949,0.6871575499907406,370,5,473,1907,2878,2508
0.01582655005373011,0.9866666666666667,0.9866666666666667,621.2634421015176,0.1286061870003476,0.17307692307692307,0.5798717948717949,0.6872825187485512,370,5,473,1906,2877,2507
0.015829023225674043,0.9866666666666667,0.9866666666666667,620.9374906628494,0.1286509040333797,0.17307692307692307,0.5798717948717949,0.6874074875063617,370,5,473,1905,2876,2506
0.01583545040669254,0.9866666666666667,0.9866666666666667,620.9374906628494,0.12869565217391304,0.17307692307692307,0.5798717948717949,0.6875324562641723,370,5,473,1905,2875,2505
0.015837165111121713,0.9866666666666667,0.9866666666666667,620.9374906628494,0.12874043145441894,0.17307692307692307,0.5798717948717949,0.6876574250219829,370,5,473,1905,2874,2504
0.015851975240309152,0.9866666666666667,0.9866666666666667,620.6115392241812,0.12878524190741386,0.17307692307692307,0.5798717948717949,0.6877823937797933,370,5,473,1904,2873,2503
0.01587344221513185,0.9866666666666667,0.9866666666666667,620.2855877855131,0.1288300835654596,0.17307692307692307,0.5798717948717949,0.687907362537604,370,5,473,1903,2872,2502
0.015876213936803777,0.9866666666666667,0.9866666666666667,619.959636346845,0.12887495646116337,0.17307692307692307,0.5798717948717949,0.6880323312954145,370,5,473,1902,2871,2501
0.015892209279930913,0.9866666666666667,0.9866666666666667,619.6336849081767,0.1289198606271777,0.17307692307692307,0.5798717948717949,0.6881573000532251,370,5,473,1901,2870,2500
0.0158997907266326,0.9866666666666667,0.9866666666666667,619.3077334695087,0.12896479609620076,0.17307692307692307,0.5798717948717949,0.6882822688110356,370,5,473,1900,2869,2499
0.01590854096423122,0.9866666666666667,0.9866666666666667,618.9817820308405,0.1290097629009763,0.17307692307692307,0.5798717948717949,0.6884072375688461,370,5,473,1899,2868,2498
0.015934489353146307,0.9866666666666667,0.9866666666666667,618.6558305921723,0.1290547610742937,0.17307692307692307,0.5798717948717949,0.6885322063266567,370,5,473,1898,2867,2497
0.01593462722496891,0.9866666666666667,0.9866666666666667,618.3298791535042,0.12909979064898813,0.17307692307692307,0.5798717948717949,0.6886571750844672,370,5,473,1897,2866,2496
0.01594753522240483,0.9866666666666667,0.9866666666666667,618.3298791535042,0.12914485165794065,0.17307692307692307,0.5798717948717949,0.6887821438422778,370,5,473,1897,2865,2495
0.01597376709266661,0.9866666666666667,0.9866666666666667,618.003927714836,0.12918994413407822,0.17307692307692307,0.5798717948717949,0.6889071126000883,370,5,473,1896,2864,2494
0.015994038183807593,0.9866666666666667,0.9866666666666667,617.6779762761678,0.12923506811037375,0.17307692307692307,0.5798717948717949,0.6890320813578988,370,5,473,1895,2863,2493
0.01602827900980378,0.9866666666666667,0.9866666666666667,617.3520248374997,0.12928022361984626,0.17307692307692307,0.5798717948717949,0.6891570501157094,370,5,473,1894,2862,2492
0.016028298516413467,0.9866666666666667,0.9866666666666667,617.3520248374997,0.129325410695561,0.17307692307692307,0.5798717948717949,0.6892820188735199,370,5,473,1894,2861,2491
0.01603058064294453,0.9866666666666667,0.9866666666666667,617.0260733988315,0.12937062937062938,0.17307692307692307,0.5798717948717949,0.6894069876313305,370,5,473,1893,2860,2490
0.01603448821037491,0.9866666666666667,0.9866666666666667,616.7001219601633,0.12941587967820917,0.17307692307692307,0.5798717948717949,0.6895319563891411,370,5,473,1892,2859,2489
0.01603460558224505,0.9866666666666667,0.9866666666666667,616.7001219601633,0.12946116165150454,0.17307692307692307,0.5798717948717949,0.6896569251469515,370,5,473,1892,2858,2488
0.016048404563069246,0.9866666666666667,0.9866666666666667,616.3741705214951,0.1295064753237662,0.17307692307692307,0.5798717948717949,0.6897818939047622,370,5,473,1891,2857,2487
0.01606551015936484,0.9866666666666667,0.9866666666666667,616.048219082827,0.12955182072829133,0.17307692307692307,0.5798717948717949,0.6899068626625727,370,5,473,1890,2856,2486
0.016076124391163467,0.9866666666666667,0.9866666666666667,615.7222676441588,0.1295971978984238,0.17307692307692307,0.5798717948717949,0.6900318314203833,370,5,473,1889,2855,2485
0.016093145551269606,0.9866666666666667,0.9866666666666667,615.3963162054906,0.1296426068675543,0.17307692307692307,0.5798717948717949,0.6901568001781938,370,5,473,1888,2854,2484
0.016107931203367058,0.9866666666666667,0.9866666666666667,615.0703647668225,0.12968804766912023,0.17307692307692307,0.5798717948717949,0.6902817689360043,370,5,473,1887,2853,2483
0.01611512926138645,0.9866666666666667,0.9866666666666667,615.0703647668225,0.1297335203366059,0.17307692307692307,0.5798717948717949,0.6904067376938149,370,5,473,1887,2852,2482
0.016115202596486078,0.9866666666666667,0.9866666666666667,614.7444133281543,0.12977902490354262,0.17307692307692307,0.5798717948717949,0.6905317064516254,370,5,473,1886,2851,2481
0.016124140918739302,0.9866666666666667,0.9866666666666667,614.4184618894861,0.12982456140350876,0.17307692307692307,0.5798717948717949,0.690656675209436,370,5,473,1885,2850,2480
0.016129836843087466,0.9866666666666667,0.9866666666666667,614.092510450818,0.12987012987012986,0.17307692307692307,0.5798717948717949,0.6907816439672465,370,5,473,1884,2849,2479
0.01613786518447449,0.9866666666666667,0.9866666666666667,613.7665590121499,0.12991573033707865,0.17307692307692307,0.5798717948717949,0.690906612725057,370,5,473,1883,2848,2478
0.016140153821357105,0.9866666666666667,0.9866666666666667,613.4406075734817,0.12996136283807516,0.17307692307692307,0.5798717948717949,0.6910315814828676,370,5,473,1882,2847,2477
0.016144928688808114,0.9866666666666667,0.9866666666666667,613.1146561348136,0.13000702740688685,0.17307692307692307,0.5798717948717949,0.6911565502406782,370,5,473,1881,2846,2476
0.0161729129675494,0.9866666666666667,0.9866666666666667,612.7887046961454,0.13005272407732865,0.17307692307692307,0.5798717948717949,0.6912815189984887,370,5,473,1880,2845,2475
0.016185095830434013,0.9866666666666667,0.9866666666666667,612.4627532574772,0.13009845288326302,0.17307692307692307,0.5798717948717949,0.6914064877562993,370,5,473,1879,2844,2474
0.016194365024882664,0.9866666666666667,0.9866666666666667,612.1368018188091,0.13014421385860006,0.17307692307692307,0.5798717948717949,0.6915314565141097,370,5,473,1878,2843,2473
0.01619443509560472,0.9866666666666667,0.9866666666666667,611.8108503801409,0.1301900070372977,0.17307692307692307,0.5798717948717949,0.6916564252719204,370,5,473,1877,2842,2472
0.01622670522424115,0.9866666666666667,0.9866666666666667,611.4848989414727,0.13023583245336148,0.17307692307692307,0.5798717948717949,0.6917813940297309,370,5,473,1876,2841,2471
0.016234467001184947,0.9866666666666667,0.9866666666666667,611.1589475028046,0.13028169014084506,0.17307692307692307,0.5798717948717949,0.6919063627875415,370,5,473,1875,2840,2470
0.01625389821151211,0.9866666666666667,0.9866666666666667,610.8329960641364,0.13032758013384996,0.17307692307692307,0.5798717948717949,0.692031331545352,370,5,473,1874,2839,2469
0.016263009735619484,0.9866666666666667,0.9866666666666667,610.5070446254682,0.1303735024665257,0.17307692307692307,0.5798717948717949,0.6921563003031626,370,5,473,1873,2838,2468
0.016266869602028604,0.9866666666666667,0.9866666666666667,610.5070446254682,0.13041945717307016,0.17307692307692307,0.5798717948717949,0.6922812690609731,370,5,473,1873,2837,2467
0.0162832252198182,0.9866666666666667,0.9866666666666667,610.1810931868001,0.1304654442877292,0.17307692307692307,0.5798717948717949,0.6924062378187836,370,5,473,1872,2836,2466
0.01631672689790439,0.9866666666666667,0.9866666666666667,609.8551417481319,0.13051146384479717,0.17307692307692307,0.5798717948717949,0.6925312065765942,370,5,473,1871,2835,2465
0.01632368535254746,0.9866666666666667,0.9866666666666667,609.5291903094637,0.1305575158786168,0.17307692307692307,0.5798717948717949,0.6926561753344047,370,5,473,1870,2834,2464
0.01632634329744099,0.9866666666666667,0.9866666666666667,609.2032388707955,0.13060360042357924,0.17307692307692307,0.5798717948717949,0.6927811440922153,370,5,473,1869,2833,2463
0.016351665696783937,0.9866666666666667,0.9866666666666667,609.2032388707955,0.1306497175141243,0.17307692307692307,0.5798717948717949,0.6929061128500258,370,5,473,1869,2832,2462
0.016361274997078006,0.9866666666666667,0.9866666666666667,608.8772874321274,0.13069586718474038,0.17307692307692307,0.5798717948717949,0.6930310816078364,370,5,473,1868,2831,2461
0.0163814652091041,0.9866666666666667,0.9866666666666667,608.5513359934592,0.13074204946996468,0.17307692307692307,0.5798717948717949,0.6931560503656469,370,5,473,1867,2830,2460
0.01638373615100417,0.9866666666666667,0.9866666666666667,608.225384554791,0.13078826440438318,0.17307692307692307,0.5798717948717949,0.6932810191234575,370,5,473,1866,2829,2459
0.016385302520059267,0.9866666666666667,0.9866666666666667,608.225384554791,0.13083451202263083,0.17307692307692307,0.5798717948717949,0.6934059878812681,370,5,473,1866,2828,2458
0.01641550515168406,0.9866666666666667,0.9866666666666667,607.899433116123,0.13088079235939157,0.17307692307692307,0.5798717948717949,0.6935309566390786,370,5,473,1865,2827,2457
0.016424157952236545,0.9866666666666667,0.9866666666666667,607.5734816774548,0.13092710544939845,0.17307692307692307,0.5798717948717949,0.6936559253968891,370,5,473,1864,2826,2456
0.016424210376926887,0.9866666666666667,0.9866666666666667,607.2475302387866,0.13097345132743363,0.17307692307692307,0.5798717948717949,0.6937808941546997,370,5,473,1863,2825,2455
0.016451739854916925,0.9866666666666667,0.9866666666666667,606.9215788001185,0.13101983002832862,0.17307692307692307,0.5798717948717949,0.6939058629125102,370,5,473,1862,2824,2454
0.016452381233900876,0.9866666666666667,0.9866666666666667,606.5956273614503,0.13106624158696423,0.17307692307692307,0.5798717948717949,0.6940308316703208,370,5,473,1861,2823,2453
0.016455742448614752,0.9866666666666667,0.9866666666666667,606.2696759227821,0.13111268603827073,0.17307692307692307,0.5798717948717949,0.6941558004281313,370,5,473,1860,2822,2452
0.016481196461345993,0.9866666666666667,0.9866666666666667,606.2696759227821,0.13115916341722794,0.17307692307692307,0.5798717948717949,0.6942807691859418,370,5,473,1860,2821,2451
0.01650984377623796,0.9866666666666667,0.9866666666666667,605.943724484114,0.13120567375886524,0.17307692307692307,0.5798717948717949,0.6944057379437524,370,5,473,1859,2820,2450
0.016510176270148138,0.9866666666666667,0.9866666666666667,605.6177730454458,0.1312522170982618,0.17307692307692307,0.5798717948717949,0.6945307067015629,370,5,473,1858,2819,2449
0.016517917400084417,0.9866666666666667,0.9866666666666667,605.6177730454458,0.1312987934705465,0.17307692307692307,0.5798717948717949,0.6946556754593735,370,5,473,1858,2818,2448
0.016539658900541022,0.9866666666666667,0.9866666666666667,605.2918216067776,0.1313454029108981,0.17307692307692307,0.5798717948717949,0.694780644217184,370,5,473,1857,2817,2447
0.016559429307472406,0.9866666666666667,0.9866666666666667,604.9658701681095,0.13139204545454544,0.17307692307692307,0.5798717948717949,0.6949056129749946,370,5,473,1856,2816,2446
0.01656091795306674,0.9866666666666667,0.9866666666666667,604.6399187294413,0.13143872113676733,0.17307692307692307,0.5798717948717949,0.6950305817328051,370,5,473,1855,2815,2445
0.016567942836905845,0.9866666666666667,0.9866666666666667,604.3139672907731,0.13148542999289267,0.17307692307692307,0.5798717948717949,0.6951555504906157,370,5,473,1854,2814,2444
0.01657084624726494,0.9866666666666667,0.9866666666666667,603.988015852105,0.13153217205830076,0.17307692307692307,0.5798717948717949,0.6952805192484263,370,5,473,1853,2813,2443
0.016581800902608516,0.9866666666666667,0.9866666666666667,603.6620644134368,0.13157894736842105,0.17307692307692307,0.5798717948717949,0.6954054880062368,370,5,473,1852,2812,2442
0.016623702084085125,0.9866666666666667,0.9866666666666667,603.3361129747686,0.13162575595873355,0.17307692307692307,0.5798717948717949,0.6955304567640473,370,5,473,1851,2811,2441
0.016629823503673927,0.9866666666666667,0.9866666666666667,603.0101615361006,0.13167259786476868,0.17307692307692307,0.5798717948717949,0.6956554255218579,370,5,473,1850,2810,2440
0.016630181079903543,0.9866666666666667,0.9866666666666667,602.6842100974324,0.13171947312210752,0.17482517482517482,0.5807459207459208,0.6957803942796684,370,5,472,1849,2809,2439
0.016633146003866284,0.9866666666666667,0.9866666666666667,602.3582586587642,0.13176638176638178,0.17482517482517482,0.5807459207459208,0.695905363037479,370,5,472,1848,2808,2438
0.016669735445426225,0.9866666666666667,0.9866666666666667,602.032307220096,0.13181332383327396,0.17482517482517482,0.5807459207459208,0.6960303317952895,370,5,472,1847,2807,2437
0.016672460510358693,0.9866666666666667,0.9866666666666667,602.032307220096,0.13186029935851745,0.17482517482517482,0.5807459207459208,0.6961553005531,370,5,472,1847,2806,2436
0.016694688532456276,0.9866666666666667,0.9866666666666667,601.7063557814279,0.1319073083778966,0.17482517482517482,0.5807459207459208,0.6962802693109106,370,5,472,1846,2805,2435
0.01671935388295603,0.9866666666666667,0.9866666666666667,601.7063557814279,0.13195435092724678,0.17482517482517482,0.5807459207459208,0.6964052380687211,370,5,472,1846,2804,2434
0.016733874819464485,0.9866666666666667,0.9866666666666667,601.3804043427597,0.13200142704245452,0.17482517482517482,0.5807459207459208,0.6965302068265318,370,5,472,1845,2803,2433
0.016739637892376636,0.9866666666666667,0.9866666666666667,601.0544529040915,0.13204853675945752,0.17482517482517482,0.5807459207459208,0.6966551755843422,370,5,472,1844,2802,2432
0.016744096316277702,0.9866666666666667,0.9866666666666667,600.7285014654234,0.1320956801142449,0.17482517482517482,0.5807459207459208,0.6967801443421529,370,5,472,1843,2801,2431
0.016746394630157257,0.9866666666666667,0.9866666666666667,600.4025500267552,0.13214285714285715,0.17482517482517482,0.5807459207459208,0.6969051130999633,370,5,472,1842,2800,2430
0.016757263249824437,0.9866666666666667,0.9866666666666667,600.4025500267552,0.1321900678813862,0.17482517482517482,0.5807459207459208,0.6970300818577739,370,5,472,1842,2799,2429
0.0167921290068193,0.9866666666666667,0.9866666666666667,600.076598588087,0.1322373123659757,0.17482517482517482,0.5807459207459208,0.6971550506155845,370,5,472,1841,2798,2428
0.01679433520622208,0.9866666666666667,0.9866666666666667,599.7506471494189,0.1322845906328209,0.17482517482517482,0.5807459207459208,0.697280019373395,370,5,472,1840,2797,2427
0.01680986080536355,0.9866666666666667,0.9866666666666667,599.4246957107507,0.1323319027181688,0.17482517482517482,0.5807459207459208,0.6974049881312055,370,5,472,1839,2796,2426
0.01681794601545857,0.9866666666666667,0.9866666666666667,599.0987442720825,0.13237924865831843,0.17482517482517482,0.5807459207459208,0.6975299568890161,370,5,472,1838,2795,2425
0.016835701799075356,0.9866666666666667,0.9866666666666667,598.7727928334144,0.1324266284896206,0.17482517482517482,0.5807459207459208,0.6976549256468266,370,5,472,1837,2794,2424
0.016846357076555983,0.9866666666666667,0.9866666666666667,598.4468413947462,0.13247404224847834,0.17482517482517482,0.5807459207459208,0.6977798944046372,370,5,472,1836,2793,2423
0.016854176915118365,0.9866666666666667,0.9866666666666667,598.120889956078,0.13252148997134672,0.17482517482517482,0.5807459207459208,0.6979048631624477,370,5,472,1835,2792,2422
0.016857777361019413,0.9866666666666667,0.9866666666666667,598.120889956078,0.13256897169473308,0.17482517482517482,0.5807459207459208,0.6980298319202582,370,5,472,1835,2791,2421
0.016866247667076093,0.9866666666666667,0.9866666666666667,597.79493851741,0.13261648745519714,0.17482517482517482,0.5807459207459208,0.6981548006780688,370,5,472,1834,2790,2420
0.016870376554271878,0.9866666666666667,0.9866666666666667,597.4689870787417,0.13266403728935103,0.17482517482517482,0.5807459207459208,0.6982797694358793,370,5,472,1833,2789,2419
0.01687889550608548,0.9866666666666667,0.9866666666666667,597.1430356400735,0.1327116212338594,0.17482517482517482,0.5807459207459208,0.69840473819369,370,5,472,1832,2788,2418
0.016882099856257174,0.9866666666666667,0.9866666666666667,596.8170842014055,0.13275923932543954,0.17482517482517482,0.5807459207459208,0.6985297069515004,370,5,472,1831,2787,2417
0.016883795567019022,0.9866666666666667,0.9866666666666667,596.4911327627373,0.13280689160086145,0.17482517482517482,0.5807459207459208,0.6986546757093111,370,5,472,1830,2786,2416
0.016885142128291123,0.9866666666666667,0.9866666666666667,596.1651813240691,0.13285457809694792,0.17657342657342656,0.5816200466200466,0.6987796444671216,370,5,471,1829,2785,2415
0.016917418455465273,0.9866666666666667,0.9866666666666667,595.839229885401,0.13290229885057472,0.17657342657342656,0.5816200466200466,0.6989046132249321,370,5,471,1828,2784,2414
0.016918428915340757,0.9866666666666667,0.9866666666666667,595.5132784467328,0.1329500538986705,0.17657342657342656,0.5816200466200466,0.6990295819827427,370,5,471,1827,2783,2413
0.016923942079446083,0.9866666666666667,0.9866666666666667,595.1873270080646,0.13299784327821712,0.17657342657342656,0.5816200466200466,0.6991545507405532,370,5,471,1826,2782,2412
0.016939024579679118,0.9866666666666667,0.9866666666666667,594.8613755693964,0.13304566702624954,0.17657342657342656,0.5816200466200466,0.6992795194983638,370,5,471,1825,2781,2411
0.016939446299083612,0.9866666666666667,0.9866666666666667,594.5354241307283,0.13309352517985612,0.17657342657342656,0.5816200466200466,0.6994044882561743,370,5,471,1824,2780,2410
0.016943355484043007,0.9866666666666667,0.9866666666666667,594.2094726920601,0.1331414177761785,0.17657342657342656,0.5816200466200466,0.6995294570139848,370,5,471,1823,2779,2409
0.016946040828350887,0.9866666666666667,0.9866666666666667,593.8835212533919,0.1331893448524118,0.17657342657342656,0.5816200466200466,0.6996544257717954,370,5,471,1822,2778,2408
0.01695114716989631,0.9866666666666667,0.9866666666666667,593.5575698147238,0.13323730644580484,0.17657342657342656,0.5816200466200466,0.6997793945296059,370,5,471,1821,2777,2407
0.01696839919807759,0.9866666666666667,0.9866666666666667,593.5575698147238,0.13328530259365995,0.17657342657342656,0.5816200466200466,0.6999043632874165,370,5,471,1821,2776,2406
0.016976626623821975,0.9866666666666667,0.9866666666666667,593.2316183760556,0.13333333333333333,0.17657342657342656,0.5816200466200466,0.700029332045227,370,5,471,1820,2775,2405
0.01701235944024694,0.9866666666666667,0.9866666666666667,593.2316183760556,0.13338139870223503,0.17657342657342656,0.5816200466200466,0.7001543008030375,370,5,471,1820,2774,2404
0.01701577472605184,0.9866666666666667,0.9866666666666667,592.9056669373874,0.13342949873782906,0.17657342657342656,0.5816200466200466,0.7002792695608482,370,5,471,1819,2773,2403
0.017018103919374073,0.9866666666666667,0.9866666666666667,592.5797154987193,0.13347763347763347,0.17657342657342656,0.5816200466200466,0.7004042383186586,370,5,471,1818,2772,2402
0.017025991819168775,0.9866666666666667,0.9866666666666667,592.5797154987193,0.1335258029592205,0.17657342657342656,0.5816200466200466,0.7005292070764693,370,5,471,1818,2771,2401
0.017043281775854804,0.9866666666666667,0.9866666666666667,592.2537640600511,0.13357400722021662,0.17657342657342656,0.5816200466200466,0.7006541758342798,370,5,471,1817,2770,2400
0.017076390153599436,0.9866666666666667,0.9866666666666667,592.2537640600511,0.13362224629830263,0.17657342657342656,0.5816200466200466,0.7007791445920903,370,5,471,1817,2769,2399
0.0171090409693646,0.9866666666666667,0.9866666666666667,591.9278126213829,0.13367052023121387,0.17657342657342656,0.5816200466200466,0.7009041133499009,370,5,471,1816,2768,2398
0.01712297639437105,0.9866666666666667,0.9866666666666667,591.6018611827149,0.13371882905674015,0.17657342657342656,0.5816200466200466,0.7010290821077114,370,5,471,1815,2767,2397
0.017162911637836,0.9866666666666667,0.9866666666666667,591.6018611827149,0.13376717281272596,0.17657342657342656,0.5816200466200466,0.701154050865522,370,5,471,1815,2766,2396
0.017167343845926483,0.9866666666666667,0.9866666666666667,591.6018611827149,0.13381555153707053,0.17657342657342656,0.5816200466200466,0.7012790196233325,370,5,471,1815,2765,2395
0.017168344987046804,0.9866666666666667,0.9866666666666667,591.2759097440467,0.13386396526772792,0.17657342657342656,0.5816200466200466,0.701403988381143,370,5,471,1814,2764,2394
0.01718703422208525,0.9866666666666667,0.9866666666666667,591.2759097440467,0.1339124140427072,0.17657342657342656,0.5816200466200466,0.7015289571389536,370,5,471,1814,2763,2393
0.017187703202541583,0.9866666666666667,0.9866666666666667,590.9499583053785,0.1339608979000724,0.17657342657342656,0.5816200466200466,0.7016539258967641,370,5,471,1813,2762,2392
0.017198635565048404,0.9866666666666667,0.9866666666666667,590.9499583053785,0.13400941687794277,0.17657342657342656,0.5816200466200466,0.7017788946545747,370,5,471,1813,2761,2391
0.017248758540372573,0.9866666666666667,0.9866666666666667,590.6240068667104,0.13405797101449277,0.17657342657342656,0.5816200466200466,0.7019038634123853,370,5,471,1812,2760,2390
0.017268645873127562,0.9866666666666667,0.9866666666666667,590.2980554280422,0.13410656034795215,0.17657342657342656,0.5816200466200466,0.7020288321701957,370,5,471,1811,2759,2389
0.017284818644560357,0.9866666666666667,0.9866666666666667,589.972103989374,0.13415518491660625,0.17657342657342656,0.5816200466200466,0.7021538009280064,370,5,471,1810,2758,2388
0.017290484169157235,0.9866666666666667,0.9866666666666667,589.6461525507059,0.1342038447587958,0.17657342657342656,0.5816200466200466,0.7022787696858168,370,5,471,1809,2757,2387
0.017310053587573402,0.9866666666666667,0.9866666666666667,589.3202011120377,0.13425253991291727,0.17657342657342656,0.5816200466200466,0.7024037384436275,370,5,471,1808,2756,2386
0.017327065518943124,0.9866666666666667,0.9866666666666667,588.9942496733695,0.13430127041742287,0.17657342657342656,0.5816200466200466,0.702528707201438,370,5,471,1807,2755,2385
0.017328436506655408,0.9866666666666667,0.9866666666666667,588.6682982347013,0.13435003631082063,0.17657342657342656,0.5816200466200466,0.7026536759592485,370,5,471,1806,2754,2384
0.017331736238829255,0.9866666666666667,0.9866666666666667,588.3423467960332,0.13439883763167454,0.17657342657342656,0.5816200466200466,0.7027786447170591,370,5,471,1805,2753,2383
0.01734560296532998,0.9866666666666667,0.9866666666666667,588.016395357365,0.13444767441860464,0.17657342657342656,0.5816200466200466,0.7029036134748696,370,5,471,1804,2752,2382
0.017359362323989286,0.9866666666666667,0.9866666666666667,587.6904439186968,0.13449654671028716,0.17657342657342656,0.5816200466200466,0.7030285822326802,370,5,471,1803,2751,2381
0.01736061857692722,0.9866666666666667,0.9866666666666667,587.3644924800287,0.13454545454545455,0.17657342657342656,0.5816200466200466,0.7031535509904907,370,5,471,1802,2750,2380
0.017392941153734714,0.9866666666666667,0.9866666666666667,587.3644924800287,0.1345943979628956,0.17657342657342656,0.5816200466200466,0.7032785197483012,370,5,471,1802,2749,2379
0.017441501906110074,0.9866666666666667,0.9866666666666667,587.0385410413605,0.1346433770014556,0.17657342657342656,0.5816200466200466,0.7034034885061118,370,5,471,1801,2748,2378
0.01745590960974785,0.9866666666666667,0.9866666666666667,586.7125896026923,0.1346923917000364,0.17657342657342656,0.5816200466200466,0.7035284572639223,370,5,471,1800,2747,2377
0.017480185971800614,0.9866666666666667,0.9866666666666667,586.3866381640242,0.1347414420975965,0.17657342657342656,0.5816200466200466,0.7036534260217329,370,5,471,1799,2746,2376
0.017492746644800362,0.9866666666666667,0.9866666666666667,586.3866381640242,0.13479052823315119,0.17657342657342656,0.5816200466200466,0.7037783947795435,370,5,471,1799,2745,2375
0.017501263913890768,0.9866666666666667,0.9866666666666667,586.060686725356,0.1348396501457726,0.17657342657342656,0.5816200466200466,0.7039033635373539,370,5,471,1798,2744,2374
0.01752167474424242,0.9866666666666667,0.9866666666666667,585.7347352866879,0.13488880787458987,0.17657342657342656,0.5816200466200466,0.7040283322951646,370,5,471,1797,2743,2373
0.017560704839297815,0.9866666666666667,0.9866666666666667,585.4087838480198,0.1349380014587892,0.17657342657342656,0.5816200466200466,0.7041533010529751,370,5,471,1796,2742,2372
0.01756201065910077,0.9866666666666667,0.9866666666666667,585.4087838480198,0.134987230937614,0.17657342657342656,0.5816200466200466,0.7042782698107857,370,5,471,1796,2741,2371
0.017580566334229157,0.9866666666666667,0.9866666666666667,585.0828324093516,0.13503649635036497,0.17657342657342656,0.5816200466200466,0.7044032385685962,370,5,471,1795,2740,2370
0.017586591234992545,0.9866666666666667,0.9866666666666667,584.7568809706834,0.13508579773640014,0.17657342657342656,0.5816200466200466,0.7045282073264068,370,5,471,1794,2739,2369
0.017586956199944135,0.9866666666666667,0.9866666666666667,584.4309295320153,0.13513513513513514,0.17657342657342656,0.5816200466200466,0.7046531760842173,370,5,471,1793,2738,2368
0.017589431621875987,0.9866666666666667,0.9866666666666667,584.1049780933471,0.1351845085860431,0.17657342657342656,0.5816200466200466,0.7047781448420278,370,5,471,1792,2737,2367
0.017592169118928042,0.9866666666666667,0.9866666666666667,583.7790266546789,0.13523391812865498,0.17657342657342656,0.5816200466200466,0.7049031135998384,370,5,471,1791,2736,2366
0.017598912686891562,0.9866666666666667,0.9866666666666667,583.4530752160108,0.13528336380255943,0.17657342657342656,0.5816200466200466,0.7050280823576489,370,5,471,1790,2735,2365
0.017604097291669923,0.9866666666666667,0.9866666666666667,583.4530752160108,0.13533284564740308,0.17657342657342656,0.5816200466200466,0.7051530511154595,370,5,471,1790,2734,2364
0.017611473501304806,0.9866666666666667,0.9866666666666667,583.1271237773426,0.13538236370289058,0.17657342657342656,0.5816200466200466,0.70527801987327,370,5,471,1789,2733,2363
0.017650424393892902,0.9866666666666667,0.9866666666666667,583.1271237773426,0.13543191800878476,0.17657342657342656,0.5816200466200466,0.7054029886310805,370,5,471,1789,2732,2362
0.01765618318757738,0.9866666666666667,0.9866666666666667,582.8011723386744,0.13548150860490663,0.17657342657342656,0.5816200466200466,0.7055279573888911,370,5,471,1788,2731,2361
0.01766065000096508,0.9866666666666667,0.9866666666666667,582.4752209000063,0.13553113553113552,0.17657342657342656,0.5816200466200466,0.7056529261467017,370,5,471,1787,2730,2360
0.01766128822276632,0.9866666666666667,0.9866666666666667,582.1492694613381,0.1355807988274093,0.17657342657342656,0.5816200466200466,0.7057778949045121,370,5,471,1786,2729,2359
0.01768243257938313,0.9866666666666667,0.9866666666666667,581.8233180226699,0.13563049853372433,0.17657342657342656,0.5816200466200466,0.7059028636623228,370,5,471,1785,2728,2358
0.01768465852573791,0.9866666666666667,0.9866666666666667,581.4973665840017,0.13568023469013568,0.17657342657342656,0.5816200466200466,0.7060278324201333,370,5,471,1784,2727,2357
0.01768788829032616,0.9866666666666667,0.9866666666666667,581.1714151453336,0.13573000733675716,0.17657342657342656,0.5816200466200466,0.7061528011779439,370,5,471,1783,2726,2356
0.017689853137701595,0.9866666666666667,0.9866666666666667,580.8454637066654,0.13577981651376148,0.17657342657342656,0.5816200466200466,0.7062777699357544,370,5,471,1782,2725,2355
0.01771554983254111,0.9866666666666667,0.9866666666666667,580.5195122679972,0.13582966226138032,0.17657342657342656,0.5816200466200466,0.706402738693565,370,5,471,1781,2724,2354
0.01772161724586065,0.9866666666666667,0.9866666666666667,580.1935608293292,0.1358795446199045,0.17657342657342656,0.5816200466200466,0.7065277074513755,370,5,471,1780,2723,2353
0.017729905922173526,0.9866666666666667,0.9866666666666667,579.867609390661,0.13592946362968406,0.17657342657342656,0.5816200466200466,0.706652676209186,370,5,471,1779,2722,2352
0.017736743130898475,0.9866666666666667,0.9866666666666667,579.5416579519928,0.13597941933112825,0.17657342657342656,0.5816200466200466,0.7067776449669966,370,5,471,1778,2721,2351
0.01774366619921566,0.9866666666666667,0.9866666666666667,579.2157065133247,0.13602941176470587,0.17657342657342656,0.5816200466200466,0.7069026137248071,370,5,471,1777,2720,2350
0.017764999306037598,0.9866666666666667,0.9866666666666667,578.8897550746565,0.1360794409709452,0.17657342657342656,0.5816200466200466,0.7070275824826177,370,5,471,1776,2719,2349
0.017769430669612223,0.9866666666666667,0.9866666666666667,578.5638036359883,0.13612950699043413,0.17657342657342656,0.5816200466200466,0.7071525512404282,370,5,471,1775,2718,2348
0.01777219780144778,0.9866666666666667,0.9866666666666667,578.2378521973202,0.13617960986382038,0.17657342657342656,0.5816200466200466,0.7072775199982388,370,5,471,1774,2717,2347
0.01779939881316962,0.9866666666666667,0.9866666666666667,577.911900758652,0.13622974963181148,0.17657342657342656,0.5816200466200466,0.7074024887560493,370,5,471,1773,2716,2346
0.017807517020713214,0.9866666666666667,0.9866666666666667,577.5859493199838,0.13627992633517497,0.17657342657342656,0.5816200466200466,0.7075274575138599,370,5,471,1772,2715,2345
0.01781059115549911,0.9866666666666667,0.9866666666666667,577.2599978813157,0.1363301400147384,0.17657342657342656,0.5816200466200466,0.7076524262716704,370,5,471,1771,2714,2344
0.017818228633286082,0.9866666666666667,0.9866666666666667,576.9340464426475,0.1363803907113896,0.17657342657342656,0.5816200466200466,0.707777395029481,370,5,471,1770,2713,2343
0.017821943865990064,0.9866666666666667,0.9866666666666667,576.9340464426475,0.1364306784660767,0.17657342657342656,0.5816200466200466,0.7079023637872915,370,5,471,1770,2712,2342
0.01782618959064096,0.9866666666666667,0.9866666666666667,576.9340464426475,0.1364810033198082,0.17657342657342656,0.5816200466200466,0.7080273325451021,370,5,471,1770,2711,2341
0.017870904639058403,0.9866666666666667,0.9866666666666667,576.9340464426475,0.13653136531365315,0.17657342657342656,0.5816200466200466,0.7081523013029126,370,5,471,1770,2710,2340
0.017879173363084623,0.9866666666666667,0.9866666666666667,576.9340464426475,0.13658176448874124,0.17657342657342656,0.5816200466200466,0.7082772700607232,370,5,471,1770,2709,2339
0.017898266108270968,0.9866666666666667,0.9866666666666667,576.6080950039793,0.13663220088626293,0.17657342657342656,0.5816200466200466,0.7084022388185337,370,5,471,1769,2708,2338
0.017935990979215652,0.9866666666666667,0.9866666666666667,576.2821435653112,0.13668267454746952,0.17657342657342656,0.5816200466200466,0.7085272075763442,370,5,471,1768,2707,2337
0.01793737901463704,0.9866666666666667,0.9866666666666667,575.956192126643,0.1367331855136733,0.17657342657342656,0.5816200466200466,0.7086521763341548,370,5,471,1767,2706,2336
0.017956207412683004,0.9866666666666667,0.9866666666666667,575.956192126643,0.1367837338262477,0.17657342657342656,0.5816200466200466,0.7087771450919653,370,5,471,1767,2705,2335
0.01799081217735599,0.9866666666666667,0.9866666666666667,575.956192126643,0.13683431952662722,0.17657342657342656,0.5816200466200466,0.7089021138497759,370,5,471,1767,2704,2334
0.017991702098446683,0.9866666666666667,0.9866666666666667,575.956192126643,0.1368849426563078,0.17657342657342656,0.5816200466200466,0.7090270826075864,370,5,471,1767,2703,2333
0.0180007292049877,0.9866666666666667,0.9866666666666667,575.6302406879748,0.13693560325684678,0.17832167832167833,0.5824941724941726,0.709152051365397,370,5,470,1766,2702,2332
0.018008704385270833,0.9866666666666667,0.9866666666666667,575.3042892493067,0.136986301369863,0.17832167832167833,0.5824941724941726,0.7092770201232075,370,5,470,1765,2701,2331
0.01803557971993967,0.9866666666666667,0.9866666666666667,574.9783378106385,0.13703703703703704,0.17832167832167833,0.5824941724941726,0.7094019888810181,370,5,470,1764,2700,2330
0.01805799429066466,0.9866666666666667,0.9866666666666667,574.6523863719704,0.13708781030011116,0.17832167832167833,0.5824941724941726,0.7095269576388287,370,5,470,1763,2699,2329
0.018058439030838574,0.9866666666666667,0.9866666666666667,574.3264349333022,0.13713862120088954,0.17832167832167833,0.5824941724941726,0.7096519263966392,370,5,470,1762,2698,2328
0.018060557390962788,0.9866666666666667,0.9866666666666667,574.0004834946341,0.13718946978123842,0.17832167832167833,0.5824941724941726,0.7097768951544497,370,5,470,1761,2697,2327
0.018085175214925857,0.9866666666666667,0.9866666666666667,573.6745320559659,0.13724035608308605,0.17832167832167833,0.5824941724941726,0.7099018639122603,370,5,470,1760,2696,2326
0.018112525258741446,0.9866666666666667,0.9866666666666667,573.3485806172977,0.137291280148423,0.17832167832167833,0.5824941724941726,0.7100268326700708,370,5,470,1759,2695,2325
0.01811752748553047,0.9866666666666667,0.9866666666666667,573.0226291786296,0.13734224201930215,0.17832167832167833,0.5824941724941726,0.7101518014278814,370,5,470,1758,2694,2324
0.01811845984206533,0.9866666666666667,0.9866666666666667,572.6966777399614,0.13739324173783884,0.17832167832167833,0.5824941724941726,0.7102767701856919,370,5,470,1757,2693,2323
0.01811939956724527,0.9866666666666667,0.9866666666666667,572.3707263012932,0.137444279346211,0.17832167832167833,0.5824941724941726,0.7104017389435024,370,5,470,1756,2692,2322
0.018123699711910524,0.9866666666666667,0.9866666666666667,572.3707263012932,0.13749535488665923,0.17832167832167833,0.5824941724941726,0.710526707701313,370,5,470,1756,2691,2321
0.018124782575827433,0.9866666666666667,0.9866666666666667,572.0447748626251,0.137546468401487,0.17832167832167833,0.5824941724941726,0.7106516764591235,370,5,470,1755,2690,2320
0.018146052999001218,0.9866666666666667,0.9866666666666667,571.7188234239569,0.1375976199330606,0.17832167832167833,0.5824941724941726,0.7107766452169341,370,5,470,1754,2689,2319
0.01815119475785176,0.9866666666666667,0.9866666666666667,571.3928719852887,0.13764880952380953,0.17832167832167833,0.5824941724941726,0.7109016139747446,370,5,470,1753,2688,2318
0.018156105812379,0.9866666666666667,0.9866666666666667,571.0669205466206,0.13770003721622628,0.17832167832167833,0.5824941724941726,0.7110265827325553,370,5,470,1752,2687,2317
0.01815735304029582,0.9866666666666667,0.9866666666666667,570.7409691079524,0.1377513030528667,0.17832167832167833,0.5824941724941726,0.7111515514903657,370,5,470,1751,2686,2316
0.01816086560550746,0.9866666666666667,0.9866666666666667,570.4150176692842,0.1378026070763501,0.17832167832167833,0.5824941724941726,0.7112765202481763,370,5,470,1750,2685,2315
0.01817814912410889,0.9866666666666667,0.9866666666666667,570.4150176692842,0.13785394932935915,0.17832167832167833,0.5824941724941726,0.7114014890059869,370,5,470,1750,2684,2314
0.018180768498795595,0.9866666666666667,0.9866666666666667,570.0890662306161,0.13790532985464032,0.17832167832167833,0.5824941724941726,0.7115264577637974,370,5,470,1749,2683,2313
0.01818518548249264,0.9866666666666667,0.9866666666666667,569.7631147919479,0.13795674869500374,0.17832167832167833,0.5824941724941726,0.711651426521608,370,5,470,1748,2682,2312
0.018197939824180637,0.9866666666666667,0.9866666666666667,569.7631147919479,0.13800820589332338,0.17832167832167833,0.5824941724941726,0.7117763952794185,370,5,470,1748,2681,2311
0.018202856167637577,0.9866666666666667,0.9866666666666667,569.4371633532797,0.13805970149253732,0.17832167832167833,0.5824941724941726,0.711901364037229,370,5,470,1747,2680,2310
0.018209087983348984,0.9866666666666667,0.9866666666666667,569.1112119146117,0.13811123553564764,0.17832167832167833,0.5824941724941726,0.7120263327950396,370,5,470,1746,2679,2309
0.018210125763173438,0.9866666666666667,0.9866666666666667,568.7852604759435,0.13816280806572068,0.17832167832167833,0.5824941724941726,0.7121513015528501,370,5,470,1745,2678,2308
0.018220420918922956,0.9866666666666667,0.9866666666666667,568.4593090372753,0.1382144191258872,0.17832167832167833,0.5824941724941726,0.7122762703106607,370,5,470,1744,2677,2307
0.01822621377541457,0.9866666666666667,0.9866666666666667,568.1333575986071,0.1382660687593423,0.17832167832167833,0.5824941724941726,0.7124012390684712,370,5,470,1743,2676,2306
0.01824642642404981,0.9866666666666667,0.9866666666666667,567.807406159939,0.1383177570093458,0.17832167832167833,0.5824941724941726,0.7125262078262817,370,5,470,1742,2675,2305
0.018260510839908286,0.9866666666666667,0.9866666666666667,567.4814547212708,0.13836948391922213,0.17832167832167833,0.5824941724941726,0.7126511765840924,370,5,470,1741,2674,2304
0.018263419363158086,0.9866666666666667,0.9866666666666667,567.1555032826026,0.13842124953236065,0.17832167832167833,0.5824941724941726,0.7127761453419028,370,5,470,1740,2673,2303
0.018272250750150473,0.9866666666666667,0.9866666666666667,566.8295518439345,0.13847305389221556,0.17832167832167833,0.5824941724941726,0.7129011140997135,370,5,470,1739,2672,2302
0.018285126020277466,0.9866666666666667,0.9866666666666667,566.5036004052663,0.13852489704230625,0.17832167832167833,0.5824941724941726,0.7130260828575239,370,5,470,1738,2671,2301
0.018313794831854618,0.9866666666666667,0.9866666666666667,566.1776489665981,0.13857677902621723,0.17832167832167833,0.5824941724941726,0.7131510516153345,370,5,470,1737,2670,2300
0.018322299401126823,0.9866666666666667,0.9866666666666667,566.1776489665981,0.13862869988759835,0.17832167832167833,0.5824941724941726,0.7132760203731451,370,5,470,1737,2669,2299
0.018323623341442632,0.9866666666666667,0.9866666666666667,566.1776489665981,0.1386806596701649,0.17832167832167833,0.5824941724941726,0.7134009891309556,370,5,470,1737,2668,2298
0.01834291953841264,0.9866666666666667,0.9866666666666667,565.85169752793,0.13873265841769777,0.17832167832167833,0.5824941724941726,0.7135259578887662,370,5,470,1736,2667,2297
0.018342926540733485,0.9866666666666667,0.9866666666666667,565.5257460892618,0.13878469617404351,0.17832167832167833,0.5824941724941726,0.7136509266465767,370,5,470,1735,2666,2296
0.01835171673089726,0.9866666666666667,0.9866666666666667,565.1997946505936,0.13883677298311445,0.17832167832167833,0.5824941724941726,0.7137758954043872,370,5,470,1734,2665,2295
0.018352980483940566,0.9866666666666667,0.9866666666666667,564.8738432119255,0.1388888888888889,0.17832167832167833,0.5824941724941726,0.7139008641621978,370,5,470,1733,2664,2294
0.018354354611841255,0.9866666666666667,0.9866666666666667,564.8738432119255,0.13894104393541118,0.17832167832167833,0.5824941724941726,0.7140258329200083,370,5,470,1733,2663,2293
0.0183550111353595,0.9866666666666667,0.9866666666666667,564.5478917732573,0.13899323816679188,0.17832167832167833,0.5824941724941726,0.7141508016778189,370,5,470,1732,2662,2292
0.018373653189330045,0.9866666666666667,0.9866666666666667,564.5478917732573,0.13904547162720782,0.17832167832167833,0.5824941724941726,0.7142757704356294,370,5,470,1732,2661,2291
0.0183757110019121,0.9866666666666667,0.9866666666666667,564.5478917732573,0.13909774436090225,0.17832167832167833,0.5824941724941726,0.7144007391934399,370,5,470,1732,2660,2290
0.01838750576378981,0.9866666666666667,0.9866666666666667,564.5478917732573,0.13915005641218503,0.17832167832167833,0.5824941724941726,0.7145257079512506,370,5,470,1732,2659,2289
0.01839963644582253,0.9866666666666667,0.9866666666666667,564.2219403345891,0.13920240782543267,0.17832167832167833,0.5824941724941726,0.714650676709061,370,5,470,1731,2658,2288
0.018404037573467782,0.9866666666666667,0.9866666666666667,563.895988895921,0.13925479864508844,0.17832167832167833,0.5824941724941726,0.7147756454668717,370,5,470,1730,2657,2287
0.018425964836669143,0.9866666666666667,0.9866666666666667,563.5700374572529,0.13930722891566266,0.18006993006993008,0.5833682983682984,0.7149006142246822,370,5,469,1729,2656,2286
0.018445219374928143,0.9866666666666667,0.9866666666666667,563.2440860185847,0.1393596986817326,0.18006993006993008,0.5833682983682984,0.7150255829824927,370,5,469,1728,2655,2285
0.01845753449751253,0.9866666666666667,0.9866666666666667,562.9181345799166,0.13941220798794274,0.18006993006993008,0.5833682983682984,0.7151505517403033,370,5,469,1727,2654,2284
0.018461440268572316,0.9866666666666667,0.9866666666666667,562.5921831412484,0.1394647568790049,0.18006993006993008,0.5833682983682984,0.7152755204981138,370,5,469,1726,2653,2283
0.018472868673504846,0.9866666666666667,0.9866666666666667,562.2662317025802,0.13951734539969834,0.18006993006993008,0.5833682983682984,0.7154004892559244,370,5,469,1725,2652,2282
0.018481486558552095,0.9866666666666667,0.9866666666666667,561.9402802639121,0.13956997359486986,0.18006993006993008,0.5833682983682984,0.7155254580137349,370,5,469,1724,2651,2281
0.018482704208293073,0.9866666666666667,0.9866666666666667,561.6143288252439,0.13962264150943396,0.18006993006993008,0.5833682983682984,0.7156504267715454,370,5,469,1723,2650,2280
0.01850448806705651,0.9866666666666667,0.9866666666666667,561.6143288252439,0.13967534918837296,0.18006993006993008,0.5833682983682984,0.715775395529356,370,5,469,1723,2649,2279
0.018509901539555923,0.9866666666666667,0.9866666666666667,561.2883773865757,0.13972809667673716,0.18006993006993008,0.5833682983682984,0.7159003642871665,370,5,469,1722,2648,2278
0.018522651134191,0.9866666666666667,0.9866666666666667,560.9624259479075,0.1397808840196449,0.18006993006993008,0.5833682983682984,0.7160253330449771,370,5,469,1721,2647,2277
0.018534273431182708,0.9866666666666667,0.9866666666666667,560.6364745092394,0.1398337112622827,0.18006993006993008,0.5833682983682984,0.7161503018027876,370,5,469,1720,2646,2276
0.018554182160012384,0.9866666666666667,0.9866666666666667,560.3105230705712,0.13988657844990549,0.18006993006993008,0.5833682983682984,0.7162752705605981,370,5,469,1719,2645,2275
0.018557328970074918,0.9866666666666667,0.9866666666666667,559.984571631903,0.13993948562783662,0.18006993006993008,0.5833682983682984,0.7164002393184088,370,5,469,1718,2644,2274
0.01856741408447588,0.9866666666666667,0.9866666666666667,559.6586201932349,0.13999243284146803,0.18006993006993008,0.5833682983682984,0.7165252080762192,370,5,469,1717,2643,2273
0.018579535205395643,0.9866666666666667,0.9866666666666667,559.3326687545667,0.1400454201362604,0.18181818181818182,0.5842424242424242,0.7166501768340299,370,5,468,1716,2642,2272
0.018581362822791783,0.9866666666666667,0.9866666666666667,559.0067173158985,0.14009844755774328,0.18181818181818182,0.5842424242424242,0.7167751455918404,370,5,468,1715,2641,2271
0.018587576075931332,0.9866666666666667,0.9866666666666667,558.6807658772304,0.14015151515151514,0.18181818181818182,0.5842424242424242,0.716900114349651,370,5,468,1714,2640,2270
0.018615270862473644,0.9866666666666667,0.9866666666666667,558.3548144385622,0.14020462296324365,0.18181818181818182,0.5842424242424242,0.7170250831074615,370,5,468,1713,2639,2269
0.018615296861769815,0.9866666666666667,0.9866666666666667,558.028862999894,0.14025777103866566,0.18181818181818182,0.5842424242424242,0.717150051865272,370,5,468,1712,2638,2268
0.018634023209905034,0.9866666666666667,0.9866666666666667,557.702911561226,0.1403109594235874,0.18181818181818182,0.5842424242424242,0.7172750206230826,370,5,468,1711,2637,2267
0.01865642841715525,0.9866666666666667,0.9866666666666667,557.3769601225578,0.14036418816388468,0.18181818181818182,0.5842424242424242,0.7173999893808931,370,5,468,1710,2636,2266
0.018664119401751434,0.9866666666666667,0.9866666666666667,557.0510086838896,0.14041745730550284,0.18181818181818182,0.5842424242424242,0.7175249581387037,370,5,468,1709,2635,2265
0.018679710901115188,0.9866666666666667,0.9866666666666667,556.7250572452215,0.1404707668944571,0.18181818181818182,0.5842424242424242,0.7176499268965142,370,5,468,1708,2634,2264
0.018684921622221642,0.9866666666666667,0.9866666666666667,556.7250572452215,0.1405241169768325,0.18181818181818182,0.5842424242424242,0.7177748956543247,370,5,468,1708,2633,2263
0.018694862805360337,0.9866666666666667,0.9866666666666667,556.3991058065533,0.1405775075987842,0.18181818181818182,0.5842424242424242,0.7178998644121353,370,5,468,1707,2632,2262
0.01872195207519639,0.9866666666666667,0.9866666666666667,556.0731543678851,0.14063093880653743,0.18181818181818182,0.5842424242424242,0.7180248331699459,370,5,468,1706,2631,2261
0.018721988404592365,0.9866666666666667,0.9866666666666667,555.747202929217,0.14068441064638784,0.18181818181818182,0.5842424242424242,0.7181498019277563,370,5,468,1705,2630,2260
0.01874791721558715,0.9866666666666667,0.9866666666666667,555.747202929217,0.1407379231647014,0.18181818181818182,0.5842424242424242,0.718274770685567,370,5,468,1705,2629,2259
0.018779476745866882,0.9866666666666667,0.9866666666666667,555.4212514905488,0.14079147640791476,0.18181818181818182,0.5842424242424242,0.7183997394433774,370,5,468,1704,2628,2258
0.018783623713456224,0.9866666666666667,0.9866666666666667,555.0953000518806,0.14084507042253522,0.18181818181818182,0.5842424242424242,0.7185247082011881,370,5,468,1703,2627,2257
0.018786735268959444,0.9866666666666667,0.9866666666666667,554.7693486132125,0.1408987052551409,0.18181818181818182,0.5842424242424242,0.7186496769589986,370,5,468,1702,2626,2256
0.01878714596376688,0.9866666666666667,0.9866666666666667,554.4433971745443,0.14095238095238094,0.18181818181818182,0.5842424242424242,0.7187746457168092,370,5,468,1701,2625,2255
0.018798410193178024,0.9866666666666667,0.9866666666666667,554.4433971745443,0.1410060975609756,0.18181818181818182,0.5842424242424242,0.7188996144746197,370,5,468,1701,2624,2254
0.01880088802283689,0.9866666666666667,0.9866666666666667,554.1174457358761,0.14105985512771635,0.18181818181818182,0.5842424242424242,0.7190245832324302,370,5,468,1700,2623,2253
0.01882798107274595,0.9866666666666667,0.9866666666666667,553.7914942972079,0.14111365369946605,0.18181818181818182,0.5842424242424242,0.7191495519902408,370,5,468,1699,2622,2252
0.018830115822776276,0.9866666666666667,0.9866666666666667,553.4655428585398,0.1411674933231591,0.18181818181818182,0.5842424242424242,0.7192745207480513,370,5,468,1698,2621,2251
0.018832508466767525,0.9866666666666667,0.9866666666666667,553.1395914198716,0.14122137404580154,0.18181818181818182,0.5842424242424242,0.7193994895058619,370,5,468,1697,2620,2250
0.01883646370440743,0.9866666666666667,0.9866666666666667,552.8136399812034,0.14127529591447116,0.18181818181818182,0.5842424242424242,0.7195244582636724,370,5,468,1696,2619,2249
0.018838652721855392,0.9866666666666667,0.9866666666666667,552.8136399812034,0.1413292589763178,0.18181818181818182,0.5842424242424242,0.7196494270214829,370,5,468,1696,2618,2248
0.018839814005080887,0.9866666666666667,0.9866666666666667,552.4876885425354,0.14138326327856324,0.18181818181818182,0.5842424242424242,0.7197743957792935,370,5,468,1695,2617,2247
0.018849173861078074,0.9866666666666667,0.9866666666666667,552.1617371038672,0.14143730886850153,0.18181818181818182,0.5842424242424242,0.7198993645371041,370,5,468,1694,2616,2246
0.018875667369508357,0.9866666666666667,0.9866666666666667,552.1617371038672,0.14149139579349904,0.18181818181818182,0.5842424242424242,0.7200243332949146,370,5,468,1694,2615,2245
0.018877584949569415,0.9866666666666667,0.9866666666666667,551.835785665199,0.14154552410099464,0.18181818181818182,0.5842424242424242,0.7201493020527252,370,5,468,1693,2614,2244
0.01889771509115964,0.9866666666666667,0.9866666666666667,551.5098342265309,0.1415996938384998,0.18181818181818182,0.5842424242424242,0.7202742708105357,370,5,468,1692,2613,2243
0.018913802566871783,0.9866666666666667,0.9866666666666667,551.1838827878627,0.1416539050535988,0.18181818181818182,0.5842424242424242,0.7203992395683463,370,5,468,1691,2612,2242
0.01892297717755339,0.9866666666666667,0.9866666666666667,550.8579313491945,0.14170815779394869,0.18181818181818182,0.5842424242424242,0.7205242083261568,370,5,468,1690,2611,2241
0.018926611994679057,0.9866666666666667,0.9866666666666667,550.5319799105264,0.1417624521072797,0.18181818181818182,0.5842424242424242,0.7206491770839674,370,5,468,1689,2610,2240
0.018927729057198032,0.9866666666666667,0.9866666666666667,550.2060284718582,0.14181678804139516,0.18181818181818182,0.5842424242424242,0.7207741458417779,370,5,468,1688,2609,2239
0.018934494458738974,0.9866666666666667,0.9866666666666667,549.88007703319,0.1418711656441718,0.18181818181818182,0.5842424242424242,0.7208991145995884,370,5,468,1687,2608,2238
0.01894868507938933,0.9866666666666667,0.9866666666666667,549.5541255945219,0.14192558496355964,0.18181818181818182,0.5842424242424242,0.721024083357399,370,5,468,1686,2607,2237
0.01896463843144592,0.9866666666666667,0.9866666666666667,549.2281741558537,0.1419800460475825,0.18181818181818182,0.5842424242424242,0.7211490521152095,370,5,468,1685,2606,2236
0.0189918691650009,0.9866666666666667,0.9866666666666667,548.9022227171855,0.1420345489443378,0.18181818181818182,0.5842424242424242,0.7212740208730201,370,5,468,1684,2605,2235
0.01900733617028102,0.9866666666666667,0.9866666666666667,548.5762712785174,0.14208909370199693,0.18181818181818182,0.5842424242424242,0.7213989896308306,370,5,468,1683,2604,2234
0.01904654175905627,0.9866666666666667,0.9866666666666667,548.2503198398492,0.14214368036880523,0.18181818181818182,0.5842424242424242,0.7215239583886411,370,5,468,1682,2603,2233
0.019057625706826942,0.9866666666666667,0.9866666666666667,547.924368401181,0.14219830899308225,0.18181818181818182,0.5842424242424242,0.7216489271464517,370,5,468,1681,2602,2232
0.01906377334702976,0.9866666666666667,0.9866666666666667,547.924368401181,0.14225297962322184,0.18181818181818182,0.5842424242424242,0.7217738959042623,370,5,468,1681,2601,2231
0.01907226083456647,0.9866666666666667,0.9866666666666667,547.5984169625129,0.1423076923076923,0.18181818181818182,0.5842424242424242,0.7218988646620728,370,5,468,1680,2600,2230
0.01907473293895058,0.9866666666666667,0.9866666666666667,547.2724655238447,0.14236244709503657,0.18181818181818182,0.5842424242424242,0.7220238334198834,370,5,468,1679,2599,2229
0.019081326106302893,0.9866666666666667,0.9866666666666667,546.9465140851765,0.1424172440338722,0.18181818181818182,0.5842424242424242,0.722148802177694,370,5,468,1678,2598,2228
0.019100160265334377,0.9866666666666667,0.9866666666666667,546.6205626465083,0.1424720831728918,0.18181818181818182,0.5842424242424242,0.7222737709355045,370,5,468,1677,2597,2227
0.019105637149836898,0.9866666666666667,0.9866666666666667,546.2946112078403,0.14252696456086286,0.18181818181818182,0.5842424242424242,0.722398739693315,370,5,468,1676,2596,2226
0.019107222507290116,0.9866666666666667,0.9866666666666667,546.2946112078403,0.14258188824662812,0.18181818181818182,0.5842424242424242,0.7225237084511256,370,5,468,1676,2595,2225
0.019138537041082163,0.9866666666666667,0.9866666666666667,545.9686597691721,0.14263685427910563,0.18181818181818182,0.5842424242424242,0.7226486772089361,370,5,468,1675,2594,2224
0.01917315284836131,0.9866666666666667,0.9866666666666667,545.6427083305039,0.14269186270728884,0.18181818181818182,0.5842424242424242,0.7227736459667466,370,5,468,1674,2593,2223
0.01917944452445882,0.9866666666666667,0.9866666666666667,545.3167568918358,0.1427469135802469,0.18181818181818182,0.5842424242424242,0.7228986147245572,370,5,468,1673,2592,2222
0.019212148692011464,0.9866666666666667,0.9866666666666667,544.9908054531676,0.14280200694712467,0.18181818181818182,0.5842424242424242,0.7230235834823677,370,5,468,1672,2591,2221
0.0192130932417436,0.9866666666666667,0.9866666666666667,544.6648540144994,0.14285714285714285,0.18181818181818182,0.5842424242424242,0.7231485522401783,370,5,468,1671,2590,2220
0.0192154720555379,0.9866666666666667,0.9866666666666667,544.3389025758313,0.1429123213595983,0.18181818181818182,0.5842424242424242,0.7232735209979888,370,5,468,1670,2589,2219
0.01922104830030654,0.9866666666666667,0.9866666666666667,544.0129511371631,0.14296754250386398,0.18181818181818182,0.5842424242424242,0.7233984897557995,370,5,468,1669,2588,2218
0.019226849192565842,0.9866666666666667,0.9866666666666667,543.6869996984949,0.14302280633938924,0.18181818181818182,0.5842424242424242,0.7235234585136099,370,5,468,1668,2587,2217
0.019232058282460506,0.9866666666666667,0.9866666666666667,543.3610482598268,0.1430781129156999,0.18181818181818182,0.5842424242424242,0.7236484272714205,370,5,468,1667,2586,2216
0.01925582064087793,0.9866666666666667,0.9866666666666667,543.3610482598268,0.14313346228239845,0.18181818181818182,0.5842424242424242,0.723773396029231,370,5,468,1667,2585,2215
0.01927600602208083,0.9866666666666667,0.9866666666666667,543.0350968211586,0.14318885448916407,0.18181818181818182,0.5842424242424242,0.7238983647870416,370,5,468,1666,2584,2214
0.019305876210662886,0.9866666666666667,0.9866666666666667,542.7091453824904,0.143244289585753,0.18181818181818182,0.5842424242424242,0.7240233335448522,370,5,468,1665,2583,2213
0.01931003902716537,0.9866666666666667,0.9866666666666667,542.3831939438223,0.14329976762199845,0.18181818181818182,0.5842424242424242,0.7241483023026627,370,5,468,1664,2582,2212
0.019313379646923316,0.9866666666666667,0.9866666666666667,542.0572425051541,0.1433552886478109,0.18181818181818182,0.5842424242424242,0.7242732710604732,370,5,468,1663,2581,2211
0.01933679764294187,0.9866666666666667,0.9866666666666667,541.7312910664859,0.1434108527131783,0.18181818181818182,0.5842424242424242,0.7243982398182838,370,5,468,1662,2580,2210
0.01934937780292321,0.9866666666666667,0.9866666666666667,541.4053396278179,0.14346645986816595,0.18181818181818182,0.5842424242424242,0.7245232085760943,370,5,468,1661,2579,2209
0.019359335866582606,0.9866666666666667,0.9866666666666667,541.0793881891497,0.143522110162917,0.18181818181818182,0.5842424242424242,0.7246481773339049,370,5,468,1660,2578,2208
0.019372534123181764,0.9866666666666667,0.9866666666666667,540.7534367504815,0.1435778036476523,0.18181818181818182,0.5842424242424242,0.7247731460917154,370,5,468,1659,2577,2207
0.01938981351335051,0.9866666666666667,0.9866666666666667,540.4274853118133,0.14363354037267081,0.18181818181818182,0.5842424242424242,0.7248981148495259,370,5,468,1658,2576,2206
0.019400443562607266,0.9866666666666667,0.9866666666666667,540.1015338731452,0.1436893203883495,0.18181818181818182,0.5842424242424242,0.7250230836073365,370,5,468,1657,2575,2205
0.0194153650024684,0.9866666666666667,0.9866666666666667,539.775582434477,0.14374514374514374,0.18181818181818182,0.5842424242424242,0.725148052365147,370,5,468,1656,2574,2204
0.019435341586232033,0.9866666666666667,0.9866666666666667,539.4496309958088,0.14380101049358726,0.18181818181818182,0.5842424242424242,0.7252730211229577,370,5,468,1655,2573,2203
0.019479442862556127,0.9866666666666667,0.9866666666666667,539.1236795571407,0.14385692068429237,0.18181818181818182,0.5842424242424242,0.7253979898807681,370,5,468,1654,2572,2202
0.019499882848100343,0.9866666666666667,0.9866666666666667,538.7977281184725,0.14391287436795022,0.18181818181818182,0.5842424242424242,0.7255229586385787,370,5,468,1653,2571,2201
0.019504260329421718,0.9866666666666667,0.9866666666666667,538.4717766798043,0.14396887159533073,0.18181818181818182,0.5842424242424242,0.7256479273963893,370,5,468,1652,2570,2200
0.019508319659695485,0.9866666666666667,0.9866666666666667,538.1458252411362,0.144024912417283,0.18181818181818182,0.5842424242424242,0.7257728961541998,370,5,468,1651,2569,2199
0.01950974862846857,0.9866666666666667,0.9866666666666667,538.1458252411362,0.1440809968847352,0.18181818181818182,0.5842424242424242,0.7258978649120104,370,5,468,1651,2568,2198
0.019532309686858578,0.9866666666666667,0.9866666666666667,537.819873802468,0.14413712504869497,0.18181818181818182,0.5842424242424242,0.7260228336698209,370,5,468,1650,2567,2197
0.019543753823670153,0.9866666666666667,0.9866666666666667,537.4939223637998,0.1441932969602494,0.18181818181818182,0.5842424242424242,0.7261478024276314,370,5,468,1649,2566,2196
0.019548401819590513,0.9866666666666667,0.9866666666666667,537.1679709251317,0.1442495126705653,0.18181818181818182,0.5842424242424242,0.726272771185442,370,5,468,1648,2565,2195
0.019553996409799133,0.9866666666666667,0.9866666666666667,536.8420194864635,0.14430577223088922,0.18181818181818182,0.5842424242424242,0.7263977399432525,370,5,468,1647,2564,2194
0.019563490415369054,0.9866666666666667,0.9866666666666667,536.5160680477953,0.1443620756925478,0.18181818181818182,0.5842424242424242,0.7265227087010631,370,5,468,1646,2563,2193
0.019567921689141482,0.9866666666666667,0.9866666666666667,536.1901166091272,0.1444184231069477,0.18181818181818182,0.5842424242424242,0.7266476774588736,370,5,468,1645,2562,2192
0.019595601975051724,0.9866666666666667,0.9866666666666667,535.864165170459,0.14447481452557595,0.18181818181818182,0.5842424242424242,0.7267726462166841,370,5,468,1644,2561,2191
0.01960134764248275,0.9866666666666667,0.9866666666666667,535.864165170459,0.14453125,0.18181818181818182,0.5842424242424242,0.7268976149744947,370,5,468,1644,2560,2190
0.019626633422470008,0.9866666666666667,0.9866666666666667,535.864165170459,0.1445877295818679,0.18181818181818182,0.5842424242424242,0.7270225837323052,370,5,468,1644,2559,2189
0.01963778428613926,0.9866666666666667,0.9866666666666667,535.5382137317908,0.14464425332290853,0.18181818181818182,0.5842424242424242,0.7271475524901159,370,5,468,1643,2558,2188
0.019689671595183245,0.9866666666666667,0.9866666666666667,535.5382137317908,0.14470082127493156,0.18181818181818182,0.5842424242424242,0.7272725212479263,370,5,468,1643,2557,2187
0.01969092199308292,0.9866666666666667,0.9866666666666667,535.2122622931228,0.14475743348982786,0.18181818181818182,0.5842424242424242,0.727397490005737,370,5,468,1642,2556,2186
0.019694193369485743,0.9866666666666667,0.9866666666666667,534.8863108544546,0.14481409001956946,0.18181818181818182,0.5842424242424242,0.7275224587635475,370,5,468,1641,2555,2185
0.01970007553826908,0.9866666666666667,0.9866666666666667,534.5603594157864,0.14487079091620986,0.18181818181818182,0.5842424242424242,0.727647427521358,370,5,468,1640,2554,2184
0.01970192746829895,0.9866666666666667,0.9866666666666667,534.2344079771183,0.14492753623188406,0.18181818181818182,0.5842424242424242,0.7277723962791686,370,5,468,1639,2553,2183
0.019705506990305276,0.9866666666666667,0.9866666666666667,533.9084565384501,0.14498432601880878,0.18181818181818182,0.5842424242424242,0.7278973650369791,370,5,468,1638,2552,2182
0.019708074430060164,0.9866666666666667,0.9866666666666667,533.9084565384501,0.14504116032928263,0.18181818181818182,0.5842424242424242,0.7280223337947896,370,5,468,1638,2551,2181
0.019724939064912017,0.9866666666666667,0.9866666666666667,533.5825050997819,0.1450980392156863,0.18181818181818182,0.5842424242424242,0.7281473025526002,370,5,468,1637,2550,2180
0.01973602041211133,0.9866666666666667,0.9866666666666667,533.2565536611137,0.14515496273048253,0.18181818181818182,0.5842424242424242,0.7282722713104107,370,5,468,1636,2549,2179
0.019756014462816943,0.9866666666666667,0.9866666666666667,532.9306022224456,0.14521193092621665,0.18181818181818182,0.5842424242424242,0.7283972400682213,370,5,468,1635,2548,2178
0.019762743660235074,0.9866666666666667,0.9866666666666667,532.6046507837774,0.14526894385551628,0.18181818181818182,0.5842424242424242,0.7285222088260318,370,5,468,1634,2547,2177
0.01976340600873822,0.9866666666666667,0.9866666666666667,532.2786993451092,0.1453260015710919,0.18181818181818182,0.5842424242424242,0.7286471775838423,370,5,468,1633,2546,2176
0.019779404042591577,0.9866666666666667,0.9866666666666667,531.9527479064411,0.14538310412573674,0.18181818181818182,0.5842424242424242,0.728772146341653,370,5,468,1632,2545,2175
0.019788339952737766,0.9866666666666667,0.9866666666666667,531.9527479064411,0.14544025157232704,0.18181818181818182,0.5842424242424242,0.7288971150994634,370,5,468,1632,2544,2174
0.0197922838520783,0.9866666666666667,0.9866666666666667,531.9527479064411,0.14549744396382225,0.18181818181818182,0.5842424242424242,0.7290220838572741,370,5,468,1632,2543,2173
0.01979482265874021,0.9866666666666667,0.9866666666666667,531.6267964677729,0.14555468135326516,0.18181818181818182,0.5842424242424242,0.7291470526150845,370,5,468,1631,2542,2172
0.019794980582797297,0.9866666666666667,0.9866666666666667,531.6267964677729,0.14561196379378197,0.18181818181818182,0.5842424242424242,0.7292720213728952,370,5,468,1631,2541,2171
0.019795430072907155,0.9866666666666667,0.9866666666666667,531.3008450291047,0.14566929133858267,0.18181818181818182,0.5842424242424242,0.7293969901307057,370,5,468,1630,2540,2170
0.01980031716725889,0.9866666666666667,0.9866666666666667,530.9748935904366,0.14572666404096102,0.18181818181818182,0.5842424242424242,0.7295219588885162,370,5,468,1629,2539,2169
0.019827462099629635,0.9866666666666667,0.9866666666666667,530.6489421517684,0.1457840819542947,0.18181818181818182,0.5842424242424242,0.7296469276463268,370,5,468,1628,2538,2168
0.019839329959875057,0.9866666666666667,0.9866666666666667,530.3229907131002,0.14584154513204572,0.18181818181818182,0.5842424242424242,0.7297718964041373,370,5,468,1627,2537,2167
0.01984314938198257,0.9866666666666667,0.9866666666666667,529.9970392744322,0.14589905362776026,0.18181818181818182,0.5842424242424242,0.7298968651619478,370,5,468,1626,2536,2166
0.019872103052108275,0.9866666666666667,0.9866666666666667,529.671087835764,0.14595660749506903,0.18181818181818182,0.5842424242424242,0.7300218339197584,370,5,468,1625,2535,2165
0.01990852390966841,0.9866666666666667,0.9866666666666667,529.3451363970958,0.14601420678768745,0.18181818181818182,0.5842424242424242,0.7301468026775689,370,5,468,1624,2534,2164
0.01991226390445116,0.9866666666666667,0.9866666666666667,529.3451363970958,0.1460718515594157,0.18181818181818182,0.5842424242424242,0.7302717714353795,370,5,468,1624,2533,2163
0.019913345083161785,0.9866666666666667,0.9866666666666667,529.0191849584277,0.146129541864139,0.18181818181818182,0.5842424242424242,0.73039674019319,370,5,468,1623,2532,2162
0.019913817932180763,0.9866666666666667,0.9866666666666667,528.6932335197595,0.14618727775582774,0.18181818181818182,0.5842424242424242,0.7305217089510005,370,5,468,1622,2531,2161
0.019939091634697557,0.9866666666666667,0.9866666666666667,528.3672820810913,0.14624505928853754,0.18181818181818182,0.5842424242424242,0.7306466777088112,370,5,468,1621,2530,2160
0.019942631953025668,0.9866666666666667,0.9866666666666667,528.0413306424232,0.14630288651640966,0.18181818181818182,0.5842424242424242,0.7307716464666216,370,5,468,1620,2529,2159
0.019953662795586524,0.9866666666666667,0.9866666666666667,528.0413306424232,0.1463607594936709,0.18181818181818182,0.5842424242424242,0.7308966152244323,370,5,468,1620,2528,2158
0.019954237867593597,0.9866666666666667,0.9866666666666667,527.715379203755,0.14641867827463395,0.18181818181818182,0.5842424242424242,0.7310215839822428,370,5,468,1619,2527,2157
0.02003908896692542,0.9866666666666667,0.9866666666666667,527.3894277650868,0.14647664291369755,0.18181818181818182,0.5842424242424242,0.7311465527400534,370,5,468,1618,2526,2156
0.020066925958863845,0.9866666666666667,0.9866666666666667,527.0634763264187,0.14653465346534653,0.18181818181818182,0.5842424242424242,0.7312715214978639,370,5,468,1617,2525,2155
0.020070574567939207,0.9866666666666667,0.9866666666666667,527.0634763264187,0.14659270998415214,0.18181818181818182,0.5842424242424242,0.7313964902556744,370,5,468,1617,2524,2154
0.02007764854189616,0.9866666666666667,0.9866666666666667,527.0634763264187,0.1466508125247721,0.18181818181818182,0.5842424242424242,0.731521459013485,370,5,468,1617,2523,2153
0.020094802007145085,0.9866666666666667,0.9866666666666667,526.7375248877505,0.14670896114195084,0.18181818181818182,0.5842424242424242,0.7316464277712955,370,5,468,1616,2522,2152
0.02009646799082139,0.9866666666666667,0.9866666666666667,526.4115734490823,0.14676715589051964,0.18181818181818182,0.5842424242424242,0.731771396529106,370,5,468,1615,2521,2151
0.020099951727726578,0.9866666666666667,0.9866666666666667,526.0856220104141,0.14682539682539683,0.18181818181818182,0.5842424242424242,0.7318963652869166,370,5,468,1614,2520,2150
0.02010963631037868,0.9866666666666667,0.9866666666666667,525.759670571746,0.14688368400158794,0.18181818181818182,0.5842424242424242,0.7320213340447271,370,5,468,1613,2519,2149
0.020110282222875423,0.9866666666666667,0.9866666666666667,525.4337191330778,0.14694201747418587,0.18181818181818182,0.5842424242424242,0.7321463028025377,370,5,468,1612,2518,2148
0.020150234718298885,0.9866666666666667,0.9866666666666667,525.1077676944096,0.14700039729837108,0.18181818181818182,0.5842424242424242,0.7322712715603482,370,5,468,1611,2517,2147
0.020162420263154724,0.9866666666666667,0.9866666666666667,524.7818162557415,0.14705882352941177,0.18181818181818182,0.5842424242424242,0.7323962403181588,370,5,468,1610,2516,2146
0.020169508734631112,0.9866666666666667,0.9866666666666667,524.4558648170733,0.147117296222664,0.18181818181818182,0.5842424242424242,0.7325212090759694,370,5,468,1609,2515,2145
0.020171866434110987,0.9866666666666667,0.9866666666666667,524.1299133784051,0.147175815433572,0.18181818181818182,0.5842424242424242,0.7326461778337798,370,5,468,1608,2514,2144
0.020183395229130745,0.9866666666666667,0.9866666666666667,523.8039619397371,0.14723438121766813,0.18181818181818182,0.5842424242424242,0.7327711465915905,370,5,468,1607,2513,2143
0.02019410685647764,0.9866666666666667,0.9866666666666667,523.4780105010689,0.14729299363057324,0.18181818181818182,0.5842424242424242,0.732896115349401,370,5,468,1606,2512,2142
0.02021713025705855,0.9866666666666667,0.9866666666666667,523.1520590624007,0.1473516527279968,0.18181818181818182,0.5842424242424242,0.7330210841072116,370,5,468,1605,2511,2141
0.020217659215846888,0.9866666666666667,0.9866666666666667,522.8261076237326,0.14741035856573706,0.18181818181818182,0.5842424242424242,0.7331460528650221,370,5,468,1604,2510,2140
0.020240993184876228,0.9866666666666667,0.9866666666666667,522.8261076237326,0.14746911119968115,0.18181818181818182,0.5842424242424242,0.7332710216228326,370,5,468,1604,2509,2139
0.02027984551236548,0.9866666666666667,0.9866666666666667,522.5001561850644,0.14752791068580542,0.18181818181818182,0.5842424242424242,0.7333959903806432,370,5,468,1603,2508,2138
0.020281238368689412,0.9866666666666667,0.9866666666666667,522.1742047463962,0.14758675708017552,0.18181818181818182,0.5842424242424242,0.7335209591384537,370,5,468,1602,2507,2137
0.02028172113958265,0.9866666666666667,0.9866666666666667,521.8482533077281,0.14764565043894654,0.18181818181818182,0.5842424242424242,0.7336459278962643,370,5,468,1601,2506,2136
0.020284768152471908,0.9866666666666667,0.9866666666666667,521.5223018690599,0.14770459081836326,0.18181818181818182,0.5842424242424242,0.7337708966540748,370,5,468,1600,2505,2135
0.020300535043122323,0.9866666666666667,0.9866666666666667,521.1963504303917,0.1477635782747604,0.18181818181818182,0.5842424242424242,0.7338958654118853,370,5,468,1599,2504,2134
0.02031992176493739,0.9866666666666667,0.9866666666666667,521.1963504303917,0.14782261286456252,0.18181818181818182,0.5842424242424242,0.7340208341696959,370,5,468,1599,2503,2133
0.020349358067467047,0.9866666666666667,0.9866666666666667,520.8703989917236,0.14788169464428458,0.18181818181818182,0.5842424242424242,0.7341458029275065,370,5,468,1598,2502,2132
0.020353829871488066,0.9866666666666667,0.9866666666666667,520.5444475530554,0.1479408236705318,0.18181818181818182,0.5842424242424242,0.734270771685317,370,5,468,1597,2501,2131
0.02038931599182836,0.9866666666666667,0.9866666666666667,520.2184961143872,0.148,0.18181818181818182,0.5842424242424242,0.7343957404431276,370,5,468,1596,2500,2130
0.020415896332745032,0.9866666666666667,0.9866666666666667,519.892544675719,0.1480592236894758,0.18181818181818182,0.5842424242424242,0.734520709200938,370,5,468,1595,2499,2129
0.02041769340253014,0.9866666666666667,0.9866666666666667,519.892544675719,0.14811849479583666,0.18181818181818182,0.5842424242424242,0.7346456779587487,370,5,468,1595,2498,2128
0.020447236053496107,0.9866666666666667,0.9866666666666667,519.892544675719,0.14817781337605127,0.18181818181818182,0.5842424242424242,0.7347706467165592,370,5,468,1595,2497,2127
0.020462953586617993,0.9866666666666667,0.9866666666666667,519.5665932370509,0.1482371794871795,0.18181818181818182,0.5842424242424242,0.7348956154743698,370,5,468,1594,2496,2126
0.020474191903887433,0.9866666666666667,0.9866666666666667,519.5665932370509,0.14829659318637275,0.18181818181818182,0.5842424242424242,0.7350205842321803,370,5,468,1594,2495,2125
0.020480367617333045,0.9866666666666667,0.9866666666666667,519.2406417983827,0.1483560545308741,0.18181818181818182,0.5842424242424242,0.7351455529899908,370,5,468,1593,2494,2124
0.020487569378301308,0.9866666666666667,0.9866666666666667,518.9146903597145,0.14841556357801844,0.18181818181818182,0.5842424242424242,0.7352705217478014,370,5,468,1592,2493,2123
0.02048802405405158,0.9866666666666667,0.9866666666666667,518.5887389210465,0.14847512038523275,0.18181818181818182,0.5842424242424242,0.7353954905056119,370,5,468,1591,2492,2122
0.020493923726831047,0.9866666666666667,0.9866666666666667,518.2627874823783,0.14853472501003612,0.18181818181818182,0.5842424242424242,0.7355204592634225,370,5,468,1590,2491,2121
0.020504002711991567,0.9866666666666667,0.9866666666666667,518.2627874823783,0.14859437751004015,0.18181818181818182,0.5842424242424242,0.735645428021233,370,5,468,1590,2490,2120
0.02052326444262946,0.9866666666666667,0.9866666666666667,517.9368360437101,0.14865407794294896,0.18181818181818182,0.5842424242424242,0.7357703967790435,370,5,468,1589,2489,2119
0.020534820001423596,0.9866666666666667,0.9866666666666667,517.610884605042,0.1487138263665595,0.18181818181818182,0.5842424242424242,0.7358953655368541,370,5,468,1588,2488,2118
0.02054257912510855,0.9866666666666667,0.9866666666666667,517.610884605042,0.14877362283876155,0.18181818181818182,0.5842424242424242,0.7360203342946647,370,5,468,1588,2487,2117
0.020552785251979223,0.9866666666666667,0.9866666666666667,517.610884605042,0.14883346741753822,0.18181818181818182,0.5842424242424242,0.7361453030524752,370,5,468,1588,2486,2116
0.020561989723876677,0.9866666666666667,0.9866666666666667,517.2849331663738,0.1488933601609658,0.18181818181818182,0.5842424242424242,0.7362702718102858,370,5,468,1587,2485,2115
0.02056282142319499,0.9866666666666667,0.9866666666666667,517.2849331663738,0.14895330112721417,0.18181818181818182,0.5842424242424242,0.7363952405680964,370,5,468,1587,2484,2114
0.020568701938118685,0.9866666666666667,0.9866666666666667,516.9589817277056,0.14901329037454691,0.18181818181818182,0.5842424242424242,0.7365202093259069,370,5,468,1586,2483,2113
0.02057139097297008,0.9866666666666667,0.9866666666666667,516.6330302890375,0.14907332796132153,0.18181818181818182,0.5842424242424242,0.7366451780837174,370,5,468,1585,2482,2112
0.0205822064138,0.9866666666666667,0.9866666666666667,516.3070788503693,0.14913341394598953,0.18356643356643357,0.5851165501165502,0.736770146841528,370,5,467,1584,2481,2111
0.02058396269957794,0.9866666666666667,0.9866666666666667,515.9811274117011,0.14919354838709678,0.18356643356643357,0.5851165501165502,0.7368951155993385,370,5,467,1583,2480,2110
0.020590844096457468,0.9866666666666667,0.9866666666666667,515.655175973033,0.14925373134328357,0.18356643356643357,0.5851165501165502,0.737020084357149,370,5,467,1582,2479,2109
0.020591205013132365,0.9866666666666667,0.9866666666666667,515.655175973033,0.1493139628732849,0.18356643356643357,0.5851165501165502,0.7371450531149596,370,5,467,1582,2478,2108
0.020593218117487856,0.9866666666666667,0.9866666666666667,515.3292245343648,0.14937424303593055,0.18356643356643357,0.5851165501165502,0.7372700218727701,370,5,467,1581,2477,2107
0.020594233115426745,0.9866666666666667,0.9866666666666667,515.3292245343648,0.1494345718901454,0.18356643356643357,0.5851165501165502,0.7373949906305807,370,5,467,1581,2476,2106
0.020598069236834507,0.9866666666666667,0.9866666666666667,515.0032730956966,0.1494949494949495,0.18356643356643357,0.5851165501165502,0.7375199593883912,370,5,467,1580,2475,2105
0.020606432411933807,0.9866666666666667,0.9866666666666667,514.6773216570285,0.14955537590945836,0.18356643356643357,0.5851165501165502,0.7376449281462018,370,5,467,1579,2474,2104
0.020613362412743017,0.9866666666666667,0.9866666666666667,514.3513702183603,0.14961585119288315,0.18356643356643357,0.5851165501165502,0.7377698969040123,370,5,467,1578,2473,2103
0.020615974504754865,0.9866666666666667,0.9866666666666667,514.0254187796921,0.14967637540453074,0.18356643356643357,0.5851165501165502,0.7378948656618229,370,5,467,1577,2472,2102
0.02062783515740888,0.9866666666666667,0.9866666666666667,514.0254187796921,0.14973694860380413,0.18356643356643357,0.5851165501165502,0.7380198344196334,370,5,467,1577,2471,2101
0.020636398644753935,0.9866666666666667,0.9866666666666667,514.0254187796921,0.14979757085020243,0.18356643356643357,0.5851165501165502,0.738144803177444,370,5,467,1577,2470,2100
0.02063640810479508,0.9866666666666667,0.9866666666666667,513.699467341024,0.1498582422033212,0.18356643356643357,0.5851165501165502,0.7382697719352546,370,5,467,1576,2469,2099
0.020645513909891305,0.9866666666666667,0.9866666666666667,513.3735159023558,0.14991896272285252,0.18356643356643357,0.5851165501165502,0.7383947406930651,370,5,467,1575,2468,2098
0.02065623385078024,0.9866666666666667,0.9866666666666667,513.0475644636876,0.14997973246858531,0.18356643356643357,0.5851165501165502,0.7385197094508756,370,5,467,1574,2467,2097
0.02067172721030383,0.9866666666666667,0.9866666666666667,512.7216130250195,0.15004055150040552,0.18356643356643357,0.5851165501165502,0.7386446782086862,370,5,467,1573,2466,2096
0.020677203400958976,0.9866666666666667,0.9866666666666667,512.3956615863514,0.15010141987829614,0.18356643356643357,0.5851165501165502,0.7387696469664967,370,5,467,1572,2465,2095
0.020679958268688268,0.9866666666666667,0.9866666666666667,512.0697101476832,0.15016233766233766,0.18356643356643357,0.5851165501165502,0.7388946157243073,370,5,467,1571,2464,2094
0.02070078155761698,0.9866666666666667,0.9866666666666667,512.0697101476832,0.15022330491270808,0.18356643356643357,0.5851165501165502,0.7390195844821178,370,5,467,1571,2463,2093
0.020715419384187125,0.9866666666666667,0.9866666666666667,511.743758709015,0.1502843216896832,0.18356643356643357,0.5851165501165502,0.7391445532399283,370,5,467,1570,2462,2092
0.02072306085513381,0.9866666666666667,0.9866666666666667,511.4178072703469,0.15034538805363673,0.18356643356643357,0.5851165501165502,0.7392695219977389,370,5,467,1569,2461,2091
0.020725497236038948,0.9866666666666667,0.9866666666666667,511.0918558316787,0.15040650406504066,0.18356643356643357,0.5851165501165502,0.7393944907555494,370,5,467,1568,2460,2090
0.0207255577894169,0.9866666666666667,0.9866666666666667,510.76590439301054,0.15046766978446524,0.18356643356643357,0.5851165501165502,0.73951945951336,370,5,467,1567,2459,2089
0.020733444842577102,0.9866666666666667,0.9866666666666667,510.43995295434235,0.15052888527257932,0.1853146853146853,0.585990675990676,0.7396444282711705,370,5,466,1566,2458,2088
0.020740599529974455,0.9866666666666667,0.9866666666666667,510.1140015156742,0.1505901505901506,0.1853146853146853,0.585990675990676,0.7397693970289811,370,5,466,1565,2457,2087
0.020742034106235537,0.9866666666666667,0.9866666666666667,509.78805007700606,0.15065146579804561,0.1853146853146853,0.585990675990676,0.7398943657867916,370,5,466,1564,2456,2086
0.020759677666029538,0.9866666666666667,0.9866666666666667,509.78805007700606,0.15071283095723015,0.1853146853146853,0.585990675990676,0.7400193345446022,370,5,466,1564,2455,2085
0.02077494268387234,0.9866666666666667,0.9866666666666667,509.46209863833786,0.15077424612876936,0.1853146853146853,0.585990675990676,0.7401443033024128,370,5,466,1563,2454,2084
0.02080790212015851,0.9866666666666667,0.9866666666666667,509.1361471996697,0.15083571137382795,0.1853146853146853,0.585990675990676,0.7402692720602233,370,5,466,1562,2453,2083
0.02082001133392836,0.9866666666666667,0.9866666666666667,509.1361471996697,0.15089722675367048,0.1853146853146853,0.585990675990676,0.7403942408180338,370,5,466,1562,2452,2082
0.02082339724063113,0.9866666666666667,0.9866666666666667,508.8101957610016,0.15095879232966136,0.1853146853146853,0.585990675990676,0.7405192095758444,370,5,466,1561,2451,2081
0.02082786226655521,0.9866666666666667,0.9866666666666667,508.4842443223334,0.1510204081632653,0.1853146853146853,0.585990675990676,0.7406441783336549,370,5,466,1560,2450,2080
0.02083487282914818,0.9866666666666667,0.9866666666666667,508.4842443223334,0.15108207431604737,0.1853146853146853,0.585990675990676,0.7407691470914655,370,5,466,1560,2449,2079
0.020837924270414747,0.9866666666666667,0.9866666666666667,508.15829288366524,0.1511437908496732,0.1853146853146853,0.585990675990676,0.740894115849276,370,5,466,1559,2448,2078
0.020846447087105792,0.9866666666666667,0.9866666666666667,508.15829288366524,0.15120555782590928,0.1853146853146853,0.585990675990676,0.7410190846070865,370,5,466,1559,2447,2077
0.02085650839980927,0.9866666666666667,0.9866666666666667,508.15829288366524,0.15126737530662307,0.1853146853146853,0.585990675990676,0.7411440533648971,370,5,466,1559,2446,2076
0.02085917236122813,0.9866666666666667,0.9866666666666667,508.15829288366524,0.15132924335378323,0.1853146853146853,0.585990675990676,0.7412690221227076,370,5,466,1559,2445,2075
0.020942439821150665,0.9866666666666667,0.9866666666666667,507.83234144499704,0.1513911620294599,0.1853146853146853,0.585990675990676,0.7413939908805183,370,5,466,1558,2444,2074
0.02094567215963929,0.9866666666666667,0.9866666666666667,507.5063900063289,0.1514531313958248,0.1853146853146853,0.585990675990676,0.7415189596383287,370,5,466,1557,2443,2073
0.020985883186567397,0.9866666666666667,0.9866666666666667,507.18043856766076,0.15151515151515152,0.1853146853146853,0.585990675990676,0.7416439283961394,370,5,466,1556,2442,2072
0.02099248198716429,0.9866666666666667,0.9866666666666667,507.18043856766076,0.15157722244981564,0.1853146853146853,0.585990675990676,0.7417688971539499,370,5,466,1556,2441,2071
0.02100028933000961,0.9866666666666667,0.9866666666666667,506.85448712899256,0.15163934426229508,0.1853146853146853,0.585990675990676,0.7418938659117604,370,5,466,1555,2440,2070
0.021028642943653277,0.9866666666666667,0.9866666666666667,506.5285356903244,0.15170151701517015,0.1853146853146853,0.585990675990676,0.742018834669571,370,5,466,1554,2439,2069
0.021051223938768023,0.9866666666666667,0.9866666666666667,506.2025842516563,0.15176374077112387,0.1853146853146853,0.585990675990676,0.7421438034273815,370,5,466,1553,2438,2068
0.02107384073606102,0.9866666666666667,0.9866666666666667,506.2025842516563,0.15182601559294215,0.1853146853146853,0.585990675990676,0.742268772185192,370,5,466,1553,2437,2067
0.02108668217600226,0.9866666666666667,0.9866666666666667,505.8766328129881,0.15188834154351397,0.1853146853146853,0.585990675990676,0.7423937409430026,370,5,466,1552,2436,2066
0.021092294549670838,0.9866666666666667,0.9866666666666667,505.55068137431994,0.15195071868583163,0.1853146853146853,0.585990675990676,0.7425187097008131,370,5,466,1551,2435,2065
0.02109249636089047,0.9866666666666667,0.9866666666666667,505.2247299356518,0.15201314708299096,0.1853146853146853,0.585990675990676,0.7426436784586237,370,5,466,1550,2434,2064
0.021118754056980285,0.9866666666666667,0.9866666666666667,504.8987784969836,0.15207562679819153,0.1853146853146853,0.585990675990676,0.7427686472164342,370,5,466,1549,2433,2063
0.021119093578716865,0.9866666666666667,0.9866666666666667,504.57282705831545,0.15213815789473684,0.1853146853146853,0.585990675990676,0.7428936159742447,370,5,466,1548,2432,2062
0.021139188718214765,0.9866666666666667,0.9866666666666667,504.24687561964726,0.15220074043603454,0.1853146853146853,0.585990675990676,0.7430185847320553,370,5,466,1547,2431,2061
0.02114935828509326,0.9866666666666667,0.9866666666666667,503.9209241809791,0.1522633744855967,0.1853146853146853,0.585990675990676,0.7431435534898658,370,5,466,1546,2430,2060
0.021152259792257325,0.9866666666666667,0.9866666666666667,503.594972742311,0.15232606010703995,0.18706293706293706,0.5868648018648018,0.7432685222476765,370,5,465,1545,2429,2059
0.021199067312634854,0.9866666666666667,0.9866666666666667,503.594972742311,0.15238879736408567,0.18706293706293706,0.5868648018648018,0.7433934910054869,370,5,465,1545,2428,2058
0.02119923175393759,0.9866666666666667,0.9866666666666667,503.2690213036428,0.15245158632056036,0.18706293706293706,0.5868648018648018,0.7435184597632976,370,5,465,1544,2427,2057
0.021201345105413796,0.9866666666666667,0.9866666666666667,502.94306986497463,0.15251442704039572,0.18706293706293706,0.5868648018648018,0.7436434285211081,370,5,465,1543,2426,2056
0.021217114545705837,0.9866666666666667,0.9866666666666667,502.94306986497463,0.15257731958762888,0.18706293706293706,0.5868648018648018,0.7437683972789186,370,5,465,1543,2425,2055
0.021237128692602233,0.9866666666666667,0.9866666666666667,502.6171184263065,0.15264026402640263,0.1888111888111888,0.5877389277389278,0.7438933660367292,370,5,464,1542,2424,2054
0.021271911607344013,0.9866666666666667,0.9866666666666667,502.6171184263065,0.15270326042096574,0.1888111888111888,0.5877389277389278,0.7440183347945397,370,5,464,1542,2423,2053
0.021285093525381483,0.9866666666666667,0.9866666666666667,502.2911669876383,0.152766308835673,0.1888111888111888,0.5877389277389278,0.7441433035523503,370,5,464,1541,2422,2052
0.021311786738832977,0.9866666666666667,0.9866666666666667,501.96521554897015,0.15282940933498554,0.1888111888111888,0.5877389277389278,0.7442682723101608,370,5,464,1540,2421,2051
0.02132399697371202,0.9866666666666667,0.9866666666666667,501.96521554897015,0.15289256198347106,0.1888111888111888,0.5877389277389278,0.7443932410679713,370,5,464,1540,2420,2050
0.021351791486237465,0.9866666666666667,0.9866666666666667,501.639264110302,0.15295576684580406,0.1888111888111888,0.5877389277389278,0.7445182098257819,370,5,464,1539,2419,2049
0.021358619949862205,0.9866666666666667,0.9866666666666667,501.3133126716338,0.15301902398676592,0.1888111888111888,0.5877389277389278,0.7446431785835924,370,5,464,1538,2418,2048
0.021395804587999955,0.9866666666666667,0.9866666666666667,501.3133126716338,0.15308233347124534,0.1888111888111888,0.5877389277389278,0.744768147341403,370,5,464,1538,2417,2047
0.02140979605167783,0.9866666666666667,0.9866666666666667,500.98736123296567,0.15314569536423842,0.1888111888111888,0.5877389277389278,0.7448931160992135,370,5,464,1537,2416,2046
0.021415297461970167,0.9866666666666667,0.9866666666666667,500.66140979429747,0.15320910973084886,0.1888111888111888,0.5877389277389278,0.745018084857024,370,5,464,1536,2415,2045
0.02141917301256749,0.9866666666666667,0.9866666666666667,500.66140979429747,0.15327257663628832,0.1888111888111888,0.5877389277389278,0.7451430536148347,370,5,464,1536,2414,2044
0.02143414937289744,0.9866666666666667,0.9866666666666667,500.66140979429747,0.1533360961458765,0.1888111888111888,0.5877389277389278,0.7452680223726451,370,5,464,1536,2413,2043
0.021451632232353947,0.9866666666666667,0.9866666666666667,500.3354583556293,0.15339966832504145,0.1888111888111888,0.5877389277389278,0.7453929911304558,370,5,464,1535,2412,2042
0.021468722534542534,0.9866666666666667,0.9866666666666667,500.0095069169612,0.1534632932393198,0.1888111888111888,0.5877389277389278,0.7455179598882663,370,5,464,1534,2411,2041
0.021499799364306658,0.9866666666666667,0.9866666666666667,499.683555478293,0.15352697095435686,0.1888111888111888,0.5877389277389278,0.7456429286460768,370,5,464,1533,2410,2040
0.0215038688656114,0.9866666666666667,0.9866666666666667,499.35760403962485,0.153590701535907,0.1888111888111888,0.5877389277389278,0.7457678974038874,370,5,464,1532,2409,2039
0.021519772110749968,0.9866666666666667,0.9866666666666667,499.0316526009567,0.1536544850498339,0.1888111888111888,0.5877389277389278,0.7458928661616979,370,5,464,1531,2408,2038
0.02152303474404156,0.9866666666666667,0.9866666666666667,498.7057011622885,0.15371832156211052,0.1888111888111888,0.5877389277389278,0.7460178349195085,370,5,464,1530,2407,2037
0.0215581715718669,0.9866666666666667,0.9866666666666667,498.37974972362036,0.15378221113881962,0.1888111888111888,0.5877389277389278,0.746142803677319,370,5,464,1529,2406,2036
0.021568453026793236,0.9866666666666667,0.9866666666666667,498.0537982849522,0.15384615384615385,0.1888111888111888,0.5877389277389278,0.7462677724351295,370,5,464,1528,2405,2035
0.021579132929890284,0.9866666666666667,0.9866666666666667,497.727846846284,0.15391014975041598,0.1888111888111888,0.5877389277389278,0.7463927411929401,370,5,464,1527,2404,2034
0.021581477633280832,0.9866666666666667,0.9866666666666667,497.4018954076159,0.15397419891801914,0.1888111888111888,0.5877389277389278,0.7465177099507506,370,5,464,1526,2403,2033
0.021605277631789432,0.9866666666666667,0.9866666666666667,497.0759439689477,0.1540383014154871,0.19055944055944055,0.5886130536130536,0.7466426787085612,370,5,463,1525,2402,2032
0.021651592777634454,0.9866666666666667,0.9866666666666667,497.0759439689477,0.1541024573094544,0.19055944055944055,0.5886130536130536,0.7467676474663718,370,5,463,1525,2401,2031
0.0216545462558181,0.9866666666666667,0.9866666666666667,496.74999253027954,0.15416666666666667,0.19055944055944055,0.5886130536130536,0.7468926162241822,370,5,463,1524,2400,2030
0.021661643098903793,0.9866666666666667,0.9866666666666667,496.74999253027954,0.15423092955398082,0.19055944055944055,0.5886130536130536,0.7470175849819929,370,5,463,1524,2399,2029
0.021668560268353936,0.9866666666666667,0.9866666666666667,496.4240410916114,0.1542952460383653,0.19055944055944055,0.5886130536130536,0.7471425537398034,370,5,463,1523,2398,2028
0.02167341412582022,0.9866666666666667,0.9866666666666667,496.4240410916114,0.1543596161869003,0.19055944055944055,0.5886130536130536,0.747267522497614,370,5,463,1523,2397,2027
0.021689364410768675,0.9866666666666667,0.9866666666666667,496.4240410916114,0.15442404006677796,0.19055944055944055,0.5886130536130536,0.7473924912554245,370,5,463,1523,2396,2026
0.021723957553277513,0.9866666666666667,0.9866666666666667,496.4240410916114,0.1544885177453027,0.19055944055944055,0.5886130536130536,0.747517460013235,370,5,463,1523,2395,2025
0.02173789965339234,0.9866666666666667,0.9866666666666667,496.0980896529432,0.1545530492898914,0.19055944055944055,0.5886130536130536,0.7476424287710456,370,5,463,1522,2394,2024
0.021738285007225192,0.9866666666666667,0.9866666666666667,496.0980896529432,0.15461763476807355,0.19055944055944055,0.5886130536130536,0.7477673975288561,370,5,463,1522,2393,2023
0.021739722214218084,0.9866666666666667,0.9866666666666667,495.77213821427506,0.15468227424749165,0.19055944055944055,0.5886130536130536,0.7478923662866667,370,5,463,1521,2392,2022
0.021749329349882298,0.9866666666666667,0.9866666666666667,495.4461867756069,0.1547469677959013,0.19055944055944055,0.5886130536130536,0.7480173350444772,370,5,463,1520,2391,2021
0.021760570707204153,0.9866666666666667,0.9866666666666667,495.1202353369387,0.15481171548117154,0.19055944055944055,0.5886130536130536,0.7481423038022877,370,5,463,1519,2390,2020
0.021791644584094626,0.9866666666666667,0.9866666666666667,495.1202353369387,0.15487651737128505,0.19055944055944055,0.5886130536130536,0.7482672725600983,370,5,463,1519,2389,2019
0.021795843869370137,0.9866666666666667,0.9866666666666667,494.7942838982706,0.15494137353433834,0.19055944055944055,0.5886130536130536,0.7483922413179088,370,5,463,1518,2388,2018
0.02182309151034531,0.9866666666666667,0.9866666666666667,494.46833245960244,0.1550062840385421,0.19055944055944055,0.5886130536130536,0.7485172100757194,370,5,463,1517,2387,2017
0.021844092336454003,0.9866666666666667,0.9866666666666667,494.14238102093424,0.1550712489522213,0.19055944055944055,0.5886130536130536,0.74864217883353,370,5,463,1516,2386,2016
0.021921991466103994,0.9866666666666667,0.9866666666666667,493.8164295822661,0.15513626834381553,0.19055944055944055,0.5886130536130536,0.7487671475913404,370,5,463,1515,2385,2015
0.021932065890748434,0.9866666666666667,0.9866666666666667,493.4904781435979,0.1552013422818792,0.19055944055944055,0.5886130536130536,0.7488921163491511,370,5,463,1514,2384,2014
0.021947458662141938,0.9866666666666667,0.9866666666666667,493.16452670492976,0.15526647083508183,0.19055944055944055,0.5886130536130536,0.7490170851069615,370,5,463,1513,2383,2013
0.021962677298159875,0.9866666666666667,0.9866666666666667,493.16452670492976,0.15533165407220823,0.19055944055944055,0.5886130536130536,0.7491420538647722,370,5,463,1513,2382,2012
0.02196387023916139,0.9866666666666667,0.9866666666666667,492.8385752662616,0.15539689206215876,0.19055944055944055,0.5886130536130536,0.7492670226225827,370,5,463,1512,2381,2011
0.021972033008153573,0.9866666666666667,0.9866666666666667,492.8385752662616,0.15546218487394958,0.19055944055944055,0.5886130536130536,0.7493919913803933,370,5,463,1512,2380,2010
0.021973122631208132,0.9866666666666667,0.9866666666666667,492.8385752662616,0.1555275325767129,0.19055944055944055,0.5886130536130536,0.7495169601382038,370,5,463,1512,2379,2009
0.02199600600522611,0.9866666666666667,0.9866666666666667,492.5126238275934,0.15559293523969722,0.19055944055944055,0.5886130536130536,0.7496419288960143,370,5,463,1511,2378,2008
0.021998659906019187,0.9866666666666667,0.9866666666666667,492.1866723889253,0.15565839293226758,0.19055944055944055,0.5886130536130536,0.7497668976538249,370,5,463,1510,2377,2007
0.02200450499672272,0.9866666666666667,0.9866666666666667,491.86072095025713,0.15572390572390574,0.19055944055944055,0.5886130536130536,0.7498918664116354,370,5,463,1509,2376,2006
0.022008695535095272,0.9866666666666667,0.9866666666666667,491.53476951158893,0.15578947368421053,0.19055944055944055,0.5886130536130536,0.750016835169446,370,5,463,1508,2375,2005
0.022009068675701637,0.9866666666666667,0.9866666666666667,491.53476951158893,0.15585509688289806,0.19055944055944055,0.5886130536130536,0.7501418039272565,370,5,463,1508,2374,2004
0.022013440138972724,0.9866666666666667,0.9866666666666667,491.53476951158893,0.15592077538980195,0.19055944055944055,0.5886130536130536,0.7502667726850671,370,5,463,1508,2373,2003
0.02201488983189545,0.9866666666666667,0.9866666666666667,491.2088180729208,0.15598650927487354,0.19055944055944055,0.5886130536130536,0.7503917414428776,370,5,463,1507,2372,2002
0.022015843836450007,0.9866666666666667,0.9866666666666667,490.88286663425265,0.1560522986081822,0.19055944055944055,0.5886130536130536,0.7505167102006882,370,5,463,1506,2371,2001
0.022026535084013428,0.9866666666666667,0.9866666666666667,490.88286663425265,0.15611814345991562,0.19055944055944055,0.5886130536130536,0.7506416789584986,370,5,463,1506,2370,2000
0.02205038860044679,0.9866666666666667,0.9866666666666667,490.88286663425265,0.1561840439003799,0.19055944055944055,0.5886130536130536,0.7507666477163093,370,5,463,1506,2369,1999
0.02205162958369625,0.9866666666666667,0.9866666666666667,490.55691519558445,0.15625,0.19055944055944055,0.5886130536130536,0.7508916164741197,370,5,463,1505,2368,1998
0.022055440447585825,0.9866666666666667,0.9866666666666667,490.55691519558445,0.1563160118293198,0.19055944055944055,0.5886130536130536,0.7510165852319304,370,5,463,1505,2367,1997
0.02210537626881111,0.9866666666666667,0.9866666666666667,490.55691519558445,0.15638207945900254,0.19055944055944055,0.5886130536130536,0.7511415539897409,370,5,463,1505,2366,1996
0.022147739997418658,0.9866666666666667,0.9866666666666667,490.2309637569163,0.15644820295983086,0.19055944055944055,0.5886130536130536,0.7512665227475515,370,5,463,1504,2365,1995
0.02217207045133565,0.9866666666666667,0.9866666666666667,490.2309637569163,0.15651438240270726,0.19055944055944055,0.5886130536130536,0.751391491505362,370,5,463,1504,2364,1994
0.022178394388348132,0.9866666666666667,0.9866666666666667,489.9050123182481,0.15658061785865426,0.19055944055944055,0.5886130536130536,0.7515164602631725,370,5,463,1503,2363,1993
0.0221878326978581,0.9866666666666667,0.9866666666666667,489.57906087957997,0.15664690939881457,0.19055944055944055,0.5886130536130536,0.7516414290209831,370,5,463,1502,2362,1992
0.02221127573447457,0.9866666666666667,0.9866666666666667,489.57906087957997,0.1567132570944515,0.19055944055944055,0.5886130536130536,0.7517663977787936,370,5,463,1502,2361,1991
0.022225488581262807,0.9866666666666667,0.9866666666666667,489.2531094409118,0.15677966101694915,0.19055944055944055,0.5886130536130536,0.7518913665366043,370,5,463,1501,2360,1990
0.022261531265320593,0.9866666666666667,0.9866666666666667,488.92715800224363,0.15684612123781264,0.19055944055944055,0.5886130536130536,0.7520163352944147,370,5,463,1500,2359,1989
0.022266700739564618,0.9866666666666667,0.9866666666666667,488.6012065635755,0.15691263782866835,0.19055944055944055,0.5886130536130536,0.7521413040522253,370,5,463,1499,2358,1988
0.022276812390978132,0.9866666666666667,0.9866666666666667,488.27525512490735,0.15697921086126432,0.19055944055944055,0.5886130536130536,0.7522662728100358,370,5,463,1498,2357,1987
0.022290947026165228,0.9866666666666667,0.9866666666666667,487.94930368623915,0.1570458404074703,0.19230769230769232,0.5894871794871795,0.7523912415678464,370,5,462,1497,2356,1986
0.02229925813567613,0.9866666666666667,0.9866666666666667,487.623352247571,0.15711252653927812,0.19230769230769232,0.5894871794871795,0.7525162103256569,370,5,462,1496,2355,1985
0.02230700711972837,0.9866666666666667,0.9866666666666667,487.29740080890286,0.15717926932880205,0.19230769230769232,0.5894871794871795,0.7526411790834675,370,5,462,1495,2354,1984
0.0223401218931814,0.9866666666666667,0.9866666666666667,486.97144937023467,0.1572460688482788,0.19230769230769232,0.5894871794871795,0.752766147841278,370,5,462,1494,2353,1983
0.022349876742458186,0.9866666666666667,0.9866666666666667,486.97144937023467,0.15731292517006804,0.19230769230769232,0.5894871794871795,0.7528911165990886,370,5,462,1494,2352,1982
0.02235194320564509,0.9866666666666667,0.9866666666666667,486.6454979315665,0.15737983836665248,0.19230769230769232,0.5894871794871795,0.7530160853568991,370,5,462,1493,2351,1981
0.022385924811321407,0.9866666666666667,0.9866666666666667,486.6454979315665,0.1574468085106383,0.19230769230769232,0.5894871794871795,0.7531410541147097,370,5,462,1493,2350,1980
0.022387438465815125,0.9866666666666667,0.9866666666666667,486.6454979315665,0.15751383567475521,0.19230769230769232,0.5894871794871795,0.7532660228725202,370,5,462,1493,2349,1979
0.022417215117661527,0.9866666666666667,0.9866666666666667,486.3195464928983,0.1575809199318569,0.19230769230769232,0.5894871794871795,0.7533909916303307,370,5,462,1492,2348,1978
0.022445337565596253,0.9866666666666667,0.9866666666666667,485.9935950542302,0.15764806135492118,0.19230769230769232,0.5894871794871795,0.7535159603881413,370,5,462,1491,2347,1977
0.022453030039671983,0.9866666666666667,0.9866666666666667,485.66764361556204,0.1577152600170503,0.19230769230769232,0.5894871794871795,0.7536409291459518,370,5,462,1490,2346,1976
0.022454194698206066,0.9866666666666667,0.9866666666666667,485.34169217689384,0.15778251599147122,0.19230769230769232,0.5894871794871795,0.7537658979037625,370,5,462,1489,2345,1975
0.02245910874354389,0.9866666666666667,0.9866666666666667,485.0157407382257,0.15784982935153583,0.19230769230769232,0.5894871794871795,0.7538908666615729,370,5,462,1488,2344,1974
0.02246150552784545,0.9866666666666667,0.9866666666666667,484.68978929955756,0.1579172001707213,0.19230769230769232,0.5894871794871795,0.7540158354193836,370,5,462,1487,2343,1973
0.022477236617340034,0.9866666666666667,0.9866666666666667,484.36383786088936,0.15798462852263023,0.19230769230769232,0.5894871794871795,0.754140804177194,370,5,462,1486,2342,1972
0.022511564635975027,0.9866666666666667,0.9866666666666667,484.36383786088936,0.15805211448099102,0.19230769230769232,0.5894871794871795,0.7542657729350046,370,5,462,1486,2341,1971
0.02253256524415366,0.9866666666666667,0.9866666666666667,484.36383786088936,0.1581196581196581,0.19230769230769232,0.5894871794871795,0.7543907416928151,370,5,462,1486,2340,1970
0.022536343414085513,0.9866666666666667,0.9866666666666667,484.0378864222212,0.15818725951261223,0.19230769230769232,0.5894871794871795,0.7545157104506257,370,5,462,1485,2339,1969
0.02255567194289986,0.9866666666666667,0.9866666666666667,484.0378864222212,0.15825491873396064,0.19230769230769232,0.5894871794871795,0.7546406792084362,370,5,462,1485,2338,1968
0.022561262580434255,0.9866666666666667,0.9866666666666667,483.711934983553,0.15832263585793752,0.19230769230769232,0.5894871794871795,0.7547656479662468,370,5,462,1484,2337,1967
0.022578378142263343,0.9866666666666667,0.9866666666666667,483.3859835448849,0.1583904109589041,0.19230769230769232,0.5894871794871795,0.7548906167240573,370,5,462,1483,2336,1966
0.022616275890977814,0.9866666666666667,0.9866666666666667,483.3859835448849,0.15845824411134904,0.19230769230769232,0.5894871794871795,0.7550155854818679,370,5,462,1483,2335,1965
0.022620668878292137,0.9866666666666667,0.9866666666666667,483.06003210621674,0.1585261353898886,0.19230769230769232,0.5894871794871795,0.7551405542396784,370,5,462,1482,2334,1964
0.022627096382109413,0.9866666666666667,0.9866666666666667,482.73408066754854,0.15859408486926704,0.19230769230769232,0.5894871794871795,0.755265522997489,370,5,462,1481,2333,1963
0.02263055378128658,0.9866666666666667,0.9866666666666667,482.4081292288804,0.15866209262435677,0.19230769230769232,0.5894871794871795,0.7553904917552995,370,5,462,1480,2332,1962
0.02263689550635369,0.9866666666666667,0.9866666666666667,482.4081292288804,0.15873015873015872,0.19230769230769232,0.5894871794871795,0.75551546051311,370,5,462,1480,2331,1961
0.022637266352365664,0.9866666666666667,0.9866666666666667,482.08217779021226,0.15879828326180256,0.19230769230769232,0.5894871794871795,0.7556404292709207,370,5,462,1479,2330,1960
0.022645231982197738,0.9866666666666667,0.9866666666666667,481.75622635154406,0.158866466294547,0.19230769230769232,0.5894871794871795,0.7557653980287311,370,5,462,1478,2329,1959
0.022662870736520326,0.9866666666666667,0.9866666666666667,481.4302749128759,0.15893470790378006,0.19230769230769232,0.5894871794871795,0.7558903667865418,370,5,462,1477,2328,1958
0.022663738289077216,0.9866666666666667,0.9866666666666667,481.1043234742078,0.15900300816501933,0.19230769230769232,0.5894871794871795,0.7560153355443522,370,5,462,1476,2327,1957
0.022671693641070204,0.9866666666666667,0.9866666666666667,481.1043234742078,0.1590713671539123,0.19230769230769232,0.5894871794871795,0.7561403043021628,370,5,462,1476,2326,1956
0.022674871991655868,0.9866666666666667,0.9866666666666667,480.7783720355396,0.15913978494623657,0.19230769230769232,0.5894871794871795,0.7562652730599733,370,5,462,1475,2325,1955
0.022680808387424957,0.9866666666666667,0.9866666666666667,480.45242059687143,0.15920826161790017,0.19230769230769232,0.5894871794871795,0.7563902418177839,370,5,462,1474,2324,1954
0.022683448266454655,0.9866666666666667,0.9866666666666667,480.45242059687143,0.1592767972449419,0.19230769230769232,0.5894871794871795,0.7565152105755945,370,5,462,1474,2323,1953
0.02270631372446431,0.9866666666666667,0.9866666666666667,480.45242059687143,0.15934539190353145,0.19230769230769232,0.5894871794871795,0.756640179333405,370,5,462,1474,2322,1952
0.022706772133656093,0.9866666666666667,0.9866666666666667,480.12646915820324,0.15941404566996983,0.19230769230769232,0.5894871794871795,0.7567651480912155,370,5,462,1473,2321,1951
0.02271691309493966,0.9866666666666667,0.9866666666666667,479.8005177195351,0.15948275862068967,0.19230769230769232,0.5894871794871795,0.7568901168490261,370,5,462,1472,2320,1950
0.022748648733670513,0.9866666666666667,0.9866666666666667,479.47456628086695,0.1595515308322553,0.19230769230769232,0.5894871794871795,0.7570150856068366,370,5,462,1471,2319,1949
0.022782736534882556,0.9866666666666667,0.9866666666666667,479.14861484219875,0.15962036238136323,0.19230769230769232,0.5894871794871795,0.7571400543646472,370,5,462,1470,2318,1948
0.02280530108296144,0.9866666666666667,0.9866666666666667,478.8226634035306,0.15968925334484246,0.19230769230769232,0.5894871794871795,0.7572650231224578,370,5,462,1469,2317,1947
0.022810141037806247,0.9866666666666667,0.9866666666666667,478.49671196486247,0.15975820379965458,0.19230769230769232,0.5894871794871795,0.7573899918802682,370,5,462,1468,2316,1946
0.022817933491880146,0.9866666666666667,0.9866666666666667,478.1707605261943,0.15982721382289417,0.19230769230769232,0.5894871794871795,0.7575149606380789,370,5,462,1467,2315,1945
0.022864363151990294,0.9866666666666667,0.9866666666666667,477.84480908752613,0.1598962834917891,0.19230769230769232,0.5894871794871795,0.7576399293958893,370,5,462,1466,2314,1944
0.0228721455972186,0.9866666666666667,0.9866666666666667,477.518857648858,0.1599654128837008,0.19405594405594406,0.5903613053613054,0.7577648981537,370,5,461,1465,2313,1943
0.022872271931635352,0.9866666666666667,0.9866666666666667,477.1929062101898,0.16003460207612458,0.19405594405594406,0.5903613053613054,0.7578898669115104,370,5,461,1464,2312,1942
0.022886608898697352,0.9866666666666667,0.9866666666666667,476.86695477152165,0.16010385114668974,0.19405594405594406,0.5903613053613054,0.758014835669321,370,5,461,1463,2311,1941
0.02292717153648972,0.9866666666666667,0.9866666666666667,476.54100333285345,0.16017316017316016,0.19405594405594406,0.5903613053613054,0.7581398044271316,370,5,461,1462,2310,1940
0.0229292655878067,0.9866666666666667,0.9866666666666667,476.2150518941853,0.16024252923343438,0.19405594405594406,0.5903613053613054,0.7582647731849421,370,5,461,1461,2309,1939
0.022938097623454584,0.9866666666666667,0.9866666666666667,476.2150518941853,0.16031195840554593,0.19405594405594406,0.5903613053613054,0.7583897419427527,370,5,461,1461,2308,1938
0.022976558576949333,0.9866666666666667,0.9866666666666667,475.88910045551717,0.16038144776766364,0.19405594405594406,0.5903613053613054,0.7585147107005632,370,5,461,1460,2307,1937
0.02300779443418971,0.9866666666666667,0.9866666666666667,475.56314901684897,0.16045099739809193,0.19405594405594406,0.5903613053613054,0.7586396794583737,370,5,461,1459,2306,1936
0.02301403014566104,0.9866666666666667,0.9866666666666667,475.2371975781808,0.16052060737527116,0.19405594405594406,0.5903613053613054,0.7587646482161843,370,5,461,1458,2305,1935
0.0230346772392509,0.9866666666666667,0.9866666666666667,474.9112461395127,0.1605902777777778,0.1958041958041958,0.5912354312354312,0.7588896169739948,370,5,460,1457,2304,1934
0.02303646581945626,0.9866666666666667,0.9866666666666667,474.5852947008445,0.16066000868432478,0.1958041958041958,0.5912354312354312,0.7590145857318054,370,5,460,1456,2303,1933
0.023036993482596694,0.9866666666666667,0.9866666666666667,474.25934326217634,0.16072980017376196,0.1958041958041958,0.5912354312354312,0.759139554489616,370,5,460,1455,2302,1932
0.02305343346824238,0.9866666666666667,0.9866666666666667,474.25934326217634,0.16079965232507606,0.1958041958041958,0.5912354312354312,0.7592645232474264,370,5,460,1455,2301,1931
0.0230604879324863,0.9866666666666667,0.9866666666666667,473.9333918235082,0.1608695652173913,0.1958041958041958,0.5912354312354312,0.7593894920052371,370,5,460,1454,2300,1930
0.023089216620823704,0.9866666666666667,0.9866666666666667,473.60744038484,0.16093953892996954,0.1958041958041958,0.5912354312354312,0.7595144607630475,370,5,460,1453,2299,1929
0.023129847144892052,0.9866666666666667,0.9866666666666667,473.28148894617186,0.16100957354221063,0.1958041958041958,0.5912354312354312,0.7596394295208582,370,5,460,1452,2298,1928
0.02314001085831411,0.9866666666666667,0.9866666666666667,472.95553750750366,0.1610796691336526,0.1958041958041958,0.5912354312354312,0.7597643982786686,370,5,460,1451,2297,1927
0.023162112043339345,0.9866666666666667,0.9866666666666667,472.95553750750366,0.16114982578397213,0.1958041958041958,0.5912354312354312,0.7598893670364792,370,5,460,1451,2296,1926
0.023170338108748356,0.9866666666666667,0.9866666666666667,472.6295860688355,0.16122004357298475,0.1958041958041958,0.5912354312354312,0.7600143357942898,370,5,460,1450,2295,1925
0.02318244119800799,0.9866666666666667,0.9866666666666667,472.3036346301674,0.16129032258064516,0.1958041958041958,0.5912354312354312,0.7601393045521003,370,5,460,1449,2294,1924
0.02320192594565276,0.9866666666666667,0.9866666666666667,471.9776831914992,0.16136066288704753,0.1958041958041958,0.5912354312354312,0.7602642733099109,370,5,460,1448,2293,1923
0.023204781102020646,0.9866666666666667,0.9866666666666667,471.65173175283104,0.16143106457242584,0.1958041958041958,0.5912354312354312,0.7603892420677214,370,5,460,1447,2292,1922
0.023214919924973272,0.9866666666666667,0.9866666666666667,471.3257803141629,0.1615015277171541,0.1958041958041958,0.5912354312354312,0.7605142108255319,370,5,460,1446,2291,1921
0.02323911454519473,0.9866666666666667,0.9866666666666667,471.3257803141629,0.1615720524017467,0.1958041958041958,0.5912354312354312,0.7606391795833425,370,5,460,1446,2290,1920
0.02324570852123136,0.9866666666666667,0.9866666666666667,470.9998288754947,0.16164263870685888,0.1958041958041958,0.5912354312354312,0.760764148341153,370,5,460,1445,2289,1919
0.02324890373329567,0.9866666666666667,0.9866666666666667,470.67387743682656,0.16171328671328672,0.1958041958041958,0.5912354312354312,0.7608891170989636,370,5,460,1444,2288,1918
0.02325612152762369,0.9866666666666667,0.9866666666666667,470.67387743682656,0.16178399650196765,0.1958041958041958,0.5912354312354312,0.7610140858567742,370,5,460,1444,2287,1917
0.023283043452666203,0.9866666666666667,0.9866666666666667,470.67387743682656,0.16185476815398075,0.1958041958041958,0.5912354312354312,0.7611390546145846,370,5,460,1444,2286,1916
0.023292432828607216,0.9866666666666667,0.9866666666666667,470.3479259981584,0.16192560175054704,0.1958041958041958,0.5912354312354312,0.7612640233723953,370,5,460,1443,2285,1915
0.02330182940374272,0.9866666666666667,0.9866666666666667,470.0219745594902,0.16199649737302976,0.1958041958041958,0.5912354312354312,0.7613889921302057,370,5,460,1442,2284,1914
0.023314756796341086,0.9866666666666667,0.9866666666666667,469.6960231208221,0.16206745510293474,0.1958041958041958,0.5912354312354312,0.7615139608880164,370,5,460,1441,2283,1913
0.02332296730661416,0.9866666666666667,0.9866666666666667,469.3700716821539,0.16213847502191062,0.1958041958041958,0.5912354312354312,0.7616389296458268,370,5,460,1440,2282,1912
0.02333958815358078,0.9866666666666667,0.9866666666666667,469.04412024348574,0.16220955721174923,0.1958041958041958,0.5912354312354312,0.7617638984036375,370,5,460,1439,2281,1911
0.023349647970507623,0.9866666666666667,0.9866666666666667,468.7181688048176,0.16228070175438597,0.1958041958041958,0.5912354312354312,0.761888867161448,370,5,460,1438,2280,1910
0.02338693699085873,0.9866666666666667,0.9866666666666667,468.3922173661494,0.16235190873189995,0.19755244755244755,0.5921095571095571,0.7620138359192585,370,5,459,1437,2279,1909
0.02342940391122427,0.9866666666666667,0.9866666666666667,468.06626592748125,0.16242317822651448,0.19755244755244755,0.5921095571095571,0.7621388046770691,370,5,459,1436,2278,1908
0.023453050230102815,0.9866666666666667,0.9866666666666667,467.7403144888131,0.16249451032059728,0.19755244755244755,0.5921095571095571,0.7622637734348796,370,5,459,1435,2277,1907
0.023464054872094665,0.9866666666666667,0.9866666666666667,467.4143630501449,0.1625659050966608,0.19755244755244755,0.5921095571095571,0.7623887421926901,370,5,459,1434,2276,1906
0.02346584248648043,0.9866666666666667,0.9866666666666667,467.0884116114768,0.16263736263736264,0.19755244755244755,0.5921095571095571,0.7625137109505007,370,5,459,1433,2275,1905
0.023494030912349324,0.9866666666666667,0.9866666666666667,466.76246017280863,0.1627088830255057,0.19755244755244755,0.5921095571095571,0.7626386797083113,370,5,459,1432,2274,1904
0.023501060594566525,0.9866666666666667,0.9866666666666667,466.43650873414043,0.16278046634403873,0.19755244755244755,0.5921095571095571,0.7627636484661218,370,5,459,1431,2273,1903
0.023502555815596734,0.9866666666666667,0.9866666666666667,466.1105572954723,0.16285211267605634,0.19755244755244755,0.5921095571095571,0.7628886172239324,370,5,459,1430,2272,1902
0.023511729707846315,0.9866666666666667,0.9866666666666667,465.7846058568041,0.16292382210479964,0.19755244755244755,0.5921095571095571,0.7630135859817428,370,5,459,1429,2271,1901
0.02354700508562564,0.9866666666666667,0.9866666666666667,465.45865441813595,0.16299559471365638,0.19755244755244755,0.5921095571095571,0.7631385547395535,370,5,459,1428,2270,1900
0.023554463277554862,0.9866666666666667,0.9866666666666667,465.1327029794678,0.1630674305861613,0.19755244755244755,0.5921095571095571,0.7632635234973639,370,5,459,1427,2269,1899
0.023558089927657986,0.9866666666666667,0.9866666666666667,464.8067515407996,0.16313932980599646,0.19755244755244755,0.5921095571095571,0.7633884922551746,370,5,459,1426,2268,1898
0.023582561392028033,0.9866666666666667,0.9866666666666667,464.8067515407996,0.16321129245699162,0.19755244755244755,0.5921095571095571,0.7635134610129851,370,5,459,1426,2267,1897
0.02358316021833181,0.9866666666666667,0.9866666666666667,464.48080010213147,0.16328331862312445,0.19755244755244755,0.5921095571095571,0.7636384297707957,370,5,459,1425,2266,1896
0.023599035110875473,0.9866666666666667,0.9866666666666667,464.48080010213147,0.16335540838852097,0.19755244755244755,0.5921095571095571,0.7637633985286062,370,5,459,1425,2265,1895
0.02360277064509097,0.9866666666666667,0.9866666666666667,464.1548486634633,0.16342756183745583,0.19755244755244755,0.5921095571095571,0.7638883672864167,370,5,459,1424,2264,1894
0.02366927492003892,0.9866666666666667,0.9866666666666667,464.1548486634633,0.16349977905435262,0.19755244755244755,0.5921095571095571,0.7640133360442273,370,5,459,1424,2263,1893
0.023673998955597582,0.9866666666666667,0.9866666666666667,463.8288972247951,0.16357206012378425,0.19755244755244755,0.5921095571095571,0.7641383048020378,370,5,459,1423,2262,1892
0.02372055447998668,0.9866666666666667,0.9866666666666667,463.502945786127,0.16364440513047324,0.19755244755244755,0.5921095571095571,0.7642632735598484,370,5,459,1422,2261,1891
0.023724772164512027,0.9866666666666667,0.9866666666666667,463.17699434745884,0.16371681415929204,0.19755244755244755,0.5921095571095571,0.7643882423176589,370,5,459,1421,2260,1890
0.023749476288065625,0.9866666666666667,0.9866666666666667,462.85104290879065,0.1637892872952634,0.19755244755244755,0.5921095571095571,0.7645132110754695,370,5,459,1420,2259,1889
0.023760036717153418,0.9866666666666667,0.9866666666666667,462.5250914701225,0.16386182462356066,0.19755244755244755,0.5921095571095571,0.76463817983328,370,5,459,1419,2258,1888
0.023766421188004372,0.9866666666666667,0.9866666666666667,462.5250914701225,0.16393442622950818,0.19755244755244755,0.5921095571095571,0.7647631485910906,370,5,459,1419,2257,1887
0.023781719570295727,0.9866666666666667,0.9866666666666667,462.1991400314543,0.16400709219858156,0.1993006993006993,0.592983682983683,0.764888117348901,370,5,458,1418,2256,1886
0.02379480401481459,0.9866666666666667,0.9866666666666667,461.87318859278616,0.164079822616408,0.1993006993006993,0.592983682983683,0.7650130861067117,370,5,458,1417,2255,1885
0.02379793035447708,0.9866666666666667,0.9866666666666667,461.547237154118,0.16415261756876665,0.1993006993006993,0.592983682983683,0.7651380548645221,370,5,458,1416,2254,1884
0.0238455562995634,0.9866666666666667,0.9866666666666667,461.2212857154498,0.164225477141589,0.1993006993006993,0.592983682983683,0.7652630236223328,370,5,458,1415,2253,1883
0.023846928225174487,0.9866666666666667,0.9866666666666667,460.8953342767817,0.16429840142095914,0.1993006993006993,0.592983682983683,0.7653879923801433,370,5,458,1414,2252,1882
0.02389764872347491,0.9866666666666667,0.9866666666666667,460.56938283811354,0.16437139049311417,0.1993006993006993,0.592983682983683,0.7655129611379539,370,5,458,1413,2251,1881
0.023905536292357636,0.9866666666666667,0.9866666666666667,460.56938283811354,0.16444444444444445,0.1993006993006993,0.592983682983683,0.7656379298957644,370,5,458,1413,2250,1880
0.023934125098045104,0.9866666666666667,0.9866666666666667,460.56938283811354,0.164517563361494,0.1993006993006993,0.592983682983683,0.7657628986535749,370,5,458,1413,2249,1879
0.02395645320651627,0.9866666666666667,0.9866666666666667,460.24343139944534,0.16459074733096085,0.1993006993006993,0.592983682983683,0.7658878674113855,370,5,458,1412,2248,1878
0.02396730002904274,0.9866666666666667,0.9866666666666667,459.9174799607772,0.16466399643969737,0.1993006993006993,0.592983682983683,0.766012836169196,370,5,458,1411,2247,1877
0.023974473044864244,0.9866666666666667,0.9866666666666667,459.9174799607772,0.1647373107747106,0.1993006993006993,0.592983682983683,0.7661378049270066,370,5,458,1411,2246,1876
0.024019630171740424,0.9866666666666667,0.9866666666666667,459.9174799607772,0.16481069042316257,0.1993006993006993,0.592983682983683,0.7662627736848171,370,5,458,1411,2245,1875
0.02402037570639918,0.9866666666666667,0.9866666666666667,459.591528522109,0.16488413547237077,0.1993006993006993,0.592983682983683,0.7663877424426278,370,5,458,1410,2244,1874
0.024022943814058735,0.9866666666666667,0.9866666666666667,459.26557708344086,0.16495764600980828,0.1993006993006993,0.592983682983683,0.7665127112004382,370,5,458,1409,2243,1873
0.024023598585905845,0.9866666666666667,0.9866666666666667,458.9396256447727,0.16503122212310437,0.1993006993006993,0.592983682983683,0.7666376799582488,370,5,458,1408,2242,1872
0.024031047723885587,0.9866666666666667,0.9866666666666667,458.9396256447727,0.1651048639000446,0.1993006993006993,0.592983682983683,0.7667626487160593,370,5,458,1408,2241,1871
0.024057551187202875,0.9866666666666667,0.9866666666666667,458.6136742061045,0.16517857142857142,0.1993006993006993,0.592983682983683,0.7668876174738699,370,5,458,1407,2240,1870
0.024064509262250268,0.9866666666666667,0.9866666666666667,458.2877227674364,0.16525234479678427,0.1993006993006993,0.592983682983683,0.7670125862316803,370,5,458,1406,2239,1869
0.024080964700028584,0.9866666666666667,0.9866666666666667,457.96177132876824,0.16532618409294011,0.1993006993006993,0.592983682983683,0.767137554989491,370,5,458,1405,2238,1868
0.02410746286822286,0.9866666666666667,0.9866666666666667,457.63581989010004,0.16540008940545373,0.1993006993006993,0.592983682983683,0.7672625237473015,370,5,458,1404,2237,1867
0.024169947560909653,0.9866666666666667,0.9866666666666667,457.3098684514319,0.16547406082289803,0.1993006993006993,0.592983682983683,0.7673874925051121,370,5,458,1403,2236,1866
0.024172649564917062,0.9866666666666667,0.9866666666666667,457.3098684514319,0.16554809843400448,0.1993006993006993,0.592983682983683,0.7675124612629226,370,5,458,1403,2235,1865
0.024187239927844065,0.9866666666666667,0.9866666666666667,456.98391701276375,0.1656222023276634,0.1993006993006993,0.592983682983683,0.7676374300207331,370,5,458,1402,2234,1864
0.024205176212711354,0.9866666666666667,0.9866666666666667,456.65796557409556,0.16569637259292433,0.1993006993006993,0.592983682983683,0.7677623987785437,370,5,458,1401,2233,1863
0.024235225553233205,0.9866666666666667,0.9866666666666667,456.3320141354274,0.16577060931899643,0.1993006993006993,0.592983682983683,0.7678873675363542,370,5,458,1400,2232,1862
0.024246821580507925,0.9866666666666667,0.9866666666666667,456.0060626967592,0.16584491259524878,0.1993006993006993,0.592983682983683,0.7680123362941649,370,5,458,1399,2231,1861
0.024263479482649595,0.9866666666666667,0.9866666666666667,455.6801112580911,0.16591928251121077,0.1993006993006993,0.592983682983683,0.7681373050519753,370,5,458,1398,2230,1860
0.024269386021341113,0.9866666666666667,0.9866666666666667,455.35415981942293,0.16599371915657246,0.1993006993006993,0.592983682983683,0.768262273809786,370,5,458,1397,2229,1859
0.024287093219980675,0.9866666666666667,0.9866666666666667,455.35415981942293,0.16606822262118492,0.1993006993006993,0.592983682983683,0.7683872425675964,370,5,458,1397,2228,1858
0.024303589629115798,0.9866666666666667,0.9866666666666667,455.02820838075473,0.16614279299506063,0.1993006993006993,0.592983682983683,0.768512211325407,370,5,458,1396,2227,1857
0.024305524117689926,0.9866666666666667,0.9866666666666667,455.02820838075473,0.16621743036837378,0.1993006993006993,0.592983682983683,0.7686371800832175,370,5,458,1396,2226,1856
0.02432144446695368,0.9866666666666667,0.9866666666666667,454.7022569420866,0.1662921348314607,0.1993006993006993,0.592983682983683,0.7687621488410281,370,5,458,1395,2225,1855
0.024324643196659956,0.9866666666666667,0.9866666666666667,454.37630550341845,0.16636690647482014,0.1993006993006993,0.592983682983683,0.7688871175988387,370,5,458,1394,2224,1854
0.02435141421334558,0.9866666666666667,0.9866666666666667,454.37630550341845,0.1664417453891138,0.1993006993006993,0.592983682983683,0.7690120863566492,370,5,458,1394,2223,1853
0.02436461863017245,0.9866666666666667,0.9866666666666667,454.05035406475025,0.16651665166516652,0.1993006993006993,0.592983682983683,0.7691370551144597,370,5,458,1393,2222,1852
0.024386152842315028,0.9866666666666667,0.9866666666666667,453.7244026260821,0.16659162539396669,0.1993006993006993,0.592983682983683,0.7692620238722703,370,5,458,1392,2221,1851
0.02438996058658652,0.9866666666666667,0.9866666666666667,453.39845118741397,0.16666666666666666,0.1993006993006993,0.592983682983683,0.7693869926300808,370,5,458,1391,2220,1850
0.02445242622784762,0.9866666666666667,0.9866666666666667,453.07249974874577,0.16674177557458314,0.1993006993006993,0.592983682983683,0.7695119613878914,370,5,458,1390,2219,1849
0.024453383015865318,0.9866666666666667,0.9866666666666667,452.7465483100776,0.16681695220919748,0.1993006993006993,0.592983682983683,0.7696369301457019,370,5,458,1389,2218,1848
0.024462524297220564,0.9866666666666667,0.9866666666666667,452.42059687140943,0.16689219666215607,0.1993006993006993,0.592983682983683,0.7697618989035124,370,5,458,1388,2217,1847
0.02447276539459139,0.9866666666666667,0.9866666666666667,452.0946454327413,0.16696750902527077,0.1993006993006993,0.592983682983683,0.7698868676613231,370,5,458,1387,2216,1846
0.02447510479366191,0.9866666666666667,0.9866666666666667,452.0946454327413,0.1670428893905192,0.1993006993006993,0.592983682983683,0.7700118364191335,370,5,458,1387,2215,1845
0.024492168485428855,0.9866666666666667,0.9866666666666667,451.76869399407315,0.16711833785004518,0.1993006993006993,0.592983682983683,0.7701368051769442,370,5,458,1386,2214,1844
0.02451208875312778,0.9866666666666667,0.9866666666666667,451.76869399407315,0.16719385449615906,0.1993006993006993,0.592983682983683,0.7702617739347546,370,5,458,1386,2213,1843
0.024513475025231993,0.9866666666666667,0.9866666666666667,451.44274255540495,0.16726943942133815,0.1993006993006993,0.592983682983683,0.7703867426925652,370,5,458,1385,2212,1842
0.024535949626832074,0.9866666666666667,0.9866666666666667,451.1167911167368,0.16734509271822703,0.1993006993006993,0.592983682983683,0.7705117114503757,370,5,458,1384,2211,1841
0.024555887544773808,0.9866666666666667,0.9866666666666667,450.79083967806866,0.167420814479638,0.1993006993006993,0.592983682983683,0.7706366802081863,370,5,458,1383,2210,1840
0.024566188056294715,0.9866666666666667,0.9866666666666667,450.46488823940047,0.16749660479855139,0.1993006993006993,0.592983682983683,0.7707616489659969,370,5,458,1382,2209,1839
0.02457965140131391,0.9866666666666667,0.9866666666666667,450.46488823940047,0.16757246376811594,0.1993006993006993,0.592983682983683,0.7708866177238074,370,5,458,1382,2208,1838
0.02458626435057007,0.9866666666666667,0.9866666666666667,450.1389368007323,0.1676483914816493,0.1993006993006993,0.592983682983683,0.7710115864816179,370,5,458,1381,2207,1837
0.024677786888979827,0.9866666666666667,0.9866666666666667,449.8129853620642,0.16772438803263826,0.1993006993006993,0.592983682983683,0.7711365552394285,370,5,458,1380,2206,1836
0.02470273191958251,0.9866666666666667,0.9866666666666667,449.487033923396,0.16780045351473924,0.1993006993006993,0.592983682983683,0.771261523997239,370,5,458,1379,2205,1835
0.024706837466400344,0.9866666666666667,0.9866666666666667,449.487033923396,0.16787658802177857,0.1993006993006993,0.592983682983683,0.7713864927550496,370,5,458,1379,2204,1834
0.024707633475919887,0.9866666666666667,0.9866666666666667,449.16108248472784,0.16795279164775306,0.1993006993006993,0.592983682983683,0.7715114615128601,370,5,458,1378,2203,1833
0.024708038553571465,0.9866666666666667,0.9866666666666667,448.83513104605964,0.16802906448683017,0.1993006993006993,0.592983682983683,0.7716364302706706,370,5,458,1377,2202,1832
0.024709982712120705,0.9866666666666667,0.9866666666666667,448.83513104605964,0.16810540663334847,0.1993006993006993,0.592983682983683,0.7717613990284813,370,5,458,1377,2201,1831
0.024711811252168404,0.9866666666666667,0.9866666666666667,448.5091796073915,0.16818181818181818,0.1993006993006993,0.592983682983683,0.7718863677862917,370,5,458,1376,2200,1830
0.02473115578989102,0.9866666666666667,0.9866666666666667,448.5091796073915,0.16825829922692132,0.1993006993006993,0.592983682983683,0.7720113365441024,370,5,458,1376,2199,1829
0.024740648843737056,0.9866666666666667,0.9866666666666667,448.18322816872336,0.16833484986351227,0.1993006993006993,0.592983682983683,0.7721363053019128,370,5,458,1375,2198,1828
0.024741129941946615,0.9866666666666667,0.9866666666666667,447.85727673005516,0.16841147018661812,0.1993006993006993,0.592983682983683,0.7722612740597234,370,5,458,1374,2197,1827
0.024742500814130534,0.9866666666666667,0.9866666666666667,447.85727673005516,0.16848816029143898,0.1993006993006993,0.592983682983683,0.7723862428175339,370,5,458,1374,2196,1826
0.02474252819510425,0.9866666666666667,0.9866666666666667,447.531325291387,0.16856492027334852,0.1993006993006993,0.592983682983683,0.7725112115753445,370,5,458,1373,2195,1825
0.024806980510650285,0.9866666666666667,0.9866666666666667,447.531325291387,0.16864175022789427,0.1993006993006993,0.592983682983683,0.7726361803331551,370,5,458,1373,2194,1824
0.024808213970497057,0.9866666666666667,0.9866666666666667,447.2053738527189,0.168718650250798,0.1993006993006993,0.592983682983683,0.7727611490909656,370,5,458,1372,2193,1823
0.024831813448712207,0.9866666666666667,0.9866666666666667,446.8794224140507,0.1687956204379562,0.1993006993006993,0.592983682983683,0.7728861178487761,370,5,458,1371,2192,1822
0.024838059680359334,0.9866666666666667,0.9866666666666667,446.55347097538254,0.16887266088544045,0.1993006993006993,0.592983682983683,0.7730110866065867,370,5,458,1370,2191,1821
0.024871916317138174,0.9866666666666667,0.9866666666666667,446.2275195367144,0.1689497716894977,0.1993006993006993,0.592983682983683,0.7731360553643972,370,5,458,1369,2190,1820
0.024904900900865213,0.9866666666666667,0.9866666666666667,445.9015680980462,0.16902695294655093,0.1993006993006993,0.592983682983683,0.7732610241222078,370,5,458,1368,2189,1819
0.02494910700538294,0.9866666666666667,0.9866666666666667,445.57561665937806,0.16910420475319926,0.1993006993006993,0.592983682983683,0.7733859928800184,370,5,458,1367,2188,1818
0.02496329514840448,0.9866666666666667,0.9866666666666667,445.24966522070986,0.16918152720621857,0.1993006993006993,0.592983682983683,0.7735109616378288,370,5,458,1366,2187,1817
0.02497898488332956,0.9866666666666667,0.9866666666666667,444.9237137820417,0.16925892040256177,0.1993006993006993,0.592983682983683,0.7736359303956395,370,5,458,1365,2186,1816
0.024983970659785523,0.9866666666666667,0.9866666666666667,444.5977623433736,0.16933638443935928,0.1993006993006993,0.592983682983683,0.7737608991534499,370,5,458,1364,2185,1815
0.02499325306154289,0.9866666666666667,0.9866666666666667,444.5977623433736,0.16941391941391942,0.1993006993006993,0.592983682983683,0.7738858679112606,370,5,458,1364,2184,1814
0.025010183338116485,0.9866666666666667,0.9866666666666667,444.2718109047054,0.1694915254237288,0.1993006993006993,0.592983682983683,0.774010836669071,370,5,458,1363,2183,1813
0.0250158278737447,0.9866666666666667,0.9866666666666667,444.2718109047054,0.1695692025664528,0.1993006993006993,0.592983682983683,0.7741358054268817,370,5,458,1363,2182,1812
0.0250305926281127,0.9866666666666667,0.9866666666666667,443.94585946603723,0.16964695093993581,0.1993006993006993,0.592983682983683,0.7742607741846922,370,5,458,1362,2181,1811
0.02505625635410397,0.9866666666666667,0.9866666666666667,443.94585946603723,0.16972477064220184,0.1993006993006993,0.592983682983683,0.7743857429425027,370,5,458,1362,2180,1810
0.0250570993893888,0.9866666666666667,0.9866666666666667,443.6199080273691,0.16980266177145478,0.1993006993006993,0.592983682983683,0.7745107117003133,370,5,458,1361,2179,1809
0.02506046041730012,0.9866666666666667,0.9866666666666667,443.2939565887009,0.16988062442607896,0.1993006993006993,0.592983682983683,0.7746356804581238,370,5,458,1360,2178,1808
0.025063037472755047,0.9866666666666667,0.9866666666666667,442.96800515003275,0.16995865870463941,0.1993006993006993,0.592983682983683,0.7747606492159343,370,5,458,1359,2177,1807
0.025079065815899918,0.9866666666666667,0.9866666666666667,442.6420537113646,0.17003676470588236,0.1993006993006993,0.592983682983683,0.7748856179737449,370,5,458,1358,2176,1806
0.02508706753245299,0.9866666666666667,0.9866666666666667,442.3161022726964,0.17011494252873563,0.1993006993006993,0.592983682983683,0.7750105867315554,370,5,458,1357,2175,1805
0.025088084174187116,0.9866666666666667,0.9866666666666667,442.3161022726964,0.1701931922723091,0.1993006993006993,0.592983682983683,0.775135555489366,370,5,458,1357,2174,1804
0.025089880981055253,0.9866666666666667,0.9866666666666667,441.99015083402827,0.17027151403589508,0.1993006993006993,0.592983682983683,0.7752605242471766,370,5,458,1356,2173,1803
0.025134845636395935,0.9866666666666667,0.9866666666666667,441.6641993953601,0.1703499079189687,0.1993006993006993,0.592983682983683,0.775385493004987,370,5,458,1355,2172,1802
0.025147494143562932,0.9866666666666667,0.9866666666666667,441.6641993953601,0.1704283740211884,0.1993006993006993,0.592983682983683,0.7755104617627977,370,5,458,1355,2171,1801
0.025149494592406396,0.9866666666666667,0.9866666666666667,441.33824795669193,0.17050691244239632,0.1993006993006993,0.592983682983683,0.7756354305206081,370,5,458,1354,2170,1800
0.025160186369372776,0.9866666666666667,0.9866666666666667,441.0122965180238,0.17058552328261872,0.1993006993006993,0.592983682983683,0.7757603992784188,370,5,458,1353,2169,1799
0.025172484590376958,0.9866666666666667,0.9866666666666667,440.6863450793556,0.1706642066420664,0.1993006993006993,0.592983682983683,0.7758853680362292,370,5,458,1352,2168,1798
0.02517913258184639,0.9866666666666667,0.9866666666666667,440.36039364068745,0.1707429626211352,0.1993006993006993,0.592983682983683,0.7760103367940399,370,5,458,1351,2167,1797
0.02518518732522289,0.9866666666666667,0.9866666666666667,440.0344422020193,0.17082179132040629,0.1993006993006993,0.592983682983683,0.7761353055518504,370,5,458,1350,2166,1796
0.02518949103911149,0.9866666666666667,0.9866666666666667,439.7084907633511,0.17090069284064666,0.1993006993006993,0.592983682983683,0.7762602743096609,370,5,458,1349,2165,1795
0.025193813516017526,0.9866666666666667,0.9866666666666667,439.7084907633511,0.1709796672828096,0.1993006993006993,0.592983682983683,0.7763852430674715,370,5,458,1349,2164,1794
0.02524396090476376,0.9866666666666667,0.9866666666666667,439.38253932468297,0.17105871474803513,0.1993006993006993,0.592983682983683,0.776510211825282,370,5,458,1348,2163,1793
0.025251566562951442,0.9866666666666667,0.9866666666666667,439.38253932468297,0.1711378353376503,0.1993006993006993,0.592983682983683,0.7766351805830926,370,5,458,1348,2162,1792
0.025301893788747254,0.9866666666666667,0.9866666666666667,439.0565878860148,0.17121702915316983,0.1993006993006993,0.592983682983683,0.7767601493409031,370,5,458,1347,2161,1791
0.025318196311704504,0.9866666666666667,0.9866666666666667,438.7306364473466,0.1712962962962963,0.1993006993006993,0.592983682983683,0.7768851180987136,370,5,458,1346,2160,1790
0.02532817990534354,0.9866666666666667,0.9866666666666667,438.7306364473466,0.1713756368689208,0.1993006993006993,0.592983682983683,0.7770100868565242,370,5,458,1346,2159,1789
0.025333578112725037,0.9866666666666667,0.9866666666666667,438.4046850086785,0.17145505097312327,0.1993006993006993,0.592983682983683,0.7771350556143348,370,5,458,1345,2158,1788
0.02533360378903639,0.9866666666666667,0.9866666666666667,438.4046850086785,0.1715345387111729,0.1993006993006993,0.592983682983683,0.7772600243721453,370,5,458,1345,2157,1787
0.02535527322165398,0.9866666666666667,0.9866666666666667,438.0787335700103,0.17161410018552875,0.1993006993006993,0.592983682983683,0.7773849931299559,370,5,458,1344,2156,1786
0.025378342801888228,0.9866666666666667,0.9866666666666667,437.75278213134214,0.1716937354988399,0.1993006993006993,0.592983682983683,0.7775099618877663,370,5,458,1343,2155,1785
0.025386596220444757,0.9866666666666667,0.9866666666666667,437.75278213134214,0.17177344475394615,0.1993006993006993,0.592983682983683,0.777634930645577,370,5,458,1343,2154,1784
0.02538783243076435,0.9866666666666667,0.9866666666666667,437.426830692674,0.17185322805387832,0.1993006993006993,0.592983682983683,0.7777598994033874,370,5,458,1342,2153,1783
0.025422912851397823,0.9866666666666667,0.9866666666666667,437.1008792540058,0.17193308550185873,0.1993006993006993,0.592983682983683,0.7778848681611981,370,5,458,1341,2152,1782
0.02543376793511963,0.9866666666666667,0.9866666666666667,437.1008792540058,0.17201301720130172,0.1993006993006993,0.592983682983683,0.7780098369190086,370,5,458,1341,2151,1781
0.02543571009333067,0.9866666666666667,0.9866666666666667,436.77492781533766,0.17209302325581396,0.1993006993006993,0.592983682983683,0.7781348056768191,370,5,458,1340,2150,1780
0.025461926678414674,0.9866666666666667,0.9866666666666667,436.4489763766695,0.17217310376919498,0.1993006993006993,0.592983682983683,0.7782597744346297,370,5,458,1339,2149,1779
0.025503949350602215,0.9866666666666667,0.9866666666666667,436.1230249380013,0.17225325884543763,0.1993006993006993,0.592983682983683,0.7783847431924402,370,5,458,1338,2148,1778
0.025552042348516185,0.9866666666666667,0.9866666666666667,435.7970734993332,0.17233348858872846,0.1993006993006993,0.592983682983683,0.7785097119502508,370,5,458,1337,2147,1777
0.025553991990949914,0.9866666666666667,0.9866666666666667,435.7970734993332,0.1724137931034483,0.1993006993006993,0.592983682983683,0.7786346807080613,370,5,458,1337,2146,1776
0.02557635806490213,0.9866666666666667,0.9866666666666667,435.471122060665,0.17249417249417248,0.1993006993006993,0.592983682983683,0.778759649465872,370,5,458,1336,2145,1775
0.025576588682905,0.9866666666666667,0.9866666666666667,435.471122060665,0.17257462686567165,0.1993006993006993,0.592983682983683,0.7788846182236824,370,5,458,1336,2144,1774
0.0255887027640561,0.9866666666666667,0.9866666666666667,435.471122060665,0.1726551563229118,0.1993006993006993,0.592983682983683,0.779009586981493,370,5,458,1336,2143,1773
0.025591178417710306,0.9866666666666667,0.9866666666666667,435.14517062199684,0.17273576097105509,0.20104895104895104,0.5938578088578088,0.7791345557393035,370,5,457,1335,2142,1772
0.02562101075276438,0.9866666666666667,0.9866666666666667,434.8192191833287,0.17281644091546006,0.20104895104895104,0.5938578088578088,0.7792595244971141,370,5,457,1334,2141,1771
0.025625152471727853,0.9866666666666667,0.9866666666666667,434.4932677446605,0.17289719626168223,0.20104895104895104,0.5938578088578088,0.7793844932549245,370,5,457,1333,2140,1770
0.025629126818672115,0.9866666666666667,0.9866666666666667,434.16731630599236,0.17297802711547453,0.20104895104895104,0.5938578088578088,0.7795094620127352,370,5,457,1332,2139,1769
0.025640000342163634,0.9866666666666667,0.9866666666666667,433.8413648673242,0.17305893358278765,0.20104895104895104,0.5938578088578088,0.7796344307705457,370,5,457,1331,2138,1768
0.025641819751127365,0.9866666666666667,0.9866666666666667,433.515413428656,0.1731399157697707,0.20104895104895104,0.5938578088578088,0.7797593995283563,370,5,457,1330,2137,1767
0.02564532415712724,0.9866666666666667,0.9866666666666667,433.1894619899879,0.17322097378277154,0.20104895104895104,0.5938578088578088,0.7798843682861668,370,5,457,1329,2136,1766
0.025645386459825763,0.9866666666666667,0.9866666666666667,432.86351055131973,0.17330210772833723,0.20104895104895104,0.5938578088578088,0.7800093370439773,370,5,457,1328,2135,1765
0.025658275119432826,0.9866666666666667,0.9866666666666667,432.86351055131973,0.1733833177132146,0.20104895104895104,0.5938578088578088,0.7801343058017879,370,5,457,1328,2134,1764
0.025689523677890357,0.9866666666666667,0.9866666666666667,432.53755911265154,0.17346460384435067,0.20104895104895104,0.5938578088578088,0.7802592745595984,370,5,457,1327,2133,1763
0.025697824735045716,0.9866666666666667,0.9866666666666667,432.2116076739834,0.17354596622889307,0.20104895104895104,0.5938578088578088,0.780384243317409,370,5,457,1326,2132,1762
0.02570390000346187,0.9866666666666667,0.9866666666666667,432.2116076739834,0.17362740497419052,0.20104895104895104,0.5938578088578088,0.7805092120752195,370,5,457,1326,2131,1761
0.02575774988119232,0.9866666666666667,0.9866666666666667,431.8856562353152,0.17370892018779344,0.20104895104895104,0.5938578088578088,0.7806341808330302,370,5,457,1325,2130,1760
0.025764003673589646,0.9866666666666667,0.9866666666666667,431.55970479664705,0.1737905119774542,0.20104895104895104,0.5938578088578088,0.7807591495908406,370,5,457,1324,2129,1759
0.025779783741252373,0.9866666666666667,0.9866666666666667,431.2337533579789,0.17387218045112782,0.20104895104895104,0.5938578088578088,0.7808841183486512,370,5,457,1323,2128,1758
0.025798457642844438,0.9866666666666667,0.9866666666666667,431.2337533579789,0.17395392571697227,0.20104895104895104,0.5938578088578088,0.7810090871064617,370,5,457,1323,2127,1757
0.025843032333829116,0.9866666666666667,0.9866666666666667,430.9078019193107,0.17403574788334902,0.20104895104895104,0.5938578088578088,0.7811340558642723,370,5,457,1322,2126,1756
0.02585530247815818,0.9866666666666667,0.9866666666666667,430.5818504806426,0.17411764705882352,0.20279720279720279,0.5947319347319348,0.7812590246220827,370,5,456,1321,2125,1755
0.025856361208962408,0.9866666666666667,0.9866666666666667,430.25589904197443,0.17419962335216574,0.20279720279720279,0.5947319347319348,0.7813839933798934,370,5,456,1320,2124,1754
0.025888759711818837,0.9866666666666667,0.9866666666666667,430.25589904197443,0.17428167687235044,0.20279720279720279,0.5947319347319348,0.7815089621377039,370,5,456,1320,2123,1753
0.02588930560101715,0.9866666666666667,0.9866666666666667,429.92994760330623,0.17436380772855797,0.20279720279720279,0.5947319347319348,0.7816339308955145,370,5,456,1319,2122,1752
0.02589043017591239,0.9866666666666667,0.9866666666666667,429.6039961646381,0.17444601603017446,0.20279720279720279,0.5947319347319348,0.781758899653325,370,5,456,1318,2121,1751
0.025891669858495635,0.9866666666666667,0.9866666666666667,429.6039961646381,0.17452830188679244,0.20279720279720279,0.5947319347319348,0.7818838684111356,370,5,456,1318,2120,1750
0.025905814776846416,0.9866666666666667,0.9866666666666667,429.27804472596995,0.1746106654082114,0.20279720279720279,0.5947319347319348,0.7820088371689461,370,5,456,1317,2119,1749
0.025910962410213137,0.9866666666666667,0.9866666666666667,428.95209328730175,0.17469310670443816,0.20279720279720279,0.5947319347319348,0.7821338059267566,370,5,456,1316,2118,1748
0.025945588475543378,0.9866666666666667,0.9866666666666667,428.6261418486336,0.1747756258856873,0.20279720279720279,0.5947319347319348,0.7822587746845672,370,5,456,1315,2117,1747
0.025982114379642905,0.9866666666666667,0.9866666666666667,428.6261418486336,0.17485822306238186,0.20279720279720279,0.5947319347319348,0.7823837434423777,370,5,456,1315,2116,1746
0.02598431755914318,0.9866666666666667,0.9866666666666667,428.3001904099654,0.17494089834515367,0.20279720279720279,0.5947319347319348,0.7825087122001884,370,5,456,1314,2115,1745
0.02599053187380977,0.9866666666666667,0.9866666666666667,427.97423897129727,0.1750236518448439,0.20279720279720279,0.5947319347319348,0.7826336809579988,370,5,456,1313,2114,1744
0.026012759684435872,0.9866666666666667,0.9866666666666667,427.6482875326291,0.17510648367250356,0.20279720279720279,0.5947319347319348,0.7827586497158094,370,5,456,1312,2113,1743
0.026088535649911995,0.9866666666666667,0.9866666666666667,427.3223360939609,0.17518939393939395,0.20279720279720279,0.5947319347319348,0.7828836184736199,370,5,456,1311,2112,1742
0.02609862162867129,0.9866666666666667,0.9866666666666667,426.9963846552928,0.1752723827569872,0.20279720279720279,0.5947319347319348,0.7830085872314305,370,5,456,1310,2111,1741
0.026129632682778993,0.9866666666666667,0.9866666666666667,426.67043321662464,0.17535545023696683,0.20279720279720279,0.5947319347319348,0.783133555989241,370,5,456,1309,2110,1740
0.026195134844131576,0.9866666666666667,0.9866666666666667,426.67043321662464,0.17543859649122806,0.20279720279720279,0.5947319347319348,0.7832585247470516,370,5,456,1309,2109,1739
0.026213917804359055,0.9866666666666667,0.9866666666666667,426.67043321662464,0.17552182163187854,0.20279720279720279,0.5947319347319348,0.7833834935048621,370,5,456,1309,2108,1738
0.026228178020353793,0.9866666666666667,0.9866666666666667,426.67043321662464,0.17560512577123874,0.20279720279720279,0.5947319347319348,0.7835084622626727,370,5,456,1309,2107,1737
0.026246436399900347,0.9866666666666667,0.9866666666666667,426.34448177795645,0.17568850902184235,0.20279720279720279,0.5947319347319348,0.7836334310204832,370,5,456,1308,2106,1736
0.026262147592207435,0.9866666666666667,0.9866666666666667,426.34448177795645,0.17577197149643706,0.20279720279720279,0.5947319347319348,0.7837583997782938,370,5,456,1308,2105,1735
0.026281819362098287,0.9866666666666667,0.9866666666666667,426.0185303392883,0.1758555133079848,0.20279720279720279,0.5947319347319348,0.7838833685361043,370,5,456,1307,2104,1734
0.0262917090701989,0.9866666666666667,0.9866666666666667,425.69257890062016,0.1759391345696624,0.20279720279720279,0.5947319347319348,0.7840083372939148,370,5,456,1306,2103,1733
0.026293481217199155,0.9866666666666667,0.9866666666666667,425.69257890062016,0.17602283539486205,0.20279720279720279,0.5947319347319348,0.7841333060517255,370,5,456,1306,2102,1732
0.0263022378784237,0.9866666666666667,0.9866666666666667,425.36662746195196,0.17610661589719181,0.20279720279720279,0.5947319347319348,0.7842582748095359,370,5,456,1305,2101,1731
0.02630941299058938,0.9866666666666667,0.9866666666666667,425.36662746195196,0.1761904761904762,0.20279720279720279,0.5947319347319348,0.7843832435673466,370,5,456,1305,2100,1730
0.026328192390901433,0.9866666666666667,0.9866666666666667,425.36662746195196,0.17627441638875654,0.20279720279720279,0.5947319347319348,0.784508212325157,370,5,456,1305,2099,1729
0.026345612267346177,0.9866666666666667,0.9866666666666667,425.0406760232838,0.17635843660629172,0.20279720279720279,0.5947319347319348,0.7846331810829676,370,5,456,1304,2098,1728
0.02636688662626866,0.9866666666666667,0.9866666666666667,424.7147245846156,0.1764425369575584,0.20279720279720279,0.5947319347319348,0.7847581498407781,370,5,456,1303,2097,1727
0.026367699715074223,0.9866666666666667,0.9866666666666667,424.3887731459475,0.1765267175572519,0.20279720279720279,0.5947319347319348,0.7848831185985887,370,5,456,1302,2096,1726
0.026372113741590784,0.9866666666666667,0.9866666666666667,424.06282170727934,0.1766109785202864,0.20279720279720279,0.5947319347319348,0.7850080873563993,370,5,456,1301,2095,1725
0.02640523157497833,0.9866666666666667,0.9866666666666667,424.06282170727934,0.1766953199617956,0.20279720279720279,0.5947319347319348,0.7851330561142098,370,5,456,1301,2094,1724
0.026415204607817818,0.9866666666666667,0.9866666666666667,423.73687026861114,0.1767797419971333,0.20454545454545456,0.5956060606060606,0.7852580248720203,370,5,455,1300,2093,1723
0.026416296780909284,0.9866666666666667,0.9866666666666667,423.73687026861114,0.17686424474187382,0.20454545454545456,0.5956060606060606,0.7853829936298309,370,5,455,1300,2092,1722
0.026417848953053352,0.9866666666666667,0.9866666666666667,423.410918829943,0.17694882831181252,0.20454545454545456,0.5956060606060606,0.7855079623876414,370,5,455,1299,2091,1721
0.02644595674588852,0.9866666666666667,0.9866666666666667,423.08496739127486,0.17703349282296652,0.20454545454545456,0.5956060606060606,0.785632931145452,370,5,455,1298,2090,1720
0.026458024233385214,0.9866666666666667,0.9866666666666667,422.75901595260666,0.17711823839157492,0.20454545454545456,0.5956060606060606,0.7857578999032625,370,5,455,1297,2089,1719
0.026473619991910193,0.9866666666666667,0.9866666666666667,422.75901595260666,0.1772030651340996,0.20454545454545456,0.5956060606060606,0.785882868661073,370,5,455,1297,2088,1718
0.02650198146983491,0.9866666666666667,0.9866666666666667,422.4330645139385,0.1772879731672257,0.20454545454545456,0.5956060606060606,0.7860078374188837,370,5,455,1296,2087,1717
0.02653358434314855,0.9866666666666667,0.9866666666666667,422.4330645139385,0.17737296260786195,0.20454545454545456,0.5956060606060606,0.7861328061766941,370,5,455,1296,2086,1716
0.026534305055077714,0.9866666666666667,0.9866666666666667,422.1071130752704,0.1774580335731415,0.20454545454545456,0.5956060606060606,0.7862577749345048,370,5,455,1295,2085,1715
0.02653502006390362,0.9866666666666667,0.9866666666666667,421.7811616366022,0.17754318618042225,0.20454545454545456,0.5956060606060606,0.7863827436923152,370,5,455,1294,2084,1714
0.026550406449992826,0.9866666666666667,0.9866666666666667,421.45521019793404,0.17762842054728756,0.20454545454545456,0.5956060606060606,0.7865077124501259,370,5,455,1293,2083,1713
0.026577621068718305,0.9866666666666667,0.9866666666666667,421.45521019793404,0.1777137367915466,0.20454545454545456,0.5956060606060606,0.7866326812079363,370,5,455,1293,2082,1712
0.026589580619495443,0.9866666666666667,0.9866666666666667,421.12925875926584,0.17779913503123498,0.20454545454545456,0.5956060606060606,0.7867576499657469,370,5,455,1292,2081,1711
0.026604645241735603,0.9866666666666667,0.9866666666666667,420.8033073205977,0.1778846153846154,0.20454545454545456,0.5956060606060606,0.7868826187235575,370,5,455,1291,2080,1710
0.026644733663857514,0.9866666666666667,0.9866666666666667,420.47735588192955,0.17797017797017797,0.20454545454545456,0.5956060606060606,0.787007587481368,370,5,455,1290,2079,1709
0.02666643932463352,0.9866666666666667,0.9866666666666667,420.15140444326136,0.17805582290664101,0.20454545454545456,0.5956060606060606,0.7871325562391785,370,5,455,1289,2078,1708
0.02666742243824424,0.9866666666666667,0.9866666666666667,420.15140444326136,0.17814155031295137,0.20454545454545456,0.5956060606060606,0.7872575249969891,370,5,455,1289,2077,1707
0.026700575229287486,0.9866666666666667,0.9866666666666667,420.15140444326136,0.17822736030828518,0.20454545454545456,0.5956060606060606,0.7873824937547996,370,5,455,1289,2076,1706
0.026705493136599347,0.9866666666666667,0.9866666666666667,419.8254530045932,0.1783132530120482,0.20454545454545456,0.5956060606060606,0.7875074625126102,370,5,455,1288,2075,1705
0.026751894024515294,0.9866666666666667,0.9866666666666667,419.4995015659251,0.17839922854387658,0.20454545454545456,0.5956060606060606,0.7876324312704207,370,5,455,1287,2074,1704
0.026756946846506535,0.9866666666666667,0.9866666666666667,419.1735501272569,0.17848528702363725,0.2062937062937063,0.5964801864801865,0.7877574000282312,370,5,454,1286,2073,1703
0.02676494078908371,0.9866666666666667,0.9866666666666667,419.1735501272569,0.17857142857142858,0.2062937062937063,0.5964801864801865,0.7878823687860419,370,5,454,1286,2072,1702
0.02682550081159938,0.9866666666666667,0.9866666666666667,419.1735501272569,0.17865765330758088,0.2062937062937063,0.5964801864801865,0.7880073375438523,370,5,454,1286,2071,1701
0.026834357238687483,0.9866666666666667,0.9866666666666667,418.84759868858873,0.178743961352657,0.2062937062937063,0.5964801864801865,0.788132306301663,370,5,454,1285,2070,1700
0.02683828467201883,0.9866666666666667,0.9866666666666667,418.5216472499206,0.17883035282745288,0.2062937062937063,0.5964801864801865,0.7882572750594734,370,5,454,1284,2069,1699
0.026862043787045767,0.9866666666666667,0.9866666666666667,418.5216472499206,0.17891682785299806,0.2062937062937063,0.5964801864801865,0.7883822438172841,370,5,454,1284,2068,1698
0.026886242628011703,0.9866666666666667,0.9866666666666667,418.1956958112524,0.17900338655055636,0.2062937062937063,0.5964801864801865,0.7885072125750945,370,5,454,1283,2067,1697
0.026900554618871194,0.9866666666666667,0.9866666666666667,418.1956958112524,0.17909002904162633,0.2062937062937063,0.5964801864801865,0.7886321813329051,370,5,454,1283,2066,1696
0.026902917336460698,0.9866666666666667,0.9866666666666667,418.1956958112524,0.1791767554479419,0.2062937062937063,0.5964801864801865,0.7887571500907157,370,5,454,1283,2065,1695
0.026936385202634194,0.9866666666666667,0.9866666666666667,417.86974437258425,0.17926356589147288,0.2062937062937063,0.5964801864801865,0.7888821188485262,370,5,454,1282,2064,1694
0.026939611789118557,0.9866666666666667,0.9866666666666667,417.86974437258425,0.1793504604944256,0.2062937062937063,0.5964801864801865,0.7890070876063368,370,5,454,1282,2063,1693
0.026948402303023738,0.9866666666666667,0.9866666666666667,417.54379293391605,0.17943743937924345,0.2062937062937063,0.5964801864801865,0.7891320563641473,370,5,454,1281,2062,1692
0.02695674037156633,0.9866666666666667,0.9866666666666667,417.54379293391605,0.17952450266860748,0.2062937062937063,0.5964801864801865,0.7892570251219578,370,5,454,1281,2061,1691
0.026978291067962346,0.9866666666666667,0.9866666666666667,417.54379293391605,0.1796116504854369,0.2062937062937063,0.5964801864801865,0.7893819938797684,370,5,454,1281,2060,1690
0.027009995061139037,0.9866666666666667,0.9866666666666667,417.54379293391605,0.17969888295288974,0.2062937062937063,0.5964801864801865,0.789506962637579,370,5,454,1281,2059,1689
0.027060345711574774,0.9866666666666667,0.9866666666666667,417.2178414952479,0.17978620019436345,0.2062937062937063,0.5964801864801865,0.7896319313953895,370,5,454,1280,2058,1688
0.027078564947980468,0.9866666666666667,0.9866666666666667,416.89189005657977,0.1798736023334954,0.2062937062937063,0.5964801864801865,0.7897569001532001,370,5,454,1279,2057,1687
0.027085938546616433,0.9866666666666667,0.9866666666666667,416.56593861791157,0.17996108949416342,0.2062937062937063,0.5964801864801865,0.7898818689110105,370,5,454,1278,2056,1686
0.027092462507066456,0.9866666666666667,0.9866666666666667,416.2399871792434,0.18004866180048662,0.2062937062937063,0.5964801864801865,0.7900068376688212,370,5,454,1277,2055,1685
0.027108753387405125,0.9866666666666667,0.9866666666666667,415.9140357405753,0.1801363193768257,0.20804195804195805,0.5973543123543124,0.7901318064266316,370,5,453,1276,2054,1684
0.027115796330643944,0.9866666666666667,0.9866666666666667,415.5880843019071,0.18022406234778374,0.20804195804195805,0.5973543123543124,0.7902567751844423,370,5,453,1275,2053,1683
0.027126202961651125,0.9866666666666667,0.9866666666666667,415.26213286323895,0.18031189083820662,0.20804195804195805,0.5973543123543124,0.7903817439422528,370,5,453,1274,2052,1682
0.02713653204966377,0.9866666666666667,0.9866666666666667,414.93618142457075,0.1803998049731838,0.20804195804195805,0.5973543123543124,0.7905067127000633,370,5,453,1273,2051,1681
0.02722885990735942,0.9866666666666667,0.9866666666666667,414.6102299859026,0.18048780487804877,0.20804195804195805,0.5973543123543124,0.7906316814578739,370,5,453,1272,2050,1680
0.02724173614193834,0.9866666666666667,0.9866666666666667,414.28427854723446,0.1805758906783797,0.20804195804195805,0.5973543123543124,0.7907566502156844,370,5,453,1271,2049,1679
0.027246647295855162,0.9866666666666667,0.9866666666666667,413.95832710856627,0.1806640625,0.20804195804195805,0.5973543123543124,0.790881618973495,370,5,453,1270,2048,1678
0.027253732599654825,0.9866666666666667,0.9866666666666667,413.6323756698981,0.180752320468979,0.20804195804195805,0.5973543123543124,0.7910065877313055,370,5,453,1269,2047,1677
0.027254892243725917,0.9866666666666667,0.9866666666666667,413.30642423123,0.18084066471163246,0.20804195804195805,0.5973543123543124,0.791131556489116,370,5,453,1268,2046,1676
0.027313957828344382,0.9866666666666667,0.9866666666666667,413.30642423123,0.18092909535452323,0.20804195804195805,0.5973543123543124,0.7912565252469266,370,5,453,1268,2045,1675
0.02733779432512851,0.9866666666666667,0.9866666666666667,412.9804727925618,0.18101761252446183,0.20804195804195805,0.5973543123543124,0.7913814940047372,370,5,453,1267,2044,1674
0.027346766501946437,0.9866666666666667,0.9866666666666667,412.9804727925618,0.1811062163485071,0.20804195804195805,0.5973543123543124,0.7915064627625477,370,5,453,1267,2043,1673
0.027392270047414864,0.9866666666666667,0.9866666666666667,412.65452135389364,0.1811949069539667,0.20804195804195805,0.5973543123543124,0.7916314315203583,370,5,453,1266,2042,1672
0.027444968919786993,0.9866666666666667,0.9866666666666667,412.3285699152255,0.18128368446839785,0.20804195804195805,0.5973543123543124,0.7917564002781687,370,5,453,1265,2041,1671
0.027447296602197465,0.9866666666666667,0.9866666666666667,412.0026184765573,0.18137254901960784,0.20804195804195805,0.5973543123543124,0.7918813690359794,370,5,453,1264,2040,1670
0.02747330738436987,0.9866666666666667,0.9866666666666667,411.67666703788916,0.18146150073565473,0.20804195804195805,0.5973543123543124,0.7920063377937898,370,5,453,1263,2039,1669
0.02749003127695665,0.9866666666666667,0.9866666666666667,411.35071559922096,0.1815505397448479,0.20804195804195805,0.5973543123543124,0.7921313065516005,370,5,453,1262,2038,1668
0.02750533305119406,0.9866666666666667,0.9866666666666667,411.35071559922096,0.18163966617574864,0.20804195804195805,0.5973543123543124,0.792256275309411,370,5,453,1262,2037,1667
0.027525277285087402,0.9866666666666667,0.9866666666666667,411.0247641605528,0.18172888015717092,0.20804195804195805,0.5973543123543124,0.7923812440672215,370,5,453,1261,2036,1666
0.02752610811066308,0.9866666666666667,0.9866666666666667,410.6988127218847,0.18181818181818182,0.20804195804195805,0.5973543123543124,0.7925062128250321,370,5,453,1260,2035,1665
0.02753001270864057,0.9866666666666667,0.9866666666666667,410.6988127218847,0.18190757128810225,0.20804195804195805,0.5973543123543124,0.7926311815828426,370,5,453,1260,2034,1664
0.027531844801607818,0.9866666666666667,0.9866666666666667,410.3728612832165,0.18199704869650762,0.20804195804195805,0.5973543123543124,0.7927561503406532,370,5,453,1259,2033,1663
0.027546889906752893,0.9866666666666667,0.9866666666666667,410.04690984454834,0.18208661417322836,0.20804195804195805,0.5973543123543124,0.7928811190984637,370,5,453,1258,2032,1662
0.027549080937770913,0.9866666666666667,0.9866666666666667,409.7209584058802,0.18217626784835056,0.20804195804195805,0.5973543123543124,0.7930060878562742,370,5,453,1257,2031,1661
0.02755752873753063,0.9866666666666667,0.9866666666666667,409.395006967212,0.18226600985221675,0.20804195804195805,0.5973543123543124,0.7931310566140848,370,5,453,1256,2030,1660
0.027614937461460962,0.9866666666666667,0.9866666666666667,409.395006967212,0.18235584031542632,0.20804195804195805,0.5973543123543124,0.7932560253718954,370,5,453,1256,2029,1659
0.027628319835755914,0.9866666666666667,0.9866666666666667,409.06905552854386,0.18244575936883628,0.20804195804195805,0.5973543123543124,0.7933809941297059,370,5,453,1255,2028,1658
0.02765330698314309,0.9866666666666667,0.9866666666666667,408.7431040898757,0.18253576714356193,0.20804195804195805,0.5973543123543124,0.7935059628875165,370,5,453,1254,2027,1657
0.02767137867250306,0.9866666666666667,0.9866666666666667,408.4171526512075,0.18262586377097728,0.20804195804195805,0.5973543123543124,0.7936309316453269,370,5,453,1253,2026,1656
0.027720441332546104,0.9866666666666667,0.9866666666666667,408.0912012125394,0.18271604938271604,0.20804195804195805,0.5973543123543124,0.7937559004031376,370,5,453,1252,2025,1655
0.027727582165723037,0.9866666666666667,0.9866666666666667,407.7652497738712,0.18280632411067194,0.20804195804195805,0.5973543123543124,0.793880869160948,370,5,453,1251,2024,1654
0.027730356756494975,0.9866666666666667,0.9866666666666667,407.43929833520303,0.1828966880869995,0.20804195804195805,0.5973543123543124,0.7940058379187587,370,5,453,1250,2023,1653
0.02773521973648295,0.9866666666666667,0.9866666666666667,407.1133468965349,0.18298714144411474,0.20804195804195805,0.5973543123543124,0.7941308066765692,370,5,453,1249,2022,1652
0.027762506700940777,0.9866666666666667,0.9866666666666667,406.7873954578667,0.1830776843146957,0.20804195804195805,0.5973543123543124,0.7942557754343798,370,5,453,1248,2021,1651
0.027765330986797142,0.9866666666666667,0.9866666666666667,406.46144401919855,0.18316831683168316,0.20804195804195805,0.5973543123543124,0.7943807441921903,370,5,453,1247,2020,1650
0.027787617080839266,0.9866666666666667,0.9866666666666667,406.1354925805304,0.18325903912828131,0.20804195804195805,0.5973543123543124,0.7945057129500008,370,5,453,1246,2019,1649
0.027795312668544615,0.9866666666666667,0.9866666666666667,405.8095411418622,0.18334985133795836,0.20804195804195805,0.5973543123543124,0.7946306817078114,370,5,453,1245,2018,1648
0.027797651657660297,0.9866666666666667,0.9866666666666667,405.48358970319407,0.1834407535944472,0.20804195804195805,0.5973543123543124,0.7947556504656219,370,5,453,1244,2017,1647
0.02780660236079841,0.9866666666666667,0.9866666666666667,405.15763826452593,0.18353174603174602,0.2097902097902098,0.5982284382284382,0.7948806192234326,370,5,452,1243,2016,1646
0.02783813249113033,0.9866666666666667,0.9866666666666667,404.83168682585773,0.18362282878411912,0.2097902097902098,0.5982284382284382,0.795005587981243,370,5,452,1242,2015,1645
0.02784794340716888,0.9866666666666667,0.9866666666666667,404.5057353871896,0.18371400198609733,0.2097902097902098,0.5982284382284382,0.7951305567390536,370,5,452,1241,2014,1644
0.027851062001338408,0.9866666666666667,0.9866666666666667,404.1797839485214,0.18380526577247888,0.2097902097902098,0.5982284382284382,0.7952555254968641,370,5,452,1240,2013,1643
0.027852292368522626,0.9866666666666667,0.9866666666666667,403.85383250985325,0.18389662027833,0.2097902097902098,0.5982284382284382,0.7953804942546747,370,5,452,1239,2012,1642
0.027869758209685822,0.9866666666666667,0.9866666666666667,403.5278810711851,0.1839880656389856,0.2097902097902098,0.5982284382284382,0.7955054630124851,370,5,452,1238,2011,1641
0.02787881258195352,0.9866666666666667,0.9866666666666667,403.2019296325169,0.18407960199004975,0.2097902097902098,0.5982284382284382,0.7956304317702958,370,5,452,1237,2010,1640
0.027881001891597795,0.9866666666666667,0.9866666666666667,403.2019296325169,0.18417122946739672,0.2097902097902098,0.5982284382284382,0.7957554005281063,370,5,452,1237,2009,1639
0.027886367776473298,0.9866666666666667,0.9866666666666667,402.87597819384877,0.18426294820717132,0.2097902097902098,0.5982284382284382,0.7958803692859169,370,5,452,1236,2008,1638
0.027916537481784635,0.9866666666666667,0.9866666666666667,402.5500267551806,0.18435475834578974,0.2097902097902098,0.5982284382284382,0.7960053380437274,370,5,452,1235,2007,1637
0.02795437670994866,0.9866666666666667,0.9866666666666667,402.2240753165124,0.18444666001994017,0.2097902097902098,0.5982284382284382,0.796130306801538,370,5,452,1234,2006,1636
0.027955845256041723,0.9866666666666667,0.9866666666666667,402.2240753165124,0.18453865336658354,0.2097902097902098,0.5982284382284382,0.7962552755593485,370,5,452,1234,2005,1635
0.02795858898737648,0.9866666666666667,0.9866666666666667,401.8981238778443,0.18463073852295409,0.2097902097902098,0.5982284382284382,0.796380244317159,370,5,452,1233,2004,1634
0.02797341438467839,0.9866666666666667,0.9866666666666667,401.57217243917614,0.18472291562656015,0.2097902097902098,0.5982284382284382,0.7965052130749696,370,5,452,1232,2003,1633
0.02798294130788419,0.9866666666666667,0.9866666666666667,401.24622100050794,0.1848151848151848,0.2097902097902098,0.5982284382284382,0.7966301818327801,370,5,452,1231,2002,1632
0.027985398212234613,0.9866666666666667,0.9866666666666667,401.24622100050794,0.18490754622688654,0.2097902097902098,0.5982284382284382,0.7967551505905908,370,5,452,1231,2001,1631
0.02800447881461715,0.9866666666666667,0.9866666666666667,400.9202695618398,0.185,0.2097902097902098,0.5982284382284382,0.7968801193484012,370,5,452,1230,2000,1630
0.028015090857149098,0.9866666666666667,0.9866666666666667,400.5943181231716,0.18509254627313657,0.2097902097902098,0.5982284382284382,0.7970050881062118,370,5,452,1229,1999,1629
0.028023916140147133,0.9866666666666667,0.9866666666666667,400.5943181231716,0.18518518518518517,0.2097902097902098,0.5982284382284382,0.7971300568640223,370,5,452,1229,1998,1628
0.02802395028618185,0.9866666666666667,0.9866666666666667,400.5943181231716,0.18527791687531298,0.2097902097902098,0.5982284382284382,0.7972550256218329,370,5,452,1229,1997,1627
0.028040422701133348,0.9866666666666667,0.9866666666666667,400.26836668450346,0.18537074148296592,0.21153846153846154,0.5991025641025641,0.7973799943796434,370,5,451,1228,1996,1626
0.028054300907408236,0.9866666666666667,0.9866666666666667,400.26836668450346,0.18546365914786966,0.21153846153846154,0.5991025641025641,0.797504963137454,370,5,451,1228,1995,1625
0.02807332401947973,0.9866666666666667,0.9866666666666667,399.9424152458353,0.1855566700100301,0.21153846153846154,0.5991025641025641,0.7976299318952645,370,5,451,1227,1994,1624
0.028099381775882316,0.9866666666666667,0.9866666666666667,399.9424152458353,0.18564977420973408,0.21153846153846154,0.5991025641025641,0.7977549006530751,370,5,451,1227,1993,1623
0.028105128394861924,0.9866666666666667,0.9866666666666667,399.6164638071671,0.1857429718875502,0.21153846153846154,0.5991025641025641,0.7978798694108856,370,5,451,1226,1992,1622
0.028110053082414474,0.9866666666666667,0.9866666666666667,399.290512368499,0.18583626318432947,0.21153846153846154,0.5991025641025641,0.7980048381686962,370,5,451,1225,1991,1621
0.02811034102320978,0.9866666666666667,0.9866666666666667,398.96456092983084,0.18592964824120603,0.21153846153846154,0.5991025641025641,0.7981298069265067,370,5,451,1224,1990,1620
0.028120942497350917,0.9866666666666667,0.9866666666666667,398.63860949116264,0.1860231271995978,0.21153846153846154,0.5991025641025641,0.7982547756843172,370,5,451,1223,1989,1619
0.028278039309901495,0.9866666666666667,0.9866666666666667,398.3126580524945,0.18611670020120724,0.21153846153846154,0.5991025641025641,0.7983797444421278,370,5,451,1222,1988,1618
0.02832119372465782,0.9866666666666667,0.9866666666666667,397.98670661382636,0.18621036738802216,0.21328671328671328,0.59997668997669,0.7985047131999383,370,5,450,1221,1987,1617
0.028338450543898157,0.9866666666666667,0.9866666666666667,397.66075517515816,0.1863041289023162,0.21328671328671328,0.59997668997669,0.798629681957749,370,5,450,1220,1986,1616
0.028363089642299204,0.9866666666666667,0.9866666666666667,397.66075517515816,0.18639798488664988,0.21328671328671328,0.59997668997669,0.7987546507155594,370,5,450,1220,1985,1615
0.028374684132340837,0.9866666666666667,0.9866666666666667,397.33480373649,0.18649193548387097,0.21328671328671328,0.59997668997669,0.79887961947337,370,5,450,1219,1984,1614
0.02837666636254933,0.9866666666666667,0.9866666666666667,397.33480373649,0.18658598083711547,0.21328671328671328,0.59997668997669,0.7990045882311805,370,5,450,1219,1983,1613
0.02841255885639004,0.9866666666666667,0.9866666666666667,397.0088522978218,0.18668012108980828,0.21328671328671328,0.59997668997669,0.7991295569889911,370,5,450,1218,1982,1612
0.028413322732832782,0.9866666666666667,0.9866666666666667,397.0088522978218,0.1867743563856638,0.21328671328671328,0.59997668997669,0.7992545257468016,370,5,450,1218,1981,1611
0.02841414196984393,0.9866666666666667,0.9866666666666667,396.6829008591537,0.18686868686868688,0.21328671328671328,0.59997668997669,0.7993794945046122,370,5,450,1217,1980,1610
0.02841825275622637,0.9866666666666667,0.9866666666666667,396.35694942048553,0.1869631126831733,0.21328671328671328,0.59997668997669,0.7995044632624227,370,5,450,1216,1979,1609
0.02842111983059304,0.9866666666666667,0.9866666666666667,396.35694942048553,0.1870576339737108,0.21328671328671328,0.59997668997669,0.7996294320202333,370,5,450,1216,1978,1608
0.028431106225632784,0.9866666666666667,0.9866666666666667,396.03099798181734,0.18715225088517956,0.21328671328671328,0.59997668997669,0.7997544007780438,370,5,450,1215,1977,1607
0.028444370279171103,0.9866666666666667,0.9866666666666667,395.7050465431492,0.18724696356275303,0.21328671328671328,0.59997668997669,0.7998793695358544,370,5,450,1214,1976,1606
0.028454564740514186,0.9866666666666667,0.9866666666666667,395.7050465431492,0.18734177215189873,0.21328671328671328,0.59997668997669,0.8000043382936649,370,5,450,1214,1975,1605
0.02847575036665879,0.9866666666666667,0.9866666666666667,395.37909510448105,0.18743667679837892,0.21503496503496503,0.6008508158508159,0.8001293070514754,370,5,449,1213,1974,1604
0.02852397244689476,0.9866666666666667,0.9866666666666667,395.05314366581285,0.1875316776482514,0.21503496503496503,0.6008508158508159,0.8002542758092861,370,5,449,1212,1973,1603
0.028563705020029886,0.9866666666666667,0.9866666666666667,394.7271922271447,0.1876267748478702,0.21678321678321677,0.6017249417249417,0.8003792445670965,370,5,448,1211,1972,1602
0.028573254605491462,0.9866666666666667,0.9866666666666667,394.40124078847657,0.18772196854388634,0.21678321678321677,0.6017249417249417,0.8005042133249072,370,5,448,1210,1971,1601
0.028577637836260862,0.9866666666666667,0.9866666666666667,394.40124078847657,0.18781725888324874,0.21678321678321677,0.6017249417249417,0.8006291820827176,370,5,448,1210,1970,1600
0.0285982249689449,0.9866666666666667,0.9866666666666667,394.40124078847657,0.18791264601320468,0.21678321678321677,0.6017249417249417,0.8007541508405283,370,5,448,1210,1969,1599
0.02861001095478942,0.9866666666666667,0.9866666666666667,394.40124078847657,0.18800813008130082,0.21678321678321677,0.6017249417249417,0.8008791195983387,370,5,448,1210,1968,1598
0.028626835103717222,0.9866666666666667,0.9866666666666667,394.0752893498084,0.18810371123538383,0.21678321678321677,0.6017249417249417,0.8010040883561493,370,5,448,1209,1967,1597
0.02864880222074234,0.9866666666666667,0.9866666666666667,393.74933791114023,0.18819938962360122,0.21678321678321677,0.6017249417249417,0.8011290571139599,370,5,448,1208,1966,1596
0.028655492464892747,0.9866666666666667,0.9866666666666667,393.74933791114023,0.18829516539440203,0.21678321678321677,0.6017249417249417,0.8012540258717704,370,5,448,1208,1965,1595
0.028677995768876766,0.9866666666666667,0.9866666666666667,393.74933791114023,0.18839103869653767,0.21678321678321677,0.6017249417249417,0.801378994629581,370,5,448,1208,1964,1594
0.028711993934369524,0.9866666666666667,0.9866666666666667,393.74933791114023,0.18848700967906265,0.21678321678321677,0.6017249417249417,0.8015039633873915,370,5,448,1208,1963,1593
0.028722447999517117,0.9866666666666667,0.9866666666666667,393.42338647247203,0.18858307849133538,0.21678321678321677,0.6017249417249417,0.801628932145202,370,5,448,1207,1962,1592
0.028728312227394793,0.9866666666666667,0.9866666666666667,393.42338647247203,0.18867924528301888,0.21678321678321677,0.6017249417249417,0.8017539009030126,370,5,448,1207,1961,1591
0.028731238836951997,0.9866666666666667,0.9866666666666667,393.0974350338039,0.18877551020408162,0.21678321678321677,0.6017249417249417,0.8018788696608231,370,5,448,1206,1960,1590
0.028754946495580025,0.9866666666666667,0.9866666666666667,392.77148359513575,0.18887187340479836,0.21678321678321677,0.6017249417249417,0.8020038384186337,370,5,448,1205,1959,1589
0.028763629208111964,0.9866666666666667,0.9866666666666667,392.44553215646755,0.18896833503575078,0.21678321678321677,0.6017249417249417,0.8021288071764443,370,5,448,1204,1958,1588
0.028765573040074363,0.9866666666666667,0.9866666666666667,392.1195807177994,0.1890648952478283,0.21678321678321677,0.6017249417249417,0.8022537759342547,370,5,448,1203,1957,1587
0.028773291067526772,0.9866666666666667,0.9866666666666667,391.79362927913127,0.18916155419222905,0.21678321678321677,0.6017249417249417,0.8023787446920654,370,5,448,1202,1956,1586
0.02880180955275765,0.9866666666666667,0.9866666666666667,391.46767784046307,0.18925831202046037,0.21678321678321677,0.6017249417249417,0.8025037134498758,370,5,448,1201,1955,1585
0.028824828336939747,0.9866666666666667,0.9866666666666667,391.46767784046307,0.18935516888433981,0.21678321678321677,0.6017249417249417,0.8026286822076865,370,5,448,1201,1954,1584
0.028828492150735085,0.9866666666666667,0.9866666666666667,391.1417264017949,0.1894521249359959,0.21853146853146854,0.6025990675990676,0.8027536509654969,370,5,447,1200,1953,1583
0.028831047028730926,0.9866666666666667,0.9866666666666667,390.8157749631267,0.18954918032786885,0.21853146853146854,0.6025990675990676,0.8028786197233075,370,5,447,1199,1952,1582
0.028861439243336177,0.9866666666666667,0.9866666666666667,390.4898235244586,0.18964633521271143,0.21853146853146854,0.6025990675990676,0.8030035884811181,370,5,447,1198,1951,1581
0.02894233106794139,0.9866666666666667,0.9866666666666667,390.16387208579044,0.18974358974358974,0.2202797202797203,0.6034731934731935,0.8031285572389286,370,5,446,1197,1950,1580
0.028946444410846595,0.9866666666666667,0.9866666666666667,389.83792064712225,0.18984094407388405,0.2202797202797203,0.6034731934731935,0.8032535259967392,370,5,446,1196,1949,1579
0.028951985249099425,0.9866666666666667,0.9866666666666667,389.83792064712225,0.18993839835728954,0.2202797202797203,0.6034731934731935,0.8033784947545497,370,5,446,1196,1948,1578
0.028966377765280556,0.9866666666666667,0.9866666666666667,389.83792064712225,0.19003595274781715,0.2202797202797203,0.6034731934731935,0.8035034635123602,370,5,446,1196,1947,1577
0.02896814494227202,0.9866666666666667,0.9866666666666667,389.5119692084541,0.19013360739979446,0.2202797202797203,0.6034731934731935,0.8036284322701708,370,5,446,1195,1946,1576
0.028974987811218968,0.9866666666666667,0.9866666666666667,389.5119692084541,0.19023136246786632,0.2202797202797203,0.6034731934731935,0.8037534010279813,370,5,446,1195,1945,1575
0.02897502736285752,0.9866666666666667,0.9866666666666667,389.18601776978596,0.19032921810699588,0.2202797202797203,0.6034731934731935,0.8038783697857919,370,5,446,1194,1944,1574
0.029026999891891805,0.9866666666666667,0.9866666666666667,388.86006633111776,0.19042717447246527,0.2202797202797203,0.6034731934731935,0.8040033385436025,370,5,446,1193,1943,1573
0.02904189077169874,0.9866666666666667,0.9866666666666667,388.86006633111776,0.19052523171987643,0.2202797202797203,0.6034731934731935,0.8041283073014129,370,5,446,1193,1942,1572
0.029051513581828725,0.9866666666666667,0.9866666666666667,388.86006633111776,0.190623390005152,0.2202797202797203,0.6034731934731935,0.8042532760592236,370,5,446,1193,1941,1571
0.029075540199367013,0.9866666666666667,0.9866666666666667,388.86006633111776,0.19072164948453607,0.2202797202797203,0.6034731934731935,0.804378244817034,370,5,446,1193,1940,1570
0.029094759519435392,0.9866666666666667,0.9866666666666667,388.5341148924496,0.19082001031459514,0.2202797202797203,0.6034731934731935,0.8045032135748447,370,5,446,1192,1939,1569
0.029114733101647715,0.9866666666666667,0.9866666666666667,388.2081634537815,0.19091847265221878,0.2202797202797203,0.6034731934731935,0.8046281823326551,370,5,446,1191,1938,1568
0.02911707671565776,0.9866666666666667,0.9866666666666667,387.8822120151133,0.19101703665462055,0.2202797202797203,0.6034731934731935,0.8047531510904657,370,5,446,1190,1937,1567
0.0291436889690015,0.9866666666666667,0.9866666666666667,387.55626057644514,0.19111570247933884,0.2202797202797203,0.6034731934731935,0.8048781198482763,370,5,446,1189,1936,1566
0.029146652253610125,0.9866666666666667,0.9866666666666667,387.55626057644514,0.19121447028423771,0.2202797202797203,0.6034731934731935,0.8050030886060868,370,5,446,1189,1935,1565
0.029147641943596477,0.9866666666666667,0.9866666666666667,387.23030913777694,0.19131334022750776,0.2202797202797203,0.6034731934731935,0.8051280573638974,370,5,446,1188,1934,1564
0.029164095166164975,0.9866666666666667,0.9866666666666667,386.9043576991088,0.19141231246766685,0.2202797202797203,0.6034731934731935,0.8052530261217079,370,5,446,1187,1933,1563
0.02916535183546614,0.9866666666666667,0.9866666666666667,386.57840626044066,0.1915113871635611,0.2202797202797203,0.6034731934731935,0.8053779948795184,370,5,446,1186,1932,1562
0.0291943085412143,0.9866666666666667,0.9866666666666667,386.25245482177246,0.1916105644743656,0.2202797202797203,0.6034731934731935,0.805502963637329,370,5,446,1185,1931,1561
0.029225524155584385,0.9866666666666667,0.9866666666666667,385.9265033831043,0.19170984455958548,0.2202797202797203,0.6034731934731935,0.8056279323951396,370,5,446,1184,1930,1560
0.02925454060256575,0.9866666666666667,0.9866666666666667,385.9265033831043,0.1918092275790565,0.2202797202797203,0.6034731934731935,0.8057529011529501,370,5,446,1184,1929,1559
0.029259106184135953,0.9866666666666667,0.9866666666666667,385.9265033831043,0.19190871369294607,0.2202797202797203,0.6034731934731935,0.8058778699107607,370,5,446,1184,1928,1558
0.029330836218178145,0.9866666666666667,0.9866666666666667,385.6005519444362,0.192008303061754,0.22202797202797203,0.6043473193473193,0.8060028386685711,370,5,445,1183,1927,1557
0.02933486187638579,0.9866666666666667,0.9866666666666667,385.274600505768,0.1921079958463136,0.22377622377622378,0.6052214452214453,0.8061278074263818,370,5,444,1182,1926,1556
0.029335562136427844,0.9866666666666667,0.9866666666666667,384.94864906709984,0.19220779220779222,0.22377622377622378,0.6052214452214453,0.8062527761841922,370,5,444,1181,1925,1555
0.029372518519763868,0.9866666666666667,0.9866666666666667,384.6226976284317,0.19230769230769232,0.22377622377622378,0.6052214452214453,0.8063777449420029,370,5,444,1180,1924,1554
0.0294018297171684,0.9866666666666667,0.9866666666666667,384.2967461897635,0.19240769630785232,0.22377622377622378,0.6052214452214453,0.8065027136998134,370,5,444,1179,1923,1553
0.02943343809314881,0.9866666666666667,0.9866666666666667,384.2967461897635,0.19250780437044746,0.22377622377622378,0.6052214452214453,0.806627682457624,370,5,444,1179,1922,1552
0.029433637374153766,0.9866666666666667,0.9866666666666667,384.2967461897635,0.19260801665799063,0.22377622377622378,0.6052214452214453,0.8067526512154345,370,5,444,1179,1921,1551
0.02944038996327903,0.9866666666666667,0.9866666666666667,383.97079475109535,0.19270833333333334,0.22377622377622378,0.6052214452214453,0.806877619973245,370,5,444,1178,1920,1550
0.029510078333814478,0.9866666666666667,0.9866666666666667,383.64484331242716,0.1928087545596665,0.22377622377622378,0.6052214452214453,0.8070025887310556,370,5,444,1177,1919,1549
0.029547303719501324,0.9866666666666667,0.9866666666666667,383.318891873759,0.19290928050052136,0.22377622377622378,0.6052214452214453,0.8071275574888661,370,5,444,1176,1918,1548
0.02958344982689541,0.9866666666666667,0.9866666666666667,382.9929404350909,0.19300991131977047,0.22377622377622378,0.6052214452214453,0.8072525262466766,370,5,444,1175,1917,1547
0.029641600440000155,0.9866666666666667,0.9866666666666667,382.6669889964227,0.1931106471816284,0.22377622377622378,0.6052214452214453,0.8073774950044872,370,5,444,1174,1916,1546
0.029657694434232603,0.9866666666666667,0.9866666666666667,382.34103755775453,0.19321148825065274,0.22377622377622378,0.6052214452214453,0.8075024637622978,370,5,444,1173,1915,1545
0.029665742634363477,0.9866666666666667,0.9866666666666667,382.34103755775453,0.19331243469174503,0.22377622377622378,0.6052214452214453,0.8076274325201083,370,5,444,1173,1914,1544
0.029673158203811337,0.9866666666666667,0.9866666666666667,382.0150861190864,0.1934134866701516,0.22377622377622378,0.6052214452214453,0.8077524012779189,370,5,444,1172,1913,1543
0.029689002829185594,0.9866666666666667,0.9866666666666667,381.6891346804182,0.19351464435146443,0.22377622377622378,0.6052214452214453,0.8078773700357293,370,5,444,1171,1912,1542
0.02976412612440528,0.9866666666666667,0.9866666666666667,381.36318324175005,0.1936159079016222,0.22377622377622378,0.6052214452214453,0.80800233879354,370,5,444,1170,1911,1541
0.02976585025506634,0.9866666666666667,0.9866666666666667,381.0372318030819,0.193717277486911,0.22377622377622378,0.6052214452214453,0.8081273075513504,370,5,444,1169,1910,1540
0.02977084315651782,0.9866666666666667,0.9866666666666667,381.0372318030819,0.19381875327396542,0.22377622377622378,0.6052214452214453,0.8082522763091611,370,5,444,1169,1909,1539
0.029818195124882135,0.9866666666666667,0.9866666666666667,381.0372318030819,0.19392033542976939,0.22377622377622378,0.6052214452214453,0.8083772450669716,370,5,444,1169,1908,1538
0.02982868647072128,0.9866666666666667,0.9866666666666667,381.0372318030819,0.19402202412165706,0.22377622377622378,0.6052214452214453,0.8085022138247822,370,5,444,1169,1907,1537
0.029836171714267706,0.9866666666666667,0.9866666666666667,380.7112803644137,0.19412381951731375,0.22377622377622378,0.6052214452214453,0.8086271825825927,370,5,444,1168,1906,1536
0.02985541214833006,0.9866666666666667,0.9866666666666667,380.38532892574557,0.1942257217847769,0.22377622377622378,0.6052214452214453,0.8087521513404032,370,5,444,1167,1905,1535
0.02987270011642427,0.9866666666666667,0.9866666666666667,380.38532892574557,0.19432773109243698,0.22377622377622378,0.6052214452214453,0.8088771200982138,370,5,444,1167,1904,1534
0.029889876187947435,0.9866666666666667,0.9866666666666667,380.38532892574557,0.19442984760903836,0.22377622377622378,0.6052214452214453,0.8090020888560243,370,5,444,1167,1903,1533
0.02989399923218928,0.9866666666666667,0.9866666666666667,380.05937748707737,0.19453207150368035,0.22377622377622378,0.6052214452214453,0.8091270576138349,370,5,444,1166,1902,1532
0.029957230202543678,0.9866666666666667,0.9866666666666667,379.7334260484092,0.194634402945818,0.22377622377622378,0.6052214452214453,0.8092520263716454,370,5,444,1165,1901,1531
0.029972001359672748,0.9866666666666667,0.9866666666666667,379.7334260484092,0.19473684210526315,0.22377622377622378,0.6052214452214453,0.809376995129456,370,5,444,1165,1900,1530
0.02997670473442367,0.9866666666666667,0.9866666666666667,379.4074746097411,0.19483938915218535,0.22377622377622378,0.6052214452214453,0.8095019638872665,370,5,444,1164,1899,1529
0.030043557598721585,0.9866666666666667,0.9866666666666667,379.0815231710729,0.19494204425711276,0.22377622377622378,0.6052214452214453,0.8096269326450771,370,5,444,1163,1898,1528
0.030049071306350168,0.9866666666666667,0.9866666666666667,379.0815231710729,0.19504480759093304,0.22377622377622378,0.6052214452214453,0.8097519014028876,370,5,444,1163,1897,1527
0.030113408463279007,0.9866666666666667,0.9866666666666667,378.75557173240475,0.19514767932489452,0.22552447552447552,0.6060955710955711,0.8098768701606982,370,5,443,1162,1896,1526
0.030114894662951915,0.9866666666666667,0.9866666666666667,378.4296202937366,0.19525065963060687,0.22552447552447552,0.6060955710955711,0.8100018389185086,370,5,443,1161,1895,1525
0.03015659913509287,0.9866666666666667,0.9866666666666667,378.4296202937366,0.19535374868004224,0.22552447552447552,0.6060955710955711,0.8101268076763193,370,5,443,1161,1894,1524
0.030167773050319167,0.9866666666666667,0.9866666666666667,378.1036688550684,0.19545694664553617,0.22552447552447552,0.6060955710955711,0.8102517764341298,370,5,443,1160,1893,1523
0.030205024143609958,0.9866666666666667,0.9866666666666667,378.1036688550684,0.19556025369978858,0.22552447552447552,0.6060955710955711,0.8103767451919404,370,5,443,1160,1892,1522
0.030255607212732936,0.9866666666666667,0.9866666666666667,377.77771741640026,0.19566367001586463,0.22552447552447552,0.6060955710955711,0.8105017139497509,370,5,443,1159,1891,1521
0.03025859248858852,0.9866666666666667,0.9866666666666667,377.4517659777321,0.19576719576719576,0.22552447552447552,0.6060955710955711,0.8106266827075614,370,5,443,1158,1890,1520
0.030280189115694932,0.9866666666666667,0.9866666666666667,377.1258145390639,0.19587083112758072,0.22552447552447552,0.6060955710955711,0.810751651465372,370,5,443,1157,1889,1519
0.030319614314338068,0.9866666666666667,0.9866666666666667,376.7998631003958,0.19597457627118645,0.22727272727272727,0.6069696969696969,0.8108766202231825,370,5,442,1156,1888,1518
0.030324077696454173,0.9866666666666667,0.9866666666666667,376.4739116617276,0.19607843137254902,0.22727272727272727,0.6069696969696969,0.8110015889809932,370,5,442,1155,1887,1517
0.030330671985549024,0.9866666666666667,0.9866666666666667,376.4739116617276,0.19618239660657477,0.22727272727272727,0.6069696969696969,0.8111265577388036,370,5,442,1155,1886,1516
0.03033484126243026,0.9866666666666667,0.9866666666666667,376.14796022305944,0.1962864721485411,0.22727272727272727,0.6069696969696969,0.8112515264966143,370,5,442,1154,1885,1515
0.030340224107183893,0.9866666666666667,0.9866666666666667,375.8220087843913,0.19639065817409768,0.22727272727272727,0.6069696969696969,0.8113764952544247,370,5,442,1153,1884,1514
0.030365139752652377,0.9866666666666667,0.9866666666666667,375.4960573457231,0.19649495485926713,0.22727272727272727,0.6069696969696969,0.8115014640122353,370,5,442,1152,1883,1513
0.030369605547823787,0.9866666666666667,0.9866666666666667,375.17010590705496,0.19659936238044634,0.229020979020979,0.6078438228438229,0.8116264327700458,370,5,441,1151,1882,1512
0.030382134465712817,0.9866666666666667,0.9866666666666667,375.17010590705496,0.19670388091440724,0.229020979020979,0.6078438228438229,0.8117514015278564,370,5,441,1151,1881,1511
0.03038353698623617,0.9866666666666667,0.9866666666666667,374.8441544683868,0.19680851063829788,0.229020979020979,0.6078438228438229,0.8118763702856668,370,5,441,1150,1880,1510
0.03039054497137414,0.9866666666666667,0.9866666666666667,374.5182030297186,0.19691325172964344,0.229020979020979,0.6078438228438229,0.8120013390434775,370,5,441,1149,1879,1509
0.030405282495727576,0.9866666666666667,0.9866666666666667,374.5182030297186,0.19701810436634717,0.229020979020979,0.6078438228438229,0.812126307801288,370,5,441,1149,1878,1508
0.03040705670303611,0.9866666666666667,0.9866666666666667,374.1922515910505,0.19712306872669152,0.229020979020979,0.6078438228438229,0.8122512765590986,370,5,441,1148,1877,1507
0.030466706143933594,0.9866666666666667,0.9866666666666667,374.1922515910505,0.19722814498933902,0.229020979020979,0.6078438228438229,0.8123762453169091,370,5,441,1148,1876,1506
0.030472749280991574,0.9866666666666667,0.9866666666666667,373.86630015238234,0.19733333333333333,0.229020979020979,0.6078438228438229,0.8125012140747196,370,5,441,1147,1875,1505
0.030510499196450602,0.9866666666666667,0.9866666666666667,373.54034871371414,0.19743863393810032,0.23076923076923078,0.6087179487179487,0.8126261828325302,370,5,440,1146,1874,1504
0.03060317942684819,0.9866666666666667,0.9866666666666667,373.214397275046,0.19754404698344902,0.23251748251748253,0.6095920745920747,0.8127511515903407,370,5,439,1145,1873,1503
0.030614152445031434,0.9866666666666667,0.9866666666666667,372.8884458363778,0.19764957264957264,0.23251748251748253,0.6095920745920747,0.8128761203481514,370,5,439,1144,1872,1502
0.030625857201541335,0.9866666666666667,0.9866666666666667,372.8884458363778,0.19775521111704972,0.23251748251748253,0.6095920745920747,0.8130010891059618,370,5,439,1144,1871,1501
0.030634133563004234,0.9866666666666667,0.9866666666666667,372.8884458363778,0.19786096256684493,0.23251748251748253,0.6095920745920747,0.8131260578637725,370,5,439,1144,1870,1500
0.030667775726945255,0.9866666666666667,0.9866666666666667,372.8884458363778,0.19796682718031033,0.23251748251748253,0.6095920745920747,0.8132510266215829,370,5,439,1144,1869,1499
0.030681573249661538,0.9866666666666667,0.9866666666666667,372.56249439770966,0.1980728051391863,0.23251748251748253,0.6095920745920747,0.8133759953793935,370,5,439,1143,1868,1498
0.030696843454185562,0.9866666666666667,0.9866666666666667,372.2365429590415,0.19817889662560256,0.23251748251748253,0.6095920745920747,0.813500964137204,370,5,439,1142,1867,1497
0.03071296773730998,0.9866666666666667,0.9866666666666667,371.9105915203733,0.1982851018220793,0.23251748251748253,0.6095920745920747,0.8136259328950146,370,5,439,1141,1866,1496
0.03074030120821026,0.9866666666666667,0.9866666666666667,371.5846400817052,0.19839142091152814,0.23251748251748253,0.6095920745920747,0.8137509016528252,370,5,439,1140,1865,1495
0.030775811604744206,0.9866666666666667,0.9866666666666667,371.25868864303703,0.1984978540772532,0.23251748251748253,0.6095920745920747,0.8138758704106357,370,5,439,1139,1864,1494
0.03079341940133463,0.9866666666666667,0.9866666666666667,370.93273720436883,0.19860440150295222,0.23251748251748253,0.6095920745920747,0.8140008391684462,370,5,439,1138,1863,1493
0.030811611843172007,0.9866666666666667,0.9866666666666667,370.93273720436883,0.19871106337271752,0.23251748251748253,0.6095920745920747,0.8141258079262568,370,5,439,1138,1862,1492
0.030818974036737945,0.9866666666666667,0.9866666666666667,370.6067857657007,0.19881783987103707,0.23426573426573427,0.6104662004662005,0.8142507766840673,370,5,438,1137,1861,1491
0.030841027525798335,0.9866666666666667,0.9866666666666667,370.28083432703255,0.1989247311827957,0.23426573426573427,0.6104662004662005,0.8143757454418779,370,5,438,1136,1860,1490
0.03084155843734413,0.9866666666666667,0.9866666666666667,370.28083432703255,0.19903173749327596,0.23426573426573427,0.6104662004662005,0.8145007141996884,370,5,438,1136,1859,1489
0.030869949274921853,0.9866666666666667,0.9866666666666667,369.95488288836435,0.1991388589881593,0.23426573426573427,0.6104662004662005,0.8146256829574989,370,5,438,1135,1858,1488
0.03091284757239786,0.9866666666666667,0.9866666666666667,369.6289314496962,0.1992460958535272,0.23426573426573427,0.6104662004662005,0.8147506517153096,370,5,438,1134,1857,1487
0.0309532031368683,0.9866666666666667,0.9866666666666667,369.302980011028,0.19935344827586207,0.23426573426573427,0.6104662004662005,0.81487562047312,370,5,438,1133,1856,1486
0.03098876975391837,0.9866666666666667,0.9866666666666667,368.97702857235987,0.19946091644204852,0.23426573426573427,0.6104662004662005,0.8150005892309307,370,5,438,1132,1855,1485
0.031028418750587344,0.9866666666666667,0.9866666666666667,368.97702857235987,0.19956850053937433,0.23426573426573427,0.6104662004662005,0.8151255579887411,370,5,438,1132,1854,1484
0.031036155859475778,0.9866666666666667,0.9866666666666667,368.65107713369173,0.19967620075553158,0.23426573426573427,0.6104662004662005,0.8152505267465517,370,5,438,1131,1853,1483
0.031077469987279453,0.9866666666666667,0.9866666666666667,368.65107713369173,0.19978401727861772,0.23426573426573427,0.6104662004662005,0.8153754955043622,370,5,438,1131,1852,1482
0.031149182833133383,0.9866666666666667,0.9866666666666667,368.32512569502353,0.1998919502971367,0.23426573426573427,0.6104662004662005,0.8155004642621728,370,5,438,1130,1851,1481
0.031218874510215877,0.9866666666666667,0.9866666666666667,367.9991742563554,0.2,0.23426573426573427,0.6104662004662005,0.8156254330199834,370,5,438,1129,1850,1480
0.03126288150799468,0.9866666666666667,0.9866666666666667,367.9991742563554,0.20010816657652786,0.23426573426573427,0.6104662004662005,0.8157504017777939,370,5,438,1129,1849,1479
0.03126508789216542,0.9866666666666667,0.9866666666666667,367.67322281768725,0.2002164502164502,0.23426573426573427,0.6104662004662005,0.8158753705356044,370,5,438,1128,1848,1478
0.03127885895379009,0.9866666666666667,0.9866666666666667,367.34727137901905,0.20032485110990797,0.23426573426573427,0.6104662004662005,0.816000339293415,370,5,438,1127,1847,1477
0.03130460640673132,0.9866666666666667,0.9866666666666667,367.0213199403509,0.20043336944745396,0.23426573426573427,0.6104662004662005,0.8161253080512255,370,5,438,1126,1846,1476
0.031308165004365625,0.9866666666666667,0.9866666666666667,366.6953685016827,0.2005420054200542,0.23426573426573427,0.6104662004662005,0.8162502768090361,370,5,438,1125,1845,1475
0.0313525349513664,0.9866666666666667,0.9866666666666667,366.6953685016827,0.20065075921908893,0.23426573426573427,0.6104662004662005,0.8163752455668467,370,5,438,1125,1844,1474
0.03140814947342554,0.9866666666666667,0.9866666666666667,366.6953685016827,0.20075963103635378,0.23426573426573427,0.6104662004662005,0.8165002143246571,370,5,438,1125,1843,1473
0.03143373186426618,0.9866666666666667,0.9866666666666667,366.36941706301457,0.2008686210640608,0.23426573426573427,0.6104662004662005,0.8166251830824678,370,5,438,1124,1842,1472
0.0314764880911262,0.9866666666666667,0.9866666666666667,366.36941706301457,0.20097772949483977,0.23426573426573427,0.6104662004662005,0.8167501518402782,370,5,438,1124,1841,1471
0.031487099985621256,0.9866666666666667,0.9866666666666667,366.0434656243464,0.20108695652173914,0.23426573426573427,0.6104662004662005,0.8168751205980889,370,5,438,1123,1840,1470
0.03150046292757089,0.9866666666666667,0.9866666666666667,365.7175141856782,0.2011963023382273,0.23426573426573427,0.6104662004662005,0.8170000893558993,370,5,438,1122,1839,1469
0.031501488925002624,0.9866666666666667,0.9866666666666667,365.3915627470101,0.20130576713819368,0.23601398601398602,0.6113403263403263,0.81712505811371,370,5,437,1121,1838,1468
0.03154779298570028,0.9866666666666667,0.9866666666666667,365.3915627470101,0.2014153511159499,0.23601398601398602,0.6113403263403263,0.8172500268715204,370,5,437,1121,1837,1467
0.03154971064573204,0.9866666666666667,0.9866666666666667,365.06561130834194,0.20152505446623092,0.23601398601398602,0.6113403263403263,0.817374995629331,370,5,437,1120,1836,1466
0.03155643378334335,0.9866666666666667,0.9866666666666667,364.73965986967374,0.2016348773841962,0.23601398601398602,0.6113403263403263,0.8174999643871416,370,5,437,1119,1835,1465
0.03155948185054944,0.9866666666666667,0.9866666666666667,364.4137084310056,0.20174482006543076,0.23601398601398602,0.6113403263403263,0.8176249331449521,370,5,437,1118,1834,1464
0.031563227463269714,0.9866666666666667,0.9866666666666667,364.08775699233746,0.20185488270594654,0.23601398601398602,0.6113403263403263,0.8177499019027626,370,5,437,1117,1833,1463
0.03157538873104609,0.9866666666666667,0.9866666666666667,363.76180555366926,0.2019650655021834,0.23601398601398602,0.6113403263403263,0.8178748706605732,370,5,437,1116,1832,1462
0.031578388478103424,0.9866666666666667,0.9866666666666667,363.4358541150011,0.2020753686510104,0.23776223776223776,0.6122144522144523,0.8179998394183837,370,5,436,1115,1831,1461
0.03160480429348754,0.9866666666666667,0.9866666666666667,363.1099026763329,0.20218579234972678,0.23776223776223776,0.6122144522144523,0.8181248081761943,370,5,436,1114,1830,1460
0.03169498247508376,0.9866666666666667,0.9866666666666667,363.1099026763329,0.20229633679606343,0.23776223776223776,0.6122144522144523,0.8182497769340049,370,5,436,1114,1829,1459
0.031725663748430756,0.9866666666666667,0.9866666666666667,362.7839512376648,0.2024070021881838,0.23776223776223776,0.6122144522144523,0.8183747456918153,370,5,436,1113,1828,1458
0.031752618423718175,0.9866666666666667,0.9866666666666667,362.7839512376648,0.2025177887246853,0.23776223776223776,0.6122144522144523,0.818499714449626,370,5,436,1113,1827,1457
0.03184896240014386,0.9866666666666667,0.984,362.7839512376648,0.20208105147864183,0.23776223776223776,0.6108811188811188,0.8172043776620612,369,6,436,1113,1826,1457
0.0319164946320354,0.9866666666666667,0.984,362.7839512376648,0.2021917808219178,0.23776223776223776,0.6108811188811188,0.8173293464198716,369,6,436,1113,1825,1456
0.03193359596207644,0.9866666666666667,0.984,362.45799979899664,0.20230263157894737,0.23776223776223776,0.6108811188811188,0.8174543151776823,369,6,436,1112,1824,1455
0.03194819664481227,0.9866666666666667,0.984,362.13204836032844,0.20241360394953373,0.23776223776223776,0.6108811188811188,0.8175792839354927,369,6,436,1111,1823,1454
0.03195171372937401,0.9866666666666667,0.984,362.13204836032844,0.20252469813391877,0.23776223776223776,0.6108811188811188,0.8177042526933034,369,6,436,1111,1822,1453
0.03196255306456652,0.9866666666666667,0.984,362.13204836032844,0.2026359143327842,0.23776223776223776,0.6108811188811188,0.8178292214511139,369,6,436,1111,1821,1452
0.03196520465844045,0.9866666666666667,0.984,361.8060969216603,0.20274725274725275,0.23776223776223776,0.6108811188811188,0.8179541902089245,369,6,436,1110,1820,1451
0.03196930625246575,0.9866666666666667,0.984,361.48014548299216,0.2028587135788895,0.23776223776223776,0.6108811188811188,0.818079158966735,369,6,436,1109,1819,1450
0.03198832901605075,0.9866666666666667,0.984,361.15419404432396,0.20297029702970298,0.23776223776223776,0.6108811188811188,0.8182041277245455,369,6,436,1108,1818,1449
0.03199696199565054,0.9866666666666667,0.984,360.8282426056558,0.2030820033021464,0.23776223776223776,0.6108811188811188,0.8183290964823561,369,6,436,1107,1817,1448
0.0320273381567826,0.9866666666666667,0.984,360.5022911669877,0.20319383259911894,0.23776223776223776,0.6108811188811188,0.8184540652401666,369,6,436,1106,1816,1447
0.032035969923790326,0.9866666666666667,0.984,360.5022911669877,0.20330578512396694,0.23776223776223776,0.6108811188811188,0.8185790339979772,369,6,436,1106,1815,1446
0.032040654530692055,0.9866666666666667,0.984,360.5022911669877,0.20341786108048512,0.23776223776223776,0.6108811188811188,0.8187040027557877,369,6,436,1106,1814,1445
0.03209773439706293,0.9866666666666667,0.984,360.1763397283195,0.20353006067291782,0.23776223776223776,0.6108811188811188,0.8188289715135983,369,6,436,1105,1813,1444
0.03210640798762428,0.9866666666666667,0.984,360.1763397283195,0.20364238410596028,0.23776223776223776,0.6108811188811188,0.8189539402714088,369,6,436,1105,1812,1443
0.032127775114170136,0.9866666666666667,0.984,359.85038828965133,0.2037548315847598,0.23776223776223776,0.6108811188811188,0.8190789090292194,369,6,436,1104,1811,1442
0.032132919076182744,0.9866666666666667,0.984,359.52443685098314,0.20386740331491712,0.23776223776223776,0.6108811188811188,0.8192038777870299,369,6,436,1103,1810,1441
0.0321633694959783,0.9866666666666667,0.984,359.52443685098314,0.20398009950248755,0.23776223776223776,0.6108811188811188,0.8193288465448405,369,6,436,1103,1809,1440
0.032167032807832355,0.9866666666666667,0.984,359.198485412315,0.2040929203539823,0.23776223776223776,0.6108811188811188,0.8194538153026509,369,6,436,1102,1808,1439
0.03219127432350458,0.9866666666666667,0.984,358.87253397364685,0.20420586607636967,0.23776223776223776,0.6108811188811188,0.8195787840604616,369,6,436,1101,1807,1438
0.03221787863233734,0.9866666666666667,0.984,358.54658253497865,0.20431893687707642,0.23776223776223776,0.6108811188811188,0.8197037528182721,369,6,436,1100,1806,1437
0.032227620740938934,0.9866666666666667,0.984,358.2206310963105,0.20443213296398893,0.23776223776223776,0.6108811188811188,0.8198287215760827,369,6,436,1099,1805,1436
0.032249560446224894,0.9866666666666667,0.984,357.89467965764237,0.20454545454545456,0.23776223776223776,0.6108811188811188,0.8199536903338932,369,6,436,1098,1804,1435
0.032262696553293106,0.9866666666666667,0.984,357.5687282189742,0.20465890183028287,0.23776223776223776,0.6108811188811188,0.8200786590917037,369,6,436,1097,1803,1434
0.03226323614714492,0.9866666666666667,0.984,357.24277678030603,0.20477247502774695,0.23776223776223776,0.6108811188811188,0.8202036278495143,369,6,436,1096,1802,1433
0.0322643732738037,0.9866666666666667,0.984,357.24277678030603,0.2048861743475847,0.23776223776223776,0.6108811188811188,0.8203285966073248,369,6,436,1096,1801,1432
0.03226823347072792,0.9866666666666667,0.984,356.9168253416379,0.205,0.23776223776223776,0.6108811188811188,0.8204535653651355,369,6,436,1095,1800,1431
0.03230777906552701,0.9866666666666667,0.984,356.9168253416379,0.20511395219566425,0.23776223776223776,0.6108811188811188,0.8205785341229459,369,6,436,1095,1799,1430
0.032340559520513,0.9866666666666667,0.984,356.5908739029697,0.20522803114571747,0.2395104895104895,0.6117552447552448,0.8207035028807566,369,6,435,1094,1798,1429
0.03238251916805799,0.9866666666666667,0.984,356.26492246430155,0.20534223706176963,0.2395104895104895,0.6117552447552448,0.820828471638567,369,6,435,1093,1797,1428
0.03241450303112469,0.9866666666666667,0.984,356.26492246430155,0.205456570155902,0.2395104895104895,0.6117552447552448,0.8209534403963776,369,6,435,1093,1796,1427
0.03241647588116048,0.9866666666666667,0.984,356.26492246430155,0.20557103064066853,0.2395104895104895,0.6117552447552448,0.8210784091541881,369,6,435,1093,1795,1426
0.032425957644563685,0.9866666666666667,0.984,355.93897102563335,0.205685618729097,0.2395104895104895,0.6117552447552448,0.8212033779119987,369,6,435,1092,1794,1425
0.03250144499605888,0.9866666666666667,0.984,355.6130195869652,0.20580033463469047,0.24125874125874125,0.6126293706293706,0.8213283466698091,369,6,434,1091,1793,1424
0.03252847657436107,0.9866666666666667,0.984,355.6130195869652,0.20591517857142858,0.24125874125874125,0.6126293706293706,0.8214533154276198,369,6,434,1091,1792,1423
0.032528691315854466,0.9866666666666667,0.984,355.28706814829707,0.20603015075376885,0.24125874125874125,0.6126293706293706,0.8215782841854303,369,6,434,1090,1791,1422
0.03254924738235565,0.9866666666666667,0.984,354.96111670962887,0.20614525139664805,0.24125874125874125,0.6126293706293706,0.8217032529432409,369,6,434,1089,1790,1421
0.03256093266237282,0.9866666666666667,0.984,354.6351652709607,0.2062604807154835,0.24125874125874125,0.6126293706293706,0.8218282217010514,369,6,434,1088,1789,1420
0.03256936704560759,0.9866666666666667,0.984,354.6351652709607,0.2063758389261745,0.24125874125874125,0.6126293706293706,0.821953190458862,369,6,434,1088,1788,1419
0.03260440658260115,0.9866666666666667,0.984,354.6351652709607,0.20649132624510352,0.24125874125874125,0.6126293706293706,0.8220781592166725,369,6,434,1088,1787,1418
0.03262425913312994,0.9866666666666667,0.984,354.6351652709607,0.20660694288913775,0.24125874125874125,0.6126293706293706,0.822203127974483,369,6,434,1088,1786,1417
0.03263754210021455,0.9866666666666667,0.984,354.6351652709607,0.20672268907563024,0.24125874125874125,0.6126293706293706,0.8223280967322937,369,6,434,1088,1785,1416
0.0326463427567009,0.9866666666666667,0.984,354.3092138322926,0.2068385650224215,0.243006993006993,0.6135034965034964,0.8224530654901041,369,6,433,1087,1784,1415
0.032650994723292,0.9866666666666667,0.984,353.9832623936244,0.20695457094784073,0.243006993006993,0.6135034965034964,0.8225780342479148,369,6,433,1086,1783,1414
0.03265257704325788,0.9866666666666667,0.984,353.65731095495624,0.20707070707070707,0.243006993006993,0.6135034965034964,0.8227030030057252,369,6,433,1085,1782,1413
0.03267561809913713,0.9866666666666667,0.984,353.65731095495624,0.20718697361033128,0.243006993006993,0.6135034965034964,0.8228279717635358,369,6,433,1085,1781,1412
0.03267591495045789,0.9866666666666667,0.984,353.3313595162881,0.20730337078651687,0.24475524475524477,0.6143776223776224,0.8229529405213463,369,6,432,1084,1780,1411
0.03268723171334583,0.9866666666666667,0.984,353.0054080776199,0.20741989881956155,0.2465034965034965,0.6152517482517482,0.8230779092791569,369,6,431,1083,1779,1410
0.03272732650659379,0.9866666666666667,0.984,353.0054080776199,0.2075365579302587,0.2465034965034965,0.6152517482517482,0.8232028780369675,369,6,431,1083,1778,1409
0.03273658069537664,0.9866666666666667,0.984,353.0054080776199,0.2076533483398987,0.2465034965034965,0.6152517482517482,0.823327846794778,369,6,431,1083,1777,1408
0.032744484273925366,0.9866666666666667,0.984,352.67945663895176,0.20777027027027026,0.2465034965034965,0.6152517482517482,0.8234528155525885,369,6,431,1082,1776,1407
0.032765815054181455,0.9866666666666667,0.984,352.35350520028356,0.20788732394366197,0.2465034965034965,0.6152517482517482,0.8235777843103991,369,6,431,1081,1775,1406
0.03278542177405433,0.9866666666666667,0.984,352.0275537616154,0.2080045095828636,0.2465034965034965,0.6152517482517482,0.8237027530682096,369,6,431,1080,1774,1405
0.03280058633031994,0.9866666666666667,0.984,351.7016023229473,0.20812182741116753,0.2465034965034965,0.6152517482517482,0.8238277218260202,369,6,431,1079,1773,1404
0.032818412466887915,0.9866666666666667,0.984,351.3756508842791,0.2082392776523702,0.24825174825174826,0.6161258741258742,0.8239526905838307,369,6,430,1078,1772,1403
0.032829653200431914,0.9866666666666667,0.984,351.04969944561094,0.20835686053077357,0.24825174825174826,0.6161258741258742,0.8240776593416412,369,6,430,1077,1771,1402
0.03283555749354726,0.9866666666666667,0.984,350.7237480069428,0.20847457627118643,0.25,0.617,0.8242026280994519,369,6,429,1076,1770,1401
0.03286353172195776,0.9866666666666667,0.984,350.7237480069428,0.20859242509892595,0.25,0.617,0.8243275968572623,369,6,429,1076,1769,1400
0.03287135491934547,0.9866666666666667,0.984,350.3977965682746,0.208710407239819,0.25,0.617,0.824452565615073,369,6,429,1075,1768,1399
0.03287563134092293,0.9866666666666667,0.984,350.07184512960646,0.20882852292020374,0.25,0.617,0.8245775343728834,369,6,429,1074,1767,1398
0.03294001905601397,0.9866666666666667,0.984,350.07184512960646,0.2089467723669309,0.25,0.617,0.824702503130694,369,6,429,1074,1766,1397
0.03296372211798722,0.9866666666666667,0.984,350.07184512960646,0.20906515580736543,0.25,0.617,0.8248274718885045,369,6,429,1074,1765,1396
0.03296804043973816,0.9866666666666667,0.984,349.7458936909383,0.20918367346938777,0.25,0.617,0.8249524406463151,369,6,429,1073,1764,1395
0.03297124290524333,0.9866666666666667,0.984,349.7458936909383,0.20930232558139536,0.25,0.617,0.8250774094041257,369,6,429,1073,1763,1394
0.03299523069560405,0.9866666666666667,0.984,349.4199422522701,0.2094211123723042,0.25,0.617,0.8252023781619362,369,6,429,1072,1762,1393
0.03300086018639377,0.9866666666666667,0.984,349.093990813602,0.20954003407155025,0.25,0.617,0.8253273469197467,369,6,429,1071,1761,1392
0.03303340488875266,0.9866666666666667,0.984,348.7680393749338,0.2096590909090909,0.25,0.617,0.8254523156775573,369,6,429,1070,1760,1391
0.03303548524483684,0.9866666666666667,0.984,348.44208793626564,0.20977828311540647,0.25,0.617,0.8255772844353678,369,6,429,1069,1759,1390
0.03311373026280516,0.9866666666666667,0.984,348.1161364975975,0.2098976109215017,0.25,0.617,0.8257022531931784,369,6,429,1068,1758,1389
0.03312513064459275,0.9866666666666667,0.984,348.1161364975975,0.21001707455890722,0.25,0.617,0.825827221950989,369,6,429,1068,1757,1388
0.03313349462597337,0.9866666666666667,0.984,348.1161364975975,0.2101366742596811,0.25,0.617,0.8259521907087994,369,6,429,1068,1756,1387
0.03313368683538576,0.9866666666666667,0.984,347.7901850589293,0.21025641025641026,0.25,0.617,0.8260771594666101,369,6,429,1067,1755,1386
0.03315475463939052,0.9866666666666667,0.984,347.7901850589293,0.2103762827822121,0.25,0.617,0.8262021282244205,369,6,429,1067,1754,1385
0.03320632776021475,0.9866666666666667,0.984,347.46423362026115,0.2104962920707359,0.25,0.617,0.8263270969822312,369,6,429,1066,1753,1384
0.03321920395905544,0.9866666666666667,0.984,347.138282181593,0.2106164383561644,0.25,0.617,0.8264520657400416,369,6,429,1065,1752,1383
0.03323504536670769,0.9866666666666667,0.984,347.138282181593,0.2107367218732153,0.25,0.617,0.8265770344978522,369,6,429,1065,1751,1382
0.03324450189338202,0.9866666666666667,0.984,346.8123307429248,0.21085714285714285,0.25,0.617,0.8267020032556627,369,6,429,1064,1750,1381
0.03324499225031367,0.9866666666666667,0.984,346.4863793042567,0.2109777015437393,0.2517482517482518,0.6178741258741258,0.8268269720134733,369,6,428,1063,1749,1380
0.03324543250791943,0.9866666666666667,0.984,346.4863793042567,0.21109839816933637,0.2517482517482518,0.6178741258741258,0.8269519407712839,369,6,428,1063,1748,1379
0.03327128935715404,0.9866666666666667,0.984,346.16042786558853,0.2112192329708071,0.2517482517482518,0.6178741258741258,0.8270769095290944,369,6,428,1062,1747,1378
0.03332231573020312,0.9866666666666667,0.984,345.83447642692033,0.211340206185567,0.2517482517482518,0.6178741258741258,0.827201878286905,369,6,428,1061,1746,1377
0.03332739540996053,0.9866666666666667,0.984,345.5085249882522,0.21146131805157592,0.2517482517482518,0.6178741258741258,0.8273268470447155,369,6,428,1060,1745,1376
0.03333621908890751,0.9866666666666667,0.984,345.182573549584,0.21158256880733944,0.2517482517482518,0.6178741258741258,0.827451815802526,369,6,428,1059,1744,1375
0.03336173804368883,0.9866666666666667,0.984,344.85662211091585,0.2117039586919105,0.2517482517482518,0.6178741258741258,0.8275767845603366,369,6,428,1058,1743,1374
0.033366518144233276,0.9866666666666667,0.984,344.5306706722477,0.21182548794489092,0.2517482517482518,0.6178741258741258,0.8277017533181472,369,6,428,1057,1742,1373
0.03341942673937625,0.9866666666666667,0.984,344.2047192335795,0.21194715680643308,0.2517482517482518,0.6178741258741258,0.8278267220759576,369,6,428,1056,1741,1372
0.03344001986627314,0.9866666666666667,0.984,343.87876779491137,0.2120689655172414,0.2517482517482518,0.6178741258741258,0.8279516908337683,369,6,428,1055,1740,1371
0.033531961721478674,0.9866666666666667,0.984,343.87876779491137,0.2121909143185739,0.2517482517482518,0.6178741258741258,0.8280766595915787,369,6,428,1055,1739,1370
0.03355303452097099,0.9866666666666667,0.984,343.5528163562432,0.21231300345224396,0.2517482517482518,0.6178741258741258,0.8282016283493894,369,6,428,1054,1738,1369
0.03356103042305497,0.9866666666666667,0.984,343.226864917575,0.21243523316062177,0.2517482517482518,0.6178741258741258,0.8283265971071998,369,6,428,1053,1737,1368
0.0335810432911739,0.9866666666666667,0.984,342.9009134789069,0.21255760368663595,0.2517482517482518,0.6178741258741258,0.8284515658650105,369,6,428,1052,1736,1367
0.03358926195273541,0.9866666666666667,0.984,342.5749620402387,0.21268011527377523,0.2517482517482518,0.6178741258741258,0.828576534622821,369,6,428,1051,1735,1366
0.033611194842422594,0.9866666666666667,0.984,342.24901060157055,0.21280276816608998,0.2517482517482518,0.6178741258741258,0.8287015033806315,369,6,428,1050,1734,1365
0.033705190857692746,0.9866666666666667,0.984,341.9230591629024,0.2129255626081939,0.2517482517482518,0.6178741258741258,0.8288264721384421,369,6,428,1049,1733,1364
0.03373325566647789,0.9866666666666667,0.984,341.9230591629024,0.21304849884526558,0.2517482517482518,0.6178741258741258,0.8289514408962526,369,6,428,1049,1732,1363
0.03375496835964328,0.9866666666666667,0.984,341.9230591629024,0.21317157712305027,0.2517482517482518,0.6178741258741258,0.8290764096540632,369,6,428,1049,1731,1362
0.033774490505698675,0.9866666666666667,0.984,341.5971077242342,0.21329479768786128,0.2517482517482518,0.6178741258741258,0.8292013784118737,369,6,428,1048,1730,1361
0.033777990008031514,0.9866666666666667,0.984,341.27115628556606,0.21341816078658185,0.2534965034965035,0.6187482517482518,0.8293263471696842,369,6,427,1047,1729,1360
0.03378757446238161,0.9866666666666667,0.984,340.9452048468979,0.21354166666666666,0.2534965034965035,0.6187482517482518,0.8294513159274948,369,6,427,1046,1728,1359
0.033796937728821023,0.9866666666666667,0.984,340.6192534082297,0.2136653155761436,0.2534965034965035,0.6187482517482518,0.8295762846853054,369,6,427,1045,1727,1358
0.033817274839684296,0.9866666666666667,0.984,340.2933019695616,0.2137891077636153,0.2534965034965035,0.6187482517482518,0.8297012534431158,369,6,427,1044,1726,1357
0.033830289526993775,0.9866666666666667,0.984,339.96735053089344,0.21391304347826087,0.2534965034965035,0.6187482517482518,0.8298262222009265,369,6,427,1043,1725,1356
0.033831855436458516,0.9866666666666667,0.984,339.64139909222524,0.2140371229698376,0.2534965034965035,0.6187482517482518,0.8299511909587369,369,6,427,1042,1724,1355
0.033844145576675914,0.9866666666666667,0.984,339.3154476535571,0.21416134648868254,0.2534965034965035,0.6187482517482518,0.8300761597165476,369,6,427,1041,1723,1354
0.033847585836714614,0.9866666666666667,0.984,338.9894962148889,0.21428571428571427,0.2534965034965035,0.6187482517482518,0.830201128474358,369,6,427,1040,1722,1353
0.033859998771249906,0.9866666666666667,0.984,338.66354477622076,0.21441022661243464,0.2534965034965035,0.6187482517482518,0.8303260972321687,369,6,427,1039,1721,1352
0.03387824905597865,0.9866666666666667,0.984,338.3375933375526,0.21453488372093024,0.2534965034965035,0.6187482517482518,0.8304510659899792,369,6,427,1038,1720,1351
0.033880904055953696,0.9866666666666667,0.984,338.0116418988844,0.21465968586387435,0.2534965034965035,0.6187482517482518,0.8305760347477897,369,6,427,1037,1719,1350
0.03392823933922228,0.9866666666666667,0.984,337.6856904602163,0.21478463329452852,0.2534965034965035,0.6187482517482518,0.8307010035056003,369,6,427,1036,1718,1349
0.03400058685873895,0.9866666666666667,0.984,337.35973902154814,0.21490972626674432,0.2534965034965035,0.6187482517482518,0.8308259722634108,369,6,427,1035,1717,1348
0.03401646876907222,0.9866666666666667,0.984,337.35973902154814,0.21503496503496503,0.2534965034965035,0.6187482517482518,0.8309509410212214,369,6,427,1035,1716,1347
0.03403098452026728,0.9866666666666667,0.984,337.35973902154814,0.2151603498542274,0.2534965034965035,0.6187482517482518,0.8310759097790319,369,6,427,1035,1715,1346
0.03404212457136632,0.9866666666666667,0.984,337.35973902154814,0.21528588098016335,0.2534965034965035,0.6187482517482518,0.8312008785368425,369,6,427,1035,1714,1345
0.03405611568442684,0.9866666666666667,0.984,337.03378758287994,0.21541155866900175,0.2534965034965035,0.6187482517482518,0.831325847294653,369,6,427,1034,1713,1344
0.03407086437710814,0.9866666666666667,0.984,336.7078361442118,0.2155373831775701,0.2534965034965035,0.6187482517482518,0.8314508160524636,369,6,427,1033,1712,1343
0.03407813190542432,0.9866666666666667,0.984,336.7078361442118,0.21566335476329632,0.2534965034965035,0.6187482517482518,0.831575784810274,369,6,427,1033,1711,1342
0.03409363287668729,0.9866666666666667,0.984,336.7078361442118,0.21578947368421053,0.2534965034965035,0.6187482517482518,0.8317007535680847,369,6,427,1033,1710,1341
0.03413157317706167,0.9866666666666667,0.984,336.7078361442118,0.21591574019894674,0.2534965034965035,0.6187482517482518,0.8318257223258951,369,6,427,1033,1709,1340
0.03413391501597899,0.9866666666666667,0.984,336.7078361442118,0.21604215456674472,0.2534965034965035,0.6187482517482518,0.8319506910837058,369,6,427,1033,1708,1339
0.03414457711008215,0.9866666666666667,0.984,336.38188470554365,0.21616871704745166,0.2534965034965035,0.6187482517482518,0.8320756598415162,369,6,427,1032,1707,1338
0.034168528061230816,0.9866666666666667,0.984,336.05593326687546,0.21629542790152403,0.2534965034965035,0.6187482517482518,0.8322006285993269,369,6,427,1031,1706,1337
0.03423448846050991,0.9866666666666667,0.984,335.7299818282073,0.21642228739002933,0.2534965034965035,0.6187482517482518,0.8323255973571374,369,6,427,1030,1705,1336
0.034256761118936795,0.9866666666666667,0.984,335.4040303895391,0.21654929577464788,0.2534965034965035,0.6187482517482518,0.8324505661149479,369,6,427,1029,1704,1335
0.034280138772540214,0.9866666666666667,0.984,335.078078950871,0.21667645331767468,0.25524475524475526,0.6196223776223776,0.8325755348727585,369,6,426,1028,1703,1334
0.03428143445975429,0.9866666666666667,0.984,334.75212751220283,0.21680376028202114,0.25524475524475526,0.6196223776223776,0.832700503630569,369,6,426,1027,1702,1333
0.034346380362872096,0.9866666666666667,0.984,334.75212751220283,0.21693121693121692,0.25524475524475526,0.6196223776223776,0.8328254723883796,369,6,426,1027,1701,1332
0.03439659351315852,0.9866666666666667,0.984,334.42617607353463,0.21705882352941178,0.25524475524475526,0.6196223776223776,0.8329504411461901,369,6,426,1026,1700,1331
0.03440614614364503,0.9866666666666667,0.984,334.42617607353463,0.21718658034137728,0.25524475524475526,0.6196223776223776,0.8330754099040008,369,6,426,1026,1699,1330
0.03440684118522738,0.9866666666666667,0.984,334.42617607353463,0.21731448763250882,0.25524475524475526,0.6196223776223776,0.8332003786618112,369,6,426,1026,1698,1329
0.03444350760683748,0.9866666666666667,0.984,334.1002246348665,0.21744254566882734,0.25524475524475526,0.6196223776223776,0.8333253474196218,369,6,426,1025,1697,1328
0.034480233072871264,0.9866666666666667,0.984,333.77427319619835,0.21757075471698112,0.25524475524475526,0.6196223776223776,0.8334503161774323,369,6,426,1024,1696,1327
0.034545317757317354,0.9866666666666667,0.984,333.44832175753015,0.2176991150442478,0.25524475524475526,0.6196223776223776,0.8335752849352429,369,6,426,1023,1695,1326
0.03458604912800733,0.9866666666666667,0.984,333.122370318862,0.21782762691853602,0.25524475524475526,0.6196223776223776,0.8337002536930533,369,6,426,1022,1694,1325
0.034602745401590626,0.9866666666666667,0.984,332.79641888019387,0.21795629060838748,0.25524475524475526,0.6196223776223776,0.833825222450864,369,6,426,1021,1693,1324
0.03467778076922126,0.9866666666666667,0.984,332.47046744152567,0.21808510638297873,0.256993006993007,0.6204965034965035,0.8339501912086745,369,6,425,1020,1692,1323
0.034688548682079955,0.9866666666666667,0.984,332.47046744152567,0.218214074512123,0.256993006993007,0.6204965034965035,0.8340751599664851,369,6,425,1020,1691,1322
0.034731615302916005,0.9866666666666667,0.984,332.47046744152567,0.2183431952662722,0.256993006993007,0.6204965034965035,0.8342001287242956,369,6,425,1020,1690,1321
0.03473836564871813,0.9866666666666667,0.984,332.14451600285753,0.21847246891651864,0.256993006993007,0.6204965034965035,0.8343250974821061,369,6,425,1019,1689,1320
0.0347709447751599,0.9866666666666667,0.984,331.81856456418933,0.21860189573459715,0.256993006993007,0.6204965034965035,0.8344500662399167,369,6,425,1018,1688,1319
0.0349399492089906,0.9866666666666667,0.984,331.4926131255212,0.21873147599288678,0.256993006993007,0.6204965034965035,0.8345750349977272,369,6,425,1017,1687,1318
0.034964273929656946,0.9866666666666667,0.984,331.16666168685305,0.2188612099644128,0.256993006993007,0.6204965034965035,0.8347000037555378,369,6,425,1016,1686,1317
0.03501970246901863,0.9866666666666667,0.984,330.84071024818485,0.21899109792284865,0.256993006993007,0.6204965034965035,0.8348249725133483,369,6,425,1015,1685,1316
0.03503060506080177,0.9866666666666667,0.984,330.5147588095167,0.21912114014251782,0.25874125874125875,0.6213706293706294,0.834949941271159,369,6,424,1014,1684,1315
0.0350759243593343,0.9866666666666667,0.984,330.5147588095167,0.2192513368983957,0.25874125874125875,0.6213706293706294,0.8350749100289694,369,6,424,1014,1683,1314
0.03508217787011924,0.9866666666666667,0.984,330.18880737084856,0.21938168846611178,0.26048951048951047,0.6222447552447552,0.83519987878678,369,6,423,1013,1682,1313
0.03509344816817808,0.9866666666666667,0.984,329.86285593218037,0.21951219512195122,0.26048951048951047,0.6222447552447552,0.8353248475445905,369,6,423,1012,1681,1312
0.03509361151484124,0.9866666666666667,0.984,329.5369044935122,0.21964285714285714,0.26048951048951047,0.6222447552447552,0.8354498163024011,369,6,423,1011,1680,1311
0.03509958832830541,0.9866666666666667,0.984,329.2109530548441,0.2197736748064324,0.26048951048951047,0.6222447552447552,0.8355747850602115,369,6,423,1010,1679,1310
0.03510915506546873,0.9866666666666667,0.984,329.2109530548441,0.2199046483909416,0.26048951048951047,0.6222447552447552,0.8356997538180222,369,6,423,1010,1678,1309
0.03513036088203279,0.9866666666666667,0.984,328.8850016161759,0.22003577817531306,0.26048951048951047,0.6222447552447552,0.8358247225758327,369,6,423,1009,1677,1308
0.03514504599534246,0.9866666666666667,0.984,328.55905017750774,0.2201670644391408,0.26223776223776224,0.6231188811188811,0.8359496913336433,369,6,422,1008,1676,1307
0.03515154567805074,0.9866666666666667,0.984,328.23309873883954,0.22029850746268656,0.26223776223776224,0.6231188811188811,0.8360746600914538,369,6,422,1007,1675,1306
0.03515730763398696,0.9866666666666667,0.984,327.9071473001714,0.22043010752688172,0.26223776223776224,0.6231188811188811,0.8361996288492644,369,6,422,1006,1674,1305
0.035176204200891036,0.9866666666666667,0.984,327.58119586150326,0.22056186491332935,0.26223776223776224,0.6231188811188811,0.8363245976070749,369,6,422,1005,1673,1304
0.03528525027254898,0.9866666666666667,0.984,327.25524442283506,0.22069377990430622,0.263986013986014,0.623993006993007,0.8364495663648854,369,6,421,1004,1672,1303
0.0353131767541188,0.9866666666666667,0.984,327.25524442283506,0.22082585278276481,0.263986013986014,0.623993006993007,0.8365745351226961,369,6,421,1004,1671,1302
0.03539479865958308,0.9866666666666667,0.984,326.9292929841669,0.22095808383233534,0.263986013986014,0.623993006993007,0.8366995038805065,369,6,421,1003,1670,1301
0.03541162305062167,0.9866666666666667,0.984,326.6033415454988,0.22109047333732773,0.263986013986014,0.623993006993007,0.8368244726383172,369,6,421,1002,1669,1300
0.03546740977930372,0.9866666666666667,0.984,326.2773901068306,0.22122302158273383,0.263986013986014,0.623993006993007,0.8369494413961276,369,6,421,1001,1668,1299
0.03547184997643864,0.9866666666666667,0.984,326.2773901068306,0.22135572885422916,0.263986013986014,0.623993006993007,0.8370744101539382,369,6,421,1001,1667,1298
0.035505598674199466,0.9866666666666667,0.984,325.95143866816244,0.22148859543817526,0.263986013986014,0.623993006993007,0.8371993789117487,369,6,421,1000,1666,1297
0.035522780269889837,0.9866666666666667,0.984,325.6254872294943,0.22162162162162163,0.26573426573426573,0.6248671328671329,0.8373243476695593,369,6,420,999,1665,1296
0.0355363625218937,0.9866666666666667,0.984,325.2995357908261,0.22175480769230768,0.26573426573426573,0.6248671328671329,0.8374493164273697,369,6,420,998,1664,1295
0.035559029154528674,0.9866666666666667,0.984,324.97358435215796,0.22188815393866507,0.26573426573426573,0.6248671328671329,0.8375742851851804,369,6,420,997,1663,1294
0.03556478067895603,0.9866666666666667,0.984,324.97358435215796,0.22202166064981949,0.26573426573426573,0.6248671328671329,0.8376992539429909,369,6,420,997,1662,1293
0.03557723097497749,0.9866666666666667,0.984,324.97358435215796,0.22215532811559302,0.26573426573426573,0.6248671328671329,0.8378242227008015,369,6,420,997,1661,1292
0.035604534098203244,0.9866666666666667,0.984,324.97358435215796,0.22228915662650603,0.26573426573426573,0.6248671328671329,0.837949191458612,369,6,420,997,1660,1291
0.03561395005744706,0.9866666666666667,0.984,324.64763291348976,0.2224231464737794,0.26573426573426573,0.6248671328671329,0.8380741602164226,369,6,420,996,1659,1290
0.03562443829295483,0.9866666666666667,0.984,324.3216814748216,0.22255729794933654,0.26573426573426573,0.6248671328671329,0.8381991289742331,369,6,420,995,1658,1289
0.035670232233510304,0.9866666666666667,0.984,323.9957300361535,0.22269161134580567,0.2674825174825175,0.6257412587412587,0.8383240977320436,369,6,419,994,1657,1288
0.03578798181988498,0.9866666666666667,0.984,323.6697785974853,0.22282608695652173,0.2674825174825175,0.6257412587412587,0.8384490664898543,369,6,419,993,1656,1287
0.03586466814912067,0.9866666666666667,0.984,323.34382715881713,0.2229607250755287,0.2692307692307692,0.6266153846153846,0.8385740352476647,369,6,418,992,1655,1286
0.03596156966807286,0.9866666666666667,0.984,323.017875720149,0.22309552599758162,0.2692307692307692,0.6266153846153846,0.8386990040054754,369,6,418,991,1654,1285
0.036018365722608324,0.9866666666666667,0.984,322.6919242814808,0.22323049001814882,0.2692307692307692,0.6266153846153846,0.8388239727632858,369,6,418,990,1653,1284
0.036169562466008,0.9866666666666667,0.984,322.36597284281265,0.22336561743341404,0.2692307692307692,0.6266153846153846,0.8389489415210964,369,6,418,989,1652,1283
0.03620514690923628,0.9866666666666667,0.984,322.36597284281265,0.22350090854027863,0.2692307692307692,0.6266153846153846,0.8390739102789069,369,6,418,989,1651,1282
0.0362261881606991,0.9866666666666667,0.984,322.0400214041445,0.22363636363636363,0.2692307692307692,0.6266153846153846,0.8391988790367175,369,6,418,988,1650,1281
0.03626696410779134,0.9866666666666667,0.984,322.0400214041445,0.22377198302001214,0.2692307692307692,0.6266153846153846,0.8393238477945281,369,6,418,988,1649,1280
0.036347712874898803,0.9866666666666667,0.984,321.7140699654763,0.22390776699029127,0.2692307692307692,0.6266153846153846,0.8394488165523386,369,6,418,987,1648,1279
0.03640382794024969,0.9866666666666667,0.984,321.38811852680817,0.22404371584699453,0.2692307692307692,0.6266153846153846,0.8395737853101491,369,6,418,986,1647,1278
0.03645097883690968,0.9866666666666667,0.984,321.06216708814,0.22417982989064397,0.270979020979021,0.6274895104895105,0.8396987540679597,369,6,417,985,1646,1277
0.036488871095665856,0.9866666666666667,0.984,320.73621564947183,0.2243161094224924,0.270979020979021,0.6274895104895105,0.8398237228257702,369,6,417,984,1645,1276
0.036512057759465845,0.9866666666666667,0.984,320.73621564947183,0.22445255474452555,0.270979020979021,0.6274895104895105,0.8399486915835808,369,6,417,984,1644,1275
0.0365360195408948,0.9866666666666667,0.984,320.73621564947183,0.2245891661594644,0.270979020979021,0.6274895104895105,0.8400736603413913,369,6,417,984,1643,1274
0.03657534704174577,0.9866666666666667,0.984,320.4102642108037,0.22472594397076737,0.2727272727272727,0.6283636363636363,0.8401986290992018,369,6,416,983,1642,1273
0.03661424258358873,0.9866666666666667,0.984,320.0843127721355,0.22486288848263253,0.2744755244755245,0.6292377622377623,0.8403235978570125,369,6,415,982,1641,1272
0.036639474451574616,0.9866666666666667,0.984,319.75836133346735,0.225,0.2744755244755245,0.6292377622377623,0.8404485666148229,369,6,415,981,1640,1271
0.03673480988325506,0.9866666666666667,0.984,319.4324098947992,0.225137278828554,0.2744755244755245,0.6292377622377623,0.8405735353726336,369,6,415,980,1639,1270
0.03676054470823794,0.9866666666666667,0.984,319.106458456131,0.22527472527472528,0.2744755244755245,0.6292377622377623,0.840698504130444,369,6,415,979,1638,1269
0.03680161137888335,0.9866666666666667,0.984,318.78050701746287,0.22541233964569335,0.2762237762237762,0.6301118881118881,0.8408234728882547,369,6,414,978,1637,1268
0.03682682614890533,0.9866666666666667,0.984,318.45455557879467,0.22555012224938875,0.2762237762237762,0.6301118881118881,0.8409484416460651,369,6,414,977,1636,1267
0.03683357544708159,0.9866666666666667,0.984,318.45455557879467,0.22568807339449543,0.2762237762237762,0.6301118881118881,0.8410734104038757,369,6,414,977,1635,1266
0.036877317621619866,0.9866666666666667,0.984,318.1286041401265,0.22582619339045287,0.2762237762237762,0.6301118881118881,0.8411983791616863,369,6,414,976,1634,1265
0.03687910250565318,0.9866666666666667,0.984,318.1286041401265,0.22596448254745866,0.2762237762237762,0.6301118881118881,0.8413233479194968,369,6,414,976,1633,1264
0.03690631929369584,0.9866666666666667,0.984,317.8026527014584,0.2261029411764706,0.2762237762237762,0.6301118881118881,0.8414483166773074,369,6,414,975,1632,1263
0.03701001479916764,0.9866666666666667,0.984,317.4767012627902,0.22624156958920907,0.2762237762237762,0.6301118881118881,0.8415732854351179,369,6,414,974,1631,1262
0.03701223358017897,0.9866666666666667,0.984,317.15074982412204,0.2263803680981595,0.2762237762237762,0.6301118881118881,0.8416982541929284,369,6,414,973,1630,1261
0.03702556630543514,0.9866666666666667,0.984,316.8247983854539,0.2265193370165746,0.27797202797202797,0.630986013986014,0.841823222950739,369,6,413,972,1629,1260
0.03706309160168966,0.9866666666666667,0.984,316.4988469467857,0.22665847665847666,0.27797202797202797,0.630986013986014,0.8419481917085496,369,6,413,971,1628,1259
0.03710895637279325,0.9866666666666667,0.984,316.4988469467857,0.2267977873386601,0.27797202797202797,0.630986013986014,0.84207316046636,369,6,413,971,1627,1258
0.03711718712303588,0.9866666666666667,0.984,316.17289550811756,0.22693726937269373,0.27797202797202797,0.630986013986014,0.8421981292241707,369,6,413,970,1626,1257
0.03715178916028615,0.9866666666666667,0.984,315.8469440694494,0.22707692307692307,0.27972027972027974,0.6318601398601399,0.8423230979819811,369,6,412,969,1625,1256
0.03715918467060413,0.9866666666666667,0.984,315.5209926307812,0.2272167487684729,0.27972027972027974,0.6318601398601399,0.8424480667397918,369,6,412,968,1624,1255
0.037165280644287556,0.9866666666666667,0.984,315.5209926307812,0.22735674676524953,0.27972027972027974,0.6318601398601399,0.8425730354976022,369,6,412,968,1623,1254
0.037179601601365644,0.9866666666666667,0.984,315.1950411921131,0.22749691738594327,0.27972027972027974,0.6318601398601399,0.8426980042554129,369,6,412,967,1622,1253
0.03718217647812767,0.9866666666666667,0.984,315.1950411921131,0.22763726095003084,0.27972027972027974,0.6318601398601399,0.8428229730132233,369,6,412,967,1621,1252
0.03720402580221475,0.9866666666666667,0.984,314.8690897534449,0.22777777777777777,0.27972027972027974,0.6318601398601399,0.8429479417710339,369,6,412,966,1620,1251
0.03725154288328043,0.9866666666666667,0.984,314.54313831477674,0.2279184681902409,0.27972027972027974,0.6318601398601399,0.8430729105288445,369,6,412,965,1619,1250
0.03730120228741824,0.9866666666666667,0.984,314.2171868761086,0.2280593325092707,0.28146853146853146,0.6327342657342657,0.843197879286655,369,6,411,964,1618,1249
0.03734770721537247,0.9866666666666667,0.984,313.8912354374404,0.22820037105751392,0.28146853146853146,0.6327342657342657,0.8433228480444656,369,6,411,963,1617,1248
0.0374366875050209,0.9866666666666667,0.984,313.56528399877226,0.22834158415841585,0.28146853146853146,0.6327342657342657,0.8434478168022761,369,6,411,962,1616,1247
0.037468076857384264,0.9866666666666667,0.984,313.2393325601041,0.2284829721362229,0.28146853146853146,0.6327342657342657,0.8435727855600866,369,6,411,961,1615,1246
0.03747913962995295,0.9866666666666667,0.984,312.9133811214359,0.22862453531598512,0.28146853146853146,0.6327342657342657,0.8436977543178972,369,6,411,960,1614,1245
0.037500542329202816,0.9866666666666667,0.984,312.5874296827678,0.2287662740235586,0.28321678321678323,0.6336083916083917,0.8438227230757078,369,6,410,959,1613,1244
0.03755725268518091,0.9866666666666667,0.984,312.26147824409964,0.22890818858560794,0.28321678321678323,0.6336083916083917,0.8439476918335183,369,6,410,958,1612,1243
0.03759290423780603,0.9866666666666667,0.984,311.93552680543144,0.22905027932960895,0.28321678321678323,0.6336083916083917,0.8440726605913289,369,6,410,957,1611,1242
0.037626635992464685,0.9866666666666667,0.984,311.6095753667633,0.22919254658385094,0.28321678321678323,0.6336083916083917,0.8441976293491393,369,6,410,956,1610,1241
0.03763939621212876,0.9866666666666667,0.984,311.2836239280951,0.2293349906774394,0.28321678321678323,0.6336083916083917,0.84432259810695,369,6,410,955,1609,1240
0.037670862639419884,0.9866666666666667,0.984,310.95767248942695,0.2294776119402985,0.28321678321678323,0.6336083916083917,0.8444475668647604,369,6,410,954,1608,1239
0.037699200814184035,0.9866666666666667,0.984,310.95767248942695,0.22962041070317363,0.28321678321678323,0.6336083916083917,0.8445725356225711,369,6,410,954,1607,1238
0.03771067575235176,0.9866666666666667,0.984,310.6317210507588,0.22976338729763388,0.28321678321678323,0.6336083916083917,0.8446975043803816,369,6,410,953,1606,1237
0.03773906166585115,0.9866666666666667,0.984,310.3057696120906,0.22990654205607478,0.28321678321678323,0.6336083916083917,0.8448224731381921,369,6,410,952,1605,1236
0.03777559772521026,0.9866666666666667,0.984,310.3057696120906,0.2300498753117207,0.28321678321678323,0.6336083916083917,0.8449474418960027,369,6,410,952,1604,1235
0.03782597707306968,0.9866666666666667,0.984,309.9798181734225,0.23019338739862757,0.28496503496503495,0.6344825174825175,0.8450724106538132,369,6,409,951,1603,1234
0.03784002330982933,0.9866666666666667,0.984,309.9798181734225,0.2303370786516854,0.28496503496503495,0.6344825174825175,0.8451973794116238,369,6,409,951,1602,1233
0.03786263830566194,0.9866666666666667,0.984,309.65386673475433,0.23048094940662087,0.28496503496503495,0.6344825174825175,0.8453223481694343,369,6,409,950,1601,1232
0.03791016914443004,0.9866666666666667,0.984,309.32791529608613,0.230625,0.28496503496503495,0.6344825174825175,0.8454473169272448,369,6,409,949,1600,1231
0.03793698015112283,0.9866666666666667,0.984,309.001963857418,0.23076923076923078,0.28496503496503495,0.6344825174825175,0.8455722856850554,369,6,409,948,1599,1230
0.03796547321374345,0.9866666666666667,0.984,309.001963857418,0.2309136420525657,0.28496503496503495,0.6344825174825175,0.845697254442866,369,6,409,948,1598,1229
0.037967066435908345,0.9866666666666667,0.984,309.001963857418,0.23105823418910457,0.28496503496503495,0.6344825174825175,0.8458222232006765,369,6,409,948,1597,1228
0.038001931147636274,0.9866666666666667,0.984,309.001963857418,0.231203007518797,0.28496503496503495,0.6344825174825175,0.8459471919584871,369,6,409,948,1596,1227
0.03801773075514959,0.9866666666666667,0.984,308.67601241874985,0.23134796238244515,0.28496503496503495,0.6344825174825175,0.8460721607162975,369,6,409,947,1595,1226
0.03811029347869058,0.9866666666666667,0.984,308.67601241874985,0.2314930991217064,0.28496503496503495,0.6344825174825175,0.8461971294741082,369,6,409,947,1594,1225
0.038134141987067646,0.9866666666666667,0.984,308.35006098008165,0.23163841807909605,0.28496503496503495,0.6344825174825175,0.8463220982319186,369,6,409,946,1593,1224
0.03813624135274453,0.9866666666666667,0.984,308.35006098008165,0.23178391959798994,0.28496503496503495,0.6344825174825175,0.8464470669897293,369,6,409,946,1592,1223
0.0381595471161622,0.9866666666666667,0.984,308.0241095414135,0.23192960402262727,0.28496503496503495,0.6344825174825175,0.8465720357475398,369,6,409,945,1591,1222
0.03816758539124397,0.9866666666666667,0.984,308.0241095414135,0.2320754716981132,0.28496503496503495,0.6344825174825175,0.8466970045053503,369,6,409,945,1590,1221
0.03822098981249841,0.9866666666666667,0.984,307.6981581027453,0.23222152297042165,0.28496503496503495,0.6344825174825175,0.8468219732631609,369,6,409,944,1589,1220
0.03823369363416473,0.9866666666666667,0.984,307.37220666407717,0.232367758186398,0.28496503496503495,0.6344825174825175,0.8469469420209714,369,6,409,943,1588,1219
0.038240786874131315,0.9866666666666667,0.984,307.37220666407717,0.23251417769376181,0.28496503496503495,0.6344825174825175,0.847071910778782,369,6,409,943,1587,1218
0.03841356958316528,0.9866666666666667,0.984,307.046255225409,0.23266078184110972,0.28496503496503495,0.6344825174825175,0.8471968795365925,369,6,409,942,1586,1217
0.03842050133366559,0.9866666666666667,0.984,306.7203037867408,0.232807570977918,0.28496503496503495,0.6344825174825175,0.8473218482944032,369,6,409,941,1585,1216
0.03852707078477062,0.9866666666666667,0.984,306.3943523480727,0.23295454545454544,0.28496503496503495,0.6344825174825175,0.8474468170522136,369,6,409,940,1584,1215
0.038531338714804596,0.9866666666666667,0.984,306.3943523480727,0.23310170562223625,0.28496503496503495,0.6344825174825175,0.8475717858100242,369,6,409,940,1583,1214
0.038534784706892214,0.9866666666666667,0.984,306.06840090940455,0.23324905183312264,0.2867132867132867,0.6353566433566433,0.8476967545678347,369,6,408,939,1582,1213
0.03855018820161529,0.9866666666666667,0.984,306.06840090940455,0.2333965844402277,0.2867132867132867,0.6353566433566433,0.8478217233256453,369,6,408,939,1581,1212
0.0385526069169776,0.9866666666666667,0.984,305.74244947073635,0.23354430379746835,0.2867132867132867,0.6353566433566433,0.8479466920834557,369,6,408,938,1580,1211
0.038561838361816106,0.9866666666666667,0.984,305.4164980320682,0.233692210259658,0.2867132867132867,0.6353566433566433,0.8480716608412664,369,6,408,937,1579,1210
0.038573121297228966,0.9866666666666667,0.984,305.09054659340006,0.2338403041825095,0.2867132867132867,0.6353566433566433,0.8481966295990768,369,6,408,936,1578,1209
0.038626847312523645,0.9866666666666667,0.984,305.09054659340006,0.2339885859226379,0.2867132867132867,0.6353566433566433,0.8483215983568875,369,6,408,936,1577,1208
0.03865511362084224,0.9866666666666667,0.984,305.09054659340006,0.23413705583756345,0.2867132867132867,0.6353566433566433,0.848446567114698,369,6,408,936,1576,1207
0.038678229606946994,0.9866666666666667,0.984,304.76459515473186,0.2342857142857143,0.2867132867132867,0.6353566433566433,0.8485715358725086,369,6,408,935,1575,1206
0.0386782389484824,0.9866666666666667,0.984,304.76459515473186,0.23443456162642948,0.2867132867132867,0.6353566433566433,0.8486965046303191,369,6,408,935,1574,1205
0.03872299698299247,0.9866666666666667,0.984,304.76459515473186,0.23458359821996186,0.2867132867132867,0.6353566433566433,0.8488214733881296,369,6,408,935,1573,1204
0.038733428915504305,0.9866666666666667,0.984,304.76459515473186,0.23473282442748092,0.2867132867132867,0.6353566433566433,0.8489464421459402,369,6,408,935,1572,1203
0.03888494163034245,0.9866666666666667,0.984,304.4386437160637,0.23488224061107574,0.2867132867132867,0.6353566433566433,0.8490714109037507,369,6,408,934,1571,1202
0.03889869327521826,0.9866666666666667,0.984,304.1126922773955,0.23503184713375797,0.2867132867132867,0.6353566433566433,0.8491963796615614,369,6,408,933,1570,1201
0.03891133368883041,0.9866666666666667,0.984,303.7867408387274,0.23518164435946462,0.2867132867132867,0.6353566433566433,0.8493213484193718,369,6,408,932,1569,1200
0.03891758380681484,0.9866666666666667,0.984,303.46078940005924,0.23533163265306123,0.28846153846153844,0.6362307692307692,0.8494463171771824,369,6,407,931,1568,1199
0.03896708975949921,0.9866666666666667,0.984,303.13483796139104,0.2354818123803446,0.2902097902097902,0.6371048951048951,0.8495712859349929,369,6,406,930,1567,1198
0.03896874807609434,0.9866666666666667,0.984,302.8088865227229,0.23563218390804597,0.291958041958042,0.637979020979021,0.8496962546928035,369,6,405,929,1566,1197
0.03903335089040782,0.9866666666666667,0.984,302.48293508405476,0.23578274760383386,0.291958041958042,0.637979020979021,0.849821223450614,369,6,405,928,1565,1196
0.0390551469304681,0.9866666666666667,0.984,302.48293508405476,0.23593350383631714,0.291958041958042,0.637979020979021,0.8499461922084246,369,6,405,928,1564,1195
0.03906478319613582,0.9866666666666667,0.984,302.15698364538656,0.236084452975048,0.2937062937062937,0.6388531468531469,0.8500711609662351,369,6,404,927,1563,1194
0.03908105077471347,0.9866666666666667,0.984,302.15698364538656,0.23623559539052497,0.2937062937062937,0.6388531468531469,0.8501961297240457,369,6,404,927,1562,1193
0.0390830489419302,0.9866666666666667,0.984,301.8310322067184,0.23638693145419604,0.2937062937062937,0.6388531468531469,0.8503210984818562,369,6,404,926,1561,1192
0.03912964609412288,0.9866666666666667,0.984,301.5050807680503,0.23653846153846153,0.2937062937062937,0.6388531468531469,0.8504460672396668,369,6,404,925,1560,1191
0.03917384617528057,0.9866666666666667,0.984,301.5050807680503,0.23669018601667735,0.2937062937062937,0.6388531468531469,0.8505710359974773,369,6,404,925,1559,1190
0.03928794446171006,0.9866666666666667,0.984,301.1791293293821,0.23684210526315788,0.2937062937062937,0.6388531468531469,0.8506960047552878,369,6,404,924,1558,1189
0.03929882932882656,0.9866666666666667,0.984,300.85317789071394,0.23699421965317918,0.2937062937062937,0.6388531468531469,0.8508209735130984,369,6,404,923,1557,1188
0.0393264773448742,0.9866666666666667,0.984,300.85317789071394,0.23714652956298202,0.2937062937062937,0.6388531468531469,0.8509459422709089,369,6,404,923,1556,1187
0.03948000033171483,0.9866666666666667,0.984,300.52722645204574,0.23729903536977492,0.2937062937062937,0.6388531468531469,0.8510709110287196,369,6,404,922,1555,1186
0.03953307431696335,0.9866666666666667,0.984,300.2012750133776,0.23745173745173745,0.2937062937062937,0.6388531468531469,0.85119587978653,369,6,404,921,1554,1185
0.03954304066633973,0.9866666666666667,0.984,299.87532357470945,0.2376046361880232,0.2937062937062937,0.6388531468531469,0.8513208485443406,369,6,404,920,1553,1184
0.039776894286437915,0.9866666666666667,0.984,299.54937213604126,0.23775773195876287,0.29545454545454547,0.6397272727272727,0.8514458173021511,369,6,403,919,1552,1183
0.03994364212066851,0.9866666666666667,0.984,299.54937213604126,0.2379110251450677,0.29545454545454547,0.6397272727272727,0.8515707860599617,369,6,403,919,1551,1182
0.03994948259685524,0.9866666666666667,0.984,299.54937213604126,0.23806451612903226,0.29545454545454547,0.6397272727272727,0.8516957548177722,369,6,403,919,1550,1181
0.040000907894297104,0.9866666666666667,0.984,299.54937213604126,0.23821820529373788,0.29545454545454547,0.6397272727272727,0.8518207235755828,369,6,403,919,1549,1180
0.040002738177148174,0.9866666666666667,0.984,299.54937213604126,0.23837209302325582,0.29545454545454547,0.6397272727272727,0.8519456923333933,369,6,403,919,1548,1179
0.04002691266843053,0.9866666666666667,0.984,299.54937213604126,0.2385261797026503,0.29545454545454547,0.6397272727272727,0.8520706610912039,369,6,403,919,1547,1178
0.04008523023372897,0.9866666666666667,0.984,299.54937213604126,0.23868046571798188,0.29545454545454547,0.6397272727272727,0.8521956298490144,369,6,403,919,1546,1177
0.04012358515452558,0.9866666666666667,0.984,299.54937213604126,0.23883495145631067,0.29545454545454547,0.6397272727272727,0.852320598606825,369,6,403,919,1545,1176
0.04015809309551565,0.9866666666666667,0.984,299.2234206973731,0.23898963730569947,0.2972027972027972,0.6406013986013985,0.8524455673646355,369,6,402,918,1544,1175
0.040229131596295264,0.9866666666666667,0.984,298.897469258705,0.2391445236552171,0.2972027972027972,0.6406013986013985,0.852570536122446,369,6,402,917,1543,1174
0.040286332890273856,0.9866666666666667,0.984,298.5715178200368,0.23929961089494164,0.2972027972027972,0.6406013986013985,0.8526955048802566,369,6,402,916,1542,1173
0.04033035769298474,0.9866666666666667,0.984,298.24556638136863,0.23945489941596365,0.2972027972027972,0.6406013986013985,0.8528204736380671,369,6,402,915,1541,1172
0.04035368050467007,0.9866666666666667,0.984,297.9196149427005,0.2396103896103896,0.2972027972027972,0.6406013986013985,0.8529454423958778,369,6,402,914,1540,1171
0.04037844395187437,0.9866666666666667,0.984,297.5936635040323,0.23976608187134502,0.2972027972027972,0.6406013986013985,0.8530704111536882,369,6,402,913,1539,1170
0.040417816589229764,0.9866666666666667,0.984,297.26771206536415,0.2399219765929779,0.2972027972027972,0.6406013986013985,0.8531953799114989,369,6,402,912,1538,1169
0.04049277044428908,0.9866666666666667,0.984,297.26771206536415,0.24007807417046195,0.2972027972027972,0.6406013986013985,0.8533203486693093,369,6,402,912,1537,1168
0.04054573001199983,0.9866666666666667,0.984,296.94176062669595,0.240234375,0.2972027972027972,0.6406013986013985,0.8534453174271199,369,6,402,911,1536,1167
0.040584444757409556,0.9866666666666667,0.984,296.94176062669595,0.24039087947882737,0.2972027972027972,0.6406013986013985,0.8535702861849304,369,6,402,911,1535,1166
0.04062699256527024,0.9866666666666667,0.984,296.6158091880278,0.2405475880052151,0.2972027972027972,0.6406013986013985,0.853695254942741,369,6,402,910,1534,1165
0.040630776476812805,0.9866666666666667,0.984,296.28985774935967,0.24070450097847357,0.29895104895104896,0.6414755244755245,0.8538202237005516,369,6,401,909,1533,1164
0.04066625431854545,0.9866666666666667,0.984,295.96390631069147,0.24086161879895562,0.3006993006993007,0.6423496503496503,0.8539451924583621,369,6,400,908,1532,1163
0.040678444920205635,0.9866666666666667,0.984,295.63795487202333,0.24101894186806008,0.3006993006993007,0.6423496503496503,0.8540701612161726,369,6,400,907,1531,1162
0.04086248502966838,0.9866666666666667,0.984,295.63795487202333,0.2411764705882353,0.3006993006993007,0.6423496503496503,0.8541951299739832,369,6,400,907,1530,1161
0.04086959975589643,0.9866666666666667,0.984,295.63795487202333,0.24133420536298233,0.3006993006993007,0.6423496503496503,0.8543200987317937,369,6,400,907,1529,1160
0.040876601428973425,0.9866666666666667,0.984,295.3120034333552,0.24149214659685864,0.3006993006993007,0.6423496503496503,0.8544450674896042,369,6,400,906,1528,1159
0.04089502323428005,0.9866666666666667,0.984,294.986051994687,0.24165029469548133,0.3006993006993007,0.6423496503496503,0.8545700362474149,369,6,400,905,1527,1158
0.040950346696551114,0.9866666666666667,0.984,294.66010055601885,0.2418086500655308,0.3006993006993007,0.6423496503496503,0.8546950050052253,369,6,400,904,1526,1157
0.04101781659703823,0.9866666666666667,0.984,294.33414911735065,0.2419672131147541,0.3006993006993007,0.6423496503496503,0.854819973763036,369,6,400,903,1525,1156
0.041043210570749195,0.9866666666666667,0.984,294.0081976786825,0.2421259842519685,0.3006993006993007,0.6423496503496503,0.8549449425208464,369,6,400,902,1524,1155
0.04105297868471786,0.9866666666666667,0.984,293.68224624001436,0.242284963887065,0.3006993006993007,0.6423496503496503,0.8550699112786571,369,6,400,901,1523,1154
0.04105352776604166,0.9866666666666667,0.984,293.35629480134617,0.24244415243101183,0.30244755244755245,0.6432237762237762,0.8551948800364675,369,6,399,900,1522,1153
0.041120382470372474,0.9866666666666667,0.984,293.030343362678,0.24260355029585798,0.30244755244755245,0.6432237762237762,0.8553198487942781,369,6,399,899,1521,1152
0.04112111161640656,0.9866666666666667,0.984,293.030343362678,0.24276315789473685,0.30244755244755245,0.6432237762237762,0.8554448175520887,369,6,399,899,1520,1151
0.0411306054120736,0.9866666666666667,0.984,292.7043919240099,0.24292297564186965,0.3041958041958042,0.6440979020979021,0.8555697863098992,369,6,398,898,1519,1150
0.041246202591885765,0.9866666666666667,0.984,292.7043919240099,0.24308300395256918,0.3041958041958042,0.6440979020979021,0.8556947550677098,369,6,398,898,1518,1149
0.04127481252820237,0.9866666666666667,0.984,292.3784404853417,0.24324324324324326,0.3041958041958042,0.6440979020979021,0.8558197238255203,369,6,398,897,1517,1148
0.04129546187939812,0.9866666666666667,0.984,292.05248904667354,0.2434036939313984,0.30594405594405594,0.6449720279720279,0.8559446925833308,369,6,397,896,1516,1147
0.04131671892870094,0.9866666666666667,0.984,291.7265376080054,0.24356435643564356,0.30594405594405594,0.6449720279720279,0.8560696613411414,369,6,397,895,1515,1146
0.04132699869906039,0.9866666666666667,0.984,291.7265376080054,0.24372523117569353,0.30594405594405594,0.6449720279720279,0.8561946300989519,369,6,397,895,1514,1145
0.041329128558404385,0.9866666666666667,0.984,291.4005861693372,0.24388631857237278,0.30594405594405594,0.6449720279720279,0.8563195988567625,369,6,397,894,1513,1144
0.04141970910589985,0.9866666666666667,0.984,291.07463473066906,0.24404761904761904,0.30594405594405594,0.6449720279720279,0.8564445676145731,369,6,397,893,1512,1143
0.04147611626517958,0.9866666666666667,0.984,290.74868329200086,0.2442091330244871,0.30594405594405594,0.6449720279720279,0.8565695363723835,369,6,397,892,1511,1142
0.04147646344893588,0.9866666666666667,0.984,290.4227318533327,0.24437086092715232,0.30594405594405594,0.6449720279720279,0.8566945051301942,369,6,397,891,1510,1141
0.041550391630743345,0.9866666666666667,0.984,290.0967804146646,0.24453280318091453,0.3076923076923077,0.6458461538461538,0.8568194738880046,369,6,396,890,1509,1140
0.041576391830204,0.9866666666666667,0.984,289.7708289759964,0.24469496021220158,0.3076923076923077,0.6458461538461538,0.8569444426458153,369,6,396,889,1508,1139
0.041600006859449916,0.9866666666666667,0.984,289.44487753732824,0.24485733244857333,0.3076923076923077,0.6458461538461538,0.8570694114036257,369,6,396,888,1507,1138
0.04164375943437515,0.9866666666666667,0.984,289.1189260986601,0.2450199203187251,0.3076923076923077,0.6458461538461538,0.8571943801614363,369,6,396,887,1506,1137
0.04164792222675973,0.9866666666666667,0.984,288.7929746599919,0.24518272425249169,0.3076923076923077,0.6458461538461538,0.8573193489192469,369,6,396,886,1505,1136
0.0416665770711218,0.9866666666666667,0.984,288.46702322132376,0.24534574468085107,0.3076923076923077,0.6458461538461538,0.8574443176770574,369,6,396,885,1504,1135
0.04166761221568504,0.9866666666666667,0.984,288.1410717826556,0.24550898203592814,0.3076923076923077,0.6458461538461538,0.857569286434868,369,6,396,884,1503,1134
0.04168434739729617,0.9866666666666667,0.984,287.8151203439874,0.24567243675099867,0.3076923076923077,0.6458461538461538,0.8576942551926785,369,6,396,883,1502,1133
0.04169562557383869,0.9866666666666667,0.984,287.8151203439874,0.245836109260493,0.3076923076923077,0.6458461538461538,0.857819223950489,369,6,396,883,1501,1132
0.0417503721983047,0.9866666666666667,0.984,287.8151203439874,0.246,0.3076923076923077,0.6458461538461538,0.8579441927082996,369,6,396,883,1500,1131
0.04180443728227772,0.9866666666666667,0.984,287.4891689053193,0.24616410940627084,0.3076923076923077,0.6458461538461538,0.8580691614661101,369,6,396,882,1499,1130
0.0418332895682369,0.9866666666666667,0.984,287.1632174666511,0.24632843791722298,0.3076923076923077,0.6458461538461538,0.8581941302239207,369,6,396,881,1498,1129
0.04189772409074107,0.9866666666666667,0.984,286.83726602798293,0.24649298597194388,0.3076923076923077,0.6458461538461538,0.8583190989817313,369,6,396,880,1497,1128
0.041917497370605954,0.9866666666666667,0.984,286.5113145893148,0.24665775401069517,0.3076923076923077,0.6458461538461538,0.8584440677395417,369,6,396,879,1496,1127
0.041947643053472324,0.9866666666666667,0.984,286.1853631506466,0.2468227424749164,0.3076923076923077,0.6458461538461538,0.8585690364973524,369,6,396,878,1495,1126
0.04200653386600468,0.9866666666666667,0.984,285.85941171197845,0.2469879518072289,0.3094405594405594,0.6467202797202797,0.8586940052551628,369,6,395,877,1494,1125
0.042061400424343656,0.9866666666666667,0.984,285.85941171197845,0.24715338245144006,0.3094405594405594,0.6467202797202797,0.8588189740129735,369,6,395,877,1493,1124
0.042071972037244706,0.9866666666666667,0.984,285.5334602733103,0.24731903485254692,0.3094405594405594,0.6467202797202797,0.8589439427707839,369,6,395,876,1492,1123
0.04216800262849393,0.9866666666666667,0.984,285.2075088346421,0.24748490945674045,0.3094405594405594,0.6467202797202797,0.8590689115285945,369,6,395,875,1491,1122
0.04217806281038669,0.9866666666666667,0.984,284.88155739597397,0.24765100671140938,0.3094405594405594,0.6467202797202797,0.8591938802864051,369,6,395,874,1490,1121
0.04221199987982461,0.9866666666666667,0.984,284.88155739597397,0.2478173270651444,0.3094405594405594,0.6467202797202797,0.8593188490442156,369,6,395,874,1489,1120
0.042317482079578805,0.9866666666666667,0.984,284.88155739597397,0.24798387096774194,0.3094405594405594,0.6467202797202797,0.8594438178020262,369,6,395,874,1488,1119
0.042325224257430336,0.9866666666666667,0.984,284.88155739597397,0.24815063887020847,0.3094405594405594,0.6467202797202797,0.8595687865598367,369,6,395,874,1487,1118
0.04235342770926156,0.9866666666666667,0.984,284.55560595730583,0.24831763122476447,0.3094405594405594,0.6467202797202797,0.8596937553176472,369,6,395,873,1486,1117
0.04244169359048164,0.9866666666666667,0.984,284.22965451863763,0.24848484848484848,0.3094405594405594,0.6467202797202797,0.8598187240754578,369,6,395,872,1485,1116
0.042453152708230156,0.9866666666666667,0.984,284.22965451863763,0.2486522911051213,0.3094405594405594,0.6467202797202797,0.8599436928332684,369,6,395,872,1484,1115
0.04249704878080757,0.9866666666666667,0.984,283.9037030799695,0.24881995954147,0.3094405594405594,0.6467202797202797,0.8600686615910789,369,6,395,871,1483,1114
0.042500631920665444,0.9866666666666667,0.984,283.5777516413013,0.24898785425101214,0.3094405594405594,0.6467202797202797,0.8601936303488895,369,6,395,870,1482,1113
0.04254648403516743,0.9866666666666667,0.984,283.25180020263315,0.24915597569209993,0.3111888111888112,0.6475944055944056,0.8603185991066999,369,6,394,869,1481,1112
0.042560006281286505,0.9866666666666667,0.984,282.925848763965,0.24932432432432433,0.3111888111888112,0.6475944055944056,0.8604435678645106,369,6,394,868,1480,1111
0.04258187204145449,0.9866666666666667,0.984,282.5998973252968,0.24949290060851928,0.3111888111888112,0.6475944055944056,0.860568536622321,369,6,394,867,1479,1110
0.042628393033428365,0.9866666666666667,0.984,282.5998973252968,0.2496617050067659,0.3111888111888112,0.6475944055944056,0.8606935053801317,369,6,394,867,1478,1109
0.04265562346334855,0.9866666666666667,0.984,282.27394588662867,0.24983073798239674,0.3129370629370629,0.6484685314685315,0.8608184741379422,369,6,393,866,1477,1108
0.042674795231196445,0.9866666666666667,0.984,281.9479944479605,0.25,0.3146853146853147,0.6493426573426573,0.8609434428957528,369,6,392,865,1476,1107
0.04273302959395692,0.9866666666666667,0.984,281.9479944479605,0.2501694915254237,0.3146853146853147,0.6493426573426573,0.8610684116535633,369,6,392,865,1475,1106
0.04277008254145885,0.9866666666666667,0.984,281.6220430092923,0.2503392130257802,0.3146853146853147,0.6493426573426573,0.8611933804113738,369,6,392,864,1474,1105
0.04284277537047447,0.9866666666666667,0.984,281.2960915706242,0.2505091649694501,0.3146853146853147,0.6493426573426573,0.8613183491691844,369,6,392,863,1473,1104
0.042948282157499205,0.9866666666666667,0.984,280.97014013195604,0.250679347826087,0.3146853146853147,0.6493426573426573,0.8614433179269949,369,6,392,862,1472,1103
0.04295299856183455,0.9866666666666667,0.984,280.64418869328784,0.25084976206662135,0.3146853146853147,0.6493426573426573,0.8615682866848055,369,6,392,861,1471,1102
0.04311372537563878,0.9866666666666667,0.984,280.64418869328784,0.2510204081632653,0.3146853146853147,0.6493426573426573,0.861693255442616,369,6,392,861,1470,1101
0.04312494670956243,0.9866666666666667,0.984,280.3182372546197,0.25119128658951667,0.3146853146853147,0.6493426573426573,0.8618182242004266,369,6,392,860,1469,1100
0.0431470333873,0.9866666666666667,0.984,280.3182372546197,0.2513623978201635,0.3146853146853147,0.6493426573426573,0.8619431929582371,369,6,392,860,1468,1099
0.04316324872828546,0.9866666666666667,0.984,279.9922858159515,0.25153374233128833,0.3146853146853147,0.6493426573426573,0.8620681617160477,369,6,392,859,1467,1098
0.043175237446450666,0.9866666666666667,0.984,279.66633437728336,0.25170532060027284,0.3146853146853147,0.6493426573426573,0.8621931304738581,369,6,392,858,1466,1097
0.04319842513131127,0.9866666666666667,0.984,279.3403829386152,0.25187713310580206,0.3146853146853147,0.6493426573426573,0.8623180992316688,369,6,392,857,1465,1096
0.04320608762100005,0.9866666666666667,0.984,279.3403829386152,0.2520491803278688,0.3146853146853147,0.6493426573426573,0.8624430679894792,369,6,392,857,1464,1095
0.043229837854080085,0.9866666666666667,0.984,279.014431499947,0.2522214627477785,0.31643356643356646,0.6502167832167832,0.8625680367472899,369,6,391,856,1463,1094
0.043287581774750804,0.9866666666666667,0.984,279.014431499947,0.25239398084815323,0.31643356643356646,0.6502167832167832,0.8626930055051004,369,6,391,856,1462,1093
0.043363359769153176,0.9866666666666667,0.984,278.6884800612789,0.25256673511293637,0.31643356643356646,0.6502167832167832,0.862817974262911,369,6,391,855,1461,1092
0.04339498076432332,0.9866666666666667,0.984,278.36252862261074,0.25273972602739725,0.31643356643356646,0.6502167832167832,0.8629429430207215,369,6,391,854,1460,1091
0.04341845730308519,0.9866666666666667,0.984,278.03657718394254,0.2529129540781357,0.31643356643356646,0.6502167832167832,0.863067911778532,369,6,391,853,1459,1090
0.04343380879620994,0.9866666666666667,0.984,277.7106257452744,0.25308641975308643,0.3181818181818182,0.651090909090909,0.8631928805363426,369,6,390,852,1458,1089
0.043451940056641165,0.9866666666666667,0.984,277.38467430660626,0.25326012354152366,0.3181818181818182,0.651090909090909,0.8633178492941531,369,6,390,851,1457,1088
0.04347991258373609,0.9866666666666667,0.984,277.05872286793806,0.2534340659340659,0.3181818181818182,0.651090909090909,0.8634428180519637,369,6,390,850,1456,1087
0.04356398806038366,0.9866666666666667,0.984,276.7327714292699,0.2536082474226804,0.3181818181818182,0.651090909090909,0.8635677868097742,369,6,390,849,1455,1086
0.04357943594358067,0.9866666666666667,0.984,276.7327714292699,0.25378266850068776,0.3181818181818182,0.651090909090909,0.8636927555675848,369,6,390,849,1454,1085
0.04358316685503579,0.9866666666666667,0.984,276.4068199906017,0.2539573296627667,0.3181818181818182,0.651090909090909,0.8638177243253953,369,6,390,848,1453,1084
0.043611827083778934,0.9866666666666667,0.984,276.4068199906017,0.25413223140495866,0.3181818181818182,0.651090909090909,0.8639426930832059,369,6,390,848,1452,1083
0.04362797536094602,0.9866666666666667,0.984,276.0808685519336,0.25430737422467264,0.3181818181818182,0.651090909090909,0.8640676618410164,369,6,390,847,1451,1082
0.04366402648948596,0.9866666666666667,0.984,275.75491711326544,0.25448275862068964,0.3181818181818182,0.651090909090909,0.864192630598827,369,6,390,846,1450,1081
0.04371577059832876,0.9866666666666667,0.984,275.42896567459724,0.2546583850931677,0.3181818181818182,0.651090909090909,0.8643175993566374,369,6,390,845,1449,1080
0.04372324833487024,0.9866666666666667,0.984,275.1030142359291,0.2548342541436464,0.3181818181818182,0.651090909090909,0.8644425681144481,369,6,390,844,1448,1079
0.04373142224758509,0.9866666666666667,0.984,274.77706279726095,0.25501036627505186,0.31993006993006995,0.651965034965035,0.8645675368722586,369,6,389,843,1447,1078
0.04382160065404589,0.9866666666666667,0.984,274.45111135859275,0.2551867219917012,0.32167832167832167,0.6528391608391608,0.8646925056300692,369,6,388,842,1446,1077
0.04386031972265233,0.9866666666666667,0.984,274.45111135859275,0.255363321799308,0.32167832167832167,0.6528391608391608,0.8648174743878797,369,6,388,842,1445,1076
0.043883400899951644,0.9866666666666667,0.984,274.1251599199246,0.25554016620498615,0.32167832167832167,0.6528391608391608,0.8649424431456902,369,6,388,841,1444,1075
0.043887468215911316,0.9866666666666667,0.984,273.79920848125647,0.25571725571725573,0.32167832167832167,0.6528391608391608,0.8650674119035008,369,6,388,840,1443,1074
0.043892484344856465,0.9866666666666667,0.984,273.4732570425883,0.25589459084604715,0.32167832167832167,0.6528391608391608,0.8651923806613113,369,6,388,839,1442,1073
0.04392713078780418,0.9866666666666667,0.984,273.4732570425883,0.25607217210270644,0.32167832167832167,0.6528391608391608,0.865317349419122,369,6,388,839,1441,1072
0.04397225811389878,0.9866666666666667,0.984,273.14730560392013,0.25625,0.32167832167832167,0.6528391608391608,0.8654423181769324,369,6,388,838,1440,1071
0.043973859422131,0.9866666666666667,0.984,272.82135416525193,0.2564280750521195,0.32167832167832167,0.6528391608391608,0.865567286934743,369,6,388,837,1439,1070
0.04411956426999991,0.9866666666666667,0.984,272.4954027265838,0.2566063977746871,0.32167832167832167,0.6528391608391608,0.8656922556925535,369,6,388,836,1438,1069
0.04413483465144554,0.9866666666666667,0.984,272.16945128791565,0.2567849686847599,0.32167832167832167,0.6528391608391608,0.8658172244503641,369,6,388,835,1437,1068
0.0441437209113304,0.9866666666666667,0.984,271.84349984924745,0.25696378830083566,0.32167832167832167,0.6528391608391608,0.8659421932081746,369,6,388,834,1436,1067
0.04419382609117019,0.9866666666666667,0.984,271.5175484105793,0.2571428571428571,0.32167832167832167,0.6528391608391608,0.8660671619659852,369,6,388,833,1435,1066
0.04421638544513351,0.9866666666666667,0.984,271.19159697191117,0.25732217573221755,0.32167832167832167,0.6528391608391608,0.8661921307237958,369,6,388,832,1434,1065
0.0442404985261723,0.9866666666666667,0.984,270.86564553324297,0.2575017445917655,0.32167832167832167,0.6528391608391608,0.8663170994816063,369,6,388,831,1433,1064
0.04425331345633744,0.9866666666666667,0.984,270.5396940945748,0.25768156424581007,0.32167832167832167,0.6528391608391608,0.8664420682394168,369,6,388,830,1432,1063
0.044256431104179574,0.9866666666666667,0.984,270.21374265590663,0.2578616352201258,0.32342657342657344,0.6537132867132867,0.8665670369972274,369,6,387,829,1431,1062
0.04428077034793801,0.9866666666666667,0.984,270.21374265590663,0.25804195804195806,0.32342657342657344,0.6537132867132867,0.8666920057550379,369,6,387,829,1430,1061
0.044285751396365786,0.9866666666666667,0.984,270.21374265590663,0.258222533240028,0.32342657342657344,0.6537132867132867,0.8668169745128484,369,6,387,829,1429,1060
0.04431749046313036,0.9866666666666667,0.984,270.21374265590663,0.25840336134453784,0.32342657342657344,0.6537132867132867,0.866941943270659,369,6,387,829,1428,1059
0.04433021309227104,0.9866666666666667,0.984,269.8877912172385,0.2585844428871759,0.32342657342657344,0.6537132867132867,0.8670669120284695,369,6,387,828,1427,1058
0.04434931088474583,0.9866666666666667,0.984,269.56183977857035,0.258765778401122,0.32342657342657344,0.6537132867132867,0.8671918807862802,369,6,387,827,1426,1057
0.04438491510485398,0.9866666666666667,0.984,269.23588833990215,0.25894736842105265,0.32342657342657344,0.6537132867132867,0.8673168495440906,369,6,387,826,1425,1056
0.04445382627290488,0.9866666666666667,0.984,268.909936901234,0.25912921348314605,0.32342657342657344,0.6537132867132867,0.8674418183019013,369,6,387,825,1424,1055
0.04457574028215825,0.9866666666666667,0.984,268.58398546256586,0.25931131412508784,0.32342657342657344,0.6537132867132867,0.8675667870597117,369,6,387,824,1423,1054
0.04466208856227627,0.9866666666666667,0.984,268.25803402389766,0.25949367088607594,0.32342657342657344,0.6537132867132867,0.8676917558175223,369,6,387,823,1422,1053
0.04470985864637394,0.9866666666666667,0.984,267.9320825852295,0.25967628430682616,0.32342657342657344,0.6537132867132867,0.8678167245753328,369,6,387,822,1421,1052
0.044799676418575386,0.9866666666666667,0.984,267.6061311465614,0.25985915492957745,0.32342657342657344,0.6537132867132867,0.8679416933331434,369,6,387,821,1420,1051
0.04484282746121272,0.9866666666666667,0.984,267.2801797078932,0.26004228329809725,0.32342657342657344,0.6537132867132867,0.868066662090954,369,6,387,820,1419,1050
0.04486538629583352,0.9866666666666667,0.984,267.2801797078932,0.26022566995768687,0.32342657342657344,0.6537132867132867,0.8681916308487645,369,6,387,820,1418,1049
0.044896224433971836,0.9866666666666667,0.984,267.2801797078932,0.26040931545518703,0.32342657342657344,0.6537132867132867,0.868316599606575,369,6,387,820,1417,1048
0.04491972616372961,0.9866666666666667,0.984,266.95422826922504,0.2605932203389831,0.32342657342657344,0.6537132867132867,0.8684415683643856,369,6,387,819,1416,1047
0.04493751317790515,0.9866666666666667,0.984,266.62827683055684,0.2607773851590106,0.32517482517482516,0.6545874125874126,0.8685665371221961,369,6,386,818,1415,1046
0.044949971434139514,0.9866666666666667,0.984,266.3023253918887,0.260961810466761,0.32517482517482516,0.6545874125874126,0.8686915058800067,369,6,386,817,1414,1045
0.04500201057163411,0.9866666666666667,0.984,265.97637395322056,0.2611464968152866,0.32517482517482516,0.6545874125874126,0.8688164746378172,369,6,386,816,1413,1044
0.04502960536511457,0.9866666666666667,0.984,265.65042251455236,0.2613314447592068,0.32517482517482516,0.6545874125874126,0.8689414433956277,369,6,386,815,1412,1043
0.045035525025892746,0.9866666666666667,0.984,265.3244710758842,0.261516654854713,0.32517482517482516,0.6545874125874126,0.8690664121534384,369,6,386,814,1411,1042
0.04506674852755305,0.9866666666666667,0.984,265.3244710758842,0.26170212765957446,0.32517482517482516,0.6545874125874126,0.8691913809112488,369,6,386,814,1410,1041
0.04508136289747225,0.9866666666666667,0.984,264.9985196372161,0.2618878637331441,0.32517482517482516,0.6545874125874126,0.8693163496690595,369,6,386,813,1409,1040
0.04513121532484076,0.9866666666666667,0.984,264.9985196372161,0.26207386363636365,0.32517482517482516,0.6545874125874126,0.8694413184268699,369,6,386,813,1408,1039
0.045160660167851294,0.9866666666666667,0.984,264.6725681985479,0.2622601279317697,0.32517482517482516,0.6545874125874126,0.8695662871846805,369,6,386,812,1407,1038
0.045164674580741096,0.9866666666666667,0.984,264.34661675987974,0.2624466571834993,0.32517482517482516,0.6545874125874126,0.869691255942491,369,6,386,811,1406,1037
0.045179815051953585,0.9866666666666667,0.984,264.0206653212116,0.26263345195729537,0.32517482517482516,0.6545874125874126,0.8698162247003016,369,6,386,810,1405,1036
0.045253260427185624,0.9866666666666667,0.984,264.0206653212116,0.26282051282051283,0.32517482517482516,0.6545874125874126,0.8699411934581122,369,6,386,810,1404,1035
0.04529476880585401,0.9866666666666667,0.984,264.0206653212116,0.26300784034212404,0.32517482517482516,0.6545874125874126,0.8700661622159227,369,6,386,810,1403,1034
0.04533889787876295,0.9866666666666667,0.984,263.6947138825434,0.2631954350927247,0.32517482517482516,0.6545874125874126,0.8701911309737332,369,6,386,809,1402,1033
0.045393817801300675,0.9866666666666667,0.984,263.6947138825434,0.2633832976445396,0.32517482517482516,0.6545874125874126,0.8703160997315438,369,6,386,809,1401,1032
0.04548858649787232,0.9866666666666667,0.984,263.36876244387526,0.26357142857142857,0.32517482517482516,0.6545874125874126,0.8704410684893543,369,6,386,808,1400,1031
0.04550621996910962,0.9866666666666667,0.984,263.04281100520706,0.26375982844889206,0.32517482517482516,0.6545874125874126,0.8705660372471649,369,6,386,807,1399,1030
0.04552273499390484,0.9866666666666667,0.984,262.7168595665389,0.26394849785407726,0.32517482517482516,0.6545874125874126,0.8706910060049755,369,6,386,806,1398,1029
0.045592143275844564,0.9866666666666667,0.984,262.7168595665389,0.2641374373657838,0.32517482517482516,0.6545874125874126,0.8708159747627859,369,6,386,806,1397,1028
0.04560337583107134,0.9866666666666667,0.984,262.7168595665389,0.26432664756446994,0.32517482517482516,0.6545874125874126,0.8709409435205966,369,6,386,806,1396,1027
0.04560922086596988,0.9866666666666667,0.984,262.3909081278708,0.2645161290322581,0.32517482517482516,0.6545874125874126,0.871065912278407,369,6,386,805,1395,1026
0.04565693533159478,0.9866666666666667,0.984,262.0649566892026,0.2647058823529412,0.3269230769230769,0.6554615384615384,0.8711908810362177,369,6,385,804,1394,1025
0.045680893931270596,0.9866666666666667,0.984,262.0649566892026,0.2648959081119885,0.3269230769230769,0.6554615384615384,0.8713158497940281,369,6,385,804,1393,1024
0.045805639472261406,0.9866666666666667,0.984,261.73900525053443,0.2650862068965517,0.3269230769230769,0.6554615384615384,0.8714408185518387,369,6,385,803,1392,1023
0.04586753638648434,0.9866666666666667,0.984,261.4130538118663,0.2652767792954709,0.32867132867132864,0.6563356643356644,0.8715657873096493,369,6,384,802,1391,1022
0.04587176108065984,0.9866666666666667,0.984,261.0871023731981,0.2654676258992806,0.3304195804195804,0.6572097902097902,0.8716907560674598,369,6,383,801,1390,1021
0.04588940440231857,0.9866666666666667,0.984,260.76115093452995,0.265658747300216,0.3304195804195804,0.6572097902097902,0.8718157248252704,369,6,383,800,1389,1020
0.04592503090789871,0.9866666666666667,0.984,260.4351994958618,0.265850144092219,0.3304195804195804,0.6572097902097902,0.8719406935830809,369,6,383,799,1388,1019
0.04599451565507867,0.9866666666666667,0.984,260.1092480571936,0.26604181687094447,0.3304195804195804,0.6572097902097902,0.8720656623408914,369,6,383,798,1387,1018
0.046144060892535865,0.9866666666666667,0.984,259.78329661852547,0.2662337662337662,0.3304195804195804,0.6572097902097902,0.872190631098702,369,6,383,797,1386,1017
0.04616133236142447,0.9866666666666667,0.984,259.45734517985727,0.2664259927797834,0.3321678321678322,0.658083916083916,0.8723155998565125,369,6,382,796,1385,1016
0.04620122770010146,0.9866666666666667,0.984,259.13139374118913,0.2666184971098266,0.3321678321678322,0.658083916083916,0.8724405686143231,369,6,382,795,1384,1015
0.04627573192465112,0.9866666666666667,0.984,258.805442302521,0.2668112798264642,0.3339160839160839,0.658958041958042,0.8725655373721337,369,6,381,794,1383,1014
0.04630960723869665,0.9866666666666667,0.984,258.805442302521,0.2670043415340087,0.3339160839160839,0.658958041958042,0.8726905061299441,369,6,381,794,1382,1013
0.04631918170659394,0.9866666666666667,0.984,258.4794908638528,0.2671976828385228,0.3339160839160839,0.658958041958042,0.8728154748877548,369,6,381,793,1381,1012
0.04633386040510847,0.9866666666666667,0.984,258.15353942518465,0.2673913043478261,0.3339160839160839,0.658958041958042,0.8729404436455652,369,6,381,792,1380,1011
0.046351890023484305,0.9866666666666667,0.984,257.8275879865165,0.2675852066715011,0.3339160839160839,0.658958041958042,0.8730654124033759,369,6,381,791,1379,1010
0.04635700240193871,0.9866666666666667,0.984,257.5016365478483,0.2677793904208999,0.3339160839160839,0.658958041958042,0.8731903811611863,369,6,381,790,1378,1009
0.046363550288803956,0.9866666666666667,0.984,257.17568510918016,0.2679738562091503,0.3339160839160839,0.658958041958042,0.873315349918997,369,6,381,789,1377,1008
0.046374563368681586,0.9866666666666667,0.984,256.849733670512,0.26816860465116277,0.3339160839160839,0.658958041958042,0.8734403186768075,369,6,381,788,1376,1007
0.04641332487191204,0.9866666666666667,0.984,256.5237822318438,0.26836363636363636,0.3339160839160839,0.658958041958042,0.873565287434618,369,6,381,787,1375,1006
0.046450392835673524,0.9866666666666667,0.984,256.1978307931757,0.2685589519650655,0.3339160839160839,0.658958041958042,0.8736902561924286,369,6,381,786,1374,1005
0.04645191273958506,0.9866666666666667,0.984,256.1978307931757,0.26875455207574656,0.3339160839160839,0.658958041958042,0.8738152249502391,369,6,381,786,1373,1004
0.04651349928690254,0.9866666666666667,0.984,255.8718793545075,0.26895043731778423,0.3339160839160839,0.658958041958042,0.8739401937080497,369,6,381,785,1372,1003
0.046550945583311854,0.9866666666666667,0.984,255.8718793545075,0.26914660831509846,0.3339160839160839,0.658958041958042,0.8740651624658602,369,6,381,785,1371,1002
0.046640511624557866,0.9866666666666667,0.984,255.54592791583934,0.26934306569343064,0.3339160839160839,0.658958041958042,0.8741901312236707,369,6,381,784,1370,1001
0.04664197972653924,0.9866666666666667,0.984,255.21997647717117,0.2695398100803506,0.3339160839160839,0.658958041958042,0.8743150999814813,369,6,381,783,1369,1000
0.04677043452428307,0.9866666666666667,0.984,255.21997647717117,0.26973684210526316,0.3339160839160839,0.658958041958042,0.8744400687392919,369,6,381,783,1368,999
0.046850558384294735,0.9866666666666667,0.984,255.21997647717117,0.26993416239941476,0.3339160839160839,0.658958041958042,0.8745650374971023,369,6,381,783,1367,998
0.047058757920332796,0.9866666666666667,0.984,255.21997647717117,0.27013177159590046,0.3339160839160839,0.658958041958042,0.874690006254913,369,6,381,783,1366,997
0.04709233548599279,0.9866666666666667,0.984,255.21997647717117,0.2703296703296703,0.3339160839160839,0.658958041958042,0.8748149750127234,369,6,381,783,1365,996
0.04712292113411981,0.9866666666666667,0.984,254.89402503850303,0.27052785923753664,0.3339160839160839,0.658958041958042,0.8749399437705341,369,6,381,782,1364,995
0.04712512323424961,0.9866666666666667,0.984,254.56807359983486,0.2707263389581805,0.3356643356643357,0.6598321678321678,0.8750649125283445,369,6,380,781,1363,994
0.04715990800896034,0.9866666666666667,0.984,254.2421221611667,0.2709251101321586,0.3356643356643357,0.6598321678321678,0.8751898812861552,369,6,380,780,1362,993
0.04732807512325679,0.9866666666666667,0.984,253.91617072249852,0.27112417340191036,0.3356643356643357,0.6598321678321678,0.8753148500439657,369,6,380,779,1361,992
0.04735680523715446,0.9866666666666667,0.984,253.91617072249852,0.2713235294117647,0.3356643356643357,0.6598321678321678,0.8754398188017762,369,6,380,779,1360,991
0.047412193268950624,0.9866666666666667,0.984,253.59021928383038,0.271523178807947,0.3356643356643357,0.6598321678321678,0.8755647875595868,369,6,380,778,1359,990
0.04741493481982056,0.9866666666666667,0.984,253.2642678451622,0.27172312223858613,0.3356643356643357,0.6598321678321678,0.8756897563173973,369,6,380,777,1358,989
0.047471918578802,0.9866666666666667,0.984,252.93831640649404,0.27192336035372144,0.3356643356643357,0.6598321678321678,0.8758147250752079,369,6,380,776,1357,988
0.04752090413184361,0.9866666666666667,0.984,252.6123649678259,0.2721238938053097,0.3374125874125874,0.6607062937062937,0.8759396938330184,369,6,379,775,1356,987
0.04753207188990203,0.9866666666666667,0.984,252.28641352915773,0.27232472324723245,0.3374125874125874,0.6607062937062937,0.876064662590829,369,6,379,774,1355,986
0.047545671578406695,0.9866666666666667,0.984,252.28641352915773,0.2725258493353028,0.3374125874125874,0.6607062937062937,0.8761896313486395,369,6,379,774,1354,985
0.04759074241904516,0.9866666666666667,0.984,251.96046209048956,0.2727272727272727,0.3374125874125874,0.6607062937062937,0.8763146001064501,369,6,379,773,1353,984
0.04761384695528149,0.9866666666666667,0.984,251.6345106518214,0.2729289940828402,0.3374125874125874,0.6607062937062937,0.8764395688642606,369,6,379,772,1352,983
0.047616979448765945,0.9866666666666667,0.984,251.6345106518214,0.27313101406365653,0.3374125874125874,0.6607062937062937,0.8765645376220712,369,6,379,772,1351,982
0.04773765952443102,0.9866666666666667,0.984,251.30855921315325,0.2733333333333333,0.3374125874125874,0.6607062937062937,0.8766895063798816,369,6,379,771,1350,981
0.04792865959689469,0.9866666666666667,0.984,250.98260777448507,0.27353595255744995,0.3374125874125874,0.6607062937062937,0.8768144751376923,369,6,379,770,1349,980
0.048020961007684784,0.9866666666666667,0.984,250.98260777448507,0.2737388724035608,0.3374125874125874,0.6607062937062937,0.8769394438955028,369,6,379,770,1348,979
0.048032799493591745,0.9866666666666667,0.984,250.6566563358169,0.2739420935412027,0.3374125874125874,0.6607062937062937,0.8770644126533134,369,6,379,769,1347,978
0.04807063117881854,0.9866666666666667,0.984,250.33070489714873,0.27414561664190196,0.3374125874125874,0.6607062937062937,0.8771893814111239,369,6,379,768,1346,977
0.04812079368113082,0.9866666666666667,0.984,250.33070489714873,0.27434944237918213,0.3374125874125874,0.6607062937062937,0.8773143501689344,369,6,379,768,1345,976
0.048161468536811525,0.9866666666666667,0.984,250.33070489714873,0.27455357142857145,0.3374125874125874,0.6607062937062937,0.877439318926745,369,6,379,768,1344,975
0.04817875212419856,0.9866666666666667,0.984,250.0047534584806,0.27475800446760984,0.33916083916083917,0.6615804195804196,0.8775642876845555,369,6,378,767,1343,974
0.04822103725177521,0.9866666666666667,0.984,249.67880201981242,0.2749627421758569,0.33916083916083917,0.6615804195804196,0.8776892564423661,369,6,378,766,1342,973
0.048255814331970216,0.9866666666666667,0.984,249.67880201981242,0.2751677852348993,0.33916083916083917,0.6615804195804196,0.8778142252001766,369,6,378,766,1341,972
0.04827615332554974,0.9866666666666667,0.984,249.67880201981242,0.2753731343283582,0.33916083916083917,0.6615804195804196,0.8779391939579873,369,6,378,766,1340,971
0.048317502332561706,0.9866666666666667,0.984,249.67880201981242,0.27557879014189696,0.33916083916083917,0.6615804195804196,0.8780641627157977,369,6,378,766,1339,970
0.04834868900796936,0.9866666666666667,0.984,249.67880201981242,0.2757847533632287,0.33916083916083917,0.6615804195804196,0.8781891314736083,369,6,378,766,1338,969
0.04844627830043367,0.9866666666666667,0.984,249.35285058114425,0.27599102468212416,0.33916083916083917,0.6615804195804196,0.8783141002314188,369,6,378,765,1337,968
0.04848196421664417,0.9866666666666667,0.984,249.0268991424761,0.27619760479041916,0.33916083916083917,0.6615804195804196,0.8784390689892294,369,6,378,764,1336,967
0.04850071727265465,0.9866666666666667,0.984,248.70094770380794,0.27640449438202247,0.3409090909090909,0.6624545454545454,0.8785640377470398,369,6,377,763,1335,966
0.04855754415548711,0.9866666666666667,0.984,248.70094770380794,0.2766116941529235,0.3409090909090909,0.6624545454545454,0.8786890065048505,369,6,377,763,1334,965
0.04859426962138895,0.9866666666666667,0.984,248.37499626513977,0.2768192048012003,0.34265734265734266,0.6633286713286713,0.878813975262661,369,6,376,762,1333,964
0.04879336273599864,0.9866666666666667,0.984,248.37499626513977,0.27702702702702703,0.34265734265734266,0.6633286713286713,0.8789389440204716,369,6,376,762,1332,963
0.04885590684804131,0.9866666666666667,0.984,248.0490448264716,0.2772351615326822,0.34265734265734266,0.6633286713286713,0.8790639127782821,369,6,376,761,1331,962
0.04894108669760993,0.9866666666666667,0.984,247.72309338780346,0.2774436090225564,0.34440559440559443,0.6642027972027972,0.8791888815360926,369,6,375,760,1330,961
0.04898524087399179,0.9866666666666667,0.984,247.72309338780346,0.27765237020316025,0.34440559440559443,0.6642027972027972,0.8793138502939032,369,6,375,760,1329,960
0.0489966342734379,0.9866666666666667,0.984,247.3971419491353,0.27786144578313254,0.34440559440559443,0.6642027972027972,0.8794388190517137,369,6,375,759,1328,959
0.04900871021071255,0.9866666666666667,0.984,247.3971419491353,0.27807083647324793,0.34440559440559443,0.6642027972027972,0.8795637878095243,369,6,375,759,1327,958
0.04903170651967438,0.9866666666666667,0.984,247.3971419491353,0.27828054298642535,0.34440559440559443,0.6642027972027972,0.8796887565673348,369,6,375,759,1326,957
0.04912244731537943,0.9866666666666667,0.984,247.3971419491353,0.27849056603773586,0.34440559440559443,0.6642027972027972,0.8798137253251455,369,6,375,759,1325,956
0.049127959371801505,0.9866666666666667,0.984,247.3971419491353,0.27870090634441086,0.34440559440559443,0.6642027972027972,0.8799386940829559,369,6,375,759,1324,955
0.04917346205241136,0.9866666666666667,0.984,247.3971419491353,0.2789115646258503,0.34440559440559443,0.6642027972027972,0.8800636628407665,369,6,375,759,1323,954
0.04921409293153745,0.9866666666666667,0.984,247.3971419491353,0.27912254160363087,0.34440559440559443,0.6642027972027972,0.880188631598577,369,6,375,759,1322,953
0.04926434752963719,0.9866666666666667,0.984,247.07119051046712,0.279333838001514,0.34615384615384615,0.6650769230769231,0.8803136003563876,369,6,374,758,1321,952
0.04932056344985473,0.9866666666666667,0.984,246.74523907179895,0.27954545454545454,0.34615384615384615,0.6650769230769231,0.880438569114198,369,6,374,757,1320,951
0.04938819888493705,0.9866666666666667,0.984,246.74523907179895,0.27975739196360877,0.34615384615384615,0.6650769230769231,0.8805635378720087,369,6,374,757,1319,950
0.049465972544444514,0.9866666666666667,0.984,246.74523907179895,0.27996965098634297,0.34615384615384615,0.6650769230769231,0.8806885066298192,369,6,374,757,1318,949
0.04952160967173503,0.9866666666666667,0.984,246.4192876331308,0.28018223234624146,0.34615384615384615,0.6650769230769231,0.8808134753876298,369,6,374,756,1317,948
0.049549097221792925,0.9866666666666667,0.984,246.09333619446264,0.2803951367781155,0.34615384615384615,0.6650769230769231,0.8809384441454403,369,6,374,755,1316,947
0.04957954940670907,0.9866666666666667,0.984,246.09333619446264,0.28060836501901143,0.34615384615384615,0.6650769230769231,0.8810634129032509,369,6,374,755,1315,946
0.049609426575730496,0.9866666666666667,0.984,245.76738475579447,0.2808219178082192,0.3479020979020979,0.665951048951049,0.8811883816610614,369,6,373,754,1314,945
0.04978627754872164,0.9866666666666667,0.984,245.76738475579447,0.28103579588728106,0.3479020979020979,0.665951048951049,0.8813133504188719,369,6,373,754,1313,944
0.049848636646563214,0.9866666666666667,0.984,245.44143331712633,0.28125,0.34965034965034963,0.6668251748251748,0.8814383191766826,369,6,372,753,1312,943
0.04985118887019569,0.9866666666666667,0.984,245.44143331712633,0.2814645308924485,0.34965034965034963,0.6668251748251748,0.881563287934493,369,6,372,753,1311,942
0.04986383885832416,0.9866666666666667,0.984,245.11548187845816,0.2816793893129771,0.34965034965034963,0.6668251748251748,0.8816882566923037,369,6,372,752,1310,941
0.049881772960167894,0.9866666666666667,0.984,244.78953043978998,0.28189457601222306,0.34965034965034963,0.6668251748251748,0.8818132254501141,369,6,372,751,1309,940
0.05010699847899165,0.9866666666666667,0.984,244.46357900112181,0.28211009174311924,0.3513986013986014,0.6676993006993007,0.8819381942079247,369,6,371,750,1308,939
0.050194893299005096,0.9866666666666667,0.984,244.13762756245367,0.2823259372609028,0.3513986013986014,0.6676993006993007,0.8820631629657352,369,6,371,749,1307,938
0.050238917281642544,0.9866666666666667,0.984,243.8116761237855,0.28254211332312407,0.3513986013986014,0.6676993006993007,0.8821881317235458,369,6,371,748,1306,937
0.050365192642355026,0.9866666666666667,0.984,243.8116761237855,0.2827586206896552,0.3513986013986014,0.6676993006993007,0.8823131004813564,369,6,371,748,1305,936
0.05039224330549343,0.9866666666666667,0.984,243.8116761237855,0.28297546012269936,0.3513986013986014,0.6676993006993007,0.8824380692391669,369,6,371,748,1304,935
0.050410612692764575,0.9866666666666667,0.984,243.48572468511733,0.2831926323867997,0.3513986013986014,0.6676993006993007,0.8825630379969774,369,6,371,747,1303,934
0.05045252114148805,0.9866666666666667,0.984,243.48572468511733,0.2834101382488479,0.3513986013986014,0.6676993006993007,0.882688006754788,369,6,371,747,1302,933
0.0506463242795489,0.9866666666666667,0.984,243.15977324644916,0.2836279784780938,0.3513986013986014,0.6676993006993007,0.8828129755125985,369,6,371,746,1301,932
0.05068163902707564,0.9866666666666667,0.984,242.83382180778102,0.28384615384615386,0.3531468531468531,0.6685734265734266,0.8829379442704091,369,6,370,745,1300,931
0.050856402467222415,0.9866666666666667,0.984,242.83382180778102,0.2840646651270208,0.3531468531468531,0.6685734265734266,0.8830629130282196,369,6,370,745,1299,930
0.05089154068993827,0.9866666666666667,0.984,242.50787036911285,0.2842835130970724,0.3531468531468531,0.6685734265734266,0.8831878817860301,369,6,370,744,1298,929
0.05090019024770901,0.9866666666666667,0.984,242.50787036911285,0.284502698535081,0.3531468531468531,0.6685734265734266,0.8833128505438408,369,6,370,744,1297,928
0.050973693028508675,0.9866666666666667,0.984,242.18191893044468,0.2847222222222222,0.3531468531468531,0.6685734265734266,0.8834378193016512,369,6,370,743,1296,927
0.05110786178087452,0.9866666666666667,0.984,242.18191893044468,0.28494208494208495,0.3531468531468531,0.6685734265734266,0.8835627880594619,369,6,370,743,1295,926
0.05118964325984757,0.9866666666666667,0.984,242.18191893044468,0.28516228748068007,0.3531468531468531,0.6685734265734266,0.8836877568172723,369,6,370,743,1294,925
0.05125612746060094,0.9866666666666667,0.984,241.8559674917765,0.2853828306264501,0.3531468531468531,0.6685734265734266,0.883812725575083,369,6,370,742,1293,924
0.05133227417282668,0.9866666666666667,0.984,241.53001605310837,0.28560371517027866,0.3548951048951049,0.6694475524475525,0.8839376943328934,369,6,369,741,1292,923
0.05146372079648932,0.9866666666666667,0.984,241.53001605310837,0.2858249419054996,0.3548951048951049,0.6694475524475525,0.884062663090704,369,6,369,741,1291,922
0.05148537003393655,0.9866666666666667,0.984,241.53001605310837,0.28604651162790695,0.3548951048951049,0.6694475524475525,0.8841876318485146,369,6,369,741,1290,921
0.05150364395050615,0.9866666666666667,0.984,241.53001605310837,0.28626842513576417,0.3548951048951049,0.6694475524475525,0.8843126006063251,369,6,369,741,1289,920
0.05165581229592814,0.9866666666666667,0.984,241.2040646144402,0.2864906832298137,0.3548951048951049,0.6694475524475525,0.8844375693641356,369,6,369,740,1288,919
0.051806983019077706,0.9866666666666667,0.984,240.87811317577203,0.2867132867132867,0.35664335664335667,0.6703216783216783,0.8845625381219462,369,6,368,739,1287,918
0.05181251224748354,0.9866666666666667,0.984,240.87811317577203,0.2869362363919129,0.35664335664335667,0.6703216783216783,0.8846875068797567,369,6,368,739,1286,917
0.051828267273040844,0.9866666666666667,0.984,240.87811317577203,0.28715953307392994,0.35664335664335667,0.6703216783216783,0.8848124756375673,369,6,368,739,1285,916
0.05186028440355726,0.9866666666666667,0.984,240.5521617371039,0.28738317757009346,0.3583916083916084,0.6711958041958042,0.8849374443953778,369,6,367,738,1284,915
0.05186983611732156,0.9866666666666667,0.984,240.22621029843572,0.2876071706936867,0.3583916083916084,0.6711958041958042,0.8850624131531883,369,6,367,737,1283,914
0.051872256492737454,0.9866666666666667,0.984,239.90025885976755,0.2878315132605304,0.3583916083916084,0.6711958041958042,0.885187381910999,369,6,367,736,1282,913
0.05191492740689455,0.9866666666666667,0.984,239.57430742109938,0.28805620608899296,0.3583916083916084,0.6711958041958042,0.8853123506688094,369,6,367,735,1281,912
0.0520303658097398,0.9866666666666667,0.984,239.24835598243124,0.28828125,0.3583916083916084,0.6711958041958042,0.8854373194266201,369,6,367,734,1280,911
0.0520706843592307,0.9866666666666667,0.984,239.24835598243124,0.28850664581704455,0.3583916083916084,0.6711958041958042,0.8855622881844305,369,6,367,734,1279,910
0.052100461668063744,0.9866666666666667,0.984,238.92240454376307,0.2887323943661972,0.3583916083916084,0.6711958041958042,0.8856872569422412,369,6,367,733,1278,909
0.0521085811131477,0.9866666666666667,0.984,238.5964531050949,0.2889584964761159,0.36013986013986016,0.6720699300699301,0.8858122257000516,369,6,366,732,1277,908
0.05214096576381065,0.9866666666666667,0.984,238.27050166642672,0.2891849529780564,0.36013986013986016,0.6720699300699301,0.8859371944578622,369,6,366,731,1276,907
0.05214517940605301,0.9866666666666667,0.984,237.94455022775858,0.28941176470588237,0.36013986013986016,0.6720699300699301,0.8860621632156728,369,6,366,730,1275,906
0.05223531341222247,0.9866666666666667,0.984,237.6185987890904,0.28963893249607536,0.36013986013986016,0.6720699300699301,0.8861871319734833,369,6,366,729,1274,905
0.052248856227505,0.9866666666666667,0.984,237.29264735042224,0.2898664571877455,0.36013986013986016,0.6720699300699301,0.8863121007312939,369,6,366,728,1273,904
0.052270259495555825,0.9866666666666667,0.984,237.29264735042224,0.29009433962264153,0.36013986013986016,0.6720699300699301,0.8864370694891044,369,6,366,728,1272,903
0.0522751783067285,0.9866666666666667,0.984,236.9666959117541,0.2903225806451613,0.36013986013986016,0.6720699300699301,0.8865620382469149,369,6,366,727,1271,902
0.05234411424676187,0.9866666666666667,0.984,236.64074447308593,0.2905511811023622,0.36013986013986016,0.6720699300699301,0.8866870070047255,369,6,366,726,1270,901
0.052357953318498435,0.9866666666666667,0.984,236.31479303441776,0.2907801418439716,0.3618881118881119,0.6729440559440559,0.8868119757625361,369,6,365,725,1269,900
0.05251475791258539,0.9866666666666667,0.984,235.9888415957496,0.2910094637223975,0.36363636363636365,0.6738181818181819,0.8869369445203465,369,6,364,724,1268,899
0.052662812886213155,0.9866666666666667,0.984,235.9888415957496,0.2912391475927388,0.36363636363636365,0.6738181818181819,0.8856416077327818,369,6,364,724,1267,898
0.052777492101192945,0.9866666666666667,0.984,235.66289015708145,0.2914691943127962,0.36363636363636365,0.6738181818181819,0.8857665764905924,369,6,364,723,1266,897
0.05277813516885386,0.9866666666666667,0.984,235.33693871841328,0.291699604743083,0.36538461538461536,0.6746923076923077,0.8858915452484029,369,6,363,722,1265,896
0.0528131069994664,0.9866666666666667,0.984,235.33693871841328,0.29193037974683544,0.36538461538461536,0.6746923076923077,0.8860165140062135,369,6,363,722,1264,895
0.053206538161027536,0.9866666666666667,0.984,235.33693871841328,0.2921615201900237,0.36538461538461536,0.6746923076923077,0.8861414827640239,369,6,363,722,1263,894
0.05320978745572777,0.9866666666666667,0.984,235.0109872797451,0.29239302694136293,0.36538461538461536,0.6746923076923077,0.8862664515218346,369,6,363,721,1262,893
0.05324639938554246,0.9866666666666667,0.984,235.0109872797451,0.29262490087232357,0.36538461538461536,0.6746923076923077,0.8863914202796451,369,6,363,721,1261,892
0.05326270277583983,0.9866666666666667,0.984,234.68503584107694,0.29285714285714287,0.36713286713286714,0.6755664335664335,0.8865163890374557,369,6,362,720,1260,891
0.05330628174363837,0.9866666666666667,0.984,234.3590844024088,0.2930897537728356,0.36713286713286714,0.6755664335664335,0.8866413577952662,369,6,362,719,1259,890
0.05344396898169129,0.9866666666666667,0.984,234.03313296374063,0.2933227344992051,0.3688811188811189,0.6764405594405595,0.8867663265530767,369,6,361,718,1258,889
0.05344485249300403,0.9866666666666667,0.984,233.70718152507246,0.2935560859188544,0.3688811188811189,0.6764405594405595,0.8868912953108873,369,6,361,717,1257,888
0.053488503479157574,0.9866666666666667,0.984,233.70718152507246,0.29378980891719747,0.3688811188811189,0.6764405594405595,0.8870162640686978,369,6,361,717,1256,887
0.05354375405059515,0.9866666666666667,0.984,233.70718152507246,0.2940239043824701,0.3688811188811189,0.6764405594405595,0.8871412328265084,369,6,361,717,1255,886
0.05363273885536178,0.9866666666666667,0.984,233.70718152507246,0.2942583732057416,0.3688811188811189,0.6764405594405595,0.8872662015843189,369,6,361,717,1254,885
0.053660018245641636,0.9866666666666667,0.984,233.70718152507246,0.2944932162809258,0.3688811188811189,0.6764405594405595,0.8873911703421296,369,6,361,717,1253,884
0.05368933721128205,0.9866666666666667,0.984,233.70718152507246,0.29472843450479236,0.3688811188811189,0.6764405594405595,0.88751613909994,369,6,361,717,1252,883
0.05391554500005287,0.9866666666666667,0.984,233.38123008640432,0.2949640287769784,0.3688811188811189,0.6764405594405595,0.8876411078577506,369,6,361,716,1251,882
0.05394880370900424,0.9866666666666667,0.984,233.38123008640432,0.2952,0.3688811188811189,0.6764405594405595,0.8877660766155611,369,6,361,716,1250,881
0.05403719780754633,0.9866666666666667,0.984,233.38123008640432,0.2954363490792634,0.3688811188811189,0.6764405594405595,0.8878910453733717,369,6,361,716,1249,880
0.054104802615227876,0.9866666666666667,0.984,233.05527864773615,0.2956730769230769,0.3688811188811189,0.6764405594405595,0.8880160141311821,369,6,361,715,1248,879
0.05412745127131945,0.9866666666666667,0.984,232.72932720906797,0.29591018444266237,0.3688811188811189,0.6764405594405595,0.8881409828889928,369,6,361,714,1247,878
0.05424354966109594,0.9866666666666667,0.984,232.72932720906797,0.29614767255216695,0.3688811188811189,0.6764405594405595,0.8882659516468033,369,6,361,714,1246,877
0.054251221750706215,0.9866666666666667,0.984,232.4033757703998,0.2963855421686747,0.3706293706293706,0.6773146853146853,0.8883909204046139,369,6,360,713,1245,876
0.05433213917992753,0.9866666666666667,0.984,232.07742433173166,0.2966237942122186,0.3706293706293706,0.6773146853146853,0.8885158891624244,369,6,360,712,1244,875
0.05433278680884689,0.9866666666666667,0.984,232.07742433173166,0.29686242960579245,0.3706293706293706,0.6773146853146853,0.888640857920235,369,6,360,712,1243,874
0.05434294260858757,0.9866666666666667,0.984,231.7514728930635,0.2971014492753623,0.3706293706293706,0.6773146853146853,0.8887658266780455,369,6,360,711,1242,873
0.054350547361690545,0.9866666666666667,0.984,231.7514728930635,0.29734085414987915,0.3706293706293706,0.6773146853146853,0.888890795435856,369,6,360,711,1241,872
0.0544429152203915,0.9866666666666667,0.984,231.42552145439532,0.29758064516129035,0.3706293706293706,0.6773146853146853,0.8890157641936666,369,6,360,710,1240,871
0.05448135697202967,0.9866666666666667,0.984,231.09957001572715,0.29782082324455206,0.3723776223776224,0.6781888111888112,0.8891407329514771,369,6,359,709,1239,870
0.054486769710517795,0.9866666666666667,0.984,231.09957001572715,0.29806138933764137,0.3723776223776224,0.6781888111888112,0.8892657017092878,369,6,359,709,1238,869
0.05449827575408605,0.9866666666666667,0.984,231.09957001572715,0.29830234438156833,0.3723776223776224,0.6781888111888112,0.8893906704670982,369,6,359,709,1237,868
0.05453182826113103,0.9866666666666667,0.984,230.773618577059,0.29854368932038833,0.3723776223776224,0.6781888111888112,0.8895156392249088,369,6,359,708,1236,867
0.05454443770946905,0.9866666666666667,0.984,230.44766713839084,0.2987854251012146,0.3723776223776224,0.6781888111888112,0.8896406079827193,369,6,359,707,1235,866
0.05456002221740021,0.9866666666666667,0.984,230.12171569972267,0.29902755267423015,0.3723776223776224,0.6781888111888112,0.8897655767405299,369,6,359,706,1234,865
0.05456785177675282,0.9866666666666667,0.984,229.7957642610545,0.29927007299270075,0.3741258741258741,0.6790629370629371,0.8898905454983403,369,6,358,705,1233,864
0.05461575348092449,0.9866666666666667,0.984,229.7957642610545,0.299512987012987,0.3741258741258741,0.6790629370629371,0.890015514256151,369,6,358,705,1232,863
0.05471101008461852,0.9866666666666667,0.984,229.46981282238636,0.29975629569455725,0.3741258741258741,0.6790629370629371,0.8901404830139615,369,6,358,704,1231,862
0.05474754103284199,0.9866666666666667,0.984,229.1438613837182,0.3,0.3758741258741259,0.6799370629370629,0.8902654517717721,369,6,357,703,1230,861
0.05479785862062314,0.9866666666666667,0.984,228.81790994505002,0.3002441008950366,0.3758741258741259,0.6799370629370629,0.8903904205295826,369,6,357,702,1229,860
0.05483368020995524,0.9866666666666667,0.984,228.81790994505002,0.3004885993485342,0.3758741258741259,0.6799370629370629,0.8905153892873932,369,6,357,702,1228,859
0.054901274378227095,0.9866666666666667,0.984,228.81790994505002,0.30073349633251834,0.3758741258741259,0.6799370629370629,0.8906403580452037,369,6,357,702,1227,858
0.054981019812864594,0.9866666666666667,0.984,228.81790994505002,0.300978792822186,0.3758741258741259,0.6799370629370629,0.8907653268030142,369,6,357,702,1226,857
0.055037611843113794,0.9866666666666667,0.984,228.81790994505002,0.30122448979591837,0.3758741258741259,0.6799370629370629,0.8908902955608249,369,6,357,702,1225,856
0.05514247684445397,0.9866666666666667,0.984,228.49195850638188,0.3014705882352941,0.3776223776223776,0.6808111888111887,0.8910152643186353,369,6,356,701,1224,855
0.05524931443944749,0.9866666666666667,0.984,228.49195850638188,0.3017170891251022,0.3776223776223776,0.6808111888111887,0.891140233076446,369,6,356,701,1223,854
0.05541517000494304,0.9866666666666667,0.984,228.1660070677137,0.3019639934533552,0.3776223776223776,0.6808111888111887,0.8912652018342564,369,6,356,700,1222,853
0.0555469388102525,0.9866666666666667,0.984,227.84005562904554,0.3022113022113022,0.3776223776223776,0.6808111888111887,0.891390170592067,369,6,356,699,1221,852
0.055613974998092626,0.9866666666666667,0.984,227.84005562904554,0.30245901639344264,0.3776223776223776,0.6808111888111887,0.8915151393498775,369,6,356,699,1220,851
0.05566797252412625,0.9866666666666667,0.984,227.84005562904554,0.302707136997539,0.3776223776223776,0.6808111888111887,0.8916401081076881,369,6,356,699,1219,850
0.05569928223442623,0.9866666666666667,0.984,227.51410419037737,0.30295566502463056,0.3776223776223776,0.6808111888111887,0.8917650768654987,369,6,356,698,1218,849
0.05579990345910303,0.9866666666666667,0.984,227.51410419037737,0.3032046014790468,0.3776223776223776,0.6808111888111887,0.8918900456233092,369,6,356,698,1217,848
0.05583749880268837,0.9866666666666667,0.984,227.18815275170923,0.3034539473684211,0.3776223776223776,0.6808111888111887,0.8920150143811197,369,6,356,697,1216,847
0.05587992566198582,0.9866666666666667,0.984,226.86220131304106,0.3037037037037037,0.3776223776223776,0.6808111888111887,0.8921399831389303,369,6,356,696,1215,846
0.05590410934321212,0.9866666666666667,0.984,226.53624987437288,0.3039538714991763,0.3776223776223776,0.6808111888111887,0.8922649518967408,369,6,356,695,1214,845
0.055931874660828225,0.9866666666666667,0.984,226.21029843570471,0.30420445177246497,0.3776223776223776,0.6808111888111887,0.8923899206545514,369,6,356,694,1213,844
0.05609423526085511,0.9866666666666667,0.984,226.21029843570471,0.30445544554455445,0.3776223776223776,0.6808111888111887,0.8925148894123619,369,6,356,694,1212,843
0.05625059162688176,0.9866666666666667,0.984,226.21029843570471,0.30470685383980184,0.3776223776223776,0.6808111888111887,0.8926398581701724,369,6,356,694,1211,842
0.056280505762616215,0.9866666666666667,0.984,225.88434699703657,0.3049586776859504,0.3776223776223776,0.6808111888111887,0.8927648269279831,369,6,356,693,1210,841
0.0563547763944726,0.9866666666666667,0.984,225.88434699703657,0.3052109181141439,0.3776223776223776,0.6808111888111887,0.8928897956857935,369,6,356,693,1209,840
0.05637876379965939,0.9866666666666667,0.984,225.5583955583684,0.3054635761589404,0.3776223776223776,0.6808111888111887,0.8930147644436042,369,6,356,692,1208,839
0.05638524120433902,0.9866666666666667,0.984,225.23244411970023,0.30571665285832644,0.3776223776223776,0.6808111888111887,0.8931397332014146,369,6,356,691,1207,838
0.05650210187684562,0.9866666666666667,0.984,224.9064926810321,0.30597014925373134,0.3776223776223776,0.6808111888111887,0.8932647019592252,369,6,356,690,1206,837
0.05651647846748653,0.9866666666666667,0.984,224.58054124236392,0.3062240663900415,0.3776223776223776,0.6808111888111887,0.8933896707170357,369,6,356,689,1205,836
0.056697138326165665,0.9866666666666667,0.984,224.58054124236392,0.3064784053156146,0.3776223776223776,0.6808111888111887,0.8935146394748463,369,6,356,689,1204,835
0.05680960591396438,0.9866666666666667,0.984,224.25458980369575,0.30673316708229426,0.3793706293706294,0.6816853146853147,0.8936396082326569,369,6,355,688,1203,834
0.05698195381981347,0.9866666666666667,0.984,223.92863836502758,0.3069883527454243,0.3793706293706294,0.6816853146853147,0.8937645769904674,369,6,355,687,1202,833
0.05699540006167291,0.9866666666666667,0.984,223.60268692635944,0.30724396336386345,0.3793706293706294,0.6816853146853147,0.893889545748278,369,6,355,686,1201,832
0.057046195111322535,0.9866666666666667,0.984,223.27673548769127,0.3075,0.3793706293706294,0.6816853146853147,0.8940145145060885,369,6,355,685,1200,831
0.05709348601040644,0.9866666666666667,0.984,222.9507840490231,0.30775646371976645,0.3811188811188811,0.6825594405594405,0.894139483263899,369,6,354,684,1199,830
0.057499174776400166,0.9866666666666667,0.984,222.9507840490231,0.3080133555926544,0.3811188811188811,0.6825594405594405,0.8942644520217096,369,6,354,684,1198,829
0.057648727747939596,0.9866666666666667,0.984,222.9507840490231,0.3082706766917293,0.3811188811188811,0.6825594405594405,0.8943894207795201,369,6,354,684,1197,828
0.057720576041150995,0.9866666666666667,0.984,222.62483261035493,0.3085284280936455,0.3811188811188811,0.6825594405594405,0.8945143895373306,369,6,354,683,1196,827
0.05776014157025189,0.9866666666666667,0.984,222.2988811716868,0.3087866108786611,0.3811188811188811,0.6825594405594405,0.8946393582951413,369,6,354,682,1195,826
0.05777377390965956,0.9866666666666667,0.984,221.97292973301862,0.30904522613065327,0.38286713286713286,0.6834335664335665,0.8947643270529517,369,6,353,681,1194,825
0.05797023876850478,0.9866666666666667,0.984,221.64697829435045,0.30930427493713325,0.38461538461538464,0.6843076923076923,0.8948892958107624,369,6,352,680,1193,824
0.05800218775789861,0.9866666666666667,0.984,221.3210268556823,0.30956375838926176,0.38461538461538464,0.6843076923076923,0.8950142645685728,369,6,352,679,1192,823
0.05804674945360265,0.9866666666666667,0.984,220.99507541701414,0.30982367758186397,0.38461538461538464,0.6843076923076923,0.8951392333263835,369,6,352,678,1191,822
0.05816569359714363,0.9866666666666667,0.984,220.66912397834597,0.3100840336134454,0.38636363636363635,0.6851818181818181,0.8952642020841939,369,6,351,677,1190,821
0.058170758929345236,0.9866666666666667,0.984,220.3431725396778,0.3103448275862069,0.38636363636363635,0.6851818181818181,0.8953891708420045,369,6,351,676,1189,820
0.05848027398015336,0.9866666666666667,0.984,220.01722110100965,0.3106060606060606,0.38636363636363635,0.6851818181818181,0.8955141395998151,369,6,351,675,1188,819
0.05848115162837157,0.9866666666666667,0.984,219.69126966234148,0.3108677337826453,0.38636363636363635,0.6851818181818181,0.8956391083576256,369,6,351,674,1187,818
0.05855287556778453,0.9866666666666667,0.984,219.69126966234148,0.3111298482293423,0.38636363636363635,0.6851818181818181,0.8957640771154362,369,6,351,674,1186,817
0.05871039217726905,0.9866666666666667,0.984,219.3653182236733,0.31139240506329113,0.38636363636363635,0.6851818181818181,0.8958890458732467,369,6,351,673,1185,816
0.058785542929180874,0.9866666666666667,0.984,219.03936678500514,0.31165540540540543,0.38636363636363635,0.6851818181818181,0.8960140146310572,369,6,351,672,1184,815
0.058795599496786644,0.9866666666666667,0.984,219.03936678500514,0.31191885038038886,0.38636363636363635,0.6851818181818181,0.8961389833888678,369,6,351,672,1183,814
0.05885034337891599,0.9866666666666667,0.984,218.713415346337,0.31218274111675126,0.3881118881118881,0.6860559440559441,0.8962639521466784,369,6,350,671,1182,813
0.058925129307691955,0.9866666666666667,0.984,218.713415346337,0.3124470787468247,0.3881118881118881,0.6860559440559441,0.8963889209044889,369,6,350,671,1181,812
0.058990194016585576,0.9866666666666667,0.984,218.38746390766883,0.31271186440677967,0.3881118881118881,0.6860559440559441,0.8965138896622995,369,6,350,670,1180,811
0.05915992626509923,0.9866666666666667,0.984,218.06151246900066,0.31297709923664124,0.3881118881118881,0.6860559440559441,0.8966388584201099,369,6,350,669,1179,810
0.05916728739677405,0.9866666666666667,0.984,218.06151246900066,0.3132427843803056,0.3881118881118881,0.6860559440559441,0.8967638271779206,369,6,350,669,1178,809
0.05918676174468788,0.9866666666666667,0.984,217.7355610303325,0.3135089209855565,0.3881118881118881,0.6860559440559441,0.896888795935731,369,6,350,668,1177,808
0.059415163045625476,0.9866666666666667,0.984,217.40960959166435,0.3137755102040816,0.38986013986013984,0.6869300699300699,0.8970137646935417,369,6,349,667,1176,807
0.05945729556294764,0.9866666666666667,0.984,217.08365815299618,0.3140425531914894,0.3916083916083916,0.6878041958041958,0.8971387334513522,369,6,348,666,1175,806
0.059529366923817606,0.9866666666666667,0.984,216.757706714328,0.3143100511073254,0.39335664335664333,0.6886783216783217,0.8972637022091627,369,6,347,665,1174,805
0.059573365547948044,0.9866666666666667,0.984,216.43175527565987,0.3145780051150895,0.39335664335664333,0.6886783216783217,0.8973886709669733,369,6,347,664,1173,804
0.05965591443717815,0.9866666666666667,0.984,216.43175527565987,0.3148464163822526,0.39335664335664333,0.6886783216783217,0.8975136397247838,369,6,347,664,1172,803
0.05983198914545092,0.9866666666666667,0.984,216.43175527565987,0.3151152860802733,0.39335664335664333,0.6886783216783217,0.8976386084825944,369,6,347,664,1171,802
0.06005509195239475,0.9866666666666667,0.984,216.1058038369917,0.3153846153846154,0.39335664335664333,0.6886783216783217,0.8977635772404049,369,6,347,663,1170,801
0.06016217239215218,0.9866666666666667,0.984,216.1058038369917,0.31565440547476475,0.39335664335664333,0.6886783216783217,0.8978885459982154,369,6,347,663,1169,800
0.06029528030176003,0.9866666666666667,0.984,215.77985239832353,0.3159246575342466,0.39335664335664333,0.6886783216783217,0.898013514756026,369,6,347,662,1168,799
0.0603484336975178,0.9866666666666667,0.984,215.45390095965536,0.3161953727506427,0.39335664335664333,0.6886783216783217,0.8981384835138366,369,6,347,661,1167,798
0.06043127524775371,0.9866666666666667,0.984,215.45390095965536,0.31646655231560894,0.39335664335664333,0.6886783216783217,0.8982634522716471,369,6,347,661,1166,797
0.060592265182853246,0.9866666666666667,0.984,215.45390095965536,0.31673819742489273,0.39335664335664333,0.6886783216783217,0.8983884210294577,369,6,347,661,1165,796
0.06068615645455726,0.9866666666666667,0.984,215.45390095965536,0.3170103092783505,0.39335664335664333,0.6886783216783217,0.8985133897872681,369,6,347,661,1164,795
0.06080268052010369,0.9866666666666667,0.984,215.12794952098722,0.3172828890799656,0.39335664335664333,0.6886783216783217,0.8986383585450788,369,6,347,660,1163,794
0.06097388363793807,0.9866666666666667,0.984,214.80199808231905,0.31755593803786575,0.39335664335664333,0.6886783216783217,0.8987633273028892,369,6,347,659,1162,793
0.06100924400612745,0.9866666666666667,0.984,214.47604664365088,0.3178294573643411,0.39335664335664333,0.6886783216783217,0.8988882960606999,369,6,347,658,1161,792
0.061084469397346984,0.9866666666666667,0.984,214.1500952049827,0.31810344827586207,0.3951048951048951,0.6895524475524475,0.8990132648185104,369,6,346,657,1160,791
0.0610848370612728,0.9866666666666667,0.984,213.82414376631456,0.3183779119930975,0.3951048951048951,0.6895524475524475,0.8991382335763209,369,6,346,656,1159,790
0.06110909245912391,0.9866666666666667,0.984,213.4981923276464,0.31865284974093266,0.3951048951048951,0.6895524475524475,0.8992632023341315,369,6,346,655,1158,789
0.061122835186677306,0.9866666666666667,0.984,213.4981923276464,0.31892826274848746,0.3951048951048951,0.6895524475524475,0.899388171091942,369,6,346,655,1157,788
0.061316873019209635,0.9866666666666667,0.984,213.17224088897822,0.31920415224913495,0.3968531468531469,0.6904265734265734,0.8995131398497526,369,6,345,654,1156,787
0.06133144441112708,0.9866666666666667,0.984,213.17224088897822,0.3194805194805195,0.3968531468531469,0.6904265734265734,0.8996381086075631,369,6,345,654,1155,786
0.06138315671840573,0.9866666666666667,0.984,212.84628945031008,0.3197573656845754,0.3968531468531469,0.6904265734265734,0.8997630773653736,369,6,345,653,1154,785
0.06143760724130635,0.9866666666666667,0.984,212.5203380116419,0.32003469210754554,0.3986013986013986,0.6913006993006993,0.8998880461231842,369,6,344,652,1153,784
0.0615079123222139,0.9866666666666667,0.984,212.19438657297374,0.3203125,0.3986013986013986,0.6913006993006993,0.9000130148809948,369,6,344,651,1152,783
0.06182868134633919,0.9866666666666667,0.984,211.86843513430557,0.3205907906168549,0.3986013986013986,0.6913006993006993,0.9001379836388053,369,6,344,650,1151,782
0.0621627924326083,0.9866666666666667,0.984,211.54248369563743,0.3208695652173913,0.3986013986013986,0.6913006993006993,0.9002629523966159,369,6,344,649,1150,781
0.062284053118725334,0.9866666666666667,0.984,211.21653225696926,0.32114882506527415,0.3986013986013986,0.6913006993006993,0.9003879211544263,369,6,344,648,1149,780
0.06233969136558068,0.9866666666666667,0.984,210.8905808183011,0.32142857142857145,0.40034965034965037,0.6921748251748252,0.900512889912237,369,6,343,647,1148,779
0.06255217726476109,0.9866666666666667,0.984,210.56462937963292,0.3217088055797733,0.40034965034965037,0.6921748251748252,0.9006378586700474,369,6,343,646,1147,778
0.06273628948026203,0.9866666666666667,0.984,210.56462937963292,0.3219895287958115,0.40034965034965037,0.6921748251748252,0.9007628274278581,369,6,343,646,1146,777
0.06279757964707187,0.9866666666666667,0.984,210.23867794096478,0.3222707423580786,0.40034965034965037,0.6921748251748252,0.9008877961856686,369,6,343,645,1145,776
0.06288421399532634,0.9866666666666667,0.984,209.9127265022966,0.32255244755244755,0.40034965034965037,0.6921748251748252,0.9010127649434791,369,6,343,644,1144,775
0.06298503990795933,0.9866666666666667,0.984,209.9127265022966,0.3228346456692913,0.40034965034965037,0.6921748251748252,0.9011377337012897,369,6,343,644,1143,774
0.0630113972223059,0.9866666666666667,0.984,209.58677506362844,0.3231173380035026,0.40034965034965037,0.6921748251748252,0.9012627024591002,369,6,343,643,1142,773
0.06303995335763156,0.9866666666666667,0.984,209.58677506362844,0.32340052585451357,0.40034965034965037,0.6921748251748252,0.9013876712169108,369,6,343,643,1141,772
0.06306240434801869,0.9866666666666667,0.984,209.2608236249603,0.3236842105263158,0.40034965034965037,0.6921748251748252,0.9015126399747213,369,6,343,642,1140,771
0.06320225212859944,0.9866666666666667,0.984,208.93487218629213,0.32396839332748023,0.4020979020979021,0.693048951048951,0.901637608732532,369,6,342,641,1139,770
0.06324514738311579,0.9866666666666667,0.984,208.60892074762396,0.3242530755711775,0.4020979020979021,0.693048951048951,0.9017625774903424,369,6,342,640,1138,769
0.06325380739052316,0.9866666666666667,0.984,208.28296930895578,0.3245382585751979,0.4020979020979021,0.693048951048951,0.901887546248153,369,6,342,639,1137,768
0.06328688176967495,0.9866666666666667,0.984,207.95701787028764,0.3248239436619718,0.40384615384615385,0.6939230769230769,0.9020125150059635,369,6,341,638,1136,767
0.06346924771917666,0.9866666666666667,0.984,207.63106643161947,0.3251101321585903,0.40559440559440557,0.6947972027972028,0.9021374837637741,369,6,340,637,1135,766
0.06356549988693207,0.9866666666666667,0.984,207.3051149929513,0.3253968253968254,0.40559440559440557,0.6947972027972028,0.9022624525215845,369,6,340,636,1134,765
0.06358069137468533,0.9866666666666667,0.984,206.97916355428313,0.32568402471315094,0.40559440559440557,0.6947972027972028,0.9023874212793952,369,6,340,635,1133,764
0.06359247573023372,0.9866666666666667,0.984,206.653212115615,0.32597173144876324,0.40559440559440557,0.6947972027972028,0.9025123900372057,369,6,340,634,1132,763
0.06362411352187103,0.9866666666666667,0.984,206.32726067694682,0.32625994694960214,0.40559440559440557,0.6947972027972028,0.9026373587950163,369,6,340,633,1131,762
0.06374021596616636,0.9866666666666667,0.984,206.00130923827865,0.32654867256637166,0.40559440559440557,0.6947972027972028,0.9027623275528268,369,6,340,632,1130,761
0.06385284746510919,0.9866666666666667,0.984,205.67535779961048,0.32683790965456155,0.40559440559440557,0.6947972027972028,0.9028872963106374,369,6,340,631,1129,760
0.06405918794343232,0.9866666666666667,0.984,205.34940636094234,0.3271276595744681,0.40559440559440557,0.6947972027972028,0.9030122650684479,369,6,340,630,1128,759
0.06410033070717401,0.9866666666666667,0.984,205.34940636094234,0.32741792369121564,0.40559440559440557,0.6947972027972028,0.9031372338262584,369,6,340,630,1127,758
0.06412748142406718,0.9866666666666667,0.984,205.34940636094234,0.327708703374778,0.40559440559440557,0.6947972027972028,0.903262202584069,369,6,340,630,1126,757
0.06420121955736788,0.9866666666666667,0.984,205.02345492227417,0.328,0.40559440559440557,0.6947972027972028,0.9033871713418795,369,6,340,629,1125,756
0.06422038602970909,0.9866666666666667,0.984,204.697503483606,0.32829181494661924,0.40559440559440557,0.6947972027972028,0.9035121400996902,369,6,340,628,1124,755
0.06432145247725447,0.9866666666666667,0.984,204.37155204493786,0.3285841495992876,0.40559440559440557,0.6947972027972028,0.9036371088575006,369,6,340,627,1123,754
0.06433581312982914,0.9866666666666667,0.984,204.0456006062697,0.32887700534759357,0.40559440559440557,0.6947972027972028,0.9037620776153112,369,6,340,626,1122,753
0.06450295777239351,0.9866666666666667,0.984,203.71964916760152,0.32917038358608386,0.40559440559440557,0.6947972027972028,0.9038870463731217,369,6,340,625,1121,752
0.0645551298774476,0.9866666666666667,0.984,203.39369772893335,0.3294642857142857,0.40559440559440557,0.6947972027972028,0.9040120151309323,369,6,340,624,1120,751
0.06458954024339174,0.9866666666666667,0.984,203.0677462902652,0.3297587131367292,0.40734265734265734,0.6956713286713286,0.9041369838887428,369,6,339,623,1119,750
0.0646434408166888,0.9866666666666667,0.984,202.74179485159704,0.3300536672629696,0.40734265734265734,0.6956713286713286,0.9042619526465534,369,6,339,622,1118,749
0.06468286637833132,0.9866666666666667,0.984,202.41584341292887,0.3303491495076097,0.40734265734265734,0.6956713286713286,0.9043869214043639,369,6,339,621,1117,748
0.06474987718420061,0.9866666666666667,0.984,202.0898919742607,0.33064516129032256,0.40734265734265734,0.6956713286713286,0.9045118901621745,369,6,339,620,1116,747
0.06501770414129518,0.9866666666666667,0.984,201.76394053559255,0.3309417040358744,0.40734265734265734,0.6956713286713286,0.904636858919985,369,6,339,619,1115,746
0.0651541555939408,0.9866666666666667,0.984,201.76394053559255,0.33123877917414724,0.40734265734265734,0.6956713286713286,0.9047618276777956,369,6,339,619,1114,745
0.06517959532551426,0.9866666666666667,0.984,201.43798909692438,0.33153638814016173,0.40734265734265734,0.6956713286713286,0.9048867964356061,369,6,339,618,1113,744
0.06520997075234632,0.9866666666666667,0.9813333333333333,201.43798909692438,0.33093525179856115,0.40734265734265734,0.6943379953379953,0.9035914596480413,368,7,339,618,1112,744
0.06534094427307453,0.9866666666666667,0.9813333333333333,201.43798909692438,0.33123312331233123,0.40734265734265734,0.6943379953379953,0.9037164284058519,368,7,339,618,1111,743
0.06536789551672274,0.9866666666666667,0.9813333333333333,201.1120376582562,0.33153153153153153,0.40734265734265734,0.6943379953379953,0.9038413971636624,368,7,339,617,1110,742
0.06538338455395148,0.9866666666666667,0.9813333333333333,200.78608621958807,0.3318304779080252,0.40734265734265734,0.6943379953379953,0.903966365921473,368,7,339,616,1109,741
0.0654542320559797,0.9866666666666667,0.9813333333333333,200.4601347809199,0.33212996389891697,0.40734265734265734,0.6943379953379953,0.9040913346792836,368,7,339,615,1108,740
0.0654660990492416,0.9866666666666667,0.9813333333333333,200.13418334225173,0.3324299909665763,0.40734265734265734,0.6943379953379953,0.904216303437094,368,7,339,614,1107,739
0.06547380725147434,0.9866666666666667,0.9813333333333333,200.13418334225173,0.33273056057866185,0.40734265734265734,0.6943379953379953,0.9043412721949047,368,7,339,614,1106,738
0.065984837823232,0.9866666666666667,0.9813333333333333,199.80823190358356,0.3330316742081448,0.4090909090909091,0.6952121212121212,0.9044662409527151,368,7,338,613,1105,737
0.06603647182570269,0.9866666666666667,0.9813333333333333,199.48228046491542,0.3333333333333333,0.4090909090909091,0.6952121212121212,0.9045912097105258,368,7,338,612,1104,736
0.06604633387843718,0.9866666666666667,0.9813333333333333,199.15632902624725,0.33363553943789664,0.4090909090909091,0.6952121212121212,0.9047161784683362,368,7,338,611,1103,735
0.06629216228893485,0.9866666666666667,0.9813333333333333,198.83037758757908,0.3339382940108893,0.41083916083916083,0.696086247086247,0.9048411472261468,368,7,337,610,1102,734
0.06645352719073006,0.9866666666666667,0.9813333333333333,198.5044261489109,0.33424159854677565,0.41083916083916083,0.696086247086247,0.9049661159839574,368,7,337,609,1101,733
0.06660849452834638,0.9866666666666667,0.9813333333333333,198.17847471024277,0.33454545454545453,0.41083916083916083,0.696086247086247,0.9050910847417679,368,7,337,608,1100,732
0.0670145165883762,0.9866666666666667,0.9813333333333333,197.8525232715746,0.3348498635122839,0.41083916083916083,0.696086247086247,0.9052160534995785,368,7,337,607,1099,731
0.06739734947415836,0.9866666666666667,0.9813333333333333,197.8525232715746,0.33515482695810567,0.41083916083916083,0.696086247086247,0.905341022257389,368,7,337,607,1098,730
0.06753276230139389,0.9866666666666667,0.9813333333333333,197.52657183290643,0.33546034639927075,0.41083916083916083,0.696086247086247,0.9054659910151995,368,7,337,606,1097,729
0.06763401039284364,0.9866666666666667,0.9813333333333333,197.20062039423829,0.3357664233576642,0.41083916083916083,0.696086247086247,0.9055909597730101,368,7,337,605,1096,728
0.06803858946936524,0.9866666666666667,0.9813333333333333,196.87466895557012,0.3360730593607306,0.41083916083916083,0.696086247086247,0.9057159285308207,368,7,337,604,1095,727
0.06804581907827281,0.9866666666666667,0.9813333333333333,196.87466895557012,0.33638025594149906,0.41083916083916083,0.696086247086247,0.9058408972886312,368,7,337,604,1094,726
0.06807284188046675,0.9866666666666667,0.9813333333333333,196.54871751690195,0.3366880146386093,0.41083916083916083,0.696086247086247,0.9059658660464418,368,7,337,603,1093,725
0.06813333248694875,0.9866666666666667,0.9813333333333333,196.22276607823378,0.336996336996337,0.41083916083916083,0.696086247086247,0.9060908348042522,368,7,337,602,1092,724
0.06829934077331277,0.9866666666666667,0.9813333333333333,195.89681463956563,0.3373052245646196,0.4125874125874126,0.6969603729603729,0.9062158035620629,368,7,336,601,1091,723
0.06840918963451194,0.9866666666666667,0.9813333333333333,195.89681463956563,0.3376146788990826,0.4125874125874126,0.6969603729603729,0.9063407723198733,368,7,336,601,1090,722
0.06841699957285154,0.9866666666666667,0.9813333333333333,195.57086320089746,0.3379247015610652,0.4125874125874126,0.6969603729603729,0.906465741077684,368,7,336,600,1089,721
0.06844302605859115,0.9866666666666667,0.9813333333333333,195.2449117622293,0.3382352941176471,0.4125874125874126,0.6969603729603729,0.9065907098354945,368,7,336,599,1088,720
0.06850047989210536,0.9866666666666667,0.9813333333333333,194.91896032356112,0.33854645814167433,0.4125874125874126,0.6969603729603729,0.906715678593305,368,7,336,598,1087,719
0.06860455227736967,0.9866666666666667,0.9813333333333333,194.59300888489298,0.3388581952117864,0.4125874125874126,0.6969603729603729,0.9068406473511156,368,7,336,597,1086,718
0.0687331389184776,0.9866666666666667,0.9813333333333333,194.2670574462248,0.3391705069124424,0.4125874125874126,0.6969603729603729,0.9069656161089261,368,7,336,596,1085,717
0.06874512054142562,0.9866666666666667,0.9813333333333333,193.94110600755664,0.33948339483394835,0.4143356643356643,0.6978344988344988,0.9070905848667367,368,7,335,595,1084,716
0.06880755256569127,0.9866666666666667,0.9813333333333333,193.61515456888847,0.3397968605724838,0.4160839160839161,0.6987086247086247,0.9072155536245472,368,7,334,594,1083,715
0.06887962642495378,0.9866666666666667,0.9813333333333333,193.28920313022033,0.34011090573012936,0.4160839160839161,0.6987086247086247,0.9073405223823577,368,7,334,593,1082,714
0.068895560500832,0.9866666666666667,0.9813333333333333,193.28920313022033,0.3404255319148936,0.4160839160839161,0.6987086247086247,0.9074654911401683,368,7,334,593,1081,713
0.06890769802945781,0.9866666666666667,0.9813333333333333,192.96325169155216,0.34074074074074073,0.4160839160839161,0.6987086247086247,0.9075904598979789,368,7,334,592,1080,712
0.06891764984159605,0.9866666666666667,0.9813333333333333,192.637300252884,0.3410565338276182,0.4160839160839161,0.6987086247086247,0.9077154286557894,368,7,334,591,1079,711
0.06898606098341026,0.9866666666666667,0.9813333333333333,192.637300252884,0.34137291280148424,0.4160839160839161,0.6987086247086247,0.9078403974136,368,7,334,591,1078,710
0.0690316275484763,0.9866666666666667,0.9813333333333333,192.31134881421585,0.34168987929433614,0.4160839160839161,0.6987086247086247,0.9079653661714104,368,7,334,590,1077,709
0.06905796988523545,0.9866666666666667,0.9813333333333333,192.31134881421585,0.3420074349442379,0.4160839160839161,0.6987086247086247,0.9080903349292211,368,7,334,590,1076,708
0.069305499474691,0.9866666666666667,0.9813333333333333,192.31134881421585,0.34232558139534885,0.4160839160839161,0.6987086247086247,0.9082153036870315,368,7,334,590,1075,707
0.06942265219940727,0.9866666666666667,0.9813333333333333,191.98539737554768,0.3426443202979516,0.4160839160839161,0.6987086247086247,0.9083402724448422,368,7,334,589,1074,706
0.06948132854194229,0.9866666666666667,0.9813333333333333,191.6594459368795,0.3429636533084809,0.4160839160839161,0.6987086247086247,0.9084652412026527,368,7,334,588,1073,705
0.06956921954707357,0.9866666666666667,0.9813333333333333,191.33349449821134,0.34328358208955223,0.4160839160839161,0.6987086247086247,0.9085902099604632,368,7,334,587,1072,704
0.06977414162251803,0.9866666666666667,0.9813333333333333,191.0075430595432,0.34360410830999066,0.4178321678321678,0.6995827505827505,0.9087151787182738,368,7,333,586,1071,703
0.06995270322302809,0.9866666666666667,0.9813333333333333,190.68159162087503,0.34392523364485983,0.4178321678321678,0.6995827505827505,0.9088401474760843,368,7,333,585,1070,702
0.07002903310395642,0.9866666666666667,0.9813333333333333,190.35564018220686,0.34424695977549113,0.4178321678321678,0.6995827505827505,0.9089651162338949,368,7,333,584,1069,701
0.07009687278765418,0.9866666666666667,0.9813333333333333,190.02968874353869,0.3445692883895131,0.4178321678321678,0.6995827505827505,0.9090900849917054,368,7,333,583,1068,700
0.07018704675057039,0.9866666666666667,0.9813333333333333,189.70373730487054,0.344892221180881,0.4195804195804196,0.7004568764568764,0.909215053749516,368,7,332,582,1067,699
0.07022908476677374,0.9866666666666667,0.9813333333333333,189.37778586620237,0.3452157598499062,0.4195804195804196,0.7004568764568764,0.9093400225073265,368,7,332,581,1066,698
0.07038763189445633,0.9866666666666667,0.9813333333333333,189.0518344275342,0.3455399061032864,0.4195804195804196,0.7004568764568764,0.9094649912651371,368,7,332,580,1065,697
0.07039387037640193,0.9866666666666667,0.9813333333333333,188.72588298886606,0.3458646616541353,0.4195804195804196,0.7004568764568764,0.9095899600229476,368,7,332,579,1064,696
0.07042824318011923,0.9866666666666667,0.9813333333333333,188.72588298886606,0.34619002822201317,0.4195804195804196,0.7004568764568764,0.9097149287807582,368,7,332,579,1063,695
0.07043671236173674,0.9866666666666667,0.9813333333333333,188.72588298886606,0.3465160075329567,0.4195804195804196,0.7004568764568764,0.9098398975385686,368,7,332,579,1062,694
0.0704634040156758,0.9866666666666667,0.9813333333333333,188.72588298886606,0.3468426013195099,0.4195804195804196,0.7004568764568764,0.9099648662963793,368,7,332,579,1061,693
0.07049792000737667,0.9866666666666667,0.9813333333333333,188.3999315501979,0.3471698113207547,0.4195804195804196,0.7004568764568764,0.9100898350541897,368,7,332,578,1060,692
0.07057936458727429,0.9866666666666667,0.9813333333333333,188.07398011152972,0.34749763928234184,0.4195804195804196,0.7004568764568764,0.9102148038120004,368,7,332,577,1059,691
0.07071244816905681,0.9866666666666667,0.9813333333333333,187.74802867286155,0.34782608695652173,0.4195804195804196,0.7004568764568764,0.9103397725698109,368,7,332,576,1058,690
0.07107837731351106,0.9866666666666667,0.9813333333333333,187.4220772341934,0.34815515610217596,0.4195804195804196,0.7004568764568764,0.9104647413276215,368,7,332,575,1057,689
0.07116267545879842,0.9866666666666667,0.9813333333333333,187.09612579552524,0.3484848484848485,0.42132867132867136,0.7013310023310023,0.910589710085432,368,7,331,574,1056,688
0.07136682245986567,0.9866666666666667,0.9813333333333333,186.77017435685707,0.34881516587677724,0.42132867132867136,0.7013310023310023,0.9107146788432425,368,7,331,573,1055,687
0.07152047324660221,0.9866666666666667,0.9813333333333333,186.4442229181889,0.349146110056926,0.42132867132867136,0.7013310023310023,0.9108396476010531,368,7,331,572,1054,686
0.07152866926563556,0.9866666666666667,0.9813333333333333,186.11827147952076,0.34947768281101615,0.42132867132867136,0.7013310023310023,0.9109646163588636,368,7,331,571,1053,685
0.0717734248952082,0.9866666666666667,0.9813333333333333,185.7923200408526,0.34980988593155893,0.42132867132867136,0.7013310023310023,0.9110895851166743,368,7,331,570,1052,684
0.07201207216583635,0.9866666666666667,0.9813333333333333,185.46636860218442,0.35014272121788775,0.4230769230769231,0.7022051282051281,0.9112145538744847,368,7,330,569,1051,683
0.07202096309618203,0.9866666666666667,0.9813333333333333,185.14041716351628,0.3504761904761905,0.4230769230769231,0.7022051282051281,0.9113395226322953,368,7,330,568,1050,682
0.07229703162185269,0.9866666666666667,0.9813333333333333,185.14041716351628,0.3508102955195424,0.4230769230769231,0.7022051282051281,0.9114644913901058,368,7,330,568,1049,681
0.0724125417482709,0.9866666666666667,0.9813333333333333,184.8144657248481,0.3511450381679389,0.42482517482517484,0.7030792540792541,0.9115894601479164,368,7,329,567,1048,680
0.07256353772924633,0.9866666666666667,0.9813333333333333,184.48851428617994,0.35148042024832854,0.42657342657342656,0.7039533799533799,0.9117144289057268,368,7,328,566,1047,679
0.07278192360592625,0.9866666666666667,0.9813333333333333,184.16256284751177,0.35181644359464626,0.42657342657342656,0.7039533799533799,0.9118393976635375,368,7,328,565,1046,678
0.07304140468346701,0.9866666666666667,0.9813333333333333,183.83661140884362,0.3521531100478469,0.42657342657342656,0.7039533799533799,0.911964366421348,368,7,328,564,1045,677
0.07309169901373566,0.9866666666666667,0.9813333333333333,183.83661140884362,0.3524904214559387,0.42657342657342656,0.7039533799533799,0.9120893351791586,368,7,328,564,1044,676
0.07313075503377124,0.9866666666666667,0.9813333333333333,183.51065997017545,0.35282837967401726,0.42657342657342656,0.7039533799533799,0.9122143039369691,368,7,328,563,1043,675
0.07320583991764147,0.9866666666666667,0.9813333333333333,183.18470853150728,0.3531669865642994,0.42657342657342656,0.7039533799533799,0.9123392726947797,368,7,328,562,1042,674
0.07336031932042945,0.9866666666666667,0.9813333333333333,183.18470853150728,0.35350624399615754,0.42657342657342656,0.7039533799533799,0.9124642414525902,368,7,328,562,1041,673
0.07340247319403687,0.9866666666666667,0.9813333333333333,183.18470853150728,0.35384615384615387,0.42657342657342656,0.7039533799533799,0.9125892102104007,368,7,328,562,1040,672
0.07341304818786076,0.9866666666666667,0.9813333333333333,182.8587570928391,0.35418671799807505,0.42657342657342656,0.7039533799533799,0.9127141789682113,368,7,328,561,1039,671
0.07354899298038457,0.9866666666666667,0.9813333333333333,182.53280565417097,0.35452793834296725,0.42657342657342656,0.7039533799533799,0.9128391477260218,368,7,328,560,1038,670
0.07433914393976022,0.9866666666666667,0.9813333333333333,182.2068542155028,0.3548698167791707,0.42657342657342656,0.7039533799533799,0.9129641164838325,368,7,328,559,1037,669
0.074362230326338,0.9866666666666667,0.9813333333333333,182.2068542155028,0.3552123552123552,0.42657342657342656,0.7039533799533799,0.9130890852416429,368,7,328,559,1036,668
0.07447645723246359,0.9866666666666667,0.9813333333333333,181.88090277683463,0.35555555555555557,0.42657342657342656,0.7039533799533799,0.9132140539994535,368,7,328,558,1035,667
0.07451533469410321,0.9866666666666667,0.9813333333333333,181.55495133816646,0.35589941972920697,0.42657342657342656,0.7039533799533799,0.913339022757264,368,7,328,557,1034,666
0.07474198370139146,0.9866666666666667,0.9813333333333333,181.55495133816646,0.356243949661181,0.42657342657342656,0.7039533799533799,0.9134639915150746,368,7,328,557,1033,665
0.07485634051754143,0.9866666666666667,0.9813333333333333,181.22899989949832,0.35658914728682173,0.42657342657342656,0.7039533799533799,0.913588960272885,368,7,328,556,1032,664
0.07517083660203326,0.9866666666666667,0.9813333333333333,181.22899989949832,0.3569350145489816,0.42657342657342656,0.7039533799533799,0.9137139290306957,368,7,328,556,1031,663
0.07517525966842126,0.9866666666666667,0.9813333333333333,180.90304846083015,0.3572815533980582,0.42832167832167833,0.7048275058275058,0.9138388977885062,368,7,327,555,1030,662
0.07520276318373167,0.9866666666666667,0.9813333333333333,180.57709702216198,0.3576287657920311,0.42832167832167833,0.7048275058275058,0.9139638665463168,368,7,327,554,1029,661
0.07533408367109289,0.9866666666666667,0.9813333333333333,180.25114558349384,0.35797665369649806,0.42832167832167833,0.7048275058275058,0.9140888353041273,368,7,327,553,1028,660
0.07553065169473912,0.9866666666666667,0.9813333333333333,179.92519414482567,0.35832521908471276,0.42832167832167833,0.7048275058275058,0.9142138040619379,368,7,327,552,1027,659
0.07574715409247533,0.9866666666666667,0.9813333333333333,179.5992427061575,0.3586744639376218,0.43006993006993005,0.7057016317016317,0.9143387728197484,368,7,326,551,1026,658
0.0760268068563526,0.9866666666666667,0.9813333333333333,179.5992427061575,0.3590243902439024,0.43006993006993005,0.7057016317016317,0.9144637415775589,368,7,326,551,1025,657
0.07611904459762492,0.9866666666666667,0.9813333333333333,179.27329126748933,0.359375,0.4318181818181818,0.7065757575757575,0.9145887103353695,368,7,325,550,1024,656
0.0763940708766855,0.9866666666666667,0.9813333333333333,178.94733982882119,0.3597262952101662,0.4318181818181818,0.7065757575757575,0.91471367909318,368,7,325,549,1023,655
0.07652678763767319,0.9866666666666667,0.9813333333333333,178.62138839015302,0.36007827788649704,0.43356643356643354,0.7074498834498835,0.9148386478509907,368,7,324,548,1022,654
0.07713531399205563,0.9866666666666667,0.9813333333333333,178.62138839015302,0.3604309500489716,0.43356643356643354,0.7074498834498835,0.9149636166088011,368,7,324,548,1021,653
0.07726719749493055,0.9866666666666667,0.9813333333333333,178.29543695148485,0.3607843137254902,0.43356643356643354,0.7074498834498835,0.9150885853666118,368,7,324,547,1020,652
0.0773024640665919,0.9866666666666667,0.9813333333333333,177.96948551281668,0.36113837095191365,0.4353146853146853,0.7083240093240093,0.9152135541244222,368,7,323,546,1019,651
0.0774599926878223,0.9866666666666667,0.9813333333333333,177.64353407414853,0.3614931237721022,0.4370629370629371,0.7091981351981351,0.9153385228822328,368,7,322,545,1018,650
0.0774736989929077,0.9866666666666667,0.9813333333333333,177.31758263548036,0.36184857423795475,0.4388111888111888,0.7100722610722611,0.9154634916400433,368,7,321,544,1017,649
0.07785400601822792,0.9866666666666667,0.9813333333333333,176.9916311968122,0.36220472440944884,0.4388111888111888,0.7100722610722611,0.9155884603978539,368,7,321,543,1016,648
0.07794791542043997,0.9866666666666667,0.9813333333333333,176.66567975814405,0.3625615763546798,0.4388111888111888,0.7100722610722611,0.9157134291556644,368,7,321,542,1015,647
0.07802473143961859,0.9866666666666667,0.9813333333333333,176.33972831947588,0.3629191321499014,0.4388111888111888,0.7100722610722611,0.915838397913475,368,7,321,541,1014,646
0.07806461058495315,0.9866666666666667,0.9813333333333333,176.33972831947588,0.36327739387956565,0.4388111888111888,0.7100722610722611,0.9159633666712855,368,7,321,541,1013,645
0.07815293494971585,0.9866666666666667,0.9813333333333333,176.0137768808077,0.36363636363636365,0.4388111888111888,0.7100722610722611,0.9160883354290961,368,7,321,540,1012,644
0.07816014841580658,0.9866666666666667,0.9813333333333333,175.68782544213954,0.3639960435212661,0.4405594405594406,0.7109463869463869,0.9162133041869066,368,7,320,539,1011,643
0.07843675373054866,0.9866666666666667,0.9813333333333333,175.68782544213954,0.36435643564356435,0.4405594405594406,0.7109463869463869,0.9163382729447171,368,7,320,539,1010,642
0.07861147914124637,0.9866666666666667,0.9813333333333333,175.3618740034714,0.3647175421209118,0.4405594405594406,0.7109463869463869,0.9164632417025278,368,7,320,538,1009,641
0.07882052376835254,0.9866666666666667,0.9813333333333333,175.3618740034714,0.36507936507936506,0.4405594405594406,0.7109463869463869,0.9165882104603382,368,7,320,538,1008,640
0.07887598876909079,0.9866666666666667,0.9813333333333333,175.03592256480323,0.365441906653426,0.4423076923076923,0.7118205128205128,0.9167131792181489,368,7,319,537,1007,639
0.0789631892110767,0.9866666666666667,0.9813333333333333,174.70997112613506,0.3658051689860835,0.44405594405594406,0.7126946386946387,0.9168381479759593,368,7,318,536,1006,638
0.07896358401719035,0.9866666666666667,0.9813333333333333,174.70997112613506,0.3661691542288557,0.44405594405594406,0.7126946386946387,0.91696311673377,368,7,318,536,1005,637
0.0790132037132418,0.9866666666666667,0.9813333333333333,174.3840196874669,0.3665338645418327,0.44405594405594406,0.7126946386946387,0.9170880854915804,368,7,318,535,1004,636
0.07905793168365485,0.9866666666666667,0.9813333333333333,174.05806824879875,0.36689930209371885,0.4458041958041958,0.7135687645687645,0.917213054249391,368,7,317,534,1003,635
0.07949369520064363,0.9866666666666667,0.9813333333333333,173.73211681013058,0.36726546906187624,0.4458041958041958,0.7135687645687645,0.9173380230072016,368,7,317,533,1002,634
0.07959043800788797,0.9866666666666667,0.9813333333333333,173.4061653714624,0.3676323676323676,0.4458041958041958,0.7135687645687645,0.9174629917650121,368,7,317,532,1001,633
0.07962332460140194,0.9866666666666667,0.9813333333333333,173.08021393279427,0.368,0.4458041958041958,0.7135687645687645,0.9175879605228227,368,7,317,531,1000,632
0.08002667822613113,0.9866666666666667,0.9813333333333333,173.08021393279427,0.3683683683683684,0.4458041958041958,0.7135687645687645,0.9177129292806332,368,7,317,531,999,631
0.08024836473496283,0.9866666666666667,0.9813333333333333,172.7542624941261,0.3687374749498998,0.44755244755244755,0.7144428904428904,0.9178378980384437,368,7,316,530,998,630
0.08053128167720394,0.9866666666666667,0.9813333333333333,172.42831105545793,0.3691073219658977,0.4493006993006993,0.7153170163170163,0.9179628667962543,368,7,315,529,997,629
0.08059121791889794,0.9866666666666667,0.9813333333333333,172.10235961678976,0.36947791164658633,0.4493006993006993,0.7153170163170163,0.9180878355540648,368,7,315,528,996,628
0.08060115294307632,0.9866666666666667,0.9813333333333333,171.7764081781216,0.3698492462311558,0.45104895104895104,0.7161911421911422,0.9182128043118754,368,7,314,527,995,627
0.08068784773668257,0.9866666666666667,0.9813333333333333,171.45045673945344,0.3702213279678068,0.45104895104895104,0.7161911421911422,0.918337773069686,368,7,314,526,994,626
0.0806995034653101,0.9866666666666667,0.9813333333333333,171.12450530078527,0.37059415911379656,0.45104895104895104,0.7161911421911422,0.9184627418274964,368,7,314,525,993,625
0.08091110977368522,0.9866666666666667,0.9813333333333333,171.12450530078527,0.3709677419354839,0.45104895104895104,0.7161911421911422,0.9185877105853071,368,7,314,525,992,624
0.08104825430199467,0.9866666666666667,0.9813333333333333,170.7985538621171,0.3713420787083754,0.45104895104895104,0.7161911421911422,0.9187126793431175,368,7,314,524,991,623
0.08120167014863255,0.9866666666666667,0.9813333333333333,170.7985538621171,0.3717171717171717,0.45104895104895104,0.7161911421911422,0.9188376481009282,368,7,314,524,990,622
0.0813899377901695,0.9866666666666667,0.9813333333333333,170.47260242344896,0.37209302325581395,0.45104895104895104,0.7161911421911422,0.9189626168587386,368,7,314,523,989,621
0.08140154414857274,0.9866666666666667,0.9813333333333333,170.1466509847808,0.3724696356275304,0.45104895104895104,0.7161911421911422,0.9190875856165492,368,7,314,522,988,620
0.08164783978364797,0.9866666666666667,0.9813333333333333,169.82069954611262,0.3728470111448835,0.45104895104895104,0.7161911421911422,0.9192125543743598,368,7,314,521,987,619
0.0817314214221687,0.9866666666666667,0.9813333333333333,169.49474810744445,0.37322515212981744,0.4527972027972028,0.717065268065268,0.9193375231321703,368,7,313,520,986,618
0.08183506037021794,0.9866666666666667,0.9813333333333333,169.1687966687763,0.37360406091370557,0.45454545454545453,0.7179393939393939,0.9194624918899809,368,7,312,519,985,617
0.08186312369315954,0.9866666666666667,0.9813333333333333,168.84284523010814,0.37398373983739835,0.4562937062937063,0.7188135198135198,0.9195874606477914,368,7,311,518,984,616
0.08192386706311731,0.9866666666666667,0.9813333333333333,168.51689379143997,0.3743641912512716,0.4562937062937063,0.7188135198135198,0.9197124294056019,368,7,311,517,983,615
0.08193497937428197,0.9866666666666667,0.9813333333333333,168.19094235277183,0.37474541751527496,0.4562937062937063,0.7188135198135198,0.9198373981634125,368,7,311,516,982,614
0.08253840805417209,0.9866666666666667,0.9813333333333333,167.86499091410366,0.3751274209989806,0.4562937062937063,0.7188135198135198,0.919962366921223,368,7,311,515,981,613
0.0826566367386205,0.9866666666666667,0.9813333333333333,167.86499091410366,0.37551020408163266,0.4562937062937063,0.7188135198135198,0.9200873356790336,368,7,311,515,980,612
0.08285855467401025,0.9866666666666667,0.9813333333333333,167.86499091410366,0.37589376915219613,0.4562937062937063,0.7188135198135198,0.9202123044368442,368,7,311,515,979,611
0.08292574958213565,0.9866666666666667,0.9813333333333333,167.5390394754355,0.37627811860940696,0.458041958041958,0.7196876456876456,0.9203372731946546,368,7,310,514,978,610
0.08298710286339167,0.9866666666666667,0.9813333333333333,167.5390394754355,0.3766632548618219,0.458041958041958,0.7196876456876456,0.9204622419524653,368,7,310,514,977,609
0.08302911313258353,0.9866666666666667,0.9813333333333333,167.5390394754355,0.3770491803278688,0.458041958041958,0.7196876456876456,0.9205872107102757,368,7,310,514,976,608
0.08305389305344071,0.9866666666666667,0.9813333333333333,167.21308803676732,0.37743589743589745,0.4597902097902098,0.7205617715617716,0.9207121794680864,368,7,309,513,975,607
0.0831044878471695,0.9866666666666667,0.9813333333333333,166.88713659809918,0.37782340862423,0.46153846153846156,0.7214358974358974,0.9208371482258968,368,7,308,512,974,606
0.08316227176375648,0.9866666666666667,0.9813333333333333,166.561185159431,0.37821171634121276,0.46153846153846156,0.7214358974358974,0.9209621169837074,368,7,308,511,973,605
0.08329568585907202,0.9866666666666667,0.9813333333333333,166.23523372076284,0.3786008230452675,0.4632867132867133,0.7223100233100233,0.921087085741518,368,7,307,510,972,604
0.08334990975365252,0.9866666666666667,0.9813333333333333,166.23523372076284,0.37899073120494337,0.4632867132867133,0.7223100233100233,0.9212120544993285,368,7,307,510,971,603
0.08343811706635905,0.9866666666666667,0.9813333333333333,165.90928228209467,0.37938144329896906,0.4632867132867133,0.7223100233100233,0.9213370232571391,368,7,307,509,970,602
0.08391056817507692,0.9866666666666667,0.9813333333333333,165.58333084342652,0.3797729618163055,0.4632867132867133,0.7223100233100233,0.9214619920149496,368,7,307,508,969,601
0.0839362856941087,0.9866666666666667,0.9813333333333333,165.25737940475835,0.38016528925619836,0.46503496503496505,0.7231841491841492,0.9215869607727601,368,7,306,507,968,600
0.08397985032653595,0.9866666666666667,0.9813333333333333,164.93142796609018,0.38055842812823165,0.46503496503496505,0.7231841491841492,0.9217119295305707,368,7,306,506,967,599
0.08400409582322955,0.9866666666666667,0.9813333333333333,164.60547652742204,0.38095238095238093,0.46678321678321677,0.724058275058275,0.9218368982883813,368,7,305,505,966,598
0.08406807728156758,0.9866666666666667,0.9813333333333333,164.27952508875387,0.38134715025906735,0.46678321678321677,0.724058275058275,0.9219618670461918,368,7,305,504,965,597
0.08413792896400828,0.9866666666666667,0.9813333333333333,163.9535736500857,0.3817427385892116,0.46678321678321677,0.724058275058275,0.9220868358040024,368,7,305,503,964,596
0.08439845569048879,0.9866666666666667,0.9813333333333333,163.62762221141753,0.3821391484942887,0.46678321678321677,0.724058275058275,0.9222118045618128,368,7,305,502,963,595
0.08452174182040192,0.9866666666666667,0.9813333333333333,163.62762221141753,0.38253638253638256,0.46678321678321677,0.724058275058275,0.9223367733196235,368,7,305,502,962,594
0.08484545809636113,0.9866666666666667,0.9813333333333333,163.3016707727494,0.3829344432882414,0.46853146853146854,0.724932400932401,0.9224617420774339,368,7,304,501,961,593
0.08509034343022251,0.9866666666666667,0.9813333333333333,162.97571933408122,0.38333333333333336,0.46853146853146854,0.724932400932401,0.9225867108352446,368,7,304,500,960,592
0.0851246871155065,0.9866666666666667,0.9813333333333333,162.97571933408122,0.38373305526590196,0.46853146853146854,0.724932400932401,0.9227116795930551,368,7,304,500,959,591
0.08546575181894457,0.9866666666666667,0.9813333333333333,162.64976789541305,0.38413361169102295,0.47027972027972026,0.7258065268065268,0.9228366483508657,368,7,303,499,958,590
0.08551372781902702,0.9866666666666667,0.9813333333333333,162.32381645674488,0.3845350052246604,0.47027972027972026,0.7258065268065268,0.9229616171086762,368,7,303,498,957,589
0.08565457768318932,0.9866666666666667,0.9813333333333333,161.99786501807674,0.38493723849372385,0.47202797202797203,0.7266806526806526,0.9230865858664867,368,7,302,497,956,588
0.08573785577218088,0.9866666666666667,0.9813333333333333,161.67191357940857,0.38534031413612563,0.47202797202797203,0.7266806526806526,0.9232115546242973,368,7,302,496,955,587
0.08593887121312509,0.9866666666666667,0.9813333333333333,161.67191357940857,0.3857442348008386,0.47202797202797203,0.7266806526806526,0.9233365233821078,368,7,302,496,954,586
0.08595763564193265,0.9866666666666667,0.9813333333333333,161.67191357940857,0.3861490031479538,0.47202797202797203,0.7266806526806526,0.922041186594543,368,7,302,496,953,585
0.08634811452819594,0.9866666666666667,0.9813333333333333,161.3459621407404,0.3865546218487395,0.47202797202797203,0.7266806526806526,0.9221661553523536,368,7,302,495,952,584
0.08648786798601218,0.9866666666666667,0.9813333333333333,161.02001070207226,0.38696109358569925,0.47202797202797203,0.7266806526806526,0.9222911241101641,368,7,302,494,951,583
0.0866618690331125,0.9866666666666667,0.9813333333333333,160.69405926340409,0.3873684210526316,0.4737762237762238,0.7275547785547786,0.9224160928679748,368,7,301,493,950,582
0.08670324203332608,0.9866666666666667,0.9813333333333333,160.69405926340409,0.38777660695468913,0.4737762237762238,0.7275547785547786,0.9225410616257852,368,7,301,493,949,581
0.0869698549281639,0.9866666666666667,0.9813333333333333,160.69405926340409,0.3881856540084388,0.4737762237762238,0.7275547785547786,0.9226660303835958,368,7,301,493,948,580
0.08810870835423334,0.9866666666666667,0.9813333333333333,160.36810782473592,0.3885955649419219,0.4737762237762238,0.7275547785547786,0.9227909991414063,368,7,301,492,947,579
0.08815102389517727,0.9866666666666667,0.9813333333333333,160.04215638606775,0.3890063424947146,0.4737762237762238,0.7275547785547786,0.9229159678992169,368,7,301,491,946,578
0.08819226335305351,0.9866666666666667,0.9813333333333333,159.7162049473996,0.38941798941798944,0.4755244755244755,0.7284289044289044,0.9230409366570274,368,7,300,490,945,577
0.08839362207310301,0.9866666666666667,0.9813333333333333,159.39025350873143,0.3898305084745763,0.4755244755244755,0.7284289044289044,0.923165905414838,368,7,300,489,944,576
0.08842053539138914,0.9866666666666667,0.9813333333333333,159.06430207006326,0.3902439024390244,0.4755244755244755,0.7284289044289044,0.9232908741726485,368,7,300,488,943,575
0.0885552964560943,0.9866666666666667,0.9813333333333333,158.7383506313951,0.39065817409766457,0.4755244755244755,0.7284289044289044,0.9234158429304591,368,7,300,487,942,574
0.0886399197159296,0.9866666666666667,0.9813333333333333,158.41239919272695,0.39107332624867164,0.4755244755244755,0.7284289044289044,0.9235408116882696,368,7,300,486,941,573
0.08882531464359968,0.9866666666666667,0.9813333333333333,158.08644775405878,0.39148936170212767,0.4755244755244755,0.7284289044289044,0.9236657804460802,368,7,300,485,940,572
0.08883792133225929,0.9866666666666667,0.9813333333333333,157.7604963153906,0.3919062832800852,0.4772727272727273,0.7293030303030303,0.9237907492038907,368,7,299,484,939,571
0.08885157929059774,0.9866666666666667,0.9813333333333333,157.43454487672244,0.39232409381663114,0.4772727272727273,0.7293030303030303,0.9239157179617012,368,7,299,483,938,570
0.08888602931861372,0.9866666666666667,0.9813333333333333,157.1085934380543,0.3927427961579509,0.4772727272727273,0.7293030303030303,0.9240406867195118,368,7,299,482,937,569
0.0889690081354933,0.9866666666666667,0.9813333333333333,156.78264199938613,0.39316239316239315,0.479020979020979,0.7301771561771562,0.9241656554773223,368,7,298,481,936,568
0.08901296374205661,0.9866666666666667,0.9813333333333333,156.45669056071796,0.39358288770053473,0.4807692307692308,0.731051282051282,0.924290624235133,368,7,297,480,935,567
0.08945199299040689,0.9866666666666667,0.9813333333333333,156.13073912204982,0.39400428265524623,0.4825174825174825,0.7319254079254078,0.9244155929929434,368,7,296,479,934,566
0.08965325027260976,0.9866666666666667,0.9813333333333333,155.80478768338165,0.39442658092175775,0.4825174825174825,0.7319254079254078,0.924540561750754,368,7,296,478,933,565
0.08971915546634422,0.9866666666666667,0.9813333333333333,155.47883624471348,0.3948497854077253,0.48426573426573427,0.7327995337995338,0.9246655305085645,368,7,295,477,932,564
0.08974167286758926,0.9866666666666667,0.9813333333333333,155.1528848060453,0.3952738990332975,0.48426573426573427,0.7327995337995338,0.9247904992663751,368,7,295,476,931,563
0.09001542193337136,0.9866666666666667,0.9813333333333333,154.82693336737717,0.3956989247311828,0.48426573426573427,0.7327995337995338,0.9249154680241856,368,7,295,475,930,562
0.09040715308458605,0.9866666666666667,0.9813333333333333,154.500981928709,0.3961248654467169,0.48426573426573427,0.7327995337995338,0.9250404367819962,368,7,295,474,929,561
0.0907524429267158,0.9866666666666667,0.9813333333333333,154.17503049004083,0.39655172413793105,0.486013986013986,0.7336736596736596,0.9251654055398068,368,7,294,473,928,560
0.09089883064717849,0.9866666666666667,0.9813333333333333,153.84907905137266,0.3969795037756203,0.48776223776223776,0.7345477855477855,0.9252903742976173,368,7,293,472,927,559
0.09113415415762031,0.9866666666666667,0.9813333333333333,153.5231276127045,0.39740820734341253,0.48776223776223776,0.7345477855477855,0.9254153430554278,368,7,293,471,926,558
0.09115461719145075,0.9866666666666667,0.9813333333333333,153.19717617403634,0.3978378378378378,0.48776223776223776,0.7345477855477855,0.9255403118132384,368,7,293,470,925,557
0.09121457848644138,0.9866666666666667,0.9813333333333333,152.87122473536817,0.39826839826839827,0.48951048951048953,0.7354219114219114,0.9256652805710489,368,7,292,469,924,556
0.09180685952785256,0.9866666666666667,0.9813333333333333,152.54527329670003,0.39869989165763814,0.48951048951048953,0.7354219114219114,0.9257902493288594,368,7,292,468,923,555
0.09224682402066328,0.9866666666666667,0.9813333333333333,152.21932185803186,0.39913232104121477,0.49125874125874125,0.7362960372960372,0.9259152180866701,368,7,291,467,922,554
0.0929730477025746,0.9866666666666667,0.9813333333333333,151.8933704193637,0.3995656894679696,0.49125874125874125,0.7362960372960372,0.9260401868444805,368,7,291,466,921,553
0.09324050754159303,0.9866666666666667,0.9813333333333333,151.8933704193637,0.4,0.49125874125874125,0.7362960372960372,0.9261651556022912,368,7,291,466,920,552
0.09328765060511865,0.9866666666666667,0.9813333333333333,151.56741898069552,0.40043525571273125,0.49125874125874125,0.7362960372960372,0.9262901243601016,368,7,291,465,919,551
0.09347749766094217,0.9866666666666667,0.9813333333333333,151.56741898069552,0.4008714596949891,0.49125874125874125,0.7362960372960372,0.9264150931179123,368,7,291,465,918,550
0.09383821594980712,0.9866666666666667,0.9813333333333333,151.24146754202738,0.40130861504907306,0.49125874125874125,0.7362960372960372,0.9265400618757227,368,7,291,464,917,549
0.0939148737227163,0.9866666666666667,0.9813333333333333,150.9155161033592,0.4017467248908297,0.49125874125874125,0.7362960372960372,0.9266650306335333,368,7,291,463,916,548
0.09397783020728641,0.9866666666666667,0.9813333333333333,150.58956466469104,0.4021857923497268,0.493006993006993,0.7371701631701632,0.9267899993913439,368,7,290,462,915,547
0.09425934285238492,0.9866666666666667,0.9813333333333333,150.26361322602287,0.4026258205689278,0.49475524475524474,0.738044289044289,0.9269149681491544,368,7,289,461,914,546
0.0943042771722844,0.9866666666666667,0.9813333333333333,149.93766178735473,0.40306681270536693,0.49475524475524474,0.738044289044289,0.927039936906965,368,7,289,460,913,545
0.09465055908151913,0.9866666666666667,0.9813333333333333,149.61171034868656,0.40350877192982454,0.49475524475524474,0.738044289044289,0.9271649056647755,368,7,289,459,912,544
0.09477672679235975,0.9866666666666667,0.9813333333333333,149.2857589100184,0.4039517014270033,0.49475524475524474,0.738044289044289,0.927289874422586,368,7,289,458,911,543
0.09486050553728485,0.9866666666666667,0.9813333333333333,148.95980747135025,0.4043956043956044,0.49475524475524474,0.738044289044289,0.9274148431803966,368,7,289,457,910,542
0.09525680435343006,0.9866666666666667,0.9813333333333333,148.63385603268208,0.40484048404840484,0.4965034965034965,0.7389184149184149,0.9275398119382071,368,7,288,456,909,541
0.09526351503140762,0.9866666666666667,0.9813333333333333,148.3079045940139,0.4052863436123348,0.4982517482517482,0.7397925407925408,0.9276647806960177,368,7,287,455,908,540
0.09529331021514081,0.9866666666666667,0.9813333333333333,147.98195315534574,0.40573318632855565,0.4982517482517482,0.7397925407925408,0.9277897494538283,368,7,287,454,907,539
0.09545282560572779,0.9866666666666667,0.9813333333333333,147.6560017166776,0.40618101545253865,0.4982517482517482,0.7397925407925408,0.9279147182116387,368,7,287,453,906,538
0.09554677503361497,0.9866666666666667,0.9813333333333333,147.33005027800942,0.4066298342541437,0.5,0.7406666666666666,0.9280396869694494,368,7,286,452,905,537
0.0956865313139129,0.9866666666666667,0.9813333333333333,147.00409883934125,0.40707964601769914,0.5,0.7406666666666666,0.9281646557272598,368,7,286,451,904,536
0.09574884928573138,0.9866666666666667,0.9813333333333333,146.67814740067308,0.40753045404208194,0.5,0.7406666666666666,0.9282896244850705,368,7,286,450,903,535
0.09601339785830336,0.9866666666666667,0.9813333333333333,146.35219596200494,0.4079822616407982,0.5,0.7406666666666666,0.9284145932428809,368,7,286,449,902,534
0.09607208286454803,0.9866666666666667,0.9813333333333333,146.02624452333677,0.40843507214206437,0.5,0.7406666666666666,0.9285395620006915,368,7,286,448,901,533
0.09614586596396303,0.9866666666666667,0.9813333333333333,145.7002930846686,0.4088888888888889,0.5,0.7406666666666666,0.9286645307585021,368,7,286,447,900,532
0.0966028622513838,0.9866666666666667,0.9813333333333333,145.37434164600043,0.40934371523915464,0.5,0.7406666666666666,0.9287894995163126,368,7,286,446,899,531
0.0966689436584393,0.9866666666666667,0.9813333333333333,145.37434164600043,0.40979955456570155,0.5,0.7406666666666666,0.9289144682741232,368,7,286,446,898,530
0.09691392308459303,0.9866666666666667,0.9813333333333333,145.0483902073323,0.41025641025641024,0.5017482517482518,0.7415407925407925,0.9290394370319337,368,7,285,445,897,529
0.09691951216078863,0.9866666666666667,0.9813333333333333,144.72243876866412,0.4107142857142857,0.5017482517482518,0.7415407925407925,0.9291644057897442,368,7,285,444,896,528
0.09723057983318122,0.9866666666666667,0.9813333333333333,144.39648732999595,0.4111731843575419,0.5034965034965035,0.7424149184149185,0.9292893745475548,368,7,284,443,895,527
0.09730034572999142,0.9866666666666667,0.9813333333333333,144.0705358913278,0.4116331096196868,0.5034965034965035,0.7424149184149185,0.9294143433053653,368,7,284,442,894,526
0.09744803693571225,0.9866666666666667,0.9813333333333333,143.74458445265964,0.41209406494960804,0.5034965034965035,0.7424149184149185,0.9295393120631759,368,7,284,441,893,525
0.0977221901582673,0.9866666666666667,0.9813333333333333,143.41863301399147,0.4125560538116592,0.5034965034965035,0.7424149184149185,0.9296642808209865,368,7,284,440,892,524
0.09809693511799605,0.9866666666666667,0.9813333333333333,143.41863301399147,0.41301907968574636,0.5034965034965035,0.7424149184149185,0.9297892495787969,368,7,284,440,891,523
0.0981050004741793,0.9866666666666667,0.9813333333333333,143.0926815753233,0.4134831460674157,0.5052447552447552,0.7432890442890443,0.9299142183366076,368,7,283,439,890,522
0.09846702350661872,0.9866666666666667,0.9813333333333333,143.0926815753233,0.41394825646794153,0.5052447552447552,0.7432890442890443,0.930039187094418,368,7,283,439,889,521
0.0984742828203028,0.9866666666666667,0.9813333333333333,142.76673013665516,0.4144144144144144,0.5052447552447552,0.7432890442890443,0.9301641558522287,368,7,283,438,888,520
0.0986510428428938,0.9866666666666667,0.9813333333333333,142.76673013665516,0.41488162344983087,0.5052447552447552,0.7432890442890443,0.9302891246100391,368,7,283,438,887,519
0.0987216151944383,0.9866666666666667,0.9813333333333333,142.44077869798699,0.4153498871331828,0.5052447552447552,0.7432890442890443,0.9304140933678497,368,7,283,437,886,518
0.09904493080370881,0.9866666666666667,0.9813333333333333,142.11482725931882,0.415819209039548,0.5052447552447552,0.7432890442890443,0.9305390621256603,368,7,283,436,885,517
0.09930156538399726,0.9866666666666667,0.9813333333333333,142.11482725931882,0.416289592760181,0.5052447552447552,0.7432890442890443,0.9306640308834708,368,7,283,436,884,516
0.0994378991306972,0.9866666666666667,0.9813333333333333,141.78887582065065,0.41676104190260477,0.5052447552447552,0.7432890442890443,0.9307889996412814,368,7,283,435,883,515
0.09951608594419692,0.9866666666666667,0.9813333333333333,141.4629243819825,0.41723356009070295,0.5052447552447552,0.7432890442890443,0.9309139683990919,368,7,283,434,882,514
0.09975380744690393,0.9866666666666667,0.9813333333333333,141.13697294331433,0.4177071509648127,0.506993006993007,0.7441631701631701,0.9310389371569024,368,7,282,433,881,513
0.09987752306071453,0.9866666666666667,0.9813333333333333,140.81102150464616,0.41818181818181815,0.506993006993007,0.7441631701631701,0.931163905914713,368,7,282,432,880,512
0.10004666309892873,0.9866666666666667,0.9813333333333333,140.81102150464616,0.41865756541524457,0.506993006993007,0.7441631701631701,0.9312888746725236,368,7,282,432,879,511
0.10007756910321192,0.9866666666666667,0.9813333333333333,140.48507006597802,0.4191343963553531,0.5087412587412588,0.745037296037296,0.9314138434303341,368,7,281,431,878,510
0.10039592715614737,0.9866666666666667,0.9813333333333333,140.48507006597802,0.41961231470923605,0.5087412587412588,0.745037296037296,0.9315388121881447,368,7,281,431,877,509
0.10046166699610809,0.9866666666666667,0.9813333333333333,140.15911862730985,0.4200913242009132,0.5087412587412588,0.745037296037296,0.9316637809459551,368,7,281,430,876,508
0.10066336813024129,0.9866666666666667,0.9813333333333333,139.83316718864168,0.4205714285714286,0.5087412587412588,0.745037296037296,0.9317887497037658,368,7,281,429,875,507
0.10085942171697677,0.9866666666666667,0.9813333333333333,139.5072157499735,0.42105263157894735,0.5104895104895105,0.7459114219114219,0.9319137184615762,368,7,280,428,874,506
0.10113453387035204,0.9866666666666667,0.9813333333333333,139.18126431130537,0.4215349369988545,0.5122377622377622,0.7467855477855477,0.9320386872193869,368,7,279,427,873,505
0.10128455154916968,0.9866666666666667,0.9813333333333333,138.8553128726372,0.42201834862385323,0.5122377622377622,0.7467855477855477,0.9321636559771974,368,7,279,426,872,504
0.10188616211810884,0.9866666666666667,0.9813333333333333,138.52936143396903,0.4225028702640643,0.513986013986014,0.7476596736596737,0.932288624735008,368,7,278,425,871,503
0.10189459055074447,0.9866666666666667,0.9813333333333333,138.20340999530086,0.42298850574712643,0.5157342657342657,0.7485337995337995,0.9324135934928185,368,7,277,424,870,502
0.10192801262723665,0.9866666666666667,0.9813333333333333,138.20340999530086,0.4234752589182969,0.5157342657342657,0.7485337995337995,0.932538562250629,368,7,277,424,869,501
0.10205812611597558,0.9866666666666667,0.9813333333333333,137.87745855663272,0.423963133640553,0.5174825174825175,0.7494079254079253,0.9326635310084396,368,7,276,423,868,500
0.10242112997779186,0.9866666666666667,0.9813333333333333,137.87745855663272,0.4244521337946944,0.5174825174825175,0.7494079254079253,0.9327884997662501,368,7,276,423,867,499
0.10248783405889113,0.9866666666666667,0.9813333333333333,137.55150711796455,0.42494226327944573,0.5192307692307693,0.7502820512820513,0.9329134685240607,368,7,275,422,866,498
0.10314303033722601,0.9866666666666667,0.9813333333333333,137.22555567929638,0.4254335260115607,0.5192307692307693,0.7502820512820513,0.9330384372818712,368,7,275,421,865,497
0.10316901263579266,0.9866666666666667,0.9813333333333333,136.89960424062824,0.42592592592592593,0.5209790209790209,0.7511561771561771,0.9331634060396818,368,7,274,420,864,496
0.10321461653106312,0.9866666666666667,0.9813333333333333,136.57365280196007,0.4264194669756663,0.5209790209790209,0.7511561771561771,0.9332883747974923,368,7,274,419,863,495
0.10338601665861907,0.9866666666666667,0.9813333333333333,136.2477013632919,0.42691415313225056,0.5209790209790209,0.7511561771561771,0.9334133435553029,368,7,274,418,862,494
0.10396572592897568,0.9866666666666667,0.9813333333333333,135.92174992462373,0.4274099883855981,0.5209790209790209,0.7511561771561771,0.9335383123131133,368,7,274,417,861,493
0.104047003173686,0.9866666666666667,0.9813333333333333,135.59579848595558,0.42790697674418604,0.5209790209790209,0.7511561771561771,0.933663281070924,368,7,274,416,860,492
0.10407228424158248,0.9866666666666667,0.9813333333333333,135.59579848595558,0.42840512223515714,0.5209790209790209,0.7511561771561771,0.9337882498287344,368,7,274,416,859,491
0.1041362423996071,0.9866666666666667,0.9813333333333333,135.2698470472874,0.4289044289044289,0.5209790209790209,0.7511561771561771,0.9339132185865451,368,7,274,415,858,490
0.10435447884349681,0.9866666666666667,0.9813333333333333,134.94389560861924,0.4294049008168028,0.5227272727272727,0.752030303030303,0.9340381873443556,368,7,273,414,857,489
0.10464088428350748,0.9866666666666667,0.9813333333333333,134.61794416995107,0.42990654205607476,0.5227272727272727,0.752030303030303,0.9341631561021662,368,7,273,413,856,488
0.10506193364479618,0.9866666666666667,0.9813333333333333,134.29199273128293,0.4304093567251462,0.5244755244755245,0.7529044289044289,0.9342881248599767,368,7,272,412,855,487
0.10543184727929009,0.9866666666666667,0.9813333333333333,133.96604129261476,0.4309133489461358,0.5244755244755245,0.7529044289044289,0.9344130936177872,368,7,272,411,854,486
0.10557972906479947,0.9866666666666667,0.9813333333333333,133.6400898539466,0.43141852286049237,0.5244755244755245,0.7529044289044289,0.9345380623755978,368,7,272,410,853,485
0.10572312224177433,0.9866666666666667,0.9813333333333333,133.31413841527842,0.431924882629108,0.5244755244755245,0.7529044289044289,0.9346630311334083,368,7,272,409,852,484
0.10575788971321812,0.9866666666666667,0.9813333333333333,132.98818697661028,0.43243243243243246,0.5244755244755245,0.7529044289044289,0.9347879998912189,368,7,272,408,851,483
0.10576691503888158,0.9866666666666667,0.9813333333333333,132.6622355379421,0.4329411764705882,0.5244755244755245,0.7529044289044289,0.9349129686490294,368,7,272,407,850,482
0.10587968715875913,0.9866666666666667,0.9813333333333333,132.6622355379421,0.4334511189634865,0.5244755244755245,0.7529044289044289,0.93503793740684,368,7,272,407,849,481
0.10618438064605938,0.9866666666666667,0.9813333333333333,132.6622355379421,0.4339622641509434,0.5244755244755245,0.7529044289044289,0.9351629061646505,368,7,272,407,848,480
0.10655994100056108,0.9866666666666667,0.9813333333333333,132.33628409927394,0.4344746162927981,0.5244755244755245,0.7529044289044289,0.9352878749224611,368,7,272,406,847,479
0.10671111957568312,0.9866666666666667,0.9813333333333333,132.0103326606058,0.43498817966903075,0.5244755244755245,0.7529044289044289,0.9354128436802716,368,7,272,405,846,478
0.10702144545448365,0.9866666666666667,0.9813333333333333,131.68438122193763,0.43550295857988164,0.5244755244755245,0.7529044289044289,0.9355378124380822,368,7,272,404,845,477
0.10717882224859647,0.9866666666666667,0.9813333333333333,131.68438122193763,0.43601895734597157,0.5244755244755245,0.7529044289044289,0.9356627811958926,368,7,272,404,844,476
0.1071824039663548,0.9866666666666667,0.9813333333333333,131.35842978326946,0.4365361803084223,0.5262237762237763,0.7537785547785547,0.9357877499537033,368,7,271,403,843,475
0.10718392319584649,0.9866666666666667,0.9813333333333333,131.35842978326946,0.43705463182897863,0.5262237762237763,0.7537785547785547,0.9359127187115138,368,7,271,403,842,474
0.10734996780568189,0.9866666666666667,0.9813333333333333,131.0324783446013,0.43757431629013077,0.527972027972028,0.7546526806526807,0.9360376874693244,368,7,270,402,841,473
0.10759258303180723,0.9866666666666667,0.9813333333333333,130.70652690593315,0.4380952380952381,0.527972027972028,0.7546526806526807,0.9361626562271349,368,7,270,401,840,472
0.10768012983220579,0.9866666666666667,0.9813333333333333,130.38057546726498,0.43861740166865315,0.527972027972028,0.7546526806526807,0.9362876249849454,368,7,270,400,839,471
0.10803012818662798,0.9866666666666667,0.9813333333333333,130.0546240285968,0.43914081145584727,0.5297202797202797,0.7555268065268065,0.936412593742756,368,7,269,399,838,470
0.10835583441062588,0.9866666666666667,0.9813333333333333,129.72867258992864,0.43966547192353644,0.5314685314685315,0.7564009324009324,0.9365375625005665,368,7,268,398,837,469
0.10842994825616359,0.9866666666666667,0.9813333333333333,129.4027211512605,0.44019138755980863,0.5314685314685315,0.7564009324009324,0.9366625312583772,368,7,268,397,836,468
0.10896783114542752,0.9866666666666667,0.9813333333333333,129.4027211512605,0.4407185628742515,0.5314685314685315,0.7564009324009324,0.9367875000161876,368,7,268,397,835,467
0.10908894457559806,0.9866666666666667,0.9813333333333333,129.4027211512605,0.4412470023980815,0.5314685314685315,0.7564009324009324,0.9369124687739983,368,7,268,397,834,466
0.10918520326083334,0.9866666666666667,0.9813333333333333,129.07676971259232,0.4417767106842737,0.5314685314685315,0.7564009324009324,0.9370374375318087,368,7,268,396,833,465
0.10971496236363151,0.9866666666666667,0.9813333333333333,128.75081827392415,0.4423076923076923,0.5314685314685315,0.7564009324009324,0.9371624062896193,368,7,268,395,832,464
0.11006901313689249,0.9866666666666667,0.9813333333333333,128.424866835256,0.4428399518652226,0.5332167832167832,0.7572750582750583,0.9372873750474298,368,7,267,394,831,463
0.11007221701269158,0.9866666666666667,0.9813333333333333,128.09891539658784,0.4433734939759036,0.534965034965035,0.7581491841491841,0.9374123438052404,368,7,266,393,830,462
0.11031110440613494,0.9866666666666667,0.9813333333333333,127.77296395791967,0.4439083232810615,0.534965034965035,0.7581491841491841,0.937537312563051,368,7,266,392,829,461
0.11089035909025384,0.9866666666666667,0.9813333333333333,127.77296395791967,0.4444444444444444,0.534965034965035,0.7581491841491841,0.9376622813208615,368,7,266,392,828,460
0.11108072823236448,0.9866666666666667,0.9813333333333333,127.44701251925152,0.4449818621523579,0.5367132867132867,0.7590233100233099,0.937787250078672,368,7,265,391,827,459
0.11152203021916827,0.9866666666666667,0.9813333333333333,127.12106108058335,0.44552058111380144,0.5367132867132867,0.7590233100233099,0.9379122188364826,368,7,265,390,826,458
0.11188574266820527,0.9866666666666667,0.9813333333333333,126.79510964191519,0.44606060606060605,0.5384615384615384,0.7598974358974359,0.9380371875942931,368,7,264,389,825,457
0.11207746760252091,0.9866666666666667,0.9813333333333333,126.46915820324702,0.44660194174757284,0.5402097902097902,0.7607715617715618,0.9381621563521036,368,7,263,388,824,456
0.1125403423568476,0.9866666666666667,0.9813333333333333,126.14320676457886,0.4471445929526124,0.5402097902097902,0.7607715617715618,0.9382871251099142,368,7,263,387,823,455
0.11276271985680812,0.9866666666666667,0.9813333333333333,125.8172553259107,0.44768856447688565,0.5402097902097902,0.7607715617715618,0.9384120938677247,368,7,263,386,822,454
0.11276860955857258,0.9866666666666667,0.9813333333333333,125.49130388724254,0.4482338611449452,0.5402097902097902,0.7607715617715618,0.9385370626255354,368,7,263,385,821,453
0.11286642101386063,0.9866666666666667,0.9813333333333333,125.16535244857437,0.44878048780487806,0.541958041958042,0.7616456876456876,0.9386620313833458,368,7,262,384,820,452
0.11345441920512493,0.9866666666666667,0.9813333333333333,124.83940100990621,0.44932844932844934,0.5437062937062938,0.7625198135198135,0.9387870001411565,368,7,261,383,819,451
0.11365378089538729,0.9866666666666667,0.9813333333333333,124.51344957123806,0.44987775061124696,0.5454545454545454,0.7633939393939393,0.9389119688989669,368,7,260,382,818,450
0.11381383565353537,0.9866666666666667,0.9813333333333333,124.18749813256989,0.4504283965728274,0.5472027972027972,0.7642680652680652,0.9390369376567775,368,7,259,381,817,449
0.11400232871414064,0.9866666666666667,0.9813333333333333,123.86154669390173,0.45098039215686275,0.548951048951049,0.7651421911421912,0.939161906414588,368,7,258,380,816,448
0.11423109825525798,0.9866666666666667,0.9813333333333333,123.53559525523356,0.45153374233128835,0.5506993006993007,0.766016317016317,0.9392868751723986,368,7,257,379,815,447
0.11430739456582446,0.9866666666666667,0.9813333333333333,123.2096438165654,0.4520884520884521,0.5506993006993007,0.766016317016317,0.9394118439302092,368,7,257,378,814,446
0.11561449875710168,0.9866666666666667,0.9813333333333333,122.88369237789723,0.45264452644526443,0.5524475524475524,0.7668904428904428,0.9395368126880197,368,7,256,377,813,445
0.11566971126876481,0.9866666666666667,0.9813333333333333,122.55774093922908,0.45320197044334976,0.5524475524475524,0.7668904428904428,0.9396617814458302,368,7,256,376,812,444
0.11631014743573503,0.9866666666666667,0.9813333333333333,122.23178950056091,0.45376078914919854,0.5541958041958042,0.7677645687645687,0.9397867502036408,368,7,255,375,811,443
0.11690363282973744,0.9866666666666667,0.9813333333333333,121.90583806189275,0.454320987654321,0.5559440559440559,0.7686386946386946,0.9399117189614513,368,7,254,374,810,442
0.11712074956187574,0.9866666666666667,0.9813333333333333,121.57988662322458,0.45488257107540175,0.5559440559440559,0.7686386946386946,0.9400366877192619,368,7,254,373,809,441
0.11716359749927853,0.9866666666666667,0.9813333333333333,121.57988662322458,0.45544554455445546,0.5559440559440559,0.7686386946386946,0.9401616564770724,368,7,254,373,808,440
0.11745007728521324,0.9866666666666667,0.9813333333333333,121.57988662322458,0.4560099132589839,0.5559440559440559,0.7686386946386946,0.9402866252348829,368,7,254,373,807,439
0.11745907881558233,0.9866666666666667,0.9813333333333333,121.25393518455643,0.456575682382134,0.5559440559440559,0.7686386946386946,0.9404115939926936,368,7,254,372,806,438
0.11759601385279495,0.9866666666666667,0.9813333333333333,120.92798374588826,0.45714285714285713,0.5576923076923077,0.7695128205128206,0.940536562750504,368,7,253,371,805,437
0.11777773580548853,0.9866666666666667,0.9813333333333333,120.6020323072201,0.4577114427860697,0.5594405594405595,0.7703869463869464,0.9406615315083147,368,7,252,370,804,436
0.11854399799579105,0.9866666666666667,0.9813333333333333,120.6020323072201,0.45828144458281445,0.5594405594405595,0.7703869463869464,0.9407865002661251,368,7,252,370,803,435
0.11864361712868335,0.9866666666666667,0.9813333333333333,120.27608086855194,0.45885286783042395,0.5594405594405595,0.7703869463869464,0.9409114690239357,368,7,252,369,802,434
0.11871769789130174,0.9866666666666667,0.9813333333333333,119.95012942988377,0.45942571785268416,0.5611888111888111,0.7712610722610722,0.9410364377817462,368,7,251,368,801,433
0.11890662946091933,0.9866666666666667,0.9813333333333333,119.62417799121562,0.46,0.5611888111888111,0.7712610722610722,0.9411614065395568,368,7,251,367,800,432
0.11893123636607718,0.9866666666666667,0.9813333333333333,119.29822655254745,0.46057571964956195,0.5611888111888111,0.7712610722610722,0.9412863752973674,368,7,251,366,799,431
0.1189506251703255,0.9866666666666667,0.9813333333333333,118.97227511387929,0.46115288220551376,0.5629370629370629,0.772135198135198,0.9414113440551779,368,7,250,365,798,430
0.11923839718041136,0.9866666666666667,0.9813333333333333,118.64632367521112,0.4617314930991217,0.5646853146853147,0.773009324009324,0.9415363128129884,368,7,249,364,797,429
0.1193539238121162,0.9866666666666667,0.9813333333333333,118.32037223654297,0.4623115577889447,0.5646853146853147,0.773009324009324,0.941661281570799,368,7,249,363,796,428
0.11943296990827984,0.9866666666666667,0.9813333333333333,118.32037223654297,0.4628930817610063,0.5646853146853147,0.773009324009324,0.9417862503286095,368,7,249,363,795,427
0.1194556950356131,0.9866666666666667,0.9813333333333333,117.9944207978748,0.4634760705289673,0.5646853146853147,0.773009324009324,0.9419112190864201,368,7,249,362,794,426
0.11949289163523857,0.9866666666666667,0.9813333333333333,117.66846935920664,0.4640605296343001,0.5664335664335665,0.7738834498834499,0.9420361878442307,368,7,248,361,793,425
0.1197967220730993,0.9866666666666667,0.9813333333333333,117.66846935920664,0.46464646464646464,0.5664335664335665,0.7738834498834499,0.9421611566020411,368,7,248,361,792,424
0.12008335171799334,0.9866666666666667,0.9813333333333333,117.34251792053847,0.46523388116308473,0.5681818181818182,0.7747575757575758,0.9422861253598518,368,7,247,360,791,423
0.12019691702649182,0.9866666666666667,0.9813333333333333,117.01656648187031,0.46582278481012657,0.5699300699300699,0.7756317016317016,0.9424110941176622,368,7,246,359,790,422
0.12076756761620742,0.9866666666666667,0.9813333333333333,117.01656648187031,0.4664131812420786,0.5699300699300699,0.7756317016317016,0.9425360628754729,368,7,246,359,789,421
0.121131897457646,0.9866666666666667,0.9813333333333333,116.69061504320216,0.467005076142132,0.5716783216783217,0.7765058275058274,0.9426610316332833,368,7,245,358,788,420
0.12136401039893839,0.9866666666666667,0.9813333333333333,116.36466360453399,0.4675984752223634,0.5716783216783217,0.7765058275058274,0.942786000391094,368,7,245,357,787,419
0.12138415472922112,0.9866666666666667,0.9813333333333333,116.03871216586583,0.4681933842239186,0.5734265734265734,0.7773799533799534,0.9429109691489045,368,7,244,356,786,418
0.12204440523029308,0.9866666666666667,0.9813333333333333,115.71276072719766,0.46878980891719746,0.5734265734265734,0.7773799533799534,0.943035937906715,368,7,244,355,785,417
0.12231477375675372,0.9866666666666667,0.9813333333333333,115.71276072719766,0.46938775510204084,0.5734265734265734,0.7773799533799534,0.9431609066645256,368,7,244,355,784,416
0.12285388565485912,0.9866666666666667,0.9813333333333333,115.3868092885295,0.46998722860791825,0.5734265734265734,0.7773799533799534,0.9432858754223361,368,7,244,354,783,415
0.1228618514160506,0.9866666666666667,0.9813333333333333,115.06085784986134,0.47058823529411764,0.5751748251748252,0.7782540792540793,0.9434108441801466,368,7,243,353,782,414
0.12349146798092155,0.9866666666666667,0.9813333333333333,114.73490641119318,0.471190781049936,0.5769230769230769,0.7791282051282051,0.9435358129379572,368,7,242,352,781,413
0.12356378525727243,0.9866666666666667,0.9813333333333333,114.40895497252501,0.4717948717948718,0.5769230769230769,0.7791282051282051,0.9436607816957677,368,7,242,351,780,412
0.12412481917341699,0.9866666666666667,0.9813333333333333,114.40895497252501,0.472400513478819,0.5769230769230769,0.7791282051282051,0.9437857504535783,368,7,242,351,779,411
0.12417960992391752,0.9866666666666667,0.9813333333333333,114.40895497252501,0.4730077120822622,0.5769230769230769,0.7791282051282051,0.9439107192113889,368,7,242,351,778,410
0.12454005870729935,0.9866666666666667,0.9813333333333333,114.08300353385685,0.47361647361647363,0.5786713286713286,0.780002331002331,0.9440356879691993,368,7,241,350,777,409
0.12475093288045944,0.9866666666666667,0.9813333333333333,113.75705209518868,0.4742268041237113,0.5804195804195804,0.7808764568764568,0.94416065672701,368,7,240,349,776,408
0.12529805893493035,0.9866666666666667,0.9813333333333333,113.43110065652053,0.47483870967741937,0.5821678321678322,0.7817505827505827,0.9442856254848204,368,7,239,348,775,407
0.12547453058684632,0.9866666666666667,0.9813333333333333,113.10514921785236,0.4754521963824289,0.5821678321678322,0.7817505827505827,0.9444105942426311,368,7,239,347,774,406
0.1254889397589946,0.9866666666666667,0.9813333333333333,112.7791977791842,0.4760672703751617,0.583916083916084,0.7826247086247087,0.9445355630004415,368,7,238,346,773,405
0.12660212682488672,0.9866666666666667,0.9813333333333333,112.45324634051605,0.47668393782383417,0.583916083916084,0.7826247086247087,0.9446605317582522,368,7,238,345,772,404
0.12692497912991918,0.9866666666666667,0.9813333333333333,112.45324634051605,0.4773022049286641,0.583916083916084,0.7826247086247087,0.9447855005160627,368,7,238,345,771,403
0.12868228875865673,0.9866666666666667,0.9813333333333333,112.12729490184788,0.4779220779220779,0.5856643356643356,0.7834988344988345,0.9449104692738732,368,7,237,344,770,402
0.12886606867568448,0.9866666666666667,0.9813333333333333,111.80134346317972,0.47854356306892065,0.5874125874125874,0.7843729603729603,0.9450354380316838,368,7,236,343,769,401
0.12965593901693145,0.9866666666666667,0.9813333333333333,111.47539202451155,0.4791666666666667,0.5874125874125874,0.7843729603729603,0.9451604067894943,368,7,236,342,768,400
0.1297584187344765,0.9866666666666667,0.9813333333333333,111.1494405858434,0.47979139504563234,0.5891608391608392,0.7852470862470862,0.9452853755473049,368,7,235,341,767,399
0.13026105172364083,0.9866666666666667,0.9813333333333333,110.82348914717522,0.4804177545691906,0.5909090909090909,0.7861212121212121,0.9454103443051154,368,7,234,340,766,398
0.13229785737236388,0.9866666666666667,0.9813333333333333,110.49753770850707,0.48104575163398694,0.5909090909090909,0.7861212121212121,0.9455353130629259,368,7,234,339,765,397
0.13269354592173593,0.9866666666666667,0.9813333333333333,110.1715862698389,0.4816753926701571,0.5909090909090909,0.7861212121212121,0.9456602818207365,368,7,234,338,764,396
0.13461146910468558,0.9866666666666667,0.9813333333333333,109.84563483117074,0.48230668414154654,0.5926573426573427,0.786995337995338,0.9457852505785471,368,7,233,337,763,395
0.13518288064113634,0.9866666666666667,0.9813333333333333,109.84563483117074,0.48293963254593175,0.5926573426573427,0.786995337995338,0.9459102193363575,368,7,233,337,762,394
0.13579869744658643,0.9866666666666667,0.9813333333333333,109.51968339250257,0.4835742444152431,0.5926573426573427,0.786995337995338,0.9460351880941682,368,7,233,336,761,393
0.13680604231081808,0.9866666666666667,0.9813333333333333,109.19373195383442,0.4842105263157895,0.5944055944055944,0.7878694638694639,0.9461601568519786,368,7,232,335,760,392
0.13817496405324375,0.9866666666666667,0.9813333333333333,108.86778051516625,0.48484848484848486,0.5961538461538461,0.7887435897435897,0.9462851256097893,368,7,231,334,759,391
0.13844996729484219,0.9866666666666667,0.9813333333333333,108.54182907649809,0.48548812664907653,0.5961538461538461,0.7887435897435897,0.9464100943675997,368,7,231,333,758,390
0.13864925234183767,0.9866666666666667,0.9813333333333333,108.54182907649809,0.4861294583883752,0.5961538461538461,0.7887435897435897,0.9465350631254104,368,7,231,333,757,389
0.13908293272265912,0.9866666666666667,0.9813333333333333,108.21587763782993,0.48677248677248675,0.5961538461538461,0.7887435897435897,0.9466600318832209,368,7,231,332,756,388
0.13922278159852108,0.9866666666666667,0.9813333333333333,107.88992619916176,0.48741721854304637,0.5979020979020979,0.7896177156177155,0.9467850006410314,368,7,230,331,755,387
0.13959271239194665,0.9866666666666667,0.9813333333333333,107.56397476049361,0.4880636604774536,0.5996503496503497,0.7904918414918415,0.946909969398842,368,7,229,330,754,386
0.13996468860989028,0.9866666666666667,0.9813333333333333,107.56397476049361,0.48871181938911024,0.5996503496503497,0.7904918414918415,0.9470349381566525,368,7,229,330,753,385
0.1400915392969103,0.9866666666666667,0.9813333333333333,107.23802332182544,0.48936170212765956,0.5996503496503497,0.7904918414918415,0.9471599069144631,368,7,229,329,752,384
0.1406893536898504,0.9866666666666667,0.9813333333333333,106.91207188315728,0.49001331557922767,0.6013986013986014,0.7913659673659673,0.9472848756722736,368,7,228,328,751,383
0.1408086005860273,0.9866666666666667,0.9813333333333333,106.91207188315728,0.49066666666666664,0.6013986013986014,0.7913659673659673,0.9474098444300842,368,7,228,328,750,382
0.14159658705198988,0.9866666666666667,0.9813333333333333,106.58612044448911,0.49132176234979974,0.6013986013986014,0.7913659673659673,0.9475348131878947,368,7,228,327,749,381
0.143038452072888,0.9866666666666667,0.9813333333333333,106.26016900582096,0.4919786096256685,0.6031468531468531,0.7922400932400933,0.9476597819457053,368,7,227,326,748,380
0.14332605266333429,0.9866666666666667,0.9813333333333333,106.26016900582096,0.4926372155287818,0.6031468531468531,0.7922400932400933,0.9477847507035158,368,7,227,326,747,379
0.14373214372041648,0.9866666666666667,0.9813333333333333,105.93421756715279,0.4932975871313673,0.6048951048951049,0.7931142191142191,0.9479097194613264,368,7,226,325,746,378
0.14463721922306125,0.9866666666666667,0.9813333333333333,105.60826612848463,0.49395973154362416,0.6066433566433567,0.7939883449883449,0.9480346882191368,368,7,225,324,745,377
0.14509986775760228,0.9866666666666667,0.9813333333333333,105.28231468981646,0.4946236559139785,0.6066433566433567,0.7939883449883449,0.9481596569769475,368,7,225,323,744,376
0.1466971972142952,0.9866666666666667,0.9813333333333333,104.9563632511483,0.4952893674293405,0.6083916083916084,0.7948624708624709,0.948284625734758,368,7,224,322,743,375
0.14682466305502542,0.9866666666666667,0.9813333333333333,104.63041181248015,0.49595687331536387,0.6101398601398601,0.7957365967365967,0.9484095944925686,368,7,223,321,742,374
0.1472160526676722,0.9866666666666667,0.9813333333333333,104.30446037381198,0.4966261808367072,0.6118881118881119,0.7966107226107226,0.9485345632503791,368,7,222,320,741,373
0.14754142847083362,0.9866666666666667,0.9813333333333333,103.97850893514382,0.4972972972972973,0.6136363636363636,0.7974848484848485,0.9486595320081896,368,7,221,319,740,372
0.1481442717633067,0.9866666666666667,0.9813333333333333,103.97850893514382,0.4979702300405954,0.6136363636363636,0.7974848484848485,0.9487845007660002,368,7,221,319,739,371
0.14830471573221318,0.9866666666666667,0.9813333333333333,103.65255749647565,0.4986449864498645,0.6153846153846154,0.7983589743589743,0.9489094695238107,368,7,220,318,738,370
0.14926258178038596,0.9866666666666667,0.9813333333333333,103.3266060578075,0.4993215739484396,0.6153846153846154,0.7983589743589743,0.9490344382816213,368,7,220,317,737,369
0.14950120199139924,0.9866666666666667,0.9813333333333333,103.00065461913933,0.5,0.6171328671328671,0.7992331002331001,0.9491594070394318,368,7,219,316,736,368
0.14954697450078971,0.9866666666666667,0.9813333333333333,102.67470318047117,0.5006802721088436,0.6188811188811189,0.8001072261072261,0.9492843757972425,368,7,218,315,735,367
0.15032836508155528,0.9866666666666667,0.9813333333333333,102.348751741803,0.5013623978201635,0.6206293706293706,0.800981351981352,0.9494093445550529,368,7,217,314,734,366
0.15042681498867191,0.9866666666666667,0.9813333333333333,102.02280030313484,0.5020463847203275,0.6206293706293706,0.800981351981352,0.9495343133128635,368,7,217,313,733,365
0.15118963976931096,0.9866666666666667,0.9813333333333333,101.69684886446667,0.5027322404371585,0.6223776223776224,0.8018554778554778,0.949659282070674,368,7,216,312,732,364
0.15296753272169128,0.9866666666666667,0.9813333333333333,101.37089742579852,0.5034199726402189,0.6223776223776224,0.8018554778554778,0.9497842508284846,368,7,216,311,731,363
0.1530460376822886,0.9866666666666667,0.9813333333333333,101.04494598713035,0.5041095890410959,0.6241258741258742,0.8027296037296037,0.949909219586295,368,7,215,310,730,362
0.153094236949494,0.9866666666666667,0.9813333333333333,100.71899454846219,0.50480109739369,0.6241258741258742,0.8027296037296037,0.9500341883441057,368,7,215,309,729,361
0.1535005468884204,0.9866666666666667,0.9813333333333333,100.39304310979404,0.5054945054945055,0.6258741258741258,0.8036037296037295,0.9501591571019162,368,7,214,308,728,360
0.1537750769319997,0.9866666666666667,0.9813333333333333,100.06709167112587,0.5061898211829436,0.6258741258741258,0.8036037296037295,0.9502841258597268,368,7,214,307,727,359
0.15379904674651984,0.9866666666666667,0.9813333333333333,99.74114023245771,0.5068870523415978,0.6258741258741258,0.8036037296037295,0.9504090946175373,368,7,214,306,726,358
0.15410864515601488,0.9866666666666667,0.9813333333333333,99.41518879378954,0.5075862068965518,0.6258741258741258,0.8036037296037295,0.9505340633753478,368,7,214,305,725,357
0.1557260174748101,0.9866666666666667,0.9813333333333333,99.08923735512138,0.5082872928176796,0.6276223776223776,0.8044778554778554,0.9506590321331584,368,7,213,304,724,356
0.15632441749630405,0.9866666666666667,0.9813333333333333,98.76328591645321,0.5089903181189488,0.6276223776223776,0.8044778554778554,0.9507840008909689,368,7,213,303,723,355
0.15662219175152492,0.9866666666666667,0.9813333333333333,98.43733447778506,0.5096952908587258,0.6293706293706294,0.8053519813519814,0.9509089696487795,368,7,212,302,722,354
0.1567382990158071,0.9866666666666667,0.9813333333333333,98.11138303911689,0.5104022191400832,0.6293706293706294,0.8053519813519814,0.95103393840659,368,7,212,301,721,353
0.15687967063008934,0.9866666666666667,0.9813333333333333,97.78543160044873,0.5111111111111111,0.6311188811188811,0.8062261072261072,0.9511589071644007,368,7,211,300,720,352
0.1570940866604953,0.9866666666666667,0.9813333333333333,97.45948016178056,0.5118219749652295,0.6328671328671329,0.807100233100233,0.9512838759222111,368,7,210,299,719,351
0.15801023950081405,0.9866666666666667,0.9813333333333333,97.1335287231124,0.5125348189415042,0.6346153846153846,0.8079743589743589,0.9514088446800217,368,7,209,298,718,350
0.15842297136549666,0.9866666666666667,0.9813333333333333,96.80757728444424,0.5132496513249651,0.6346153846153846,0.8079743589743589,0.9515338134378322,368,7,209,297,717,349
0.15926827944249639,0.9866666666666667,0.9813333333333333,96.48162584577608,0.5139664804469274,0.6346153846153846,0.8079743589743589,0.9516587821956428,368,7,209,296,716,348
0.15947578702570975,0.9866666666666667,0.9813333333333333,96.15567440710792,0.5146853146853146,0.6363636363636364,0.8088484848484848,0.9517837509534532,368,7,208,295,715,347
0.16020352261580278,0.9866666666666667,0.9813333333333333,96.15567440710792,0.5154061624649859,0.6363636363636364,0.8088484848484848,0.9504884141658885,368,7,208,295,714,346
0.16090925777288334,0.9866666666666667,0.9813333333333333,95.82972296843975,0.5161290322580645,0.6381118881118881,0.8097226107226108,0.9506133829236991,368,7,207,294,713,345
0.1614257667281842,0.9866666666666667,0.9813333333333333,95.5037715297716,0.5168539325842697,0.6381118881118881,0.8097226107226108,0.9507383516815097,368,7,207,293,712,344
0.16262855000527585,0.9866666666666667,0.9813333333333333,95.17782009110343,0.5175808720112518,0.6381118881118881,0.8097226107226108,0.9508633204393202,368,7,207,292,711,343
0.16467973907688654,0.9866666666666667,0.9813333333333333,94.85186865243527,0.5183098591549296,0.6398601398601399,0.8105967365967366,0.9509882891971307,368,7,206,291,710,342
0.16499885318518095,0.9866666666666667,0.9813333333333333,94.5259172137671,0.5190409026798307,0.6416083916083916,0.8114708624708624,0.9511132579549413,368,7,205,290,709,341
0.16512135368326025,0.9866666666666667,0.9813333333333333,94.19996577509895,0.519774011299435,0.6416083916083916,0.8114708624708624,0.9512382267127518,368,7,205,289,708,340
0.16614062255230055,0.9866666666666667,0.9813333333333333,93.87401433643078,0.5205091937765205,0.6416083916083916,0.8114708624708624,0.9513631954705624,368,7,205,288,707,339
0.16666612596623886,0.9866666666666667,0.9813333333333333,93.54806289776262,0.5212464589235127,0.6433566433566433,0.8123449883449883,0.951488164228373,368,7,204,287,706,338
0.16687534105443355,0.9866666666666667,0.9813333333333333,93.22211145909445,0.5219858156028369,0.6451048951048951,0.8132191142191142,0.9516131329861834,368,7,203,286,705,337
0.16789337731530643,0.9866666666666667,0.9813333333333333,92.8961600204263,0.5227272727272727,0.6468531468531469,0.8140932400932401,0.9517381017439941,368,7,202,285,704,336
0.16912888441214746,0.9866666666666667,0.9813333333333333,92.57020858175814,0.5234708392603129,0.6468531468531469,0.8140932400932401,0.9518630705018045,368,7,202,284,703,335
0.16993482051840533,0.9866666666666667,0.9813333333333333,92.24425714308997,0.5242165242165242,0.6486013986013986,0.814967365967366,0.9519880392596152,368,7,201,283,702,334
0.17019059045945795,0.9866666666666667,0.9813333333333333,91.91830570442181,0.5249643366619116,0.6486013986013986,0.814967365967366,0.9521130080174256,368,7,201,282,701,333
0.17039630742522227,0.9866666666666667,0.9813333333333333,91.91830570442181,0.5257142857142857,0.6486013986013986,0.814967365967366,0.9522379767752363,368,7,201,282,700,332
0.1710703593131888,0.9866666666666667,0.9813333333333333,91.59235426575364,0.5264663805436338,0.6486013986013986,0.814967365967366,0.9523629455330468,368,7,201,281,699,331
0.17119233174403722,0.9866666666666667,0.9813333333333333,91.26640282708549,0.5272206303724928,0.6486013986013986,0.814967365967366,0.9524879142908573,368,7,201,280,698,330
0.17187393058197928,0.9866666666666667,0.9813333333333333,90.94045138841732,0.5279770444763271,0.6503496503496503,0.8158414918414918,0.9526128830486679,368,7,200,279,697,329
0.17200580729684992,0.9866666666666667,0.9813333333333333,90.61449994974916,0.5287356321839081,0.6520979020979021,0.8167156177156176,0.9527378518064784,368,7,199,278,696,328
0.1725455923571085,0.9866666666666667,0.9813333333333333,90.28854851108099,0.5294964028776978,0.6538461538461539,0.8175897435897436,0.952862820564289,368,7,198,277,695,327
0.17271810956232633,0.9866666666666667,0.9813333333333333,89.96259707241283,0.5302593659942363,0.6538461538461539,0.8175897435897436,0.9529877893220995,368,7,198,276,694,326
0.17356157035149455,0.9866666666666667,0.9813333333333333,89.63664563374466,0.5310245310245311,0.6538461538461539,0.8175897435897436,0.95311275807991,368,7,198,275,693,325
0.17490532966826602,0.9866666666666667,0.9813333333333333,89.31069419507651,0.5317919075144508,0.6538461538461539,0.8175897435897436,0.9532377268377206,368,7,198,274,692,324
0.17567144179577915,0.9866666666666667,0.9813333333333333,88.98474275640834,0.532561505065123,0.6538461538461539,0.8175897435897436,0.9533626955955312,368,7,198,273,691,323
0.1757966068452353,0.9866666666666667,0.9813333333333333,88.65879131774018,0.5333333333333333,0.6555944055944056,0.8184638694638695,0.9534876643533416,368,7,197,272,690,322
0.17580120152055967,0.9866666666666667,0.9813333333333333,88.33283987907203,0.5341074020319303,0.6555944055944056,0.8184638694638695,0.9536126331111523,368,7,197,271,689,321
0.1758052002421645,0.9866666666666667,0.9813333333333333,88.00688844040386,0.5348837209302325,0.6573426573426573,0.8193379953379953,0.9537376018689627,368,7,196,270,688,320
0.176851859856921,0.9866666666666667,0.9813333333333333,87.6809370017357,0.5356622998544396,0.6590909090909091,0.8202121212121212,0.9538625706267734,368,7,195,269,687,319
0.17699179426214964,0.9866666666666667,0.9813333333333333,87.6809370017357,0.5364431486880467,0.6590909090909091,0.8202121212121212,0.9539875393845838,368,7,195,269,686,318
0.17743704118179035,0.9866666666666667,0.9813333333333333,87.35498556306753,0.5372262773722628,0.6608391608391608,0.821086247086247,0.9541125081423945,368,7,194,268,685,317
0.1782622336371783,0.9866666666666667,0.9813333333333333,87.02903412439937,0.5380116959064327,0.6608391608391608,0.821086247086247,0.954237476900205,368,7,194,267,684,316
0.18005155511331333,0.9866666666666667,0.9813333333333333,86.7030826857312,0.5387994143484627,0.6608391608391608,0.821086247086247,0.9543624456580155,368,7,194,266,683,315
0.18073576629062071,0.9866666666666667,0.9813333333333333,86.37713124706305,0.5395894428152492,0.6608391608391608,0.821086247086247,0.9544874144158261,368,7,194,265,682,314
0.18342351817439242,0.9866666666666667,0.9813333333333333,86.05117980839488,0.540381791483113,0.6625874125874126,0.8219603729603729,0.9546123831736366,368,7,193,264,681,313
0.18399656565131575,0.9866666666666667,0.9813333333333333,85.72522836972672,0.5411764705882353,0.6643356643356644,0.8228344988344989,0.9547373519314472,368,7,192,263,680,312
0.18478153064539546,0.9866666666666667,0.9813333333333333,85.39927693105855,0.5419734904270986,0.6643356643356644,0.8228344988344989,0.9548623206892577,368,7,192,262,679,311
0.18628851875274077,0.9866666666666667,0.9813333333333333,85.0733254923904,0.5427728613569321,0.666083916083916,0.8237086247086247,0.9549872894470682,368,7,191,261,678,310
0.1887939955187343,0.9866666666666667,0.9813333333333333,84.74737405372223,0.5435745937961596,0.666083916083916,0.8237086247086247,0.9551122582048788,368,7,191,260,677,309
0.18886647258370665,0.9866666666666667,0.9813333333333333,84.74737405372223,0.5443786982248521,0.666083916083916,0.8237086247086247,0.9538169214173141,368,7,191,260,676,308
0.19222353506491124,0.9866666666666667,0.9813333333333333,84.42142261505407,0.5451851851851852,0.6678321678321678,0.8245827505827505,0.9539418901751247,368,7,190,259,675,307
0.1926683696140912,0.9866666666666667,0.9813333333333333,84.09547117638591,0.5459940652818991,0.6695804195804196,0.8254568764568764,0.9540668589329352,368,7,189,258,674,306
0.19380730203780622,0.9866666666666667,0.9813333333333333,83.76951973771774,0.5468053491827637,0.6713286713286714,0.8263310023310023,0.9541918276907457,368,7,188,257,673,305
0.19396714645028257,0.9866666666666667,0.9813333333333333,83.44356829904959,0.5476190476190477,0.6730769230769231,0.8272051282051283,0.9543167964485563,368,7,187,256,672,304
0.19411570548434157,0.9866666666666667,0.9813333333333333,83.11761686038142,0.5484351713859911,0.6748251748251748,0.8280792540792541,0.9544417652063668,368,7,186,255,671,303
0.19418411076861702,0.9866666666666667,0.9813333333333333,82.79166542171326,0.5492537313432836,0.6748251748251748,0.8280792540792541,0.9545667339641773,368,7,186,254,670,302
0.19419218610548689,0.9866666666666667,0.9813333333333333,82.79166542171326,0.5500747384155455,0.6748251748251748,0.8280792540792541,0.9546917027219879,368,7,186,254,669,301
0.19458988775864186,0.9866666666666667,0.9813333333333333,82.46571398304509,0.5508982035928144,0.6748251748251748,0.8280792540792541,0.9548166714797985,368,7,186,253,668,300
0.1949563339513995,0.9866666666666667,0.9813333333333333,82.13976254437694,0.5517241379310345,0.6748251748251748,0.8280792540792541,0.954941640237609,368,7,186,252,667,299
0.19539889383794548,0.9866666666666667,0.9813333333333333,81.81381110570877,0.5525525525525525,0.6765734265734266,0.8289533799533799,0.9550666089954196,368,7,185,251,666,298
0.19561908065626282,0.9866666666666667,0.9813333333333333,81.81381110570877,0.5533834586466165,0.6765734265734266,0.8289533799533799,0.95519157775323,368,7,185,251,665,297
0.19589134644153913,0.9866666666666667,0.9813333333333333,81.48785966704061,0.5542168674698795,0.6765734265734266,0.8289533799533799,0.9553165465110407,368,7,185,250,664,296
0.19740450774984628,0.9866666666666667,0.9813333333333333,81.16190822837244,0.555052790346908,0.6783216783216783,0.8298275058275058,0.9554415152688511,368,7,184,249,663,295
0.19841339460838497,0.9866666666666667,0.9813333333333333,80.83595678970428,0.5558912386706949,0.6783216783216783,0.8298275058275058,0.9555664840266618,368,7,184,248,662,294
0.1993931386807838,0.9866666666666667,0.9813333333333333,80.51000535103613,0.556732223903177,0.6800699300699301,0.8307016317016317,0.9556914527844723,368,7,183,247,661,293
0.2004649829633796,0.9866666666666667,0.9813333333333333,80.18405391236796,0.5575757575757576,0.6818181818181818,0.8315757575757575,0.9558164215422829,368,7,182,246,660,292
0.2012529014345232,0.9866666666666667,0.9813333333333333,79.8581024736998,0.5584218512898331,0.6818181818181818,0.8315757575757575,0.9559413903000934,368,7,182,245,659,291
0.20224436725312328,0.9866666666666667,0.9813333333333333,79.53215103503163,0.5592705167173252,0.6835664335664335,0.8324498834498835,0.9560663590579039,368,7,181,244,658,290
0.2023499261708077,0.9866666666666667,0.9813333333333333,79.20619959636348,0.5601217656012176,0.6853146853146853,0.8333240093240093,0.9561913278157145,368,7,180,243,657,289
0.20239061043156018,0.9866666666666667,0.9813333333333333,78.8802481576953,0.5609756097560976,0.6870629370629371,0.8341981351981351,0.956316296573525,368,7,179,242,656,288
0.20320684516448928,0.9866666666666667,0.9813333333333333,78.55429671902715,0.5618320610687023,0.6888111888111889,0.8350722610722611,0.9564412653313357,368,7,178,241,655,287
0.20382514852451006,0.9866666666666667,0.9813333333333333,78.55429671902715,0.5626911314984709,0.6888111888111889,0.8350722610722611,0.9565662340891461,368,7,178,241,654,286
0.20398521105445008,0.9866666666666667,0.9813333333333333,78.22834528035898,0.5635528330781011,0.6888111888111889,0.8350722610722611,0.9566912028469567,368,7,178,240,653,285
0.20600637615707237,0.9866666666666667,0.9813333333333333,77.90239384169082,0.5644171779141104,0.6888111888111889,0.8350722610722611,0.9568161716047672,368,7,178,239,652,284
0.20640271487516673,0.9866666666666667,0.9813333333333333,77.57644240302265,0.565284178187404,0.6905594405594405,0.8359463869463869,0.9569411403625778,368,7,177,238,651,283
0.20661306771177174,0.9866666666666667,0.9813333333333333,77.2504909643545,0.5661538461538461,0.6923076923076923,0.8368205128205128,0.9570661091203883,368,7,176,237,650,282
0.20812621047728208,0.9866666666666667,0.9813333333333333,76.92453952568633,0.5670261941448382,0.6940559440559441,0.8376946386946387,0.9571910778781989,368,7,175,236,649,281
0.2091310372463918,0.9866666666666667,0.9813333333333333,76.59858808701817,0.5679012345679012,0.6958041958041958,0.8385687645687645,0.9573160466360093,368,7,174,235,648,280
0.20921770142426696,0.9866666666666667,0.9813333333333333,76.59858808701817,0.5687789799072643,0.6958041958041958,0.8385687645687645,0.95744101539382,368,7,174,235,647,279
0.20930793119880658,0.9866666666666667,0.9813333333333333,76.27263664835002,0.5696594427244582,0.6975524475524476,0.8394428904428904,0.9575659841516305,368,7,173,234,646,278
0.21068828033819448,0.9866666666666667,0.9813333333333333,76.27263664835002,0.5705426356589147,0.6975524475524476,0.8394428904428904,0.9576909529094411,368,7,173,234,645,277
0.21143160325969546,0.9866666666666667,0.9813333333333333,75.94668520968185,0.5714285714285714,0.6975524475524476,0.8394428904428904,0.9578159216672516,368,7,173,233,644,276
0.21150945774214386,0.9866666666666667,0.9813333333333333,75.62073377101369,0.5723172628304821,0.6993006993006993,0.8403170163170163,0.9579408904250621,368,7,172,232,643,275
0.2120645818589869,0.9866666666666667,0.9813333333333333,75.29478233234552,0.573208722741433,0.701048951048951,0.8411911421911422,0.9580658591828727,368,7,171,231,642,274
0.21221266985569834,0.9866666666666667,0.9813333333333333,74.96883089367736,0.5741029641185648,0.7027972027972028,0.842065268065268,0.9581908279406832,368,7,170,230,641,273
0.2126861371858098,0.9866666666666667,0.9813333333333333,74.6428794550092,0.575,0.7027972027972028,0.842065268065268,0.9583157966984939,368,7,170,229,640,272
0.21402705028352464,0.9866666666666667,0.9786666666666667,74.6428794550092,0.5743348982785602,0.7027972027972028,0.8407319347319347,0.9570204599109291,367,8,170,229,639,272
0.2155898087686717,0.9866666666666667,0.976,74.6428794550092,0.5736677115987461,0.7027972027972028,0.8393986013986015,0.9557251231233643,366,9,170,229,638,272
0.2156267764942438,0.9866666666666667,0.976,74.31692801634104,0.5745682888540031,0.7045454545454546,0.8402727272727273,0.9558500918811748,366,9,169,228,637,271
0.21585072081475135,0.9866666666666667,0.976,73.99097657767287,0.5754716981132075,0.7045454545454546,0.8402727272727273,0.9559750606389854,366,9,169,227,636,270
0.21728621949993066,0.9866666666666667,0.976,73.66502513900471,0.5763779527559055,0.7062937062937062,0.8411468531468531,0.9561000293967958,366,9,168,226,635,269
0.21779385624408612,0.9866666666666667,0.976,73.33907370033654,0.5772870662460567,0.7062937062937062,0.8411468531468531,0.9562249981546065,366,9,168,225,634,268
0.21836407971746113,0.9866666666666667,0.976,73.01312226166839,0.5781990521327014,0.708041958041958,0.8420209790209789,0.9563499669124169,366,9,167,224,633,267
0.21996191225608513,0.9866666666666667,0.976,72.68717082300022,0.5791139240506329,0.7097902097902098,0.8428951048951049,0.9564749356702276,366,9,166,223,632,266
0.22078128982373302,0.9866666666666667,0.976,72.36121938433206,0.5800316957210776,0.7115384615384616,0.8437692307692308,0.9565999044280381,366,9,165,222,631,265
0.22218921581022766,0.9866666666666667,0.976,72.0352679456639,0.580952380952381,0.7132867132867133,0.8446433566433567,0.9567248731858486,366,9,164,221,630,264
0.22489143357029004,0.9866666666666667,0.976,71.70931650699573,0.5818759936406995,0.715034965034965,0.8455174825174825,0.9568498419436592,366,9,163,220,629,263
0.22940040371065762,0.9866666666666667,0.976,71.38336506832758,0.5828025477707006,0.7167832167832168,0.8463916083916083,0.9569748107014697,366,9,162,219,628,262
0.23122744879823137,0.9866666666666667,0.976,71.05741362965941,0.583732057416268,0.7167832167832168,0.8463916083916083,0.9570997794592803,366,9,162,218,627,261
0.23212178440301084,0.9866666666666667,0.976,70.73146219099125,0.5846645367412141,0.7185314685314685,0.8472657342657343,0.9572247482170908,366,9,161,217,626,260
0.23240277376510185,0.9866666666666667,0.976,70.73146219099125,0.5856,0.7185314685314685,0.8472657342657343,0.9573497169749013,366,9,161,217,625,259
0.2339307435057087,0.9866666666666667,0.976,70.40551075232308,0.5865384615384616,0.7202797202797203,0.8481398601398602,0.9574746857327119,366,9,160,216,624,258
0.2355095257454472,0.9866666666666667,0.976,70.40551075232308,0.5874799357945425,0.7202797202797203,0.8481398601398602,0.9575996544905225,366,9,160,216,623,257
0.2356303230051672,0.9866666666666667,0.976,70.07955931365493,0.5884244372990354,0.722027972027972,0.849013986013986,0.957724623248333,366,9,159,215,622,256
0.23631145198320178,0.9866666666666667,0.976,69.75360787498676,0.5893719806763285,0.7237762237762237,0.8498881118881119,0.9578495920061436,366,9,158,214,621,255
0.2376376703571747,0.9866666666666667,0.976,69.4276564363186,0.5903225806451613,0.7255244755244755,0.8507622377622377,0.957974560763954,366,9,157,213,620,254
0.23794118697612232,0.9866666666666667,0.976,69.10170499765043,0.5912762520193862,0.7255244755244755,0.8507622377622377,0.9580995295217647,366,9,157,212,619,253
0.24186536370262304,0.9866666666666667,0.976,68.77575355898227,0.5922330097087378,0.7272727272727273,0.8516363636363636,0.9582244982795751,366,9,156,211,618,252
0.24197175886282754,0.9866666666666667,0.976,68.44980212031412,0.593192868719611,0.7290209790209791,0.8525104895104896,0.9583494670373858,366,9,155,210,617,251
0.2447573722399616,0.9866666666666667,0.976,68.12385068164595,0.5941558441558441,0.7307692307692307,0.8533846153846154,0.9584744357951963,366,9,154,209,616,250
0.24531250978116015,0.9866666666666667,0.976,67.79789924297779,0.5951219512195122,0.7307692307692307,0.8533846153846154,0.9585994045530069,366,9,154,208,615,249
0.24586806013180307,0.9866666666666667,0.976,67.47194780430962,0.5960912052117264,0.7307692307692307,0.8533846153846154,0.9587243733108174,366,9,154,207,614,248
0.2459093556629127,0.9866666666666667,0.976,67.47194780430962,0.5970636215334421,0.7307692307692307,0.8533846153846154,0.9588493420686279,366,9,154,207,613,247
0.24749261467049494,0.9866666666666667,0.976,67.14599636564147,0.5980392156862745,0.7307692307692307,0.8533846153846154,0.9589743108264385,366,9,154,206,612,246
0.2475583447617918,0.9866666666666667,0.976,66.8200449269733,0.5990180032733224,0.7307692307692307,0.8533846153846154,0.959099279584249,366,9,154,205,611,245
0.24952031505758615,0.9866666666666667,0.976,66.8200449269733,0.6,0.7307692307692307,0.8533846153846154,0.9592242483420597,366,9,154,205,610,244
0.2496024650957067,0.9866666666666667,0.976,66.49409348830514,0.6009852216748769,0.7325174825174825,0.8542587412587412,0.9593492170998701,366,9,153,204,609,243
0.24996221738917004,0.9866666666666667,0.976,66.16814204963697,0.6019736842105263,0.7342657342657343,0.8551328671328671,0.9594741858576807,366,9,152,203,608,242
0.25090330900179925,0.9866666666666667,0.976,66.16814204963697,0.6029654036243822,0.7342657342657343,0.8551328671328671,0.9595991546154912,366,9,152,203,607,241
0.25267087570997976,0.9866666666666667,0.976,66.16814204963697,0.6039603960396039,0.7342657342657343,0.8551328671328671,0.9597241233733018,366,9,152,203,606,240
0.2528037359126422,0.9866666666666667,0.976,65.84219061096881,0.6049586776859505,0.7342657342657343,0.8551328671328671,0.9598490921311122,366,9,152,202,605,239
0.25310122801879886,0.9866666666666667,0.976,65.51623917230064,0.6059602649006622,0.7342657342657343,0.8551328671328671,0.9599740608889229,366,9,152,201,604,238
0.2536180886344887,0.9866666666666667,0.976,65.19028773363249,0.6069651741293532,0.736013986013986,0.856006993006993,0.9600990296467333,366,9,151,200,603,237
0.2568389760361136,0.9866666666666667,0.976,64.86433629496432,0.6079734219269103,0.7377622377622378,0.856881118881119,0.960223998404544,366,9,150,199,602,236
0.2578246908748457,0.9866666666666667,0.976,64.53838485629616,0.6089850249584027,0.7377622377622378,0.856881118881119,0.9603489671623545,366,9,150,198,601,235
0.25973846518317223,0.9866666666666667,0.976,64.212433417628,0.61,0.7395104895104895,0.8577552447552448,0.9604739359201651,366,9,149,197,600,234
0.2607916278100505,0.9866666666666667,0.976,63.886481978959836,0.6110183639398998,0.7395104895104895,0.8577552447552448,0.9605989046779756,366,9,149,196,599,233
0.26145616573623387,0.9866666666666667,0.976,63.56053054029167,0.6120401337792643,0.7412587412587412,0.8586293706293706,0.9607238734357861,366,9,148,195,598,232
0.26252075621646276,0.9866666666666667,0.976,63.23457910162351,0.6130653266331658,0.743006993006993,0.8595034965034964,0.9608488421935967,366,9,147,194,597,231
0.2638709239069497,0.9866666666666667,0.976,62.90862766295535,0.6140939597315436,0.7447552447552448,0.8603776223776224,0.9609738109514072,366,9,146,193,596,230
0.26387656328072673,0.9866666666666667,0.976,62.582676224287184,0.6151260504201681,0.7465034965034965,0.8612517482517482,0.9610987797092179,366,9,145,192,595,229
0.26472051315721323,0.9866666666666667,0.976,62.582676224287184,0.6161616161616161,0.7465034965034965,0.8612517482517482,0.9612237484670283,366,9,145,192,594,228
0.2649195182421296,0.9866666666666667,0.976,62.582676224287184,0.6172006745362564,0.7465034965034965,0.8612517482517482,0.961348717224839,366,9,145,192,593,227
0.2658071067734466,0.9866666666666667,0.976,62.25672478561903,0.6182432432432432,0.7482517482517482,0.8621258741258742,0.9614736859826494,366,9,144,191,592,226
0.2682878723383311,0.9866666666666667,0.976,61.930773346950865,0.6192893401015228,0.75,0.863,0.96159865474046,366,9,143,190,591,225
0.2698686082844896,0.9866666666666667,0.976,61.6048219082827,0.6203389830508474,0.7517482517482518,0.8638741258741258,0.9617236234982705,366,9,142,189,590,224
0.27137510416908805,0.9866666666666667,0.976,61.27887046961454,0.6213921901528013,0.7534965034965035,0.8647482517482518,0.9618485922560811,366,9,141,188,589,223
0.2744173344155778,0.9866666666666667,0.976,60.952919030946376,0.6224489795918368,0.7534965034965035,0.8647482517482518,0.9619735610138916,366,9,141,187,588,222
0.2750843358283878,0.9866666666666667,0.976,60.62696759227821,0.6235093696763203,0.7534965034965035,0.8647482517482518,0.9620985297717022,366,9,141,186,587,221
0.2753961224895265,0.9866666666666667,0.976,60.30101615361005,0.6245733788395904,0.7534965034965035,0.8647482517482518,0.9622234985295127,366,9,141,185,586,220
0.2758675355442799,0.9866666666666667,0.976,59.97506471494189,0.6256410256410256,0.7552447552447552,0.8656223776223776,0.9623484672873233,366,9,140,184,585,219
0.2818417067823744,0.9866666666666667,0.976,59.649113276273724,0.6267123287671232,0.756993006993007,0.8664965034965035,0.9624734360451338,366,9,139,183,584,218
0.2820017057487961,0.9866666666666667,0.976,59.32316183760556,0.62778730703259,0.7587412587412588,0.8673706293706294,0.9625984048029443,366,9,138,182,583,217
0.2830313472275759,0.9866666666666667,0.976,58.9972103989374,0.6288659793814433,0.7604895104895105,0.8682447552447552,0.9627233735607549,366,9,137,181,582,216
0.2832043199671755,0.9866666666666667,0.976,58.671258960269235,0.6299483648881239,0.7622377622377622,0.869118881118881,0.9628483423185654,366,9,136,180,581,215
0.2841135095880965,0.9866666666666667,0.976,58.34530752160108,0.6310344827586207,0.763986013986014,0.869993006993007,0.9629733110763761,366,9,135,179,580,214
0.2842488579979384,0.9866666666666667,0.976,58.019356082932916,0.6321243523316062,0.7657342657342657,0.8708671328671329,0.9630982798341865,366,9,134,178,579,213
0.28683047249021837,0.9866666666666667,0.976,57.69340464426475,0.6332179930795848,0.7657342657342657,0.8708671328671329,0.9632232485919971,366,9,134,177,578,212
0.28720610817638564,0.9866666666666667,0.976,57.36745320559659,0.634315424610052,0.7657342657342657,0.8708671328671329,0.9633482173498076,366,9,134,176,577,211
0.2877005319659158,0.9866666666666667,0.976,57.36745320559659,0.6354166666666666,0.7657342657342657,0.8708671328671329,0.9634731861076182,366,9,134,176,576,210
0.28898817806250154,0.9866666666666667,0.976,57.04150176692843,0.6365217391304347,0.7657342657342657,0.8708671328671329,0.9635981548654287,366,9,134,175,575,209
0.2892842883793496,0.9866666666666667,0.976,56.715550328260264,0.6376306620209059,0.7657342657342657,0.8708671328671329,0.9637231236232393,366,9,134,174,574,208
0.2915552236385845,0.9866666666666667,0.976,56.3895988895921,0.6387434554973822,0.7674825174825175,0.8717412587412587,0.9638480923810498,366,9,133,173,573,207
0.2966465526791038,0.9866666666666667,0.976,56.3895988895921,0.6398601398601399,0.7674825174825175,0.8717412587412587,0.9639730611388604,366,9,133,173,572,206
0.29787287914839816,0.9866666666666667,0.976,56.06364745092394,0.6409807355516638,0.7692307692307693,0.8726153846153846,0.9640980298966709,366,9,132,172,571,205
0.2995728048915892,0.9866666666666667,0.976,55.737696012255775,0.6421052631578947,0.7709790209790209,0.8734895104895104,0.9642229986544815,366,9,131,171,570,204
0.30147807941399446,0.9866666666666667,0.976,55.41174457358761,0.6432337434094904,0.7727272727272727,0.8743636363636363,0.964347967412292,366,9,130,170,569,203
0.30518820738522373,0.9866666666666667,0.976,55.08579313491945,0.6443661971830986,0.7727272727272727,0.8743636363636363,0.9644729361701025,366,9,130,169,568,202
0.30602194260985327,0.9866666666666667,0.976,54.759841696251286,0.6455026455026455,0.7727272727272727,0.8743636363636363,0.9645979049279132,366,9,130,168,567,201
0.30689845650402625,0.9866666666666667,0.976,54.759841696251286,0.6466431095406361,0.7727272727272727,0.8743636363636363,0.9647228736857236,366,9,130,168,566,200
0.31156466319314435,0.9866666666666667,0.976,54.43389025758312,0.647787610619469,0.7744755244755245,0.8752377622377623,0.9648478424435343,366,9,129,167,565,199
0.31317555154496585,0.9866666666666667,0.976,54.10793881891497,0.648936170212766,0.7744755244755245,0.8752377622377623,0.9649728112013447,366,9,129,166,564,198
0.3144142309201771,0.9866666666666667,0.976,53.781987380246804,0.650088809946714,0.7762237762237763,0.8761118881118881,0.9650977799591554,366,9,128,165,563,197
0.31581244470200576,0.9866666666666667,0.976,53.45603594157864,0.6512455516014235,0.7762237762237763,0.8761118881118881,0.9652227487169658,366,9,128,164,562,196
0.31685392551294095,0.9866666666666667,0.9733333333333334,53.45603594157864,0.6506238859180036,0.7762237762237763,0.8747785547785548,0.963927411929401,365,10,128,164,561,196
0.31719198958794825,0.9866666666666667,0.9733333333333334,53.13008450291048,0.6517857142857143,0.777972027972028,0.8756526806526808,0.9640523806872117,365,10,127,163,560,195
0.31722163663462294,0.9866666666666667,0.9733333333333334,52.804133064242315,0.6529516994633273,0.7797202797202797,0.8765268065268066,0.9641773494450221,365,10,126,162,559,194
0.317655664203949,0.9866666666666667,0.9733333333333334,52.47818162557415,0.6541218637992832,0.7814685314685315,0.8774009324009324,0.9643023182028327,365,10,125,161,558,193
0.3181419431302036,0.9866666666666667,0.9733333333333334,52.15223018690599,0.6552962298025135,0.7814685314685315,0.8774009324009324,0.9644272869606433,365,10,125,160,557,192
0.318282828557136,0.9866666666666667,0.9733333333333334,51.826278748237826,0.6564748201438849,0.7832167832167832,0.8782750582750583,0.9645522557184538,365,10,124,159,556,191
0.31941606336051126,0.9866666666666667,0.9733333333333334,51.826278748237826,0.6576576576576577,0.7832167832167832,0.8782750582750583,0.9646772244762644,365,10,124,159,555,190
0.32036250904509667,0.9866666666666667,0.9733333333333334,51.50032730956966,0.6588447653429603,0.784965034965035,0.8791491841491842,0.9648021932340749,365,10,123,158,554,189
0.3207297911726933,0.9866666666666667,0.9733333333333334,51.1743758709015,0.6600361663652803,0.7867132867132867,0.88002331002331,0.9649271619918854,365,10,122,157,553,188
0.3242807444735802,0.9866666666666667,0.9733333333333334,51.1743758709015,0.6612318840579711,0.7867132867132867,0.88002331002331,0.965052130749696,365,10,122,157,552,187
0.32884210673448255,0.9866666666666667,0.9733333333333334,50.84842443223334,0.662431941923775,0.7884615384615384,0.880897435897436,0.9651770995075066,365,10,121,156,551,186
0.32983225145808137,0.9866666666666667,0.9733333333333334,50.522472993565174,0.6636363636363637,0.7902097902097902,0.8817715617715618,0.9653020682653171,365,10,120,155,550,185
0.33064711477318653,0.9866666666666667,0.9733333333333334,50.19652155489702,0.6648451730418944,0.7902097902097902,0.8817715617715618,0.9654270370231277,365,10,120,154,549,184
0.33120706042621184,0.9866666666666667,0.9733333333333334,49.870570116228855,0.666058394160584,0.791958041958042,0.8826456876456876,0.9655520057809381,365,10,119,153,548,183
0.3349010207470036,0.9866666666666667,0.9733333333333334,49.54461867756069,0.6672760511882998,0.791958041958042,0.8826456876456876,0.9656769745387488,365,10,119,152,547,182
0.34285101320006944,0.9866666666666667,0.9733333333333334,49.54461867756069,0.6684981684981685,0.791958041958042,0.8826456876456876,0.9658019432965592,365,10,119,152,546,181
0.3430382217904781,0.9866666666666667,0.9733333333333334,49.21866723889253,0.6697247706422018,0.7937062937062938,0.8835198135198136,0.9659269120543699,365,10,118,151,545,180
0.34472496188682794,0.9866666666666667,0.9733333333333334,48.892715800224366,0.6709558823529411,0.7937062937062938,0.8835198135198136,0.9660518808121804,365,10,118,150,544,179
0.34521247580765574,0.9866666666666667,0.9733333333333334,48.5667643615562,0.6721915285451197,0.7954545454545454,0.8843939393939394,0.966176849569991,365,10,117,149,543,178
0.34626638747683947,0.9866666666666667,0.9733333333333334,48.24081292288804,0.6734317343173432,0.7972027972027972,0.8852680652680653,0.9663018183278015,365,10,116,148,542,177
0.34939915540448924,0.9866666666666667,0.9733333333333334,47.91486148421988,0.6746765249537893,0.798951048951049,0.8861421911421912,0.966426787085612,365,10,115,147,541,176
0.3513201483505615,0.9866666666666667,0.9733333333333334,47.588910045551714,0.6759259259259259,0.8006993006993007,0.887016317016317,0.9665517558434226,365,10,114,146,540,175
0.35195696006543203,0.9866666666666667,0.9733333333333334,47.26295860688355,0.6771799628942486,0.8024475524475524,0.8878904428904428,0.9666767246012331,365,10,113,145,539,174
0.35510956908732205,0.9866666666666667,0.9733333333333334,47.26295860688355,0.6784386617100372,0.8024475524475524,0.8878904428904428,0.9668016933590436,365,10,113,145,538,173
0.36079673788583344,0.9866666666666667,0.9733333333333334,46.93700716821539,0.6797020484171322,0.8024475524475524,0.8878904428904428,0.9669266621168542,365,10,113,144,537,172
0.36203629614002997,0.9866666666666667,0.9733333333333334,46.93700716821539,0.6809701492537313,0.8024475524475524,0.8878904428904428,0.9670516308746648,365,10,113,144,536,171
0.3629174938384982,0.9866666666666667,0.9733333333333334,46.611055729547225,0.6822429906542056,0.8041958041958042,0.8887645687645688,0.9671765996324753,365,10,112,143,535,170
0.36632050272427,0.9866666666666667,0.9733333333333334,46.28510429087907,0.6835205992509363,0.8059440559440559,0.8896386946386947,0.9673015683902859,365,10,111,142,534,169
0.3700600332182042,0.9866666666666667,0.9733333333333334,46.28510429087907,0.6848030018761726,0.8059440559440559,0.8896386946386947,0.9660062316027211,365,10,111,142,533,168
0.37073888916823655,0.9866666666666667,0.9733333333333334,45.959152852210906,0.6860902255639098,0.8076923076923077,0.8905128205128205,0.9661312003605316,365,10,110,141,532,167
0.3746234099214709,0.9866666666666667,0.9733333333333334,45.63320141354274,0.687382297551789,0.8094405594405595,0.8913869463869464,0.9662561691183422,365,10,109,140,531,166
0.37502241793965413,0.9866666666666667,0.9733333333333334,45.30724997487458,0.6886792452830188,0.8111888111888111,0.8922610722610722,0.9663811378761527,365,10,108,139,530,165
0.37527532378191525,0.9866666666666667,0.9733333333333334,45.30724997487458,0.6899810964083176,0.8111888111888111,0.8922610722610722,0.9650858010885879,365,10,108,139,529,164
0.3760000959562552,0.9866666666666667,0.9733333333333334,45.30724997487458,0.6912878787878788,0.8111888111888111,0.8922610722610722,0.9652107698463985,365,10,108,139,528,163
0.37792912283522134,0.9866666666666667,0.9733333333333334,44.98129853620642,0.6925996204933587,0.8129370629370629,0.8931351981351981,0.9653357386042091,365,10,107,138,527,162
0.38037401702707974,0.9866666666666667,0.9733333333333334,44.655347097538254,0.6939163498098859,0.8129370629370629,0.8931351981351981,0.9654607073620196,365,10,107,137,526,161
0.3806222918522379,0.9866666666666667,0.9733333333333334,44.32939565887009,0.6952380952380952,0.8146853146853147,0.8940093240093241,0.9655856761198301,365,10,106,136,525,160
0.3822099306565648,0.9866666666666667,0.9733333333333334,44.00344422020193,0.6965648854961832,0.8146853146853147,0.8940093240093241,0.9657106448776407,365,10,106,135,524,159
0.3823916965352033,0.9866666666666667,0.9733333333333334,43.677492781533765,0.6978967495219885,0.8164335664335665,0.8948834498834499,0.9658356136354512,365,10,105,134,523,158
0.38609643422175566,0.9866666666666667,0.9733333333333334,43.3515413428656,0.6992337164750958,0.8181818181818182,0.8957575757575758,0.9659605823932618,365,10,104,133,522,157
0.3868876874901097,0.9866666666666667,0.9733333333333334,43.02558990419744,0.7005758157389635,0.8181818181818182,0.8957575757575758,0.9660855511510723,365,10,104,132,521,156
0.3907919807531525,0.9866666666666667,0.9733333333333334,43.02558990419744,0.7019230769230769,0.8181818181818182,0.8957575757575758,0.9662105199088828,365,10,104,132,520,155
0.3950861083717375,0.9866666666666667,0.9733333333333334,42.699638465529276,0.7032755298651252,0.8181818181818182,0.8957575757575758,0.9663354886666935,365,10,104,131,519,154
0.39727817585008257,0.9866666666666667,0.9733333333333334,42.37368702686111,0.7046332046332047,0.8199300699300699,0.8966317016317016,0.9664604574245039,365,10,103,130,518,153
0.3993435447641506,0.9866666666666667,0.9733333333333334,42.04773558819296,0.7059961315280464,0.8216783216783217,0.8975058275058275,0.9665854261823146,365,10,102,129,517,152
0.4042004441322926,0.9866666666666667,0.9733333333333334,41.721784149524794,0.7073643410852714,0.8234265734265734,0.8983799533799535,0.966710394940125,365,10,101,128,516,151
0.4046164536852398,0.9866666666666667,0.9733333333333334,41.39583271085663,0.7087378640776699,0.8251748251748252,0.8992540792540793,0.9668353636979357,365,10,100,127,515,150
0.40497881888870824,0.9866666666666667,0.9733333333333334,41.06988127218847,0.7101167315175098,0.8269230769230769,0.9001282051282051,0.9669603324557461,365,10,99,126,514,149
0.40591623398314514,0.9866666666666667,0.9733333333333334,40.743929833520305,0.7115009746588694,0.8286713286713286,0.901002331002331,0.9670853012135567,365,10,98,125,513,148
0.41506802411377625,0.9866666666666667,0.9733333333333334,40.41797839485214,0.712890625,0.8304195804195804,0.9018764568764569,0.9672102699713673,365,10,97,124,512,147
0.41556049076899926,0.9866666666666667,0.9733333333333334,40.09202695618398,0.7142857142857143,0.8321678321678322,0.9027505827505828,0.9673352387291778,365,10,96,123,511,146
0.4156904219591105,0.9866666666666667,0.9733333333333334,39.766075517515816,0.7156862745098039,0.833916083916084,0.9036247086247087,0.9674602074869884,365,10,95,122,510,145
0.41769930098379676,0.9866666666666667,0.9733333333333334,39.44012407884765,0.7170923379174853,0.8356643356643356,0.9044988344988345,0.9675851762447989,365,10,94,121,509,144
0.41781750574223686,0.9866666666666667,0.9733333333333334,39.44012407884765,0.718503937007874,0.8356643356643356,0.9044988344988345,0.9677101450026094,365,10,94,121,508,143
0.4191108402781676,0.9866666666666667,0.9733333333333334,39.44012407884765,0.7199211045364892,0.8356643356643356,0.9044988344988345,0.96783511376042,365,10,94,121,507,142
0.42067156288039737,0.9866666666666667,0.9733333333333334,39.11417264017949,0.7213438735177866,0.8356643356643356,0.9044988344988345,0.9679600825182306,365,10,94,120,506,141
0.425216987600831,0.9866666666666667,0.9733333333333334,38.78822120151133,0.7227722772277227,0.8374125874125874,0.9053729603729603,0.968085051276041,365,10,93,119,505,140
0.42668849270473036,0.9866666666666667,0.9733333333333334,38.462269762843164,0.7242063492063492,0.8374125874125874,0.9053729603729603,0.9682100200338517,365,10,93,118,504,139
0.4269212834033115,0.9866666666666667,0.9733333333333334,38.13631832417501,0.7256461232604374,0.8391608391608392,0.9062470862470863,0.9683349887916621,365,10,92,117,503,138
0.43961220487797853,0.9866666666666667,0.9733333333333334,38.13631832417501,0.7270916334661355,0.8391608391608392,0.9062470862470863,0.9684599575494728,365,10,92,117,502,137
0.44906319948776735,0.9866666666666667,0.9706666666666667,38.13631832417501,0.7265469061876247,0.8391608391608392,0.904913752913753,0.967164620761908,364,11,92,117,501,137
0.44916941037854674,0.9866666666666667,0.9706666666666667,37.810366885506845,0.728,0.8409090909090909,0.9057878787878788,0.9672895895197184,364,11,91,116,500,136
0.45004957379980265,0.9866666666666667,0.968,37.810366885506845,0.7274549098196392,0.8409090909090909,0.9044545454545454,0.9659942527321537,363,12,91,116,499,136
0.45058861477125706,0.9866666666666667,0.968,37.48441544683868,0.7289156626506024,0.8426573426573427,0.9053286713286713,0.9661192214899643,363,12,90,115,498,135
0.45665960823778723,0.9866666666666667,0.968,37.15846400817052,0.7303822937625755,0.8444055944055944,0.9062027972027972,0.9662441902477749,363,12,89,114,497,134
0.4569109231709257,0.9866666666666667,0.968,36.832512569502356,0.7318548387096774,0.8461538461538461,0.9070769230769231,0.9663691590055854,363,12,88,113,496,133
0.45950231379413825,0.9866666666666667,0.968,36.50656113083419,0.7333333333333333,0.8461538461538461,0.9070769230769231,0.9664941277633959,363,12,88,112,495,132
0.4597743361239999,0.9866666666666667,0.968,36.18060969216603,0.7348178137651822,0.8479020979020979,0.907951048951049,0.9666190965212065,363,12,87,111,494,131
0.46235863328241367,0.9866666666666667,0.968,36.18060969216603,0.7363083164300203,0.8479020979020979,0.907951048951049,0.966744065279017,363,12,87,111,493,130
0.46272350817087915,0.9866666666666667,0.968,36.18060969216603,0.7378048780487805,0.8479020979020979,0.907951048951049,0.9668690340368276,363,12,87,111,492,129
0.4661993923983906,0.9866666666666667,0.968,35.85465825349787,0.7393075356415478,0.8496503496503497,0.9088251748251748,0.9669940027946381,363,12,86,110,491,128
0.46846331046675477,0.9866666666666667,0.968,35.528706814829704,0.7408163265306122,0.8513986013986014,0.9096993006993006,0.9671189715524486,363,12,85,109,490,127
0.47076136558319465,0.9866666666666667,0.968,35.20275537616154,0.7423312883435583,0.8513986013986014,0.9096993006993006,0.9672439403102593,363,12,85,108,489,126
0.47277818655828646,0.9866666666666667,0.968,34.87680393749338,0.7438524590163934,0.8531468531468531,0.9105734265734265,0.9673689090680697,363,12,84,107,488,125
0.4760367819694557,0.9866666666666667,0.968,34.550852498825215,0.7453798767967146,0.8531468531468531,0.9105734265734265,0.9674938778258804,363,12,84,106,487,124
0.47798917136269503,0.9866666666666667,0.968,34.22490106015706,0.7469135802469136,0.8531468531468531,0.9105734265734265,0.9676188465836908,363,12,84,105,486,123
0.4793476595791847,0.9866666666666667,0.968,33.898949621488896,0.7484536082474227,0.8548951048951049,0.9114475524475525,0.9677438153415014,363,12,83,104,485,122
0.47967490488615405,0.9866666666666667,0.968,33.57299818282073,0.75,0.8548951048951049,0.9114475524475525,0.9678687840993119,363,12,83,103,484,121
0.48114910532613964,0.9866666666666667,0.968,33.24704674415257,0.7515527950310559,0.8566433566433567,0.9123216783216783,0.9679937528571225,363,12,82,102,483,120
0.4812092202401151,0.9866666666666667,0.968,32.92109530548441,0.7531120331950207,0.8583916083916084,0.9131958041958042,0.9681187216149331,363,12,81,101,482,119
0.483012216182586,0.9866666666666667,0.968,32.595143866816244,0.7546777546777547,0.8583916083916084,0.9131958041958042,0.9682436903727436,363,12,81,100,481,118
0.484696941721278,0.9866666666666667,0.968,32.26919242814808,0.75625,0.8601398601398601,0.91406993006993,0.9683686591305541,363,12,80,99,480,117
0.48909646202831913,0.9866666666666667,0.968,31.943240989479918,0.7578288100208769,0.8618881118881119,0.9149440559440559,0.9684936278883647,363,12,79,98,479,116
0.4900826986360844,0.9866666666666667,0.968,31.617289550811755,0.7594142259414226,0.8636363636363636,0.9158181818181819,0.9686185966461752,363,12,78,97,478,115
0.49218152924400554,0.9866666666666667,0.968,31.291338112143592,0.7610062893081762,0.8653846153846154,0.9166923076923077,0.9687435654039858,363,12,77,96,477,114
0.5046397839115505,0.9866666666666667,0.968,30.965386673475432,0.7626050420168067,0.8671328671328671,0.9175664335664335,0.9688685341617963,363,12,76,95,476,113
0.5117912138271704,0.9866666666666667,0.968,30.63943523480727,0.7642105263157895,0.8688811188811189,0.9184405594405594,0.9689935029196068,363,12,75,94,475,112
0.5199672685052321,0.9866666666666667,0.968,30.313483796139106,0.7658227848101266,0.8706293706293706,0.9193146853146853,0.9691184716774175,363,12,74,93,474,111
0.5266323548320225,0.9866666666666667,0.968,30.313483796139106,0.7674418604651163,0.8706293706293706,0.9193146853146853,0.9692434404352279,363,12,74,93,473,110
0.5272192886350757,0.9866666666666667,0.968,29.987532357470943,0.7690677966101694,0.8706293706293706,0.9193146853146853,0.9693684091930386,363,12,74,92,472,109
0.5292901258075253,0.9866666666666667,0.968,29.66158091880278,0.7707006369426752,0.8723776223776224,0.9201888111888112,0.969493377950849,363,12,73,91,471,108
0.5347076937350131,0.9866666666666667,0.968,29.335629480134617,0.7723404255319148,0.8741258741258742,0.9210629370629371,0.9696183467086597,363,12,72,90,470,107
0.5360497680984562,0.9866666666666667,0.968,29.009678041466458,0.7739872068230277,0.8758741258741258,0.9219370629370629,0.9697433154664701,363,12,71,89,469,106
0.537792590262477,0.9866666666666667,0.968,28.683726602798295,0.7756410256410257,0.8758741258741258,0.9219370629370629,0.9698682842242807,363,12,71,88,468,105
0.5381513963858197,0.9866666666666667,0.968,28.357775164130132,0.7773019271948608,0.8776223776223776,0.9228111888111887,0.9699932529820913,363,12,70,87,467,104
0.542374219612342,0.9866666666666667,0.968,28.03182372546197,0.778969957081545,0.8793706293706294,0.9236853146853147,0.9701182217399018,363,12,69,86,466,103
0.5449621434354002,0.9866666666666667,0.968,27.705872286793806,0.7806451612903226,0.8811188811188811,0.9245594405594406,0.9702431904977123,363,12,68,85,465,102
0.5494615815798344,0.9866666666666667,0.968,27.379920848125643,0.7823275862068966,0.8828671328671329,0.9254335664335664,0.9703681592555229,363,12,67,84,464,101
0.5502189890166341,0.9866666666666667,0.968,27.379920848125643,0.7840172786177105,0.8828671328671329,0.9254335664335664,0.9704931280133334,363,12,67,84,463,100
0.5506131028736916,0.9866666666666667,0.968,27.379920848125643,0.7857142857142857,0.8828671328671329,0.9254335664335664,0.970618096771144,363,12,67,84,462,99
0.555784046649563,0.9866666666666667,0.9653333333333334,27.379920848125643,0.7852494577006508,0.8828671328671329,0.9241002331002331,0.9693227599835792,362,13,67,84,461,99
0.5578180089306314,0.9866666666666667,0.9653333333333334,27.379920848125643,0.7869565217391304,0.8828671328671329,0.9241002331002331,0.9694477287413898,362,13,67,84,460,98
0.5709763796454308,0.9866666666666667,0.9653333333333334,27.053969409457483,0.7886710239651417,0.8846153846153846,0.924974358974359,0.9695726974992003,362,13,66,83,459,97
0.5762558174168774,0.9866666666666667,0.9653333333333334,26.72801797078932,0.7903930131004366,0.8846153846153846,0.924974358974359,0.9696976662570109,362,13,66,82,458,96
0.5778429658562667,0.9866666666666667,0.9653333333333334,26.402066532121157,0.7921225382932167,0.8863636363636364,0.9258484848484849,0.9698226350148214,362,13,65,81,457,95
0.5862256062243876,0.9866666666666667,0.9653333333333334,26.076115093452994,0.793859649122807,0.8881118881118881,0.9267226107226108,0.969947603772632,362,13,64,80,456,94
0.5875861498584793,0.9866666666666667,0.9653333333333334,25.75016365478483,0.7956043956043956,0.8898601398601399,0.9275967365967366,0.9700725725304424,362,13,63,79,455,93
0.5927383226044539,0.9866666666666667,0.9653333333333334,25.42421221611667,0.7973568281938326,0.8916083916083916,0.9284708624708624,0.9701975412882531,362,13,62,78,454,92
0.5964489210806702,0.9866666666666667,0.9653333333333334,25.09826077744851,0.7991169977924945,0.8933566433566433,0.9293449883449884,0.9703225100460636,362,13,61,77,453,91
0.59926967942391,0.9866666666666667,0.9653333333333334,24.772309338780346,0.8008849557522124,0.8933566433566433,0.9293449883449884,0.9704474788038742,362,13,61,76,452,90
0.6022293109872602,0.9866666666666667,0.9653333333333334,24.446357900112183,0.802660753880266,0.8951048951048951,0.9302191142191143,0.9705724475616847,362,13,60,75,451,89
0.603161948553605,0.9866666666666667,0.9653333333333334,24.12040646144402,0.8044444444444444,0.8951048951048951,0.9302191142191143,0.9706974163194952,362,13,60,74,450,88
0.6072891142841084,0.9866666666666667,0.9653333333333334,23.794455022775857,0.8062360801781737,0.8968531468531469,0.9310932400932401,0.9708223850773058,362,13,59,73,449,87
0.6132281860617499,0.9866666666666667,0.9653333333333334,23.468503584107694,0.8080357142857143,0.8986013986013986,0.931967365967366,0.9709473538351163,362,13,58,72,448,86
0.6174757712408941,0.9866666666666667,0.9653333333333334,23.142552145439534,0.8098434004474273,0.8986013986013986,0.931967365967366,0.9710723225929269,362,13,58,71,447,85
0.6228970226039063,0.9866666666666667,0.9653333333333334,22.81660070677137,0.8116591928251121,0.9003496503496503,0.9328414918414918,0.9711972913507374,362,13,57,70,446,84
0.62994771343839,0.9866666666666667,0.9653333333333334,22.49064926810321,0.8134831460674158,0.9020979020979021,0.9337156177156177,0.971322260108548,362,13,56,69,445,83
0.6319531160984713,0.9866666666666667,0.9653333333333334,22.164697829435045,0.8153153153153153,0.9038461538461539,0.9345897435897437,0.9714472288663585,362,13,55,68,444,82
0.632536185214378,0.9866666666666667,0.9653333333333334,21.838746390766882,0.8171557562076749,0.9038461538461539,0.9345897435897437,0.9715721976241691,362,13,55,67,443,81
0.633413481171061,0.9866666666666667,0.9653333333333334,21.838746390766882,0.8190045248868778,0.9038461538461539,0.9345897435897437,0.9702768608366044,362,13,55,67,442,80
0.633519732687793,0.9866666666666667,0.9653333333333334,21.51279495209872,0.8208616780045351,0.9055944055944056,0.9354638694638695,0.9704018295944148,362,13,54,66,441,79
0.6381855563059147,0.9866666666666667,0.9653333333333334,21.186843513430556,0.8227272727272728,0.9073426573426573,0.9363379953379953,0.9705267983522254,362,13,53,65,440,78
0.6392796846769453,0.9866666666666667,0.9653333333333334,20.860892074762397,0.8246013667425968,0.9090909090909091,0.9372121212121212,0.9706517671100359,362,13,52,64,439,77
0.6429606395216478,0.9866666666666667,0.9653333333333334,20.534940636094234,0.8264840182648402,0.9108391608391608,0.9380862470862471,0.9707767358678465,362,13,51,63,438,76
0.6429981621166263,0.9866666666666667,0.9653333333333334,20.20898919742607,0.8283752860411899,0.9125874125874126,0.938960372960373,0.9709017046256571,362,13,50,62,437,75
0.6438838415571322,0.9866666666666667,0.9653333333333334,19.883037758757908,0.8302752293577982,0.9125874125874126,0.938960372960373,0.9710266733834676,362,13,50,61,436,74
0.6460724712823631,0.9866666666666667,0.9653333333333334,19.557086320089745,0.832183908045977,0.9125874125874126,0.938960372960373,0.9711516421412781,362,13,50,60,435,73
0.6466035322845749,0.9866666666666667,0.9653333333333334,19.557086320089745,0.8341013824884793,0.9125874125874126,0.938960372960373,0.9712766108990887,362,13,50,60,434,72
0.6492522933671506,0.9866666666666667,0.9653333333333334,19.231134881421582,0.836027713625866,0.9125874125874126,0.938960372960373,0.9714015796568992,362,13,50,59,433,71
0.6562285733044533,0.9866666666666667,0.9653333333333334,18.905183442753422,0.8379629629629629,0.9143356643356644,0.9398344988344989,0.9715265484147098,362,13,49,58,432,70
0.6599209540768313,0.9866666666666667,0.9653333333333334,18.57923200408526,0.839907192575406,0.916083916083916,0.9407086247086247,0.9716515171725203,362,13,48,57,431,69
0.661255133294415,0.9866666666666667,0.9653333333333334,18.253280565417096,0.8418604651162791,0.9178321678321678,0.9415827505827505,0.9717764859303308,362,13,47,56,430,68
0.6685240372020606,0.9866666666666667,0.9653333333333334,17.927329126748933,0.8438228438228438,0.9195804195804196,0.9424568764568765,0.9719014546881415,362,13,46,55,429,67
0.6715486876081569,0.9866666666666667,0.9653333333333334,17.60137768808077,0.8457943925233645,0.9195804195804196,0.9424568764568765,0.9720264234459519,362,13,46,54,428,66
0.6729776834595977,0.9866666666666667,0.9653333333333334,17.60137768808077,0.8477751756440282,0.9195804195804196,0.9424568764568765,0.9721513922037626,362,13,46,54,427,65
0.6745310083572822,0.9866666666666667,0.9653333333333334,17.275426249412607,0.8497652582159625,0.9195804195804196,0.9424568764568765,0.972276360961573,362,13,46,53,426,64
0.6803391791148284,0.9866666666666667,0.9653333333333334,16.949474810744448,0.851764705882353,0.9213286713286714,0.9433310023310024,0.9724013297193836,362,13,45,52,425,63
0.6840958156191657,0.9866666666666667,0.9653333333333334,16.623523372076285,0.8537735849056604,0.9213286713286714,0.9433310023310024,0.9725262984771941,362,13,45,51,424,62
0.6844928332296413,0.9866666666666667,0.9653333333333334,16.297571933408122,0.8557919621749409,0.9230769230769231,0.9442051282051283,0.9726512672350047,362,13,44,50,423,61
0.6853442586141696,0.9866666666666667,0.9653333333333334,15.971620494739959,0.8578199052132701,0.9248251748251748,0.9450792540792541,0.9727762359928153,362,13,43,49,422,60
0.704895722382648,0.9866666666666667,0.9653333333333334,15.645669056071796,0.8598574821852731,0.9265734265734266,0.9459533799533799,0.9729012047506258,362,13,42,48,421,59
0.7091952814436633,0.9866666666666667,0.9653333333333334,15.319717617403635,0.861904761904762,0.9283216783216783,0.9468275058275059,0.9730261735084363,362,13,41,47,420,58
0.7122203576769233,0.9866666666666667,0.9653333333333334,14.993766178735472,0.863961813842482,0.9300699300699301,0.9477016317016318,0.9731511422662469,362,13,40,46,419,57
0.7137857467242463,0.9866666666666667,0.9653333333333334,14.667814740067309,0.8660287081339713,0.9300699300699301,0.9477016317016318,0.9732761110240574,362,13,40,45,418,56
0.7194510871398279,0.9866666666666667,0.9653333333333334,14.341863301399147,0.86810551558753,0.9318181818181818,0.9485757575757576,0.973401079781868,362,13,39,44,417,55
0.7219180357663827,0.9866666666666667,0.9653333333333334,14.015911862730984,0.8701923076923077,0.9335664335664335,0.9494498834498835,0.9735260485396786,362,13,38,43,416,54
0.7263118523845578,0.9866666666666667,0.9653333333333334,13.689960424062821,0.8722891566265061,0.9335664335664335,0.9494498834498835,0.973651017297489,362,13,38,42,415,53
0.7283946106010902,0.9866666666666667,0.9653333333333334,13.36400898539466,0.8743961352657005,0.9353146853146853,0.9503240093240093,0.9737759860552997,362,13,37,41,414,52
0.7304395492038996,0.9866666666666667,0.9653333333333334,13.038057546726497,0.8765133171912833,0.9370629370629371,0.9511981351981352,0.9739009548131101,362,13,36,40,413,51
0.7466627213744806,0.9866666666666667,0.9653333333333334,13.038057546726497,0.8786407766990292,0.9370629370629371,0.9511981351981352,0.9726056180255453,362,13,36,40,412,50
0.754311719222474,0.9866666666666667,0.9626666666666667,13.038057546726497,0.878345498783455,0.9370629370629371,0.9498648018648019,0.9713102812379806,361,14,36,40,411,50
0.7553717562100631,0.9866666666666667,0.9626666666666667,12.712106108058334,0.8804878048780488,0.9388111888111889,0.9507389277389278,0.9714352499957912,361,14,35,39,410,49
0.759731394739698,0.9866666666666667,0.9626666666666667,12.386154669390173,0.882640586797066,0.9388111888111889,0.9507389277389278,0.9715602187536017,361,14,35,38,409,48
0.7636217591298091,0.9866666666666667,0.9626666666666667,12.06020323072201,0.8848039215686274,0.9405594405594405,0.9516130536130536,0.9716851875114123,361,14,34,37,408,47
0.7725897280113381,0.9866666666666667,0.9626666666666667,11.734251792053847,0.8869778869778869,0.9423076923076923,0.9524871794871794,0.9718101562692228,361,14,33,36,407,46
0.7729708280997922,0.9866666666666667,0.9626666666666667,11.408300353385686,0.8891625615763546,0.9440559440559441,0.9533613053613054,0.9719351250270334,361,14,32,35,406,45
0.7821402474732436,0.9866666666666667,0.9626666666666667,11.082348914717523,0.891358024691358,0.9458041958041958,0.9542354312354313,0.9720600937848439,361,14,31,34,405,44
0.782957260500956,0.9866666666666667,0.96,11.082348914717523,0.8910891089108911,0.9458041958041958,0.9529020979020979,0.9707647569972793,360,15,31,34,404,44
0.7884056967559434,0.9866666666666667,0.96,10.75639747604936,0.8933002481389578,0.9458041958041958,0.9529020979020979,0.9708897257550897,360,15,31,33,403,43
0.7884149914543581,0.9866666666666667,0.96,10.430446037381198,0.8955223880597015,0.9475524475524476,0.9537762237762237,0.9710146945129003,360,15,30,32,402,42
0.790159406654204,0.9866666666666667,0.9573333333333334,10.430446037381198,0.8952618453865336,0.9475524475524476,0.9524428904428905,0.9697193577253356,359,16,30,32,401,42
0.7920911669504204,0.9866666666666667,0.9573333333333334,10.104494598713035,0.8975,0.9493006993006993,0.9533170163170164,0.969844326483146,359,16,29,31,400,41
0.7996616334520319,0.9866666666666667,0.9573333333333334,9.778543160044872,0.899749373433584,0.951048951048951,0.9541911421911422,0.9699692952409567,359,16,28,30,399,40
0.8022097124482123,0.9866666666666667,0.9573333333333334,9.452591721376711,0.9020100502512562,0.9527972027972028,0.955065268065268,0.9700942639987672,359,16,27,29,398,39
0.8033850239027794,0.9866666666666667,0.9573333333333334,9.126640282708548,0.9042821158690176,0.9545454545454546,0.955939393939394,0.9702192327565777,359,16,26,28,397,38
0.8065510799214933,0.9866666666666667,0.9573333333333334,8.800688844040385,0.9065656565656566,0.9562937062937062,0.9568135198135198,0.9703442015143883,359,16,25,27,396,37
0.8068646148484685,0.9866666666666667,0.9573333333333334,8.474737405372224,0.9088607594936708,0.958041958041958,0.9576876456876457,0.9704691702721988,359,16,24,26,395,36
0.8077168884219268,0.9866666666666667,0.9573333333333334,8.148785966704061,0.9111675126903553,0.958041958041958,0.9576876456876457,0.9705941390300094,359,16,24,25,394,35
0.807802074847936,0.9866666666666667,0.9573333333333334,7.822834528035898,0.9134860050890585,0.958041958041958,0.9576876456876457,0.9707191077878199,359,16,24,24,393,34
0.8107343965909033,0.9866666666666667,0.9573333333333334,7.496883089367736,0.9158163265306123,0.9597902097902098,0.9585617715617716,0.9708440765456304,359,16,23,23,392,33
0.8126970368137779,0.9866666666666667,0.9573333333333334,7.170931650699574,0.9181585677749361,0.9615384615384616,0.9594358974358974,0.970969045303441,359,16,22,22,391,32
0.8136185252841107,0.9866666666666667,0.9573333333333334,6.844980212031411,0.9205128205128205,0.9632867132867133,0.9603100233100234,0.9710940140612516,359,16,21,21,390,31
0.8215680598903864,0.9866666666666667,0.9573333333333334,6.519028773363249,0.922879177377892,0.965034965034965,0.9611841491841492,0.971218982819062,359,16,20,20,389,30
0.8232756275183506,0.9866666666666667,0.9573333333333334,6.519028773363249,0.9252577319587629,0.965034965034965,0.9611841491841492,0.9699236460314973,359,16,20,20,388,29
0.8251746944668381,0.9866666666666667,0.9546666666666667,6.519028773363249,0.9250645994832042,0.965034965034965,0.9598508158508159,0.9686283092439325,358,17,20,20,387,29
0.8301644834162739,0.9866666666666667,0.9546666666666667,6.1930773346950865,0.927461139896373,0.9667832167832168,0.9607249417249417,0.9687532780017432,358,17,19,19,386,28
0.8303552245016448,0.9866666666666667,0.9546666666666667,5.8671258960269235,0.9298701298701298,0.9685314685314685,0.9615990675990675,0.9688782467595536,358,17,18,18,385,27
0.8308894097435623,0.9866666666666667,0.9546666666666667,5.541174457358761,0.9322916666666666,0.9702797202797203,0.9624731934731935,0.9690032155173642,358,17,17,17,384,26
0.8342892039291737,0.9866666666666667,0.952,5.541174457358761,0.9321148825065274,0.9702797202797203,0.9611398601398602,0.9677078787297995,357,18,17,17,383,26
0.8351837030723335,0.9866666666666667,0.9493333333333334,5.541174457358761,0.9319371727748691,0.9702797202797203,0.9598065268065268,0.9664125419422347,356,19,17,17,382,26
0.8391333772897317,0.9866666666666667,0.9493333333333334,5.215223018690599,0.9343832020997376,0.972027972027972,0.9606806526806526,0.9665375107000451,356,19,16,16,381,25
0.8411722916004216,0.9866666666666667,0.9493333333333334,4.889271580022436,0.9368421052631579,0.9737762237762237,0.9615547785547786,0.9666624794578558,356,19,15,15,380,24
0.8443563173451205,0.9866666666666667,0.9466666666666667,4.889271580022436,0.9366754617414248,0.9737762237762237,0.9602214452214453,0.965367142670291,355,20,15,15,379,24
0.8457868377901803,0.9866666666666667,0.9466666666666667,4.889271580022436,0.9391534391534392,0.9737762237762237,0.9602214452214453,0.9640718058827262,355,20,15,15,378,23
0.8461083755213262,0.9866666666666667,0.9466666666666667,4.889271580022436,0.9416445623342176,0.9737762237762237,0.9602214452214453,0.9627764690951615,355,20,15,15,377,22
0.8492897093798454,0.9866666666666667,0.9466666666666667,4.563320141354274,0.9441489361702128,0.9755244755244755,0.9610955710955711,0.962901437852972,355,20,14,14,376,21
0.8507061207544173,0.9866666666666667,0.944,4.563320141354274,0.944,0.9755244755244755,0.9597622377622377,0.9616061010654072,354,21,14,14,375,21
0.86013834425699,0.9866666666666667,0.944,4.237368702686112,0.946524064171123,0.9772727272727273,0.9606363636363636,0.9617310698232178,354,21,13,13,374,20
0.8637651703284911,0.9866666666666667,0.944,3.911417264017949,0.9490616621983914,0.9790209790209791,0.9615104895104896,0.9618560385810283,354,21,12,12,373,19
0.8669959346042959,0.9866666666666667,0.944,3.585465825349787,0.9516129032258065,0.9807692307692307,0.9623846153846154,0.9619810073388388,354,21,11,11,372,18
0.871084851092374,0.9866666666666667,0.944,3.2595143866816243,0.954177897574124,0.9825174825174825,0.9632587412587412,0.9621059760966494,354,21,10,10,371,17
0.8809065457868103,0.9866666666666667,0.9413333333333334,3.2595143866816243,0.9540540540540541,0.9825174825174825,0.9619254079254079,0.9608106393090846,353,22,10,10,370,17
0.8923207523204854,0.9866666666666667,0.9413333333333334,2.9335629480134617,0.9566395663956639,0.9842657342657343,0.9627995337995339,0.9609356080668952,353,22,9,9,369,16
0.8930973406803575,0.9866666666666667,0.9413333333333334,2.6076115093452996,0.9592391304347826,0.986013986013986,0.9636736596736597,0.9610605768247057,353,22,8,8,368,15
0.8953819225679917,0.9866666666666667,0.9413333333333334,2.281660070677137,0.9618528610354223,0.9877622377622378,0.9645477855477855,0.9611855455825162,353,22,7,7,367,14
0.8958652974576584,0.9866666666666667,0.9413333333333334,1.9557086320089745,0.9644808743169399,0.9895104895104895,0.9654219114219114,0.9613105143403269,353,22,6,6,366,13
0.8987591080215368,0.9866666666666667,0.9386666666666666,1.9557086320089745,0.9643835616438357,0.9895104895104895,0.9640885780885781,0.9600151775527621,352,23,6,6,365,13
0.9034739031596614,0.9866666666666667,0.936,1.9557086320089745,0.9642857142857143,0.9895104895104895,0.9627552447552448,0.9587198407651973,351,24,6,6,364,13
0.9043574684739305,0.9866666666666667,0.936,1.6297571933408121,0.9669421487603306,0.9912587412587412,0.9636293706293706,0.9588448095230079,351,24,5,5,363,12
0.9084609021009128,0.9866666666666667,0.936,1.3038057546726498,0.9696132596685083,0.993006993006993,0.9645034965034965,0.9589697782808184,351,24,4,4,362,11
0.908812824052985,0.9866666666666667,0.936,0.9778543160044872,0.9722991689750693,0.9947552447552448,0.9653776223776225,0.959094747038629,351,24,3,3,361,10
0.9155360232729747,0.9866666666666667,0.9333333333333333,0.9778543160044872,0.9722222222222222,0.9947552447552448,0.9640442890442891,0.9577994102510642,350,25,3,3,360,10
0.9227575932878256,0.9866666666666667,0.9333333333333333,0.6519028773363249,0.9749303621169917,0.9965034965034965,0.9649184149184149,0.9579243790088747,350,25,2,2,359,9
0.9280490331116912,0.9866666666666667,0.9306666666666666,0.6519028773363249,0.9748603351955307,0.9965034965034965,0.9635850815850815,0.95662904222131,349,26,2,2,358,9
0.9282257230902428,0.9866666666666667,0.9306666666666666,0.32595143866816245,0.9775910364145658,0.9982517482517482,0.9644592074592074,0.9567540109791205,349,26,1,1,357,8
0.9316563367814209,0.9866666666666667,0.928,0.32595143866816245,0.9775280898876404,0.9982517482517482,0.9631258741258741,0.9554586741915557,348,27,1,1,356,8
0.9328610905810852,0.9866666666666667,0.928,0.32595143866816245,0.9802816901408451,0.9982517482517482,0.9631258741258741,0.954163337403991,348,27,1,1,355,7
0.9349290957751127,0.9866666666666667,0.9253333333333333,0.32595143866816245,0.980225988700565,0.9982517482517482,0.9617925407925407,0.9528680006164262,347,28,1,1,354,7
0.9394547613556891,0.9866666666666667,0.9253333333333333,0.32595143866816245,0.9830028328611898,0.9982517482517482,0.9617925407925407,0.9515726638288614,347,28,1,1,353,6
0.9402957448569362,0.9866666666666667,0.9226666666666666,0.32595143866816245,0.9829545454545454,0.9982517482517482,0.9604592074592074,0.9502773270412966,346,29,1,1,352,6
0.9417869668616456,0.9866666666666667,0.92,0.32595143866816245,0.9829059829059829,0.9982517482517482,0.9591258741258741,0.9489819902537319,345,30,1,1,351,6
0.942097873851222,0.9866666666666667,0.9173333333333333,0.32595143866816245,0.9828571428571429,0.9982517482517482,0.9577925407925407,0.9476866534661671,344,31,1,1,350,6
0.9428525897836701,0.9866666666666667,0.9146666666666666,0.32595143866816245,0.9828080229226361,0.9982517482517482,0.9564592074592074,0.9463913166786023,343,32,1,1,349,6
0.9436435306200903,0.9866666666666667,0.912,0.32595143866816245,0.9827586206896551,0.9982517482517482,0.9551258741258741,0.9450959798910376,342,33,1,1,348,6
0.9437814025354855,0.9866666666666667,0.9093333333333333,0.32595143866816245,0.9827089337175793,0.9982517482517482,0.9537925407925407,0.9438006431034729,341,34,1,1,347,6
0.9443782820422814,0.9866666666666667,0.9093333333333333,0.0,0.9855491329479769,1.0,0.9546666666666667,0.9439256118612834,341,34,0,0,346,5
0.9446080988660768,0.9866666666666667,0.9066666666666666,0.0,0.9855072463768116,1.0,0.9533333333333334,0.9426302750737187,340,35,0,0,345,5
0.9448858651748027,0.9866666666666667,0.9066666666666666,0.0,0.9883720930232558,1.0,0.9533333333333334,0.9413349382861539,340,35,0,0,344,4
0.9460350278525969,0.9866666666666667,0.9066666666666666,0.0,0.9912536443148688,1.0,0.9533333333333334,0.9414599070439644,340,35,0,0,343,3
0.9464994120766606,0.9866666666666667,0.904,0.0,0.9912280701754386,1.0,0.952,0.9401645702563997,339,36,0,0,342,3
0.9510714639326938,0.9866666666666667,0.9013333333333333,0.0,0.9912023460410557,1.0,0.9506666666666667,0.9388692334688349,338,37,0,0,341,3
0.9513660217088543,0.9866666666666667,0.8986666666666666,0.0,0.9911764705882353,1.0,0.9493333333333334,0.9375738966812701,337,38,0,0,340,3
0.9519235331949015,0.9866666666666667,0.896,0.0,0.9911504424778761,1.0,0.948,0.9362785598937053,336,39,0,0,339,3
0.952262000725822,0.9866666666666667,0.8933333333333333,0.0,0.9911242603550295,1.0,0.9466666666666667,0.9349832231061406,335,40,0,0,338,3
0.9526096280264822,0.9866666666666667,0.8906666666666667,0.0,0.9910979228486647,1.0,0.9453333333333334,0.9336878863185758,334,41,0,0,337,3
0.9526891437232784,0.9866666666666667,0.888,0.0,0.9910714285714286,1.0,0.944,0.932392549531011,333,42,0,0,336,3
0.95798034327312,0.9866666666666667,0.8853333333333333,0.0,0.991044776119403,1.0,0.9426666666666667,0.9310972127434463,332,43,0,0,335,3
0.95874292290553,0.9866666666666667,0.8826666666666667,0.0,0.9910179640718563,1.0,0.9413333333333334,0.9298018759558815,331,44,0,0,334,3
0.9593629856940992,0.9866666666666667,0.88,0.0,0.990990990990991,1.0,0.94,0.9285065391683167,330,45,0,0,333,3
0.9616286856530731,0.9866666666666667,0.8773333333333333,0.0,0.9909638554216867,1.0,0.9386666666666666,0.9272112023807519,329,46,0,0,332,3
0.963677530153732,0.9866666666666667,0.8746666666666667,0.0,0.9909365558912386,1.0,0.9373333333333334,0.9259158655931872,328,47,0,0,331,3
0.9661449720584658,0.9866666666666667,0.872,0.0,0.990909090909091,1.0,0.9359999999999999,0.9246205288056224,327,48,0,0,330,3
0.9712651683310213,0.9866666666666667,0.8693333333333333,0.0,0.9908814589665653,1.0,0.9346666666666666,0.9233251920180576,326,49,0,0,329,3
0.9722283012290771,0.9866666666666667,0.8666666666666667,0.0,0.9908536585365854,1.0,0.9333333333333333,0.9220298552304929,325,50,0,0,328,3
0.9726711480251541,0.9866666666666667,0.864,0.0,0.9908256880733946,1.0,0.9319999999999999,0.9207345184429281,324,51,0,0,327,3
0.9728671293370826,0.9866666666666667,0.864,0.0,0.9938650306748467,1.0,0.9319999999999999,0.9194391816553633,324,51,0,0,326,2
0.9731198441932274,0.9866666666666667,0.8613333333333333,0.0,0.9938461538461538,1.0,0.9306666666666666,0.9181438448677985,323,52,0,0,325,2
0.9737080236696782,0.9866666666666667,0.8586666666666667,0.0,0.9938271604938271,1.0,0.9293333333333333,0.9168485080802338,322,53,0,0,324,2
0.9738770721303309,0.9866666666666667,0.856,0.0,0.9938080495356038,1.0,0.9279999999999999,0.915553171292669,321,54,0,0,323,2
0.9753772280672302,0.9866666666666667,0.8533333333333334,0.0,0.9937888198757764,1.0,0.9266666666666667,0.9142578345051042,320,55,0,0,322,2
0.9756252079896586,0.9866666666666667,0.8506666666666667,0.0,0.9937694704049844,1.0,0.9253333333333333,0.9129624977175396,319,56,0,0,321,2
0.9763743555657598,0.9866666666666667,0.848,0.0,0.99375,1.0,0.9239999999999999,0.9116671609299748,318,57,0,0,320,2
0.9769860522719338,0.9866666666666667,0.8453333333333334,0.0,0.9937304075235109,1.0,0.9226666666666667,0.91037182414241,317,58,0,0,319,2
0.9780440800910758,0.9866666666666667,0.8426666666666667,0.0,0.9937106918238994,1.0,0.9213333333333333,0.9090764873548453,316,59,0,0,318,2
0.9780711192409504,0.9866666666666667,0.84,0.0,0.9936908517350158,1.0,0.9199999999999999,0.9077811505672805,315,60,0,0,317,2
0.9793433330288221,0.9866666666666667,0.8373333333333334,0.0,0.9936708860759493,1.0,0.9186666666666667,0.9064858137797157,314,61,0,0,316,2
0.9804734138050262,0.9866666666666667,0.8346666666666667,0.0,0.9936507936507937,1.0,0.9173333333333333,0.9051904769921509,313,62,0,0,315,2
0.9806586916030466,0.9866666666666667,0.832,0.0,0.9936305732484076,1.0,0.9159999999999999,0.9038951402045862,312,63,0,0,314,2
0.9813144125644052,0.9866666666666667,0.8293333333333334,0.0,0.9936102236421726,1.0,0.9146666666666667,0.9025998034170214,311,64,0,0,313,2
0.9813230721345558,0.9866666666666667,0.8266666666666667,0.0,0.9935897435897436,1.0,0.9133333333333333,0.9013044666294566,310,65,0,0,312,2
0.9819208691696281,0.9866666666666667,0.824,0.0,0.9935691318327974,1.0,0.9119999999999999,0.9000091298418919,309,66,0,0,311,2
0.9837505942686733,0.9866666666666667,0.8213333333333334,0.0,0.9935483870967742,1.0,0.9106666666666667,0.8987137930543271,308,67,0,0,310,2
0.9842892902533118,0.9866666666666667,0.8186666666666667,0.0,0.9935275080906149,1.0,0.9093333333333333,0.8974184562667624,307,68,0,0,309,2
0.9843493496959674,0.9866666666666667,0.816,0.0,0.9935064935064936,1.0,0.9079999999999999,0.8961231194791976,306,69,0,0,308,2
0.9843945966434666,0.9866666666666667,0.8133333333333334,0.0,0.993485342019544,1.0,0.9066666666666667,0.8948277826916329,305,70,0,0,307,2
0.9851979081119168,0.9866666666666667,0.8106666666666666,0.0,0.9934640522875817,1.0,0.9053333333333333,0.8935324459040681,304,71,0,0,306,2
0.9858823411266925,0.9866666666666667,0.808,0.0,0.9934426229508196,1.0,0.904,0.8922371091165033,303,72,0,0,305,2
0.985946250617059,0.9866666666666667,0.8053333333333333,0.0,0.993421052631579,1.0,0.9026666666666667,0.8909417723289386,302,73,0,0,304,2
0.9862045903129272,0.9866666666666667,0.8026666666666666,0.0,0.9933993399339934,1.0,0.9013333333333333,0.8896464355413738,301,74,0,0,303,2
0.9864804309272905,0.9866666666666667,0.8,0.0,0.9933774834437086,1.0,0.9,0.888351098753809,300,75,0,0,302,2
0.986834939405156,0.9866666666666667,0.7973333333333333,0.0,0.9933554817275747,1.0,0.8986666666666667,0.8870557619662442,299,76,0,0,301,2
0.9871043631638984,0.9866666666666667,0.7946666666666666,0.0,0.9933333333333333,1.0,0.8973333333333333,0.8857604251786795,298,77,0,0,300,2
0.9877545607564896,0.9866666666666667,0.792,0.0,0.9933110367892977,1.0,0.896,0.8844650883911147,297,78,0,0,299,2
0.9880026019495859,0.9866666666666667,0.7893333333333333,0.0,0.9932885906040269,1.0,0.8946666666666667,0.8831697516035499,296,79,0,0,298,2
0.9896083506630429,0.9866666666666667,0.7866666666666666,0.0,0.9932659932659933,1.0,0.8933333333333333,0.8818744148159852,295,80,0,0,297,2
0.9898369923874489,0.9866666666666667,0.784,0.0,0.9932432432432432,1.0,0.892,0.8805790780284204,294,81,0,0,296,2
0.9899741442178611,0.9866666666666667,0.7813333333333333,0.0,0.9932203389830508,1.0,0.8906666666666667,0.8792837412408556,293,82,0,0,295,2
0.9904772744675172,0.9866666666666667,0.7786666666666666,0.0,0.9931972789115646,1.0,0.8893333333333333,0.8779884044532908,292,83,0,0,294,2
0.9905405478532181,0.9866666666666667,0.776,0.0,0.9931740614334471,1.0,0.888,0.8766930676657261,291,84,0,0,293,2
0.9905653208627517,0.9866666666666667,0.7733333333333333,0.0,0.9931506849315068,1.0,0.8866666666666667,0.8753977308781613,290,85,0,0,292,2
0.9906823095343692,0.9866666666666667,0.7706666666666667,0.0,0.993127147766323,1.0,0.8853333333333333,0.8741023940905965,289,86,0,0,291,2
0.9907227627475453,0.9866666666666667,0.768,0.0,0.993103448275862,1.0,0.884,0.8728070573030318,288,87,0,0,290,2
0.9916501480538013,0.9866666666666667,0.7653333333333333,0.0,0.9930795847750865,1.0,0.8826666666666667,0.871511720515467,287,88,0,0,289,2
0.9918101543377147,0.9866666666666667,0.7626666666666667,0.0,0.9930555555555556,1.0,0.8813333333333333,0.8702163837279022,286,89,0,0,288,2
0.9918263753700252,0.9866666666666667,0.76,0.0,0.9930313588850174,1.0,0.88,0.8689210469403374,285,90,0,0,287,2
0.9921125104173424,0.9866666666666667,0.7573333333333333,0.0,0.993006993006993,1.0,0.8786666666666667,0.8676257101527727,284,91,0,0,286,2
0.9922168844726587,0.9866666666666667,0.7546666666666667,0.0,0.9929824561403509,1.0,0.8773333333333333,0.8663303733652079,283,92,0,0,285,2
0.9922605992238472,0.9866666666666667,0.752,0.0,0.9929577464788732,1.0,0.876,0.8650350365776431,282,93,0,0,284,2
0.9924969995069574,0.9866666666666667,0.7493333333333333,0.0,0.9929328621908127,1.0,0.8746666666666667,0.8637396997900784,281,94,0,0,283,2
0.992871620943413,0.9866666666666667,0.7466666666666667,0.0,0.9929078014184397,1.0,0.8733333333333333,0.8624443630025136,280,95,0,0,282,2
0.9929727700049596,0.9866666666666667,0.744,0.0,0.9928825622775801,1.0,0.872,0.8611490262149488,279,96,0,0,281,2
0.993319452484021,0.9866666666666667,0.7413333333333333,0.0,0.9928571428571429,1.0,0.8706666666666667,0.859853689427384,278,97,0,0,280,2
0.9933724261592598,0.9866666666666667,0.7386666666666667,0.0,0.992831541218638,1.0,0.8693333333333333,0.8585583526398193,277,98,0,0,279,2
0.9935667962775823,0.9866666666666667,0.736,0.0,0.9928057553956835,1.0,0.868,0.8572630158522545,276,99,0,0,278,2
0.9935683457741888,0.9866666666666667,0.7333333333333333,0.0,0.9927797833935018,1.0,0.8666666666666667,0.8559676790646897,275,100,0,0,277,2
0.9935855080738161,0.9866666666666667,0.7306666666666667,0.0,0.9927536231884058,1.0,0.8653333333333333,0.854672342277125,274,101,0,0,276,2
0.993643663538095,0.9866666666666667,0.728,0.0,0.9927272727272727,1.0,0.864,0.8533770054895602,273,102,0,0,275,2
0.9937862515776341,0.9866666666666667,0.7253333333333334,0.0,0.9927007299270073,1.0,0.8626666666666667,0.8520816687019954,272,103,0,0,274,2
0.9940589854062668,0.9866666666666667,0.7226666666666667,0.0,0.9926739926739927,1.0,0.8613333333333333,0.8507863319144308,271,104,0,0,273,2
0.9941795621627073,0.9866666666666667,0.72,0.0,0.9926470588235294,1.0,0.86,0.849490995126866,270,105,0,0,272,2
0.9942934316316321,0.9866666666666667,0.7173333333333334,0.0,0.992619926199262,1.0,0.8586666666666667,0.8481956583393012,269,106,0,0,271,2
0.994869501036469,0.9866666666666667,0.7146666666666667,0.0,0.9925925925925926,1.0,0.8573333333333333,0.8469003215517364,268,107,0,0,270,2
0.995416297891242,0.9866666666666667,0.712,0.0,0.9925650557620818,1.0,0.856,0.8456049847641717,267,108,0,0,269,2
0.9954315587033056,0.9866666666666667,0.7093333333333334,0.0,0.9925373134328358,1.0,0.8546666666666667,0.8443096479766069,266,109,0,0,268,2
0.9959637947684045,0.9866666666666667,0.7066666666666667,0.0,0.9925093632958801,1.0,0.8533333333333333,0.8430143111890421,265,110,0,0,267,2
0.9959735086818069,0.9866666666666667,0.704,0.0,0.9924812030075187,1.0,0.852,0.8417189744014774,264,111,0,0,266,2
0.9962697396991312,0.9866666666666667,0.7013333333333334,0.0,0.9924528301886792,1.0,0.8506666666666667,0.8404236376139126,263,112,0,0,265,2
0.9965229591154267,0.9866666666666667,0.6986666666666667,0.0,0.9924242424242424,1.0,0.8493333333333333,0.8391283008263478,262,113,0,0,264,2
0.9965701712490967,0.9866666666666667,0.696,0.0,0.9923954372623575,1.0,0.848,0.837832964038783,261,114,0,0,263,2
0.9966121316184162,0.9866666666666667,0.6933333333333334,0.0,0.9923664122137404,1.0,0.8466666666666667,0.8365376272512183,260,115,0,0,262,2
0.9966129039456808,0.9866666666666667,0.6906666666666667,0.0,0.9923371647509579,1.0,0.8453333333333333,0.8352422904636536,259,116,0,0,261,2
0.9966195384010685,0.9866666666666667,0.688,0.0,0.9923076923076923,1.0,0.844,0.8339469536760888,258,117,0,0,260,2
0.9966759434765786,0.9866666666666667,0.6853333333333333,0.0,0.9922779922779923,1.0,0.8426666666666667,0.8326516168885241,257,118,0,0,259,2
0.9968672098488566,0.9866666666666667,0.6826666666666666,0.0,0.9922480620155039,1.0,0.8413333333333333,0.8313562801009593,256,119,0,0,258,2
0.996867678189617,0.9866666666666667,0.68,0.0,0.9922178988326849,1.0,0.8400000000000001,0.8300609433133945,255,120,0,0,257,2
0.997026577651221,0.9866666666666667,0.6773333333333333,0.0,0.9921875,1.0,0.8386666666666667,0.8287656065258298,254,121,0,0,256,2
0.9970671867423565,0.9866666666666667,0.6746666666666666,0.0,0.9921568627450981,1.0,0.8373333333333333,0.827470269738265,253,122,0,0,255,2
0.9970731232461171,0.9866666666666667,0.672,0.0,0.9921259842519685,1.0,0.8360000000000001,0.8261749329507002,252,123,0,0,254,2
0.9970889476266175,0.9866666666666667,0.6693333333333333,0.0,0.9920948616600791,1.0,0.8346666666666667,0.8248795961631354,251,124,0,0,253,2
0.9971548191625126,0.9866666666666667,0.6666666666666666,0.0,0.9920634920634921,1.0,0.8333333333333333,0.8235842593755707,250,125,0,0,252,2
0.9972195450542491,0.9866666666666667,0.664,0.0,0.9920318725099602,1.0,0.8320000000000001,0.8222889225880059,249,126,0,0,251,2
0.9972791589506766,0.9866666666666667,0.6613333333333333,0.0,0.992,1.0,0.8306666666666667,0.8209935858004411,248,127,0,0,250,2
0.9973227995958731,0.9866666666666667,0.6586666666666666,0.0,0.9919678714859438,1.0,0.8293333333333333,0.8196982490128764,247,128,0,0,249,2
0.9973728446322758,0.9866666666666667,0.656,0.0,0.9919354838709677,1.0,0.8280000000000001,0.8184029122253116,246,129,0,0,248,2
0.9974524326807904,0.9866666666666667,0.6533333333333333,0.0,0.9919028340080972,1.0,0.8266666666666667,0.8171075754377468,245,130,0,0,247,2
0.9974582469406409,0.9866666666666667,0.6506666666666666,0.0,0.991869918699187,1.0,0.8253333333333333,0.815812238650182,244,131,0,0,246,2
0.9975270846299125,0.9866666666666667,0.648,0.0,0.9918367346938776,1.0,0.8240000000000001,0.8145169018626173,243,132,0,0,245,2
0.9975609519197528,0.9866666666666667,0.6453333333333333,0.0,0.9918032786885246,1.0,0.8226666666666667,0.8132215650750525,242,133,0,0,244,2
0.997606833821089,0.9866666666666667,0.6426666666666667,0.0,0.9917695473251029,1.0,0.8213333333333334,0.8119262282874877,241,134,0,0,243,2
0.9977090013136971,0.9866666666666667,0.64,0.0,0.9917355371900827,1.0,0.8200000000000001,0.810630891499923,240,135,0,0,242,2
0.997710266145918,0.9866666666666667,0.6373333333333333,0.0,0.991701244813278,1.0,0.8186666666666667,0.8093355547123582,239,136,0,0,241,2
0.9977420479471212,0.9866666666666667,0.6346666666666667,0.0,0.9916666666666667,1.0,0.8173333333333334,0.8080402179247934,238,137,0,0,240,2
0.9978138924318809,0.9866666666666667,0.632,0.0,0.9916317991631799,1.0,0.8160000000000001,0.8067448811372286,237,138,0,0,239,2
0.9978850543518049,0.9866666666666667,0.6293333333333333,0.0,0.9915966386554622,1.0,0.8146666666666667,0.8054495443496639,236,139,0,0,238,2
0.9978992825871661,0.9866666666666667,0.6266666666666667,0.0,0.9915611814345991,1.0,0.8133333333333334,0.8041542075620991,235,140,0,0,237,2
0.9979065347062921,0.9866666666666667,0.624,0.0,0.9915254237288136,1.0,0.812,0.8028588707745343,234,141,0,0,236,2
0.9979658834009278,0.9866666666666667,0.6213333333333333,0.0,0.9914893617021276,1.0,0.8106666666666666,0.8015635339869696,233,142,0,0,235,2
0.9980709997373237,0.9866666666666667,0.6186666666666667,0.0,0.9914529914529915,1.0,0.8093333333333333,0.8002681971994048,232,143,0,0,234,2
0.9981078238135966,0.9866666666666667,0.616,0.0,0.9914163090128756,1.0,0.808,0.79897286041184,231,144,0,0,233,2
0.9981104114648528,0.9866666666666667,0.6133333333333333,0.0,0.9913793103448276,1.0,0.8066666666666666,0.7976775236242752,230,145,0,0,232,2
0.9981331262591383,0.9866666666666667,0.6106666666666667,0.0,0.9913419913419913,1.0,0.8053333333333333,0.7963821868367105,229,146,0,0,231,2
0.9981431811884912,0.9866666666666667,0.608,0.0,0.991304347826087,1.0,0.804,0.7950868500491457,228,147,0,0,230,2
0.998146097636506,0.9866666666666667,0.6053333333333333,0.0,0.9912663755458515,1.0,0.8026666666666666,0.7937915132615809,227,148,0,0,229,2
0.9982090410615064,0.9866666666666667,0.6026666666666667,0.0,0.9912280701754386,1.0,0.8013333333333333,0.7924961764740162,226,149,0,0,228,2
0.9982402276494358,0.9866666666666667,0.6,0.0,0.9911894273127754,1.0,0.8,0.7912008396864514,225,150,0,0,227,2
0.9983099497574817,0.9866666666666667,0.5973333333333334,0.0,0.9911504424778761,1.0,0.7986666666666666,0.7899055028988866,224,151,0,0,226,2
0.9983203363035645,0.9866666666666667,0.5946666666666667,0.0,0.9911111111111112,1.0,0.7973333333333333,0.788610166111322,223,152,0,0,225,2
0.9983383939720454,0.9866666666666667,0.592,0.0,0.9910714285714286,1.0,0.796,0.7873148293237572,222,153,0,0,224,2
0.998339920950364,0.9866666666666667,0.5893333333333334,0.0,0.9910313901345291,1.0,0.7946666666666666,0.7860194925361924,221,154,0,0,223,2
0.9983600189779488,0.9866666666666667,0.5866666666666667,0.0,0.990990990990991,1.0,0.7933333333333333,0.7847241557486276,220,155,0,0,222,2
0.9983833310889633,0.9866666666666667,0.584,0.0,0.9909502262443439,1.0,0.792,0.7834288189610629,219,156,0,0,221,2
0.9984013963561504,0.9866666666666667,0.5813333333333334,0.0,0.990909090909091,1.0,0.7906666666666666,0.7821334821734981,218,157,0,0,220,2
0.9984181293350665,0.9866666666666667,0.5786666666666667,0.0,0.9908675799086758,1.0,0.7893333333333333,0.7808381453859333,217,158,0,0,219,2
0.9984415730437513,0.9866666666666667,0.576,0.0,0.9908256880733946,1.0,0.788,0.7795428085983686,216,159,0,0,218,2
0.9984480022131806,0.9866666666666667,0.5733333333333334,0.0,0.9907834101382489,1.0,0.7866666666666666,0.7782474718108038,215,160,0,0,217,2
0.9984516053637075,0.9866666666666667,0.5706666666666667,0.0,0.9907407407407407,1.0,0.7853333333333333,0.776952135023239,214,161,0,0,216,2
0.9984613663516145,0.9866666666666667,0.568,0.0,0.9906976744186047,1.0,0.784,0.7756567982356742,213,162,0,0,215,2
0.9985008364271104,0.9866666666666667,0.5653333333333334,0.0,0.9906542056074766,1.0,0.7826666666666666,0.7743614614481095,212,163,0,0,214,2
0.9985088530337486,0.9866666666666667,0.5626666666666666,0.0,0.9906103286384976,1.0,0.7813333333333333,0.7730661246605448,211,164,0,0,213,2
0.9985116054203683,0.9866666666666667,0.56,0.0,0.9905660377358491,1.0,0.78,0.77177078787298,210,165,0,0,212,2
0.9985182260210642,0.9866666666666667,0.5573333333333333,0.0,0.990521327014218,1.0,0.7786666666666666,0.7704754510854153,209,166,0,0,211,2
0.9985234333658676,0.9866666666666667,0.5546666666666666,0.0,0.9904761904761905,1.0,0.7773333333333333,0.7691801142978505,208,167,0,0,210,2
0.9985247856122652,0.9866666666666667,0.552,0.0,0.9904306220095693,1.0,0.776,0.7678847775102857,207,168,0,0,209,2
0.9985404881278895,0.9866666666666667,0.5493333333333333,0.0,0.9903846153846154,1.0,0.7746666666666666,0.766589440722721,206,169,0,0,208,2
0.9986453417040364,0.9866666666666667,0.5466666666666666,0.0,0.9903381642512077,1.0,0.7733333333333333,0.7652941039351562,205,170,0,0,207,2
0.9986546392455523,0.9866666666666667,0.544,0.0,0.9902912621359223,1.0,0.772,0.7639987671475914,204,171,0,0,206,2
0.9986575837942627,0.9866666666666667,0.5413333333333333,0.0,0.9902439024390244,1.0,0.7706666666666666,0.7627034303600266,203,172,0,0,205,2
0.9987725730976137,0.9866666666666667,0.5386666666666666,0.0,0.9901960784313726,1.0,0.7693333333333333,0.7614080935724619,202,173,0,0,204,2
0.9988027286183776,0.9866666666666667,0.536,0.0,0.9901477832512315,1.0,0.768,0.7601127567848971,201,174,0,0,203,2
0.9988225287523738,0.9866666666666667,0.5333333333333333,0.0,0.9900990099009901,1.0,0.7666666666666666,0.7588174199973323,200,175,0,0,202,2
0.9988627955799461,0.9866666666666667,0.5306666666666666,0.0,0.9900497512437811,1.0,0.7653333333333333,0.7575220832097675,199,176,0,0,201,2
0.9988711444858992,0.9866666666666667,0.528,0.0,0.99,1.0,0.764,0.7562267464222028,198,177,0,0,200,2
0.998891294185204,0.9866666666666667,0.5253333333333333,0.0,0.9899497487437185,1.0,0.7626666666666666,0.754931409634638,197,178,0,0,199,2
0.9989065231793527,0.9866666666666667,0.5226666666666666,0.0,0.98989898989899,1.0,0.7613333333333333,0.7536360728470732,196,179,0,0,198,2
0.9989208114467354,0.9866666666666667,0.52,0.0,0.9898477157360406,1.0,0.76,0.7523407360595085,195,180,0,0,197,2
0.998946147267726,0.9866666666666667,0.5173333333333333,0.0,0.9897959183673469,1.0,0.7586666666666666,0.7510453992719437,194,181,0,0,196,2
0.9989496815844618,0.9866666666666667,0.5146666666666667,0.0,0.9897435897435898,1.0,0.7573333333333334,0.7497500624843789,193,182,0,0,195,2
0.9989530341655738,0.9866666666666667,0.512,0.0,0.9896907216494846,1.0,0.756,0.7484547256968141,192,183,0,0,194,2
0.9989548066256941,0.9866666666666667,0.5093333333333333,0.0,0.9896373056994818,1.0,0.7546666666666666,0.7471593889092494,191,184,0,0,193,2
0.9989727948322706,0.9866666666666667,0.5066666666666667,0.0,0.9895833333333334,1.0,0.7533333333333334,0.7458640521216846,190,185,0,0,192,2
0.998977900620992,0.9866666666666667,0.504,0.0,0.9895287958115183,1.0,0.752,0.7445687153341198,189,186,0,0,191,2
0.9989915057930974,0.9866666666666667,0.5013333333333333,0.0,0.9894736842105263,1.0,0.7506666666666666,0.7432733785465551,188,187,0,0,190,2
0.9990175849721245,0.9866666666666667,0.49866666666666665,0.0,0.9894179894179894,1.0,0.7493333333333333,0.7419780417589903,187,188,0,0,189,2
0.9990324883748625,0.9866666666666667,0.496,0.0,0.9893617021276596,1.0,0.748,0.7406827049714255,186,189,0,0,188,2
0.999035139157092,0.9866666666666667,0.496,0.0,0.9946524064171123,1.0,0.748,0.7408076737292361,186,189,0,0,187,1
0.9991125095114972,0.9866666666666667,0.49333333333333335,0.0,0.9946236559139785,1.0,0.7466666666666667,0.7395123369416713,185,190,0,0,186,1
0.9991464574616591,0.9866666666666667,0.49066666666666664,0.0,0.9945945945945946,1.0,0.7453333333333333,0.7382170001541065,184,191,0,0,185,1
0.9992874458270178,0.9866666666666667,0.488,0.0,0.9945652173913043,1.0,0.744,0.7369216633665419,183,192,0,0,184,1
0.9992969577224112,0.9866666666666667,0.48533333333333334,0.0,0.994535519125683,1.0,0.7426666666666667,0.7356263265789771,182,193,0,0,183,1
0.9993163516366526,0.9866666666666667,0.4826666666666667,0.0,0.9945054945054945,1.0,0.7413333333333334,0.7343309897914123,181,194,0,0,182,1
0.9993294933945698,0.9866666666666667,0.48,0.0,0.994475138121547,1.0,0.74,0.7330356530038475,180,195,0,0,181,1
0.9993585864891179,0.9866666666666667,0.47733333333333333,0.0,0.9944444444444445,1.0,0.7386666666666667,0.7317403162162828,179,196,0,0,180,1
0.9993587877955817,0.9866666666666667,0.4746666666666667,0.0,0.994413407821229,1.0,0.7373333333333334,0.730444979428718,178,197,0,0,179,1
0.9993690681122018,0.9866666666666667,0.472,0.0,0.9943820224719101,1.0,0.736,0.7291496426411532,177,198,0,0,178,1
0.9993830611089092,0.9866666666666667,0.4693333333333333,0.0,0.9943502824858758,1.0,0.7346666666666667,0.7278543058535885,176,199,0,0,177,1
0.9994167123975394,0.9866666666666667,0.4666666666666667,0.0,0.9943181818181818,1.0,0.7333333333333334,0.7265589690660237,175,200,0,0,176,1
0.9994496726990995,0.9866666666666667,0.464,0.0,0.9942857142857143,1.0,0.732,0.7252636322784589,174,201,0,0,175,1
0.999454234264638,0.9866666666666667,0.4613333333333333,0.0,0.9942528735632183,1.0,0.7306666666666667,0.7239682954908941,173,202,0,0,174,1
0.9994858669304794,0.9866666666666667,0.45866666666666667,0.0,0.9942196531791907,1.0,0.7293333333333334,0.7226729587033294,172,203,0,0,173,1
0.9995489069232876,0.9866666666666667,0.456,0.0,0.9941860465116279,1.0,0.728,0.7213776219157646,171,204,0,0,172,1
0.9995493170133014,0.9866666666666667,0.4533333333333333,0.0,0.9941520467836257,1.0,0.7266666666666667,0.7200822851281998,170,205,0,0,171,1
0.9995609943347661,0.9866666666666667,0.45066666666666666,0.0,0.9941176470588236,1.0,0.7253333333333334,0.7187869483406351,169,206,0,0,170,1
0.9995695106276383,0.9866666666666667,0.448,0.0,0.9940828402366864,1.0,0.724,0.7174916115530703,168,207,0,0,169,1
0.9995711178816813,0.9866666666666667,0.44533333333333336,0.0,0.9940476190476191,1.0,0.7226666666666667,0.7161962747655055,167,208,0,0,168,1
0.9995829639463812,0.9866666666666667,0.44266666666666665,0.0,0.9940119760479041,1.0,0.7213333333333334,0.7149009379779407,166,209,0,0,167,1
0.9995903989778564,0.9866666666666667,0.44,0.0,0.9939759036144579,1.0,0.72,0.713605601190376,165,210,0,0,166,1
0.9996147606563193,0.9866666666666667,0.43733333333333335,0.0,0.9939393939393939,1.0,0.7186666666666667,0.7123102644028112,164,211,0,0,165,1
0.9996222624958607,0.9866666666666667,0.43466666666666665,0.0,0.9939024390243902,1.0,0.7173333333333334,0.7110149276152464,163,212,0,0,164,1
0.9996411388727567,0.9866666666666667,0.432,0.0,0.9938650306748467,1.0,0.716,0.7097195908276817,162,213,0,0,163,1
0.9996590792834938,0.9866666666666667,0.42933333333333334,0.0,0.9938271604938271,1.0,0.7146666666666667,0.7084242540401169,161,214,0,0,162,1
0.9996857229129315,0.9866666666666667,0.4266666666666667,0.0,0.9937888198757764,1.0,0.7133333333333334,0.7071289172525521,160,215,0,0,161,1
0.9996871956030218,0.9866666666666667,0.424,0.0,0.99375,1.0,0.712,0.7058335804649873,159,216,0,0,160,1
0.9996926663019023,0.9866666666666667,0.42133333333333334,0.0,0.9937106918238994,1.0,0.7106666666666667,0.7045382436774226,158,217,0,0,159,1
0.9996952729584715,0.9866666666666667,0.4186666666666667,0.0,0.9936708860759493,1.0,0.7093333333333334,0.7032429068898578,157,218,0,0,158,1
0.9997050107521057,0.9866666666666667,0.416,0.0,0.9936305732484076,1.0,0.708,0.701947570102293,156,219,0,0,157,1
0.9997097668966128,0.9866666666666667,0.41333333333333333,0.0,0.9935897435897436,1.0,0.7066666666666667,0.7006522333147283,155,220,0,0,156,1
0.9997176559708397,0.9866666666666667,0.4106666666666667,0.0,0.9935483870967742,1.0,0.7053333333333334,0.6993568965271635,154,221,0,0,155,1
0.9997211738959584,0.9866666666666667,0.408,0.0,0.9935064935064936,1.0,0.704,0.6980615597395988,153,222,0,0,154,1
0.9997264849164307,0.9866666666666667,0.4053333333333333,0.0,0.9934640522875817,1.0,0.7026666666666667,0.696766222952034,152,223,0,0,153,1
0.9997266205804273,0.9866666666666667,0.4026666666666667,0.0,0.993421052631579,1.0,0.7013333333333334,0.6954708861644693,151,224,0,0,152,1
0.9997269215499976,0.9866666666666667,0.4,0.0,0.9933774834437086,1.0,0.7,0.6941755493769045,150,225,0,0,151,1
0.9997309390427257,0.9866666666666667,0.3973333333333333,0.0,0.9933333333333333,1.0,0.6986666666666667,0.6928802125893397,149,226,0,0,150,1
0.9997327427152896,0.9866666666666667,0.39466666666666667,0.0,0.9932885906040269,1.0,0.6973333333333334,0.691584875801775,148,227,0,0,149,1
0.9997412744632302,0.9866666666666667,0.392,0.0,0.9932432432432432,1.0,0.696,0.6902895390142102,147,228,0,0,148,1
0.9997428536497921,0.9866666666666667,0.3893333333333333,0.0,0.9931972789115646,1.0,0.6946666666666667,0.6889942022266454,146,229,0,0,147,1
0.9997514339589512,0.9866666666666667,0.38666666666666666,0.0,0.9931506849315068,1.0,0.6933333333333334,0.6876988654390807,145,230,0,0,146,1
0.9997560181537882,0.9866666666666667,0.384,0.0,0.993103448275862,1.0,0.692,0.6864035286515159,144,231,0,0,145,1
0.9997564613028508,0.9866666666666667,0.38133333333333336,0.0,0.9930555555555556,1.0,0.6906666666666667,0.6851081918639511,143,232,0,0,144,1
0.9997626673039545,0.9866666666666667,0.37866666666666665,0.0,0.993006993006993,1.0,0.6893333333333334,0.6838128550763863,142,233,0,0,143,1
0.9997649860109739,0.9866666666666667,0.376,0.0,0.9929577464788732,1.0,0.688,0.6825175182888216,141,234,0,0,142,1
0.9997700302474258,0.9866666666666667,0.37333333333333335,0.0,0.9929078014184397,1.0,0.6866666666666666,0.6812221815012568,140,235,0,0,141,1
0.999772879024769,0.9866666666666667,0.37066666666666664,0.0,0.9928571428571429,1.0,0.6853333333333333,0.679926844713692,139,236,0,0,140,1
0.9997768355270235,0.9866666666666667,0.368,0.0,0.9928057553956835,1.0,0.6839999999999999,0.6786315079261273,138,237,0,0,139,1
0.9997777332437254,0.9866666666666667,0.36533333333333334,0.0,0.9927536231884058,1.0,0.6826666666666666,0.6773361711385625,137,238,0,0,138,1
0.9997838039448566,0.9866666666666667,0.3626666666666667,0.0,0.9927007299270073,1.0,0.6813333333333333,0.6760408343509977,136,239,0,0,137,1
0.9997889561668033,0.9866666666666667,0.36,0.0,0.9926470588235294,1.0,0.6799999999999999,0.674745497563433,135,240,0,0,136,1
0.9997962054242717,0.9866666666666667,0.35733333333333334,0.0,0.9925925925925926,1.0,0.6786666666666666,0.6734501607758683,134,241,0,0,135,1
0.9998060982285527,0.9866666666666667,0.3546666666666667,0.0,0.9925373134328358,1.0,0.6773333333333333,0.6721548239883035,133,242,0,0,134,1
0.9998126279843221,0.9866666666666667,0.352,0.0,0.9924812030075187,1.0,0.6759999999999999,0.6708594872007387,132,243,0,0,133,1
0.9998131682520637,0.9866666666666667,0.34933333333333333,0.0,0.9924242424242424,1.0,0.6746666666666666,0.669564150413174,131,244,0,0,132,1
0.99981874586373,0.9866666666666667,0.3466666666666667,0.0,0.9923664122137404,1.0,0.6733333333333333,0.6682688136256092,130,245,0,0,131,1
0.9998200732495196,0.9866666666666667,0.344,0.0,0.9923076923076923,1.0,0.6719999999999999,0.6669734768380444,129,246,0,0,130,1
0.9998206202848169,0.9866666666666667,0.3413333333333333,0.0,0.9922480620155039,1.0,0.6706666666666666,0.6656781400504796,128,247,0,0,129,1
0.9998273571434936,0.9866666666666667,0.33866666666666667,0.0,0.9921875,1.0,0.6693333333333333,0.6643828032629149,127,248,0,0,128,1
0.9998359018155215,0.9866666666666667,0.336,0.0,0.9921259842519685,1.0,0.668,0.6630874664753501,126,249,0,0,127,1
0.9998399555476278,0.9866666666666667,0.3333333333333333,0.0,0.9920634920634921,1.0,0.6666666666666666,0.6617921296877853,125,250,0,0,126,1
0.9998413152052888,0.9866666666666667,0.33066666666666666,0.0,0.992,1.0,0.6653333333333333,0.6604967929002206,124,251,0,0,125,1
0.9998427153308888,0.9866666666666667,0.328,0.0,0.9919354838709677,1.0,0.664,0.6592014561126558,123,252,0,0,124,1
0.9998446388000323,0.9866666666666667,0.3253333333333333,0.0,0.991869918699187,1.0,0.6626666666666666,0.657906119325091,122,253,0,0,123,1
0.999845896073436,0.9866666666666667,0.32266666666666666,0.0,0.9918032786885246,1.0,0.6613333333333333,0.6566107825375262,121,254,0,0,122,1
0.9998460558237712,0.9866666666666667,0.32,0.0,0.9917355371900827,1.0,0.66,0.6553154457499615,120,255,0,0,121,1
0.9998473807190645,0.9866666666666667,0.31733333333333336,0.0,0.9916666666666667,1.0,0.6586666666666667,0.6540201089623967,119,256,0,0,120,1
0.9998474577216564,0.9866666666666667,0.31466666666666665,0.0,0.9915966386554622,1.0,0.6573333333333333,0.6527247721748319,118,257,0,0,119,1
0.9998546030369082,0.9866666666666667,0.312,0.0,0.9915254237288136,1.0,0.656,0.6514294353872672,117,258,0,0,118,1
0.9998562206977286,0.9866666666666667,0.30933333333333335,0.0,0.9914529914529915,1.0,0.6546666666666667,0.6501340985997024,116,259,0,0,117,1
0.9998583157694316,0.9866666666666667,0.30666666666666664,0.0,0.9913793103448276,1.0,0.6533333333333333,0.6488387618121376,115,260,0,0,116,1
0.9998621539181257,0.9866666666666667,0.304,0.0,0.991304347826087,1.0,0.652,0.6475434250245728,114,261,0,0,115,1
0.9998668155532667,0.9866666666666667,0.30133333333333334,0.0,0.9912280701754386,1.0,0.6506666666666667,0.6462480882370081,113,262,0,0,114,1
0.9998711884630253,0.9866666666666667,0.2986666666666667,0.0,0.9911504424778761,1.0,0.6493333333333333,0.6449527514494433,112,263,0,0,113,1
0.9998716687564325,0.9866666666666667,0.296,0.0,0.9910714285714286,1.0,0.648,0.6436574146618785,111,264,0,0,112,1
0.99987709965741,0.9866666666666667,0.29333333333333333,0.0,0.990990990990991,1.0,0.6466666666666667,0.6423620778743138,110,265,0,0,111,1
0.999878739256505,0.9866666666666667,0.2906666666666667,0.0,0.990909090909091,1.0,0.6453333333333333,0.641066741086749,109,266,0,0,110,1
0.9998811838153863,0.9866666666666667,0.288,0.0,0.9908256880733946,1.0,0.644,0.6397714042991842,108,267,0,0,109,1
0.9998821322706279,0.9866666666666667,0.2853333333333333,0.0,0.9907407407407407,1.0,0.6426666666666667,0.6384760675116194,107,268,0,0,108,1
0.9998829001857019,0.9866666666666667,0.2826666666666667,0.0,0.9906542056074766,1.0,0.6413333333333333,0.6371807307240547,106,269,0,0,107,1
0.9998837343495321,0.9866666666666667,0.28,0.0,0.9905660377358491,1.0,0.64,0.63588539393649,105,270,0,0,106,1
0.9998850216871497,0.9866666666666667,0.2773333333333333,0.0,0.9904761904761905,1.0,0.6386666666666667,0.6345900571489252,104,271,0,0,105,1
0.999885369722256,0.9866666666666667,0.27466666666666667,0.0,0.9903846153846154,1.0,0.6373333333333333,0.6332947203613605,103,272,0,0,104,1
0.9998881038623849,0.9866666666666667,0.272,0.0,0.9902912621359223,1.0,0.636,0.6319993835737957,102,273,0,0,103,1
0.9998897123352974,0.9866666666666667,0.2693333333333333,0.0,0.9901960784313726,1.0,0.6346666666666667,0.6307040467862309,101,274,0,0,102,1
0.9998911670098166,0.9866666666666667,0.26666666666666666,0.0,0.9900990099009901,1.0,0.6333333333333333,0.6294087099986662,100,275,0,0,101,1
0.9998950942677908,0.9866666666666667,0.264,0.0,0.99,1.0,0.632,0.6281133732111014,99,276,0,0,100,1
0.9998974136219018,0.9866666666666667,0.2613333333333333,0.0,0.98989898989899,1.0,0.6306666666666667,0.6268180364235366,98,277,0,0,99,1
0.9998989742806071,0.9866666666666667,0.25866666666666666,0.0,0.9897959183673469,1.0,0.6293333333333333,0.6255226996359718,97,278,0,0,98,1
0.999902219012403,0.9866666666666667,0.256,0.0,0.9896907216494846,1.0,0.628,0.6242273628484071,96,279,0,0,97,1
0.999903841807539,0.9866666666666667,0.25333333333333335,0.0,0.9895833333333334,1.0,0.6266666666666667,0.6229320260608423,95,280,0,0,96,1
0.9999062136996641,0.9866666666666667,0.25066666666666665,0.0,0.9894736842105263,1.0,0.6253333333333333,0.6216366892732775,94,281,0,0,95,1
0.9999100082791216,0.9866666666666667,0.248,0.0,0.9893617021276596,1.0,0.624,0.6203413524857128,93,282,0,0,94,1
0.9999103066260496,0.9866666666666667,0.24533333333333332,0.0,0.989247311827957,1.0,0.6226666666666667,0.619046015698148,92,283,0,0,93,1
0.9999104452096704,0.9866666666666667,0.24266666666666667,0.0,0.9891304347826086,1.0,0.6213333333333333,0.6177506789105832,91,284,0,0,92,1
0.9999136610242363,0.9866666666666667,0.24,0.0,0.989010989010989,1.0,0.62,0.6164553421230184,90,285,0,0,91,1
0.9999141123525406,0.9866666666666667,0.23733333333333334,0.0,0.9888888888888889,1.0,0.6186666666666667,0.6151600053354537,89,286,0,0,90,1
0.9999149842605618,0.9866666666666667,0.23466666666666666,0.0,0.9887640449438202,1.0,0.6173333333333333,0.6138646685478889,88,287,0,0,89,1
0.9999191112712644,0.9866666666666667,0.232,0.0,0.9886363636363636,1.0,0.616,0.6125693317603241,87,288,0,0,88,1
0.9999216177300926,0.9866666666666667,0.22933333333333333,0.0,0.9885057471264368,1.0,0.6146666666666667,0.6112739949727594,86,289,0,0,87,1
0.9999222253586294,0.9866666666666667,0.22666666666666666,0.0,0.9883720930232558,1.0,0.6133333333333333,0.6099786581851947,85,290,0,0,86,1
0.9999341046344928,0.9866666666666667,0.224,0.0,0.9882352941176471,1.0,0.612,0.6086833213976299,84,291,0,0,85,1
0.999937834719872,0.9866666666666667,0.22133333333333333,0.0,0.9880952380952381,1.0,0.6106666666666667,0.6073879846100652,83,292,0,0,84,1
0.9999380156384753,0.9866666666666667,0.21866666666666668,0.0,0.9879518072289156,1.0,0.6093333333333333,0.6060926478225004,82,293,0,0,83,1
0.9999407708885131,0.9866666666666667,0.216,0.0,0.9878048780487805,1.0,0.608,0.6047973110349356,81,294,0,0,82,1
0.9999415987415474,0.9866666666666667,0.21333333333333335,0.0,0.9876543209876543,1.0,0.6066666666666667,0.6035019742473708,80,295,0,0,81,1
0.9999429623622251,0.9866666666666667,0.21066666666666667,0.0,0.9875,1.0,0.6053333333333333,0.6022066374598061,79,296,0,0,80,1
0.99994391722444,0.9866666666666667,0.208,0.0,0.9873417721518988,1.0,0.604,0.6009113006722413,78,297,0,0,79,1
0.9999453196305311,0.9866666666666667,0.20533333333333334,0.0,0.9871794871794872,1.0,0.6026666666666667,0.5996159638846765,77,298,0,0,78,1
0.9999468010568288,0.9866666666666667,0.20266666666666666,0.0,0.987012987012987,1.0,0.6013333333333333,0.5983206270971118,76,299,0,0,77,1
0.9999499502023714,0.9866666666666667,0.2,0.0,0.9868421052631579,1.0,0.6,0.597025290309547,75,300,0,0,76,1
0.9999508550504532,0.9866666666666667,0.19733333333333333,0.0,0.9866666666666667,1.0,0.5986666666666667,0.5957299535219822,74,301,0,0,75,1
0.9999520867493892,0.9866666666666667,0.19466666666666665,0.0,0.9864864864864865,1.0,0.5973333333333333,0.5944346167344174,73,302,0,0,74,1
0.99995339041305,0.9866666666666667,0.192,0.0,0.9863013698630136,1.0,0.596,0.5931392799468527,72,303,0,0,73,1
0.999954057608231,0.9866666666666667,0.18933333333333333,0.0,0.9861111111111112,1.0,0.5946666666666667,0.5918439431592879,71,304,0,0,72,1
0.999954492081389,0.9866666666666667,0.18666666666666668,0.0,0.9859154929577465,1.0,0.5933333333333334,0.5905486063717231,70,305,0,0,71,1
0.9999561397798773,0.9866666666666667,0.184,0.0,0.9857142857142858,1.0,0.592,0.5892532695841584,69,306,0,0,70,1
0.9999599628155211,0.9866666666666667,0.18133333333333335,0.0,0.9855072463768116,1.0,0.5906666666666667,0.5879579327965936,68,307,0,0,69,1
0.9999604720443107,0.9866666666666667,0.17866666666666667,0.0,0.9852941176470589,1.0,0.5893333333333334,0.5866625960090288,67,308,0,0,68,1
0.999960783308787,0.9866666666666667,0.176,0.0,0.9850746268656716,1.0,0.588,0.585367259221464,66,309,0,0,67,1
0.999961504698143,0.9866666666666667,0.17333333333333334,0.0,0.9848484848484849,1.0,0.5866666666666667,0.5840719224338993,65,310,0,0,66,1
0.9999620379308631,0.9866666666666667,0.17066666666666666,0.0,0.9846153846153847,1.0,0.5853333333333334,0.5827765856463345,64,311,0,0,65,1
0.9999628559463495,0.9866666666666667,0.168,0.0,0.984375,1.0,0.584,0.5814812488587697,63,312,0,0,64,1
0.9999632838031253,0.9866666666666667,0.16533333333333333,0.0,0.9841269841269841,1.0,0.5826666666666667,0.580185912071205,62,313,0,0,63,1
0.9999659265798335,0.9866666666666667,0.16266666666666665,0.0,0.9838709677419355,1.0,0.5813333333333334,0.5788905752836402,61,314,0,0,62,1
0.9999668650195686,0.9866666666666667,0.16,0.0,0.9836065573770492,1.0,0.58,0.5775952384960754,60,315,0,0,61,1
0.9999675087130714,0.9866666666666667,0.15733333333333333,0.0,0.9833333333333333,1.0,0.5786666666666667,0.5762999017085106,59,316,0,0,60,1
0.9999683762642372,0.9866666666666667,0.15466666666666667,0.0,0.9830508474576272,1.0,0.5773333333333334,0.575004564920946,58,317,0,0,59,1
0.9999695347935691,0.9866666666666667,0.152,0.0,0.9827586206896551,1.0,0.576,0.5737092281333812,57,318,0,0,58,1
0.9999696795414533,0.9866666666666667,0.14933333333333335,0.0,0.9824561403508771,1.0,0.5746666666666667,0.5724138913458164,56,319,0,0,57,1
0.9999710512107659,0.9866666666666667,0.14666666666666667,0.0,0.9821428571428571,1.0,0.5733333333333334,0.5711185545582517,55,320,0,0,56,1
0.99997134535435,0.9866666666666667,0.14666666666666667,0.0,1.0,1.0,0.5733333333333334,0.5712435233160622,55,320,0,0,55,0
0.9999735466708324,0.9866666666666667,0.144,0.0,1.0,1.0,0.572,0.5699481865284974,54,321,0,0,54,0
0.9999737823867705,0.9866666666666667,0.14133333333333334,0.0,1.0,1.0,0.5706666666666667,0.5686528497409327,53,322,0,0,53,0
0.9999741105694803,0.9866666666666667,0.13866666666666666,0.0,1.0,1.0,0.5693333333333334,0.5673575129533679,52,323,0,0,52,0
0.9999750058824693,0.9866666666666667,0.136,0.0,1.0,1.0,0.5680000000000001,0.5660621761658031,51,324,0,0,51,0
0.9999761738454263,0.9866666666666667,0.13333333333333333,0.0,1.0,1.0,0.5666666666666667,0.5647668393782384,50,325,0,0,50,0
0.9999766918447437,0.9866666666666667,0.13066666666666665,0.0,1.0,1.0,0.5653333333333334,0.5634715025906736,49,326,0,0,49,0
0.999978023929027,0.9866666666666667,0.128,0.0,1.0,1.0,0.5640000000000001,0.5621761658031088,48,327,0,0,48,0
0.9999780891597355,0.9866666666666667,0.12533333333333332,0.0,1.0,1.0,0.5626666666666666,0.560880829015544,47,328,0,0,47,0
0.9999783325572749,0.9866666666666667,0.12266666666666666,0.0,1.0,1.0,0.5613333333333334,0.5595854922279793,46,329,0,0,46,0
0.9999783501219787,0.9866666666666667,0.12,0.0,1.0,1.0,0.56,0.5582901554404145,45,330,0,0,45,0
0.9999790774819506,0.9866666666666667,0.11733333333333333,0.0,1.0,1.0,0.5586666666666666,0.5569948186528497,44,331,0,0,44,0
0.9999800225139402,0.9866666666666667,0.11466666666666667,0.0,1.0,1.0,0.5573333333333333,0.555699481865285,43,332,0,0,43,0
0.9999815744214453,0.9866666666666667,0.112,0.0,1.0,1.0,0.556,0.5544041450777202,42,333,0,0,42,0
0.9999820596029549,0.9866666666666667,0.10933333333333334,0.0,1.0,1.0,0.5546666666666666,0.5531088082901554,41,334,0,0,41,0
0.9999822903673818,0.9866666666666667,0.10666666666666667,0.0,1.0,1.0,0.5533333333333333,0.5518134715025906,40,335,0,0,40,0
0.9999826869272498,0.9866666666666667,0.104,0.0,1.0,1.0,0.552,0.5505181347150259,39,336,0,0,39,0
0.9999833647430063,0.9866666666666667,0.10133333333333333,0.0,1.0,1.0,0.5506666666666666,0.5492227979274611,38,337,0,0,38,0
0.9999842424226355,0.9866666666666667,0.09866666666666667,0.0,1.0,1.0,0.5493333333333333,0.5479274611398963,37,338,0,0,37,0
0.9999854662046593,0.9866666666666667,0.096,0.0,1.0,1.0,0.548,0.5466321243523315,36,339,0,0,36,0
0.999985657524182,0.9866666666666667,0.09333333333333334,0.0,1.0,1.0,0.5466666666666666,0.5453367875647669,35,340,0,0,35,0
0.9999873922171096,0.9866666666666667,0.09066666666666667,0.0,1.0,1.0,0.5453333333333333,0.5440414507772021,34,341,0,0,34,0
0.9999874914433537,0.9866666666666667,0.088,0.0,1.0,1.0,0.544,0.5427461139896373,33,342,0,0,33,0
0.9999876765317394,0.9866666666666667,0.08533333333333333,0.0,1.0,1.0,0.5426666666666666,0.5414507772020726,32,343,0,0,32,0
0.9999884472617514,0.9866666666666667,0.08266666666666667,0.0,1.0,1.0,0.5413333333333333,0.5401554404145078,31,344,0,0,31,0
0.9999890261070874,0.9866666666666667,0.08,0.0,1.0,1.0,0.54,0.538860103626943,30,345,0,0,30,0
0.999989178716707,0.9866666666666667,0.07733333333333334,0.0,1.0,1.0,0.5386666666666666,0.5375647668393783,29,346,0,0,29,0
0.9999895541909996,0.9866666666666667,0.07466666666666667,0.0,1.0,1.0,0.5373333333333333,0.5362694300518135,28,347,0,0,28,0
0.9999899720618851,0.9866666666666667,0.072,0.0,1.0,1.0,0.536,0.5349740932642487,27,348,0,0,27,0
0.9999918634233369,0.9866666666666667,0.06933333333333333,0.0,1.0,1.0,0.5346666666666666,0.533678756476684,26,349,0,0,26,0
0.9999919707873443,0.9866666666666667,0.06666666666666667,0.0,1.0,1.0,0.5333333333333333,0.5323834196891192,25,350,0,0,25,0
0.9999926224234165,0.9866666666666667,0.064,0.0,1.0,1.0,0.532,0.5310880829015544,24,351,0,0,24,0
0.9999929537720856,0.9866666666666667,0.06133333333333333,0.0,1.0,1.0,0.5306666666666666,0.5297927461139896,23,352,0,0,23,0
0.9999932712165628,0.9866666666666667,0.058666666666666666,0.0,1.0,1.0,0.5293333333333333,0.5284974093264249,22,353,0,0,22,0
0.9999934872130646,0.9866666666666667,0.056,0.0,1.0,1.0,0.528,0.5272020725388601,21,354,0,0,21,0
0.9999945272030238,0.9866666666666667,0.05333333333333334,0.0,1.0,1.0,0.5266666666666666,0.5259067357512953,20,355,0,0,20,0
0.9999951300152411,0.9866666666666667,0.050666666666666665,0.0,1.0,1.0,0.5253333333333333,0.5246113989637305,19,356,0,0,19,0
0.9999953254314625,0.9866666666666667,0.048,0.0,1.0,1.0,0.524,0.5233160621761658,18,357,0,0,18,0
0.9999958581716281,0.9866666666666667,0.04533333333333334,0.0,1.0,1.0,0.5226666666666666,0.522020725388601,17,358,0,0,17,0
0.9999964502652509,0.9866666666666667,0.042666666666666665,0.0,1.0,1.0,0.5213333333333333,0.5207253886010362,16,359,0,0,16,0
0.9999965334758132,0.9866666666666667,0.04,0.0,1.0,1.0,0.52,0.5194300518134715,15,360,0,0,15,0
0.9999965908153124,0.9866666666666667,0.037333333333333336,0.0,1.0,1.0,0.5186666666666667,0.5181347150259067,14,361,0,0,14,0
0.9999977182738966,0.9866666666666667,0.034666666666666665,0.0,1.0,1.0,0.5173333333333333,0.5168393782383419,13,362,0,0,13,0
0.9999977654205461,0.9866666666666667,0.032,0.0,1.0,1.0,0.516,0.5155440414507773,12,363,0,0,12,0
0.9999981000650857,0.9866666666666667,0.029333333333333333,0.0,1.0,1.0,0.5146666666666667,0.5142487046632125,11,364,0,0,11,0
0.9999983830852214,0.9866666666666667,0.02666666666666667,0.0,1.0,1.0,0.5133333333333333,0.5129533678756477,10,365,0,0,10,0
0.9999992246339159,0.9866666666666667,0.024,0.0,1.0,1.0,0.512,0.5116580310880829,9,366,0,0,9,0
0.9999993425777852,0.9866666666666667,0.021333333333333333,0.0,1.0,1.0,0.5106666666666667,0.5103626943005182,8,367,0,0,8,0
0.9999995492175213,0.9866666666666667,0.018666666666666668,0.0,1.0,1.0,0.5093333333333333,0.5090673575129534,7,368,0,0,7,0
0.9999995653621483,0.9866666666666667,0.016,0.0,1.0,1.0,0.508,0.5077720207253886,6,369,0,0,6,0
0.9999995914979151,0.9866666666666667,0.013333333333333334,0.0,1.0,1.0,0.5066666666666667,0.5064766839378239,5,370,0,0,5,0
0.9999997224066861,0.9866666666666667,0.010666666666666666,0.0,1.0,1.0,0.5053333333333333,0.5051813471502591,4,371,0,0,4,0
0.9999998010746949,0.9866666666666667,0.008,0.0,1.0,1.0,0.504,0.5038860103626943,3,372,0,0,3,0
0.9999999942737501,0.9866666666666667,0.005333333333333333,0.0,1.0,1.0,0.5026666666666667,0.5025906735751295,2,373,0,0,2,0
0.9999999970689535,0.9866666666666667,0.0026666666666666666,0.0,1.0,1.0,0.5013333333333333,0.5012953367875648,1,374,0,0,1,0
0.9999999970689536,0.9866666666666667,0.0,0.0,,1.0,0.5,0.5,0,375,0,0,0,0
