model,split,path,activity,label,duration_s,candidate_hit,alarms,detected,no_matched_candidate,matched_candidates_rejected
tree,train,SA03/D01_SA03_R01.txt,D01,0,99.995,0,0,0,0,0
tree,train,SA03/D02_SA03_R01.txt,D02,0,100.0,0,0,0,0,0
tree,train,SA03/D03_SA03_R01.txt,D03,0,100.0,0,1,0,0,0
tree,train,SA03/D04_SA03_R01.txt,D04,0,100.0,0,27,0,0,0
tree,train,SA03/D05_SA03_R01.txt,D05,0,25.0,0,0,0,0,0
tree,train,SA03/D05_SA03_R02.txt,D05,0,25.0,0,0,0,0,0
tree,train,SA03/D05_SA03_R03.txt,D05,0,25.0,0,0,0,0,0
tree,train,SA03/D05_SA03_R04.txt,D05,0,25.0,0,0,0,0,0
tree,train,SA03/D05_SA03_R05.txt,D05,0,25.0,0,0,0,0,0
tree,train,SA03/D06_SA03_R01.txt,D06,0,24.995,0,1,0,0,0
tree,train,SA03/D06_SA03_R02.txt,D06,0,25.0,0,0,0,0,0
tree,train,SA03/D06_SA03_R03.txt,D06,0,25.0,0,1,0,0,0
tree,train,SA03/D06_SA03_R04.txt,D06,0,25.0,0,0,0,0,0
tree,train,SA03/D06_SA03_R05.txt,D06,0,25.0,0,1,0,0,0
tree,train,SA03/D07_SA03_R01.txt,D07,0,12.0,0,0,0,0,0
tree,train,SA03/D07_SA03_R02.txt,D07,0,12.0,0,0,0,0,0
tree,train,SA03/D07_SA03_R03.txt,D07,0,12.0,0,0,0,0,0
tree,train,SA03/D07_SA03_R04.txt,D07,0,12.0,0,0,0,0,0
tree,train,SA03/D07_SA03_R05.txt,D07,0,12.0,0,0,0,0,0
tree,train,SA03/D08_SA03_R01.txt,D08,0,12.0,0,0,0,0,0
tree,train,SA03/D08_SA03_R02.txt,D08,0,12.0,0,0,0,0,0
tree,train,SA03/D08_SA03_R03.txt,D08,0,12.0,0,0,0,0,0
tree,train,SA03/D08_SA03_R04.txt,D08,0,12.0,0,0,0,0,0
tree,train,SA03/D08_SA03_R05.txt,D08,0,12.0,0,0,0,0,0
tree,train,SA03/D09_SA03_R01.txt,D09,0,12.0,0,0,0,0,0
tree,train,SA03/D09_SA03_R02.txt,D09,0,12.0,0,0,0,0,0
tree,train,SA03/D09_SA03_R03.txt,D09,0,12.0,0,0,0,0,0
tree,train,SA03/D09_SA03_R04.txt,D09,0,12.0,0,0,0,0,0
tree,train,SA03/D09_SA03_R05.txt,D09,0,12.0,0,0,0,0,0
tree,train,SA03/D10_SA03_R01.txt,D10,0,12.0,0,0,0,0,0
tree,train,SA03/D10_SA03_R02.txt,D10,0,12.0,0,0,0,0,0
tree,train,SA03/D10_SA03_R03.txt,D10,0,12.0,0,0,0,0,0
tree,train,SA03/D10_SA03_R04.txt,D10,0,12.0,0,0,0,0,0
tree,train,SA03/D10_SA03_R05.txt,D10,0,12.0,0,0,0,0,0
tree,train,SA03/D11_SA03_R01.txt,D11,0,11.995,0,1,0,0,0
tree,train,SA03/D11_SA03_R02.txt,D11,0,12.0,0,1,0,0,0
tree,train,SA03/D11_SA03_R03.txt,D11,0,12.0,0,1,0,0,0
tree,train,SA03/D11_SA03_R04.txt,D11,0,11.995,0,0,0,0,0
tree,train,SA03/D11_SA03_R05.txt,D11,0,12.0,0,1,0,0,0
tree,train,SA03/D12_SA03_R01.txt,D12,0,12.0,0,0,0,0,0
tree,train,SA03/D12_SA03_R02.txt,D12,0,12.0,0,0,0,0,0
tree,train,SA03/D12_SA03_R03.txt,D12,0,12.0,0,0,0,0,0
tree,train,SA03/D12_SA03_R04.txt,D12,0,12.0,0,0,0,0,0
tree,train,SA03/D12_SA03_R05.txt,D12,0,12.0,0,0,0,0,0
tree,train,SA03/D13_SA03_R01.txt,D13,0,12.0,0,1,0,0,0
tree,train,SA03/D13_SA03_R02.txt,D13,0,12.0,0,0,0,0,0
tree,train,SA03/D13_SA03_R03.txt,D13,0,12.0,0,0,0,0,0
tree,train,SA03/D13_SA03_R04.txt,D13,0,12.0,0,0,0,0,0
tree,train,SA03/D13_SA03_R05.txt,D13,0,12.0,0,1,0,0,0
tree,train,SA03/D14_SA03_R01.txt,D14,0,12.0,0,0,0,0,0
tree,train,SA03/D14_SA03_R02.txt,D14,0,12.0,0,0,0,0,0
tree,train,SA03/D14_SA03_R03.txt,D14,0,12.0,0,0,0,0,0
tree,train,SA03/D14_SA03_R04.txt,D14,0,12.0,0,0,0,0,0
tree,train,SA03/D14_SA03_R05.txt,D14,0,12.0,0,0,0,0,0
tree,train,SA03/D15_SA03_R01.txt,D15,0,12.0,0,0,0,0,0
tree,train,SA03/D15_SA03_R02.txt,D15,0,12.0,0,0,0,0,0
tree,train,SA03/D15_SA03_R03.txt,D15,0,12.0,0,0,0,0,0
tree,train,SA03/D15_SA03_R04.txt,D15,0,12.0,0,0,0,0,0
tree,train,SA03/D15_SA03_R05.txt,D15,0,12.0,0,0,0,0,0
tree,train,SA03/D16_SA03_R01.txt,D16,0,11.995,0,0,0,0,0
tree,train,SA03/D16_SA03_R02.txt,D16,0,12.0,0,0,0,0,0
tree,train,SA03/D16_SA03_R03.txt,D16,0,12.0,0,0,0,0,0
tree,train,SA03/D16_SA03_R04.txt,D16,0,12.0,0,0,0,0,0
tree,train,SA03/D16_SA03_R05.txt,D16,0,12.0,0,0,0,0,0
tree,train,SA03/D17_SA03_R01.txt,D17,0,24.995,0,0,0,0,0
tree,train,SA03/D17_SA03_R02.txt,D17,0,25.0,0,0,0,0,0
tree,train,SA03/D17_SA03_R03.txt,D17,0,25.0,0,0,0,0,0
tree,train,SA03/D17_SA03_R04.txt,D17,0,25.0,0,0,0,0,0
tree,train,SA03/D17_SA03_R05.txt,D17,0,25.0,0,0,0,0,0
tree,train,SA03/D18_SA03_R01.txt,D18,0,12.0,0,0,0,0,0
tree,train,SA03/D18_SA03_R02.txt,D18,0,12.0,0,0,0,0,0
tree,train,SA03/D18_SA03_R03.txt,D18,0,12.0,0,0,0,0,0
tree,train,SA03/D18_SA03_R04.txt,D18,0,12.0,0,0,0,0,0
tree,train,SA03/D18_SA03_R05.txt,D18,0,12.0,0,0,0,0,0
tree,train,SA03/D19_SA03_R01.txt,D19,0,12.0,0,1,0,0,0
tree,train,SA03/D19_SA03_R02.txt,D19,0,12.0,0,2,0,0,0
tree,train,SA03/D19_SA03_R03.txt,D19,0,12.0,0,2,0,0,0
tree,train,SA03/D19_SA03_R04.txt,D19,0,12.0,0,2,0,0,0
tree,train,SA03/D19_SA03_R05.txt,D19,0,12.0,0,2,0,0,0
tree,train,SA03/F01_SA03_R01.txt,F01,1,14.995,1,1,1,0,0
tree,train,SA03/F01_SA03_R02.txt,F01,1,15.0,1,1,1,0,0
tree,train,SA03/F01_SA03_R03.txt,F01,1,15.0,1,1,1,0,0
tree,train,SA03/F01_SA03_R04.txt,F01,1,15.0,1,1,1,0,0
tree,train,SA03/F01_SA03_R05.txt,F01,1,15.0,1,1,1,0,0
tree,train,SA03/F02_SA03_R01.txt,F02,1,15.0,1,1,1,0,0
tree,train,SA03/F02_SA03_R02.txt,F02,1,15.0,1,1,1,0,0
tree,train,SA03/F02_SA03_R03.txt,F02,1,15.0,1,1,1,0,0
tree,train,SA03/F02_SA03_R04.txt,F02,1,15.0,1,1,1,0,0
tree,train,SA03/F02_SA03_R05.txt,F02,1,15.0,1,1,1,0,0
tree,train,SA03/F03_SA03_R01.txt,F03,1,15.0,1,2,1,0,0
tree,train,SA03/F03_SA03_R02.txt,F03,1,15.0,1,2,1,0,0
tree,train,SA03/F03_SA03_R03.txt,F03,1,15.0,0,0,0,1,0
tree,train,SA03/F03_SA03_R04.txt,F03,1,15.0,1,1,1,0,0
tree,train,SA03/F03_SA03_R05.txt,F03,1,15.0,1,1,1,0,0
tree,train,SA03/F04_SA03_R01.txt,F04,1,15.0,1,1,1,0,0
tree,train,SA03/F04_SA03_R02.txt,F04,1,15.0,1,1,1,0,0
tree,train,SA03/F04_SA03_R03.txt,F04,1,15.0,1,1,1,0,0
tree,train,SA03/F04_SA03_R04.txt,F04,1,15.0,1,1,1,0,0
tree,train,SA03/F04_SA03_R05.txt,F04,1,15.0,1,1,1,0,0
tree,train,SA03/F05_SA03_R01.txt,F05,1,15.0,1,1,1,0,0
tree,train,SA03/F05_SA03_R02.txt,F05,1,15.0,1,1,1,0,0
tree,train,SA03/F05_SA03_R03.txt,F05,1,15.0,1,1,1,0,0
tree,train,SA03/F05_SA03_R04.txt,F05,1,15.0,1,2,1,0,0
tree,train,SA03/F05_SA03_R05.txt,F05,1,15.0,1,1,1,0,0
tree,train,SA03/F06_SA03_R01.txt,F06,1,14.995,1,1,1,0,0
tree,train,SA03/F06_SA03_R02.txt,F06,1,15.0,1,1,1,0,0
tree,train,SA03/F06_SA03_R03.txt,F06,1,15.0,1,1,1,0,0
tree,train,SA03/F06_SA03_R04.txt,F06,1,15.0,1,1,1,0,0
tree,train,SA03/F06_SA03_R05.txt,F06,1,15.0,1,1,1,0,0
tree,train,SA03/F07_SA03_R01.txt,F07,1,15.0,1,1,1,0,0
tree,train,SA03/F07_SA03_R02.txt,F07,1,15.0,1,1,1,0,0
tree,train,SA03/F07_SA03_R03.txt,F07,1,15.0,1,1,1,0,0
tree,train,SA03/F07_SA03_R04.txt,F07,1,15.0,1,1,1,0,0
tree,train,SA03/F07_SA03_R05.txt,F07,1,15.0,1,1,0,0,1
tree,train,SA03/F08_SA03_R01.txt,F08,1,14.995,1,1,1,0,0
tree,train,SA03/F08_SA03_R02.txt,F08,1,15.0,1,1,1,0,0
tree,train,SA03/F08_SA03_R03.txt,F08,1,15.0,1,1,1,0,0
tree,train,SA03/F08_SA03_R04.txt,F08,1,15.0,1,1,1,0,0
tree,train,SA03/F08_SA03_R05.txt,F08,1,15.0,1,0,0,0,1
tree,train,SA03/F09_SA03_R01.txt,F09,1,14.995,1,1,1,0,0
tree,train,SA03/F09_SA03_R02.txt,F09,1,15.0,1,1,1,0,0
tree,train,SA03/F09_SA03_R03.txt,F09,1,15.0,1,1,1,0,0
tree,train,SA03/F09_SA03_R04.txt,F09,1,15.0,1,1,1,0,0
tree,train,SA03/F09_SA03_R05.txt,F09,1,15.0,1,1,1,0,0
tree,train,SA03/F10_SA03_R01.txt,F10,1,15.0,1,0,0,0,1
tree,train,SA03/F10_SA03_R02.txt,F10,1,15.0,1,1,1,0,0
tree,train,SA03/F10_SA03_R03.txt,F10,1,15.0,1,1,1,0,0
tree,train,SA03/F10_SA03_R04.txt,F10,1,15.0,1,1,1,0,0
tree,train,SA03/F10_SA03_R05.txt,F10,1,15.0,1,1,1,0,0
tree,train,SA03/F11_SA03_R01.txt,F11,1,14.995,1,1,1,0,0
tree,train,SA03/F11_SA03_R02.txt,F11,1,15.0,1,1,1,0,0
tree,train,SA03/F11_SA03_R03.txt,F11,1,15.0,1,1,1,0,0
tree,train,SA03/F11_SA03_R04.txt,F11,1,15.0,1,1,1,0,0
tree,train,SA03/F11_SA03_R05.txt,F11,1,15.0,1,1,1,0,0
tree,train,SA03/F12_SA03_R01.txt,F12,1,15.0,1,1,1,0,0
tree,train,SA03/F12_SA03_R02.txt,F12,1,15.0,1,1,1,0,0
tree,train,SA03/F12_SA03_R03.txt,F12,1,15.0,1,1,1,0,0
tree,train,SA03/F12_SA03_R04.txt,F12,1,15.0,1,1,1,0,0
tree,train,SA03/F12_SA03_R05.txt,F12,1,15.0,1,1,1,0,0
tree,train,SA03/F13_SA03_R01.txt,F13,1,15.0,1,1,1,0,0
tree,train,SA03/F13_SA03_R02.txt,F13,1,15.0,1,1,1,0,0
tree,train,SA03/F13_SA03_R03.txt,F13,1,15.0,1,1,1,0,0
tree,train,SA03/F13_SA03_R04.txt,F13,1,15.0,1,1,1,0,0
tree,train,SA03/F13_SA03_R05.txt,F13,1,15.0,1,1,1,0,0
tree,train,SA03/F14_SA03_R01.txt,F14,1,15.0,1,1,1,0,0
tree,train,SA03/F14_SA03_R02.txt,F14,1,15.0,1,1,1,0,0
tree,train,SA03/F14_SA03_R03.txt,F14,1,15.0,1,1,1,0,0
tree,train,SA03/F14_SA03_R04.txt,F14,1,15.0,1,1,1,0,0
tree,train,SA03/F14_SA03_R05.txt,F14,1,15.0,1,1,1,0,0
tree,train,SA03/F15_SA03_R01.txt,F15,1,15.0,1,1,1,0,0
tree,train,SA03/F15_SA03_R02.txt,F15,1,15.0,1,1,1,0,0
tree,train,SA03/F15_SA03_R03.txt,F15,1,15.0,1,1,1,0,0
tree,train,SA03/F15_SA03_R04.txt,F15,1,15.0,1,1,1,0,0
tree,train,SA03/F15_SA03_R05.txt,F15,1,15.0,1,1,1,0,0
tree,train,SA04/D01_SA04_R01.txt,D01,0,99.995,0,0,0,0,0
tree,train,SA04/D02_SA04_R01.txt,D02,0,100.0,0,0,0,0,0
tree,train,SA04/D03_SA04_R01.txt,D03,0,100.0,0,0,0,0,0
tree,train,SA04/D04_SA04_R01.txt,D04,0,100.0,0,3,0,0,0
tree,train,SA04/D05_SA04_R01.txt,D05,0,25.0,0,0,0,0,0
tree,train,SA04/D05_SA04_R02.txt,D05,0,25.0,0,0,0,0,0
tree,train,SA04/D05_SA04_R03.txt,D05,0,25.0,0,0,0,0,0
tree,train,SA04/D05_SA04_R04.txt,D05,0,25.0,0,0,0,0,0
tree,train,SA04/D05_SA04_R05.txt,D05,0,25.0,0,0,0,0,0
tree,train,SA04/D06_SA04_R01.txt,D06,0,24.995,0,0,0,0,0
tree,train,SA04/D06_SA04_R02.txt,D06,0,25.0,0,2,0,0,0
tree,train,SA04/D06_SA04_R03.txt,D06,0,25.0,0,1,0,0,0
tree,train,SA04/D06_SA04_R04.txt,D06,0,25.0,0,1,0,0,0
tree,train,SA04/D06_SA04_R05.txt,D06,0,25.0,0,2,0,0,0
tree,train,SA04/D07_SA04_R01.txt,D07,0,12.0,0,0,0,0,0
tree,train,SA04/D07_SA04_R02.txt,D07,0,12.0,0,0,0,0,0
tree,train,SA04/D07_SA04_R03.txt,D07,0,12.0,0,0,0,0,0
tree,train,SA04/D07_SA04_R04.txt,D07,0,12.0,0,0,0,0,0
tree,train,SA04/D07_SA04_R05.txt,D07,0,12.0,0,0,0,0,0
tree,train,SA04/D08_SA04_R01.txt,D08,0,12.0,0,0,0,0,0
tree,train,SA04/D08_SA04_R02.txt,D08,0,12.0,0,0,0,0,0
tree,train,SA04/D08_SA04_R03.txt,D08,0,12.0,0,0,0,0,0
tree,train,SA04/D08_SA04_R04.txt,D08,0,12.0,0,0,0,0,0
tree,train,SA04/D08_SA04_R05.txt,D08,0,12.0,0,0,0,0,0
tree,train,SA04/D09_SA04_R01.txt,D09,0,12.0,0,0,0,0,0
tree,train,SA04/D09_SA04_R02.txt,D09,0,12.0,0,0,0,0,0
tree,train,SA04/D09_SA04_R03.txt,D09,0,12.0,0,0,0,0,0
tree,train,SA04/D09_SA04_R04.txt,D09,0,12.0,0,0,0,0,0
tree,train,SA04/D09_SA04_R05.txt,D09,0,12.0,0,0,0,0,0
tree,train,SA04/D10_SA04_R01.txt,D10,0,12.0,0,0,0,0,0
tree,train,SA04/D10_SA04_R02.txt,D10,0,12.0,0,0,0,0,0
tree,train,SA04/D10_SA04_R03.txt,D10,0,12.0,0,0,0,0,0
tree,train,SA04/D10_SA04_R04.txt,D10,0,12.0,0,0,0,0,0
tree,train,SA04/D10_SA04_R05.txt,D10,0,12.0,0,0,0,0,0
tree,train,SA04/D11_SA04_R01.txt,D11,0,12.0,0,0,0,0,0
tree,train,SA04/D11_SA04_R02.txt,D11,0,12.0,0,0,0,0,0
tree,train,SA04/D11_SA04_R03.txt,D11,0,12.0,0,0,0,0,0
tree,train,SA04/D11_SA04_R04.txt,D11,0,12.0,0,0,0,0,0
tree,train,SA04/D11_SA04_R05.txt,D11,0,12.0,0,0,0,0,0
tree,train,SA04/D12_SA04_R01.txt,D12,0,12.0,0,0,0,0,0
tree,train,SA04/D12_SA04_R02.txt,D12,0,12.0,0,0,0,0,0
tree,train,SA04/D12_SA04_R03.txt,D12,0,12.0,0,0,0,0,0
tree,train,SA04/D12_SA04_R04.txt,D12,0,12.0,0,0,0,0,0
tree,train,SA04/D12_SA04_R05.txt,D12,0,12.0,0,0,0,0,0
tree,train,SA04/D13_SA04_R01.txt,D13,0,12.0,0,0,0,0,0
tree,train,SA04/D13_SA04_R02.txt,D13,0,12.0,0,0,0,0,0
tree,train,SA04/D13_SA04_R03.txt,D13,0,12.0,0,0,0,0,0
tree,train,SA04/D13_SA04_R04.txt,D13,0,12.0,0,0,0,0,0
tree,train,SA04/D13_SA04_R05.txt,D13,0,12.0,0,1,0,0,0
tree,train,SA04/D14_SA04_R01.txt,D14,0,12.0,0,0,0,0,0
tree,train,SA04/D14_SA04_R02.txt,D14,0,12.0,0,0,0,0,0
tree,train,SA04/D14_SA04_R03.txt,D14,0,12.0,0,0,0,0,0
tree,train,SA04/D14_SA04_R04.txt,D14,0,12.0,0,0,0,0,0
tree,train,SA04/D14_SA04_R05.txt,D14,0,12.0,0,0,0,0,0
tree,train,SA04/D15_SA04_R01.txt,D15,0,12.0,0,0,0,0,0
tree,train,SA04/D15_SA04_R02.txt,D15,0,12.0,0,0,0,0,0
tree,train,SA04/D15_SA04_R03.txt,D15,0,12.0,0,0,0,0,0
tree,train,SA04/D15_SA04_R04.txt,D15,0,12.0,0,0,0,0,0
tree,train,SA04/D15_SA04_R05.txt,D15,0,12.0,0,0,0,0,0
tree,train,SA04/D16_SA04_R01.txt,D16,0,11.995,0,0,0,0,0
tree,train,SA04/D16_SA04_R02.txt,D16,0,12.0,0,0,0,0,0
tree,train,SA04/D16_SA04_R03.txt,D16,0,12.0,0,0,0,0,0
tree,train,SA04/D16_SA04_R04.txt,D16,0,12.0,0,0,0,0,0
tree,train,SA04/D16_SA04_R05.txt,D16,0,12.0,0,0,0,0,0
tree,train,SA04/D17_SA04_R01.txt,D17,0,24.995,0,0,0,0,0
tree,train,SA04/D17_SA04_R02.txt,D17,0,25.0,0,0,0,0,0
tree,train,SA04/D17_SA04_R03.txt,D17,0,25.0,0,0,0,0,0
tree,train,SA04/D17_SA04_R04.txt,D17,0,25.0,0,0,0,0,0
tree,train,SA04/D17_SA04_R05.txt,D17,0,25.0,0,0,0,0,0
tree,train,SA04/D18_SA04_R01.txt,D18,0,12.0,0,0,0,0,0
tree,train,SA04/D18_SA04_R02.txt,D18,0,12.0,0,0,0,0,0
tree,train,SA04/D18_SA04_R03.txt,D18,0,12.0,0,0,0,0,0
tree,train,SA04/D18_SA04_R04.txt,D18,0,12.0,0,0,0,0,0
tree,train,SA04/D18_SA04_R05.txt,D18,0,12.0,0,1,0,0,0
tree,train,SA04/D19_SA04_R01.txt,D19,0,12.0,0,2,0,0,0
tree,train,SA04/D19_SA04_R02.txt,D19,0,12.0,0,2,0,0,0
tree,train,SA04/D19_SA04_R03.txt,D19,0,12.0,0,1,0,0,0
tree,train,SA04/D19_SA04_R04.txt,D19,0,12.0,0,1,0,0,0
tree,train,SA04/D19_SA04_R05.txt,D19,0,12.0,0,1,0,0,0
tree,train,SA04/F01_SA04_R01.txt,F01,1,14.995,1,1,1,0,0
tree,train,SA04/F01_SA04_R02.txt,F01,1,15.0,1,1,1,0,0
tree,train,SA04/F01_SA04_R03.txt,F01,1,15.0,1,1,1,0,0
tree,train,SA04/F01_SA04_R04.txt,F01,1,15.0,1,1,1,0,0
tree,train,SA04/F01_SA04_R05.txt,F01,1,15.0,1,1,1,0,0
tree,train,SA04/F02_SA04_R01.txt,F02,1,15.0,1,1,1,0,0
tree,train,SA04/F02_SA04_R02.txt,F02,1,15.0,1,2,1,0,0
tree,train,SA04/F02_SA04_R03.txt,F02,1,15.0,1,1,1,0,0
tree,train,SA04/F02_SA04_R04.txt,F02,1,15.0,1,1,1,0,0
tree,train,SA04/F02_SA04_R05.txt,F02,1,15.0,1,1,1,0,0
tree,train,SA04/F03_SA04_R01.txt,F03,1,15.0,1,1,1,0,0
tree,train,SA04/F03_SA04_R02.txt,F03,1,15.0,1,2,1,0,0
tree,train,SA04/F03_SA04_R03.txt,F03,1,15.0,1,1,1,0,0
tree,train,SA04/F03_SA04_R04.txt,F03,1,15.0,1,1,1,0,0
tree,train,SA04/F03_SA04_R05.txt,F03,1,15.0,1,1,1,0,0
tree,train,SA04/F04_SA04_R01.txt,F04,1,15.0,1,1,1,0,0
tree,train,SA04/F04_SA04_R02.txt,F04,1,15.0,1,1,1,0,0
tree,train,SA04/F04_SA04_R03.txt,F04,1,15.0,1,1,1,0,0
tree,train,SA04/F04_SA04_R04.txt,F04,1,15.0,1,1,1,0,0
tree,train,SA04/F04_SA04_R05.txt,F04,1,15.0,1,1,1,0,0
tree,train,SA04/F05_SA04_R01.txt,F05,1,15.0,1,1,1,0,0
tree,train,SA04/F05_SA04_R02.txt,F05,1,15.0,1,2,1,0,0
tree,train,SA04/F05_SA04_R03.txt,F05,1,15.0,1,1,1,0,0
tree,train,SA04/F05_SA04_R04.txt,F05,1,15.0,1,1,1,0,0
tree,train,SA04/F05_SA04_R05.txt,F05,1,15.0,1,2,1,0,0
tree,train,SA04/F06_SA04_R01.txt,F06,1,14.995,1,1,1,0,0
tree,train,SA04/F06_SA04_R02.txt,F06,1,15.0,1,1,1,0,0
tree,train,SA04/F06_SA04_R03.txt,F06,1,15.0,1,1,1,0,0
tree,train,SA04/F06_SA04_R04.txt,F06,1,15.0,1,1,1,0,0
tree,train,SA04/F06_SA04_R05.txt,F06,1,15.0,1,1,1,0,0
tree,train,SA04/F07_SA04_R01.txt,F07,1,15.0,1,2,1,0,0
tree,train,SA04/F07_SA04_R02.txt,F07,1,14.995,1,2,1,0,0
tree,train,SA04/F07_SA04_R03.txt,F07,1,15.0,1,1,1,0,0
tree,train,SA04/F07_SA04_R04.txt,F07,1,15.0,1,1,1,0,0
tree,train,SA04/F07_SA04_R05.txt,F07,1,15.0,1,2,1,0,0
tree,train,SA04/F08_SA04_R01.txt,F08,1,15.0,1,1,1,0,0
tree,train,SA04/F08_SA04_R02.txt,F08,1,15.0,1,1,1,0,0
tree,train,SA04/F08_SA04_R03.txt,F08,1,15.0,1,2,1,0,0
tree,train,SA04/F08_SA04_R04.txt,F08,1,15.0,1,1,1,0,0
tree,train,SA04/F08_SA04_R05.txt,F08,1,15.0,1,1,1,0,0
tree,train,SA04/F09_SA04_R01.txt,F09,1,15.0,1,1,1,0,0
tree,train,SA04/F09_SA04_R02.txt,F09,1,15.0,1,1,1,0,0
tree,train,SA04/F09_SA04_R03.txt,F09,1,15.0,1,1,1,0,0
tree,train,SA04/F09_SA04_R04.txt,F09,1,15.0,1,1,1,0,0
tree,train,SA04/F09_SA04_R05.txt,F09,1,15.0,1,1,1,0,0
tree,train,SA04/F10_SA04_R01.txt,F10,1,15.0,1,1,1,0,0
tree,train,SA04/F10_SA04_R02.txt,F10,1,15.0,1,1,1,0,0
tree,train,SA04/F10_SA04_R03.txt,F10,1,15.0,1,1,1,0,0
tree,train,SA04/F10_SA04_R04.txt,F10,1,15.0,1,1,1,0,0
tree,train,SA04/F10_SA04_R05.txt,F10,1,15.0,1,1,1,0,0
tree,train,SA04/F11_SA04_R01.txt,F11,1,14.995,1,1,1,0,0
tree,train,SA04/F11_SA04_R02.txt,F11,1,15.0,1,1,1,0,0
tree,train,SA04/F11_SA04_R03.txt,F11,1,15.0,1,1,1,0,0
tree,train,SA04/F11_SA04_R04.txt,F11,1,15.0,1,1,1,0,0
tree,train,SA04/F11_SA04_R05.txt,F11,1,15.0,1,1,1,0,0
tree,train,SA04/F12_SA04_R01.txt,F12,1,15.0,1,1,1,0,0
tree,train,SA04/F12_SA04_R02.txt,F12,1,15.0,1,1,1,0,0
tree,train,SA04/F12_SA04_R03.txt,F12,1,15.0,1,1,1,0,0
tree,train,SA04/F12_SA04_R04.txt,F12,1,15.0,1,0,0,0,1
tree,train,SA04/F12_SA04_R05.txt,F12,1,15.0,1,1,1,0,0
tree,train,SA04/F13_SA04_R01.txt,F13,1,15.0,1,1,1,0,0
tree,train,SA04/F13_SA04_R02.txt,F13,1,15.0,1,1,1,0,0
tree,train,SA04/F13_SA04_R03.txt,F13,1,15.0,1,0,0,0,1
tree,train,SA04/F13_SA04_R04.txt,F13,1,15.0,1,2,1,0,0
tree,train,SA04/F13_SA04_R05.txt,F13,1,15.0,1,1,1,0,0
tree,train,SA04/F14_SA04_R01.txt,F14,1,15.0,1,1,1,0,0
tree,train,SA04/F14_SA04_R02.txt,F14,1,15.0,1,1,1,0,0
tree,train,SA04/F14_SA04_R03.txt,F14,1,15.0,1,1,1,0,0
tree,train,SA04/F14_SA04_R04.txt,F14,1,15.0,1,1,1,0,0
tree,train,SA04/F14_SA04_R05.txt,F14,1,15.0,1,1,1,0,0
tree,train,SA04/F15_SA04_R01.txt,F15,1,15.0,1,1,1,0,0
tree,train,SA04/F15_SA04_R02.txt,F15,1,15.0,1,1,1,0,0
tree,train,SA04/F15_SA04_R03.txt,F15,1,15.0,1,1,1,0,0
tree,train,SA04/F15_SA04_R04.txt,F15,1,15.0,1,1,1,0,0
tree,train,SA04/F15_SA04_R05.txt,F15,1,15.0,1,1,1,0,0
tree,train,SA07/D01_SA07_R01.txt,D01,0,99.995,0,0,0,0,0
tree,train,SA07/D02_SA07_R01.txt,D02,0,100.0,0,0,0,0,0
tree,train,SA07/D03_SA07_R01.txt,D03,0,100.0,0,0,0,0,0
tree,train,SA07/D04_SA07_R01.txt,D04,0,99.995,0,2,0,0,0
tree,train,SA07/D05_SA07_R01.txt,D05,0,25.0,0,0,0,0,0
tree,train,SA07/D05_SA07_R02.txt,D05,0,25.0,0,0,0,0,0
tree,train,SA07/D05_SA07_R03.txt,D05,0,24.995,0,0,0,0,0
tree,train,SA07/D05_SA07_R04.txt,D05,0,25.0,0,0,0,0,0
tree,train,SA07/D05_SA07_R05.txt,D05,0,24.995,0,0,0,0,0
tree,train,SA07/D06_SA07_R01.txt,D06,0,25.0,0,0,0,0,0
tree,train,SA07/D06_SA07_R02.txt,D06,0,25.0,0,0,0,0,0
tree,train,SA07/D06_SA07_R03.txt,D06,0,25.0,0,0,0,0,0
tree,train,SA07/D06_SA07_R04.txt,D06,0,25.0,0,0,0,0,0
tree,train,SA07/D06_SA07_R05.txt,D06,0,25.0,0,0,0,0,0
tree,train,SA07/D07_SA07_R01.txt,D07,0,12.0,0,0,0,0,0
tree,train,SA07/D07_SA07_R02.txt,D07,0,12.0,0,0,0,0,0
tree,train,SA07/D07_SA07_R03.txt,D07,0,12.0,0,0,0,0,0
tree,train,SA07/D07_SA07_R04.txt,D07,0,12.0,0,0,0,0,0
tree,train,SA07/D07_SA07_R05.txt,D07,0,12.0,0,0,0,0,0
tree,train,SA07/D08_SA07_R01.txt,D08,0,12.0,0,0,0,0,0
tree,train,SA07/D08_SA07_R02.txt,D08,0,12.0,0,0,0,0,0
tree,train,SA07/D08_SA07_R03.txt,D08,0,12.0,0,0,0,0,0
tree,train,SA07/D08_SA07_R04.txt,D08,0,12.0,0,0,0,0,0
tree,train,SA07/D08_SA07_R05.txt,D08,0,12.0,0,0,0,0,0
tree,train,SA07/D09_SA07_R01.txt,D09,0,12.0,0,0,0,0,0
tree,train,SA07/D09_SA07_R02.txt,D09,0,12.0,0,0,0,0,0
tree,train,SA07/D09_SA07_R03.txt,D09,0,12.0,0,0,0,0,0
tree,train,SA07/D09_SA07_R04.txt,D09,0,12.0,0,0,0,0,0
tree,train,SA07/D09_SA07_R05.txt,D09,0,12.0,0,0,0,0,0
tree,train,SA07/D10_SA07_R01.txt,D10,0,12.0,0,0,0,0,0
tree,train,SA07/D10_SA07_R02.txt,D10,0,12.0,0,0,0,0,0
tree,train,SA07/D10_SA07_R03.txt,D10,0,12.0,0,0,0,0,0
tree,train,SA07/D10_SA07_R04.txt,D10,0,12.0,0,0,0,0,0
tree,train,SA07/D10_SA07_R05.txt,D10,0,12.0,0,0,0,0,0
tree,train,SA07/D11_SA07_R01.txt,D11,0,11.995,0,0,0,0,0
tree,train,SA07/D11_SA07_R02.txt,D11,0,12.0,0,0,0,0,0
tree,train,SA07/D11_SA07_R03.txt,D11,0,12.0,0,0,0,0,0
tree,train,SA07/D11_SA07_R04.txt,D11,0,12.0,0,0,0,0,0
tree,train,SA07/D11_SA07_R05.txt,D11,0,12.0,0,0,0,0,0
tree,train,SA07/D12_SA07_R01.txt,D12,0,12.0,0,0,0,0,0
tree,train,SA07/D12_SA07_R02.txt,D12,0,12.0,0,0,0,0,0
tree,train,SA07/D12_SA07_R03.txt,D12,0,12.0,0,0,0,0,0
tree,train,SA07/D12_SA07_R04.txt,D12,0,12.0,0,0,0,0,0
tree,train,SA07/D12_SA07_R05.txt,D12,0,12.0,0,0,0,0,0
tree,train,SA07/D13_SA07_R01.txt,D13,0,12.0,0,0,0,0,0
tree,train,SA07/D13_SA07_R02.txt,D13,0,12.0,0,0,0,0,0
tree,train,SA07/D13_SA07_R03.txt,D13,0,12.0,0,0,0,0,0
tree,train,SA07/D13_SA07_R04.txt,D13,0,12.0,0,0,0,0,0
tree,train,SA07/D13_SA07_R05.txt,D13,0,12.0,0,0,0,0,0
tree,train,SA07/D14_SA07_R01.txt,D14,0,12.0,0,0,0,0,0
tree,train,SA07/D14_SA07_R02.txt,D14,0,12.0,0,0,0,0,0
tree,train,SA07/D14_SA07_R03.txt,D14,0,12.0,0,0,0,0,0
tree,train,SA07/D14_SA07_R04.txt,D14,0,12.0,0,0,0,0,0
tree,train,SA07/D14_SA07_R05.txt,D14,0,12.0,0,0,0,0,0
tree,train,SA07/D15_SA07_R01.txt,D15,0,11.995,0,0,0,0,0
tree,train,SA07/D15_SA07_R02.txt,D15,0,12.0,0,0,0,0,0
tree,train,SA07/D15_SA07_R03.txt,D15,0,12.0,0,0,0,0,0
tree,train,SA07/D15_SA07_R04.txt,D15,0,12.0,0,0,0,0,0
tree,train,SA07/D15_SA07_R05.txt,D15,0,12.0,0,0,0,0,0
tree,train,SA07/D16_SA07_R01.txt,D16,0,12.0,0,0,0,0,0
tree,train,SA07/D16_SA07_R02.txt,D16,0,12.0,0,0,0,0,0
tree,train,SA07/D16_SA07_R03.txt,D16,0,12.0,0,0,0,0,0
tree,train,SA07/D16_SA07_R04.txt,D16,0,12.0,0,0,0,0,0
tree,train,SA07/D16_SA07_R05.txt,D16,0,12.0,0,0,0,0,0
tree,train,SA07/D17_SA07_R01.txt,D17,0,25.0,0,0,0,0,0
tree,train,SA07/D17_SA07_R02.txt,D17,0,25.0,0,0,0,0,0
tree,train,SA07/D17_SA07_R03.txt,D17,0,25.0,0,0,0,0,0
tree,train,SA07/D17_SA07_R04.txt,D17,0,25.0,0,0,0,0,0
tree,train,SA07/D17_SA07_R05.txt,D17,0,25.0,0,0,0,0,0
tree,train,SA07/D18_SA07_R01.txt,D18,0,11.995,0,0,0,0,0
tree,train,SA07/D18_SA07_R02.txt,D18,0,12.0,0,0,0,0,0
tree,train,SA07/D18_SA07_R03.txt,D18,0,12.0,0,0,0,0,0
tree,train,SA07/D18_SA07_R04.txt,D18,0,12.0,0,0,0,0,0
tree,train,SA07/D18_SA07_R05.txt,D18,0,12.0,0,0,0,0,0
tree,train,SA07/D19_SA07_R01.txt,D19,0,12.0,0,0,0,0,0
tree,train,SA07/D19_SA07_R02.txt,D19,0,12.0,0,0,0,0,0
tree,train,SA07/D19_SA07_R03.txt,D19,0,12.0,0,0,0,0,0
tree,train,SA07/D19_SA07_R04.txt,D19,0,12.0,0,0,0,0,0
tree,train,SA07/D19_SA07_R05.txt,D19,0,12.0,0,0,0,0,0
tree,train,SA07/F01_SA07_R01.txt,F01,1,15.0,1,1,1,0,0
tree,train,SA07/F01_SA07_R02.txt,F01,1,15.0,1,1,1,0,0
tree,train,SA07/F01_SA07_R03.txt,F01,1,15.0,1,1,1,0,0
tree,train,SA07/F01_SA07_R04.txt,F01,1,15.0,1,1,1,0,0
tree,train,SA07/F01_SA07_R05.txt,F01,1,15.0,1,1,1,0,0
tree,train,SA07/F02_SA07_R01.txt,F02,1,15.0,1,2,1,0,0
tree,train,SA07/F02_SA07_R02.txt,F02,1,15.0,1,1,1,0,0
tree,train,SA07/F02_SA07_R03.txt,F02,1,15.0,1,1,1,0,0
tree,train,SA07/F02_SA07_R04.txt,F02,1,15.0,1,1,1,0,0
tree,train,SA07/F02_SA07_R05.txt,F02,1,15.0,1,1,1,0,0
tree,train,SA07/F03_SA07_R01.txt,F03,1,15.0,1,1,1,0,0
tree,train,SA07/F03_SA07_R02.txt,F03,1,15.0,1,1,1,0,0
tree,train,SA07/F03_SA07_R03.txt,F03,1,15.0,1,1,1,0,0
tree,train,SA07/F03_SA07_R04.txt,F03,1,15.0,1,0,0,0,1
tree,train,SA07/F03_SA07_R05.txt,F03,1,15.0,1,1,1,0,0
tree,train,SA07/F04_SA07_R01.txt,F04,1,15.0,1,1,1,0,0
tree,train,SA07/F04_SA07_R02.txt,F04,1,15.0,1,1,1,0,0
tree,train,SA07/F04_SA07_R03.txt,F04,1,15.0,1,1,1,0,0
tree,train,SA07/F04_SA07_R04.txt,F04,1,15.0,1,1,1,0,0
tree,train,SA07/F04_SA07_R05.txt,F04,1,15.0,1,0,0,0,1
tree,train,SA07/F05_SA07_R01.txt,F05,1,15.0,1,2,1,0,0
tree,train,SA07/F05_SA07_R02.txt,F05,1,15.0,1,1,1,0,0
tree,train,SA07/F05_SA07_R03.txt,F05,1,15.0,1,2,1,0,0
tree,train,SA07/F05_SA07_R04.txt,F05,1,15.0,1,1,1,0,0
tree,train,SA07/F05_SA07_R05.txt,F05,1,15.0,1,1,1,0,0
tree,train,SA07/F06_SA07_R01.txt,F06,1,15.0,1,1,1,0,0
tree,train,SA07/F06_SA07_R02.txt,F06,1,15.0,1,1,1,0,0
tree,train,SA07/F06_SA07_R03.txt,F06,1,14.995,1,1,1,0,0
tree,train,SA07/F06_SA07_R04.txt,F06,1,15.0,1,1,1,0,0
tree,train,SA07/F06_SA07_R05.txt,F06,1,15.0,1,1,1,0,0
tree,train,SA07/F07_SA07_R01.txt,F07,1,15.0,1,1,1,0,0
tree,train,SA07/F07_SA07_R02.txt,F07,1,15.0,0,0,0,1,0
tree,train,SA07/F07_SA07_R03.txt,F07,1,15.0,1,1,1,0,0
tree,train,SA07/F07_SA07_R04.txt,F07,1,15.0,1,1,1,0,0
tree,train,SA07/F07_SA07_R05.txt,F07,1,15.0,1,1,1,0,0
tree,train,SA07/F08_SA07_R01.txt,F08,1,15.0,1,1,1,0,0
tree,train,SA07/F08_SA07_R02.txt,F08,1,15.0,1,1,1,0,0
tree,train,SA07/F08_SA07_R03.txt,F08,1,15.0,1,1,1,0,0
tree,train,SA07/F08_SA07_R04.txt,F08,1,15.0,1,1,1,0,0
tree,train,SA07/F08_SA07_R05.txt,F08,1,15.0,1,1,1,0,0
tree,train,SA07/F09_SA07_R01.txt,F09,1,15.0,1,1,1,0,0
tree,train,SA07/F09_SA07_R02.txt,F09,1,15.0,1,1,1,0,0
tree,train,SA07/F09_SA07_R03.txt,F09,1,15.0,1,1,1,0,0
tree,train,SA07/F09_SA07_R04.txt,F09,1,15.0,1,1,1,0,0
tree,train,SA07/F09_SA07_R05.txt,F09,1,15.0,1,1,1,0,0
tree,train,SA07/F10_SA07_R01.txt,F10,1,15.0,1,1,1,0,0
tree,train,SA07/F10_SA07_R02.txt,F10,1,15.0,1,1,1,0,0
tree,train,SA07/F10_SA07_R03.txt,F10,1,15.0,1,1,1,0,0
tree,train,SA07/F10_SA07_R04.txt,F10,1,15.0,1,1,1,0,0
tree,train,SA07/F10_SA07_R05.txt,F10,1,15.0,1,1,1,0,0
tree,train,SA07/F11_SA07_R01.txt,F11,1,14.995,1,1,1,0,0
tree,train,SA07/F11_SA07_R02.txt,F11,1,15.0,1,1,1,0,0
tree,train,SA07/F11_SA07_R03.txt,F11,1,15.0,1,1,1,0,0
tree,train,SA07/F11_SA07_R04.txt,F11,1,15.0,1,1,1,0,0
tree,train,SA07/F11_SA07_R05.txt,F11,1,15.0,1,1,1,0,0
tree,train,SA07/F12_SA07_R01.txt,F12,1,15.0,1,1,1,0,0
tree,train,SA07/F12_SA07_R02.txt,F12,1,15.0,1,1,1,0,0
tree,train,SA07/F12_SA07_R03.txt,F12,1,15.0,1,1,1,0,0
tree,train,SA07/F12_SA07_R04.txt,F12,1,15.0,1,1,1,0,0
tree,train,SA07/F12_SA07_R05.txt,F12,1,15.0,1,1,1,0,0
tree,train,SA07/F13_SA07_R01.txt,F13,1,15.0,1,1,1,0,0
tree,train,SA07/F13_SA07_R02.txt,F13,1,15.0,1,2,1,0,0
tree,train,SA07/F13_SA07_R03.txt,F13,1,15.0,1,1,1,0,0
tree,train,SA07/F13_SA07_R04.txt,F13,1,15.0,1,1,1,0,0
tree,train,SA07/F13_SA07_R05.txt,F13,1,15.0,1,1,1,0,0
tree,train,SA07/F14_SA07_R01.txt,F14,1,15.0,1,1,1,0,0
tree,train,SA07/F14_SA07_R02.txt,F14,1,15.0,1,1,1,0,0
tree,train,SA07/F14_SA07_R03.txt,F14,1,15.0,1,1,1,0,0
tree,train,SA07/F14_SA07_R04.txt,F14,1,15.0,1,1,1,0,0
tree,train,SA07/F14_SA07_R05.txt,F14,1,14.995,1,1,1,0,0
tree,train,SA07/F15_SA07_R01.txt,F15,1,15.03,1,1,1,0,0
tree,train,SA07/F15_SA07_R02.txt,F15,1,15.0,1,1,1,0,0
tree,train,SA07/F15_SA07_R03.txt,F15,1,15.0,1,1,1,0,0
tree,train,SA07/F15_SA07_R04.txt,F15,1,15.0,1,1,1,0,0
tree,train,SA07/F15_SA07_R05.txt,F15,1,15.0,1,0,0,0,1
tree,train,SA10/D01_SA10_R01.txt,D01,0,99.995,0,0,0,0,0
tree,train,SA10/D02_SA10_R01.txt,D02,0,100.0,0,0,0,0,0
tree,train,SA10/D03_SA10_R01.txt,D03,0,100.0,0,0,0,0,0
tree,train,SA10/D04_SA10_R01.txt,D04,0,100.0,0,20,0,0,0
tree,train,SA10/D05_SA10_R01.txt,D05,0,24.995,0,0,0,0,0
tree,train,SA10/D05_SA10_R02.txt,D05,0,25.0,0,0,0,0,0
tree,train,SA10/D05_SA10_R03.txt,D05,0,25.0,0,0,0,0,0
tree,train,SA10/D05_SA10_R04.txt,D05,0,25.0,0,0,0,0,0
tree,train,SA10/D05_SA10_R05.txt,D05,0,25.0,0,0,0,0,0
tree,train,SA10/D06_SA10_R01.txt,D06,0,24.995,0,0,0,0,0
tree,train,SA10/D06_SA10_R02.txt,D06,0,25.0,0,0,0,0,0
tree,train,SA10/D06_SA10_R03.txt,D06,0,25.0,0,0,0,0,0
tree,train,SA10/D06_SA10_R04.txt,D06,0,25.025,0,0,0,0,0
tree,train,SA10/D06_SA10_R05.txt,D06,0,25.0,0,0,0,0,0
tree,train,SA10/D07_SA10_R01.txt,D07,0,12.0,0,0,0,0,0
tree,train,SA10/D07_SA10_R02.txt,D07,0,12.0,0,0,0,0,0
tree,train,SA10/D07_SA10_R03.txt,D07,0,12.0,0,0,0,0,0
tree,train,SA10/D07_SA10_R04.txt,D07,0,12.0,0,0,0,0,0
tree,train,SA10/D07_SA10_R05.txt,D07,0,12.0,0,0,0,0,0
tree,train,SA10/D08_SA10_R01.txt,D08,0,12.0,0,0,0,0,0
tree,train,SA10/D08_SA10_R02.txt,D08,0,12.0,0,0,0,0,0
tree,train,SA10/D08_SA10_R03.txt,D08,0,12.0,0,0,0,0,0
tree,train,SA10/D08_SA10_R04.txt,D08,0,12.0,0,0,0,0,0
tree,train,SA10/D08_SA10_R05.txt,D08,0,11.995,0,0,0,0,0
tree,train,SA10/D09_SA10_R01.txt,D09,0,11.995,0,0,0,0,0
tree,train,SA10/D09_SA10_R02.txt,D09,0,12.0,0,0,0,0,0
tree,train,SA10/D09_SA10_R03.txt,D09,0,12.0,0,0,0,0,0
tree,train,SA10/D09_SA10_R04.txt,D09,0,12.0,0,0,0,0,0
tree,train,SA10/D09_SA10_R05.txt,D09,0,12.0,0,0,0,0,0
tree,train,SA10/D10_SA10_R01.txt,D10,0,12.0,0,0,0,0,0
tree,train,SA10/D10_SA10_R02.txt,D10,0,12.0,0,0,0,0,0
tree,train,SA10/D10_SA10_R03.txt,D10,0,12.0,0,0,0,0,0
tree,train,SA10/D10_SA10_R04.txt,D10,0,12.0,0,0,0,0,0
tree,train,SA10/D10_SA10_R05.txt,D10,0,12.0,0,0,0,0,0
tree,train,SA10/D11_SA10_R01.txt,D11,0,11.995,0,0,0,0,0
tree,train,SA10/D11_SA10_R02.txt,D11,0,12.0,0,0,0,0,0
tree,train,SA10/D11_SA10_R03.txt,D11,0,12.0,0,0,0,0,0
tree,train,SA10/D11_SA10_R04.txt,D11,0,12.0,0,0,0,0,0
tree,train,SA10/D11_SA10_R05.txt,D11,0,12.0,0,0,0,0,0
tree,train,SA10/D12_SA10_R01.txt,D12,0,12.0,0,0,0,0,0
tree,train,SA10/D12_SA10_R02.txt,D12,0,12.0,0,0,0,0,0
tree,train,SA10/D12_SA10_R03.txt,D12,0,12.0,0,0,0,0,0
tree,train,SA10/D12_SA10_R04.txt,D12,0,12.0,0,0,0,0,0
tree,train,SA10/D12_SA10_R05.txt,D12,0,12.0,0,0,0,0,0
tree,train,SA10/D13_SA10_R01.txt,D13,0,12.0,0,0,0,0,0
tree,train,SA10/D13_SA10_R02.txt,D13,0,12.0,0,0,0,0,0
tree,train,SA10/D13_SA10_R03.txt,D13,0,12.0,0,0,0,0,0
tree,train,SA10/D13_SA10_R04.txt,D13,0,12.0,0,0,0,0,0
tree,train,SA10/D13_SA10_R05.txt,D13,0,12.0,0,0,0,0,0
tree,train,SA10/D14_SA10_R01.txt,D14,0,12.0,0,0,0,0,0
tree,train,SA10/D14_SA10_R02.txt,D14,0,12.0,0,0,0,0,0
tree,train,SA10/D14_SA10_R03.txt,D14,0,12.0,0,0,0,0,0
tree,train,SA10/D14_SA10_R04.txt,D14,0,12.0,0,0,0,0,0
tree,train,SA10/D14_SA10_R05.txt,D14,0,12.0,0,0,0,0,0
tree,train,SA10/D15_SA10_R01.txt,D15,0,12.0,0,0,0,0,0
tree,train,SA10/D15_SA10_R02.txt,D15,0,12.0,0,0,0,0,0
tree,train,SA10/D15_SA10_R03.txt,D15,0,12.0,0,0,0,0,0
tree,train,SA10/D15_SA10_R04.txt,D15,0,12.0,0,0,0,0,0
tree,train,SA10/D15_SA10_R05.txt,D15,0,12.0,0,0,0,0,0
tree,train,SA10/D16_SA10_R01.txt,D16,0,11.995,0,0,0,0,0
tree,train,SA10/D16_SA10_R02.txt,D16,0,12.0,0,0,0,0,0
tree,train,SA10/D16_SA10_R03.txt,D16,0,12.0,0,0,0,0,0
tree,train,SA10/D16_SA10_R04.txt,D16,0,12.0,0,0,0,0,0
tree,train,SA10/D16_SA10_R05.txt,D16,0,12.0,0,0,0,0,0
tree,train,SA10/D17_SA10_R01.txt,D17,0,24.995,0,0,0,0,0
tree,train,SA10/D17_SA10_R02.txt,D17,0,25.0,0,0,0,0,0
tree,train,SA10/D17_SA10_R03.txt,D17,0,25.0,0,0,0,0,0
tree,train,SA10/D17_SA10_R04.txt,D17,0,25.0,0,0,0,0,0
tree,train,SA10/D17_SA10_R05.txt,D17,0,25.0,0,0,0,0,0
tree,train,SA10/D18_SA10_R01.txt,D18,0,12.0,0,0,0,0,0
tree,train,SA10/D18_SA10_R02.txt,D18,0,12.0,0,0,0,0,0
tree,train,SA10/D18_SA10_R03.txt,D18,0,12.0,0,0,0,0,0
tree,train,SA10/D18_SA10_R04.txt,D18,0,12.0,0,0,0,0,0
tree,train,SA10/D18_SA10_R05.txt,D18,0,11.995,0,0,0,0,0
tree,train,SA10/D19_SA10_R01.txt,D19,0,12.0,0,0,0,0,0
tree,train,SA10/D19_SA10_R02.txt,D19,0,12.0,0,1,0,0,0
tree,train,SA10/D19_SA10_R03.txt,D19,0,12.0,0,1,0,0,0
tree,train,SA10/D19_SA10_R04.txt,D19,0,12.0,0,0,0,0,0
tree,train,SA10/D19_SA10_R05.txt,D19,0,12.0,0,0,0,0,0
tree,train,SA10/F01_SA10_R01.txt,F01,1,14.995,1,2,1,0,0
tree,train,SA10/F01_SA10_R02.txt,F01,1,15.0,1,1,1,0,0
tree,train,SA10/F01_SA10_R03.txt,F01,1,15.0,1,1,1,0,0
tree,train,SA10/F01_SA10_R04.txt,F01,1,15.0,1,1,1,0,0
tree,train,SA10/F01_SA10_R05.txt,F01,1,15.0,1,1,1,0,0
tree,train,SA10/F02_SA10_R01.txt,F02,1,15.0,1,1,1,0,0
tree,train,SA10/F02_SA10_R02.txt,F02,1,15.0,1,1,1,0,0
tree,train,SA10/F02_SA10_R03.txt,F02,1,15.0,1,1,1,0,0
tree,train,SA10/F02_SA10_R04.txt,F02,1,15.0,1,1,1,0,0
tree,train,SA10/F02_SA10_R05.txt,F02,1,15.0,1,1,1,0,0
tree,train,SA10/F03_SA10_R01.txt,F03,1,15.0,1,1,1,0,0
tree,train,SA10/F03_SA10_R02.txt,F03,1,15.0,1,1,1,0,0
tree,train,SA10/F03_SA10_R03.txt,F03,1,15.0,1,1,1,0,0
tree,train,SA10/F03_SA10_R04.txt,F03,1,15.0,1,1,1,0,0
tree,train,SA10/F03_SA10_R05.txt,F03,1,15.0,1,0,0,0,1
tree,train,SA10/F04_SA10_R01.txt,F04,1,15.0,1,1,1,0,0
tree,train,SA10/F04_SA10_R02.txt,F04,1,15.0,1,1,1,0,0
tree,train,SA10/F04_SA10_R03.txt,F04,1,15.0,1,1,1,0,0
tree,train,SA10/F04_SA10_R04.txt,F04,1,15.0,1,1,1,0,0
tree,train,SA10/F04_SA10_R05.txt,F04,1,15.0,1,2,1,0,0
tree,train,SA10/F05_SA10_R01.txt,F05,1,15.0,1,1,1,0,0
tree,train,SA10/F05_SA10_R02.txt,F05,1,15.0,1,0,0,0,1
tree,train,SA10/F05_SA10_R03.txt,F05,1,15.0,1,1,1,0,0
tree,train,SA10/F05_SA10_R04.txt,F05,1,15.0,1,1,1,0,0
tree,train,SA10/F05_SA10_R05.txt,F05,1,15.0,1,1,1,0,0
tree,train,SA10/F06_SA10_R01.txt,F06,1,14.995,1,1,1,0,0
tree,train,SA10/F06_SA10_R02.txt,F06,1,15.0,1,1,1,0,0
tree,train,SA10/F06_SA10_R03.txt,F06,1,15.0,1,1,1,0,0
tree,train,SA10/F06_SA10_R04.txt,F06,1,15.0,1,1,1,0,0
tree,train,SA10/F06_SA10_R05.txt,F06,1,15.0,1,1,1,0,0
tree,train,SA10/F07_SA10_R01.txt,F07,1,15.0,1,1,1,0,0
tree,train,SA10/F07_SA10_R02.txt,F07,1,15.0,1,1,1,0,0
tree,train,SA10/F07_SA10_R03.txt,F07,1,15.0,1,1,1,0,0
tree,train,SA10/F07_SA10_R04.txt,F07,1,15.0,1,1,1,0,0
tree,train,SA10/F07_SA10_R05.txt,F07,1,15.0,1,1,1,0,0
tree,train,SA10/F08_SA10_R01.txt,F08,1,14.995,1,1,1,0,0
tree,train,SA10/F08_SA10_R02.txt,F08,1,15.0,1,1,1,0,0
tree,train,SA10/F08_SA10_R03.txt,F08,1,14.995,1,1,1,0,0
tree,train,SA10/F08_SA10_R04.txt,F08,1,15.0,1,1,1,0,0
tree,train,SA10/F08_SA10_R05.txt,F08,1,15.0,1,1,1,0,0
tree,train,SA10/F09_SA10_R01.txt,F09,1,15.0,1,1,1,0,0
tree,train,SA10/F09_SA10_R02.txt,F09,1,15.0,1,1,1,0,0
tree,train,SA10/F09_SA10_R03.txt,F09,1,15.0,1,1,1,0,0
tree,train,SA10/F09_SA10_R04.txt,F09,1,15.0,1,1,1,0,0
tree,train,SA10/F09_SA10_R05.txt,F09,1,15.0,1,1,1,0,0
tree,train,SA10/F10_SA10_R01.txt,F10,1,15.0,1,1,1,0,0
tree,train,SA10/F10_SA10_R02.txt,F10,1,15.0,1,1,1,0,0
tree,train,SA10/F10_SA10_R03.txt,F10,1,15.0,1,1,1,0,0
tree,train,SA10/F10_SA10_R04.txt,F10,1,15.0,1,1,1,0,0
tree,train,SA10/F10_SA10_R05.txt,F10,1,15.0,1,0,0,0,1
tree,train,SA10/F11_SA10_R01.txt,F11,1,14.995,1,1,1,0,0
tree,train,SA10/F11_SA10_R02.txt,F11,1,15.0,1,1,1,0,0
tree,train,SA10/F11_SA10_R03.txt,F11,1,15.0,1,0,0,0,1
tree,train,SA10/F11_SA10_R04.txt,F11,1,15.0,1,1,1,0,0
tree,train,SA10/F11_SA10_R05.txt,F11,1,15.0,1,1,1,0,0
tree,train,SA10/F12_SA10_R01.txt,F12,1,14.995,1,1,1,0,0
tree,train,SA10/F12_SA10_R02.txt,F12,1,15.0,1,1,1,0,0
tree,train,SA10/F12_SA10_R03.txt,F12,1,15.0,1,1,1,0,0
tree,train,SA10/F12_SA10_R04.txt,F12,1,15.0,1,1,1,0,0
tree,train,SA10/F12_SA10_R05.txt,F12,1,15.0,1,2,1,0,0
tree,train,SA10/F13_SA10_R01.txt,F13,1,15.0,1,1,1,0,0
tree,train,SA10/F13_SA10_R02.txt,F13,1,15.0,1,1,1,0,0
tree,train,SA10/F13_SA10_R03.txt,F13,1,15.0,1,1,1,0,0
tree,train,SA10/F13_SA10_R04.txt,F13,1,15.0,1,0,0,0,1
tree,train,SA10/F13_SA10_R05.txt,F13,1,15.0,1,1,1,0,0
tree,train,SA10/F14_SA10_R01.txt,F14,1,15.0,1,1,1,0,0
tree,train,SA10/F14_SA10_R02.txt,F14,1,15.0,1,1,1,0,0
tree,train,SA10/F14_SA10_R03.txt,F14,1,15.0,1,1,1,0,0
tree,train,SA10/F14_SA10_R04.txt,F14,1,15.0,1,1,1,0,0
tree,train,SA10/F14_SA10_R05.txt,F14,1,15.0,1,1,1,0,0
tree,train,SA10/F15_SA10_R01.txt,F15,1,15.0,1,1,1,0,0
tree,train,SA10/F15_SA10_R02.txt,F15,1,15.0,1,1,1,0,0
tree,train,SA10/F15_SA10_R03.txt,F15,1,14.995,1,1,1,0,0
tree,train,SA10/F15_SA10_R04.txt,F15,1,15.0,1,1,1,0,0
tree,train,SA10/F15_SA10_R05.txt,F15,1,15.0,1,1,1,0,0
tree,train,SA11/D01_SA11_R01.txt,D01,0,99.995,0,0,0,0,0
tree,train,SA11/D02_SA11_R01.txt,D02,0,100.0,0,0,0,0,0
tree,train,SA11/D03_SA11_R01.txt,D03,0,99.995,0,0,0,0,0
tree,train,SA11/D04_SA11_R01.txt,D04,0,100.0,0,33,0,0,0
tree,train,SA11/D05_SA11_R01.txt,D05,0,24.995,0,0,0,0,0
tree,train,SA11/D05_SA11_R02.txt,D05,0,25.0,0,0,0,0,0
tree,train,SA11/D05_SA11_R03.txt,D05,0,25.0,0,0,0,0,0
tree,train,SA11/D05_SA11_R04.txt,D05,0,24.995,0,0,0,0,0
tree,train,SA11/D05_SA11_R05.txt,D05,0,25.0,0,0,0,0,0
tree,train,SA11/D06_SA11_R01.txt,D06,0,24.995,0,1,0,0,0
tree,train,SA11/D06_SA11_R02.txt,D06,0,25.0,0,2,0,0,0
tree,train,SA11/D06_SA11_R03.txt,D06,0,25.0,0,1,0,0,0
tree,train,SA11/D06_SA11_R04.txt,D06,0,25.0,0,2,0,0,0
tree,train,SA11/D06_SA11_R05.txt,D06,0,25.0,0,1,0,0,0
tree,train,SA11/D07_SA11_R01.txt,D07,0,12.0,0,0,0,0,0
tree,train,SA11/D07_SA11_R02.txt,D07,0,12.0,0,0,0,0,0
tree,train,SA11/D07_SA11_R03.txt,D07,0,12.0,0,0,0,0,0
tree,train,SA11/D07_SA11_R04.txt,D07,0,12.0,0,0,0,0,0
tree,train,SA11/D07_SA11_R05.txt,D07,0,12.0,0,0,0,0,0
tree,train,SA11/D08_SA11_R01.txt,D08,0,12.0,0,0,0,0,0
tree,train,SA11/D08_SA11_R02.txt,D08,0,12.0,0,0,0,0,0
tree,train,SA11/D08_SA11_R03.txt,D08,0,12.0,0,0,0,0,0
tree,train,SA11/D08_SA11_R04.txt,D08,0,12.0,0,0,0,0,0
tree,train,SA11/D08_SA11_R05.txt,D08,0,12.0,0,0,0,0,0
tree,train,SA11/D09_SA11_R01.txt,D09,0,12.0,0,0,0,0,0
tree,train,SA11/D09_SA11_R02.txt,D09,0,12.0,0,0,0,0,0
tree,train,SA11/D09_SA11_R03.txt,D09,0,12.0,0,0,0,0,0
tree,train,SA11/D09_SA11_R04.txt,D09,0,12.0,0,0,0,0,0
tree,train,SA11/D09_SA11_R05.txt,D09,0,12.0,0,0,0,0,0
tree,train,SA11/D10_SA11_R01.txt,D10,0,12.0,0,0,0,0,0
tree,train,SA11/D10_SA11_R02.txt,D10,0,12.0,0,0,0,0,0
tree,train,SA11/D10_SA11_R03.txt,D10,0,12.0,0,0,0,0,0
tree,train,SA11/D10_SA11_R04.txt,D10,0,12.0,0,0,0,0,0
tree,train,SA11/D10_SA11_R05.txt,D10,0,12.0,0,0,0,0,0
tree,train,SA11/D11_SA11_R01.txt,D11,0,11.995,0,0,0,0,0
tree,train,SA11/D11_SA11_R02.txt,D11,0,12.0,0,0,0,0,0
tree,train,SA11/D11_SA11_R03.txt,D11,0,12.0,0,0,0,0,0
tree,train,SA11/D11_SA11_R04.txt,D11,0,12.0,0,0,0,0,0
tree,train,SA11/D11_SA11_R05.txt,D11,0,12.0,0,0,0,0,0
tree,train,SA11/D12_SA11_R01.txt,D12,0,11.995,0,0,0,0,0
tree,train,SA11/D12_SA11_R02.txt,D12,0,12.0,0,0,0,0,0
tree,train,SA11/D12_SA11_R03.txt,D12,0,12.0,0,0,0,0,0
tree,train,SA11/D12_SA11_R04.txt,D12,0,12.0,0,0,0,0,0
tree,train,SA11/D12_SA11_R05.txt,D12,0,12.0,0,0,0,0,0
tree,train,SA11/D13_SA11_R01.txt,D13,0,12.0,0,0,0,0,0
tree,train,SA11/D13_SA11_R02.txt,D13,0,12.0,0,0,0,0,0
tree,train,SA11/D13_SA11_R03.txt,D13,0,12.0,0,0,0,0,0
tree,train,SA11/D13_SA11_R04.txt,D13,0,12.0,0,1,0,0,0
tree,train,SA11/D13_SA11_R05.txt,D13,0,12.0,0,0,0,0,0
tree,train,SA11/D14_SA11_R01.txt,D14,0,12.0,0,0,0,0,0
tree,train,SA11/D14_SA11_R02.txt,D14,0,12.0,0,0,0,0,0
tree,train,SA11/D14_SA11_R03.txt,D14,0,12.0,0,0,0,0,0
tree,train,SA11/D14_SA11_R04.txt,D14,0,12.0,0,0,0,0,0
tree,train,SA11/D14_SA11_R05.txt,D14,0,12.0,0,0,0,0,0
tree,train,SA11/D15_SA11_R01.txt,D15,0,12.0,0,0,0,0,0
tree,train,SA11/D15_SA11_R02.txt,D15,0,12.0,0,0,0,0,0
tree,train,SA11/D15_SA11_R03.txt,D15,0,12.0,0,0,0,0,0
tree,train,SA11/D15_SA11_R04.txt,D15,0,12.0,0,0,0,0,0
tree,train,SA11/D15_SA11_R05.txt,D15,0,12.0,0,0,0,0,0
tree,train,SA11/D16_SA11_R01.txt,D16,0,11.995,0,0,0,0,0
tree,train,SA11/D16_SA11_R02.txt,D16,0,12.0,0,0,0,0,0
tree,train,SA11/D16_SA11_R03.txt,D16,0,12.0,0,0,0,0,0
tree,train,SA11/D16_SA11_R04.txt,D16,0,12.0,0,0,0,0,0
tree,train,SA11/D16_SA11_R05.txt,D16,0,12.0,0,0,0,0,0
tree,train,SA11/D17_SA11_R01.txt,D17,0,24.995,0,0,0,0,0
tree,train,SA11/D17_SA11_R02.txt,D17,0,25.0,0,0,0,0,0
tree,train,SA11/D17_SA11_R03.txt,D17,0,25.0,0,0,0,0,0
tree,train,SA11/D17_SA11_R04.txt,D17,0,25.0,0,0,0,0,0
tree,train,SA11/D17_SA11_R05.txt,D17,0,25.0,0,0,0,0,0
tree,train,SA11/D18_SA11_R01.txt,D18,0,12.0,0,1,0,0,0
tree,train,SA11/D18_SA11_R02.txt,D18,0,12.0,0,1,0,0,0
tree,train,SA11/D18_SA11_R03.txt,D18,0,12.0,0,1,0,0,0
tree,train,SA11/D18_SA11_R04.txt,D18,0,12.0,0,1,0,0,0
tree,train,SA11/D18_SA11_R05.txt,D18,0,12.0,0,1,0,0,0
tree,train,SA11/D19_SA11_R01.txt,D19,0,12.0,0,1,0,0,0
tree,train,SA11/D19_SA11_R02.txt,D19,0,12.0,0,1,0,0,0
tree,train,SA11/D19_SA11_R03.txt,D19,0,12.0,0,1,0,0,0
tree,train,SA11/D19_SA11_R04.txt,D19,0,12.0,0,1,0,0,0
tree,train,SA11/D19_SA11_R05.txt,D19,0,12.0,0,2,0,0,0
tree,train,SA11/F01_SA11_R01.txt,F01,1,15.0,1,1,1,0,0
tree,train,SA11/F01_SA11_R02.txt,F01,1,15.0,1,1,1,0,0
tree,train,SA11/F01_SA11_R03.txt,F01,1,15.0,1,1,1,0,0
tree,train,SA11/F01_SA11_R04.txt,F01,1,15.0,1,1,1,0,0
tree,train,SA11/F01_SA11_R05.txt,F01,1,14.995,1,1,1,0,0
tree,train,SA11/F02_SA11_R01.txt,F02,1,15.0,1,1,1,0,0
tree,train,SA11/F02_SA11_R02.txt,F02,1,15.0,1,1,1,0,0
tree,train,SA11/F02_SA11_R03.txt,F02,1,15.0,1,1,1,0,0
tree,train,SA11/F02_SA11_R04.txt,F02,1,15.0,1,1,1,0,0
tree,train,SA11/F02_SA11_R05.txt,F02,1,15.0,1,1,1,0,0
tree,train,SA11/F03_SA11_R01.txt,F03,1,15.0,1,1,1,0,0
tree,train,SA11/F03_SA11_R02.txt,F03,1,15.0,1,1,1,0,0
tree,train,SA11/F03_SA11_R03.txt,F03,1,15.0,1,1,1,0,0
tree,train,SA11/F03_SA11_R04.txt,F03,1,15.0,1,1,1,0,0
tree,train,SA11/F03_SA11_R05.txt,F03,1,15.0,1,1,1,0,0
tree,train,SA11/F04_SA11_R01.txt,F04,1,15.0,1,1,1,0,0
tree,train,SA11/F04_SA11_R02.txt,F04,1,15.0,1,1,1,0,0
tree,train,SA11/F04_SA11_R03.txt,F04,1,15.0,1,1,1,0,0
tree,train,SA11/F04_SA11_R04.txt,F04,1,15.0,1,1,1,0,0
tree,train,SA11/F04_SA11_R05.txt,F04,1,15.0,1,1,1,0,0
tree,train,SA11/F05_SA11_R01.txt,F05,1,15.0,1,1,1,0,0
tree,train,SA11/F05_SA11_R02.txt,F05,1,14.995,1,1,1,0,0
tree,train,SA11/F05_SA11_R03.txt,F05,1,15.0,1,1,1,0,0
tree,train,SA11/F05_SA11_R04.txt,F05,1,15.0,1,1,1,0,0
tree,train,SA11/F05_SA11_R05.txt,F05,1,15.0,1,1,1,0,0
tree,train,SA11/F06_SA11_R01.txt,F06,1,14.995,0,1,0,1,0
tree,train,SA11/F06_SA11_R02.txt,F06,1,15.0,1,1,1,0,0
tree,train,SA11/F06_SA11_R03.txt,F06,1,15.0,1,1,1,0,0
tree,train,SA11/F06_SA11_R04.txt,F06,1,15.0,1,1,1,0,0
tree,train,SA11/F06_SA11_R05.txt,F06,1,15.0,1,1,1,0,0
tree,train,SA11/F07_SA11_R01.txt,F07,1,15.0,1,1,1,0,0
tree,train,SA11/F07_SA11_R02.txt,F07,1,15.0,1,1,1,0,0
tree,train,SA11/F07_SA11_R03.txt,F07,1,15.0,1,1,1,0,0
tree,train,SA11/F07_SA11_R04.txt,F07,1,15.0,1,1,1,0,0
tree,train,SA11/F07_SA11_R05.txt,F07,1,15.0,1,1,1,0,0
tree,train,SA11/F08_SA11_R01.txt,F08,1,15.0,1,1,1,0,0
tree,train,SA11/F08_SA11_R02.txt,F08,1,15.0,1,1,1,0,0
tree,train,SA11/F08_SA11_R03.txt,F08,1,15.0,1,0,0,0,1
tree,train,SA11/F08_SA11_R04.txt,F08,1,15.0,1,1,1,0,0
tree,train,SA11/F08_SA11_R05.txt,F08,1,15.0,1,1,1,0,0
tree,train,SA11/F09_SA11_R01.txt,F09,1,15.0,1,1,1,0,0
tree,train,SA11/F09_SA11_R02.txt,F09,1,15.0,1,1,1,0,0
tree,train,SA11/F09_SA11_R03.txt,F09,1,15.0,1,1,1,0,0
tree,train,SA11/F09_SA11_R04.txt,F09,1,15.0,1,1,1,0,0
tree,train,SA11/F09_SA11_R05.txt,F09,1,15.0,1,1,1,0,0
tree,train,SA11/F10_SA11_R01.txt,F10,1,15.0,1,1,1,0,0
tree,train,SA11/F10_SA11_R02.txt,F10,1,15.0,1,1,1,0,0
tree,train,SA11/F10_SA11_R03.txt,F10,1,15.0,1,1,1,0,0
tree,train,SA11/F10_SA11_R04.txt,F10,1,15.0,1,1,1,0,0
tree,train,SA11/F10_SA11_R05.txt,F10,1,15.0,1,1,1,0,0
tree,train,SA11/F11_SA11_R01.txt,F11,1,14.995,1,1,1,0,0
tree,train,SA11/F11_SA11_R02.txt,F11,1,15.0,1,1,1,0,0
tree,train,SA11/F11_SA11_R03.txt,F11,1,15.0,1,1,1,0,0
tree,train,SA11/F11_SA11_R04.txt,F11,1,15.0,1,1,1,0,0
tree,train,SA11/F11_SA11_R05.txt,F11,1,15.0,1,1,1,0,0
tree,train,SA11/F12_SA11_R01.txt,F12,1,15.0,1,1,1,0,0
tree,train,SA11/F12_SA11_R02.txt,F12,1,15.0,1,1,1,0,0
tree,train,SA11/F12_SA11_R03.txt,F12,1,15.0,1,1,1,0,0
tree,train,SA11/F12_SA11_R04.txt,F12,1,15.0,1,1,1,0,0
tree,train,SA11/F12_SA11_R05.txt,F12,1,15.0,1,1,1,0,0
tree,train,SA11/F13_SA11_R01.txt,F13,1,14.995,1,1,1,0,0
tree,train,SA11/F13_SA11_R02.txt,F13,1,15.0,1,1,1,0,0
tree,train,SA11/F13_SA11_R03.txt,F13,1,15.0,1,1,1,0,0
tree,train,SA11/F13_SA11_R04.txt,F13,1,15.0,1,1,1,0,0
tree,train,SA11/F13_SA11_R05.txt,F13,1,15.0,1,1,1,0,0
tree,train,SA11/F14_SA11_R01.txt,F14,1,15.0,1,1,1,0,0
tree,train,SA11/F14_SA11_R02.txt,F14,1,15.0,1,1,1,0,0
tree,train,SA11/F14_SA11_R03.txt,F14,1,15.0,1,0,0,0,1
tree,train,SA11/F14_SA11_R04.txt,F14,1,15.0,1,1,1,0,0
tree,train,SA11/F14_SA11_R05.txt,F14,1,15.0,1,1,1,0,0
tree,train,SA11/F15_SA11_R01.txt,F15,1,15.0,1,1,1,0,0
tree,train,SA11/F15_SA11_R02.txt,F15,1,15.0,1,1,1,0,0
tree,train,SA11/F15_SA11_R03.txt,F15,1,15.0,1,1,1,0,0
tree,train,SA11/F15_SA11_R04.txt,F15,1,15.0,1,1,1,0,0
tree,train,SA11/F15_SA11_R05.txt,F15,1,15.0,1,1,1,0,0
tree,train,SA12/D01_SA12_R01.txt,D01,0,99.995,0,0,0,0,0
tree,train,SA12/D02_SA12_R01.txt,D02,0,100.0,0,0,0,0,0
tree,train,SA12/D03_SA12_R01.txt,D03,0,100.0,0,0,0,0,0
tree,train,SA12/D04_SA12_R01.txt,D04,0,100.0,0,5,0,0,0
tree,train,SA12/D05_SA12_R01.txt,D05,0,25.0,0,0,0,0,0
tree,train,SA12/D05_SA12_R02.txt,D05,0,25.0,0,0,0,0,0
tree,train,SA12/D05_SA12_R03.txt,D05,0,25.0,0,0,0,0,0
tree,train,SA12/D05_SA12_R04.txt,D05,0,25.0,0,0,0,0,0
tree,train,SA12/D05_SA12_R05.txt,D05,0,25.0,0,0,0,0,0
tree,train,SA12/D06_SA12_R01.txt,D06,0,24.995,0,0,0,0,0
tree,train,SA12/D06_SA12_R02.txt,D06,0,25.0,0,0,0,0,0
tree,train,SA12/D06_SA12_R03.txt,D06,0,25.0,0,0,0,0,0
tree,train,SA12/D06_SA12_R04.txt,D06,0,25.0,0,0,0,0,0
tree,train,SA12/D06_SA12_R05.txt,D06,0,25.0,0,0,0,0,0
tree,train,SA12/D07_SA12_R01.txt,D07,0,12.0,0,0,0,0,0
tree,train,SA12/D07_SA12_R02.txt,D07,0,12.0,0,0,0,0,0
tree,train,SA12/D07_SA12_R03.txt,D07,0,12.0,0,0,0,0,0
tree,train,SA12/D07_SA12_R04.txt,D07,0,12.0,0,0,0,0,0
tree,train,SA12/D07_SA12_R05.txt,D07,0,12.0,0,0,0,0,0
tree,train,SA12/D08_SA12_R01.txt,D08,0,12.0,0,0,0,0,0
tree,train,SA12/D08_SA12_R02.txt,D08,0,12.0,0,0,0,0,0
tree,train,SA12/D08_SA12_R03.txt,D08,0,12.0,0,0,0,0,0
tree,train,SA12/D08_SA12_R04.txt,D08,0,12.0,0,0,0,0,0
tree,train,SA12/D08_SA12_R05.txt,D08,0,12.0,0,0,0,0,0
tree,train,SA12/D09_SA12_R01.txt,D09,0,12.0,0,0,0,0,0
tree,train,SA12/D09_SA12_R02.txt,D09,0,12.0,0,0,0,0,0
tree,train,SA12/D09_SA12_R03.txt,D09,0,11.995,0,0,0,0,0
tree,train,SA12/D09_SA12_R04.txt,D09,0,12.0,0,0,0,0,0
tree,train,SA12/D09_SA12_R05.txt,D09,0,12.0,0,0,0,0,0
tree,train,SA12/D10_SA12_R01.txt,D10,0,12.0,0,0,0,0,0
tree,train,SA12/D10_SA12_R02.txt,D10,0,12.0,0,0,0,0,0
tree,train,SA12/D10_SA12_R03.txt,D10,0,12.0,0,0,0,0,0
tree,train,SA12/D10_SA12_R04.txt,D10,0,12.0,0,0,0,0,0
tree,train,SA12/D10_SA12_R05.txt,D10,0,12.0,0,0,0,0,0
tree,train,SA12/D11_SA12_R01.txt,D11,0,11.995,0,0,0,0,0
tree,train,SA12/D11_SA12_R02.txt,D11,0,12.0,0,0,0,0,0
tree,train,SA12/D11_SA12_R03.txt,D11,0,12.0,0,0,0,0,0
tree,train,SA12/D11_SA12_R04.txt,D11,0,12.0,0,0,0,0,0
tree,train,SA12/D11_SA12_R05.txt,D11,0,12.0,0,0,0,0,0
tree,train,SA12/D12_SA12_R01.txt,D12,0,12.0,0,0,0,0,0
tree,train,SA12/D12_SA12_R02.txt,D12,0,12.0,0,0,0,0,0
tree,train,SA12/D12_SA12_R03.txt,D12,0,12.0,0,0,0,0,0
tree,train,SA12/D12_SA12_R04.txt,D12,0,12.0,0,0,0,0,0
tree,train,SA12/D12_SA12_R05.txt,D12,0,12.0,0,0,0,0,0
tree,train,SA12/D13_SA12_R01.txt,D13,0,12.0,0,0,0,0,0
tree,train,SA12/D13_SA12_R02.txt,D13,0,12.0,0,0,0,0,0
tree,train,SA12/D13_SA12_R03.txt,D13,0,12.0,0,0,0,0,0
tree,train,SA12/D13_SA12_R04.txt,D13,0,12.0,0,0,0,0,0
tree,train,SA12/D13_SA12_R05.txt,D13,0,12.0,0,0,0,0,0
tree,train,SA12/D14_SA12_R01.txt,D14,0,12.0,0,0,0,0,0
tree,train,SA12/D14_SA12_R02.txt,D14,0,12.0,0,0,0,0,0
tree,train,SA12/D14_SA12_R03.txt,D14,0,12.0,0,0,0,0,0
tree,train,SA12/D14_SA12_R04.txt,D14,0,12.0,0,0,0,0,0
tree,train,SA12/D14_SA12_R05.txt,D14,0,12.0,0,0,0,0,0
tree,train,SA12/D15_SA12_R01.txt,D15,0,12.0,0,0,0,0,0
tree,train,SA12/D15_SA12_R02.txt,D15,0,12.0,0,0,0,0,0
tree,train,SA12/D15_SA12_R03.txt,D15,0,12.0,0,0,0,0,0
tree,train,SA12/D15_SA12_R04.txt,D15,0,12.0,0,0,0,0,0
tree,train,SA12/D15_SA12_R05.txt,D15,0,12.0,0,0,0,0,0
tree,train,SA12/D16_SA12_R01.txt,D16,0,11.995,0,0,0,0,0
tree,train,SA12/D16_SA12_R02.txt,D16,0,12.0,0,0,0,0,0
tree,train,SA12/D16_SA12_R03.txt,D16,0,12.0,0,0,0,0,0
tree,train,SA12/D16_SA12_R04.txt,D16,0,12.0,0,0,0,0,0
tree,train,SA12/D16_SA12_R05.txt,D16,0,12.0,0,0,0,0,0
tree,train,SA12/D17_SA12_R01.txt,D17,0,24.995,0,0,0,0,0
tree,train,SA12/D17_SA12_R02.txt,D17,0,25.0,0,0,0,0,0
tree,train,SA12/D17_SA12_R03.txt,D17,0,25.0,0,0,0,0,0
tree,train,SA12/D17_SA12_R04.txt,D17,0,25.0,0,0,0,0,0
tree,train,SA12/D17_SA12_R05.txt,D17,0,25.0,0,0,0,0,0
tree,train,SA12/D18_SA12_R01.txt,D18,0,12.0,0,1,0,0,0
tree,train,SA12/D18_SA12_R02.txt,D18,0,12.0,0,0,0,0,0
tree,train,SA12/D18_SA12_R03.txt,D18,0,12.0,0,0,0,0,0
tree,train,SA12/D18_SA12_R04.txt,D18,0,12.0,0,0,0,0,0
tree,train,SA12/D18_SA12_R05.txt,D18,0,12.0,0,1,0,0,0
tree,train,SA12/D19_SA12_R01.txt,D19,0,12.0,0,0,0,0,0
tree,train,SA12/D19_SA12_R02.txt,D19,0,12.0,0,0,0,0,0
tree,train,SA12/D19_SA12_R03.txt,D19,0,12.0,0,0,0,0,0
tree,train,SA12/D19_SA12_R04.txt,D19,0,12.0,0,0,0,0,0
tree,train,SA12/D19_SA12_R05.txt,D19,0,12.0,0,0,0,0,0
tree,train,SA12/F01_SA12_R01.txt,F01,1,15.0,1,1,1,0,0
tree,train,SA12/F01_SA12_R02.txt,F01,1,15.0,1,1,1,0,0
tree,train,SA12/F01_SA12_R03.txt,F01,1,15.0,1,1,1,0,0
tree,train,SA12/F01_SA12_R04.txt,F01,1,15.0,1,1,1,0,0
tree,train,SA12/F01_SA12_R05.txt,F01,1,15.0,1,1,1,0,0
tree,train,SA12/F02_SA12_R01.txt,F02,1,15.0,1,1,1,0,0
tree,train,SA12/F02_SA12_R02.txt,F02,1,15.0,1,1,1,0,0
tree,train,SA12/F02_SA12_R03.txt,F02,1,15.0,1,1,1,0,0
tree,train,SA12/F02_SA12_R04.txt,F02,1,15.0,1,1,1,0,0
tree,train,SA12/F02_SA12_R05.txt,F02,1,15.0,0,1,0,1,0
tree,train,SA12/F03_SA12_R01.txt,F03,1,15.0,1,1,1,0,0
tree,train,SA12/F03_SA12_R02.txt,F03,1,15.0,1,1,1,0,0
tree,train,SA12/F03_SA12_R03.txt,F03,1,15.0,1,1,1,0,0
tree,train,SA12/F03_SA12_R04.txt,F03,1,15.0,1,1,1,0,0
tree,train,SA12/F03_SA12_R05.txt,F03,1,15.0,1,1,1,0,0
tree,train,SA12/F04_SA12_R01.txt,F04,1,15.0,1,1,1,0,0
tree,train,SA12/F04_SA12_R02.txt,F04,1,15.0,1,1,1,0,0
tree,train,SA12/F04_SA12_R03.txt,F04,1,14.995,1,1,1,0,0
tree,train,SA12/F04_SA12_R04.txt,F04,1,15.0,1,1,1,0,0
tree,train,SA12/F04_SA12_R05.txt,F04,1,15.0,1,1,1,0,0
tree,train,SA12/F05_SA12_R01.txt,F05,1,15.0,1,1,1,0,0
tree,train,SA12/F05_SA12_R02.txt,F05,1,15.0,1,1,1,0,0
tree,train,SA12/F05_SA12_R03.txt,F05,1,15.0,1,2,1,0,0
tree,train,SA12/F05_SA12_R04.txt,F05,1,15.0,1,1,1,0,0
tree,train,SA12/F05_SA12_R05.txt,F05,1,15.0,1,1,1,0,0
tree,train,SA12/F06_SA12_R01.txt,F06,1,14.995,1,1,1,0,0
tree,train,SA12/F06_SA12_R02.txt,F06,1,15.0,1,1,1,0,0
tree,train,SA12/F06_SA12_R03.txt,F06,1,14.995,1,1,1,0,0
tree,train,SA12/F06_SA12_R04.txt,F06,1,14.995,1,1,1,0,0
tree,train,SA12/F06_SA12_R05.txt,F06,1,15.0,1,1,1,0,0
tree,train,SA12/F07_SA12_R01.txt,F07,1,15.0,1,1,1,0,0
tree,train,SA12/F07_SA12_R02.txt,F07,1,15.0,1,0,0,0,1
tree,train,SA12/F07_SA12_R03.txt,F07,1,15.0,1,1,1,0,0
tree,train,SA12/F07_SA12_R04.txt,F07,1,15.0,1,1,1,0,0
tree,train,SA12/F07_SA12_R05.txt,F07,1,14.995,1,1,1,0,0
tree,train,SA12/F08_SA12_R01.txt,F08,1,15.0,1,1,1,0,0
tree,train,SA12/F08_SA12_R02.txt,F08,1,15.0,0,0,0,1,0
tree,train,SA12/F08_SA12_R03.txt,F08,1,15.0,1,1,1,0,0
tree,train,SA12/F08_SA12_R04.txt,F08,1,15.0,1,2,1,0,0
tree,train,SA12/F08_SA12_R05.txt,F08,1,15.0,1,2,1,0,0
tree,train,SA12/F09_SA12_R01.txt,F09,1,15.0,0,0,0,1,0
tree,train,SA12/F09_SA12_R02.txt,F09,1,15.0,1,1,1,0,0
tree,train,SA12/F09_SA12_R03.txt,F09,1,15.0,1,1,1,0,0
tree,train,SA12/F09_SA12_R04.txt,F09,1,15.0,1,1,1,0,0
tree,train,SA12/F09_SA12_R05.txt,F09,1,15.0,1,0,0,0,1
tree,train,SA12/F10_SA12_R01.txt,F10,1,15.0,1,1,1,0,0
tree,train,SA12/F10_SA12_R02.txt,F10,1,15.0,1,1,1,0,0
tree,train,SA12/F10_SA12_R03.txt,F10,1,15.0,1,1,1,0,0
tree,train,SA12/F10_SA12_R04.txt,F10,1,15.0,1,1,1,0,0
tree,train,SA12/F10_SA12_R05.txt,F10,1,15.0,1,1,1,0,0
tree,train,SA12/F11_SA12_R01.txt,F11,1,14.995,1,1,1,0,0
tree,train,SA12/F11_SA12_R02.txt,F11,1,15.0,1,1,1,0,0
tree,train,SA12/F11_SA12_R03.txt,F11,1,15.0,1,0,0,0,1
tree,train,SA12/F11_SA12_R04.txt,F11,1,15.0,1,1,1,0,0
tree,train,SA12/F11_SA12_R05.txt,F11,1,15.0,1,1,1,0,0
tree,train,SA12/F12_SA12_R01.txt,F12,1,15.0,1,1,1,0,0
tree,train,SA12/F12_SA12_R02.txt,F12,1,15.0,1,1,1,0,0
tree,train,SA12/F12_SA12_R03.txt,F12,1,15.0,1,1,1,0,0
tree,train,SA12/F12_SA12_R04.txt,F12,1,15.0,1,1,1,0,0
tree,train,SA12/F12_SA12_R05.txt,F12,1,15.0,1,1,1,0,0
tree,train,SA12/F13_SA12_R01.txt,F13,1,15.0,1,1,1,0,0
tree,train,SA12/F13_SA12_R02.txt,F13,1,15.0,1,1,1,0,0
tree,train,SA12/F13_SA12_R03.txt,F13,1,15.0,1,1,1,0,0
tree,train,SA12/F13_SA12_R04.txt,F13,1,15.0,1,1,1,0,0
tree,train,SA12/F13_SA12_R05.txt,F13,1,15.0,1,1,1,0,0
tree,train,SA12/F14_SA12_R01.txt,F14,1,15.0,1,1,1,0,0
tree,train,SA12/F14_SA12_R02.txt,F14,1,15.0,1,1,1,0,0
tree,train,SA12/F14_SA12_R03.txt,F14,1,15.0,1,0,0,0,1
tree,train,SA12/F14_SA12_R04.txt,F14,1,15.0,1,1,1,0,0
tree,train,SA12/F14_SA12_R05.txt,F14,1,15.0,1,1,1,0,0
tree,train,SA12/F15_SA12_R01.txt,F15,1,15.0,1,1,1,0,0
tree,train,SA12/F15_SA12_R02.txt,F15,1,15.0,1,1,1,0,0
tree,train,SA12/F15_SA12_R03.txt,F15,1,15.0,1,1,1,0,0
tree,train,SA12/F15_SA12_R04.txt,F15,1,15.0,1,1,1,0,0
tree,train,SA12/F15_SA12_R05.txt,F15,1,15.0,1,1,1,0,0
tree,train,SA14/D01_SA14_R01.txt,D01,0,99.995,0,0,0,0,0
tree,train,SA14/D02_SA14_R01.txt,D02,0,100.0,0,0,0,0,0
tree,train,SA14/D03_SA14_R01.txt,D03,0,100.0,0,0,0,0,0
tree,train,SA14/D04_SA14_R01.txt,D04,0,99.995,0,0,0,0,0
tree,train,SA14/D05_SA14_R01.txt,D05,0,25.0,0,0,0,0,0
tree,train,SA14/D05_SA14_R02.txt,D05,0,25.0,0,0,0,0,0
tree,train,SA14/D05_SA14_R03.txt,D05,0,25.0,0,0,0,0,0
tree,train,SA14/D05_SA14_R04.txt,D05,0,25.0,0,0,0,0,0
tree,train,SA14/D05_SA14_R05.txt,D05,0,24.995,0,0,0,0,0
tree,train,SA14/D06_SA14_R01.txt,D06,0,25.0,0,0,0,0,0
tree,train,SA14/D06_SA14_R02.txt,D06,0,24.995,0,0,0,0,0
tree,train,SA14/D06_SA14_R03.txt,D06,0,25.0,0,0,0,0,0
tree,train,SA14/D06_SA14_R04.txt,D06,0,25.0,0,0,0,0,0
tree,train,SA14/D06_SA14_R05.txt,D06,0,25.0,0,0,0,0,0
tree,train,SA14/D07_SA14_R01.txt,D07,0,12.0,0,0,0,0,0
tree,train,SA14/D07_SA14_R02.txt,D07,0,12.0,0,0,0,0,0
tree,train,SA14/D07_SA14_R03.txt,D07,0,12.0,0,0,0,0,0
tree,train,SA14/D07_SA14_R04.txt,D07,0,12.0,0,0,0,0,0
tree,train,SA14/D07_SA14_R05.txt,D07,0,12.0,0,0,0,0,0
tree,train,SA14/D08_SA14_R01.txt,D08,0,12.0,0,0,0,0,0
tree,train,SA14/D08_SA14_R02.txt,D08,0,12.0,0,0,0,0,0
tree,train,SA14/D08_SA14_R03.txt,D08,0,12.0,0,0,0,0,0
tree,train,SA14/D08_SA14_R04.txt,D08,0,12.0,0,0,0,0,0
tree,train,SA14/D08_SA14_R05.txt,D08,0,12.0,0,0,0,0,0
tree,train,SA14/D09_SA14_R01.txt,D09,0,12.0,0,0,0,0,0
tree,train,SA14/D09_SA14_R02.txt,D09,0,12.0,0,0,0,0,0
tree,train,SA14/D09_SA14_R03.txt,D09,0,12.0,0,0,0,0,0
tree,train,SA14/D09_SA14_R04.txt,D09,0,12.0,0,0,0,0,0
tree,train,SA14/D09_SA14_R05.txt,D09,0,12.0,0,0,0,0,0
tree,train,SA14/D10_SA14_R01.txt,D10,0,12.0,0,0,0,0,0
tree,train,SA14/D10_SA14_R02.txt,D10,0,12.0,0,0,0,0,0
tree,train,SA14/D10_SA14_R03.txt,D10,0,12.0,0,0,0,0,0
tree,train,SA14/D10_SA14_R04.txt,D10,0,12.0,0,0,0,0,0
tree,train,SA14/D10_SA14_R05.txt,D10,0,12.0,0,0,0,0,0
tree,train,SA14/D11_SA14_R01.txt,D11,0,11.995,0,0,0,0,0
tree,train,SA14/D11_SA14_R02.txt,D11,0,12.0,0,0,0,0,0
tree,train,SA14/D11_SA14_R03.txt,D11,0,12.0,0,0,0,0,0
tree,train,SA14/D11_SA14_R04.txt,D11,0,12.0,0,0,0,0,0
tree,train,SA14/D11_SA14_R05.txt,D11,0,12.0,0,0,0,0,0
tree,train,SA14/D12_SA14_R01.txt,D12,0,12.0,0,0,0,0,0
tree,train,SA14/D12_SA14_R02.txt,D12,0,12.0,0,0,0,0,0
tree,train,SA14/D12_SA14_R03.txt,D12,0,12.0,0,0,0,0,0
tree,train,SA14/D12_SA14_R04.txt,D12,0,12.0,0,0,0,0,0
tree,train,SA14/D12_SA14_R05.txt,D12,0,12.0,0,0,0,0,0
tree,train,SA14/D13_SA14_R01.txt,D13,0,12.0,0,1,0,0,0
tree,train,SA14/D13_SA14_R02.txt,D13,0,12.0,0,0,0,0,0
tree,train,SA14/D13_SA14_R03.txt,D13,0,12.0,0,0,0,0,0
tree,train,SA14/D13_SA14_R04.txt,D13,0,12.0,0,0,0,0,0
tree,train,SA14/D13_SA14_R05.txt,D13,0,12.0,0,0,0,0,0
tree,train,SA14/D14_SA14_R01.txt,D14,0,12.0,0,0,0,0,0
tree,train,SA14/D14_SA14_R02.txt,D14,0,12.0,0,0,0,0,0
tree,train,SA14/D14_SA14_R03.txt,D14,0,12.0,0,0,0,0,0
tree,train,SA14/D14_SA14_R04.txt,D14,0,12.0,0,0,0,0,0
tree,train,SA14/D14_SA14_R05.txt,D14,0,12.0,0,0,0,0,0
tree,train,SA14/D15_SA14_R01.txt,D15,0,12.0,0,0,0,0,0
tree,train,SA14/D15_SA14_R02.txt,D15,0,12.0,0,0,0,0,0
tree,train,SA14/D15_SA14_R03.txt,D15,0,12.0,0,0,0,0,0
tree,train,SA14/D15_SA14_R04.txt,D15,0,12.0,0,0,0,0,0
tree,train,SA14/D15_SA14_R05.txt,D15,0,12.0,0,0,0,0,0
tree,train,SA14/D16_SA14_R01.txt,D16,0,11.995,0,0,0,0,0
tree,train,SA14/D16_SA14_R02.txt,D16,0,12.0,0,0,0,0,0
tree,train,SA14/D16_SA14_R03.txt,D16,0,12.0,0,0,0,0,0
tree,train,SA14/D16_SA14_R04.txt,D16,0,12.0,0,0,0,0,0
tree,train,SA14/D16_SA14_R05.txt,D16,0,12.0,0,0,0,0,0
tree,train,SA14/D17_SA14_R01.txt,D17,0,24.995,0,0,0,0,0
tree,train,SA14/D17_SA14_R02.txt,D17,0,25.0,0,0,0,0,0
tree,train,SA14/D17_SA14_R03.txt,D17,0,25.0,0,0,0,0,0
tree,train,SA14/D17_SA14_R04.txt,D17,0,25.0,0,0,0,0,0
tree,train,SA14/D17_SA14_R05.txt,D17,0,25.0,0,0,0,0,0
tree,train,SA14/D18_SA14_R01.txt,D18,0,12.0,0,0,0,0,0
tree,train,SA14/D18_SA14_R02.txt,D18,0,12.0,0,0,0,0,0
tree,train,SA14/D18_SA14_R03.txt,D18,0,12.0,0,0,0,0,0
tree,train,SA14/D18_SA14_R04.txt,D18,0,12.0,0,0,0,0,0
tree,train,SA14/D18_SA14_R05.txt,D18,0,12.0,0,0,0,0,0
tree,train,SA14/D19_SA14_R01.txt,D19,0,12.0,0,0,0,0,0
tree,train,SA14/D19_SA14_R02.txt,D19,0,12.0,0,0,0,0,0
tree,train,SA14/D19_SA14_R03.txt,D19,0,12.0,0,0,0,0,0
tree,train,SA14/D19_SA14_R04.txt,D19,0,12.0,0,0,0,0,0
tree,train,SA14/D19_SA14_R05.txt,D19,0,12.0,0,1,0,0,0
tree,train,SA14/F01_SA14_R01.txt,F01,1,14.995,0,0,0,1,0
tree,train,SA14/F01_SA14_R02.txt,F01,1,14.91,1,1,1,0,0
tree,train,SA14/F01_SA14_R03.txt,F01,1,15.0,1,1,1,0,0
tree,train,SA14/F01_SA14_R04.txt,F01,1,15.0,1,1,1,0,0
tree,train,SA14/F01_SA14_R05.txt,F01,1,15.0,1,1,1,0,0
tree,train,SA14/F02_SA14_R01.txt,F02,1,15.0,1,1,1,0,0
tree,train,SA14/F02_SA14_R02.txt,F02,1,15.0,1,1,1,0,0
tree,train,SA14/F02_SA14_R03.txt,F02,1,15.0,1,1,1,0,0
tree,train,SA14/F02_SA14_R04.txt,F02,1,15.0,1,1,1,0,0
tree,train,SA14/F02_SA14_R05.txt,F02,1,15.0,1,1,1,0,0
tree,train,SA14/F03_SA14_R01.txt,F03,1,15.0,1,1,1,0,0
tree,train,SA14/F03_SA14_R02.txt,F03,1,15.0,1,1,1,0,0
tree,train,SA14/F03_SA14_R03.txt,F03,1,15.0,1,1,1,0,0
tree,train,SA14/F03_SA14_R04.txt,F03,1,15.0,1,1,1,0,0
tree,train,SA14/F03_SA14_R05.txt,F03,1,15.0,1,1,1,0,0
tree,train,SA14/F04_SA14_R01.txt,F04,1,15.0,1,1,1,0,0
tree,train,SA14/F04_SA14_R02.txt,F04,1,15.0,1,1,1,0,0
tree,train,SA14/F04_SA14_R03.txt,F04,1,15.0,1,1,1,0,0
tree,train,SA14/F04_SA14_R04.txt,F04,1,15.0,1,1,1,0,0
tree,train,SA14/F04_SA14_R05.txt,F04,1,14.995,1,1,1,0,0
tree,train,SA14/F05_SA14_R01.txt,F05,1,15.0,1,1,1,0,0
tree,train,SA14/F05_SA14_R02.txt,F05,1,15.0,1,1,1,0,0
tree,train,SA14/F05_SA14_R03.txt,F05,1,15.0,1,0,0,0,1
tree,train,SA14/F05_SA14_R04.txt,F05,1,15.0,1,1,1,0,0
tree,train,SA14/F05_SA14_R05.txt,F05,1,15.0,1,1,1,0,0
tree,train,SA14/F06_SA14_R01.txt,F06,1,14.995,1,1,1,0,0
tree,train,SA14/F06_SA14_R02.txt,F06,1,14.905,1,1,1,0,0
tree,train,SA14/F06_SA14_R03.txt,F06,1,15.0,1,1,1,0,0
tree,train,SA14/F06_SA14_R04.txt,F06,1,15.0,1,1,1,0,0
tree,train,SA14/F06_SA14_R05.txt,F06,1,15.0,1,1,1,0,0
tree,train,SA14/F07_SA14_R01.txt,F07,1,15.0,1,1,1,0,0
tree,train,SA14/F07_SA14_R02.txt,F07,1,15.0,1,1,0,0,1
tree,train,SA14/F07_SA14_R03.txt,F07,1,15.0,1,1,1,0,0
tree,train,SA14/F07_SA14_R04.txt,F07,1,15.0,1,1,1,0,0
tree,train,SA14/F07_SA14_R05.txt,F07,1,15.0,1,1,1,0,0
tree,train,SA14/F08_SA14_R01.txt,F08,1,15.0,1,1,1,0,0
tree,train,SA14/F08_SA14_R02.txt,F08,1,15.0,1,1,1,0,0
tree,train,SA14/F08_SA14_R03.txt,F08,1,15.0,1,1,1,0,0
tree,train,SA14/F08_SA14_R04.txt,F08,1,15.0,1,1,1,0,0
tree,train,SA14/F08_SA14_R05.txt,F08,1,14.995,1,1,1,0,0
tree,train,SA14/F09_SA14_R01.txt,F09,1,15.0,1,1,1,0,0
tree,train,SA14/F09_SA14_R02.txt,F09,1,15.0,1,1,1,0,0
tree,train,SA14/F09_SA14_R03.txt,F09,1,15.0,1,1,1,0,0
tree,train,SA14/F09_SA14_R04.txt,F09,1,15.0,1,1,1,0,0
tree,train,SA14/F09_SA14_R05.txt,F09,1,15.0,1,1,1,0,0
tree,train,SA14/F10_SA14_R01.txt,F10,1,15.0,1,1,1,0,0
tree,train,SA14/F10_SA14_R02.txt,F10,1,15.0,1,1,1,0,0
tree,train,SA14/F10_SA14_R03.txt,F10,1,15.0,1,2,1,0,0
tree,train,SA14/F10_SA14_R04.txt,F10,1,15.0,1,1,1,0,0
tree,train,SA14/F10_SA14_R05.txt,F10,1,15.0,1,1,1,0,0
tree,train,SA14/F11_SA14_R01.txt,F11,1,14.995,1,0,0,0,1
tree,train,SA14/F11_SA14_R02.txt,F11,1,14.91,1,1,1,0,0
tree,train,SA14/F11_SA14_R03.txt,F11,1,15.0,1,1,1,0,0
tree,train,SA14/F11_SA14_R04.txt,F11,1,15.0,0,0,0,1,0
tree,train,SA14/F11_SA14_R05.txt,F11,1,15.0,1,0,0,0,1
tree,train,SA14/F12_SA14_R01.txt,F12,1,14.995,1,1,1,0,0
tree,train,SA14/F12_SA14_R02.txt,F12,1,15.0,1,1,1,0,0
tree,train,SA14/F12_SA14_R03.txt,F12,1,15.0,1,0,0,0,1
tree,train,SA14/F12_SA14_R04.txt,F12,1,15.0,1,1,1,0,0
tree,train,SA14/F12_SA14_R05.txt,F12,1,15.0,1,1,1,0,0
tree,train,SA14/F13_SA14_R01.txt,F13,1,15.0,1,2,1,0,0
tree,train,SA14/F13_SA14_R02.txt,F13,1,15.0,1,1,1,0,0
tree,train,SA14/F13_SA14_R03.txt,F13,1,15.0,1,1,1,0,0
tree,train,SA14/F13_SA14_R04.txt,F13,1,15.0,0,1,0,1,0
tree,train,SA14/F13_SA14_R05.txt,F13,1,15.0,1,1,1,0,0
tree,train,SA14/F14_SA14_R01.txt,F14,1,15.0,1,1,1,0,0
tree,train,SA14/F14_SA14_R02.txt,F14,1,15.0,1,1,1,0,0
tree,train,SA14/F14_SA14_R03.txt,F14,1,15.0,1,1,1,0,0
tree,train,SA14/F14_SA14_R04.txt,F14,1,15.0,1,1,1,0,0
tree,train,SA14/F14_SA14_R05.txt,F14,1,15.0,1,1,1,0,0
tree,train,SA14/F15_SA14_R01.txt,F15,1,15.0,1,1,1,0,0
tree,train,SA14/F15_SA14_R02.txt,F15,1,15.0,1,1,1,0,0
tree,train,SA14/F15_SA14_R03.txt,F15,1,15.0,1,1,1,0,0
tree,train,SA14/F15_SA14_R04.txt,F15,1,15.0,1,1,1,0,0
tree,train,SA14/F15_SA14_R05.txt,F15,1,15.0,1,1,1,0,0
tree,train,SA15/D01_SA15_R01.txt,D01,0,99.995,0,0,0,0,0
tree,train,SA15/D02_SA15_R01.txt,D02,0,100.0,0,0,0,0,0
tree,train,SA15/D03_SA15_R01.txt,D03,0,100.0,0,0,0,0,0
tree,train,SA15/D04_SA15_R01.txt,D04,0,100.0,0,2,0,0,0
tree,train,SA15/D05_SA15_R01.txt,D05,0,25.0,0,0,0,0,0
tree,train,SA15/D05_SA15_R02.txt,D05,0,25.0,0,0,0,0,0
tree,train,SA15/D05_SA15_R03.txt,D05,0,25.0,0,0,0,0,0
tree,train,SA15/D05_SA15_R04.txt,D05,0,25.0,0,0,0,0,0
tree,train,SA15/D05_SA15_R05.txt,D05,0,25.0,0,0,0,0,0
tree,train,SA15/D06_SA15_R01.txt,D06,0,24.995,0,0,0,0,0
tree,train,SA15/D06_SA15_R02.txt,D06,0,25.0,0,0,0,0,0
tree,train,SA15/D06_SA15_R03.txt,D06,0,25.0,0,0,0,0,0
tree,train,SA15/D06_SA15_R04.txt,D06,0,25.0,0,0,0,0,0
tree,train,SA15/D06_SA15_R05.txt,D06,0,25.0,0,0,0,0,0
tree,train,SA15/D07_SA15_R01.txt,D07,0,12.0,0,0,0,0,0
tree,train,SA15/D07_SA15_R02.txt,D07,0,12.0,0,0,0,0,0
tree,train,SA15/D07_SA15_R03.txt,D07,0,12.0,0,0,0,0,0
tree,train,SA15/D07_SA15_R04.txt,D07,0,12.0,0,0,0,0,0
tree,train,SA15/D07_SA15_R05.txt,D07,0,12.0,0,0,0,0,0
tree,train,SA15/D08_SA15_R01.txt,D08,0,12.0,0,0,0,0,0
tree,train,SA15/D08_SA15_R02.txt,D08,0,12.0,0,0,0,0,0
tree,train,SA15/D08_SA15_R03.txt,D08,0,12.0,0,0,0,0,0
tree,train,SA15/D08_SA15_R04.txt,D08,0,12.0,0,0,0,0,0
tree,train,SA15/D08_SA15_R05.txt,D08,0,12.0,0,0,0,0,0
tree,train,SA15/D09_SA15_R01.txt,D09,0,12.0,0,0,0,0,0
tree,train,SA15/D09_SA15_R02.txt,D09,0,12.0,0,0,0,0,0
tree,train,SA15/D09_SA15_R03.txt,D09,0,12.0,0,0,0,0,0
tree,train,SA15/D09_SA15_R04.txt,D09,0,12.0,0,0,0,0,0
tree,train,SA15/D09_SA15_R05.txt,D09,0,12.0,0,0,0,0,0
tree,train,SA15/D10_SA15_R01.txt,D10,0,12.0,0,0,0,0,0
tree,train,SA15/D10_SA15_R02.txt,D10,0,12.0,0,0,0,0,0
tree,train,SA15/D10_SA15_R03.txt,D10,0,12.0,0,0,0,0,0
tree,train,SA15/D10_SA15_R04.txt,D10,0,12.0,0,0,0,0,0
tree,train,SA15/D10_SA15_R05.txt,D10,0,12.0,0,0,0,0,0
tree,train,SA15/D11_SA15_R01.txt,D11,0,11.995,0,0,0,0,0
tree,train,SA15/D11_SA15_R02.txt,D11,0,12.0,0,0,0,0,0
tree,train,SA15/D11_SA15_R03.txt,D11,0,12.0,0,0,0,0,0
tree,train,SA15/D11_SA15_R04.txt,D11,0,12.0,0,0,0,0,0
tree,train,SA15/D11_SA15_R05.txt,D11,0,12.0,0,0,0,0,0
tree,train,SA15/D12_SA15_R01.txt,D12,0,12.0,0,0,0,0,0
tree,train,SA15/D12_SA15_R02.txt,D12,0,12.0,0,0,0,0,0
tree,train,SA15/D12_SA15_R03.txt,D12,0,12.0,0,0,0,0,0
tree,train,SA15/D12_SA15_R04.txt,D12,0,11.995,0,0,0,0,0
tree,train,SA15/D12_SA15_R05.txt,D12,0,12.0,0,0,0,0,0
tree,train,SA15/D13_SA15_R01.txt,D13,0,12.0,0,0,0,0,0
tree,train,SA15/D13_SA15_R02.txt,D13,0,12.0,0,0,0,0,0
tree,train,SA15/D13_SA15_R03.txt,D13,0,12.0,0,0,0,0,0
tree,train,SA15/D13_SA15_R04.txt,D13,0,12.0,0,0,0,0,0
tree,train,SA15/D13_SA15_R05.txt,D13,0,12.0,0,0,0,0,0
tree,train,SA15/D14_SA15_R01.txt,D14,0,12.0,0,0,0,0,0
tree,train,SA15/D14_SA15_R02.txt,D14,0,12.0,0,0,0,0,0
tree,train,SA15/D14_SA15_R03.txt,D14,0,12.0,0,0,0,0,0
tree,train,SA15/D14_SA15_R04.txt,D14,0,12.0,0,0,0,0,0
tree,train,SA15/D14_SA15_R05.txt,D14,0,12.0,0,0,0,0,0
tree,train,SA15/D15_SA15_R01.txt,D15,0,12.0,0,0,0,0,0
tree,train,SA15/D15_SA15_R02.txt,D15,0,12.0,0,0,0,0,0
tree,train,SA15/D15_SA15_R03.txt,D15,0,12.0,0,0,0,0,0
tree,train,SA15/D15_SA15_R04.txt,D15,0,12.0,0,0,0,0,0
tree,train,SA15/D15_SA15_R05.txt,D15,0,12.0,0,0,0,0,0
tree,train,SA15/D16_SA15_R01.txt,D16,0,11.995,0,0,0,0,0
tree,train,SA15/D16_SA15_R02.txt,D16,0,12.0,0,0,0,0,0
tree,train,SA15/D16_SA15_R03.txt,D16,0,12.0,0,0,0,0,0
tree,train,SA15/D16_SA15_R04.txt,D16,0,12.0,0,0,0,0,0
tree,train,SA15/D16_SA15_R05.txt,D16,0,12.0,0,0,0,0,0
tree,train,SA15/D18_SA15_R01.txt,D18,0,12.0,0,0,0,0,0
tree,train,SA15/D18_SA15_R02.txt,D18,0,12.0,0,1,0,0,0
tree,train,SA15/D18_SA15_R03.txt,D18,0,12.0,0,1,0,0,0
tree,train,SA15/D18_SA15_R04.txt,D18,0,12.0,0,0,0,0,0
tree,train,SA15/D18_SA15_R05.txt,D18,0,12.0,0,0,0,0,0
tree,train,SA15/D19_SA15_R01.txt,D19,0,12.0,0,0,0,0,0
tree,train,SA15/D19_SA15_R02.txt,D19,0,12.0,0,0,0,0,0
tree,train,SA15/D19_SA15_R03.txt,D19,0,12.0,0,0,0,0,0
tree,train,SA15/D19_SA15_R04.txt,D19,0,12.0,0,0,0,0,0
tree,train,SA15/D19_SA15_R05.txt,D19,0,12.0,0,0,0,0,0
tree,train,SA15/F01_SA15_R01.txt,F01,1,14.995,1,1,1,0,0
tree,train,SA15/F01_SA15_R02.txt,F01,1,15.0,1,1,1,0,0
tree,train,SA15/F01_SA15_R03.txt,F01,1,15.0,1,1,1,0,0
tree,train,SA15/F01_SA15_R04.txt,F01,1,15.0,1,1,1,0,0
tree,train,SA15/F01_SA15_R05.txt,F01,1,15.0,1,1,1,0,0
tree,train,SA15/F02_SA15_R01.txt,F02,1,15.0,1,1,1,0,0
tree,train,SA15/F02_SA15_R02.txt,F02,1,15.0,1,1,1,0,0
tree,train,SA15/F02_SA15_R03.txt,F02,1,15.0,1,1,1,0,0
tree,train,SA15/F02_SA15_R04.txt,F02,1,15.0,1,1,1,0,0
tree,train,SA15/F02_SA15_R05.txt,F02,1,15.0,1,1,1,0,0
tree,train,SA15/F03_SA15_R01.txt,F03,1,15.0,1,1,1,0,0
tree,train,SA15/F03_SA15_R02.txt,F03,1,15.0,1,1,1,0,0
tree,train,SA15/F03_SA15_R03.txt,F03,1,15.0,1,1,1,0,0
tree,train,SA15/F03_SA15_R04.txt,F03,1,15.0,1,1,1,0,0
tree,train,SA15/F03_SA15_R05.txt,F03,1,15.0,1,1,1,0,0
tree,train,SA15/F04_SA15_R01.txt,F04,1,15.0,1,1,1,0,0
tree,train,SA15/F04_SA15_R02.txt,F04,1,15.0,1,1,1,0,0
tree,train,SA15/F04_SA15_R03.txt,F04,1,15.0,1,1,1,0,0
tree,train,SA15/F04_SA15_R04.txt,F04,1,15.0,0,0,0,1,0
tree,train,SA15/F04_SA15_R05.txt,F04,1,15.0,0,0,0,1,0
tree,train,SA15/F05_SA15_R01.txt,F05,1,15.0,1,1,0,0,1
tree,train,SA15/F05_SA15_R02.txt,F05,1,15.0,1,1,1,0,0
tree,train,SA15/F05_SA15_R03.txt,F05,1,15.0,1,1,1,0,0
tree,train,SA15/F05_SA15_R04.txt,F05,1,15.0,1,1,1,0,0
tree,train,SA15/F05_SA15_R05.txt,F05,1,15.0,1,1,1,0,0
tree,train,SA15/F06_SA15_R01.txt,F06,1,14.995,1,1,1,0,0
tree,train,SA15/F06_SA15_R02.txt,F06,1,15.0,1,1,1,0,0
tree,train,SA15/F06_SA15_R03.txt,F06,1,15.0,1,1,1,0,0
tree,train,SA15/F06_SA15_R04.txt,F06,1,15.0,1,1,1,0,0
tree,train,SA15/F06_SA15_R05.txt,F06,1,15.0,1,1,1,0,0
tree,train,SA15/F07_SA15_R01.txt,F07,1,15.0,1,1,1,0,0
tree,train,SA15/F07_SA15_R02.txt,F07,1,15.0,1,1,1,0,0
tree,train,SA15/F07_SA15_R03.txt,F07,1,15.0,1,1,1,0,0
tree,train,SA15/F07_SA15_R04.txt,F07,1,15.0,1,1,1,0,0
tree,train,SA15/F07_SA15_R05.txt,F07,1,15.0,1,1,1,0,0
tree,train,SA15/F08_SA15_R01.txt,F08,1,14.995,1,1,1,0,0
tree,train,SA15/F08_SA15_R02.txt,F08,1,15.0,1,1,1,0,0
tree,train,SA15/F08_SA15_R03.txt,F08,1,15.0,1,0,0,0,1
tree,train,SA15/F08_SA15_R04.txt,F08,1,15.0,1,1,1,0,0
tree,train,SA15/F08_SA15_R05.txt,F08,1,15.0,1,1,1,0,0
tree,train,SA15/F09_SA15_R01.txt,F09,1,15.0,1,1,1,0,0
tree,train,SA15/F09_SA15_R02.txt,F09,1,15.0,1,1,1,0,0
tree,train,SA15/F09_SA15_R03.txt,F09,1,15.0,1,1,1,0,0
tree,train,SA15/F09_SA15_R04.txt,F09,1,15.0,1,1,1,0,0
tree,train,SA15/F09_SA15_R05.txt,F09,1,15.0,1,1,1,0,0
tree,train,SA15/F10_SA15_R01.txt,F10,1,15.0,1,1,1,0,0
tree,train,SA15/F10_SA15_R02.txt,F10,1,15.0,1,1,1,0,0
tree,train,SA15/F10_SA15_R03.txt,F10,1,15.0,1,1,1,0,0
tree,train,SA15/F10_SA15_R04.txt,F10,1,15.0,1,1,1,0,0
tree,train,SA15/F10_SA15_R05.txt,F10,1,15.0,1,1,1,0,0
tree,train,SA15/F11_SA15_R01.txt,F11,1,14.995,1,1,1,0,0
tree,train,SA15/F11_SA15_R02.txt,F11,1,15.0,1,1,1,0,0
tree,train,SA15/F11_SA15_R03.txt,F11,1,15.0,1,1,1,0,0
tree,train,SA15/F11_SA15_R04.txt,F11,1,15.0,1,1,1,0,0
tree,train,SA15/F11_SA15_R05.txt,F11,1,15.0,1,1,1,0,0
tree,train,SA15/F12_SA15_R01.txt,F12,1,15.0,1,1,1,0,0
tree,train,SA15/F12_SA15_R02.txt,F12,1,15.0,1,1,1,0,0
tree,train,SA15/F12_SA15_R03.txt,F12,1,15.0,1,1,1,0,0
tree,train,SA15/F12_SA15_R04.txt,F12,1,15.0,1,1,1,0,0
tree,train,SA15/F12_SA15_R05.txt,F12,1,15.0,1,1,1,0,0
tree,train,SA15/F13_SA15_R01.txt,F13,1,15.0,1,1,1,0,0
tree,train,SA15/F13_SA15_R02.txt,F13,1,15.0,1,1,1,0,0
tree,train,SA15/F13_SA15_R03.txt,F13,1,15.0,1,1,1,0,0
tree,train,SA15/F13_SA15_R04.txt,F13,1,15.0,1,1,1,0,0
tree,train,SA15/F13_SA15_R05.txt,F13,1,15.0,1,1,1,0,0
tree,train,SA15/F14_SA15_R01.txt,F14,1,15.0,1,1,1,0,0
tree,train,SA15/F14_SA15_R02.txt,F14,1,15.0,1,1,1,0,0
tree,train,SA15/F14_SA15_R03.txt,F14,1,15.0,1,1,1,0,0
tree,train,SA15/F14_SA15_R04.txt,F14,1,15.0,1,1,1,0,0
tree,train,SA15/F14_SA15_R05.txt,F14,1,15.0,1,1,1,0,0
tree,train,SA15/F15_SA15_R01.txt,F15,1,15.0,1,1,1,0,0
tree,train,SA15/F15_SA15_R02.txt,F15,1,15.0,1,1,1,0,0
tree,train,SA15/F15_SA15_R03.txt,F15,1,15.0,1,0,0,0,1
tree,train,SA15/F15_SA15_R04.txt,F15,1,15.0,1,1,1,0,0
tree,train,SA15/F15_SA15_R05.txt,F15,1,15.0,1,1,1,0,0
tree,train,SA16/D01_SA16_R01.txt,D01,0,99.995,0,0,0,0,0
tree,train,SA16/D02_SA16_R01.txt,D02,0,100.0,0,0,0,0,0
tree,train,SA16/D03_SA16_R01.txt,D03,0,100.0,0,0,0,0,0
tree,train,SA16/D04_SA16_R01.txt,D04,0,100.0,0,1,0,0,0
tree,train,SA16/D05_SA16_R01.txt,D05,0,25.0,0,0,0,0,0
tree,train,SA16/D05_SA16_R02.txt,D05,0,25.0,0,0,0,0,0
tree,train,SA16/D05_SA16_R03.txt,D05,0,25.0,0,0,0,0,0
tree,train,SA16/D05_SA16_R04.txt,D05,0,25.0,0,0,0,0,0
tree,train,SA16/D05_SA16_R05.txt,D05,0,25.0,0,0,0,0,0
tree,train,SA16/D06_SA16_R01.txt,D06,0,24.995,0,0,0,0,0
tree,train,SA16/D06_SA16_R02.txt,D06,0,25.0,0,0,0,0,0
tree,train,SA16/D06_SA16_R03.txt,D06,0,25.0,0,0,0,0,0
tree,train,SA16/D06_SA16_R04.txt,D06,0,25.0,0,0,0,0,0
tree,train,SA16/D06_SA16_R05.txt,D06,0,25.0,0,0,0,0,0
tree,train,SA16/D07_SA16_R01.txt,D07,0,12.0,0,0,0,0,0
tree,train,SA16/D07_SA16_R02.txt,D07,0,12.0,0,0,0,0,0
tree,train,SA16/D07_SA16_R03.txt,D07,0,12.0,0,0,0,0,0
tree,train,SA16/D07_SA16_R04.txt,D07,0,12.0,0,0,0,0,0
tree,train,SA16/D07_SA16_R05.txt,D07,0,12.0,0,0,0,0,0
tree,train,SA16/D08_SA16_R01.txt,D08,0,12.0,0,0,0,0,0
tree,train,SA16/D08_SA16_R02.txt,D08,0,12.0,0,0,0,0,0
tree,train,SA16/D08_SA16_R03.txt,D08,0,12.0,0,0,0,0,0
tree,train,SA16/D08_SA16_R04.txt,D08,0,12.0,0,0,0,0,0
tree,train,SA16/D08_SA16_R05.txt,D08,0,12.0,0,0,0,0,0
tree,train,SA16/D09_SA16_R01.txt,D09,0,12.0,0,0,0,0,0
tree,train,SA16/D09_SA16_R02.txt,D09,0,12.0,0,0,0,0,0
tree,train,SA16/D09_SA16_R03.txt,D09,0,12.0,0,0,0,0,0
tree,train,SA16/D09_SA16_R04.txt,D09,0,12.0,0,0,0,0,0
tree,train,SA16/D09_SA16_R05.txt,D09,0,12.0,0,0,0,0,0
tree,train,SA16/D10_SA16_R01.txt,D10,0,12.0,0,0,0,0,0
tree,train,SA16/D10_SA16_R02.txt,D10,0,12.0,0,0,0,0,0
tree,train,SA16/D10_SA16_R03.txt,D10,0,12.0,0,0,0,0,0
tree,train,SA16/D10_SA16_R04.txt,D10,0,12.0,0,0,0,0,0
tree,train,SA16/D10_SA16_R05.txt,D10,0,12.0,0,0,0,0,0
tree,train,SA16/D11_SA16_R01.txt,D11,0,11.995,0,0,0,0,0
tree,train,SA16/D11_SA16_R02.txt,D11,0,12.0,0,0,0,0,0
tree,train,SA16/D11_SA16_R03.txt,D11,0,12.0,0,0,0,0,0
tree,train,SA16/D11_SA16_R04.txt,D11,0,12.0,0,0,0,0,0
tree,train,SA16/D11_SA16_R05.txt,D11,0,12.0,0,0,0,0,0
tree,train,SA16/D12_SA16_R01.txt,D12,0,12.0,0,0,0,0,0
tree,train,SA16/D12_SA16_R02.txt,D12,0,12.0,0,0,0,0,0
tree,train,SA16/D12_SA16_R03.txt,D12,0,12.0,0,0,0,0,0
tree,train,SA16/D12_SA16_R04.txt,D12,0,12.0,0,0,0,0,0
tree,train,SA16/D12_SA16_R05.txt,D12,0,12.0,0,0,0,0,0
tree,train,SA16/D13_SA16_R01.txt,D13,0,12.0,0,0,0,0,0
tree,train,SA16/D13_SA16_R02.txt,D13,0,12.0,0,0,0,0,0
tree,train,SA16/D13_SA16_R03.txt,D13,0,12.0,0,0,0,0,0
tree,train,SA16/D13_SA16_R04.txt,D13,0,12.0,0,0,0,0,0
tree,train,SA16/D13_SA16_R05.txt,D13,0,12.0,0,0,0,0,0
tree,train,SA16/D14_SA16_R01.txt,D14,0,12.0,0,0,0,0,0
tree,train,SA16/D14_SA16_R02.txt,D14,0,12.0,0,0,0,0,0
tree,train,SA16/D14_SA16_R03.txt,D14,0,12.0,0,0,0,0,0
tree,train,SA16/D14_SA16_R04.txt,D14,0,12.0,0,0,0,0,0
tree,train,SA16/D14_SA16_R05.txt,D14,0,12.0,0,0,0,0,0
tree,train,SA16/D15_SA16_R01.txt,D15,0,12.0,0,0,0,0,0
tree,train,SA16/D15_SA16_R02.txt,D15,0,12.0,0,0,0,0,0
tree,train,SA16/D15_SA16_R03.txt,D15,0,12.0,0,0,0,0,0
tree,train,SA16/D15_SA16_R04.txt,D15,0,12.0,0,0,0,0,0
tree,train,SA16/D15_SA16_R05.txt,D15,0,12.0,0,0,0,0,0
tree,train,SA16/D16_SA16_R01.txt,D16,0,11.995,0,0,0,0,0
tree,train,SA16/D16_SA16_R02.txt,D16,0,12.0,0,0,0,0,0
tree,train,SA16/D16_SA16_R03.txt,D16,0,12.0,0,0,0,0,0
tree,train,SA16/D16_SA16_R04.txt,D16,0,12.0,0,0,0,0,0
tree,train,SA16/D16_SA16_R05.txt,D16,0,12.0,0,0,0,0,0
tree,train,SA16/D17_SA16_R01.txt,D17,0,24.995,0,0,0,0,0
tree,train,SA16/D17_SA16_R02.txt,D17,0,25.0,0,0,0,0,0
tree,train,SA16/D17_SA16_R03.txt,D17,0,25.0,0,0,0,0,0
tree,train,SA16/D17_SA16_R04.txt,D17,0,25.0,0,0,0,0,0
tree,train,SA16/D17_SA16_R05.txt,D17,0,25.0,0,0,0,0,0
tree,train,SA16/D18_SA16_R01.txt,D18,0,12.0,0,0,0,0,0
tree,train,SA16/D18_SA16_R02.txt,D18,0,12.0,0,1,0,0,0
tree,train,SA16/D18_SA16_R03.txt,D18,0,12.0,0,0,0,0,0
tree,train,SA16/D18_SA16_R04.txt,D18,0,12.0,0,0,0,0,0
tree,train,SA16/D18_SA16_R05.txt,D18,0,12.0,0,1,0,0,0
tree,train,SA16/D19_SA16_R01.txt,D19,0,12.0,0,0,0,0,0
tree,train,SA16/D19_SA16_R02.txt,D19,0,12.0,0,0,0,0,0
tree,train,SA16/D19_SA16_R03.txt,D19,0,12.0,0,0,0,0,0
tree,train,SA16/D19_SA16_R04.txt,D19,0,12.0,0,0,0,0,0
tree,train,SA16/D19_SA16_R05.txt,D19,0,12.0,0,0,0,0,0
tree,train,SA16/F01_SA16_R01.txt,F01,1,15.0,1,2,1,0,0
tree,train,SA16/F01_SA16_R02.txt,F01,1,15.0,1,1,1,0,0
tree,train,SA16/F01_SA16_R03.txt,F01,1,15.0,1,1,1,0,0
tree,train,SA16/F01_SA16_R04.txt,F01,1,15.0,1,1,1,0,0
tree,train,SA16/F01_SA16_R05.txt,F01,1,15.0,0,0,0,1,0
tree,train,SA16/F02_SA16_R01.txt,F02,1,14.995,1,1,1,0,0
tree,train,SA16/F02_SA16_R02.txt,F02,1,15.0,1,1,1,0,0
tree,train,SA16/F02_SA16_R03.txt,F02,1,15.0,1,1,1,0,0
tree,train,SA16/F02_SA16_R04.txt,F02,1,15.0,1,1,1,0,0
tree,train,SA16/F02_SA16_R05.txt,F02,1,15.0,1,1,1,0,0
tree,train,SA16/F03_SA16_R01.txt,F03,1,15.0,1,2,1,0,0
tree,train,SA16/F03_SA16_R02.txt,F03,1,15.0,1,1,1,0,0
tree,train,SA16/F03_SA16_R03.txt,F03,1,15.0,1,1,1,0,0
tree,train,SA16/F03_SA16_R04.txt,F03,1,15.0,1,1,1,0,0
tree,train,SA16/F03_SA16_R05.txt,F03,1,15.0,1,1,1,0,0
tree,train,SA16/F04_SA16_R01.txt,F04,1,14.995,1,1,1,0,0
tree,train,SA16/F04_SA16_R02.txt,F04,1,15.0,1,1,1,0,0
tree,train,SA16/F04_SA16_R03.txt,F04,1,15.0,1,1,1,0,0
tree,train,SA16/F04_SA16_R04.txt,F04,1,15.0,1,1,1,0,0
tree,train,SA16/F04_SA16_R05.txt,F04,1,15.0,1,1,1,0,0
tree,train,SA16/F05_SA16_R01.txt,F05,1,15.0,1,1,1,0,0
tree,train,SA16/F05_SA16_R02.txt,F05,1,15.0,1,1,1,0,0
tree,train,SA16/F05_SA16_R03.txt,F05,1,15.0,1,1,1,0,0
tree,train,SA16/F05_SA16_R04.txt,F05,1,15.0,0,0,0,1,0
tree,train,SA16/F05_SA16_R05.txt,F05,1,15.0,1,1,1,0,0
tree,train,SA16/F06_SA16_R01.txt,F06,1,14.995,1,2,1,0,0
tree,train,SA16/F06_SA16_R02.txt,F06,1,15.0,1,1,1,0,0
tree,train,SA16/F06_SA16_R03.txt,F06,1,15.0,1,1,1,0,0
tree,train,SA16/F06_SA16_R04.txt,F06,1,15.0,1,1,1,0,0
tree,train,SA16/F06_SA16_R05.txt,F06,1,15.0,1,1,1,0,0
tree,train,SA16/F07_SA16_R01.txt,F07,1,15.0,1,1,1,0,0
tree,train,SA16/F07_SA16_R02.txt,F07,1,15.0,1,1,1,0,0
tree,train,SA16/F07_SA16_R03.txt,F07,1,15.0,1,1,1,0,0
tree,train,SA16/F07_SA16_R04.txt,F07,1,15.0,1,2,1,0,0
tree,train,SA16/F07_SA16_R05.txt,F07,1,15.0,1,2,1,0,0
tree,train,SA16/F08_SA16_R01.txt,F08,1,15.0,1,1,1,0,0
tree,train,SA16/F08_SA16_R02.txt,F08,1,15.0,1,1,1,0,0
tree,train,SA16/F08_SA16_R03.txt,F08,1,15.0,1,1,1,0,0
tree,train,SA16/F08_SA16_R04.txt,F08,1,15.0,1,1,1,0,0
tree,train,SA16/F08_SA16_R05.txt,F08,1,15.0,1,1,1,0,0
tree,train,SA16/F09_SA16_R01.txt,F09,1,15.0,1,1,1,0,0
tree,train,SA16/F09_SA16_R02.txt,F09,1,15.0,1,1,1,0,0
tree,train,SA16/F09_SA16_R03.txt,F09,1,15.0,1,1,1,0,0
tree,train,SA16/F09_SA16_R04.txt,F09,1,15.0,1,1,1,0,0
tree,train,SA16/F09_SA16_R05.txt,F09,1,15.0,1,1,1,0,0
tree,train,SA16/F10_SA16_R01.txt,F10,1,15.0,1,1,1,0,0
tree,train,SA16/F10_SA16_R02.txt,F10,1,15.0,1,1,1,0,0
tree,train,SA16/F10_SA16_R03.txt,F10,1,15.0,1,1,1,0,0
tree,train,SA16/F10_SA16_R04.txt,F10,1,15.0,1,1,1,0,0
tree,train,SA16/F10_SA16_R05.txt,F10,1,15.0,1,1,1,0,0
tree,train,SA16/F11_SA16_R01.txt,F11,1,14.995,1,1,1,0,0
tree,train,SA16/F11_SA16_R02.txt,F11,1,15.0,1,1,1,0,0
tree,train,SA16/F11_SA16_R03.txt,F11,1,15.0,1,1,1,0,0
tree,train,SA16/F11_SA16_R04.txt,F11,1,15.0,1,1,1,0,0
tree,train,SA16/F11_SA16_R05.txt,F11,1,15.0,1,1,1,0,0
tree,train,SA16/F12_SA16_R01.txt,F12,1,15.0,1,1,1,0,0
tree,train,SA16/F12_SA16_R02.txt,F12,1,15.0,1,1,1,0,0
tree,train,SA16/F12_SA16_R03.txt,F12,1,15.0,1,1,1,0,0
tree,train,SA16/F12_SA16_R04.txt,F12,1,15.0,1,1,1,0,0
tree,train,SA16/F12_SA16_R05.txt,F12,1,15.0,1,1,1,0,0
tree,train,SA16/F13_SA16_R01.txt,F13,1,15.0,1,1,1,0,0
tree,train,SA16/F13_SA16_R02.txt,F13,1,15.0,1,1,1,0,0
tree,train,SA16/F13_SA16_R03.txt,F13,1,15.0,1,1,1,0,0
tree,train,SA16/F13_SA16_R04.txt,F13,1,15.0,1,1,1,0,0
tree,train,SA16/F13_SA16_R05.txt,F13,1,15.0,1,1,1,0,0
tree,train,SA16/F14_SA16_R01.txt,F14,1,15.0,1,1,1,0,0
tree,train,SA16/F14_SA16_R02.txt,F14,1,15.0,1,1,1,0,0
tree,train,SA16/F14_SA16_R03.txt,F14,1,15.0,1,1,1,0,0
tree,train,SA16/F14_SA16_R04.txt,F14,1,15.0,1,1,1,0,0
tree,train,SA16/F14_SA16_R05.txt,F14,1,15.0,1,1,1,0,0
tree,train,SA16/F15_SA16_R01.txt,F15,1,15.0,1,1,1,0,0
tree,train,SA16/F15_SA16_R02.txt,F15,1,15.0,1,1,1,0,0
tree,train,SA16/F15_SA16_R03.txt,F15,1,15.0,1,1,1,0,0
tree,train,SA16/F15_SA16_R04.txt,F15,1,15.0,1,1,1,0,0
tree,train,SA16/F15_SA16_R05.txt,F15,1,15.0,1,1,1,0,0
tree,train,SA18/D01_SA18_R01.txt,D01,0,99.995,0,0,0,0,0
tree,train,SA18/D02_SA18_R01.txt,D02,0,100.0,0,0,0,0,0
tree,train,SA18/D03_SA18_R01.txt,D03,0,100.0,0,1,0,0,0
tree,train,SA18/D04_SA18_R01.txt,D04,0,100.0,0,0,0,0,0
tree,train,SA18/D05_SA18_R01.txt,D05,0,25.0,0,0,0,0,0
tree,train,SA18/D05_SA18_R02.txt,D05,0,25.0,0,0,0,0,0
tree,train,SA18/D05_SA18_R03.txt,D05,0,25.0,0,0,0,0,0
tree,train,SA18/D05_SA18_R04.txt,D05,0,25.0,0,0,0,0,0
tree,train,SA18/D05_SA18_R05.txt,D05,0,25.0,0,0,0,0,0
tree,train,SA18/D06_SA18_R01.txt,D06,0,24.995,0,0,0,0,0
tree,train,SA18/D06_SA18_R02.txt,D06,0,25.0,0,0,0,0,0
tree,train,SA18/D06_SA18_R03.txt,D06,0,25.0,0,0,0,0,0
tree,train,SA18/D06_SA18_R04.txt,D06,0,25.0,0,0,0,0,0
tree,train,SA18/D06_SA18_R05.txt,D06,0,25.0,0,0,0,0,0
tree,train,SA18/D07_SA18_R01.txt,D07,0,12.0,0,0,0,0,0
tree,train,SA18/D07_SA18_R02.txt,D07,0,12.0,0,0,0,0,0
tree,train,SA18/D07_SA18_R03.txt,D07,0,12.0,0,0,0,0,0
tree,train,SA18/D07_SA18_R04.txt,D07,0,12.0,0,0,0,0,0
tree,train,SA18/D07_SA18_R05.txt,D07,0,12.0,0,0,0,0,0
tree,train,SA18/D08_SA18_R01.txt,D08,0,12.0,0,0,0,0,0
tree,train,SA18/D08_SA18_R02.txt,D08,0,12.0,0,0,0,0,0
tree,train,SA18/D08_SA18_R03.txt,D08,0,12.0,0,0,0,0,0
tree,train,SA18/D08_SA18_R04.txt,D08,0,12.0,0,0,0,0,0
tree,train,SA18/D08_SA18_R05.txt,D08,0,12.0,0,0,0,0,0
tree,train,SA18/D09_SA18_R01.txt,D09,0,12.0,0,0,0,0,0
tree,train,SA18/D09_SA18_R02.txt,D09,0,12.0,0,0,0,0,0
tree,train,SA18/D09_SA18_R03.txt,D09,0,12.0,0,0,0,0,0
tree,train,SA18/D09_SA18_R04.txt,D09,0,12.0,0,0,0,0,0
tree,train,SA18/D09_SA18_R05.txt,D09,0,12.0,0,0,0,0,0
tree,train,SA18/D10_SA18_R01.txt,D10,0,12.0,0,0,0,0,0
tree,train,SA18/D10_SA18_R02.txt,D10,0,12.0,0,0,0,0,0
tree,train,SA18/D10_SA18_R03.txt,D10,0,12.0,0,0,0,0,0
tree,train,SA18/D10_SA18_R04.txt,D10,0,12.0,0,0,0,0,0
tree,train,SA18/D10_SA18_R05.txt,D10,0,12.0,0,0,0,0,0
tree,train,SA18/D11_SA18_R01.txt,D11,0,11.995,0,0,0,0,0
tree,train,SA18/D11_SA18_R02.txt,D11,0,12.0,0,0,0,0,0
tree,train,SA18/D11_SA18_R03.txt,D11,0,12.0,0,0,0,0,0
tree,train,SA18/D11_SA18_R04.txt,D11,0,12.0,0,0,0,0,0
tree,train,SA18/D11_SA18_R05.txt,D11,0,12.0,0,0,0,0,0
tree,train,SA18/D12_SA18_R01.txt,D12,0,12.0,0,0,0,0,0
tree,train,SA18/D12_SA18_R02.txt,D12,0,12.0,0,0,0,0,0
tree,train,SA18/D12_SA18_R03.txt,D12,0,12.0,0,0,0,0,0
tree,train,SA18/D12_SA18_R04.txt,D12,0,12.0,0,0,0,0,0
tree,train,SA18/D12_SA18_R05.txt,D12,0,12.0,0,0,0,0,0
tree,train,SA18/D13_SA18_R01.txt,D13,0,12.0,0,0,0,0,0
tree,train,SA18/D13_SA18_R02.txt,D13,0,12.0,0,1,0,0,0
tree,train,SA18/D13_SA18_R03.txt,D13,0,12.0,0,1,0,0,0
tree,train,SA18/D13_SA18_R04.txt,D13,0,12.0,0,1,0,0,0
tree,train,SA18/D13_SA18_R05.txt,D13,0,12.0,0,0,0,0,0
tree,train,SA18/D14_SA18_R01.txt,D14,0,12.0,0,0,0,0,0
tree,train,SA18/D14_SA18_R02.txt,D14,0,12.0,0,0,0,0,0
tree,train,SA18/D14_SA18_R03.txt,D14,0,12.0,0,0,0,0,0
tree,train,SA18/D14_SA18_R04.txt,D14,0,12.0,0,0,0,0,0
tree,train,SA18/D14_SA18_R05.txt,D14,0,12.0,0,0,0,0,0
tree,train,SA18/D15_SA18_R01.txt,D15,0,12.0,0,0,0,0,0
tree,train,SA18/D15_SA18_R02.txt,D15,0,12.0,0,0,0,0,0
tree,train,SA18/D15_SA18_R03.txt,D15,0,12.0,0,0,0,0,0
tree,train,SA18/D15_SA18_R04.txt,D15,0,12.0,0,0,0,0,0
tree,train,SA18/D15_SA18_R05.txt,D15,0,12.0,0,0,0,0,0
tree,train,SA18/D16_SA18_R01.txt,D16,0,11.995,0,0,0,0,0
tree,train,SA18/D16_SA18_R02.txt,D16,0,12.0,0,0,0,0,0
tree,train,SA18/D16_SA18_R03.txt,D16,0,12.0,0,0,0,0,0
tree,train,SA18/D16_SA18_R04.txt,D16,0,12.0,0,0,0,0,0
tree,train,SA18/D16_SA18_R05.txt,D16,0,12.0,0,0,0,0,0
tree,train,SA18/D17_SA18_R01.txt,D17,0,24.995,0,0,0,0,0
tree,train,SA18/D17_SA18_R02.txt,D17,0,25.0,0,0,0,0,0
tree,train,SA18/D17_SA18_R03.txt,D17,0,25.0,0,0,0,0,0
tree,train,SA18/D17_SA18_R04.txt,D17,0,25.0,0,0,0,0,0
tree,train,SA18/D17_SA18_R05.txt,D17,0,24.995,0,0,0,0,0
tree,train,SA18/D18_SA18_R01.txt,D18,0,12.0,0,0,0,0,0
tree,train,SA18/D18_SA18_R02.txt,D18,0,12.0,0,1,0,0,0
tree,train,SA18/D18_SA18_R03.txt,D18,0,12.0,0,0,0,0,0
tree,train,SA18/D18_SA18_R04.txt,D18,0,12.0,0,0,0,0,0
tree,train,SA18/D18_SA18_R05.txt,D18,0,12.0,0,0,0,0,0
tree,train,SA18/D19_SA18_R01.txt,D19,0,12.0,0,0,0,0,0
tree,train,SA18/D19_SA18_R02.txt,D19,0,12.0,0,0,0,0,0
tree,train,SA18/D19_SA18_R03.txt,D19,0,12.0,0,1,0,0,0
tree,train,SA18/D19_SA18_R04.txt,D19,0,12.0,0,0,0,0,0
tree,train,SA18/D19_SA18_R05.txt,D19,0,12.0,0,0,0,0,0
tree,train,SA18/F01_SA18_R01.txt,F01,1,14.995,1,1,1,0,0
tree,train,SA18/F01_SA18_R02.txt,F01,1,15.0,1,1,1,0,0
tree,train,SA18/F01_SA18_R03.txt,F01,1,15.0,1,1,1,0,0
tree,train,SA18/F01_SA18_R04.txt,F01,1,15.0,1,1,1,0,0
tree,train,SA18/F01_SA18_R05.txt,F01,1,15.0,1,1,1,0,0
tree,train,SA18/F02_SA18_R01.txt,F02,1,15.0,1,1,1,0,0
tree,train,SA18/F02_SA18_R02.txt,F02,1,15.0,1,1,1,0,0
tree,train,SA18/F02_SA18_R03.txt,F02,1,15.0,1,1,1,0,0
tree,train,SA18/F02_SA18_R04.txt,F02,1,15.0,1,1,1,0,0
tree,train,SA18/F02_SA18_R05.txt,F02,1,15.0,1,1,1,0,0
tree,train,SA18/F03_SA18_R01.txt,F03,1,15.0,1,1,1,0,0
tree,train,SA18/F03_SA18_R02.txt,F03,1,15.0,1,1,1,0,0
tree,train,SA18/F03_SA18_R03.txt,F03,1,15.0,1,1,1,0,0
tree,train,SA18/F03_SA18_R04.txt,F03,1,15.0,1,1,1,0,0
tree,train,SA18/F03_SA18_R05.txt,F03,1,15.0,1,1,1,0,0
tree,train,SA18/F04_SA18_R01.txt,F04,1,15.0,1,1,1,0,0
tree,train,SA18/F04_SA18_R02.txt,F04,1,15.0,0,1,0,1,0
tree,train,SA18/F04_SA18_R03.txt,F04,1,15.0,1,1,1,0,0
tree,train,SA18/F04_SA18_R04.txt,F04,1,15.0,1,1,1,0,0
tree,train,SA18/F04_SA18_R05.txt,F04,1,15.0,1,1,1,0,0
tree,train,SA18/F05_SA18_R01.txt,F05,1,15.0,1,1,1,0,0
tree,train,SA18/F05_SA18_R02.txt,F05,1,15.0,1,1,1,0,0
tree,train,SA18/F05_SA18_R03.txt,F05,1,15.0,1,2,1,0,0
tree,train,SA18/F05_SA18_R04.txt,F05,1,15.0,1,1,1,0,0
tree,train,SA18/F05_SA18_R05.txt,F05,1,15.0,1,1,1,0,0
tree,train,SA18/F06_SA18_R01.txt,F06,1,14.995,1,1,1,0,0
tree,train,SA18/F06_SA18_R02.txt,F06,1,15.0,1,1,1,0,0
tree,train,SA18/F06_SA18_R03.txt,F06,1,15.0,1,1,1,0,0
tree,train,SA18/F06_SA18_R04.txt,F06,1,15.0,1,1,1,0,0
tree,train,SA18/F06_SA18_R05.txt,F06,1,15.0,1,1,1,0,0
tree,train,SA18/F07_SA18_R01.txt,F07,1,15.0,1,1,1,0,0
tree,train,SA18/F07_SA18_R02.txt,F07,1,15.0,1,1,1,0,0
tree,train,SA18/F07_SA18_R03.txt,F07,1,15.0,1,1,1,0,0
tree,train,SA18/F07_SA18_R04.txt,F07,1,15.0,1,1,1,0,0
tree,train,SA18/F07_SA18_R05.txt,F07,1,15.0,1,0,0,0,1
tree,train,SA18/F08_SA18_R01.txt,F08,1,15.0,1,1,1,0,0
tree,train,SA18/F08_SA18_R02.txt,F08,1,15.0,1,1,1,0,0
tree,train,SA18/F08_SA18_R03.txt,F08,1,15.0,1,1,1,0,0
tree,train,SA18/F08_SA18_R04.txt,F08,1,15.0,1,1,1,0,0
tree,train,SA18/F08_SA18_R05.txt,F08,1,15.0,1,1,1,0,0
tree,train,SA18/F09_SA18_R01.txt,F09,1,15.0,1,1,1,0,0
tree,train,SA18/F09_SA18_R02.txt,F09,1,15.0,1,1,1,0,0
tree,train,SA18/F09_SA18_R03.txt,F09,1,15.0,1,1,1,0,0
tree,train,SA18/F09_SA18_R04.txt,F09,1,15.0,1,1,1,0,0
tree,train,SA18/F09_SA18_R05.txt,F09,1,15.0,1,1,1,0,0
tree,train,SA18/F10_SA18_R01.txt,F10,1,15.0,1,1,1,0,0
tree,train,SA18/F10_SA18_R02.txt,F10,1,15.0,1,0,0,0,1
tree,train,SA18/F10_SA18_R03.txt,F10,1,15.0,1,1,1,0,0
tree,train,SA18/F10_SA18_R04.txt,F10,1,15.0,1,0,0,0,1
tree,train,SA18/F10_SA18_R05.txt,F10,1,15.0,1,0,0,0,1
tree,train,SA18/F11_SA18_R01.txt,F11,1,14.995,1,1,1,0,0
tree,train,SA18/F11_SA18_R02.txt,F11,1,15.0,1,1,1,0,0
tree,train,SA18/F11_SA18_R03.txt,F11,1,15.0,1,1,1,0,0
tree,train,SA18/F11_SA18_R04.txt,F11,1,15.0,1,1,1,0,0
tree,train,SA18/F11_SA18_R05.txt,F11,1,15.0,1,1,1,0,0
tree,train,SA18/F12_SA18_R01.txt,F12,1,15.0,1,1,1,0,0
tree,train,SA18/F12_SA18_R02.txt,F12,1,15.0,1,1,1,0,0
tree,train,SA18/F12_SA18_R03.txt,F12,1,15.0,1,1,1,0,0
tree,train,SA18/F12_SA18_R04.txt,F12,1,15.0,1,1,1,0,0
tree,train,SA18/F12_SA18_R05.txt,F12,1,15.0,1,1,1,0,0
tree,train,SA18/F13_SA18_R01.txt,F13,1,15.0,1,1,1,0,0
tree,train,SA18/F13_SA18_R02.txt,F13,1,15.0,1,1,1,0,0
tree,train,SA18/F13_SA18_R03.txt,F13,1,15.0,1,1,1,0,0
tree,train,SA18/F13_SA18_R04.txt,F13,1,15.0,1,1,1,0,0
tree,train,SA18/F13_SA18_R05.txt,F13,1,15.0,1,1,1,0,0
tree,train,SA18/F14_SA18_R01.txt,F14,1,15.0,1,1,1,0,0
tree,train,SA18/F14_SA18_R02.txt,F14,1,15.0,1,1,1,0,0
tree,train,SA18/F14_SA18_R03.txt,F14,1,15.0,1,1,1,0,0
tree,train,SA18/F14_SA18_R04.txt,F14,1,15.0,1,1,1,0,0
tree,train,SA18/F14_SA18_R05.txt,F14,1,15.0,1,1,1,0,0
tree,train,SA18/F15_SA18_R01.txt,F15,1,15.0,1,1,1,0,0
tree,train,SA18/F15_SA18_R02.txt,F15,1,15.0,1,1,1,0,0
tree,train,SA18/F15_SA18_R03.txt,F15,1,15.0,1,1,1,0,0
tree,train,SA18/F15_SA18_R04.txt,F15,1,15.0,1,1,1,0,0
tree,train,SA18/F15_SA18_R05.txt,F15,1,15.0,1,1,1,0,0
tree,train,SA20/D01_SA20_R01.txt,D01,0,99.985,0,0,0,0,0
tree,train,SA20/D02_SA20_R01.txt,D02,0,99.995,0,0,0,0,0
tree,train,SA20/D03_SA20_R01.txt,D03,0,100.0,0,0,0,0,0
tree,train,SA20/D04_SA20_R01.txt,D04,0,100.0,0,7,0,0,0
tree,train,SA20/D05_SA20_R01.txt,D05,0,25.0,0,0,0,0,0
tree,train,SA20/D05_SA20_R02.txt,D05,0,25.0,0,0,0,0,0
tree,train,SA20/D05_SA20_R03.txt,D05,0,25.0,0,0,0,0,0
tree,train,SA20/D05_SA20_R04.txt,D05,0,25.0,0,0,0,0,0
tree,train,SA20/D05_SA20_R05.txt,D05,0,25.0,0,0,0,0,0
tree,train,SA20/D06_SA20_R01.txt,D06,0,24.995,0,0,0,0,0
tree,train,SA20/D06_SA20_R03.txt,D06,0,24.99,0,0,0,0,0
tree,train,SA20/D06_SA20_R04.txt,D06,0,25.0,0,0,0,0,0
tree,train,SA20/D06_SA20_R05.txt,D06,0,25.0,0,0,0,0,0
tree,train,SA20/D07_SA20_R01.txt,D07,0,12.0,0,0,0,0,0
tree,train,SA20/D07_SA20_R02.txt,D07,0,12.0,0,0,0,0,0
tree,train,SA20/D07_SA20_R03.txt,D07,0,12.0,0,0,0,0,0
tree,train,SA20/D07_SA20_R04.txt,D07,0,12.0,0,0,0,0,0
tree,train,SA20/D07_SA20_R05.txt,D07,0,12.0,0,0,0,0,0
tree,train,SA20/D08_SA20_R01.txt,D08,0,12.0,0,0,0,0,0
tree,train,SA20/D08_SA20_R02.txt,D08,0,12.0,0,0,0,0,0
tree,train,SA20/D08_SA20_R03.txt,D08,0,12.0,0,0,0,0,0
tree,train,SA20/D08_SA20_R04.txt,D08,0,12.0,0,0,0,0,0
tree,train,SA20/D08_SA20_R05.txt,D08,0,12.0,0,0,0,0,0
tree,train,SA20/D09_SA20_R01.txt,D09,0,12.0,0,0,0,0,0
tree,train,SA20/D09_SA20_R02.txt,D09,0,12.0,0,0,0,0,0
tree,train,SA20/D09_SA20_R03.txt,D09,0,12.0,0,0,0,0,0
tree,train,SA20/D09_SA20_R04.txt,D09,0,12.0,0,0,0,0,0
tree,train,SA20/D09_SA20_R05.txt,D09,0,12.0,0,0,0,0,0
tree,train,SA20/D10_SA20_R01.txt,D10,0,12.0,0,0,0,0,0
tree,train,SA20/D10_SA20_R02.txt,D10,0,12.0,0,0,0,0,0
tree,train,SA20/D10_SA20_R03.txt,D10,0,11.97,0,0,0,0,0
tree,train,SA20/D10_SA20_R04.txt,D10,0,12.0,0,0,0,0,0
tree,train,SA20/D10_SA20_R05.txt,D10,0,12.0,0,0,0,0,0
tree,train,SA20/D11_SA20_R01.txt,D11,0,11.995,0,0,0,0,0
tree,train,SA20/D11_SA20_R02.txt,D11,0,12.0,0,0,0,0,0
tree,train,SA20/D11_SA20_R03.txt,D11,0,12.0,0,0,0,0,0
tree,train,SA20/D11_SA20_R04.txt,D11,0,12.0,0,0,0,0,0
tree,train,SA20/D11_SA20_R05.txt,D11,0,12.0,0,0,0,0,0
tree,train,SA20/D12_SA20_R01.txt,D12,0,12.0,0,0,0,0,0
tree,train,SA20/D12_SA20_R02.txt,D12,0,12.0,0,0,0,0,0
tree,train,SA20/D12_SA20_R03.txt,D12,0,12.0,0,0,0,0,0
tree,train,SA20/D12_SA20_R04.txt,D12,0,12.0,0,0,0,0,0
tree,train,SA20/D12_SA20_R05.txt,D12,0,12.0,0,0,0,0,0
tree,train,SA20/D13_SA20_R01.txt,D13,0,12.0,0,0,0,0,0
tree,train,SA20/D13_SA20_R02.txt,D13,0,11.98,0,0,0,0,0
tree,train,SA20/D13_SA20_R03.txt,D13,0,12.0,0,0,0,0,0
tree,train,SA20/D13_SA20_R04.txt,D13,0,12.0,0,0,0,0,0
tree,train,SA20/D13_SA20_R05.txt,D13,0,12.0,0,0,0,0,0
tree,train,SA20/D14_SA20_R01.txt,D14,0,12.0,0,0,0,0,0
tree,train,SA20/D14_SA20_R02.txt,D14,0,12.0,0,0,0,0,0
tree,train,SA20/D14_SA20_R03.txt,D14,0,12.0,0,0,0,0,0
tree,train,SA20/D14_SA20_R04.txt,D14,0,12.0,0,0,0,0,0
tree,train,SA20/D14_SA20_R05.txt,D14,0,12.0,0,0,0,0,0
tree,train,SA20/D15_SA20_R01.txt,D15,0,12.0,0,0,0,0,0
tree,train,SA20/D15_SA20_R02.txt,D15,0,12.0,0,0,0,0,0
tree,train,SA20/D15_SA20_R03.txt,D15,0,12.0,0,0,0,0,0
tree,train,SA20/D15_SA20_R04.txt,D15,0,12.0,0,0,0,0,0
tree,train,SA20/D15_SA20_R05.txt,D15,0,12.0,0,0,0,0,0
tree,train,SA20/D16_SA20_R01.txt,D16,0,11.995,0,0,0,0,0
tree,train,SA20/D16_SA20_R02.txt,D16,0,12.0,0,0,0,0,0
tree,train,SA20/D16_SA20_R03.txt,D16,0,12.0,0,0,0,0,0
tree,train,SA20/D16_SA20_R04.txt,D16,0,12.0,0,0,0,0,0
tree,train,SA20/D16_SA20_R05.txt,D16,0,12.0,0,0,0,0,0
tree,train,SA20/D17_SA20_R01.txt,D17,0,24.995,0,0,0,0,0
tree,train,SA20/D17_SA20_R03.txt,D17,0,25.0,0,0,0,0,0
tree,train,SA20/D17_SA20_R04.txt,D17,0,25.0,0,0,0,0,0
tree,train,SA20/D17_SA20_R05.txt,D17,0,25.0,0,0,0,0,0
tree,train,SA20/D18_SA20_R01.txt,D18,0,12.0,0,0,0,0,0
tree,train,SA20/D18_SA20_R02.txt,D18,0,12.0,0,0,0,0,0
tree,train,SA20/D18_SA20_R03.txt,D18,0,12.0,0,0,0,0,0
tree,train,SA20/D18_SA20_R04.txt,D18,0,12.0,0,0,0,0,0
tree,train,SA20/D18_SA20_R05.txt,D18,0,11.995,0,0,0,0,0
tree,train,SA20/D19_SA20_R01.txt,D19,0,12.0,0,1,0,0,0
tree,train,SA20/D19_SA20_R02.txt,D19,0,12.0,0,2,0,0,0
tree,train,SA20/D19_SA20_R03.txt,D19,0,12.0,0,1,0,0,0
tree,train,SA20/D19_SA20_R04.txt,D19,0,12.0,0,2,0,0,0
tree,train,SA20/D19_SA20_R05.txt,D19,0,12.0,0,2,0,0,0
tree,train,SA20/F01_SA20_R01.txt,F01,1,14.995,1,0,0,0,1
tree,train,SA20/F01_SA20_R02.txt,F01,1,15.0,1,1,1,0,0
tree,train,SA20/F01_SA20_R04.txt,F01,1,15.0,1,1,1,0,0
tree,train,SA20/F01_SA20_R05.txt,F01,1,15.0,1,1,1,0,0
tree,train,SA20/F02_SA20_R01.txt,F02,1,15.0,1,1,1,0,0
tree,train,SA20/F02_SA20_R02.txt,F02,1,15.0,1,1,1,0,0
tree,train,SA20/F02_SA20_R03.txt,F02,1,15.0,1,1,1,0,0
tree,train,SA20/F02_SA20_R04.txt,F02,1,15.0,1,1,1,0,0
tree,train,SA20/F02_SA20_R05.txt,F02,1,14.995,1,1,1,0,0
tree,train,SA20/F03_SA20_R01.txt,F03,1,15.0,1,1,1,0,0
tree,train,SA20/F03_SA20_R02.txt,F03,1,15.0,1,1,1,0,0
tree,train,SA20/F03_SA20_R03.txt,F03,1,15.0,1,1,1,0,0
tree,train,SA20/F03_SA20_R04.txt,F03,1,15.0,1,1,1,0,0
tree,train,SA20/F03_SA20_R05.txt,F03,1,14.995,1,1,1,0,0
tree,train,SA20/F04_SA20_R01.txt,F04,1,15.0,1,1,1,0,0
tree,train,SA20/F04_SA20_R02.txt,F04,1,15.0,1,1,1,0,0
tree,train,SA20/F04_SA20_R03.txt,F04,1,15.0,1,1,1,0,0
tree,train,SA20/F04_SA20_R04.txt,F04,1,15.0,1,1,1,0,0
tree,train,SA20/F04_SA20_R05.txt,F04,1,15.0,1,0,0,0,1
tree,train,SA20/F05_SA20_R01.txt,F05,1,15.0,1,1,0,0,1
tree,train,SA20/F05_SA20_R02.txt,F05,1,15.0,1,1,1,0,0
tree,train,SA20/F05_SA20_R03.txt,F05,1,15.0,1,1,1,0,0
tree,train,SA20/F05_SA20_R04.txt,F05,1,15.0,1,1,1,0,0
tree,train,SA20/F05_SA20_R05.txt,F05,1,15.0,1,1,1,0,0
tree,train,SA20/F06_SA20_R01.txt,F06,1,14.995,1,1,1,0,0
tree,train,SA20/F06_SA20_R02.txt,F06,1,15.0,1,1,1,0,0
tree,train,SA20/F06_SA20_R03.txt,F06,1,15.0,1,2,1,0,0
tree,train,SA20/F06_SA20_R04.txt,F06,1,15.0,1,1,1,0,0
tree,train,SA20/F06_SA20_R05.txt,F06,1,15.0,1,1,1,0,0
tree,train,SA20/F07_SA20_R01.txt,F07,1,15.0,1,1,1,0,0
tree,train,SA20/F07_SA20_R02.txt,F07,1,15.0,1,1,1,0,0
tree,train,SA20/F07_SA20_R03.txt,F07,1,15.0,1,1,1,0,0
tree,train,SA20/F07_SA20_R04.txt,F07,1,15.0,1,1,1,0,0
tree,train,SA20/F07_SA20_R05.txt,F07,1,14.995,1,1,1,0,0
tree,train,SA20/F08_SA20_R01.txt,F08,1,15.0,1,1,1,0,0
tree,train,SA20/F08_SA20_R02.txt,F08,1,15.0,1,1,1,0,0
tree,train,SA20/F08_SA20_R03.txt,F08,1,15.0,1,1,1,0,0
tree,train,SA20/F08_SA20_R04.txt,F08,1,15.0,1,1,1,0,0
tree,train,SA20/F08_SA20_R05.txt,F08,1,14.995,1,1,1,0,0
tree,train,SA20/F09_SA20_R01.txt,F09,1,15.0,1,1,1,0,0
tree,train,SA20/F09_SA20_R02.txt,F09,1,15.0,1,1,1,0,0
tree,train,SA20/F09_SA20_R03.txt,F09,1,15.0,1,1,1,0,0
tree,train,SA20/F09_SA20_R04.txt,F09,1,15.0,1,1,1,0,0
tree,train,SA20/F09_SA20_R05.txt,F09,1,15.0,1,1,1,0,0
tree,train,SA20/F10_SA20_R01.txt,F10,1,15.0,1,1,1,0,0
tree,train,SA20/F10_SA20_R02.txt,F10,1,15.0,1,1,1,0,0
tree,train,SA20/F10_SA20_R03.txt,F10,1,15.0,1,1,1,0,0
tree,train,SA20/F10_SA20_R05.txt,F10,1,15.0,1,1,1,0,0
tree,train,SA20/F11_SA20_R01.txt,F11,1,14.995,1,2,1,0,0
tree,train,SA20/F11_SA20_R02.txt,F11,1,15.0,1,0,0,0,1
tree,train,SA20/F11_SA20_R03.txt,F11,1,15.0,1,1,1,0,0
tree,train,SA20/F11_SA20_R04.txt,F11,1,15.0,1,1,1,0,0
tree,train,SA20/F11_SA20_R05.txt,F11,1,15.0,1,1,1,0,0
tree,train,SA20/F12_SA20_R01.txt,F12,1,15.0,1,1,1,0,0
tree,train,SA20/F12_SA20_R02.txt,F12,1,15.0,1,1,1,0,0
tree,train,SA20/F12_SA20_R03.txt,F12,1,15.0,1,1,1,0,0
tree,train,SA20/F12_SA20_R04.txt,F12,1,15.0,1,1,1,0,0
tree,train,SA20/F12_SA20_R05.txt,F12,1,14.995,1,1,1,0,0
tree,train,SA20/F13_SA20_R01.txt,F13,1,15.0,1,1,1,0,0
tree,train,SA20/F13_SA20_R02.txt,F13,1,15.0,1,1,1,0,0
tree,train,SA20/F13_SA20_R03.txt,F13,1,15.0,1,1,1,0,0
tree,train,SA20/F13_SA20_R04.txt,F13,1,15.0,1,1,1,0,0
tree,train,SA20/F13_SA20_R05.txt,F13,1,15.0,1,1,1,0,0
tree,train,SA20/F14_SA20_R01.txt,F14,1,15.0,1,1,1,0,0
tree,train,SA20/F14_SA20_R02.txt,F14,1,15.0,1,1,1,0,0
tree,train,SA20/F14_SA20_R03.txt,F14,1,15.0,1,1,1,0,0
tree,train,SA20/F14_SA20_R04.txt,F14,1,15.0,1,1,1,0,0
tree,train,SA20/F14_SA20_R05.txt,F14,1,15.0,1,1,1,0,0
tree,train,SA20/F15_SA20_R01.txt,F15,1,15.0,1,1,1,0,0
tree,train,SA20/F15_SA20_R02.txt,F15,1,15.0,1,1,1,0,0
tree,train,SA20/F15_SA20_R03.txt,F15,1,15.0,1,1,1,0,0
tree,train,SA20/F15_SA20_R04.txt,F15,1,15.0,1,1,1,0,0
tree,train,SA20/F15_SA20_R05.txt,F15,1,15.0,1,1,1,0,0
tree,train,SA21/D01_SA21_R01.txt,D01,0,99.995,0,0,0,0,0
tree,train,SA21/D02_SA21_R01.txt,D02,0,100.0,0,0,0,0,0
tree,train,SA21/D03_SA21_R01.txt,D03,0,100.0,0,0,0,0,0
tree,train,SA21/D04_SA21_R01.txt,D04,0,100.0,0,5,0,0,0
tree,train,SA21/D05_SA21_R01.txt,D05,0,25.0,0,0,0,0,0
tree,train,SA21/D05_SA21_R02.txt,D05,0,24.995,0,0,0,0,0
tree,train,SA21/D05_SA21_R03.txt,D05,0,24.995,0,0,0,0,0
tree,train,SA21/D05_SA21_R04.txt,D05,0,25.0,0,0,0,0,0
tree,train,SA21/D05_SA21_R05.txt,D05,0,25.0,0,0,0,0,0
tree,train,SA21/D06_SA21_R01.txt,D06,0,25.0,0,0,0,0,0
tree,train,SA21/D06_SA21_R02.txt,D06,0,25.0,0,0,0,0,0
tree,train,SA21/D06_SA21_R03.txt,D06,0,25.0,0,0,0,0,0
tree,train,SA21/D06_SA21_R04.txt,D06,0,25.0,0,0,0,0,0
tree,train,SA21/D06_SA21_R05.txt,D06,0,25.0,0,0,0,0,0
tree,train,SA21/D07_SA21_R01.txt,D07,0,12.0,0,0,0,0,0
tree,train,SA21/D07_SA21_R02.txt,D07,0,12.0,0,0,0,0,0
tree,train,SA21/D07_SA21_R03.txt,D07,0,12.0,0,0,0,0,0
tree,train,SA21/D07_SA21_R04.txt,D07,0,12.0,0,0,0,0,0
tree,train,SA21/D07_SA21_R05.txt,D07,0,12.0,0,0,0,0,0
tree,train,SA21/D08_SA21_R01.txt,D08,0,12.0,0,0,0,0,0
tree,train,SA21/D08_SA21_R02.txt,D08,0,12.0,0,0,0,0,0
tree,train,SA21/D08_SA21_R03.txt,D08,0,12.0,0,0,0,0,0
tree,train,SA21/D08_SA21_R04.txt,D08,0,12.0,0,0,0,0,0
tree,train,SA21/D08_SA21_R05.txt,D08,0,12.0,0,0,0,0,0
tree,train,SA21/D09_SA21_R01.txt,D09,0,12.0,0,0,0,0,0
tree,train,SA21/D09_SA21_R02.txt,D09,0,12.0,0,0,0,0,0
tree,train,SA21/D09_SA21_R03.txt,D09,0,12.0,0,0,0,0,0
tree,train,SA21/D09_SA21_R04.txt,D09,0,12.0,0,0,0,0,0
tree,train,SA21/D09_SA21_R05.txt,D09,0,12.0,0,0,0,0,0
tree,train,SA21/D10_SA21_R01.txt,D10,0,12.0,0,0,0,0,0
tree,train,SA21/D10_SA21_R02.txt,D10,0,12.0,0,0,0,0,0
tree,train,SA21/D10_SA21_R03.txt,D10,0,12.0,0,1,0,0,0
tree,train,SA21/D10_SA21_R04.txt,D10,0,12.0,0,0,0,0,0
tree,train,SA21/D10_SA21_R05.txt,D10,0,12.0,0,0,0,0,0
tree,train,SA21/D11_SA21_R01.txt,D11,0,11.995,0,0,0,0,0
tree,train,SA21/D11_SA21_R02.txt,D11,0,12.0,0,0,0,0,0
tree,train,SA21/D11_SA21_R03.txt,D11,0,12.0,0,0,0,0,0
tree,train,SA21/D11_SA21_R04.txt,D11,0,12.0,0,0,0,0,0
tree,train,SA21/D11_SA21_R05.txt,D11,0,12.0,0,0,0,0,0
tree,train,SA21/D12_SA21_R01.txt,D12,0,12.0,0,0,0,0,0
tree,train,SA21/D12_SA21_R02.txt,D12,0,12.0,0,0,0,0,0
tree,train,SA21/D12_SA21_R03.txt,D12,0,12.0,0,0,0,0,0
tree,train,SA21/D12_SA21_R04.txt,D12,0,12.0,0,0,0,0,0
tree,train,SA21/D12_SA21_R05.txt,D12,0,12.0,0,0,0,0,0
tree,train,SA21/D13_SA21_R01.txt,D13,0,12.0,0,0,0,0,0
tree,train,SA21/D13_SA21_R02.txt,D13,0,12.0,0,0,0,0,0
tree,train,SA21/D13_SA21_R03.txt,D13,0,12.0,0,0,0,0,0
tree,train,SA21/D13_SA21_R04.txt,D13,0,12.0,0,0,0,0,0
tree,train,SA21/D13_SA21_R05.txt,D13,0,12.0,0,1,0,0,0
tree,train,SA21/D14_SA21_R01.txt,D14,0,12.0,0,0,0,0,0
tree,train,SA21/D14_SA21_R02.txt,D14,0,12.0,0,0,0,0,0
tree,train,SA21/D14_SA21_R03.txt,D14,0,12.0,0,0,0,0,0
tree,train,SA21/D14_SA21_R04.txt,D14,0,12.0,0,0,0,0,0
tree,train,SA21/D14_SA21_R05.txt,D14,0,12.0,0,0,0,0,0
tree,train,SA21/D15_SA21_R01.txt,D15,0,12.0,0,0,0,0,0
tree,train,SA21/D15_SA21_R02.txt,D15,0,12.0,0,0,0,0,0
tree,train,SA21/D15_SA21_R03.txt,D15,0,12.0,0,0,0,0,0
tree,train,SA21/D15_SA21_R04.txt,D15,0,12.0,0,0,0,0,0
tree,train,SA21/D15_SA21_R05.txt,D15,0,12.0,0,0,0,0,0
tree,train,SA21/D16_SA21_R01.txt,D16,0,11.995,0,0,0,0,0
tree,train,SA21/D16_SA21_R02.txt,D16,0,12.0,0,0,0,0,0
tree,train,SA21/D16_SA21_R03.txt,D16,0,12.0,0,0,0,0,0
tree,train,SA21/D16_SA21_R04.txt,D16,0,12.0,0,0,0,0,0
tree,train,SA21/D16_SA21_R05.txt,D16,0,12.0,0,0,0,0,0
tree,train,SA21/D17_SA21_R01.txt,D17,0,25.0,0,0,0,0,0
tree,train,SA21/D17_SA21_R02.txt,D17,0,25.0,0,0,0,0,0
tree,train,SA21/D17_SA21_R03.txt,D17,0,25.0,0,0,0,0,0
tree,train,SA21/D17_SA21_R04.txt,D17,0,25.0,0,0,0,0,0
tree,train,SA21/D17_SA21_R05.txt,D17,0,24.995,0,0,0,0,0
tree,train,SA21/D18_SA21_R01.txt,D18,0,12.0,0,1,0,0,0
tree,train,SA21/D18_SA21_R02.txt,D18,0,12.0,0,0,0,0,0
tree,train,SA21/D18_SA21_R03.txt,D18,0,12.0,0,0,0,0,0
tree,train,SA21/D18_SA21_R04.txt,D18,0,12.0,0,1,0,0,0
tree,train,SA21/D18_SA21_R05.txt,D18,0,12.0,0,1,0,0,0
tree,train,SA21/D19_SA21_R01.txt,D19,0,12.0,0,2,0,0,0
tree,train,SA21/D19_SA21_R02.txt,D19,0,12.0,0,2,0,0,0
tree,train,SA21/D19_SA21_R03.txt,D19,0,12.0,0,1,0,0,0
tree,train,SA21/D19_SA21_R04.txt,D19,0,12.0,0,1,0,0,0
tree,train,SA21/D19_SA21_R05.txt,D19,0,12.0,0,0,0,0,0
tree,train,SA21/F01_SA21_R01.txt,F01,1,15.0,1,1,1,0,0
tree,train,SA21/F01_SA21_R02.txt,F01,1,15.0,1,1,1,0,0
tree,train,SA21/F01_SA21_R03.txt,F01,1,15.0,0,1,0,1,0
tree,train,SA21/F01_SA21_R04.txt,F01,1,15.0,1,1,1,0,0
tree,train,SA21/F01_SA21_R05.txt,F01,1,15.0,1,1,1,0,0
tree,train,SA21/F02_SA21_R01.txt,F02,1,15.0,1,1,1,0,0
tree,train,SA21/F02_SA21_R02.txt,F02,1,15.0,1,1,1,0,0
tree,train,SA21/F02_SA21_R03.txt,F02,1,15.0,1,1,1,0,0
tree,train,SA21/F02_SA21_R04.txt,F02,1,15.0,1,1,1,0,0
tree,train,SA21/F02_SA21_R05.txt,F02,1,15.0,1,1,1,0,0
tree,train,SA21/F03_SA21_R01.txt,F03,1,15.0,1,1,1,0,0
tree,train,SA21/F03_SA21_R02.txt,F03,1,15.0,1,2,1,0,0
tree,train,SA21/F03_SA21_R03.txt,F03,1,15.0,1,0,0,0,1
tree,train,SA21/F03_SA21_R04.txt,F03,1,15.0,1,2,1,0,0
tree,train,SA21/F03_SA21_R05.txt,F03,1,15.0,1,1,1,0,0
tree,train,SA21/F04_SA21_R01.txt,F04,1,15.0,1,1,1,0,0
tree,train,SA21/F04_SA21_R02.txt,F04,1,15.0,1,2,1,0,0
tree,train,SA21/F04_SA21_R03.txt,F04,1,15.0,1,1,1,0,0
tree,train,SA21/F04_SA21_R04.txt,F04,1,15.0,1,1,1,0,0
tree,train,SA21/F04_SA21_R05.txt,F04,1,15.0,1,1,1,0,0
tree,train,SA21/F05_SA21_R01.txt,F05,1,15.0,1,1,1,0,0
tree,train,SA21/F05_SA21_R02.txt,F05,1,15.0,1,1,1,0,0
tree,train,SA21/F05_SA21_R03.txt,F05,1,15.0,1,1,1,0,0
tree,train,SA21/F05_SA21_R04.txt,F05,1,15.0,1,1,1,0,0
tree,train,SA21/F05_SA21_R05.txt,F05,1,15.0,1,1,1,0,0
tree,train,SA21/F06_SA21_R01.txt,F06,1,15.0,1,1,1,0,0
tree,train,SA21/F06_SA21_R02.txt,F06,1,15.0,1,1,1,0,0
tree,train,SA21/F06_SA21_R03.txt,F06,1,15.0,1,1,1,0,0
tree,train,SA21/F06_SA21_R04.txt,F06,1,15.0,1,1,1,0,0
tree,train,SA21/F06_SA21_R05.txt,F06,1,15.0,1,1,1,0,0
tree,train,SA21/F07_SA21_R01.txt,F07,1,15.0,1,1,1,0,0
tree,train,SA21/F07_SA21_R02.txt,F07,1,15.0,1,1,1,0,0
tree,train,SA21/F07_SA21_R03.txt,F07,1,15.0,1,1,1,0,0
tree,train,SA21/F07_SA21_R04.txt,F07,1,15.0,1,1,1,0,0
tree,train,SA21/F07_SA21_R05.txt,F07,1,15.0,1,1,1,0,0
tree,train,SA21/F08_SA21_R01.txt,F08,1,15.0,1,1,1,0,0
tree,train,SA21/F08_SA21_R02.txt,F08,1,15.0,1,1,1,0,0
tree,train,SA21/F08_SA21_R03.txt,F08,1,15.0,1,1,1,0,0
tree,train,SA21/F08_SA21_R04.txt,F08,1,15.0,1,1,1,0,0
tree,train,SA21/F08_SA21_R05.txt,F08,1,15.0,1,1,1,0,0
tree,train,SA21/F09_SA21_R01.txt,F09,1,15.0,1,1,1,0,0
tree,train,SA21/F09_SA21_R02.txt,F09,1,15.0,1,1,1,0,0
tree,train,SA21/F09_SA21_R03.txt,F09,1,15.0,1,1,1,0,0
tree,train,SA21/F09_SA21_R04.txt,F09,1,15.0,1,1,1,0,0
tree,train,SA21/F09_SA21_R05.txt,F09,1,15.0,1,1,1,0,0
tree,train,SA21/F10_SA21_R01.txt,F10,1,15.0,1,1,1,0,0
tree,train,SA21/F10_SA21_R02.txt,F10,1,15.0,1,1,1,0,0
tree,train,SA21/F10_SA21_R03.txt,F10,1,15.0,1,1,1,0,0
tree,train,SA21/F10_SA21_R04.txt,F10,1,15.0,1,1,1,0,0
tree,train,SA21/F10_SA21_R05.txt,F10,1,15.0,1,1,1,0,0
tree,train,SA21/F11_SA21_R01.txt,F11,1,14.995,1,1,1,0,0
tree,train,SA21/F11_SA21_R02.txt,F11,1,15.0,1,1,1,0,0
tree,train,SA21/F11_SA21_R03.txt,F11,1,15.0,1,1,1,0,0
tree,train,SA21/F11_SA21_R04.txt,F11,1,15.0,1,1,1,0,0
tree,train,SA21/F11_SA21_R05.txt,F11,1,15.0,0,0,0,1,0
tree,train,SA21/F12_SA21_R01.txt,F12,1,15.0,1,1,1,0,0
tree,train,SA21/F12_SA21_R02.txt,F12,1,15.0,1,1,1,0,0
tree,train,SA21/F12_SA21_R03.txt,F12,1,15.0,1,1,1,0,0
tree,train,SA21/F12_SA21_R04.txt,F12,1,15.0,1,1,1,0,0
tree,train,SA21/F12_SA21_R05.txt,F12,1,15.0,1,1,1,0,0
tree,train,SA21/F13_SA21_R01.txt,F13,1,15.0,1,1,1,0,0
tree,train,SA21/F13_SA21_R02.txt,F13,1,15.0,1,1,1,0,0
tree,train,SA21/F13_SA21_R03.txt,F13,1,15.0,1,1,1,0,0
tree,train,SA21/F13_SA21_R04.txt,F13,1,15.0,1,1,1,0,0
tree,train,SA21/F13_SA21_R05.txt,F13,1,15.0,1,1,1,0,0
tree,train,SA21/F14_SA21_R01.txt,F14,1,15.0,1,1,1,0,0
tree,train,SA21/F14_SA21_R02.txt,F14,1,15.0,1,1,1,0,0
tree,train,SA21/F14_SA21_R03.txt,F14,1,15.0,1,1,1,0,0
tree,train,SA21/F14_SA21_R04.txt,F14,1,15.0,1,1,1,0,0
tree,train,SA21/F14_SA21_R05.txt,F14,1,15.0,1,1,1,0,0
tree,train,SA21/F15_SA21_R01.txt,F15,1,15.0,1,1,1,0,0
tree,train,SA21/F15_SA21_R02.txt,F15,1,15.0,1,1,1,0,0
tree,train,SA21/F15_SA21_R03.txt,F15,1,15.0,1,1,1,0,0
tree,train,SA21/F15_SA21_R04.txt,F15,1,15.0,1,1,1,0,0
tree,train,SA21/F15_SA21_R05.txt,F15,1,15.0,1,1,1,0,0
tree,train,SA22/D01_SA22_R01.txt,D01,0,99.995,0,0,0,0,0
tree,train,SA22/D02_SA22_R01.txt,D02,0,99.995,0,5,0,0,0
tree,train,SA22/D03_SA22_R01.txt,D03,0,100.0,0,2,0,0,0
tree,train,SA22/D04_SA22_R01.txt,D04,0,99.985,0,0,0,0,0
tree,train,SA22/D05_SA22_R01.txt,D05,0,25.0,0,0,0,0,0
tree,train,SA22/D05_SA22_R02.txt,D05,0,25.0,0,0,0,0,0
tree,train,SA22/D05_SA22_R03.txt,D05,0,25.0,0,1,0,0,0
tree,train,SA22/D05_SA22_R04.txt,D05,0,25.0,0,0,0,0,0
tree,train,SA22/D05_SA22_R05.txt,D05,0,25.0,0,0,0,0,0
tree,train,SA22/D06_SA22_R01.txt,D06,0,24.995,0,3,0,0,0
tree,train,SA22/D06_SA22_R02.txt,D06,0,25.0,0,4,0,0,0
tree,train,SA22/D06_SA22_R03.txt,D06,0,25.0,0,2,0,0,0
tree,train,SA22/D06_SA22_R04.txt,D06,0,25.0,0,1,0,0,0
tree,train,SA22/D06_SA22_R05.txt,D06,0,25.0,0,1,0,0,0
tree,train,SA22/D07_SA22_R01.txt,D07,0,11.995,0,0,0,0,0
tree,train,SA22/D07_SA22_R02.txt,D07,0,12.0,0,0,0,0,0
tree,train,SA22/D07_SA22_R03.txt,D07,0,12.0,0,0,0,0,0
tree,train,SA22/D07_SA22_R04.txt,D07,0,12.0,0,0,0,0,0
tree,train,SA22/D07_SA22_R05.txt,D07,0,12.0,0,0,0,0,0
tree,train,SA22/D08_SA22_R01.txt,D08,0,12.0,0,0,0,0,0
tree,train,SA22/D08_SA22_R02.txt,D08,0,12.0,0,0,0,0,0
tree,train,SA22/D08_SA22_R03.txt,D08,0,12.0,0,0,0,0,0
tree,train,SA22/D08_SA22_R04.txt,D08,0,12.0,0,0,0,0,0
tree,train,SA22/D08_SA22_R05.txt,D08,0,11.99,0,0,0,0,0
tree,train,SA22/D09_SA22_R01.txt,D09,0,11.995,0,0,0,0,0
tree,train,SA22/D09_SA22_R02.txt,D09,0,12.0,0,0,0,0,0
tree,train,SA22/D09_SA22_R03.txt,D09,0,12.0,0,0,0,0,0
tree,train,SA22/D09_SA22_R04.txt,D09,0,12.0,0,0,0,0,0
tree,train,SA22/D09_SA22_R05.txt,D09,0,12.0,0,0,0,0,0
tree,train,SA22/D10_SA22_R01.txt,D10,0,12.0,0,0,0,0,0
tree,train,SA22/D10_SA22_R02.txt,D10,0,12.0,0,0,0,0,0
tree,train,SA22/D10_SA22_R03.txt,D10,0,12.0,0,0,0,0,0
tree,train,SA22/D10_SA22_R04.txt,D10,0,12.0,0,0,0,0,0
tree,train,SA22/D10_SA22_R05.txt,D10,0,12.0,0,0,0,0,0
tree,train,SA22/D11_SA22_R01.txt,D11,0,11.995,0,0,0,0,0
tree,train,SA22/D11_SA22_R02.txt,D11,0,12.0,0,0,0,0,0
tree,train,SA22/D11_SA22_R03.txt,D11,0,12.0,0,0,0,0,0
tree,train,SA22/D11_SA22_R04.txt,D11,0,12.0,0,0,0,0,0
tree,train,SA22/D11_SA22_R05.txt,D11,0,12.0,0,0,0,0,0
tree,train,SA22/D12_SA22_R01.txt,D12,0,12.0,0,0,0,0,0
tree,train,SA22/D12_SA22_R02.txt,D12,0,12.0,0,0,0,0,0
tree,train,SA22/D12_SA22_R03.txt,D12,0,12.0,0,0,0,0,0
tree,train,SA22/D12_SA22_R04.txt,D12,0,12.0,0,0,0,0,0
tree,train,SA22/D12_SA22_R05.txt,D12,0,12.0,0,0,0,0,0
tree,train,SA22/D13_SA22_R01.txt,D13,0,12.0,0,0,0,0,0
tree,train,SA22/D13_SA22_R02.txt,D13,0,12.0,0,0,0,0,0
tree,train,SA22/D13_SA22_R03.txt,D13,0,12.0,0,0,0,0,0
tree,train,SA22/D13_SA22_R04.txt,D13,0,12.0,0,1,0,0,0
tree,train,SA22/D13_SA22_R05.txt,D13,0,12.0,0,0,0,0,0
tree,train,SA22/D14_SA22_R01.txt,D14,0,12.0,0,0,0,0,0
tree,train,SA22/D14_SA22_R02.txt,D14,0,12.0,0,0,0,0,0
tree,train,SA22/D14_SA22_R03.txt,D14,0,12.0,0,0,0,0,0
tree,train,SA22/D14_SA22_R04.txt,D14,0,12.0,0,0,0,0,0
tree,train,SA22/D14_SA22_R05.txt,D14,0,12.0,0,0,0,0,0
tree,train,SA22/D15_SA22_R01.txt,D15,0,12.0,0,0,0,0,0
tree,train,SA22/D15_SA22_R02.txt,D15,0,12.0,0,0,0,0,0
tree,train,SA22/D15_SA22_R03.txt,D15,0,12.0,0,0,0,0,0
tree,train,SA22/D15_SA22_R04.txt,D15,0,12.0,0,0,0,0,0
tree,train,SA22/D15_SA22_R05.txt,D15,0,11.995,0,0,0,0,0
tree,train,SA22/D16_SA22_R01.txt,D16,0,11.995,0,0,0,0,0
tree,train,SA22/D16_SA22_R02.txt,D16,0,12.0,0,0,0,0,0
tree,train,SA22/D16_SA22_R03.txt,D16,0,12.0,0,0,0,0,0
tree,train,SA22/D16_SA22_R04.txt,D16,0,12.0,0,0,0,0,0
tree,train,SA22/D16_SA22_R05.txt,D16,0,12.0,0,0,0,0,0
tree,train,SA22/D17_SA22_R01.txt,D17,0,24.995,0,0,0,0,0
tree,train,SA22/D17_SA22_R02.txt,D17,0,25.0,0,0,0,0,0
tree,train,SA22/D17_SA22_R03.txt,D17,0,25.0,0,0,0,0,0
tree,train,SA22/D17_SA22_R04.txt,D17,0,24.995,0,0,0,0,0
tree,train,SA22/D17_SA22_R05.txt,D17,0,25.0,0,0,0,0,0
tree,train,SA22/D18_SA22_R01.txt,D18,0,11.97,0,1,0,0,0
tree,train,SA22/D18_SA22_R02.txt,D18,0,12.0,0,0,0,0,0
tree,train,SA22/D18_SA22_R03.txt,D18,0,12.0,0,0,0,0,0
tree,train,SA22/D18_SA22_R04.txt,D18,0,12.0,0,1,0,0,0
tree,train,SA22/D18_SA22_R05.txt,D18,0,12.0,0,2,0,0,0
tree,train,SA22/D19_SA22_R01.txt,D19,0,12.0,0,1,0,0,0
tree,train,SA22/D19_SA22_R02.txt,D19,0,12.0,0,0,0,0,0
tree,train,SA22/D19_SA22_R03.txt,D19,0,12.0,0,1,0,0,0
tree,train,SA22/D19_SA22_R04.txt,D19,0,12.0,0,0,0,0,0
tree,train,SA22/D19_SA22_R05.txt,D19,0,12.0,0,0,0,0,0
tree,train,SA22/F01_SA22_R01.txt,F01,1,14.995,1,1,1,0,0
tree,train,SA22/F01_SA22_R02.txt,F01,1,15.0,1,1,1,0,0
tree,train,SA22/F01_SA22_R03.txt,F01,1,15.0,1,1,1,0,0
tree,train,SA22/F01_SA22_R04.txt,F01,1,15.0,1,1,1,0,0
tree,train,SA22/F01_SA22_R05.txt,F01,1,15.0,1,1,1,0,0
tree,train,SA22/F02_SA22_R01.txt,F02,1,15.0,1,1,1,0,0
tree,train,SA22/F02_SA22_R02.txt,F02,1,15.0,1,1,1,0,0
tree,train,SA22/F02_SA22_R03.txt,F02,1,15.0,1,1,1,0,0
tree,train,SA22/F02_SA22_R04.txt,F02,1,15.0,1,1,1,0,0
tree,train,SA22/F02_SA22_R05.txt,F02,1,15.0,0,0,0,1,0
tree,train,SA22/F03_SA22_R01.txt,F03,1,15.0,1,1,1,0,0
tree,train,SA22/F03_SA22_R02.txt,F03,1,15.0,1,1,1,0,0
tree,train,SA22/F03_SA22_R03.txt,F03,1,15.0,1,1,1,0,0
tree,train,SA22/F03_SA22_R04.txt,F03,1,14.985,1,2,1,0,0
tree,train,SA22/F03_SA22_R05.txt,F03,1,15.0,1,1,1,0,0
tree,train,SA22/F04_SA22_R01.txt,F04,1,15.0,1,1,1,0,0
tree,train,SA22/F04_SA22_R02.txt,F04,1,15.0,1,1,1,0,0
tree,train,SA22/F04_SA22_R03.txt,F04,1,15.0,1,1,1,0,0
tree,train,SA22/F04_SA22_R04.txt,F04,1,15.0,1,1,1,0,0
tree,train,SA22/F04_SA22_R05.txt,F04,1,15.0,1,1,1,0,0
tree,train,SA22/F05_SA22_R01.txt,F05,1,15.0,1,2,1,0,0
tree,train,SA22/F05_SA22_R02.txt,F05,1,15.0,1,2,1,0,0
tree,train,SA22/F05_SA22_R03.txt,F05,1,15.0,1,2,1,0,0
tree,train,SA22/F05_SA22_R04.txt,F05,1,15.0,1,1,1,0,0
tree,train,SA22/F05_SA22_R05.txt,F05,1,14.995,1,1,1,0,0
tree,train,SA22/F06_SA22_R01.txt,F06,1,14.995,1,1,1,0,0
tree,train,SA22/F06_SA22_R02.txt,F06,1,15.0,1,1,1,0,0
tree,train,SA22/F06_SA22_R03.txt,F06,1,15.0,1,0,0,0,1
tree,train,SA22/F06_SA22_R04.txt,F06,1,15.0,1,1,1,0,0
tree,train,SA22/F06_SA22_R05.txt,F06,1,14.995,1,1,1,0,0
tree,train,SA22/F07_SA22_R01.txt,F07,1,15.0,1,1,1,0,0
tree,train,SA22/F07_SA22_R02.txt,F07,1,15.0,1,1,1,0,0
tree,train,SA22/F07_SA22_R03.txt,F07,1,15.0,1,1,1,0,0
tree,train,SA22/F07_SA22_R04.txt,F07,1,15.0,1,1,1,0,0
tree,train,SA22/F07_SA22_R05.txt,F07,1,14.995,1,1,1,0,0
tree,train,SA22/F08_SA22_R01.txt,F08,1,15.0,1,1,1,0,0
tree,train,SA22/F08_SA22_R02.txt,F08,1,15.0,1,1,1,0,0
tree,train,SA22/F08_SA22_R03.txt,F08,1,15.0,1,1,1,0,0
tree,train,SA22/F08_SA22_R04.txt,F08,1,15.0,1,1,1,0,0
tree,train,SA22/F08_SA22_R05.txt,F08,1,15.0,1,1,1,0,0
tree,train,SA22/F09_SA22_R01.txt,F09,1,15.0,1,1,1,0,0
tree,train,SA22/F09_SA22_R02.txt,F09,1,15.0,1,1,1,0,0
tree,train,SA22/F09_SA22_R03.txt,F09,1,15.0,1,1,1,0,0
tree,train,SA22/F09_SA22_R04.txt,F09,1,15.0,1,0,0,0,1
tree,train,SA22/F09_SA22_R05.txt,F09,1,15.0,1,1,1,0,0
tree,train,SA22/F10_SA22_R01.txt,F10,1,15.0,1,1,1,0,0
tree,train,SA22/F10_SA22_R02.txt,F10,1,15.0,1,1,1,0,0
tree,train,SA22/F10_SA22_R03.txt,F10,1,15.0,1,1,1,0,0
tree,train,SA22/F10_SA22_R04.txt,F10,1,15.0,1,1,1,0,0
tree,train,SA22/F10_SA22_R05.txt,F10,1,15.0,1,1,1,0,0
tree,train,SA22/F11_SA22_R01.txt,F11,1,14.995,1,1,1,0,0
tree,train,SA22/F11_SA22_R02.txt,F11,1,15.0,1,1,1,0,0
tree,train,SA22/F11_SA22_R03.txt,F11,1,15.0,1,1,1,0,0
tree,train,SA22/F11_SA22_R04.txt,F11,1,15.0,1,1,1,0,0
tree,train,SA22/F11_SA22_R05.txt,F11,1,15.0,1,1,1,0,0
tree,train,SA22/F12_SA22_R01.txt,F12,1,15.0,1,1,1,0,0
tree,train,SA22/F12_SA22_R02.txt,F12,1,15.0,1,0,0,0,1
tree,train,SA22/F12_SA22_R03.txt,F12,1,15.0,1,1,1,0,0
tree,train,SA22/F12_SA22_R04.txt,F12,1,15.0,1,1,1,0,0
tree,train,SA22/F12_SA22_R05.txt,F12,1,15.0,1,1,1,0,0
tree,train,SA22/F13_SA22_R01.txt,F13,1,15.0,1,1,1,0,0
tree,train,SA22/F13_SA22_R02.txt,F13,1,15.0,1,1,1,0,0
tree,train,SA22/F13_SA22_R03.txt,F13,1,15.0,1,1,1,0,0
tree,train,SA22/F13_SA22_R04.txt,F13,1,15.0,1,1,1,0,0
tree,train,SA22/F13_SA22_R05.txt,F13,1,15.0,1,2,1,0,0
tree,train,SA22/F14_SA22_R01.txt,F14,1,15.0,1,1,1,0,0
tree,train,SA22/F14_SA22_R02.txt,F14,1,14.995,1,1,1,0,0
tree,train,SA22/F14_SA22_R03.txt,F14,1,15.0,1,1,1,0,0
tree,train,SA22/F14_SA22_R04.txt,F14,1,15.0,1,1,1,0,0
tree,train,SA22/F14_SA22_R05.txt,F14,1,15.0,1,1,1,0,0
tree,train,SA22/F15_SA22_R01.txt,F15,1,14.455,1,1,1,0,0
tree,train,SA22/F15_SA22_R02.txt,F15,1,15.0,1,1,1,0,0
tree,train,SA22/F15_SA22_R03.txt,F15,1,15.0,1,1,1,0,0
tree,train,SA22/F15_SA22_R04.txt,F15,1,15.0,1,1,1,0,0
tree,train,SA22/F15_SA22_R05.txt,F15,1,14.995,1,1,1,0,0
tree,train,SE02/D01_SE02_R01.txt,D01,0,99.995,0,0,0,0,0
tree,train,SE02/D02_SE02_R01.txt,D02,0,100.0,0,0,0,0,0
tree,train,SE02/D03_SE02_R01.txt,D03,0,100.0,0,0,0,0,0
tree,train,SE02/D05_SE02_R01.txt,D05,0,25.0,0,0,0,0,0
tree,train,SE02/D05_SE02_R02.txt,D05,0,24.995,0,0,0,0,0
tree,train,SE02/D05_SE02_R03.txt,D05,0,25.0,0,0,0,0,0
tree,train,SE02/D05_SE02_R04.txt,D05,0,25.0,0,0,0,0,0
tree,train,SE02/D05_SE02_R05.txt,D05,0,25.0,0,0,0,0,0
tree,train,SE02/D07_SE02_R01.txt,D07,0,12.0,0,0,0,0,0
tree,train,SE02/D07_SE02_R02.txt,D07,0,12.0,0,0,0,0,0
tree,train,SE02/D07_SE02_R03.txt,D07,0,12.0,0,0,0,0,0
tree,train,SE02/D07_SE02_R04.txt,D07,0,12.0,0,0,0,0,0
tree,train,SE02/D07_SE02_R05.txt,D07,0,12.0,0,0,0,0,0
tree,train,SE02/D08_SE02_R01.txt,D08,0,12.0,0,0,0,0,0
tree,train,SE02/D08_SE02_R02.txt,D08,0,12.0,0,0,0,0,0
tree,train,SE02/D08_SE02_R03.txt,D08,0,12.0,0,0,0,0,0
tree,train,SE02/D08_SE02_R04.txt,D08,0,12.005,0,0,0,0,0
tree,train,SE02/D08_SE02_R05.txt,D08,0,12.0,0,0,0,0,0
tree,train,SE02/D11_SE02_R01.txt,D11,0,12.0,0,1,0,0,0
tree,train,SE02/D11_SE02_R02.txt,D11,0,12.0,0,0,0,0,0
tree,train,SE02/D11_SE02_R03.txt,D11,0,12.0,0,0,0,0,0
tree,train,SE02/D11_SE02_R04.txt,D11,0,12.0,0,1,0,0,0
tree,train,SE02/D11_SE02_R05.txt,D11,0,12.0,0,1,0,0,0
tree,train,SE02/D12_SE02_R01.txt,D12,0,12.0,0,0,0,0,0
tree,train,SE02/D12_SE02_R02.txt,D12,0,12.0,0,0,0,0,0
tree,train,SE02/D12_SE02_R03.txt,D12,0,12.0,0,0,0,0,0
tree,train,SE02/D12_SE02_R04.txt,D12,0,12.005,0,0,0,0,0
tree,train,SE02/D12_SE02_R05.txt,D12,0,12.0,0,0,0,0,0
tree,train,SE02/D14_SE02_R01.txt,D14,0,12.0,0,0,0,0,0
tree,train,SE02/D14_SE02_R02.txt,D14,0,12.0,0,1,0,0,0
tree,train,SE02/D14_SE02_R03.txt,D14,0,12.0,0,0,0,0,0
tree,train,SE02/D14_SE02_R04.txt,D14,0,12.0,0,0,0,0,0
tree,train,SE02/D14_SE02_R05.txt,D14,0,12.0,0,0,0,0,0
tree,train,SE02/D15_SE02_R01.txt,D15,0,12.0,0,0,0,0,0
tree,train,SE02/D15_SE02_R02.txt,D15,0,12.0,0,0,0,0,0
tree,train,SE02/D15_SE02_R03.txt,D15,0,12.0,0,0,0,0,0
tree,train,SE02/D15_SE02_R04.txt,D15,0,12.0,0,0,0,0,0
tree,train,SE02/D15_SE02_R05.txt,D15,0,12.0,0,0,0,0,0
tree,train,SE02/D16_SE02_R01.txt,D16,0,11.995,0,0,0,0,0
tree,train,SE02/D16_SE02_R02.txt,D16,0,12.005,0,0,0,0,0
tree,train,SE02/D16_SE02_R03.txt,D16,0,12.005,0,0,0,0,0
tree,train,SE02/D16_SE02_R04.txt,D16,0,11.995,0,0,0,0,0
tree,train,SE02/D16_SE02_R05.txt,D16,0,12.0,0,0,0,0,0
tree,train,SE02/D17_SE02_R01.txt,D17,0,16.02,0,0,0,0,0
tree,train,SE02/D17_SE02_R02.txt,D17,0,16.02,0,0,0,0,0
tree,train,SE02/D17_SE02_R03.txt,D17,0,16.025,0,0,0,0,0
tree,train,SE02/D17_SE02_R04.txt,D17,0,16.02,0,0,0,0,0
tree,train,SE02/D17_SE02_R05.txt,D17,0,18.035,0,0,0,0,0
tree,train,SE03/D01_SE03_R01.txt,D01,0,99.995,0,0,0,0,0
tree,train,SE03/D02_SE03_R01.txt,D02,0,100.005,0,0,0,0,0
tree,train,SE03/D03_SE03_R01.txt,D03,0,100.0,0,0,0,0,0
tree,train,SE03/D04_SE03_R01.txt,D04,0,110.03,0,1,0,0,0
tree,train,SE03/D05_SE03_R01.txt,D05,0,24.995,0,0,0,0,0
tree,train,SE03/D05_SE03_R02.txt,D05,0,25.0,0,0,0,0,0
tree,train,SE03/D05_SE03_R03.txt,D05,0,24.995,0,0,0,0,0
tree,train,SE03/D05_SE03_R04.txt,D05,0,25.005,0,0,0,0,0
tree,train,SE03/D05_SE03_R05.txt,D05,0,25.0,0,0,0,0,0
tree,train,SE03/D07_SE03_R01.txt,D07,0,12.0,0,0,0,0,0
tree,train,SE03/D07_SE03_R02.txt,D07,0,12.0,0,0,0,0,0
tree,train,SE03/D07_SE03_R03.txt,D07,0,12.0,0,0,0,0,0
tree,train,SE03/D07_SE03_R04.txt,D07,0,12.0,0,0,0,0,0
tree,train,SE03/D07_SE03_R05.txt,D07,0,12.0,0,0,0,0,0
tree,train,SE03/D08_SE03_R01.txt,D08,0,12.0,0,0,0,0,0
tree,train,SE03/D08_SE03_R02.txt,D08,0,12.0,0,0,0,0,0
tree,train,SE03/D08_SE03_R03.txt,D08,0,11.995,0,0,0,0,0
tree,train,SE03/D08_SE03_R04.txt,D08,0,12.0,0,0,0,0,0
tree,train,SE03/D08_SE03_R05.txt,D08,0,12.0,0,0,0,0,0
tree,train,SE03/D09_SE03_R01.txt,D09,0,12.005,0,0,0,0,0
tree,train,SE03/D09_SE03_R02.txt,D09,0,12.0,0,0,0,0,0
tree,train,SE03/D09_SE03_R03.txt,D09,0,12.0,0,0,0,0,0
tree,train,SE03/D09_SE03_R04.txt,D09,0,12.0,0,0,0,0,0
tree,train,SE03/D09_SE03_R05.txt,D09,0,12.0,0,0,0,0,0
tree,train,SE03/D10_SE03_R01.txt,D10,0,12.0,0,0,0,0,0
tree,train,SE03/D10_SE03_R02.txt,D10,0,11.995,0,0,0,0,0
tree,train,SE03/D10_SE03_R03.txt,D10,0,11.995,0,0,0,0,0
tree,train,SE03/D10_SE03_R04.txt,D10,0,12.005,0,0,0,0,0
tree,train,SE03/D10_SE03_R05.txt,D10,0,12.0,0,0,0,0,0
tree,train,SE03/D11_SE03_R01.txt,D11,0,11.995,0,0,0,0,0
tree,train,SE03/D11_SE03_R02.txt,D11,0,12.005,0,0,0,0,0
tree,train,SE03/D11_SE03_R03.txt,D11,0,12.0,0,0,0,0,0
tree,train,SE03/D11_SE03_R04.txt,D11,0,12.0,0,0,0,0,0
tree,train,SE03/D11_SE03_R05.txt,D11,0,12.0,0,0,0,0,0
tree,train,SE03/D12_SE03_R01.txt,D12,0,12.0,0,0,0,0,0
tree,train,SE03/D12_SE03_R02.txt,D12,0,12.0,0,0,0,0,0
tree,train,SE03/D12_SE03_R03.txt,D12,0,12.0,0,0,0,0,0
tree,train,SE03/D12_SE03_R04.txt,D12,0,12.0,0,0,0,0,0
tree,train,SE03/D12_SE03_R05.txt,D12,0,12.0,0,0,0,0,0
tree,train,SE03/D14_SE03_R01.txt,D14,0,12.0,0,0,0,0,0
tree,train,SE03/D14_SE03_R02.txt,D14,0,12.0,0,0,0,0,0
tree,train,SE03/D14_SE03_R03.txt,D14,0,12.0,0,0,0,0,0
tree,train,SE03/D14_SE03_R04.txt,D14,0,12.0,0,0,0,0,0
tree,train,SE03/D14_SE03_R05.txt,D14,0,12.0,0,0,0,0,0
tree,train,SE03/D15_SE03_R01.txt,D15,0,12.0,0,0,0,0,0
tree,train,SE03/D15_SE03_R02.txt,D15,0,12.0,0,0,0,0,0
tree,train,SE03/D15_SE03_R03.txt,D15,0,12.0,0,0,0,0,0
tree,train,SE03/D15_SE03_R04.txt,D15,0,12.0,0,0,0,0,0
tree,train,SE03/D15_SE03_R05.txt,D15,0,12.0,0,0,0,0,0
tree,train,SE03/D16_SE03_R01.txt,D16,0,12.0,0,0,0,0,0
tree,train,SE03/D16_SE03_R02.txt,D16,0,12.0,0,0,0,0,0
tree,train,SE03/D16_SE03_R03.txt,D16,0,12.0,0,0,0,0,0
tree,train,SE03/D16_SE03_R04.txt,D16,0,12.0,0,0,0,0,0
tree,train,SE03/D16_SE03_R05.txt,D16,0,12.0,0,0,0,0,0
tree,train,SE03/D17_SE03_R01.txt,D17,0,23.03,0,0,0,0,0
tree,train,SE03/D17_SE03_R02.txt,D17,0,21.025,0,0,0,0,0
tree,train,SE03/D17_SE03_R03.txt,D17,0,25.025,0,0,0,0,0
tree,train,SE03/D17_SE03_R04.txt,D17,0,25.055,0,0,0,0,0
tree,train,SE03/D17_SE03_R05.txt,D17,0,24.03,0,0,0,0,0
tree,train,SE05/D01_SE05_R01.txt,D01,0,99.995,0,0,0,0,0
tree,train,SE05/D02_SE05_R01.txt,D02,0,100.005,0,0,0,0,0
tree,train,SE05/D03_SE05_R01.txt,D03,0,100.0,0,0,0,0,0
tree,train,SE05/D04_SE05_R01.txt,D04,0,100.0,0,1,0,0,0
tree,train,SE05/D05_SE05_R01.txt,D05,0,25.005,0,0,0,0,0
tree,train,SE05/D05_SE05_R02.txt,D05,0,25.0,0,0,0,0,0
tree,train,SE05/D05_SE05_R03.txt,D05,0,25.0,0,0,0,0,0
tree,train,SE05/D05_SE05_R04.txt,D05,0,25.0,0,0,0,0,0
tree,train,SE05/D05_SE05_R05.txt,D05,0,25.0,0,0,0,0,0
tree,train,SE05/D07_SE05_R01.txt,D07,0,11.995,0,0,0,0,0
tree,train,SE05/D07_SE05_R02.txt,D07,0,12.0,0,0,0,0,0
tree,train,SE05/D07_SE05_R03.txt,D07,0,12.0,0,0,0,0,0
tree,train,SE05/D07_SE05_R04.txt,D07,0,12.0,0,0,0,0,0
tree,train,SE05/D07_SE05_R05.txt,D07,0,11.995,0,0,0,0,0
tree,train,SE05/D08_SE05_R01.txt,D08,0,12.0,0,0,0,0,0
tree,train,SE05/D08_SE05_R02.txt,D08,0,12.0,0,0,0,0,0
tree,train,SE05/D08_SE05_R03.txt,D08,0,12.005,0,0,0,0,0
tree,train,SE05/D08_SE05_R04.txt,D08,0,12.0,0,0,0,0,0
tree,train,SE05/D08_SE05_R05.txt,D08,0,12.0,0,0,0,0,0
tree,train,SE05/D09_SE05_R01.txt,D09,0,12.0,0,0,0,0,0
tree,train,SE05/D09_SE05_R02.txt,D09,0,12.0,0,0,0,0,0
tree,train,SE05/D09_SE05_R03.txt,D09,0,12.0,0,0,0,0,0
tree,train,SE05/D09_SE05_R04.txt,D09,0,12.0,0,0,0,0,0
tree,train,SE05/D09_SE05_R05.txt,D09,0,12.0,0,0,0,0,0
tree,train,SE05/D10_SE05_R01.txt,D10,0,12.0,0,0,0,0,0
tree,train,SE05/D10_SE05_R02.txt,D10,0,12.0,0,0,0,0,0
tree,train,SE05/D10_SE05_R03.txt,D10,0,12.0,0,0,0,0,0
tree,train,SE05/D10_SE05_R04.txt,D10,0,12.0,0,0,0,0,0
tree,train,SE05/D10_SE05_R05.txt,D10,0,12.0,0,0,0,0,0
tree,train,SE05/D11_SE05_R01.txt,D11,0,11.995,0,0,0,0,0
tree,train,SE05/D11_SE05_R02.txt,D11,0,12.0,0,0,0,0,0
tree,train,SE05/D11_SE05_R03.txt,D11,0,12.0,0,0,0,0,0
tree,train,SE05/D11_SE05_R04.txt,D11,0,12.0,0,0,0,0,0
tree,train,SE05/D11_SE05_R05.txt,D11,0,12.0,0,0,0,0,0
tree,train,SE05/D12_SE05_R01.txt,D12,0,12.0,0,0,0,0,0
tree,train,SE05/D12_SE05_R02.txt,D12,0,12.0,0,0,0,0,0
tree,train,SE05/D12_SE05_R03.txt,D12,0,12.0,0,0,0,0,0
tree,train,SE05/D12_SE05_R04.txt,D12,0,12.0,0,0,0,0,0
tree,train,SE05/D12_SE05_R05.txt,D12,0,12.0,0,0,0,0,0
tree,train,SE05/D14_SE05_R01.txt,D14,0,12.0,0,0,0,0,0
tree,train,SE05/D14_SE05_R02.txt,D14,0,12.0,0,0,0,0,0
tree,train,SE05/D14_SE05_R03.txt,D14,0,12.0,0,0,0,0,0
tree,train,SE05/D14_SE05_R04.txt,D14,0,12.0,0,0,0,0,0
tree,train,SE05/D14_SE05_R05.txt,D14,0,12.0,0,0,0,0,0
tree,train,SE05/D15_SE05_R01.txt,D15,0,12.0,0,0,0,0,0
tree,train,SE05/D15_SE05_R02.txt,D15,0,12.0,0,0,0,0,0
tree,train,SE05/D15_SE05_R03.txt,D15,0,12.0,0,0,0,0,0
tree,train,SE05/D15_SE05_R04.txt,D15,0,12.0,0,0,0,0,0
tree,train,SE05/D15_SE05_R05.txt,D15,0,12.0,0,0,0,0,0
tree,train,SE05/D16_SE05_R01.txt,D16,0,11.995,0,0,0,0,0
tree,train,SE05/D16_SE05_R02.txt,D16,0,12.0,0,0,0,0,0
tree,train,SE05/D16_SE05_R03.txt,D16,0,12.0,0,0,0,0,0
tree,train,SE05/D16_SE05_R04.txt,D16,0,12.0,0,0,0,0,0
tree,train,SE05/D16_SE05_R05.txt,D16,0,12.0,0,0,0,0,0
tree,train,SE05/D17_SE05_R01.txt,D17,0,20.03,0,0,0,0,0
tree,train,SE05/D17_SE05_R02.txt,D17,0,25.035,0,0,0,0,0
tree,train,SE05/D17_SE05_R03.txt,D17,0,17.02,0,0,0,0,0
tree,train,SE05/D17_SE05_R04.txt,D17,0,17.025,0,0,0,0,0
tree,train,SE05/D17_SE05_R05.txt,D17,0,19.02,0,0,0,0,0
tree,train,SE06/D01_SE06_R01.txt,D01,0,99.995,0,0,0,0,0
tree,train,SE06/D02_SE06_R01.txt,D02,0,100.0,0,0,0,0,0
tree,train,SE06/D03_SE06_R01.txt,D03,0,99.995,0,0,0,0,0
tree,train,SE06/D04_SE06_R01.txt,D04,0,100.0,0,3,0,0,0
tree,train,SE06/D05_SE06_R01.txt,D05,0,25.0,0,0,0,0,0
tree,train,SE06/D05_SE06_R02.txt,D05,0,25.0,0,0,0,0,0
tree,train,SE06/D05_SE06_R03.txt,D05,0,25.0,0,0,0,0,0
tree,train,SE06/D05_SE06_R04.txt,D05,0,25.0,0,0,0,0,0
tree,train,SE06/D05_SE06_R05.txt,D05,0,25.0,0,0,0,0,0
tree,train,SE06/D06_SE06_R01.txt,D06,0,24.995,0,0,0,0,0
tree,train,SE06/D06_SE06_R02.txt,D06,0,25.0,0,0,0,0,0
tree,train,SE06/D06_SE06_R03.txt,D06,0,25.0,0,0,0,0,0
tree,train,SE06/D06_SE06_R04.txt,D06,0,25.0,0,0,0,0,0
tree,train,SE06/D06_SE06_R05.txt,D06,0,25.0,0,0,0,0,0
tree,train,SE06/D07_SE06_R01.txt,D07,0,11.995,0,0,0,0,0
tree,train,SE06/D07_SE06_R02.txt,D07,0,12.0,0,0,0,0,0
tree,train,SE06/D07_SE06_R03.txt,D07,0,12.0,0,0,0,0,0
tree,train,SE06/D07_SE06_R04.txt,D07,0,12.0,0,0,0,0,0
tree,train,SE06/D07_SE06_R05.txt,D07,0,12.0,0,0,0,0,0
tree,train,SE06/D08_SE06_R01.txt,D08,0,12.0,0,0,0,0,0
tree,train,SE06/D08_SE06_R02.txt,D08,0,12.0,0,0,0,0,0
tree,train,SE06/D08_SE06_R03.txt,D08,0,12.0,0,0,0,0,0
tree,train,SE06/D08_SE06_R04.txt,D08,0,12.0,0,0,0,0,0
tree,train,SE06/D08_SE06_R05.txt,D08,0,12.0,0,0,0,0,0
tree,train,SE06/D09_SE06_R01.txt,D09,0,12.0,0,0,0,0,0
tree,train,SE06/D09_SE06_R02.txt,D09,0,12.0,0,0,0,0,0
tree,train,SE06/D09_SE06_R03.txt,D09,0,12.0,0,0,0,0,0
tree,train,SE06/D09_SE06_R04.txt,D09,0,12.0,0,0,0,0,0
tree,train,SE06/D09_SE06_R05.txt,D09,0,12.0,0,0,0,0,0
tree,train,SE06/D10_SE06_R01.txt,D10,0,12.0,0,0,0,0,0
tree,train,SE06/D10_SE06_R02.txt,D10,0,12.0,0,0,0,0,0
tree,train,SE06/D10_SE06_R03.txt,D10,0,12.0,0,0,0,0,0
tree,train,SE06/D10_SE06_R04.txt,D10,0,12.0,0,0,0,0,0
tree,train,SE06/D10_SE06_R05.txt,D10,0,12.0,0,0,0,0,0
tree,train,SE06/D11_SE06_R01.txt,D11,0,12.02,0,0,0,0,0
tree,train,SE06/D11_SE06_R02.txt,D11,0,12.0,0,0,0,0,0
tree,train,SE06/D11_SE06_R03.txt,D11,0,12.0,0,0,0,0,0
tree,train,SE06/D11_SE06_R04.txt,D11,0,12.0,0,0,0,0,0
tree,train,SE06/D11_SE06_R05.txt,D11,0,12.0,0,0,0,0,0
tree,train,SE06/D12_SE06_R01.txt,D12,0,12.0,0,0,0,0,0
tree,train,SE06/D12_SE06_R02.txt,D12,0,12.0,0,0,0,0,0
tree,train,SE06/D12_SE06_R03.txt,D12,0,12.0,0,0,0,0,0
tree,train,SE06/D12_SE06_R04.txt,D12,0,12.0,0,0,0,0,0
tree,train,SE06/D12_SE06_R05.txt,D12,0,12.0,0,0,0,0,0
tree,train,SE06/D13_SE06_R01.txt,D13,0,12.0,0,0,0,0,0
tree,train,SE06/D13_SE06_R02.txt,D13,0,12.0,0,0,0,0,0
tree,train,SE06/D13_SE06_R03.txt,D13,0,12.0,0,0,0,0,0
tree,train,SE06/D13_SE06_R04.txt,D13,0,12.0,0,0,0,0,0
tree,train,SE06/D13_SE06_R05.txt,D13,0,12.0,0,0,0,0,0
tree,train,SE06/D14_SE06_R01.txt,D14,0,12.0,0,0,0,0,0
tree,train,SE06/D14_SE06_R02.txt,D14,0,12.0,0,0,0,0,0
tree,train,SE06/D14_SE06_R03.txt,D14,0,12.0,0,0,0,0,0
tree,train,SE06/D14_SE06_R04.txt,D14,0,12.0,0,0,0,0,0
tree,train,SE06/D14_SE06_R05.txt,D14,0,12.0,0,0,0,0,0
tree,train,SE06/D15_SE06_R01.txt,D15,0,12.0,0,0,0,0,0
tree,train,SE06/D15_SE06_R02.txt,D15,0,12.0,0,0,0,0,0
tree,train,SE06/D15_SE06_R03.txt,D15,0,12.0,0,0,0,0,0
tree,train,SE06/D15_SE06_R04.txt,D15,0,12.0,0,0,0,0,0
tree,train,SE06/D15_SE06_R05.txt,D15,0,12.0,0,0,0,0,0
tree,train,SE06/D16_SE06_R01.txt,D16,0,11.995,0,0,0,0,0
tree,train,SE06/D16_SE06_R02.txt,D16,0,12.0,0,0,0,0,0
tree,train,SE06/D16_SE06_R03.txt,D16,0,12.0,0,0,0,0,0
tree,train,SE06/D16_SE06_R04.txt,D16,0,12.0,0,0,0,0,0
tree,train,SE06/D16_SE06_R05.txt,D16,0,12.0,0,0,0,0,0
tree,train,SE06/D17_SE06_R01.txt,D17,0,24.995,0,0,0,0,0
tree,train,SE06/D17_SE06_R02.txt,D17,0,25.0,0,0,0,0,0
tree,train,SE06/D17_SE06_R03.txt,D17,0,25.0,0,0,0,0,0
tree,train,SE06/D17_SE06_R04.txt,D17,0,25.0,0,0,0,0,0
tree,train,SE06/D17_SE06_R05.txt,D17,0,25.0,0,0,0,0,0
tree,train,SE06/D18_SE06_R01.txt,D18,0,12.0,0,0,0,0,0
tree,train,SE06/D18_SE06_R02.txt,D18,0,12.0,0,1,0,0,0
tree,train,SE06/D18_SE06_R03.txt,D18,0,12.0,0,1,0,0,0
tree,train,SE06/D18_SE06_R04.txt,D18,0,12.0,0,0,0,0,0
tree,train,SE06/D18_SE06_R05.txt,D18,0,12.0,0,0,0,0,0
tree,train,SE06/D19_SE06_R01.txt,D19,0,12.0,0,0,0,0,0
tree,train,SE06/D19_SE06_R02.txt,D19,0,12.0,0,0,0,0,0
tree,train,SE06/D19_SE06_R03.txt,D19,0,12.0,0,0,0,0,0
tree,train,SE06/D19_SE06_R04.txt,D19,0,12.0,0,0,0,0,0
tree,train,SE06/D19_SE06_R05.txt,D19,0,12.0,0,0,0,0,0
tree,train,SE06/F01_SE06_R01.txt,F01,1,15.0,1,0,0,0,1
tree,train,SE06/F01_SE06_R02.txt,F01,1,15.0,1,1,1,0,0
tree,train,SE06/F01_SE06_R03.txt,F01,1,15.0,1,0,0,0,1
tree,train,SE06/F01_SE06_R04.txt,F01,1,15.0,1,1,1,0,0
tree,train,SE06/F01_SE06_R05.txt,F01,1,15.0,1,1,1,0,0
tree,train,SE06/F02_SE06_R01.txt,F02,1,15.0,1,1,1,0,0
tree,train,SE06/F02_SE06_R02.txt,F02,1,15.0,1,1,1,0,0
tree,train,SE06/F02_SE06_R03.txt,F02,1,15.0,1,1,1,0,0
tree,train,SE06/F02_SE06_R04.txt,F02,1,15.0,1,2,1,0,0
tree,train,SE06/F02_SE06_R05.txt,F02,1,15.0,1,0,0,0,1
tree,train,SE06/F03_SE06_R01.txt,F03,1,15.0,1,1,1,0,0
tree,train,SE06/F03_SE06_R02.txt,F03,1,15.0,1,1,1,0,0
tree,train,SE06/F03_SE06_R03.txt,F03,1,15.0,1,1,1,0,0
tree,train,SE06/F03_SE06_R04.txt,F03,1,15.0,1,1,1,0,0
tree,train,SE06/F03_SE06_R05.txt,F03,1,15.0,1,1,1,0,0
tree,train,SE06/F04_SE06_R01.txt,F04,1,15.0,1,1,1,0,0
tree,train,SE06/F04_SE06_R02.txt,F04,1,15.0,1,1,1,0,0
tree,train,SE06/F04_SE06_R03.txt,F04,1,15.0,1,1,1,0,0
tree,train,SE06/F04_SE06_R04.txt,F04,1,15.0,1,1,1,0,0
tree,train,SE06/F04_SE06_R05.txt,F04,1,15.0,1,1,1,0,0
tree,train,SE06/F05_SE06_R01.txt,F05,1,15.0,1,1,1,0,0
tree,train,SE06/F05_SE06_R02.txt,F05,1,15.0,1,1,0,0,1
tree,train,SE06/F05_SE06_R03.txt,F05,1,15.0,1,1,1,0,0
tree,train,SE06/F05_SE06_R04.txt,F05,1,15.0,1,2,1,0,0
tree,train,SE06/F05_SE06_R05.txt,F05,1,15.0,1,1,1,0,0
tree,train,SE06/F06_SE06_R01.txt,F06,1,14.995,1,1,1,0,0
tree,train,SE06/F06_SE06_R02.txt,F06,1,15.0,1,1,1,0,0
tree,train,SE06/F06_SE06_R03.txt,F06,1,15.0,1,1,1,0,0
tree,train,SE06/F06_SE06_R04.txt,F06,1,15.0,1,1,1,0,0
tree,train,SE06/F06_SE06_R05.txt,F06,1,15.0,1,1,1,0,0
tree,train,SE06/F07_SE06_R01.txt,F07,1,15.0,1,1,1,0,0
tree,train,SE06/F07_SE06_R02.txt,F07,1,15.0,1,1,1,0,0
tree,train,SE06/F07_SE06_R03.txt,F07,1,15.0,1,1,1,0,0
tree,train,SE06/F07_SE06_R04.txt,F07,1,15.0,1,0,0,0,1
tree,train,SE06/F07_SE06_R05.txt,F07,1,14.995,1,0,0,0,1
tree,train,SE06/F08_SE06_R01.txt,F08,1,15.0,1,1,1,0,0
tree,train,SE06/F08_SE06_R02.txt,F08,1,15.0,1,1,1,0,0
tree,train,SE06/F08_SE06_R03.txt,F08,1,15.0,1,1,1,0,0
tree,train,SE06/F08_SE06_R04.txt,F08,1,15.0,1,1,1,0,0
tree,train,SE06/F08_SE06_R05.txt,F08,1,15.0,1,1,1,0,0
tree,train,SE06/F09_SE06_R01.txt,F09,1,14.995,1,1,1,0,0
tree,train,SE06/F09_SE06_R02.txt,F09,1,15.0,1,1,1,0,0
tree,train,SE06/F09_SE06_R03.txt,F09,1,15.0,1,1,1,0,0
tree,train,SE06/F09_SE06_R04.txt,F09,1,15.0,1,1,1,0,0
tree,train,SE06/F09_SE06_R05.txt,F09,1,15.0,1,1,1,0,0
tree,train,SE06/F10_SE06_R01.txt,F10,1,15.0,1,0,0,0,1
tree,train,SE06/F10_SE06_R02.txt,F10,1,15.0,0,0,0,1,0
tree,train,SE06/F10_SE06_R03.txt,F10,1,15.0,1,0,0,0,1
tree,train,SE06/F10_SE06_R04.txt,F10,1,15.0,0,0,0,1,0
tree,train,SE06/F10_SE06_R05.txt,F10,1,15.0,1,1,1,0,0
tree,train,SE06/F11_SE06_R01.txt,F11,1,14.995,1,1,1,0,0
tree,train,SE06/F11_SE06_R02.txt,F11,1,15.0,1,2,1,0,0
tree,train,SE06/F11_SE06_R03.txt,F11,1,15.0,1,1,1,0,0
tree,train,SE06/F11_SE06_R04.txt,F11,1,15.0,1,1,1,0,0
tree,train,SE06/F11_SE06_R05.txt,F11,1,14.995,1,1,1,0,0
tree,train,SE06/F12_SE06_R01.txt,F12,1,15.0,1,1,1,0,0
tree,train,SE06/F12_SE06_R02.txt,F12,1,15.0,1,0,0,0,1
tree,train,SE06/F12_SE06_R03.txt,F12,1,15.0,1,1,1,0,0
tree,train,SE06/F12_SE06_R04.txt,F12,1,15.0,1,1,1,0,0
tree,train,SE06/F12_SE06_R05.txt,F12,1,15.0,1,1,1,0,0
tree,train,SE06/F13_SE06_R01.txt,F13,1,15.0,1,0,0,0,1
tree,train,SE06/F13_SE06_R02.txt,F13,1,14.995,1,0,0,0,1
tree,train,SE06/F13_SE06_R03.txt,F13,1,15.0,1,1,1,0,0
tree,train,SE06/F13_SE06_R04.txt,F13,1,15.0,1,0,0,0,1
tree,train,SE06/F13_SE06_R05.txt,F13,1,15.0,1,0,0,0,1
tree,train,SE06/F14_SE06_R01.txt,F14,1,15.0,1,0,0,0,1
tree,train,SE06/F14_SE06_R02.txt,F14,1,15.0,1,1,1,0,0
tree,train,SE06/F14_SE06_R03.txt,F14,1,15.0,1,0,0,0,1
tree,train,SE06/F14_SE06_R04.txt,F14,1,15.0,1,1,1,0,0
tree,train,SE06/F14_SE06_R05.txt,F14,1,15.0,1,1,1,0,0
tree,train,SE06/F15_SE06_R01.txt,F15,1,15.0,1,1,1,0,0
tree,train,SE06/F15_SE06_R02.txt,F15,1,15.0,1,1,1,0,0
tree,train,SE06/F15_SE06_R03.txt,F15,1,15.0,1,1,1,0,0
tree,train,SE06/F15_SE06_R04.txt,F15,1,15.0,1,1,1,0,0
tree,train,SE06/F15_SE06_R05.txt,F15,1,15.0,1,1,1,0,0
tree,train,SE07/D01_SE07_R01.txt,D01,0,99.995,0,0,0,0,0
tree,train,SE07/D02_SE07_R01.txt,D02,0,99.995,0,0,0,0,0
tree,train,SE07/D03_SE07_R01.txt,D03,0,99.975,0,3,0,0,0
tree,train,SE07/D04_SE07_R01.txt,D04,0,99.985,0,26,0,0,0
tree,train,SE07/D05_SE07_R01.txt,D05,0,24.995,0,0,0,0,0
tree,train,SE07/D05_SE07_R02.txt,D05,0,24.995,0,0,0,0,0
tree,train,SE07/D05_SE07_R03.txt,D05,0,24.995,0,0,0,0,0
tree,train,SE07/D05_SE07_R04.txt,D05,0,24.995,0,0,0,0,0
tree,train,SE07/D05_SE07_R05.txt,D05,0,24.995,0,0,0,0,0
tree,train,SE07/D07_SE07_R01.txt,D07,0,12.0,0,0,0,0,0
tree,train,SE07/D07_SE07_R02.txt,D07,0,12.0,0,0,0,0,0
tree,train,SE07/D07_SE07_R03.txt,D07,0,12.0,0,0,0,0,0
tree,train,SE07/D07_SE07_R04.txt,D07,0,12.0,0,0,0,0,0
tree,train,SE07/D07_SE07_R05.txt,D07,0,12.0,0,0,0,0,0
tree,train,SE07/D08_SE07_R01.txt,D08,0,12.0,0,0,0,0,0
tree,train,SE07/D08_SE07_R02.txt,D08,0,12.0,0,0,0,0,0
tree,train,SE07/D08_SE07_R03.txt,D08,0,11.995,0,0,0,0,0
tree,train,SE07/D08_SE07_R04.txt,D08,0,12.0,0,0,0,0,0
tree,train,SE07/D08_SE07_R05.txt,D08,0,12.0,0,0,0,0,0
tree,train,SE07/D09_SE07_R01.txt,D09,0,12.0,0,0,0,0,0
tree,train,SE07/D09_SE07_R02.txt,D09,0,12.0,0,0,0,0,0
tree,train,SE07/D09_SE07_R03.txt,D09,0,12.0,0,0,0,0,0
tree,train,SE07/D09_SE07_R04.txt,D09,0,12.0,0,0,0,0,0
tree,train,SE07/D09_SE07_R05.txt,D09,0,12.0,0,0,0,0,0
tree,train,SE07/D10_SE07_R01.txt,D10,0,12.0,0,0,0,0,0
tree,train,SE07/D10_SE07_R02.txt,D10,0,12.0,0,0,0,0,0
tree,train,SE07/D10_SE07_R03.txt,D10,0,12.0,0,0,0,0,0
tree,train,SE07/D10_SE07_R04.txt,D10,0,12.0,0,0,0,0,0
tree,train,SE07/D10_SE07_R05.txt,D10,0,12.0,0,0,0,0,0
tree,train,SE07/D11_SE07_R01.txt,D11,0,12.0,0,0,0,0,0
tree,train,SE07/D11_SE07_R02.txt,D11,0,12.0,0,0,0,0,0
tree,train,SE07/D11_SE07_R03.txt,D11,0,12.0,0,0,0,0,0
tree,train,SE07/D11_SE07_R04.txt,D11,0,12.0,0,0,0,0,0
tree,train,SE07/D11_SE07_R05.txt,D11,0,12.0,0,0,0,0,0
tree,train,SE07/D12_SE07_R01.txt,D12,0,12.0,0,0,0,0,0
tree,train,SE07/D12_SE07_R02.txt,D12,0,12.0,0,0,0,0,0
tree,train,SE07/D12_SE07_R03.txt,D12,0,12.0,0,0,0,0,0
tree,train,SE07/D12_SE07_R04.txt,D12,0,12.0,0,0,0,0,0
tree,train,SE07/D12_SE07_R05.txt,D12,0,12.0,0,0,0,0,0
tree,train,SE07/D14_SE07_R01.txt,D14,0,12.0,0,0,0,0,0
tree,train,SE07/D14_SE07_R02.txt,D14,0,12.0,0,0,0,0,0
tree,train,SE07/D14_SE07_R03.txt,D14,0,12.0,0,0,0,0,0
tree,train,SE07/D14_SE07_R04.txt,D14,0,12.0,0,0,0,0,0
tree,train,SE07/D14_SE07_R05.txt,D14,0,12.0,0,0,0,0,0
tree,train,SE07/D15_SE07_R01.txt,D15,0,12.0,0,0,0,0,0
tree,train,SE07/D15_SE07_R02.txt,D15,0,12.0,0,0,0,0,0
tree,train,SE07/D15_SE07_R03.txt,D15,0,12.0,0,0,0,0,0
tree,train,SE07/D15_SE07_R04.txt,D15,0,12.0,0,0,0,0,0
tree,train,SE07/D15_SE07_R05.txt,D15,0,12.0,0,0,0,0,0
tree,train,SE07/D16_SE07_R01.txt,D16,0,12.0,0,0,0,0,0
tree,train,SE07/D16_SE07_R02.txt,D16,0,12.0,0,0,0,0,0
tree,train,SE07/D16_SE07_R03.txt,D16,0,12.0,0,0,0,0,0
tree,train,SE07/D16_SE07_R04.txt,D16,0,12.0,0,0,0,0,0
tree,train,SE07/D16_SE07_R05.txt,D16,0,12.0,0,0,0,0,0
tree,train,SE07/D17_SE07_R01.txt,D17,0,24.995,0,0,0,0,0
tree,train,SE07/D17_SE07_R02.txt,D17,0,24.995,0,0,0,0,0
tree,train,SE07/D17_SE07_R03.txt,D17,0,24.995,0,0,0,0,0
tree,train,SE07/D17_SE07_R04.txt,D17,0,24.995,0,0,0,0,0
tree,train,SE07/D17_SE07_R05.txt,D17,0,24.995,0,0,0,0,0
tree,train,SE10/D01_SE10_R01.txt,D01,0,99.995,0,0,0,0,0
tree,train,SE10/D02_SE10_R01.txt,D02,0,100.0,0,0,0,0,0
tree,train,SE10/D03_SE10_R01.txt,D03,0,100.0,0,1,0,0,0
tree,train,SE10/D04_SE10_R01.txt,D04,0,100.0,0,1,0,0,0
tree,train,SE10/D05_SE10_R01.txt,D05,0,25.0,0,0,0,0,0
tree,train,SE10/D05_SE10_R02.txt,D05,0,25.0,0,0,0,0,0
tree,train,SE10/D05_SE10_R03.txt,D05,0,25.0,0,0,0,0,0
tree,train,SE10/D05_SE10_R04.txt,D05,0,25.0,0,0,0,0,0
tree,train,SE10/D05_SE10_R05.txt,D05,0,25.0,0,0,0,0,0
tree,train,SE10/D07_SE10_R01.txt,D07,0,12.0,0,0,0,0,0
tree,train,SE10/D07_SE10_R02.txt,D07,0,11.995,0,0,0,0,0
tree,train,SE10/D07_SE10_R03.txt,D07,0,12.0,0,0,0,0,0
tree,train,SE10/D07_SE10_R04.txt,D07,0,12.0,0,0,0,0,0
tree,train,SE10/D07_SE10_R05.txt,D07,0,12.0,0,0,0,0,0
tree,train,SE10/D08_SE10_R01.txt,D08,0,12.0,0,0,0,0,0
tree,train,SE10/D08_SE10_R02.txt,D08,0,12.0,0,0,0,0,0
tree,train,SE10/D08_SE10_R03.txt,D08,0,12.0,0,0,0,0,0
tree,train,SE10/D08_SE10_R04.txt,D08,0,12.0,0,0,0,0,0
tree,train,SE10/D08_SE10_R05.txt,D08,0,12.0,0,0,0,0,0
tree,train,SE10/D09_SE10_R01.txt,D09,0,12.0,0,0,0,0,0
tree,train,SE10/D09_SE10_R02.txt,D09,0,12.0,0,0,0,0,0
tree,train,SE10/D09_SE10_R03.txt,D09,0,12.0,0,0,0,0,0
tree,train,SE10/D09_SE10_R04.txt,D09,0,12.0,0,0,0,0,0
tree,train,SE10/D09_SE10_R05.txt,D09,0,12.0,0,0,0,0,0
tree,train,SE10/D10_SE10_R01.txt,D10,0,12.0,0,0,0,0,0
tree,train,SE10/D10_SE10_R02.txt,D10,0,12.0,0,0,0,0,0
tree,train,SE10/D10_SE10_R03.txt,D10,0,12.0,0,0,0,0,0
tree,train,SE10/D10_SE10_R04.txt,D10,0,12.0,0,0,0,0,0
tree,train,SE10/D10_SE10_R05.txt,D10,0,12.0,0,0,0,0,0
tree,train,SE10/D11_SE10_R01.txt,D11,0,11.995,0,0,0,0,0
tree,train,SE10/D11_SE10_R02.txt,D11,0,12.0,0,0,0,0,0
tree,train,SE10/D11_SE10_R03.txt,D11,0,12.0,0,0,0,0,0
tree,train,SE10/D11_SE10_R04.txt,D11,0,12.0,0,0,0,0,0
tree,train,SE10/D11_SE10_R05.txt,D11,0,12.0,0,0,0,0,0
tree,train,SE10/D12_SE10_R01.txt,D12,0,12.0,0,0,0,0,0
tree,train,SE10/D12_SE10_R02.txt,D12,0,12.0,0,0,0,0,0
tree,train,SE10/D12_SE10_R03.txt,D12,0,12.0,0,0,0,0,0
tree,train,SE10/D12_SE10_R04.txt,D12,0,12.0,0,0,0,0,0
tree,train,SE10/D12_SE10_R05.txt,D12,0,12.0,0,0,0,0,0
tree,train,SE10/D14_SE10_R01.txt,D14,0,12.0,0,0,0,0,0
tree,train,SE10/D14_SE10_R02.txt,D14,0,12.0,0,0,0,0,0
tree,train,SE10/D14_SE10_R03.txt,D14,0,12.0,0,0,0,0,0
tree,train,SE10/D14_SE10_R04.txt,D14,0,12.0,0,0,0,0,0
tree,train,SE10/D14_SE10_R05.txt,D14,0,12.0,0,0,0,0,0
tree,train,SE10/D15_SE10_R01.txt,D15,0,12.0,0,0,0,0,0
tree,train,SE10/D15_SE10_R02.txt,D15,0,12.0,0,0,0,0,0
tree,train,SE10/D15_SE10_R03.txt,D15,0,12.0,0,0,0,0,0
tree,train,SE10/D15_SE10_R04.txt,D15,0,12.0,0,0,0,0,0
tree,train,SE10/D15_SE10_R05.txt,D15,0,12.0,0,0,0,0,0
tree,train,SE10/D16_SE10_R01.txt,D16,0,11.995,0,0,0,0,0
tree,train,SE10/D16_SE10_R02.txt,D16,0,12.0,0,0,0,0,0
tree,train,SE10/D16_SE10_R03.txt,D16,0,12.0,0,0,0,0,0
tree,train,SE10/D16_SE10_R04.txt,D16,0,12.0,0,0,0,0,0
tree,train,SE10/D16_SE10_R05.txt,D16,0,12.0,0,0,0,0,0
tree,train,SE10/D17_SE10_R01.txt,D17,0,25.0,0,0,0,0,0
tree,train,SE10/D17_SE10_R02.txt,D17,0,25.0,0,0,0,0,0
tree,train,SE10/D17_SE10_R03.txt,D17,0,25.0,0,0,0,0,0
tree,train,SE10/D17_SE10_R04.txt,D17,0,25.0,0,0,0,0,0
tree,train,SE10/D17_SE10_R05.txt,D17,0,25.0,0,0,0,0,0
tree,train,SE12/D01_SE12_R01.txt,D01,0,99.99,0,0,0,0,0
tree,train,SE12/D02_SE12_R01.txt,D02,0,100.0,0,0,0,0,0
tree,train,SE12/D03_SE12_R01.txt,D03,0,100.0,0,0,0,0,0
tree,train,SE12/D04_SE12_R01.txt,D04,0,99.98,0,3,0,0,0
tree,train,SE12/D05_SE12_R01.txt,D05,0,25.0,0,0,0,0,0
tree,train,SE12/D05_SE12_R02.txt,D05,0,24.965,0,0,0,0,0
tree,train,SE12/D05_SE12_R03.txt,D05,0,25.0,0,0,0,0,0
tree,train,SE12/D05_SE12_R04.txt,D05,0,25.0,0,0,0,0,0
tree,train,SE12/D05_SE12_R05.txt,D05,0,25.0,0,0,0,0,0
tree,train,SE12/D07_SE12_R01.txt,D07,0,11.995,0,0,0,0,0
tree,train,SE12/D07_SE12_R02.txt,D07,0,12.0,0,0,0,0,0
tree,train,SE12/D07_SE12_R03.txt,D07,0,12.0,0,0,0,0,0
tree,train,SE12/D07_SE12_R04.txt,D07,0,12.0,0,0,0,0,0
tree,train,SE12/D07_SE12_R05.txt,D07,0,12.0,0,0,0,0,0
tree,train,SE12/D08_SE12_R01.txt,D08,0,12.0,0,0,0,0,0
tree,train,SE12/D08_SE12_R02.txt,D08,0,12.0,0,0,0,0,0
tree,train,SE12/D08_SE12_R03.txt,D08,0,12.0,0,0,0,0,0
tree,train,SE12/D08_SE12_R04.txt,D08,0,12.0,0,0,0,0,0
tree,train,SE12/D08_SE12_R05.txt,D08,0,12.0,0,0,0,0,0
tree,train,SE12/D09_SE12_R01.txt,D09,0,12.0,0,0,0,0,0
tree,train,SE12/D09_SE12_R02.txt,D09,0,12.0,0,0,0,0,0
tree,train,SE12/D09_SE12_R03.txt,D09,0,12.0,0,0,0,0,0
tree,train,SE12/D09_SE12_R04.txt,D09,0,12.0,0,0,0,0,0
tree,train,SE12/D09_SE12_R05.txt,D09,0,12.0,0,0,0,0,0
tree,train,SE12/D10_SE12_R01.txt,D10,0,12.0,0,0,0,0,0
tree,train,SE12/D10_SE12_R02.txt,D10,0,12.0,0,0,0,0,0
tree,train,SE12/D10_SE12_R03.txt,D10,0,12.0,0,0,0,0,0
tree,train,SE12/D10_SE12_R04.txt,D10,0,12.0,0,0,0,0,0
tree,train,SE12/D10_SE12_R05.txt,D10,0,12.0,0,0,0,0,0
tree,train,SE12/D11_SE12_R01.txt,D11,0,11.995,0,0,0,0,0
tree,train,SE12/D11_SE12_R02.txt,D11,0,12.0,0,0,0,0,0
tree,train,SE12/D11_SE12_R03.txt,D11,0,12.0,0,0,0,0,0
tree,train,SE12/D11_SE12_R04.txt,D11,0,12.0,0,0,0,0,0
tree,train,SE12/D11_SE12_R05.txt,D11,0,12.0,0,0,0,0,0
tree,train,SE12/D12_SE12_R01.txt,D12,0,11.995,0,0,0,0,0
tree,train,SE12/D12_SE12_R02.txt,D12,0,12.0,0,0,0,0,0
tree,train,SE12/D12_SE12_R03.txt,D12,0,12.0,0,0,0,0,0
tree,train,SE12/D12_SE12_R04.txt,D12,0,12.0,0,0,0,0,0
tree,train,SE12/D12_SE12_R05.txt,D12,0,12.0,0,0,0,0,0
tree,train,SE12/D14_SE12_R01.txt,D14,0,12.0,0,0,0,0,0
tree,train,SE12/D14_SE12_R02.txt,D14,0,12.0,0,0,0,0,0
tree,train,SE12/D14_SE12_R03.txt,D14,0,12.0,0,0,0,0,0
tree,train,SE12/D14_SE12_R04.txt,D14,0,12.0,0,2,0,0,0
tree,train,SE12/D14_SE12_R05.txt,D14,0,12.0,0,0,0,0,0
tree,train,SE12/D15_SE12_R01.txt,D15,0,12.0,0,0,0,0,0
tree,train,SE12/D15_SE12_R02.txt,D15,0,12.0,0,0,0,0,0
tree,train,SE12/D15_SE12_R03.txt,D15,0,12.0,0,0,0,0,0
tree,train,SE12/D15_SE12_R04.txt,D15,0,12.0,0,0,0,0,0
tree,train,SE12/D15_SE12_R05.txt,D15,0,12.0,0,0,0,0,0
tree,train,SE12/D16_SE12_R01.txt,D16,0,11.995,0,0,0,0,0
tree,train,SE12/D16_SE12_R02.txt,D16,0,12.0,0,0,0,0,0
tree,train,SE12/D16_SE12_R03.txt,D16,0,11.99,0,0,0,0,0
tree,train,SE12/D16_SE12_R04.txt,D16,0,12.0,0,0,0,0,0
tree,train,SE12/D16_SE12_R05.txt,D16,0,12.0,0,0,0,0,0
tree,train,SE12/D17_SE12_R01.txt,D17,0,25.0,0,0,0,0,0
tree,train,SE12/D17_SE12_R02.txt,D17,0,25.0,0,0,0,0,0
tree,train,SE12/D17_SE12_R03.txt,D17,0,24.985,0,0,0,0,0
tree,train,SE12/D17_SE12_R04.txt,D17,0,25.0,0,0,0,0,0
tree,train,SE12/D17_SE12_R05.txt,D17,0,25.0,0,0,0,0,0
tree,train,SE14/D01_SE14_R01.txt,D01,0,99.995,0,0,0,0,0
tree,train,SE14/D02_SE14_R01.txt,D02,0,100.0,0,0,0,0,0
tree,train,SE14/D03_SE14_R01.txt,D03,0,99.95,0,14,0,0,0
tree,train,SE14/D04_SE14_R01.txt,D04,0,99.975,0,0,0,0,0
tree,train,SE14/D05_SE14_R01.txt,D05,0,25.0,0,0,0,0,0
tree,train,SE14/D05_SE14_R02.txt,D05,0,25.0,0,0,0,0,0
tree,train,SE14/D05_SE14_R03.txt,D05,0,25.0,0,0,0,0,0
tree,train,SE14/D05_SE14_R04.txt,D05,0,25.0,0,0,0,0,0
tree,train,SE14/D05_SE14_R05.txt,D05,0,25.0,0,0,0,0,0
tree,train,SE14/D07_SE14_R01.txt,D07,0,11.995,0,0,0,0,0
tree,train,SE14/D07_SE14_R02.txt,D07,0,12.0,0,0,0,0,0
tree,train,SE14/D07_SE14_R03.txt,D07,0,12.0,0,0,0,0,0
tree,train,SE14/D07_SE14_R05.txt,D07,0,12.0,0,0,0,0,0
tree,train,SE14/D07_SE14_R06.txt,D07,0,12.0,0,0,0,0,0
tree,train,SE14/D08_SE14_R01.txt,D08,0,12.0,0,0,0,0,0
tree,train,SE14/D08_SE14_R02.txt,D08,0,12.0,0,0,0,0,0
tree,train,SE14/D08_SE14_R03.txt,D08,0,12.0,0,0,0,0,0
tree,train,SE14/D08_SE14_R04.txt,D08,0,12.0,0,0,0,0,0
tree,train,SE14/D08_SE14_R05.txt,D08,0,12.0,0,0,0,0,0
tree,train,SE14/D09_SE14_R01.txt,D09,0,12.0,0,0,0,0,0
tree,train,SE14/D09_SE14_R02.txt,D09,0,12.0,0,0,0,0,0
tree,train,SE14/D09_SE14_R03.txt,D09,0,12.0,0,0,0,0,0
tree,train,SE14/D09_SE14_R04.txt,D09,0,12.0,0,0,0,0,0
tree,train,SE14/D09_SE14_R05.txt,D09,0,12.0,0,0,0,0,0
tree,train,SE14/D10_SE14_R01.txt,D10,0,12.0,0,0,0,0,0
tree,train,SE14/D10_SE14_R02.txt,D10,0,12.0,0,0,0,0,0
tree,train,SE14/D10_SE14_R03.txt,D10,0,12.0,0,0,0,0,0
tree,train,SE14/D10_SE14_R04.txt,D10,0,12.0,0,0,0,0,0
tree,train,SE14/D10_SE14_R05.txt,D10,0,12.0,0,0,0,0,0
tree,train,SE14/D11_SE14_R01.txt,D11,0,11.995,0,0,0,0,0
tree,train,SE14/D11_SE14_R02.txt,D11,0,12.0,0,0,0,0,0
tree,train,SE14/D11_SE14_R03.txt,D11,0,12.0,0,0,0,0,0
tree,train,SE14/D11_SE14_R04.txt,D11,0,12.0,0,0,0,0,0
tree,train,SE14/D11_SE14_R05.txt,D11,0,12.0,0,0,0,0,0
tree,train,SE14/D12_SE14_R01.txt,D12,0,12.0,0,0,0,0,0
tree,train,SE14/D12_SE14_R02.txt,D12,0,12.0,0,0,0,0,0
tree,train,SE14/D12_SE14_R03.txt,D12,0,12.0,0,0,0,0,0
tree,train,SE14/D12_SE14_R04.txt,D12,0,12.0,0,0,0,0,0
tree,train,SE14/D12_SE14_R05.txt,D12,0,12.0,0,0,0,0,0
tree,train,SE14/D14_SE14_R01.txt,D14,0,12.0,0,0,0,0,0
tree,train,SE14/D14_SE14_R02.txt,D14,0,12.0,0,0,0,0,0
tree,train,SE14/D14_SE14_R03.txt,D14,0,11.995,0,0,0,0,0
tree,train,SE14/D14_SE14_R04.txt,D14,0,12.0,0,0,0,0,0
tree,train,SE14/D14_SE14_R05.txt,D14,0,12.0,0,0,0,0,0
tree,train,SE14/D15_SE14_R01.txt,D15,0,12.0,0,0,0,0,0
tree,train,SE14/D15_SE14_R02.txt,D15,0,12.0,0,0,0,0,0
tree,train,SE14/D15_SE14_R03.txt,D15,0,12.0,0,0,0,0,0
tree,train,SE14/D15_SE14_R04.txt,D15,0,11.97,0,0,0,0,0
tree,train,SE14/D15_SE14_R05.txt,D15,0,12.0,0,0,0,0,0
tree,train,SE14/D16_SE14_R01.txt,D16,0,12.0,0,0,0,0,0
tree,train,SE14/D16_SE14_R02.txt,D16,0,12.0,0,0,0,0,0
tree,train,SE14/D16_SE14_R03.txt,D16,0,12.0,0,0,0,0,0
tree,train,SE14/D16_SE14_R04.txt,D16,0,12.0,0,0,0,0,0
tree,train,SE14/D16_SE14_R05.txt,D16,0,12.0,0,0,0,0,0
tree,train,SE14/D17_SE14_R01.txt,D17,0,25.0,0,0,0,0,0
tree,train,SE14/D17_SE14_R02.txt,D17,0,25.0,0,0,0,0,0
tree,train,SE14/D17_SE14_R03.txt,D17,0,25.0,0,0,0,0,0
tree,train,SE14/D17_SE14_R04.txt,D17,0,25.0,0,0,0,0,0
tree,train,SE14/D17_SE14_R05.txt,D17,0,25.0,0,0,0,0,0
tree,train,SE15/D01_SE15_R01.txt,D01,0,99.995,0,0,0,0,0
tree,train,SE15/D02_SE15_R01.txt,D02,0,100.0,0,0,0,0,0
tree,train,SE15/D03_SE15_R01.txt,D03,0,100.0,0,0,0,0,0
tree,train,SE15/D05_SE15_R01.txt,D05,0,25.0,0,0,0,0,0
tree,train,SE15/D05_SE15_R02.txt,D05,0,25.0,0,0,0,0,0
tree,train,SE15/D05_SE15_R03.txt,D05,0,25.0,0,0,0,0,0
tree,train,SE15/D05_SE15_R04.txt,D05,0,25.0,0,0,0,0,0
tree,train,SE15/D05_SE15_R05.txt,D05,0,25.0,0,0,0,0,0
tree,train,SE15/D07_SE15_R01.txt,D07,0,11.995,0,0,0,0,0
tree,train,SE15/D07_SE15_R02.txt,D07,0,12.0,0,0,0,0,0
tree,train,SE15/D07_SE15_R03.txt,D07,0,12.0,0,0,0,0,0
tree,train,SE15/D07_SE15_R04.txt,D07,0,12.0,0,0,0,0,0
tree,train,SE15/D07_SE15_R05.txt,D07,0,12.0,0,0,0,0,0
tree,train,SE15/D08_SE15_R01.txt,D08,0,12.0,0,0,0,0,0
tree,train,SE15/D08_SE15_R02.txt,D08,0,12.0,0,0,0,0,0
tree,train,SE15/D08_SE15_R03.txt,D08,0,12.0,0,0,0,0,0
tree,train,SE15/D08_SE15_R04.txt,D08,0,12.0,0,0,0,0,0
tree,train,SE15/D08_SE15_R05.txt,D08,0,12.0,0,0,0,0,0
tree,train,SE15/D09_SE15_R01.txt,D09,0,12.0,0,0,0,0,0
tree,train,SE15/D09_SE15_R02.txt,D09,0,12.0,0,0,0,0,0
tree,train,SE15/D09_SE15_R03.txt,D09,0,12.0,0,0,0,0,0
tree,train,SE15/D09_SE15_R04.txt,D09,0,12.0,0,0,0,0,0
tree,train,SE15/D09_SE15_R05.txt,D09,0,12.0,0,0,0,0,0
tree,train,SE15/D10_SE15_R01.txt,D10,0,12.0,0,0,0,0,0
tree,train,SE15/D10_SE15_R02.txt,D10,0,12.0,0,0,0,0,0
tree,train,SE15/D10_SE15_R03.txt,D10,0,12.0,0,0,0,0,0
tree,train,SE15/D10_SE15_R04.txt,D10,0,12.0,0,0,0,0,0
tree,train,SE15/D10_SE15_R05.txt,D10,0,12.0,0,0,0,0,0
tree,train,SE15/D11_SE15_R01.txt,D11,0,12.0,0,0,0,0,0
tree,train,SE15/D11_SE15_R02.txt,D11,0,12.0,0,0,0,0,0
tree,train,SE15/D11_SE15_R03.txt,D11,0,12.0,0,0,0,0,0
tree,train,SE15/D11_SE15_R04.txt,D11,0,12.0,0,0,0,0,0
tree,train,SE15/D11_SE15_R05.txt,D11,0,12.0,0,0,0,0,0
tree,train,SE15/D12_SE15_R01.txt,D12,0,11.995,0,0,0,0,0
tree,train,SE15/D12_SE15_R02.txt,D12,0,12.0,0,0,0,0,0
tree,train,SE15/D12_SE15_R03.txt,D12,0,12.0,0,0,0,0,0
tree,train,SE15/D12_SE15_R04.txt,D12,0,12.0,0,0,0,0,0
tree,train,SE15/D12_SE15_R05.txt,D12,0,12.0,0,0,0,0,0
tree,train,SE15/D14_SE15_R01.txt,D14,0,12.0,0,0,0,0,0
tree,train,SE15/D14_SE15_R02.txt,D14,0,12.0,0,0,0,0,0
tree,train,SE15/D14_SE15_R03.txt,D14,0,12.0,0,0,0,0,0
tree,train,SE15/D14_SE15_R04.txt,D14,0,12.0,0,0,0,0,0
tree,train,SE15/D14_SE15_R05.txt,D14,0,12.0,0,0,0,0,0
tree,train,SE15/D15_SE15_R01.txt,D15,0,12.0,0,0,0,0,0
tree,train,SE15/D15_SE15_R02.txt,D15,0,12.0,0,0,0,0,0
tree,train,SE15/D15_SE15_R03.txt,D15,0,12.0,0,0,0,0,0
tree,train,SE15/D15_SE15_R04.txt,D15,0,12.0,0,0,0,0,0
tree,train,SE15/D15_SE15_R05.txt,D15,0,12.0,0,0,0,0,0
tree,train,SE15/D16_SE15_R01.txt,D16,0,11.995,0,0,0,0,0
tree,train,SE15/D16_SE15_R02.txt,D16,0,12.0,0,0,0,0,0
tree,train,SE15/D16_SE15_R03.txt,D16,0,12.0,0,0,0,0,0
tree,train,SE15/D16_SE15_R04.txt,D16,0,12.0,0,0,0,0,0
tree,train,SE15/D16_SE15_R05.txt,D16,0,12.0,0,0,0,0,0
tree,train,SE15/D17_SE15_R01.txt,D17,0,24.995,0,0,0,0,0
tree,train,SE15/D17_SE15_R02.txt,D17,0,25.0,0,0,0,0,0
tree,train,SE15/D17_SE15_R03.txt,D17,0,25.0,0,0,0,0,0
tree,train,SE15/D17_SE15_R04.txt,D17,0,25.0,0,0,0,0,0
tree,train,SE15/D17_SE15_R05.txt,D17,0,25.0,0,0,0,0,0
tree,validation,SA05/D01_SA05_R01.txt,D01,0,99.995,0,0,0,0,0
tree,validation,SA05/D02_SA05_R01.txt,D02,0,99.995,0,0,0,0,0
tree,validation,SA05/D03_SA05_R01.txt,D03,0,100.0,0,0,0,0,0
tree,validation,SA05/D04_SA05_R01.txt,D04,0,100.0,0,0,0,0,0
tree,validation,SA05/D05_SA05_R01.txt,D05,0,25.0,0,0,0,0,0
tree,validation,SA05/D05_SA05_R02.txt,D05,0,25.0,0,0,0,0,0
tree,validation,SA05/D05_SA05_R03.txt,D05,0,25.0,0,0,0,0,0
tree,validation,SA05/D05_SA05_R04.txt,D05,0,25.0,0,0,0,0,0
tree,validation,SA05/D05_SA05_R05.txt,D05,0,25.0,0,0,0,0,0
tree,validation,SA05/D06_SA05_R01.txt,D06,0,24.995,0,0,0,0,0
tree,validation,SA05/D06_SA05_R02.txt,D06,0,25.0,0,0,0,0,0
tree,validation,SA05/D06_SA05_R03.txt,D06,0,25.0,0,0,0,0,0
tree,validation,SA05/D06_SA05_R04.txt,D06,0,25.0,0,0,0,0,0
tree,validation,SA05/D06_SA05_R05.txt,D06,0,25.0,0,0,0,0,0
tree,validation,SA05/D07_SA05_R01.txt,D07,0,12.0,0,0,0,0,0
tree,validation,SA05/D07_SA05_R02.txt,D07,0,12.0,0,0,0,0,0
tree,validation,SA05/D07_SA05_R03.txt,D07,0,12.0,0,0,0,0,0
tree,validation,SA05/D07_SA05_R04.txt,D07,0,12.0,0,0,0,0,0
tree,validation,SA05/D07_SA05_R05.txt,D07,0,12.0,0,0,0,0,0
tree,validation,SA05/D08_SA05_R01.txt,D08,0,12.0,0,0,0,0,0
tree,validation,SA05/D08_SA05_R02.txt,D08,0,12.0,0,0,0,0,0
tree,validation,SA05/D08_SA05_R03.txt,D08,0,12.0,0,0,0,0,0
tree,validation,SA05/D08_SA05_R04.txt,D08,0,12.0,0,0,0,0,0
tree,validation,SA05/D08_SA05_R05.txt,D08,0,12.0,0,0,0,0,0
tree,validation,SA05/D09_SA05_R01.txt,D09,0,12.0,0,0,0,0,0
tree,validation,SA05/D09_SA05_R02.txt,D09,0,12.0,0,0,0,0,0
tree,validation,SA05/D09_SA05_R03.txt,D09,0,12.0,0,0,0,0,0
tree,validation,SA05/D09_SA05_R04.txt,D09,0,12.0,0,0,0,0,0
tree,validation,SA05/D09_SA05_R05.txt,D09,0,12.0,0,0,0,0,0
tree,validation,SA05/D10_SA05_R01.txt,D10,0,12.0,0,0,0,0,0
tree,validation,SA05/D10_SA05_R02.txt,D10,0,12.0,0,0,0,0,0
tree,validation,SA05/D10_SA05_R03.txt,D10,0,12.0,0,0,0,0,0
tree,validation,SA05/D10_SA05_R04.txt,D10,0,12.0,0,0,0,0,0
tree,validation,SA05/D10_SA05_R05.txt,D10,0,12.0,0,0,0,0,0
tree,validation,SA05/D11_SA05_R01.txt,D11,0,11.995,0,0,0,0,0
tree,validation,SA05/D11_SA05_R02.txt,D11,0,12.0,0,0,0,0,0
tree,validation,SA05/D11_SA05_R03.txt,D11,0,12.0,0,0,0,0,0
tree,validation,SA05/D11_SA05_R04.txt,D11,0,12.0,0,0,0,0,0
tree,validation,SA05/D11_SA05_R05.txt,D11,0,12.0,0,0,0,0,0
tree,validation,SA05/D12_SA05_R01.txt,D12,0,12.0,0,0,0,0,0
tree,validation,SA05/D12_SA05_R02.txt,D12,0,12.0,0,0,0,0,0
tree,validation,SA05/D12_SA05_R03.txt,D12,0,12.0,0,0,0,0,0
tree,validation,SA05/D12_SA05_R04.txt,D12,0,12.0,0,0,0,0,0
tree,validation,SA05/D12_SA05_R05.txt,D12,0,12.0,0,0,0,0,0
tree,validation,SA05/D13_SA05_R01.txt,D13,0,12.0,0,1,0,0,0
tree,validation,SA05/D13_SA05_R02.txt,D13,0,12.0,0,1,0,0,0
tree,validation,SA05/D13_SA05_R03.txt,D13,0,12.0,0,1,0,0,0
tree,validation,SA05/D13_SA05_R04.txt,D13,0,12.0,0,2,0,0,0
tree,validation,SA05/D13_SA05_R05.txt,D13,0,12.0,0,1,0,0,0
tree,validation,SA05/D14_SA05_R01.txt,D14,0,12.0,0,0,0,0,0
tree,validation,SA05/D14_SA05_R02.txt,D14,0,12.0,0,0,0,0,0
tree,validation,SA05/D14_SA05_R03.txt,D14,0,12.0,0,0,0,0,0
tree,validation,SA05/D14_SA05_R04.txt,D14,0,12.0,0,0,0,0,0
tree,validation,SA05/D14_SA05_R05.txt,D14,0,12.0,0,0,0,0,0
tree,validation,SA05/D15_SA05_R01.txt,D15,0,12.0,0,0,0,0,0
tree,validation,SA05/D15_SA05_R02.txt,D15,0,12.0,0,0,0,0,0
tree,validation,SA05/D15_SA05_R03.txt,D15,0,12.0,0,0,0,0,0
tree,validation,SA05/D15_SA05_R04.txt,D15,0,12.0,0,0,0,0,0
tree,validation,SA05/D15_SA05_R05.txt,D15,0,12.0,0,0,0,0,0
tree,validation,SA05/D16_SA05_R01.txt,D16,0,11.995,0,0,0,0,0
tree,validation,SA05/D16_SA05_R02.txt,D16,0,12.0,0,0,0,0,0
tree,validation,SA05/D16_SA05_R03.txt,D16,0,12.0,0,0,0,0,0
tree,validation,SA05/D16_SA05_R04.txt,D16,0,12.0,0,0,0,0,0
tree,validation,SA05/D16_SA05_R05.txt,D16,0,12.0,0,0,0,0,0
tree,validation,SA05/D17_SA05_R01.txt,D17,0,24.995,0,0,0,0,0
tree,validation,SA05/D17_SA05_R02.txt,D17,0,25.0,0,0,0,0,0
tree,validation,SA05/D17_SA05_R03.txt,D17,0,25.0,0,0,0,0,0
tree,validation,SA05/D17_SA05_R04.txt,D17,0,25.0,0,0,0,0,0
tree,validation,SA05/D17_SA05_R05.txt,D17,0,25.0,0,0,0,0,0
tree,validation,SA05/D18_SA05_R01.txt,D18,0,12.0,0,0,0,0,0
tree,validation,SA05/D18_SA05_R02.txt,D18,0,12.0,0,0,0,0,0
tree,validation,SA05/D18_SA05_R03.txt,D18,0,12.0,0,0,0,0,0
tree,validation,SA05/D18_SA05_R04.txt,D18,0,12.0,0,0,0,0,0
tree,validation,SA05/D18_SA05_R05.txt,D18,0,12.0,0,1,0,0,0
tree,validation,SA05/D19_SA05_R01.txt,D19,0,12.0,0,0,0,0,0
tree,validation,SA05/D19_SA05_R02.txt,D19,0,12.0,0,0,0,0,0
tree,validation,SA05/D19_SA05_R03.txt,D19,0,12.0,0,0,0,0,0
tree,validation,SA05/D19_SA05_R04.txt,D19,0,12.0,0,0,0,0,0
tree,validation,SA05/D19_SA05_R05.txt,D19,0,12.0,0,0,0,0,0
tree,validation,SA05/F01_SA05_R01.txt,F01,1,14.995,0,0,0,1,0
tree,validation,SA05/F01_SA05_R02.txt,F01,1,15.0,1,1,1,0,0
tree,validation,SA05/F01_SA05_R03.txt,F01,1,15.0,1,1,1,0,0
tree,validation,SA05/F01_SA05_R04.txt,F01,1,15.0,1,1,1,0,0
tree,validation,SA05/F01_SA05_R05.txt,F01,1,15.0,1,0,0,0,1
tree,validation,SA05/F02_SA05_R01.txt,F02,1,15.0,1,1,1,0,0
tree,validation,SA05/F02_SA05_R02.txt,F02,1,15.0,1,1,1,0,0
tree,validation,SA05/F02_SA05_R03.txt,F02,1,15.0,1,1,1,0,0
tree,validation,SA05/F02_SA05_R04.txt,F02,1,15.0,1,1,1,0,0
tree,validation,SA05/F02_SA05_R05.txt,F02,1,15.0,1,1,1,0,0
tree,validation,SA05/F03_SA05_R01.txt,F03,1,15.0,1,1,1,0,0
tree,validation,SA05/F03_SA05_R02.txt,F03,1,15.0,1,1,1,0,0
tree,validation,SA05/F03_SA05_R03.txt,F03,1,15.0,1,1,1,0,0
tree,validation,SA05/F03_SA05_R04.txt,F03,1,15.0,1,2,1,0,0
tree,validation,SA05/F03_SA05_R05.txt,F03,1,15.0,1,1,1,0,0
tree,validation,SA05/F04_SA05_R01.txt,F04,1,15.0,1,1,1,0,0
tree,validation,SA05/F04_SA05_R02.txt,F04,1,15.0,1,1,1,0,0
tree,validation,SA05/F04_SA05_R03.txt,F04,1,15.0,1,1,1,0,0
tree,validation,SA05/F04_SA05_R04.txt,F04,1,15.0,1,0,0,0,1
tree,validation,SA05/F04_SA05_R05.txt,F04,1,15.0,0,1,0,1,0
tree,validation,SA05/F05_SA05_R01.txt,F05,1,15.0,1,1,1,0,0
tree,validation,SA05/F05_SA05_R02.txt,F05,1,15.0,1,1,1,0,0
tree,validation,SA05/F05_SA05_R03.txt,F05,1,15.0,1,1,1,0,0
tree,validation,SA05/F05_SA05_R04.txt,F05,1,15.0,1,1,1,0,0
tree,validation,SA05/F05_SA05_R05.txt,F05,1,15.0,1,1,1,0,0
tree,validation,SA05/F06_SA05_R01.txt,F06,1,14.995,0,0,0,1,0
tree,validation,SA05/F06_SA05_R02.txt,F06,1,15.0,1,1,1,0,0
tree,validation,SA05/F06_SA05_R03.txt,F06,1,15.0,1,1,1,0,0
tree,validation,SA05/F06_SA05_R04.txt,F06,1,15.0,1,1,1,0,0
tree,validation,SA05/F06_SA05_R05.txt,F06,1,15.0,1,1,1,0,0
tree,validation,SA05/F07_SA05_R01.txt,F07,1,15.0,1,1,1,0,0
tree,validation,SA05/F07_SA05_R02.txt,F07,1,15.0,1,1,1,0,0
tree,validation,SA05/F07_SA05_R03.txt,F07,1,15.0,1,1,1,0,0
tree,validation,SA05/F07_SA05_R04.txt,F07,1,15.0,1,1,1,0,0
tree,validation,SA05/F07_SA05_R05.txt,F07,1,15.0,1,1,1,0,0
tree,validation,SA05/F08_SA05_R01.txt,F08,1,15.0,1,1,1,0,0
tree,validation,SA05/F08_SA05_R02.txt,F08,1,15.0,1,1,1,0,0
tree,validation,SA05/F08_SA05_R03.txt,F08,1,15.0,1,1,1,0,0
tree,validation,SA05/F08_SA05_R04.txt,F08,1,15.0,1,1,1,0,0
tree,validation,SA05/F08_SA05_R05.txt,F08,1,15.0,1,0,0,0,1
tree,validation,SA05/F09_SA05_R01.txt,F09,1,15.0,1,1,1,0,0
tree,validation,SA05/F09_SA05_R02.txt,F09,1,15.0,1,1,1,0,0
tree,validation,SA05/F09_SA05_R03.txt,F09,1,15.0,1,1,1,0,0
tree,validation,SA05/F09_SA05_R04.txt,F09,1,15.0,1,1,1,0,0
tree,validation,SA05/F09_SA05_R05.txt,F09,1,15.0,1,1,1,0,0
tree,validation,SA05/F10_SA05_R01.txt,F10,1,15.0,1,1,1,0,0
tree,validation,SA05/F10_SA05_R02.txt,F10,1,15.0,1,1,1,0,0
tree,validation,SA05/F10_SA05_R03.txt,F10,1,15.0,1,1,1,0,0
tree,validation,SA05/F10_SA05_R04.txt,F10,1,15.0,1,1,1,0,0
tree,validation,SA05/F10_SA05_R05.txt,F10,1,15.0,1,1,1,0,0
tree,validation,SA05/F11_SA05_R01.txt,F11,1,15.0,1,1,1,0,0
tree,validation,SA05/F11_SA05_R02.txt,F11,1,15.0,1,1,1,0,0
tree,validation,SA05/F11_SA05_R03.txt,F11,1,15.0,1,1,1,0,0
tree,validation,SA05/F11_SA05_R04.txt,F11,1,15.0,0,0,0,1,0
tree,validation,SA05/F11_SA05_R05.txt,F11,1,15.0,1,1,1,0,0
tree,validation,SA05/F12_SA05_R01.txt,F12,1,15.0,1,1,1,0,0
tree,validation,SA05/F12_SA05_R02.txt,F12,1,15.0,1,1,1,0,0
tree,validation,SA05/F12_SA05_R03.txt,F12,1,15.0,1,1,1,0,0
tree,validation,SA05/F12_SA05_R04.txt,F12,1,15.0,1,1,1,0,0
tree,validation,SA05/F12_SA05_R05.txt,F12,1,15.0,1,1,1,0,0
tree,validation,SA05/F13_SA05_R01.txt,F13,1,15.0,1,1,1,0,0
tree,validation,SA05/F13_SA05_R02.txt,F13,1,15.0,1,1,1,0,0
tree,validation,SA05/F13_SA05_R03.txt,F13,1,15.0,1,1,1,0,0
tree,validation,SA05/F13_SA05_R04.txt,F13,1,14.995,1,1,1,0,0
tree,validation,SA05/F13_SA05_R05.txt,F13,1,14.995,1,1,1,0,0
tree,validation,SA05/F14_SA05_R01.txt,F14,1,15.0,1,1,1,0,0
tree,validation,SA05/F14_SA05_R02.txt,F14,1,15.0,1,1,1,0,0
tree,validation,SA05/F14_SA05_R03.txt,F14,1,15.0,1,1,1,0,0
tree,validation,SA05/F14_SA05_R04.txt,F14,1,15.0,1,1,1,0,0
tree,validation,SA05/F14_SA05_R05.txt,F14,1,15.0,1,1,1,0,0
tree,validation,SA05/F15_SA05_R01.txt,F15,1,15.0,1,0,0,0,1
tree,validation,SA05/F15_SA05_R02.txt,F15,1,15.0,1,1,1,0,0
tree,validation,SA05/F15_SA05_R03.txt,F15,1,15.0,1,0,0,0,1
tree,validation,SA05/F15_SA05_R04.txt,F15,1,15.0,1,0,0,0,1
tree,validation,SA05/F15_SA05_R05.txt,F15,1,15.0,1,1,1,0,0
tree,validation,SA08/D01_SA08_R01.txt,D01,0,99.995,0,0,0,0,0
tree,validation,SA08/D02_SA08_R01.txt,D02,0,99.995,0,0,0,0,0
tree,validation,SA08/D03_SA08_R01.txt,D03,0,100.0,0,0,0,0,0
tree,validation,SA08/D04_SA08_R01.txt,D04,0,100.0,0,1,0,0,0
tree,validation,SA08/D05_SA08_R01.txt,D05,0,25.0,0,0,0,0,0
tree,validation,SA08/D05_SA08_R02.txt,D05,0,25.0,0,0,0,0,0
tree,validation,SA08/D05_SA08_R03.txt,D05,0,25.0,0,0,0,0,0
tree,validation,SA08/D05_SA08_R04.txt,D05,0,25.0,0,0,0,0,0
tree,validation,SA08/D05_SA08_R05.txt,D05,0,25.0,0,0,0,0,0
tree,validation,SA08/D06_SA08_R01.txt,D06,0,24.995,0,1,0,0,0
tree,validation,SA08/D06_SA08_R02.txt,D06,0,25.0,0,0,0,0,0
tree,validation,SA08/D06_SA08_R03.txt,D06,0,25.0,0,0,0,0,0
tree,validation,SA08/D06_SA08_R04.txt,D06,0,25.0,0,2,0,0,0
tree,validation,SA08/D06_SA08_R05.txt,D06,0,25.0,0,0,0,0,0
tree,validation,SA08/D07_SA08_R01.txt,D07,0,12.0,0,0,0,0,0
tree,validation,SA08/D07_SA08_R02.txt,D07,0,12.0,0,0,0,0,0
tree,validation,SA08/D07_SA08_R03.txt,D07,0,12.0,0,0,0,0,0
tree,validation,SA08/D07_SA08_R04.txt,D07,0,12.0,0,0,0,0,0
tree,validation,SA08/D07_SA08_R05.txt,D07,0,12.0,0,0,0,0,0
tree,validation,SA08/D08_SA08_R01.txt,D08,0,12.0,0,0,0,0,0
tree,validation,SA08/D08_SA08_R02.txt,D08,0,12.0,0,0,0,0,0
tree,validation,SA08/D08_SA08_R03.txt,D08,0,12.0,0,0,0,0,0
tree,validation,SA08/D08_SA08_R04.txt,D08,0,12.0,0,0,0,0,0
tree,validation,SA08/D08_SA08_R05.txt,D08,0,12.0,0,0,0,0,0
tree,validation,SA08/D09_SA08_R01.txt,D09,0,12.0,0,0,0,0,0
tree,validation,SA08/D09_SA08_R02.txt,D09,0,12.0,0,0,0,0,0
tree,validation,SA08/D09_SA08_R03.txt,D09,0,12.0,0,0,0,0,0
tree,validation,SA08/D09_SA08_R04.txt,D09,0,11.995,0,0,0,0,0
tree,validation,SA08/D09_SA08_R05.txt,D09,0,12.0,0,0,0,0,0
tree,validation,SA08/D10_SA08_R01.txt,D10,0,12.0,0,0,0,0,0
tree,validation,SA08/D10_SA08_R02.txt,D10,0,12.0,0,0,0,0,0
tree,validation,SA08/D10_SA08_R03.txt,D10,0,12.0,0,0,0,0,0
tree,validation,SA08/D10_SA08_R04.txt,D10,0,12.0,0,0,0,0,0
tree,validation,SA08/D10_SA08_R05.txt,D10,0,12.0,0,0,0,0,0
tree,validation,SA08/D11_SA08_R01.txt,D11,0,11.995,0,0,0,0,0
tree,validation,SA08/D11_SA08_R02.txt,D11,0,12.0,0,0,0,0,0
tree,validation,SA08/D11_SA08_R03.txt,D11,0,12.0,0,0,0,0,0
tree,validation,SA08/D11_SA08_R04.txt,D11,0,12.0,0,0,0,0,0
tree,validation,SA08/D11_SA08_R05.txt,D11,0,12.0,0,0,0,0,0
tree,validation,SA08/D12_SA08_R01.txt,D12,0,12.0,0,0,0,0,0
tree,validation,SA08/D12_SA08_R02.txt,D12,0,12.0,0,0,0,0,0
tree,validation,SA08/D12_SA08_R03.txt,D12,0,12.0,0,0,0,0,0
tree,validation,SA08/D12_SA08_R04.txt,D12,0,12.0,0,0,0,0,0
tree,validation,SA08/D12_SA08_R05.txt,D12,0,12.0,0,0,0,0,0
tree,validation,SA08/D13_SA08_R01.txt,D13,0,12.0,0,0,0,0,0
tree,validation,SA08/D13_SA08_R02.txt,D13,0,12.0,0,0,0,0,0
tree,validation,SA08/D13_SA08_R03.txt,D13,0,12.0,0,0,0,0,0
tree,validation,SA08/D13_SA08_R04.txt,D13,0,12.0,0,0,0,0,0
tree,validation,SA08/D13_SA08_R05.txt,D13,0,12.0,0,0,0,0,0
tree,validation,SA08/D14_SA08_R01.txt,D14,0,12.0,0,1,0,0,0
tree,validation,SA08/D14_SA08_R02.txt,D14,0,12.0,0,0,0,0,0
tree,validation,SA08/D14_SA08_R03.txt,D14,0,12.0,0,0,0,0,0
tree,validation,SA08/D14_SA08_R04.txt,D14,0,12.0,0,0,0,0,0
tree,validation,SA08/D14_SA08_R05.txt,D14,0,12.0,0,2,0,0,0
tree,validation,SA08/D15_SA08_R01.txt,D15,0,12.0,0,0,0,0,0
tree,validation,SA08/D15_SA08_R02.txt,D15,0,12.0,0,0,0,0,0
tree,validation,SA08/D15_SA08_R03.txt,D15,0,12.0,0,0,0,0,0
tree,validation,SA08/D15_SA08_R04.txt,D15,0,12.0,0,0,0,0,0
tree,validation,SA08/D15_SA08_R05.txt,D15,0,12.0,0,0,0,0,0
tree,validation,SA08/D16_SA08_R01.txt,D16,0,11.995,0,0,0,0,0
tree,validation,SA08/D16_SA08_R02.txt,D16,0,12.0,0,0,0,0,0
tree,validation,SA08/D16_SA08_R03.txt,D16,0,12.0,0,0,0,0,0
tree,validation,SA08/D16_SA08_R04.txt,D16,0,12.0,0,0,0,0,0
tree,validation,SA08/D16_SA08_R05.txt,D16,0,12.0,0,0,0,0,0
tree,validation,SA08/D17_SA08_R01.txt,D17,0,25.0,0,0,0,0,0
tree,validation,SA08/D17_SA08_R02.txt,D17,0,25.0,0,0,0,0,0
tree,validation,SA08/D17_SA08_R03.txt,D17,0,25.0,0,0,0,0,0
tree,validation,SA08/D17_SA08_R04.txt,D17,0,25.0,0,0,0,0,0
tree,validation,SA08/D17_SA08_R05.txt,D17,0,24.995,0,0,0,0,0
tree,validation,SA08/D18_SA08_R01.txt,D18,0,12.0,0,1,0,0,0
tree,validation,SA08/D18_SA08_R02.txt,D18,0,12.0,0,1,0,0,0
tree,validation,SA08/D18_SA08_R03.txt,D18,0,12.0,0,0,0,0,0
tree,validation,SA08/D18_SA08_R04.txt,D18,0,12.0,0,0,0,0,0
tree,validation,SA08/D18_SA08_R05.txt,D18,0,12.0,0,0,0,0,0
tree,validation,SA08/D19_SA08_R01.txt,D19,0,12.0,0,2,0,0,0
tree,validation,SA08/D19_SA08_R02.txt,D19,0,12.0,0,2,0,0,0
tree,validation,SA08/D19_SA08_R03.txt,D19,0,12.0,0,2,0,0,0
tree,validation,SA08/D19_SA08_R04.txt,D19,0,12.0,0,2,0,0,0
tree,validation,SA08/D19_SA08_R05.txt,D19,0,12.0,0,2,0,0,0
tree,validation,SA08/F01_SA08_R01.txt,F01,1,14.995,1,1,1,0,0
tree,validation,SA08/F01_SA08_R02.txt,F01,1,15.0,1,1,1,0,0
tree,validation,SA08/F01_SA08_R03.txt,F01,1,15.0,1,1,1,0,0
tree,validation,SA08/F01_SA08_R04.txt,F01,1,15.0,1,1,1,0,0
tree,validation,SA08/F01_SA08_R05.txt,F01,1,15.0,1,1,1,0,0
tree,validation,SA08/F02_SA08_R01.txt,F02,1,15.0,1,1,1,0,0
tree,validation,SA08/F02_SA08_R02.txt,F02,1,15.0,1,1,1,0,0
tree,validation,SA08/F02_SA08_R03.txt,F02,1,15.0,1,1,1,0,0
tree,validation,SA08/F02_SA08_R04.txt,F02,1,15.0,1,1,1,0,0
tree,validation,SA08/F02_SA08_R05.txt,F02,1,15.0,1,1,1,0,0
tree,validation,SA08/F03_SA08_R01.txt,F03,1,15.0,1,1,1,0,0
tree,validation,SA08/F03_SA08_R02.txt,F03,1,15.0,1,1,1,0,0
tree,validation,SA08/F03_SA08_R03.txt,F03,1,15.0,1,1,1,0,0
tree,validation,SA08/F03_SA08_R04.txt,F03,1,15.0,1,1,1,0,0
tree,validation,SA08/F03_SA08_R05.txt,F03,1,15.0,1,1,1,0,0
tree,validation,SA08/F04_SA08_R01.txt,F04,1,15.0,1,1,1,0,0
tree,validation,SA08/F04_SA08_R02.txt,F04,1,15.0,1,1,1,0,0
tree,validation,SA08/F04_SA08_R03.txt,F04,1,15.0,1,1,1,0,0
tree,validation,SA08/F04_SA08_R04.txt,F04,1,15.0,1,1,1,0,0
tree,validation,SA08/F04_SA08_R05.txt,F04,1,15.0,1,1,1,0,0
tree,validation,SA08/F05_SA08_R01.txt,F05,1,15.0,1,1,1,0,0
tree,validation,SA08/F05_SA08_R02.txt,F05,1,15.0,1,1,1,0,0
tree,validation,SA08/F05_SA08_R03.txt,F05,1,15.0,1,0,0,0,1
tree,validation,SA08/F05_SA08_R04.txt,F05,1,15.0,1,1,1,0,0
tree,validation,SA08/F05_SA08_R05.txt,F05,1,15.0,1,1,1,0,0
tree,validation,SA08/F06_SA08_R01.txt,F06,1,14.995,1,1,1,0,0
tree,validation,SA08/F06_SA08_R02.txt,F06,1,15.0,1,1,1,0,0
tree,validation,SA08/F06_SA08_R03.txt,F06,1,15.0,1,2,1,0,0
tree,validation,SA08/F06_SA08_R04.txt,F06,1,15.0,1,1,1,0,0
tree,validation,SA08/F06_SA08_R05.txt,F06,1,15.0,1,1,1,0,0
tree,validation,SA08/F07_SA08_R01.txt,F07,1,15.0,1,1,1,0,0
tree,validation,SA08/F07_SA08_R02.txt,F07,1,15.0,1,1,1,0,0
tree,validation,SA08/F07_SA08_R03.txt,F07,1,15.0,1,1,1,0,0
tree,validation,SA08/F07_SA08_R04.txt,F07,1,15.0,1,1,1,0,0
tree,validation,SA08/F07_SA08_R05.txt,F07,1,15.0,1,1,1,0,0
tree,validation,SA08/F08_SA08_R01.txt,F08,1,15.0,1,1,1,0,0
tree,validation,SA08/F08_SA08_R02.txt,F08,1,15.0,1,1,1,0,0
tree,validation,SA08/F08_SA08_R03.txt,F08,1,15.0,1,1,1,0,0
tree,validation,SA08/F08_SA08_R04.txt,F08,1,15.0,1,1,1,0,0
tree,validation,SA08/F08_SA08_R05.txt,F08,1,15.0,1,1,1,0,0
tree,validation,SA08/F09_SA08_R01.txt,F09,1,15.0,1,1,1,0,0
tree,validation,SA08/F09_SA08_R02.txt,F09,1,15.0,1,1,1,0,0
tree,validation,SA08/F09_SA08_R03.txt,F09,1,15.0,1,1,1,0,0
tree,validation,SA08/F09_SA08_R04.txt,F09,1,15.0,1,1,1,0,0
tree,validation,SA08/F09_SA08_R05.txt,F09,1,15.0,1,1,1,0,0
tree,validation,SA08/F10_SA08_R01.txt,F10,1,15.0,1,1,1,0,0
tree,validation,SA08/F10_SA08_R02.txt,F10,1,15.0,1,1,1,0,0
tree,validation,SA08/F10_SA08_R03.txt,F10,1,15.0,1,1,1,0,0
tree,validation,SA08/F10_SA08_R04.txt,F10,1,15.0,1,1,1,0,0
tree,validation,SA08/F10_SA08_R05.txt,F10,1,15.0,1,1,1,0,0
tree,validation,SA08/F11_SA08_R01.txt,F11,1,14.995,1,1,1,0,0
tree,validation,SA08/F11_SA08_R02.txt,F11,1,15.0,1,1,1,0,0
tree,validation,SA08/F11_SA08_R03.txt,F11,1,15.0,1,1,1,0,0
tree,validation,SA08/F11_SA08_R04.txt,F11,1,15.0,1,1,1,0,0
tree,validation,SA08/F11_SA08_R05.txt,F11,1,15.0,1,1,1,0,0
tree,validation,SA08/F12_SA08_R01.txt,F12,1,15.0,1,1,1,0,0
tree,validation,SA08/F12_SA08_R02.txt,F12,1,15.0,1,2,1,0,0
tree,validation,SA08/F12_SA08_R03.txt,F12,1,15.0,1,1,1,0,0
tree,validation,SA08/F12_SA08_R04.txt,F12,1,15.0,1,1,1,0,0
tree,validation,SA08/F12_SA08_R05.txt,F12,1,15.0,1,1,1,0,0
tree,validation,SA08/F13_SA08_R01.txt,F13,1,15.0,1,1,1,0,0
tree,validation,SA08/F13_SA08_R02.txt,F13,1,15.0,1,1,1,0,0
tree,validation,SA08/F13_SA08_R03.txt,F13,1,15.0,1,1,1,0,0
tree,validation,SA08/F13_SA08_R04.txt,F13,1,15.0,1,1,1,0,0
tree,validation,SA08/F13_SA08_R05.txt,F13,1,15.0,1,1,1,0,0
tree,validation,SA08/F14_SA08_R01.txt,F14,1,15.0,1,1,1,0,0
tree,validation,SA08/F14_SA08_R02.txt,F14,1,15.0,1,1,1,0,0
tree,validation,SA08/F14_SA08_R03.txt,F14,1,15.0,1,0,0,0,1
tree,validation,SA08/F14_SA08_R04.txt,F14,1,15.0,1,1,1,0,0
tree,validation,SA08/F14_SA08_R05.txt,F14,1,15.0,1,1,1,0,0
tree,validation,SA08/F15_SA08_R01.txt,F15,1,15.0,1,1,1,0,0
tree,validation,SA08/F15_SA08_R02.txt,F15,1,15.0,1,1,1,0,0
tree,validation,SA08/F15_SA08_R03.txt,F15,1,15.0,1,1,1,0,0
tree,validation,SA08/F15_SA08_R04.txt,F15,1,15.0,1,1,1,0,0
tree,validation,SA08/F15_SA08_R05.txt,F15,1,15.0,1,1,1,0,0
tree,validation,SA09/D01_SA09_R01.txt,D01,0,99.995,0,0,0,0,0
tree,validation,SA09/D02_SA09_R01.txt,D02,0,99.995,0,0,0,0,0
tree,validation,SA09/D03_SA09_R01.txt,D03,0,100.0,0,0,0,0,0
tree,validation,SA09/D04_SA09_R01.txt,D04,0,100.0,0,1,0,0,0
tree,validation,SA09/D05_SA09_R01.txt,D05,0,25.0,0,0,0,0,0
tree,validation,SA09/D05_SA09_R02.txt,D05,0,25.0,0,0,0,0,0
tree,validation,SA09/D05_SA09_R03.txt,D05,0,25.0,0,0,0,0,0
tree,validation,SA09/D05_SA09_R04.txt,D05,0,25.0,0,0,0,0,0
tree,validation,SA09/D05_SA09_R05.txt,D05,0,25.0,0,0,0,0,0
tree,validation,SA09/D06_SA09_R01.txt,D06,0,24.995,0,0,0,0,0
tree,validation,SA09/D06_SA09_R02.txt,D06,0,25.0,0,1,0,0,0
tree,validation,SA09/D06_SA09_R03.txt,D06,0,25.0,0,1,0,0,0
tree,validation,SA09/D06_SA09_R04.txt,D06,0,24.995,0,0,0,0,0
tree,validation,SA09/D06_SA09_R05.txt,D06,0,25.0,0,1,0,0,0
tree,validation,SA09/D07_SA09_R01.txt,D07,0,12.0,0,0,0,0,0
tree,validation,SA09/D07_SA09_R02.txt,D07,0,12.0,0,0,0,0,0
tree,validation,SA09/D07_SA09_R03.txt,D07,0,12.0,0,0,0,0,0
tree,validation,SA09/D07_SA09_R04.txt,D07,0,12.0,0,0,0,0,0
tree,validation,SA09/D07_SA09_R05.txt,D07,0,12.0,0,0,0,0,0
tree,validation,SA09/D08_SA09_R01.txt,D08,0,12.0,0,0,0,0,0
tree,validation,SA09/D08_SA09_R02.txt,D08,0,12.0,0,0,0,0,0
tree,validation,SA09/D08_SA09_R03.txt,D08,0,12.0,0,0,0,0,0
tree,validation,SA09/D08_SA09_R04.txt,D08,0,12.0,0,0,0,0,0
tree,validation,SA09/D08_SA09_R05.txt,D08,0,12.0,0,0,0,0,0
tree,validation,SA09/D09_SA09_R01.txt,D09,0,12.0,0,0,0,0,0
tree,validation,SA09/D09_SA09_R02.txt,D09,0,12.0,0,0,0,0,0
tree,validation,SA09/D09_SA09_R03.txt,D09,0,12.0,0,0,0,0,0
tree,validation,SA09/D09_SA09_R04.txt,D09,0,12.0,0,0,0,0,0
tree,validation,SA09/D09_SA09_R05.txt,D09,0,12.0,0,0,0,0,0
tree,validation,SA09/D10_SA09_R01.txt,D10,0,12.0,0,0,0,0,0
tree,validation,SA09/D10_SA09_R02.txt,D10,0,12.0,0,0,0,0,0
tree,validation,SA09/D10_SA09_R03.txt,D10,0,12.0,0,0,0,0,0
tree,validation,SA09/D10_SA09_R04.txt,D10,0,12.0,0,0,0,0,0
tree,validation,SA09/D10_SA09_R05.txt,D10,0,12.0,0,0,0,0,0
tree,validation,SA09/D11_SA09_R01.txt,D11,0,11.995,0,0,0,0,0
tree,validation,SA09/D11_SA09_R02.txt,D11,0,12.0,0,0,0,0,0
tree,validation,SA09/D11_SA09_R03.txt,D11,0,12.0,0,0,0,0,0
tree,validation,SA09/D11_SA09_R04.txt,D11,0,12.0,0,0,0,0,0
tree,validation,SA09/D11_SA09_R05.txt,D11,0,12.0,0,0,0,0,0
tree,validation,SA09/D12_SA09_R01.txt,D12,0,12.0,0,0,0,0,0
tree,validation,SA09/D12_SA09_R02.txt,D12,0,12.0,0,0,0,0,0
tree,validation,SA09/D12_SA09_R03.txt,D12,0,12.0,0,0,0,0,0
tree,validation,SA09/D12_SA09_R04.txt,D12,0,12.0,0,0,0,0,0
tree,validation,SA09/D12_SA09_R05.txt,D12,0,12.0,0,0,0,0,0
tree,validation,SA09/D13_SA09_R01.txt,D13,0,12.0,0,0,0,0,0
tree,validation,SA09/D13_SA09_R02.txt,D13,0,12.0,0,0,0,0,0
tree,validation,SA09/D13_SA09_R03.txt,D13,0,12.0,0,0,0,0,0
tree,validation,SA09/D13_SA09_R04.txt,D13,0,12.0,0,0,0,0,0
tree,validation,SA09/D13_SA09_R05.txt,D13,0,11.995,0,0,0,0,0
tree,validation,SA09/D14_SA09_R01.txt,D14,0,12.0,0,0,0,0,0
tree,validation,SA09/D14_SA09_R02.txt,D14,0,12.0,0,0,0,0,0
tree,validation,SA09/D14_SA09_R03.txt,D14,0,12.0,0,0,0,0,0
tree,validation,SA09/D14_SA09_R04.txt,D14,0,12.0,0,0,0,0,0
tree,validation,SA09/D14_SA09_R05.txt,D14,0,12.0,0,0,0,0,0
tree,validation,SA09/D15_SA09_R01.txt,D15,0,12.0,0,0,0,0,0
tree,validation,SA09/D15_SA09_R02.txt,D15,0,12.0,0,0,0,0,0
tree,validation,SA09/D15_SA09_R03.txt,D15,0,12.0,0,0,0,0,0
tree,validation,SA09/D15_SA09_R04.txt,D15,0,12.0,0,0,0,0,0
tree,validation,SA09/D15_SA09_R05.txt,D15,0,12.0,0,0,0,0,0
tree,validation,SA09/D16_SA09_R01.txt,D16,0,11.995,0,0,0,0,0
tree,validation,SA09/D16_SA09_R02.txt,D16,0,12.0,0,0,0,0,0
tree,validation,SA09/D16_SA09_R03.txt,D16,0,11.995,0,0,0,0,0
tree,validation,SA09/D16_SA09_R04.txt,D16,0,12.0,0,0,0,0,0
tree,validation,SA09/D16_SA09_R05.txt,D16,0,12.0,0,0,0,0,0
tree,validation,SA09/D17_SA09_R01.txt,D17,0,24.995,0,0,0,0,0
tree,validation,SA09/D17_SA09_R02.txt,D17,0,25.0,0,0,0,0,0
tree,validation,SA09/D17_SA09_R03.txt,D17,0,25.0,0,0,0,0,0
tree,validation,SA09/D17_SA09_R04.txt,D17,0,25.0,0,0,0,0,0
tree,validation,SA09/D17_SA09_R05.txt,D17,0,25.0,0,0,0,0,0
tree,validation,SA09/D18_SA09_R01.txt,D18,0,11.995,0,0,0,0,0
tree,validation,SA09/D18_SA09_R02.txt,D18,0,12.0,0,1,0,0,0
tree,validation,SA09/D18_SA09_R03.txt,D18,0,12.0,0,0,0,0,0
tree,validation,SA09/D18_SA09_R04.txt,D18,0,12.0,0,0,0,0,0
tree,validation,SA09/D18_SA09_R05.txt,D18,0,12.0,0,0,0,0,0
tree,validation,SA09/D19_SA09_R01.txt,D19,0,12.0,0,0,0,0,0
tree,validation,SA09/D19_SA09_R02.txt,D19,0,12.0,0,0,0,0,0
tree,validation,SA09/D19_SA09_R03.txt,D19,0,12.0,0,0,0,0,0
tree,validation,SA09/D19_SA09_R04.txt,D19,0,12.0,0,0,0,0,0
tree,validation,SA09/D19_SA09_R05.txt,D19,0,12.0,0,0,0,0,0
tree,validation,SA09/F01_SA09_R01.txt,F01,1,15.0,1,1,1,0,0
tree,validation,SA09/F01_SA09_R02.txt,F01,1,15.0,1,1,1,0,0
tree,validation,SA09/F01_SA09_R03.txt,F01,1,15.0,1,2,1,0,0
tree,validation,SA09/F01_SA09_R04.txt,F01,1,15.0,1,1,1,0,0
tree,validation,SA09/F01_SA09_R05.txt,F01,1,15.0,1,1,1,0,0
tree,validation,SA09/F02_SA09_R01.txt,F02,1,15.0,1,1,1,0,0
tree,validation,SA09/F02_SA09_R02.txt,F02,1,15.0,1,1,1,0,0
tree,validation,SA09/F02_SA09_R03.txt,F02,1,15.0,1,1,1,0,0
tree,validation,SA09/F02_SA09_R04.txt,F02,1,15.0,1,1,1,0,0
tree,validation,SA09/F02_SA09_R05.txt,F02,1,14.995,1,1,1,0,0
tree,validation,SA09/F03_SA09_R01.txt,F03,1,15.0,1,1,1,0,0
tree,validation,SA09/F03_SA09_R02.txt,F03,1,15.0,1,2,1,0,0
tree,validation,SA09/F03_SA09_R03.txt,F03,1,15.0,1,1,1,0,0
tree,validation,SA09/F03_SA09_R04.txt,F03,1,15.0,1,1,1,0,0
tree,validation,SA09/F03_SA09_R05.txt,F03,1,15.0,1,1,1,0,0
tree,validation,SA09/F04_SA09_R01.txt,F04,1,15.0,1,1,1,0,0
tree,validation,SA09/F04_SA09_R02.txt,F04,1,15.0,1,1,1,0,0
tree,validation,SA09/F04_SA09_R03.txt,F04,1,15.0,1,1,1,0,0
tree,validation,SA09/F04_SA09_R04.txt,F04,1,15.0,1,1,1,0,0
tree,validation,SA09/F04_SA09_R05.txt,F04,1,15.0,1,1,1,0,0
tree,validation,SA09/F05_SA09_R01.txt,F05,1,15.0,1,1,1,0,0
tree,validation,SA09/F05_SA09_R02.txt,F05,1,15.0,1,2,1,0,0
tree,validation,SA09/F05_SA09_R03.txt,F05,1,15.0,1,1,1,0,0
tree,validation,SA09/F05_SA09_R04.txt,F05,1,15.0,1,1,1,0,0
tree,validation,SA09/F05_SA09_R05.txt,F05,1,15.0,1,1,1,0,0
tree,validation,SA09/F06_SA09_R01.txt,F06,1,15.0,1,1,1,0,0
tree,validation,SA09/F06_SA09_R02.txt,F06,1,15.0,1,1,1,0,0
tree,validation,SA09/F06_SA09_R03.txt,F06,1,15.0,1,1,1,0,0
tree,validation,SA09/F06_SA09_R04.txt,F06,1,15.0,1,2,1,0,0
tree,validation,SA09/F06_SA09_R05.txt,F06,1,15.0,1,1,1,0,0
tree,validation,SA09/F07_SA09_R01.txt,F07,1,14.995,1,1,1,0,0
tree,validation,SA09/F07_SA09_R02.txt,F07,1,15.0,1,0,0,0,1
tree,validation,SA09/F07_SA09_R03.txt,F07,1,15.0,1,1,1,0,0
tree,validation,SA09/F07_SA09_R04.txt,F07,1,15.0,1,1,1,0,0
tree,validation,SA09/F07_SA09_R05.txt,F07,1,15.0,1,1,1,0,0
tree,validation,SA09/F08_SA09_R01.txt,F08,1,15.0,1,1,1,0,0
tree,validation,SA09/F08_SA09_R02.txt,F08,1,15.0,1,1,1,0,0
tree,validation,SA09/F08_SA09_R03.txt,F08,1,15.0,1,1,1,0,0
tree,validation,SA09/F08_SA09_R04.txt,F08,1,15.0,1,1,1,0,0
tree,validation,SA09/F08_SA09_R05.txt,F08,1,15.0,1,1,1,0,0
tree,validation,SA09/F09_SA09_R01.txt,F09,1,15.0,1,1,1,0,0
tree,validation,SA09/F09_SA09_R02.txt,F09,1,15.0,1,1,1,0,0
tree,validation,SA09/F09_SA09_R03.txt,F09,1,15.0,1,1,1,0,0
tree,validation,SA09/F09_SA09_R04.txt,F09,1,15.0,1,1,1,0,0
tree,validation,SA09/F09_SA09_R05.txt,F09,1,15.0,1,1,1,0,0
tree,validation,SA09/F10_SA09_R01.txt,F10,1,15.0,1,1,1,0,0
tree,validation,SA09/F10_SA09_R02.txt,F10,1,15.0,1,1,1,0,0
tree,validation,SA09/F10_SA09_R03.txt,F10,1,15.0,1,1,1,0,0
tree,validation,SA09/F10_SA09_R04.txt,F10,1,15.0,1,1,1,0,0
tree,validation,SA09/F10_SA09_R05.txt,F10,1,15.0,1,1,1,0,0
tree,validation,SA09/F11_SA09_R01.txt,F11,1,14.995,1,1,1,0,0
tree,validation,SA09/F11_SA09_R02.txt,F11,1,15.0,1,1,1,0,0
tree,validation,SA09/F11_SA09_R03.txt,F11,1,15.0,1,1,1,0,0
tree,validation,SA09/F11_SA09_R04.txt,F11,1,15.0,1,1,1,0,0
tree,validation,SA09/F11_SA09_R05.txt,F11,1,15.0,1,1,1,0,0
tree,validation,SA09/F12_SA09_R01.txt,F12,1,15.0,1,1,1,0,0
tree,validation,SA09/F12_SA09_R02.txt,F12,1,15.0,1,1,1,0,0
tree,validation,SA09/F12_SA09_R03.txt,F12,1,15.0,1,1,1,0,0
tree,validation,SA09/F12_SA09_R04.txt,F12,1,15.0,1,1,1,0,0
tree,validation,SA09/F12_SA09_R05.txt,F12,1,15.0,1,1,1,0,0
tree,validation,SA09/F13_SA09_R01.txt,F13,1,15.0,1,1,1,0,0
tree,validation,SA09/F13_SA09_R02.txt,F13,1,15.0,1,1,1,0,0
tree,validation,SA09/F13_SA09_R03.txt,F13,1,15.0,1,1,1,0,0
tree,validation,SA09/F13_SA09_R04.txt,F13,1,15.0,1,1,1,0,0
tree,validation,SA09/F13_SA09_R05.txt,F13,1,15.0,1,1,1,0,0
tree,validation,SA09/F14_SA09_R01.txt,F14,1,15.0,1,1,1,0,0
tree,validation,SA09/F14_SA09_R02.txt,F14,1,15.0,1,1,1,0,0
tree,validation,SA09/F14_SA09_R03.txt,F14,1,15.0,1,1,1,0,0
tree,validation,SA09/F14_SA09_R04.txt,F14,1,15.0,1,1,1,0,0
tree,validation,SA09/F14_SA09_R05.txt,F14,1,15.0,1,1,1,0,0
tree,validation,SA09/F15_SA09_R01.txt,F15,1,15.0,1,1,1,0,0
tree,validation,SA09/F15_SA09_R02.txt,F15,1,15.0,1,1,1,0,0
tree,validation,SA09/F15_SA09_R03.txt,F15,1,15.0,1,1,1,0,0
tree,validation,SA09/F15_SA09_R04.txt,F15,1,15.0,1,1,1,0,0
tree,validation,SA09/F15_SA09_R05.txt,F15,1,15.0,1,1,1,0,0
tree,validation,SA13/D01_SA13_R01.txt,D01,0,99.995,0,0,0,0,0
tree,validation,SA13/D02_SA13_R01.txt,D02,0,100.0,0,0,0,0,0
tree,validation,SA13/D03_SA13_R01.txt,D03,0,100.0,0,0,0,0,0
tree,validation,SA13/D04_SA13_R01.txt,D04,0,100.0,0,10,0,0,0
tree,validation,SA13/D05_SA13_R01.txt,D05,0,25.0,0,0,0,0,0
tree,validation,SA13/D05_SA13_R02.txt,D05,0,25.0,0,0,0,0,0
tree,validation,SA13/D05_SA13_R03.txt,D05,0,25.0,0,0,0,0,0
tree,validation,SA13/D05_SA13_R04.txt,D05,0,25.0,0,0,0,0,0
tree,validation,SA13/D05_SA13_R05.txt,D05,0,25.0,0,0,0,0,0
tree,validation,SA13/D06_SA13_R01.txt,D06,0,24.995,0,0,0,0,0
tree,validation,SA13/D06_SA13_R02.txt,D06,0,25.0,0,1,0,0,0
tree,validation,SA13/D06_SA13_R03.txt,D06,0,25.0,0,1,0,0,0
tree,validation,SA13/D06_SA13_R04.txt,D06,0,25.0,0,1,0,0,0
tree,validation,SA13/D06_SA13_R05.txt,D06,0,25.0,0,1,0,0,0
tree,validation,SA13/D07_SA13_R01.txt,D07,0,12.0,0,0,0,0,0
tree,validation,SA13/D07_SA13_R02.txt,D07,0,12.0,0,0,0,0,0
tree,validation,SA13/D07_SA13_R03.txt,D07,0,12.0,0,0,0,0,0
tree,validation,SA13/D07_SA13_R04.txt,D07,0,12.0,0,0,0,0,0
tree,validation,SA13/D07_SA13_R05.txt,D07,0,12.0,0,0,0,0,0
tree,validation,SA13/D08_SA13_R01.txt,D08,0,12.0,0,0,0,0,0
tree,validation,SA13/D08_SA13_R02.txt,D08,0,12.0,0,0,0,0,0
tree,validation,SA13/D08_SA13_R03.txt,D08,0,12.0,0,0,0,0,0
tree,validation,SA13/D08_SA13_R04.txt,D08,0,12.0,0,0,0,0,0
tree,validation,SA13/D08_SA13_R05.txt,D08,0,12.0,0,0,0,0,0
tree,validation,SA13/D09_SA13_R01.txt,D09,0,12.0,0,0,0,0,0
tree,validation,SA13/D09_SA13_R02.txt,D09,0,12.0,0,0,0,0,0
tree,validation,SA13/D09_SA13_R03.txt,D09,0,12.0,0,0,0,0,0
tree,validation,SA13/D09_SA13_R04.txt,D09,0,12.0,0,0,0,0,0
tree,validation,SA13/D09_SA13_R05.txt,D09,0,12.0,0,0,0,0,0
tree,validation,SA13/D10_SA13_R01.txt,D10,0,12.0,0,0,0,0,0
tree,validation,SA13/D10_SA13_R02.txt,D10,0,12.0,0,0,0,0,0
tree,validation,SA13/D10_SA13_R03.txt,D10,0,11.995,0,0,0,0,0
tree,validation,SA13/D10_SA13_R04.txt,D10,0,12.0,0,0,0,0,0
tree,validation,SA13/D10_SA13_R05.txt,D10,0,12.0,0,0,0,0,0
tree,validation,SA13/D11_SA13_R01.txt,D11,0,11.995,0,0,0,0,0
tree,validation,SA13/D11_SA13_R02.txt,D11,0,12.0,0,0,0,0,0
tree,validation,SA13/D11_SA13_R03.txt,D11,0,12.0,0,0,0,0,0
tree,validation,SA13/D11_SA13_R04.txt,D11,0,12.0,0,0,0,0,0
tree,validation,SA13/D11_SA13_R05.txt,D11,0,12.0,0,0,0,0,0
tree,validation,SA13/D12_SA13_R01.txt,D12,0,12.0,0,0,0,0,0
tree,validation,SA13/D12_SA13_R02.txt,D12,0,12.0,0,0,0,0,0
tree,validation,SA13/D12_SA13_R03.txt,D12,0,12.0,0,0,0,0,0
tree,validation,SA13/D12_SA13_R04.txt,D12,0,12.0,0,0,0,0,0
tree,validation,SA13/D12_SA13_R05.txt,D12,0,12.0,0,0,0,0,0
tree,validation,SA13/D13_SA13_R01.txt,D13,0,12.0,0,1,0,0,0
tree,validation,SA13/D13_SA13_R02.txt,D13,0,12.0,0,0,0,0,0
tree,validation,SA13/D13_SA13_R03.txt,D13,0,12.0,0,0,0,0,0
tree,validation,SA13/D13_SA13_R04.txt,D13,0,12.0,0,0,0,0,0
tree,validation,SA13/D13_SA13_R05.txt,D13,0,12.0,0,0,0,0,0
tree,validation,SA13/D14_SA13_R01.txt,D14,0,12.0,0,0,0,0,0
tree,validation,SA13/D14_SA13_R02.txt,D14,0,12.0,0,0,0,0,0
tree,validation,SA13/D14_SA13_R03.txt,D14,0,12.0,0,0,0,0,0
tree,validation,SA13/D14_SA13_R04.txt,D14,0,12.0,0,0,0,0,0
tree,validation,SA13/D14_SA13_R05.txt,D14,0,12.0,0,0,0,0,0
tree,validation,SA13/D15_SA13_R01.txt,D15,0,12.0,0,0,0,0,0
tree,validation,SA13/D15_SA13_R02.txt,D15,0,12.0,0,0,0,0,0
tree,validation,SA13/D15_SA13_R03.txt,D15,0,12.0,0,0,0,0,0
tree,validation,SA13/D15_SA13_R04.txt,D15,0,12.0,0,0,0,0,0
tree,validation,SA13/D15_SA13_R05.txt,D15,0,12.0,0,0,0,0,0
tree,validation,SA13/D16_SA13_R01.txt,D16,0,11.995,0,0,0,0,0
tree,validation,SA13/D16_SA13_R02.txt,D16,0,12.0,0,0,0,0,0
tree,validation,SA13/D16_SA13_R03.txt,D16,0,12.0,0,0,0,0,0
tree,validation,SA13/D16_SA13_R04.txt,D16,0,12.0,0,0,0,0,0
tree,validation,SA13/D16_SA13_R05.txt,D16,0,12.0,0,0,0,0,0
tree,validation,SA13/D17_SA13_R01.txt,D17,0,24.995,0,0,0,0,0
tree,validation,SA13/D17_SA13_R02.txt,D17,0,25.0,0,0,0,0,0
tree,validation,SA13/D17_SA13_R03.txt,D17,0,25.0,0,0,0,0,0
tree,validation,SA13/D17_SA13_R04.txt,D17,0,25.0,0,0,0,0,0
tree,validation,SA13/D17_SA13_R05.txt,D17,0,25.0,0,0,0,0,0
tree,validation,SA13/D18_SA13_R01.txt,D18,0,12.0,0,1,0,0,0
tree,validation,SA13/D18_SA13_R02.txt,D18,0,12.0,0,1,0,0,0
tree,validation,SA13/D18_SA13_R03.txt,D18,0,12.0,0,1,0,0,0
tree,validation,SA13/D18_SA13_R04.txt,D18,0,12.0,0,1,0,0,0
tree,validation,SA13/D18_SA13_R05.txt,D18,0,12.0,0,1,0,0,0
tree,validation,SA13/D19_SA13_R01.txt,D19,0,12.0,0,0,0,0,0
tree,validation,SA13/D19_SA13_R02.txt,D19,0,12.0,0,0,0,0,0
tree,validation,SA13/D19_SA13_R03.txt,D19,0,12.0,0,0,0,0,0
tree,validation,SA13/D19_SA13_R04.txt,D19,0,12.0,0,0,0,0,0
tree,validation,SA13/D19_SA13_R05.txt,D19,0,12.0,0,0,0,0,0
tree,validation,SA13/F01_SA13_R01.txt,F01,1,15.0,1,1,1,0,0
tree,validation,SA13/F01_SA13_R02.txt,F01,1,15.0,1,2,1,0,0
tree,validation,SA13/F01_SA13_R03.txt,F01,1,15.0,1,1,1,0,0
tree,validation,SA13/F01_SA13_R04.txt,F01,1,15.0,1,1,1,0,0
tree,validation,SA13/F01_SA13_R05.txt,F01,1,14.995,1,1,1,0,0
tree,validation,SA13/F02_SA13_R01.txt,F02,1,15.0,1,1,1,0,0
tree,validation,SA13/F02_SA13_R02.txt,F02,1,15.0,1,1,1,0,0
tree,validation,SA13/F02_SA13_R03.txt,F02,1,15.0,1,1,1,0,0
tree,validation,SA13/F02_SA13_R04.txt,F02,1,15.0,1,1,1,0,0
tree,validation,SA13/F02_SA13_R05.txt,F02,1,15.0,1,1,1,0,0
tree,validation,SA13/F03_SA13_R01.txt,F03,1,15.0,1,1,1,0,0
tree,validation,SA13/F03_SA13_R02.txt,F03,1,15.0,1,1,1,0,0
tree,validation,SA13/F03_SA13_R03.txt,F03,1,15.0,1,1,1,0,0
tree,validation,SA13/F03_SA13_R04.txt,F03,1,15.0,1,1,0,0,1
tree,validation,SA13/F03_SA13_R05.txt,F03,1,15.0,1,1,1,0,0
tree,validation,SA13/F04_SA13_R01.txt,F04,1,15.0,1,1,1,0,0
tree,validation,SA13/F04_SA13_R02.txt,F04,1,15.0,1,1,1,0,0
tree,validation,SA13/F04_SA13_R03.txt,F04,1,15.0,1,1,1,0,0
tree,validation,SA13/F04_SA13_R04.txt,F04,1,15.0,1,1,1,0,0
tree,validation,SA13/F04_SA13_R05.txt,F04,1,15.0,1,1,1,0,0
tree,validation,SA13/F05_SA13_R01.txt,F05,1,15.0,1,1,1,0,0
tree,validation,SA13/F05_SA13_R02.txt,F05,1,15.0,1,2,1,0,0
tree,validation,SA13/F05_SA13_R03.txt,F05,1,15.0,1,2,1,0,0
tree,validation,SA13/F05_SA13_R04.txt,F05,1,15.0,1,2,1,0,0
tree,validation,SA13/F05_SA13_R05.txt,F05,1,15.0,1,3,1,0,0
tree,validation,SA13/F06_SA13_R01.txt,F06,1,15.0,1,1,1,0,0
tree,validation,SA13/F06_SA13_R02.txt,F06,1,15.0,1,1,1,0,0
tree,validation,SA13/F06_SA13_R03.txt,F06,1,15.0,1,1,1,0,0
tree,validation,SA13/F06_SA13_R04.txt,F06,1,14.995,1,1,1,0,0
tree,validation,SA13/F06_SA13_R05.txt,F06,1,15.0,1,1,1,0,0
tree,validation,SA13/F07_SA13_R01.txt,F07,1,15.0,1,1,1,0,0
tree,validation,SA13/F07_SA13_R02.txt,F07,1,15.0,1,1,1,0,0
tree,validation,SA13/F07_SA13_R03.txt,F07,1,15.0,1,1,1,0,0
tree,validation,SA13/F07_SA13_R04.txt,F07,1,15.0,1,2,1,0,0
tree,validation,SA13/F07_SA13_R05.txt,F07,1,15.0,1,1,1,0,0
tree,validation,SA13/F08_SA13_R01.txt,F08,1,14.995,1,1,1,0,0
tree,validation,SA13/F08_SA13_R02.txt,F08,1,15.0,1,1,1,0,0
tree,validation,SA13/F08_SA13_R03.txt,F08,1,15.0,1,1,1,0,0
tree,validation,SA13/F08_SA13_R04.txt,F08,1,15.0,1,1,1,0,0
tree,validation,SA13/F08_SA13_R05.txt,F08,1,14.995,1,1,1,0,0
tree,validation,SA13/F09_SA13_R01.txt,F09,1,15.0,1,1,1,0,0
tree,validation,SA13/F09_SA13_R02.txt,F09,1,15.0,1,1,1,0,0
tree,validation,SA13/F09_SA13_R03.txt,F09,1,15.0,1,1,1,0,0
tree,validation,SA13/F09_SA13_R04.txt,F09,1,15.0,1,1,1,0,0
tree,validation,SA13/F09_SA13_R05.txt,F09,1,15.0,1,1,1,0,0
tree,validation,SA13/F10_SA13_R01.txt,F10,1,15.0,1,1,1,0,0
tree,validation,SA13/F10_SA13_R02.txt,F10,1,15.0,1,1,1,0,0
tree,validation,SA13/F10_SA13_R03.txt,F10,1,15.0,1,1,1,0,0
tree,validation,SA13/F10_SA13_R04.txt,F10,1,15.0,1,1,1,0,0
tree,validation,SA13/F10_SA13_R05.txt,F10,1,15.0,1,1,1,0,0
tree,validation,SA13/F11_SA13_R01.txt,F11,1,15.0,1,1,1,0,0
tree,validation,SA13/F11_SA13_R02.txt,F11,1,14.995,1,1,1,0,0
tree,validation,SA13/F11_SA13_R03.txt,F11,1,15.0,1,0,0,0,1
tree,validation,SA13/F11_SA13_R04.txt,F11,1,15.0,1,1,1,0,0
tree,validation,SA13/F11_SA13_R05.txt,F11,1,15.0,1,1,1,0,0
tree,validation,SA13/F12_SA13_R01.txt,F12,1,15.0,1,1,1,0,0
tree,validation,SA13/F12_SA13_R02.txt,F12,1,15.0,1,1,1,0,0
tree,validation,SA13/F12_SA13_R03.txt,F12,1,15.0,1,1,1,0,0
tree,validation,SA13/F12_SA13_R04.txt,F12,1,15.0,1,1,1,0,0
tree,validation,SA13/F12_SA13_R05.txt,F12,1,15.0,1,1,1,0,0
tree,validation,SA13/F13_SA13_R01.txt,F13,1,15.0,1,1,1,0,0
tree,validation,SA13/F13_SA13_R02.txt,F13,1,15.0,1,1,1,0,0
tree,validation,SA13/F13_SA13_R03.txt,F13,1,15.0,1,1,1,0,0
tree,validation,SA13/F13_SA13_R04.txt,F13,1,15.0,1,1,1,0,0
tree,validation,SA13/F13_SA13_R05.txt,F13,1,15.0,1,1,1,0,0
tree,validation,SA13/F14_SA13_R01.txt,F14,1,15.0,1,1,1,0,0
tree,validation,SA13/F14_SA13_R02.txt,F14,1,15.0,1,1,1,0,0
tree,validation,SA13/F14_SA13_R03.txt,F14,1,15.0,1,1,1,0,0
tree,validation,SA13/F14_SA13_R04.txt,F14,1,15.0,1,1,1,0,0
tree,validation,SA13/F14_SA13_R05.txt,F14,1,15.0,1,1,1,0,0
tree,validation,SA13/F15_SA13_R01.txt,F15,1,15.0,1,1,1,0,0
tree,validation,SA13/F15_SA13_R02.txt,F15,1,15.0,1,1,1,0,0
tree,validation,SA13/F15_SA13_R03.txt,F15,1,15.0,1,1,1,0,0
tree,validation,SA13/F15_SA13_R04.txt,F15,1,15.0,1,1,1,0,0
tree,validation,SA13/F15_SA13_R05.txt,F15,1,15.0,1,1,1,0,0
tree,validation,SA19/D01_SA19_R01.txt,D01,0,99.995,0,0,0,0,0
tree,validation,SA19/D02_SA19_R01.txt,D02,0,100.0,0,0,0,0,0
tree,validation,SA19/D03_SA19_R01.txt,D03,0,100.0,0,1,0,0,0
tree,validation,SA19/D04_SA19_R01.txt,D04,0,100.0,0,4,0,0,0
tree,validation,SA19/D05_SA19_R01.txt,D05,0,25.0,0,0,0,0,0
tree,validation,SA19/D05_SA19_R02.txt,D05,0,25.0,0,0,0,0,0
tree,validation,SA19/D05_SA19_R03.txt,D05,0,25.0,0,0,0,0,0
tree,validation,SA19/D05_SA19_R04.txt,D05,0,25.0,0,0,0,0,0
tree,validation,SA19/D05_SA19_R05.txt,D05,0,25.0,0,0,0,0,0
tree,validation,SA19/D06_SA19_R01.txt,D06,0,25.0,0,1,0,0,0
tree,validation,SA19/D06_SA19_R02.txt,D06,0,25.0,0,2,0,0,0
tree,validation,SA19/D06_SA19_R03.txt,D06,0,24.995,0,0,0,0,0
tree,validation,SA19/D06_SA19_R04.txt,D06,0,25.0,0,1,0,0,0
tree,validation,SA19/D06_SA19_R05.txt,D06,0,25.0,0,1,0,0,0
tree,validation,SA19/D07_SA19_R01.txt,D07,0,11.995,0,0,0,0,0
tree,validation,SA19/D07_SA19_R02.txt,D07,0,12.0,0,0,0,0,0
tree,validation,SA19/D07_SA19_R03.txt,D07,0,12.0,0,0,0,0,0
tree,validation,SA19/D07_SA19_R04.txt,D07,0,12.0,0,0,0,0,0
tree,validation,SA19/D07_SA19_R05.txt,D07,0,12.0,0,0,0,0,0
tree,validation,SA19/D08_SA19_R01.txt,D08,0,11.995,0,0,0,0,0
tree,validation,SA19/D08_SA19_R02.txt,D08,0,12.0,0,0,0,0,0
tree,validation,SA19/D08_SA19_R03.txt,D08,0,12.0,0,0,0,0,0
tree,validation,SA19/D08_SA19_R04.txt,D08,0,12.0,0,0,0,0,0
tree,validation,SA19/D08_SA19_R05.txt,D08,0,12.0,0,0,0,0,0
tree,validation,SA19/D09_SA19_R01.txt,D09,0,11.99,0,0,0,0,0
tree,validation,SA19/D09_SA19_R02.txt,D09,0,12.0,0,0,0,0,0
tree,validation,SA19/D09_SA19_R03.txt,D09,0,12.0,0,0,0,0,0
tree,validation,SA19/D09_SA19_R04.txt,D09,0,12.0,0,0,0,0,0
tree,validation,SA19/D09_SA19_R05.txt,D09,0,12.0,0,0,0,0,0
tree,validation,SA19/D10_SA19_R01.txt,D10,0,12.0,0,0,0,0,0
tree,validation,SA19/D10_SA19_R02.txt,D10,0,12.0,0,0,0,0,0
tree,validation,SA19/D10_SA19_R03.txt,D10,0,12.0,0,0,0,0,0
tree,validation,SA19/D10_SA19_R04.txt,D10,0,12.0,0,0,0,0,0
tree,validation,SA19/D10_SA19_R05.txt,D10,0,12.0,0,0,0,0,0
tree,validation,SA19/D11_SA19_R01.txt,D11,0,11.995,0,0,0,0,0
tree,validation,SA19/D11_SA19_R02.txt,D11,0,12.0,0,0,0,0,0
tree,validation,SA19/D11_SA19_R03.txt,D11,0,12.0,0,0,0,0,0
tree,validation,SA19/D11_SA19_R04.txt,D11,0,12.0,0,0,0,0,0
tree,validation,SA19/D11_SA19_R05.txt,D11,0,12.0,0,0,0,0,0
tree,validation,SA19/D12_SA19_R01.txt,D12,0,12.0,0,0,0,0,0
tree,validation,SA19/D12_SA19_R02.txt,D12,0,12.0,0,0,0,0,0
tree,validation,SA19/D12_SA19_R03.txt,D12,0,12.0,0,0,0,0,0
tree,validation,SA19/D12_SA19_R04.txt,D12,0,12.0,0,0,0,0,0
tree,validation,SA19/D12_SA19_R05.txt,D12,0,12.0,0,0,0,0,0
tree,validation,SA19/D13_SA19_R01.txt,D13,0,12.0,0,0,0,0,0
tree,validation,SA19/D13_SA19_R02.txt,D13,0,12.0,0,0,0,0,0
tree,validation,SA19/D13_SA19_R03.txt,D13,0,12.0,0,0,0,0,0
tree,validation,SA19/D13_SA19_R04.txt,D13,0,12.0,0,0,0,0,0
tree,validation,SA19/D13_SA19_R05.txt,D13,0,12.0,0,0,0,0,0
tree,validation,SA19/D14_SA19_R01.txt,D14,0,12.0,0,0,0,0,0
tree,validation,SA19/D14_SA19_R02.txt,D14,0,12.0,0,0,0,0,0
tree,validation,SA19/D14_SA19_R03.txt,D14,0,12.0,0,0,0,0,0
tree,validation,SA19/D14_SA19_R04.txt,D14,0,12.0,0,0,0,0,0
tree,validation,SA19/D14_SA19_R05.txt,D14,0,12.0,0,0,0,0,0
tree,validation,SA19/D15_SA19_R01.txt,D15,0,12.0,0,0,0,0,0
tree,validation,SA19/D15_SA19_R02.txt,D15,0,12.0,0,0,0,0,0
tree,validation,SA19/D15_SA19_R03.txt,D15,0,12.0,0,0,0,0,0
tree,validation,SA19/D15_SA19_R04.txt,D15,0,12.0,0,0,0,0,0
tree,validation,SA19/D15_SA19_R05.txt,D15,0,12.0,0,0,0,0,0
tree,validation,SA19/D16_SA19_R01.txt,D16,0,11.975,0,0,0,0,0
tree,validation,SA19/D16_SA19_R02.txt,D16,0,12.0,0,0,0,0,0
tree,validation,SA19/D16_SA19_R03.txt,D16,0,12.0,0,0,0,0,0
tree,validation,SA19/D16_SA19_R04.txt,D16,0,12.0,0,0,0,0,0
tree,validation,SA19/D16_SA19_R05.txt,D16,0,12.0,0,0,0,0,0
tree,validation,SA19/D17_SA19_R01.txt,D17,0,25.0,0,0,0,0,0
tree,validation,SA19/D17_SA19_R02.txt,D17,0,24.995,0,0,0,0,0
tree,validation,SA19/D17_SA19_R03.txt,D17,0,25.0,0,0,0,0,0
tree,validation,SA19/D17_SA19_R04.txt,D17,0,25.0,0,0,0,0,0
tree,validation,SA19/D17_SA19_R05.txt,D17,0,24.995,0,0,0,0,0
tree,validation,SA19/D18_SA19_R01.txt,D18,0,11.99,0,1,0,0,0
tree,validation,SA19/D18_SA19_R02.txt,D18,0,12.0,0,1,0,0,0
tree,validation,SA19/D18_SA19_R03.txt,D18,0,12.0,0,0,0,0,0
tree,validation,SA19/D18_SA19_R04.txt,D18,0,12.0,0,2,0,0,0
tree,validation,SA19/D18_SA19_R05.txt,D18,0,12.0,0,1,0,0,0
tree,validation,SA19/D19_SA19_R01.txt,D19,0,12.0,0,0,0,0,0
tree,validation,SA19/D19_SA19_R02.txt,D19,0,12.0,0,1,0,0,0
tree,validation,SA19/D19_SA19_R03.txt,D19,0,12.0,0,0,0,0,0
tree,validation,SA19/D19_SA19_R04.txt,D19,0,12.0,0,0,0,0,0
tree,validation,SA19/D19_SA19_R05.txt,D19,0,12.0,0,1,0,0,0
tree,validation,SA19/F01_SA19_R01.txt,F01,1,14.995,1,1,1,0,0
tree,validation,SA19/F01_SA19_R02.txt,F01,1,15.0,1,1,1,0,0
tree,validation,SA19/F01_SA19_R03.txt,F01,1,15.0,1,1,1,0,0
tree,validation,SA19/F01_SA19_R04.txt,F01,1,15.0,1,1,0,0,1
tree,validation,SA19/F01_SA19_R05.txt,F01,1,15.0,1,1,1,0,0
tree,validation,SA19/F02_SA19_R01.txt,F02,1,15.0,1,2,1,0,0
tree,validation,SA19/F02_SA19_R02.txt,F02,1,15.0,1,1,1,0,0
tree,validation,SA19/F02_SA19_R03.txt,F02,1,15.0,1,2,1,0,0
tree,validation,SA19/F02_SA19_R04.txt,F02,1,15.0,1,1,1,0,0
tree,validation,SA19/F02_SA19_R05.txt,F02,1,15.0,1,1,1,0,0
tree,validation,SA19/F03_SA19_R01.txt,F03,1,15.0,1,1,1,0,0
tree,validation,SA19/F03_SA19_R02.txt,F03,1,15.0,1,0,0,0,1
tree,validation,SA19/F03_SA19_R03.txt,F03,1,14.995,1,1,1,0,0
tree,validation,SA19/F03_SA19_R04.txt,F03,1,15.0,1,1,1,0,0
tree,validation,SA19/F03_SA19_R05.txt,F03,1,15.0,1,1,1,0,0
tree,validation,SA19/F04_SA19_R01.txt,F04,1,15.0,1,1,1,0,0
tree,validation,SA19/F04_SA19_R02.txt,F04,1,15.0,1,1,1,0,0
tree,validation,SA19/F04_SA19_R03.txt,F04,1,14.985,1,1,1,0,0
tree,validation,SA19/F04_SA19_R04.txt,F04,1,15.0,1,1,1,0,0
tree,validation,SA19/F04_SA19_R05.txt,F04,1,15.0,1,1,1,0,0
tree,validation,SA19/F05_SA19_R01.txt,F05,1,15.0,1,3,1,0,0
tree,validation,SA19/F05_SA19_R02.txt,F05,1,15.0,1,0,0,0,1
tree,validation,SA19/F05_SA19_R03.txt,F05,1,14.995,1,1,1,0,0
tree,validation,SA19/F05_SA19_R04.txt,F05,1,15.0,1,1,1,0,0
tree,validation,SA19/F05_SA19_R05.txt,F05,1,15.0,1,1,1,0,0
tree,validation,SA19/F06_SA19_R01.txt,F06,1,14.995,1,1,1,0,0
tree,validation,SA19/F06_SA19_R02.txt,F06,1,15.0,1,1,1,0,0
tree,validation,SA19/F06_SA19_R03.txt,F06,1,15.0,1,1,1,0,0
tree,validation,SA19/F06_SA19_R04.txt,F06,1,15.0,1,1,1,0,0
tree,validation,SA19/F06_SA19_R05.txt,F06,1,15.0,1,1,1,0,0
tree,validation,SA19/F07_SA19_R01.txt,F07,1,14.995,1,1,1,0,0
tree,validation,SA19/F07_SA19_R02.txt,F07,1,15.0,1,1,1,0,0
tree,validation,SA19/F07_SA19_R03.txt,F07,1,15.0,1,0,0,0,1
tree,validation,SA19/F07_SA19_R04.txt,F07,1,15.0,1,1,1,0,0
tree,validation,SA19/F07_SA19_R05.txt,F07,1,14.995,1,1,1,0,0
tree,validation,SA19/F08_SA19_R01.txt,F08,1,14.99,1,1,1,0,0
tree,validation,SA19/F08_SA19_R02.txt,F08,1,15.0,0,0,0,1,0
tree,validation,SA19/F08_SA19_R03.txt,F08,1,15.0,1,1,1,0,0
tree,validation,SA19/F08_SA19_R04.txt,F08,1,15.0,1,1,1,0,0
tree,validation,SA19/F08_SA19_R05.txt,F08,1,15.0,1,1,1,0,0
tree,validation,SA19/F09_SA19_R01.txt,F09,1,15.0,1,1,1,0,0
tree,validation,SA19/F09_SA19_R02.txt,F09,1,15.0,1,1,1,0,0
tree,validation,SA19/F09_SA19_R03.txt,F09,1,15.0,1,1,1,0,0
tree,validation,SA19/F09_SA19_R04.txt,F09,1,15.0,1,1,1,0,0
tree,validation,SA19/F09_SA19_R05.txt,F09,1,15.0,1,0,0,0,1
tree,validation,SA19/F10_SA19_R01.txt,F10,1,15.0,1,1,1,0,0
tree,validation,SA19/F10_SA19_R02.txt,F10,1,15.0,1,1,1,0,0
tree,validation,SA19/F10_SA19_R03.txt,F10,1,15.0,1,1,1,0,0
tree,validation,SA19/F10_SA19_R04.txt,F10,1,15.0,1,1,1,0,0
tree,validation,SA19/F10_SA19_R05.txt,F10,1,15.0,1,1,1,0,0
tree,validation,SA19/F11_SA19_R01.txt,F11,1,14.995,1,1,1,0,0
tree,validation,SA19/F11_SA19_R02.txt,F11,1,15.0,1,1,1,0,0
tree,validation,SA19/F11_SA19_R03.txt,F11,1,15.0,1,1,1,0,0
tree,validation,SA19/F11_SA19_R04.txt,F11,1,15.0,1,1,1,0,0
tree,validation,SA19/F11_SA19_R05.txt,F11,1,14.995,1,1,1,0,0
tree,validation,SA19/F12_SA19_R01.txt,F12,1,15.0,1,1,1,0,0
tree,validation,SA19/F12_SA19_R02.txt,F12,1,15.0,1,1,1,0,0
tree,validation,SA19/F12_SA19_R03.txt,F12,1,15.0,1,1,1,0,0
tree,validation,SA19/F12_SA19_R04.txt,F12,1,14.985,1,1,1,0,0
tree,validation,SA19/F12_SA19_R05.txt,F12,1,15.0,1,1,1,0,0
tree,validation,SA19/F13_SA19_R01.txt,F13,1,15.0,1,1,1,0,0
tree,validation,SA19/F13_SA19_R02.txt,F13,1,15.0,1,1,1,0,0
tree,validation,SA19/F13_SA19_R03.txt,F13,1,15.0,1,0,0,0,1
tree,validation,SA19/F13_SA19_R04.txt,F13,1,15.0,1,1,1,0,0
tree,validation,SA19/F13_SA19_R05.txt,F13,1,15.0,1,1,1,0,0
tree,validation,SA19/F14_SA19_R01.txt,F14,1,15.0,1,1,1,0,0
tree,validation,SA19/F14_SA19_R02.txt,F14,1,15.0,1,1,1,0,0
tree,validation,SA19/F14_SA19_R03.txt,F14,1,15.0,1,1,1,0,0
tree,validation,SA19/F14_SA19_R04.txt,F14,1,15.0,1,1,1,0,0
tree,validation,SA19/F14_SA19_R05.txt,F14,1,15.0,1,1,1,0,0
tree,validation,SA19/F15_SA19_R01.txt,F15,1,15.0,1,1,1,0,0
tree,validation,SA19/F15_SA19_R02.txt,F15,1,15.0,1,1,1,0,0
tree,validation,SA19/F15_SA19_R03.txt,F15,1,15.0,1,1,1,0,0
tree,validation,SA19/F15_SA19_R04.txt,F15,1,15.0,1,1,1,0,0
tree,validation,SA19/F15_SA19_R05.txt,F15,1,15.0,1,1,1,0,0
tree,validation,SE08/D01_SE08_R01.txt,D01,0,99.995,0,0,0,0,0
tree,validation,SE08/D02_SE08_R01.txt,D02,0,100.0,0,0,0,0,0
tree,validation,SE08/D03_SE08_R01.txt,D03,0,100.0,0,0,0,0,0
tree,validation,SE08/D04_SE08_R01.txt,D04,0,100.0,0,0,0,0,0
tree,validation,SE08/D05_SE08_R01.txt,D05,0,24.995,0,0,0,0,0
tree,validation,SE08/D05_SE08_R02.txt,D05,0,24.995,0,0,0,0,0
tree,validation,SE08/D05_SE08_R03.txt,D05,0,24.995,0,0,0,0,0
tree,validation,SE08/D05_SE08_R04.txt,D05,0,24.995,0,0,0,0,0
tree,validation,SE08/D05_SE08_R05.txt,D05,0,25.0,0,0,0,0,0
tree,validation,SE08/D07_SE08_R01.txt,D07,0,12.0,0,0,0,0,0
tree,validation,SE08/D07_SE08_R02.txt,D07,0,12.0,0,0,0,0,0
tree,validation,SE08/D07_SE08_R03.txt,D07,0,12.0,0,0,0,0,0
tree,validation,SE08/D07_SE08_R04.txt,D07,0,11.995,0,0,0,0,0
tree,validation,SE08/D07_SE08_R05.txt,D07,0,12.0,0,0,0,0,0
tree,validation,SE08/D08_SE08_R01.txt,D08,0,11.995,0,0,0,0,0
tree,validation,SE08/D08_SE08_R02.txt,D08,0,11.995,0,0,0,0,0
tree,validation,SE08/D08_SE08_R03.txt,D08,0,12.0,0,0,0,0,0
tree,validation,SE08/D08_SE08_R04.txt,D08,0,12.0,0,0,0,0,0
tree,validation,SE08/D08_SE08_R05.txt,D08,0,12.0,0,1,0,0,0
tree,validation,SE08/D09_SE08_R01.txt,D09,0,12.0,0,0,0,0,0
tree,validation,SE08/D09_SE08_R02.txt,D09,0,12.0,0,0,0,0,0
tree,validation,SE08/D09_SE08_R03.txt,D09,0,12.0,0,0,0,0,0
tree,validation,SE08/D09_SE08_R04.txt,D09,0,12.0,0,0,0,0,0
tree,validation,SE08/D09_SE08_R05.txt,D09,0,12.0,0,0,0,0,0
tree,validation,SE08/D10_SE08_R01.txt,D10,0,12.0,0,0,0,0,0
tree,validation,SE08/D10_SE08_R02.txt,D10,0,12.0,0,0,0,0,0
tree,validation,SE08/D10_SE08_R03.txt,D10,0,12.0,0,0,0,0,0
tree,validation,SE08/D10_SE08_R04.txt,D10,0,12.0,0,0,0,0,0
tree,validation,SE08/D10_SE08_R05.txt,D10,0,12.0,0,0,0,0,0
tree,validation,SE08/D11_SE08_R01.txt,D11,0,12.0,0,0,0,0,0
tree,validation,SE08/D11_SE08_R02.txt,D11,0,12.0,0,0,0,0,0
tree,validation,SE08/D11_SE08_R03.txt,D11,0,12.0,0,0,0,0,0
tree,validation,SE08/D11_SE08_R04.txt,D11,0,12.0,0,0,0,0,0
tree,validation,SE08/D11_SE08_R05.txt,D11,0,12.0,0,0,0,0,0
tree,validation,SE08/D12_SE08_R01.txt,D12,0,12.0,0,0,0,0,0
tree,validation,SE08/D12_SE08_R02.txt,D12,0,12.0,0,0,0,0,0
tree,validation,SE08/D12_SE08_R03.txt,D12,0,12.0,0,0,0,0,0
tree,validation,SE08/D12_SE08_R04.txt,D12,0,12.0,0,0,0,0,0
tree,validation,SE08/D12_SE08_R05.txt,D12,0,12.0,0,0,0,0,0
tree,validation,SE08/D14_SE08_R01.txt,D14,0,12.0,0,2,0,0,0
tree,validation,SE08/D14_SE08_R02.txt,D14,0,12.0,0,1,0,0,0
tree,validation,SE08/D14_SE08_R03.txt,D14,0,12.0,0,0,0,0,0
tree,validation,SE08/D14_SE08_R04.txt,D14,0,12.0,0,0,0,0,0
tree,validation,SE08/D14_SE08_R05.txt,D14,0,12.0,0,1,0,0,0
tree,validation,SE08/D15_SE08_R01.txt,D15,0,12.0,0,0,0,0,0
tree,validation,SE08/D15_SE08_R02.txt,D15,0,12.0,0,0,0,0,0
tree,validation,SE08/D15_SE08_R03.txt,D15,0,12.0,0,0,0,0,0
tree,validation,SE08/D15_SE08_R04.txt,D15,0,12.0,0,0,0,0,0
tree,validation,SE08/D15_SE08_R05.txt,D15,0,12.0,0,0,0,0,0
tree,validation,SE08/D16_SE08_R01.txt,D16,0,12.0,0,0,0,0,0
tree,validation,SE08/D16_SE08_R02.txt,D16,0,12.0,0,0,0,0,0
tree,validation,SE08/D16_SE08_R03.txt,D16,0,12.0,0,0,0,0,0
tree,validation,SE08/D16_SE08_R04.txt,D16,0,12.0,0,0,0,0,0
tree,validation,SE08/D16_SE08_R05.txt,D16,0,12.0,0,0,0,0,0
tree,validation,SE08/D17_SE08_R01.txt,D17,0,24.995,0,0,0,0,0
tree,validation,SE08/D17_SE08_R02.txt,D17,0,24.995,0,0,0,0,0
tree,validation,SE08/D17_SE08_R03.txt,D17,0,24.995,0,0,0,0,0
tree,validation,SE08/D17_SE08_R04.txt,D17,0,24.995,0,0,0,0,0
tree,validation,SE08/D17_SE08_R05.txt,D17,0,24.995,0,0,0,0,0
tree,validation,SE09/D01_SE09_R01.txt,D01,0,99.925,0,0,0,0,0
tree,validation,SE09/D02_SE09_R01.txt,D02,0,100.0,0,0,0,0,0
tree,validation,SE09/D03_SE09_R01.txt,D03,0,100.0,0,0,0,0,0
tree,validation,SE09/D04_SE09_R01.txt,D04,0,100.0,0,0,0,0,0
tree,validation,SE09/D05_SE09_R01.txt,D05,0,25.0,0,0,0,0,0
tree,validation,SE09/D05_SE09_R02.txt,D05,0,25.0,0,0,0,0,0
tree,validation,SE09/D05_SE09_R03.txt,D05,0,25.0,0,0,0,0,0
tree,validation,SE09/D05_SE09_R04.txt,D05,0,25.0,0,0,0,0,0
tree,validation,SE09/D05_SE09_R05.txt,D05,0,25.0,0,0,0,0,0
tree,validation,SE09/D07_SE09_R01.txt,D07,0,12.0,0,0,0,0,0
tree,validation,SE09/D07_SE09_R02.txt,D07,0,11.995,0,0,0,0,0
tree,validation,SE09/D07_SE09_R03.txt,D07,0,12.0,0,0,0,0,0
tree,validation,SE09/D07_SE09_R04.txt,D07,0,12.0,0,0,0,0,0
tree,validation,SE09/D07_SE09_R05.txt,D07,0,12.0,0,0,0,0,0
tree,validation,SE09/D08_SE09_R01.txt,D08,0,12.0,0,0,0,0,0
tree,validation,SE09/D08_SE09_R02.txt,D08,0,12.0,0,0,0,0,0
tree,validation,SE09/D08_SE09_R03.txt,D08,0,12.0,0,0,0,0,0
tree,validation,SE09/D08_SE09_R04.txt,D08,0,12.0,0,0,0,0,0
tree,validation,SE09/D08_SE09_R05.txt,D08,0,12.0,0,0,0,0,0
tree,validation,SE09/D09_SE09_R01.txt,D09,0,12.0,0,0,0,0,0
tree,validation,SE09/D09_SE09_R02.txt,D09,0,12.0,0,0,0,0,0
tree,validation,SE09/D09_SE09_R03.txt,D09,0,12.0,0,0,0,0,0
tree,validation,SE09/D09_SE09_R04.txt,D09,0,12.0,0,0,0,0,0
tree,validation,SE09/D09_SE09_R05.txt,D09,0,12.0,0,0,0,0,0
tree,validation,SE09/D10_SE09_R01.txt,D10,0,12.0,0,0,0,0,0
tree,validation,SE09/D10_SE09_R02.txt,D10,0,12.0,0,0,0,0,0
tree,validation,SE09/D10_SE09_R03.txt,D10,0,12.0,0,0,0,0,0
tree,validation,SE09/D10_SE09_R04.txt,D10,0,12.0,0,0,0,0,0
tree,validation,SE09/D10_SE09_R05.txt,D10,0,12.0,0,0,0,0,0
tree,validation,SE09/D11_SE09_R01.txt,D11,0,11.995,0,0,0,0,0
tree,validation,SE09/D11_SE09_R02.txt,D11,0,12.0,0,0,0,0,0
tree,validation,SE09/D11_SE09_R03.txt,D11,0,12.0,0,0,0,0,0
tree,validation,SE09/D11_SE09_R04.txt,D11,0,12.0,0,0,0,0,0
tree,validation,SE09/D11_SE09_R05.txt,D11,0,12.0,0,0,0,0,0
tree,validation,SE09/D12_SE09_R01.txt,D12,0,12.0,0,0,0,0,0
tree,validation,SE09/D12_SE09_R02.txt,D12,0,12.0,0,0,0,0,0
tree,validation,SE09/D12_SE09_R03.txt,D12,0,12.0,0,0,0,0,0
tree,validation,SE09/D12_SE09_R04.txt,D12,0,12.0,0,0,0,0,0
tree,validation,SE09/D12_SE09_R05.txt,D12,0,12.0,0,0,0,0,0
tree,validation,SE09/D14_SE09_R01.txt,D14,0,12.0,0,0,0,0,0
tree,validation,SE09/D14_SE09_R02.txt,D14,0,12.0,0,0,0,0,0
tree,validation,SE09/D14_SE09_R03.txt,D14,0,12.0,0,0,0,0,0
tree,validation,SE09/D14_SE09_R04.txt,D14,0,12.0,0,0,0,0,0
tree,validation,SE09/D14_SE09_R05.txt,D14,0,12.0,0,0,0,0,0
tree,validation,SE09/D15_SE09_R01.txt,D15,0,12.0,0,0,0,0,0
tree,validation,SE09/D15_SE09_R02.txt,D15,0,12.0,0,0,0,0,0
tree,validation,SE09/D15_SE09_R03.txt,D15,0,12.0,0,0,0,0,0
tree,validation,SE09/D15_SE09_R04.txt,D15,0,12.0,0,0,0,0,0
tree,validation,SE09/D15_SE09_R05.txt,D15,0,12.0,0,0,0,0,0
tree,validation,SE09/D16_SE09_R01.txt,D16,0,11.995,0,0,0,0,0
tree,validation,SE09/D16_SE09_R02.txt,D16,0,12.0,0,0,0,0,0
tree,validation,SE09/D16_SE09_R03.txt,D16,0,12.0,0,0,0,0,0
tree,validation,SE09/D16_SE09_R04.txt,D16,0,12.0,0,0,0,0,0
tree,validation,SE09/D16_SE09_R05.txt,D16,0,12.0,0,0,0,0,0
tree,validation,SE09/D17_SE09_R01.txt,D17,0,25.0,0,0,0,0,0
tree,validation,SE09/D17_SE09_R02.txt,D17,0,25.0,0,0,0,0,0
tree,validation,SE09/D17_SE09_R03.txt,D17,0,25.0,0,0,0,0,0
tree,validation,SE09/D17_SE09_R04.txt,D17,0,25.0,0,0,0,0,0
tree,validation,SE09/D17_SE09_R05.txt,D17,0,25.0,0,0,0,0,0
tree,validation,SE11/D01_SE11_R01.txt,D01,0,99.995,0,0,0,0,0
tree,validation,SE11/D02_SE11_R01.txt,D02,0,100.0,0,0,0,0,0
tree,validation,SE11/D03_SE11_R01.txt,D03,0,100.0,0,23,0,0,0
tree,validation,SE11/D04_SE11_R01.txt,D04,0,100.0,0,50,0,0,0
tree,validation,SE11/D05_SE11_R01.txt,D05,0,25.0,0,0,0,0,0
tree,validation,SE11/D05_SE11_R02.txt,D05,0,25.0,0,0,0,0,0
tree,validation,SE11/D05_SE11_R03.txt,D05,0,25.0,0,0,0,0,0
tree,validation,SE11/D05_SE11_R04.txt,D05,0,25.0,0,0,0,0,0
tree,validation,SE11/D05_SE11_R05.txt,D05,0,25.0,0,0,0,0,0
tree,validation,SE11/D07_SE11_R01.txt,D07,0,11.995,0,0,0,0,0
tree,validation,SE11/D07_SE11_R02.txt,D07,0,12.0,0,0,0,0,0
tree,validation,SE11/D07_SE11_R03.txt,D07,0,11.995,0,0,0,0,0
tree,validation,SE11/D07_SE11_R04.txt,D07,0,12.0,0,0,0,0,0
tree,validation,SE11/D07_SE11_R05.txt,D07,0,12.0,0,0,0,0,0
tree,validation,SE11/D08_SE11_R01.txt,D08,0,12.0,0,0,0,0,0
tree,validation,SE11/D08_SE11_R02.txt,D08,0,12.0,0,0,0,0,0
tree,validation,SE11/D08_SE11_R03.txt,D08,0,12.0,0,0,0,0,0
tree,validation,SE11/D08_SE11_R04.txt,D08,0,12.0,0,0,0,0,0
tree,validation,SE11/D08_SE11_R05.txt,D08,0,12.0,0,0,0,0,0
tree,validation,SE11/D09_SE11_R01.txt,D09,0,12.0,0,0,0,0,0
tree,validation,SE11/D09_SE11_R02.txt,D09,0,12.0,0,0,0,0,0
tree,validation,SE11/D09_SE11_R03.txt,D09,0,12.0,0,0,0,0,0
tree,validation,SE11/D09_SE11_R04.txt,D09,0,12.0,0,0,0,0,0
tree,validation,SE11/D09_SE11_R05.txt,D09,0,12.0,0,0,0,0,0
tree,validation,SE11/D10_SE11_R01.txt,D10,0,12.0,0,0,0,0,0
tree,validation,SE11/D10_SE11_R02.txt,D10,0,12.0,0,0,0,0,0
tree,validation,SE11/D10_SE11_R03.txt,D10,0,12.0,0,0,0,0,0
tree,validation,SE11/D10_SE11_R04.txt,D10,0,12.0,0,0,0,0,0
tree,validation,SE11/D10_SE11_R05.txt,D10,0,12.0,0,0,0,0,0
tree,validation,SE11/D11_SE11_R01.txt,D11,0,11.995,0,0,0,0,0
tree,validation,SE11/D11_SE11_R02.txt,D11,0,12.0,0,0,0,0,0
tree,validation,SE11/D11_SE11_R03.txt,D11,0,12.0,0,0,0,0,0
tree,validation,SE11/D11_SE11_R04.txt,D11,0,12.0,0,0,0,0,0
tree,validation,SE11/D11_SE11_R05.txt,D11,0,12.0,0,0,0,0,0
tree,validation,SE11/D12_SE11_R01.txt,D12,0,12.0,0,0,0,0,0
tree,validation,SE11/D12_SE11_R02.txt,D12,0,12.0,0,0,0,0,0
tree,validation,SE11/D12_SE11_R03.txt,D12,0,12.0,0,0,0,0,0
tree,validation,SE11/D12_SE11_R04.txt,D12,0,12.0,0,0,0,0,0
tree,validation,SE11/D12_SE11_R05.txt,D12,0,12.0,0,0,0,0,0
tree,validation,SE11/D14_SE11_R01.txt,D14,0,12.0,0,1,0,0,0
tree,validation,SE11/D14_SE11_R02.txt,D14,0,12.0,0,0,0,0,0
tree,validation,SE11/D14_SE11_R03.txt,D14,0,12.0,0,0,0,0,0
tree,validation,SE11/D14_SE11_R04.txt,D14,0,12.0,0,0,0,0,0
tree,validation,SE11/D14_SE11_R05.txt,D14,0,12.0,0,0,0,0,0
tree,validation,SE11/D15_SE11_R01.txt,D15,0,12.0,0,0,0,0,0
tree,validation,SE11/D15_SE11_R02.txt,D15,0,12.0,0,0,0,0,0
tree,validation,SE11/D15_SE11_R03.txt,D15,0,12.0,0,0,0,0,0
tree,validation,SE11/D15_SE11_R04.txt,D15,0,12.0,0,0,0,0,0
tree,validation,SE11/D15_SE11_R05.txt,D15,0,12.0,0,0,0,0,0
tree,validation,SE11/D16_SE11_R01.txt,D16,0,11.995,0,0,0,0,0
tree,validation,SE11/D16_SE11_R02.txt,D16,0,12.0,0,0,0,0,0
tree,validation,SE11/D16_SE11_R03.txt,D16,0,12.0,0,0,0,0,0
tree,validation,SE11/D16_SE11_R04.txt,D16,0,12.0,0,0,0,0,0
tree,validation,SE11/D16_SE11_R05.txt,D16,0,12.0,0,0,0,0,0
tree,validation,SE11/D17_SE11_R01.txt,D17,0,24.995,0,0,0,0,0
tree,validation,SE11/D17_SE11_R02.txt,D17,0,25.0,0,0,0,0,0
tree,validation,SE11/D17_SE11_R03.txt,D17,0,25.0,0,0,0,0,0
tree,validation,SE11/D17_SE11_R04.txt,D17,0,25.0,0,0,0,0,0
tree,validation,SE11/D17_SE11_R05.txt,D17,0,25.0,0,0,0,0,0
logistic,train,SA03/D01_SA03_R01.txt,D01,0,99.995,0,0,0,0,0
logistic,train,SA03/D02_SA03_R01.txt,D02,0,100.0,0,0,0,0,0
logistic,train,SA03/D03_SA03_R01.txt,D03,0,100.0,0,0,0,0,0
logistic,train,SA03/D04_SA03_R01.txt,D04,0,100.0,0,0,0,0,0
logistic,train,SA03/D05_SA03_R01.txt,D05,0,25.0,0,0,0,0,0
logistic,train,SA03/D05_SA03_R02.txt,D05,0,25.0,0,0,0,0,0
logistic,train,SA03/D05_SA03_R03.txt,D05,0,25.0,0,0,0,0,0
logistic,train,SA03/D05_SA03_R04.txt,D05,0,25.0,0,0,0,0,0
logistic,train,SA03/D05_SA03_R05.txt,D05,0,25.0,0,0,0,0,0
logistic,train,SA03/D06_SA03_R01.txt,D06,0,24.995,0,0,0,0,0
logistic,train,SA03/D06_SA03_R02.txt,D06,0,25.0,0,0,0,0,0
logistic,train,SA03/D06_SA03_R03.txt,D06,0,25.0,0,0,0,0,0
logistic,train,SA03/D06_SA03_R04.txt,D06,0,25.0,0,0,0,0,0
logistic,train,SA03/D06_SA03_R05.txt,D06,0,25.0,0,0,0,0,0
logistic,train,SA03/D07_SA03_R01.txt,D07,0,12.0,0,0,0,0,0
logistic,train,SA03/D07_SA03_R02.txt,D07,0,12.0,0,0,0,0,0
logistic,train,SA03/D07_SA03_R03.txt,D07,0,12.0,0,0,0,0,0
logistic,train,SA03/D07_SA03_R04.txt,D07,0,12.0,0,0,0,0,0
logistic,train,SA03/D07_SA03_R05.txt,D07,0,12.0,0,0,0,0,0
logistic,train,SA03/D08_SA03_R01.txt,D08,0,12.0,0,0,0,0,0
logistic,train,SA03/D08_SA03_R02.txt,D08,0,12.0,0,0,0,0,0
logistic,train,SA03/D08_SA03_R03.txt,D08,0,12.0,0,0,0,0,0
logistic,train,SA03/D08_SA03_R04.txt,D08,0,12.0,0,0,0,0,0
logistic,train,SA03/D08_SA03_R05.txt,D08,0,12.0,0,0,0,0,0
logistic,train,SA03/D09_SA03_R01.txt,D09,0,12.0,0,0,0,0,0
logistic,train,SA03/D09_SA03_R02.txt,D09,0,12.0,0,0,0,0,0
logistic,train,SA03/D09_SA03_R03.txt,D09,0,12.0,0,0,0,0,0
logistic,train,SA03/D09_SA03_R04.txt,D09,0,12.0,0,0,0,0,0
logistic,train,SA03/D09_SA03_R05.txt,D09,0,12.0,0,0,0,0,0
logistic,train,SA03/D10_SA03_R01.txt,D10,0,12.0,0,0,0,0,0
logistic,train,SA03/D10_SA03_R02.txt,D10,0,12.0,0,0,0,0,0
logistic,train,SA03/D10_SA03_R03.txt,D10,0,12.0,0,0,0,0,0
logistic,train,SA03/D10_SA03_R04.txt,D10,0,12.0,0,0,0,0,0
logistic,train,SA03/D10_SA03_R05.txt,D10,0,12.0,0,0,0,0,0
logistic,train,SA03/D11_SA03_R01.txt,D11,0,11.995,0,1,0,0,0
logistic,train,SA03/D11_SA03_R02.txt,D11,0,12.0,0,1,0,0,0
logistic,train,SA03/D11_SA03_R03.txt,D11,0,12.0,0,0,0,0,0
logistic,train,SA03/D11_SA03_R04.txt,D11,0,11.995,0,0,0,0,0
logistic,train,SA03/D11_SA03_R05.txt,D11,0,12.0,0,1,0,0,0
logistic,train,SA03/D12_SA03_R01.txt,D12,0,12.0,0,0,0,0,0
logistic,train,SA03/D12_SA03_R02.txt,D12,0,12.0,0,0,0,0,0
logistic,train,SA03/D12_SA03_R03.txt,D12,0,12.0,0,0,0,0,0
logistic,train,SA03/D12_SA03_R04.txt,D12,0,12.0,0,0,0,0,0
logistic,train,SA03/D12_SA03_R05.txt,D12,0,12.0,0,0,0,0,0
logistic,train,SA03/D13_SA03_R01.txt,D13,0,12.0,0,1,0,0,0
logistic,train,SA03/D13_SA03_R02.txt,D13,0,12.0,0,0,0,0,0
logistic,train,SA03/D13_SA03_R03.txt,D13,0,12.0,0,0,0,0,0
logistic,train,SA03/D13_SA03_R04.txt,D13,0,12.0,0,0,0,0,0
logistic,train,SA03/D13_SA03_R05.txt,D13,0,12.0,0,1,0,0,0
logistic,train,SA03/D14_SA03_R01.txt,D14,0,12.0,0,0,0,0,0
logistic,train,SA03/D14_SA03_R02.txt,D14,0,12.0,0,0,0,0,0
logistic,train,SA03/D14_SA03_R03.txt,D14,0,12.0,0,0,0,0,0
logistic,train,SA03/D14_SA03_R04.txt,D14,0,12.0,0,0,0,0,0
logistic,train,SA03/D14_SA03_R05.txt,D14,0,12.0,0,0,0,0,0
logistic,train,SA03/D15_SA03_R01.txt,D15,0,12.0,0,0,0,0,0
logistic,train,SA03/D15_SA03_R02.txt,D15,0,12.0,0,0,0,0,0
logistic,train,SA03/D15_SA03_R03.txt,D15,0,12.0,0,0,0,0,0
logistic,train,SA03/D15_SA03_R04.txt,D15,0,12.0,0,0,0,0,0
logistic,train,SA03/D15_SA03_R05.txt,D15,0,12.0,0,0,0,0,0
logistic,train,SA03/D16_SA03_R01.txt,D16,0,11.995,0,0,0,0,0
logistic,train,SA03/D16_SA03_R02.txt,D16,0,12.0,0,0,0,0,0
logistic,train,SA03/D16_SA03_R03.txt,D16,0,12.0,0,0,0,0,0
logistic,train,SA03/D16_SA03_R04.txt,D16,0,12.0,0,0,0,0,0
logistic,train,SA03/D16_SA03_R05.txt,D16,0,12.0,0,0,0,0,0
logistic,train,SA03/D17_SA03_R01.txt,D17,0,24.995,0,0,0,0,0
logistic,train,SA03/D17_SA03_R02.txt,D17,0,25.0,0,0,0,0,0
logistic,train,SA03/D17_SA03_R03.txt,D17,0,25.0,0,0,0,0,0
logistic,train,SA03/D17_SA03_R04.txt,D17,0,25.0,0,0,0,0,0
logistic,train,SA03/D17_SA03_R05.txt,D17,0,25.0,0,0,0,0,0
logistic,train,SA03/D18_SA03_R01.txt,D18,0,12.0,0,0,0,0,0
logistic,train,SA03/D18_SA03_R02.txt,D18,0,12.0,0,0,0,0,0
logistic,train,SA03/D18_SA03_R03.txt,D18,0,12.0,0,0,0,0,0
logistic,train,SA03/D18_SA03_R04.txt,D18,0,12.0,0,0,0,0,0
logistic,train,SA03/D18_SA03_R05.txt,D18,0,12.0,0,0,0,0,0
logistic,train,SA03/D19_SA03_R01.txt,D19,0,12.0,0,0,0,0,0
logistic,train,SA03/D19_SA03_R02.txt,D19,0,12.0,0,2,0,0,0
logistic,train,SA03/D19_SA03_R03.txt,D19,0,12.0,0,0,0,0,0
logistic,train,SA03/D19_SA03_R04.txt,D19,0,12.0,0,2,0,0,0
logistic,train,SA03/D19_SA03_R05.txt,D19,0,12.0,0,1,0,0,0
logistic,train,SA03/F01_SA03_R01.txt,F01,1,14.995,1,1,1,0,0
logistic,train,SA03/F01_SA03_R02.txt,F01,1,15.0,1,1,1,0,0
logistic,train,SA03/F01_SA03_R03.txt,F01,1,15.0,1,1,1,0,0
logistic,train,SA03/F01_SA03_R04.txt,F01,1,15.0,1,1,1,0,0
logistic,train,SA03/F01_SA03_R05.txt,F01,1,15.0,1,1,1,0,0
logistic,train,SA03/F02_SA03_R01.txt,F02,1,15.0,1,1,1,0,0
logistic,train,SA03/F02_SA03_R02.txt,F02,1,15.0,1,1,1,0,0
logistic,train,SA03/F02_SA03_R03.txt,F02,1,15.0,1,1,1,0,0
logistic,train,SA03/F02_SA03_R04.txt,F02,1,15.0,1,1,1,0,0
logistic,train,SA03/F02_SA03_R05.txt,F02,1,15.0,1,1,1,0,0
logistic,train,SA03/F03_SA03_R01.txt,F03,1,15.0,1,1,1,0,0
logistic,train,SA03/F03_SA03_R02.txt,F03,1,15.0,1,2,1,0,0
logistic,train,SA03/F03_SA03_R03.txt,F03,1,15.0,0,0,0,1,0
logistic,train,SA03/F03_SA03_R04.txt,F03,1,15.0,1,1,1,0,0
logistic,train,SA03/F03_SA03_R05.txt,F03,1,15.0,1,1,1,0,0
logistic,train,SA03/F04_SA03_R01.txt,F04,1,15.0,1,1,1,0,0
logistic,train,SA03/F04_SA03_R02.txt,F04,1,15.0,1,1,1,0,0
logistic,train,SA03/F04_SA03_R03.txt,F04,1,15.0,1,1,1,0,0
logistic,train,SA03/F04_SA03_R04.txt,F04,1,15.0,1,1,1,0,0
logistic,train,SA03/F04_SA03_R05.txt,F04,1,15.0,1,1,1,0,0
logistic,train,SA03/F05_SA03_R01.txt,F05,1,15.0,1,1,1,0,0
logistic,train,SA03/F05_SA03_R02.txt,F05,1,15.0,1,1,1,0,0
logistic,train,SA03/F05_SA03_R03.txt,F05,1,15.0,1,1,1,0,0
logistic,train,SA03/F05_SA03_R04.txt,F05,1,15.0,1,1,1,0,0
logistic,train,SA03/F05_SA03_R05.txt,F05,1,15.0,1,1,1,0,0
logistic,train,SA03/F06_SA03_R01.txt,F06,1,14.995,1,1,1,0,0
logistic,train,SA03/F06_SA03_R02.txt,F06,1,15.0,1,1,1,0,0
logistic,train,SA03/F06_SA03_R03.txt,F06,1,15.0,1,1,1,0,0
logistic,train,SA03/F06_SA03_R04.txt,F06,1,15.0,1,1,1,0,0
logistic,train,SA03/F06_SA03_R05.txt,F06,1,15.0,1,1,1,0,0
logistic,train,SA03/F07_SA03_R01.txt,F07,1,15.0,1,1,1,0,0
logistic,train,SA03/F07_SA03_R02.txt,F07,1,15.0,1,1,1,0,0
logistic,train,SA03/F07_SA03_R03.txt,F07,1,15.0,1,1,1,0,0
logistic,train,SA03/F07_SA03_R04.txt,F07,1,15.0,1,1,1,0,0
logistic,train,SA03/F07_SA03_R05.txt,F07,1,15.0,1,1,0,0,1
logistic,train,SA03/F08_SA03_R01.txt,F08,1,14.995,1,1,1,0,0
logistic,train,SA03/F08_SA03_R02.txt,F08,1,15.0,1,1,1,0,0
logistic,train,SA03/F08_SA03_R03.txt,F08,1,15.0,1,1,1,0,0
logistic,train,SA03/F08_SA03_R04.txt,F08,1,15.0,1,1,1,0,0
logistic,train,SA03/F08_SA03_R05.txt,F08,1,15.0,1,0,0,0,1
logistic,train,SA03/F09_SA03_R01.txt,F09,1,14.995,1,1,1,0,0
logistic,train,SA03/F09_SA03_R02.txt,F09,1,15.0,1,1,1,0,0
logistic,train,SA03/F09_SA03_R03.txt,F09,1,15.0,1,1,1,0,0
logistic,train,SA03/F09_SA03_R04.txt,F09,1,15.0,1,1,1,0,0
logistic,train,SA03/F09_SA03_R05.txt,F09,1,15.0,1,1,1,0,0
logistic,train,SA03/F10_SA03_R01.txt,F10,1,15.0,1,1,1,0,0
logistic,train,SA03/F10_SA03_R02.txt,F10,1,15.0,1,1,1,0,0
logistic,train,SA03/F10_SA03_R03.txt,F10,1,15.0,1,1,1,0,0
logistic,train,SA03/F10_SA03_R04.txt,F10,1,15.0,1,1,1,0,0
logistic,train,SA03/F10_SA03_R05.txt,F10,1,15.0,1,1,1,0,0
logistic,train,SA03/F11_SA03_R01.txt,F11,1,14.995,1,1,1,0,0
logistic,train,SA03/F11_SA03_R02.txt,F11,1,15.0,1,1,1,0,0
logistic,train,SA03/F11_SA03_R03.txt,F11,1,15.0,1,1,1,0,0
logistic,train,SA03/F11_SA03_R04.txt,F11,1,15.0,1,1,1,0,0
logistic,train,SA03/F11_SA03_R05.txt,F11,1,15.0,1,1,1,0,0
logistic,train,SA03/F12_SA03_R01.txt,F12,1,15.0,1,1,1,0,0
logistic,train,SA03/F12_SA03_R02.txt,F12,1,15.0,1,1,1,0,0
logistic,train,SA03/F12_SA03_R03.txt,F12,1,15.0,1,1,1,0,0
logistic,train,SA03/F12_SA03_R04.txt,F12,1,15.0,1,1,1,0,0
logistic,train,SA03/F12_SA03_R05.txt,F12,1,15.0,1,1,1,0,0
logistic,train,SA03/F13_SA03_R01.txt,F13,1,15.0,1,1,1,0,0
logistic,train,SA03/F13_SA03_R02.txt,F13,1,15.0,1,1,1,0,0
logistic,train,SA03/F13_SA03_R03.txt,F13,1,15.0,1,1,1,0,0
logistic,train,SA03/F13_SA03_R04.txt,F13,1,15.0,1,1,1,0,0
logistic,train,SA03/F13_SA03_R05.txt,F13,1,15.0,1,1,1,0,0
logistic,train,SA03/F14_SA03_R01.txt,F14,1,15.0,1,1,1,0,0
logistic,train,SA03/F14_SA03_R02.txt,F14,1,15.0,1,1,1,0,0
logistic,train,SA03/F14_SA03_R03.txt,F14,1,15.0,1,1,1,0,0
logistic,train,SA03/F14_SA03_R04.txt,F14,1,15.0,1,1,1,0,0
logistic,train,SA03/F14_SA03_R05.txt,F14,1,15.0,1,1,1,0,0
logistic,train,SA03/F15_SA03_R01.txt,F15,1,15.0,1,1,1,0,0
logistic,train,SA03/F15_SA03_R02.txt,F15,1,15.0,1,1,1,0,0
logistic,train,SA03/F15_SA03_R03.txt,F15,1,15.0,1,1,1,0,0
logistic,train,SA03/F15_SA03_R04.txt,F15,1,15.0,1,1,1,0,0
logistic,train,SA03/F15_SA03_R05.txt,F15,1,15.0,1,1,1,0,0
logistic,train,SA04/D01_SA04_R01.txt,D01,0,99.995,0,0,0,0,0
logistic,train,SA04/D02_SA04_R01.txt,D02,0,100.0,0,0,0,0,0
logistic,train,SA04/D03_SA04_R01.txt,D03,0,100.0,0,0,0,0,0
logistic,train,SA04/D04_SA04_R01.txt,D04,0,100.0,0,0,0,0,0
logistic,train,SA04/D05_SA04_R01.txt,D05,0,25.0,0,0,0,0,0
logistic,train,SA04/D05_SA04_R02.txt,D05,0,25.0,0,0,0,0,0
logistic,train,SA04/D05_SA04_R03.txt,D05,0,25.0,0,0,0,0,0
logistic,train,SA04/D05_SA04_R04.txt,D05,0,25.0,0,0,0,0,0
logistic,train,SA04/D05_SA04_R05.txt,D05,0,25.0,0,0,0,0,0
logistic,train,SA04/D06_SA04_R01.txt,D06,0,24.995,0,0,0,0,0
logistic,train,SA04/D06_SA04_R02.txt,D06,0,25.0,0,0,0,0,0
logistic,train,SA04/D06_SA04_R03.txt,D06,0,25.0,0,0,0,0,0
logistic,train,SA04/D06_SA04_R04.txt,D06,0,25.0,0,0,0,0,0
logistic,train,SA04/D06_SA04_R05.txt,D06,0,25.0,0,1,0,0,0
logistic,train,SA04/D07_SA04_R01.txt,D07,0,12.0,0,0,0,0,0
logistic,train,SA04/D07_SA04_R02.txt,D07,0,12.0,0,0,0,0,0
logistic,train,SA04/D07_SA04_R03.txt,D07,0,12.0,0,0,0,0,0
logistic,train,SA04/D07_SA04_R04.txt,D07,0,12.0,0,0,0,0,0
logistic,train,SA04/D07_SA04_R05.txt,D07,0,12.0,0,0,0,0,0
logistic,train,SA04/D08_SA04_R01.txt,D08,0,12.0,0,0,0,0,0
logistic,train,SA04/D08_SA04_R02.txt,D08,0,12.0,0,0,0,0,0
logistic,train,SA04/D08_SA04_R03.txt,D08,0,12.0,0,0,0,0,0
logistic,train,SA04/D08_SA04_R04.txt,D08,0,12.0,0,0,0,0,0
logistic,train,SA04/D08_SA04_R05.txt,D08,0,12.0,0,0,0,0,0
logistic,train,SA04/D09_SA04_R01.txt,D09,0,12.0,0,0,0,0,0
logistic,train,SA04/D09_SA04_R02.txt,D09,0,12.0,0,0,0,0,0
logistic,train,SA04/D09_SA04_R03.txt,D09,0,12.0,0,0,0,0,0
logistic,train,SA04/D09_SA04_R04.txt,D09,0,12.0,0,0,0,0,0
logistic,train,SA04/D09_SA04_R05.txt,D09,0,12.0,0,0,0,0,0
logistic,train,SA04/D10_SA04_R01.txt,D10,0,12.0,0,0,0,0,0
logistic,train,SA04/D10_SA04_R02.txt,D10,0,12.0,0,0,0,0,0
logistic,train,SA04/D10_SA04_R03.txt,D10,0,12.0,0,0,0,0,0
logistic,train,SA04/D10_SA04_R04.txt,D10,0,12.0,0,0,0,0,0
logistic,train,SA04/D10_SA04_R05.txt,D10,0,12.0,0,0,0,0,0
logistic,train,SA04/D11_SA04_R01.txt,D11,0,12.0,0,0,0,0,0
logistic,train,SA04/D11_SA04_R02.txt,D11,0,12.0,0,0,0,0,0
logistic,train,SA04/D11_SA04_R03.txt,D11,0,12.0,0,0,0,0,0
logistic,train,SA04/D11_SA04_R04.txt,D11,0,12.0,0,0,0,0,0
logistic,train,SA04/D11_SA04_R05.txt,D11,0,12.0,0,0,0,0,0
logistic,train,SA04/D12_SA04_R01.txt,D12,0,12.0,0,0,0,0,0
logistic,train,SA04/D12_SA04_R02.txt,D12,0,12.0,0,0,0,0,0
logistic,train,SA04/D12_SA04_R03.txt,D12,0,12.0,0,0,0,0,0
logistic,train,SA04/D12_SA04_R04.txt,D12,0,12.0,0,0,0,0,0
logistic,train,SA04/D12_SA04_R05.txt,D12,0,12.0,0,0,0,0,0
logistic,train,SA04/D13_SA04_R01.txt,D13,0,12.0,0,0,0,0,0
logistic,train,SA04/D13_SA04_R02.txt,D13,0,12.0,0,0,0,0,0
logistic,train,SA04/D13_SA04_R03.txt,D13,0,12.0,0,0,0,0,0
logistic,train,SA04/D13_SA04_R04.txt,D13,0,12.0,0,0,0,0,0
logistic,train,SA04/D13_SA04_R05.txt,D13,0,12.0,0,0,0,0,0
logistic,train,SA04/D14_SA04_R01.txt,D14,0,12.0,0,0,0,0,0
logistic,train,SA04/D14_SA04_R02.txt,D14,0,12.0,0,0,0,0,0
logistic,train,SA04/D14_SA04_R03.txt,D14,0,12.0,0,0,0,0,0
logistic,train,SA04/D14_SA04_R04.txt,D14,0,12.0,0,0,0,0,0
logistic,train,SA04/D14_SA04_R05.txt,D14,0,12.0,0,0,0,0,0
logistic,train,SA04/D15_SA04_R01.txt,D15,0,12.0,0,0,0,0,0
logistic,train,SA04/D15_SA04_R02.txt,D15,0,12.0,0,0,0,0,0
logistic,train,SA04/D15_SA04_R03.txt,D15,0,12.0,0,0,0,0,0
logistic,train,SA04/D15_SA04_R04.txt,D15,0,12.0,0,0,0,0,0
logistic,train,SA04/D15_SA04_R05.txt,D15,0,12.0,0,0,0,0,0
logistic,train,SA04/D16_SA04_R01.txt,D16,0,11.995,0,0,0,0,0
logistic,train,SA04/D16_SA04_R02.txt,D16,0,12.0,0,0,0,0,0
logistic,train,SA04/D16_SA04_R03.txt,D16,0,12.0,0,0,0,0,0
logistic,train,SA04/D16_SA04_R04.txt,D16,0,12.0,0,0,0,0,0
logistic,train,SA04/D16_SA04_R05.txt,D16,0,12.0,0,0,0,0,0
logistic,train,SA04/D17_SA04_R01.txt,D17,0,24.995,0,0,0,0,0
logistic,train,SA04/D17_SA04_R02.txt,D17,0,25.0,0,0,0,0,0
logistic,train,SA04/D17_SA04_R03.txt,D17,0,25.0,0,0,0,0,0
logistic,train,SA04/D17_SA04_R04.txt,D17,0,25.0,0,0,0,0,0
logistic,train,SA04/D17_SA04_R05.txt,D17,0,25.0,0,0,0,0,0
logistic,train,SA04/D18_SA04_R01.txt,D18,0,12.0,0,0,0,0,0
logistic,train,SA04/D18_SA04_R02.txt,D18,0,12.0,0,0,0,0,0
logistic,train,SA04/D18_SA04_R03.txt,D18,0,12.0,0,0,0,0,0
logistic,train,SA04/D18_SA04_R04.txt,D18,0,12.0,0,0,0,0,0
logistic,train,SA04/D18_SA04_R05.txt,D18,0,12.0,0,0,0,0,0
logistic,train,SA04/D19_SA04_R01.txt,D19,0,12.0,0,2,0,0,0
logistic,train,SA04/D19_SA04_R02.txt,D19,0,12.0,0,1,0,0,0
logistic,train,SA04/D19_SA04_R03.txt,D19,0,12.0,0,1,0,0,0
logistic,train,SA04/D19_SA04_R04.txt,D19,0,12.0,0,0,0,0,0
logistic,train,SA04/D19_SA04_R05.txt,D19,0,12.0,0,0,0,0,0
logistic,train,SA04/F01_SA04_R01.txt,F01,1,14.995,1,1,1,0,0
logistic,train,SA04/F01_SA04_R02.txt,F01,1,15.0,1,1,1,0,0
logistic,train,SA04/F01_SA04_R03.txt,F01,1,15.0,1,1,1,0,0
logistic,train,SA04/F01_SA04_R04.txt,F01,1,15.0,1,1,1,0,0
logistic,train,SA04/F01_SA04_R05.txt,F01,1,15.0,1,1,1,0,0
logistic,train,SA04/F02_SA04_R01.txt,F02,1,15.0,1,1,1,0,0
logistic,train,SA04/F02_SA04_R02.txt,F02,1,15.0,1,2,1,0,0
logistic,train,SA04/F02_SA04_R03.txt,F02,1,15.0,1,1,1,0,0
logistic,train,SA04/F02_SA04_R04.txt,F02,1,15.0,1,1,1,0,0
logistic,train,SA04/F02_SA04_R05.txt,F02,1,15.0,1,1,1,0,0
logistic,train,SA04/F03_SA04_R01.txt,F03,1,15.0,1,1,1,0,0
logistic,train,SA04/F03_SA04_R02.txt,F03,1,15.0,1,2,1,0,0
logistic,train,SA04/F03_SA04_R03.txt,F03,1,15.0,1,1,1,0,0
logistic,train,SA04/F03_SA04_R04.txt,F03,1,15.0,1,1,1,0,0
logistic,train,SA04/F03_SA04_R05.txt,F03,1,15.0,1,1,1,0,0
logistic,train,SA04/F04_SA04_R01.txt,F04,1,15.0,1,1,1,0,0
logistic,train,SA04/F04_SA04_R02.txt,F04,1,15.0,1,1,1,0,0
logistic,train,SA04/F04_SA04_R03.txt,F04,1,15.0,1,1,1,0,0
logistic,train,SA04/F04_SA04_R04.txt,F04,1,15.0,1,1,1,0,0
logistic,train,SA04/F04_SA04_R05.txt,F04,1,15.0,1,1,1,0,0
logistic,train,SA04/F05_SA04_R01.txt,F05,1,15.0,1,1,1,0,0
logistic,train,SA04/F05_SA04_R02.txt,F05,1,15.0,1,1,1,0,0
logistic,train,SA04/F05_SA04_R03.txt,F05,1,15.0,1,1,1,0,0
logistic,train,SA04/F05_SA04_R04.txt,F05,1,15.0,1,1,1,0,0
logistic,train,SA04/F05_SA04_R05.txt,F05,1,15.0,1,1,1,0,0
logistic,train,SA04/F06_SA04_R01.txt,F06,1,14.995,1,1,1,0,0
logistic,train,SA04/F06_SA04_R02.txt,F06,1,15.0,1,1,1,0,0
logistic,train,SA04/F06_SA04_R03.txt,F06,1,15.0,1,1,1,0,0
logistic,train,SA04/F06_SA04_R04.txt,F06,1,15.0,1,1,1,0,0
logistic,train,SA04/F06_SA04_R05.txt,F06,1,15.0,1,1,1,0,0
logistic,train,SA04/F07_SA04_R01.txt,F07,1,15.0,1,2,1,0,0
logistic,train,SA04/F07_SA04_R02.txt,F07,1,14.995,1,2,1,0,0
logistic,train,SA04/F07_SA04_R03.txt,F07,1,15.0,1,1,1,0,0
logistic,train,SA04/F07_SA04_R04.txt,F07,1,15.0,1,1,1,0,0
logistic,train,SA04/F07_SA04_R05.txt,F07,1,15.0,1,2,1,0,0
logistic,train,SA04/F08_SA04_R01.txt,F08,1,15.0,1,1,1,0,0
logistic,train,SA04/F08_SA04_R02.txt,F08,1,15.0,1,1,1,0,0
logistic,train,SA04/F08_SA04_R03.txt,F08,1,15.0,1,2,1,0,0
logistic,train,SA04/F08_SA04_R04.txt,F08,1,15.0,1,1,1,0,0
logistic,train,SA04/F08_SA04_R05.txt,F08,1,15.0,1,1,1,0,0
logistic,train,SA04/F09_SA04_R01.txt,F09,1,15.0,1,1,1,0,0
logistic,train,SA04/F09_SA04_R02.txt,F09,1,15.0,1,1,1,0,0
logistic,train,SA04/F09_SA04_R03.txt,F09,1,15.0,1,1,1,0,0
logistic,train,SA04/F09_SA04_R04.txt,F09,1,15.0,1,1,1,0,0
logistic,train,SA04/F09_SA04_R05.txt,F09,1,15.0,1,1,1,0,0
logistic,train,SA04/F10_SA04_R01.txt,F10,1,15.0,1,1,1,0,0
logistic,train,SA04/F10_SA04_R02.txt,F10,1,15.0,1,1,1,0,0
logistic,train,SA04/F10_SA04_R03.txt,F10,1,15.0,1,1,1,0,0
logistic,train,SA04/F10_SA04_R04.txt,F10,1,15.0,1,1,1,0,0
logistic,train,SA04/F10_SA04_R05.txt,F10,1,15.0,1,1,1,0,0
logistic,train,SA04/F11_SA04_R01.txt,F11,1,14.995,1,1,1,0,0
logistic,train,SA04/F11_SA04_R02.txt,F11,1,15.0,1,1,1,0,0
logistic,train,SA04/F11_SA04_R03.txt,F11,1,15.0,1,1,1,0,0
logistic,train,SA04/F11_SA04_R04.txt,F11,1,15.0,1,1,1,0,0
logistic,train,SA04/F11_SA04_R05.txt,F11,1,15.0,1,1,1,0,0
logistic,train,SA04/F12_SA04_R01.txt,F12,1,15.0,1,1,1,0,0
logistic,train,SA04/F12_SA04_R02.txt,F12,1,15.0,1,1,1,0,0
logistic,train,SA04/F12_SA04_R03.txt,F12,1,15.0,1,1,1,0,0
logistic,train,SA04/F12_SA04_R04.txt,F12,1,15.0,1,0,0,0,1
logistic,train,SA04/F12_SA04_R05.txt,F12,1,15.0,1,1,1,0,0
logistic,train,SA04/F13_SA04_R01.txt,F13,1,15.0,1,1,1,0,0
logistic,train,SA04/F13_SA04_R02.txt,F13,1,15.0,1,1,1,0,0
logistic,train,SA04/F13_SA04_R03.txt,F13,1,15.0,1,0,0,0,1
logistic,train,SA04/F13_SA04_R04.txt,F13,1,15.0,1,1,0,0,1
logistic,train,SA04/F13_SA04_R05.txt,F13,1,15.0,1,1,1,0,0
logistic,train,SA04/F14_SA04_R01.txt,F14,1,15.0,1,1,1,0,0
logistic,train,SA04/F14_SA04_R02.txt,F14,1,15.0,1,1,1,0,0
logistic,train,SA04/F14_SA04_R03.txt,F14,1,15.0,1,1,1,0,0
logistic,train,SA04/F14_SA04_R04.txt,F14,1,15.0,1,1,1,0,0
logistic,train,SA04/F14_SA04_R05.txt,F14,1,15.0,1,1,1,0,0
logistic,train,SA04/F15_SA04_R01.txt,F15,1,15.0,1,1,1,0,0
logistic,train,SA04/F15_SA04_R02.txt,F15,1,15.0,1,1,1,0,0
logistic,train,SA04/F15_SA04_R03.txt,F15,1,15.0,1,1,1,0,0
logistic,train,SA04/F15_SA04_R04.txt,F15,1,15.0,1,1,1,0,0
logistic,train,SA04/F15_SA04_R05.txt,F15,1,15.0,1,1,1,0,0
logistic,train,SA07/D01_SA07_R01.txt,D01,0,99.995,0,0,0,0,0
logistic,train,SA07/D02_SA07_R01.txt,D02,0,100.0,0,0,0,0,0
logistic,train,SA07/D03_SA07_R01.txt,D03,0,100.0,0,0,0,0,0
logistic,train,SA07/D04_SA07_R01.txt,D04,0,99.995,0,0,0,0,0
logistic,train,SA07/D05_SA07_R01.txt,D05,0,25.0,0,0,0,0,0
logistic,train,SA07/D05_SA07_R02.txt,D05,0,25.0,0,0,0,0,0
logistic,train,SA07/D05_SA07_R03.txt,D05,0,24.995,0,0,0,0,0
logistic,train,SA07/D05_SA07_R04.txt,D05,0,25.0,0,0,0,0,0
logistic,train,SA07/D05_SA07_R05.txt,D05,0,24.995,0,0,0,0,0
logistic,train,SA07/D06_SA07_R01.txt,D06,0,25.0,0,0,0,0,0
logistic,train,SA07/D06_SA07_R02.txt,D06,0,25.0,0,0,0,0,0
logistic,train,SA07/D06_SA07_R03.txt,D06,0,25.0,0,0,0,0,0
logistic,train,SA07/D06_SA07_R04.txt,D06,0,25.0,0,0,0,0,0
logistic,train,SA07/D06_SA07_R05.txt,D06,0,25.0,0,0,0,0,0
logistic,train,SA07/D07_SA07_R01.txt,D07,0,12.0,0,0,0,0,0
logistic,train,SA07/D07_SA07_R02.txt,D07,0,12.0,0,0,0,0,0
logistic,train,SA07/D07_SA07_R03.txt,D07,0,12.0,0,0,0,0,0
logistic,train,SA07/D07_SA07_R04.txt,D07,0,12.0,0,0,0,0,0
logistic,train,SA07/D07_SA07_R05.txt,D07,0,12.0,0,0,0,0,0
logistic,train,SA07/D08_SA07_R01.txt,D08,0,12.0,0,0,0,0,0
logistic,train,SA07/D08_SA07_R02.txt,D08,0,12.0,0,0,0,0,0
logistic,train,SA07/D08_SA07_R03.txt,D08,0,12.0,0,0,0,0,0
logistic,train,SA07/D08_SA07_R04.txt,D08,0,12.0,0,0,0,0,0
logistic,train,SA07/D08_SA07_R05.txt,D08,0,12.0,0,0,0,0,0
logistic,train,SA07/D09_SA07_R01.txt,D09,0,12.0,0,0,0,0,0
logistic,train,SA07/D09_SA07_R02.txt,D09,0,12.0,0,0,0,0,0
logistic,train,SA07/D09_SA07_R03.txt,D09,0,12.0,0,0,0,0,0
logistic,train,SA07/D09_SA07_R04.txt,D09,0,12.0,0,0,0,0,0
logistic,train,SA07/D09_SA07_R05.txt,D09,0,12.0,0,0,0,0,0
logistic,train,SA07/D10_SA07_R01.txt,D10,0,12.0,0,0,0,0,0
logistic,train,SA07/D10_SA07_R02.txt,D10,0,12.0,0,0,0,0,0
logistic,train,SA07/D10_SA07_R03.txt,D10,0,12.0,0,0,0,0,0
logistic,train,SA07/D10_SA07_R04.txt,D10,0,12.0,0,0,0,0,0
logistic,train,SA07/D10_SA07_R05.txt,D10,0,12.0,0,0,0,0,0
logistic,train,SA07/D11_SA07_R01.txt,D11,0,11.995,0,0,0,0,0
logistic,train,SA07/D11_SA07_R02.txt,D11,0,12.0,0,0,0,0,0
logistic,train,SA07/D11_SA07_R03.txt,D11,0,12.0,0,0,0,0,0
logistic,train,SA07/D11_SA07_R04.txt,D11,0,12.0,0,0,0,0,0
logistic,train,SA07/D11_SA07_R05.txt,D11,0,12.0,0,0,0,0,0
logistic,train,SA07/D12_SA07_R01.txt,D12,0,12.0,0,0,0,0,0
logistic,train,SA07/D12_SA07_R02.txt,D12,0,12.0,0,0,0,0,0
logistic,train,SA07/D12_SA07_R03.txt,D12,0,12.0,0,0,0,0,0
logistic,train,SA07/D12_SA07_R04.txt,D12,0,12.0,0,0,0,0,0
logistic,train,SA07/D12_SA07_R05.txt,D12,0,12.0,0,0,0,0,0
logistic,train,SA07/D13_SA07_R01.txt,D13,0,12.0,0,0,0,0,0
logistic,train,SA07/D13_SA07_R02.txt,D13,0,12.0,0,0,0,0,0
logistic,train,SA07/D13_SA07_R03.txt,D13,0,12.0,0,0,0,0,0
logistic,train,SA07/D13_SA07_R04.txt,D13,0,12.0,0,0,0,0,0
logistic,train,SA07/D13_SA07_R05.txt,D13,0,12.0,0,0,0,0,0
logistic,train,SA07/D14_SA07_R01.txt,D14,0,12.0,0,0,0,0,0
logistic,train,SA07/D14_SA07_R02.txt,D14,0,12.0,0,0,0,0,0
logistic,train,SA07/D14_SA07_R03.txt,D14,0,12.0,0,0,0,0,0
logistic,train,SA07/D14_SA07_R04.txt,D14,0,12.0,0,0,0,0,0
logistic,train,SA07/D14_SA07_R05.txt,D14,0,12.0,0,0,0,0,0
logistic,train,SA07/D15_SA07_R01.txt,D15,0,11.995,0,0,0,0,0
logistic,train,SA07/D15_SA07_R02.txt,D15,0,12.0,0,0,0,0,0
logistic,train,SA07/D15_SA07_R03.txt,D15,0,12.0,0,0,0,0,0
logistic,train,SA07/D15_SA07_R04.txt,D15,0,12.0,0,0,0,0,0
logistic,train,SA07/D15_SA07_R05.txt,D15,0,12.0,0,0,0,0,0
logistic,train,SA07/D16_SA07_R01.txt,D16,0,12.0,0,0,0,0,0
logistic,train,SA07/D16_SA07_R02.txt,D16,0,12.0,0,0,0,0,0
logistic,train,SA07/D16_SA07_R03.txt,D16,0,12.0,0,0,0,0,0
logistic,train,SA07/D16_SA07_R04.txt,D16,0,12.0,0,0,0,0,0
logistic,train,SA07/D16_SA07_R05.txt,D16,0,12.0,0,0,0,0,0
logistic,train,SA07/D17_SA07_R01.txt,D17,0,25.0,0,0,0,0,0
logistic,train,SA07/D17_SA07_R02.txt,D17,0,25.0,0,0,0,0,0
logistic,train,SA07/D17_SA07_R03.txt,D17,0,25.0,0,0,0,0,0
logistic,train,SA07/D17_SA07_R04.txt,D17,0,25.0,0,0,0,0,0
logistic,train,SA07/D17_SA07_R05.txt,D17,0,25.0,0,0,0,0,0
logistic,train,SA07/D18_SA07_R01.txt,D18,0,11.995,0,0,0,0,0
logistic,train,SA07/D18_SA07_R02.txt,D18,0,12.0,0,0,0,0,0
logistic,train,SA07/D18_SA07_R03.txt,D18,0,12.0,0,0,0,0,0
logistic,train,SA07/D18_SA07_R04.txt,D18,0,12.0,0,0,0,0,0
logistic,train,SA07/D18_SA07_R05.txt,D18,0,12.0,0,0,0,0,0
logistic,train,SA07/D19_SA07_R01.txt,D19,0,12.0,0,0,0,0,0
logistic,train,SA07/D19_SA07_R02.txt,D19,0,12.0,0,0,0,0,0
logistic,train,SA07/D19_SA07_R03.txt,D19,0,12.0,0,0,0,0,0
logistic,train,SA07/D19_SA07_R04.txt,D19,0,12.0,0,0,0,0,0
logistic,train,SA07/D19_SA07_R05.txt,D19,0,12.0,0,0,0,0,0
logistic,train,SA07/F01_SA07_R01.txt,F01,1,15.0,1,1,1,0,0
logistic,train,SA07/F01_SA07_R02.txt,F01,1,15.0,1,1,1,0,0
logistic,train,SA07/F01_SA07_R03.txt,F01,1,15.0,1,1,1,0,0
logistic,train,SA07/F01_SA07_R04.txt,F01,1,15.0,1,1,1,0,0
logistic,train,SA07/F01_SA07_R05.txt,F01,1,15.0,1,1,1,0,0
logistic,train,SA07/F02_SA07_R01.txt,F02,1,15.0,1,1,1,0,0
logistic,train,SA07/F02_SA07_R02.txt,F02,1,15.0,1,1,1,0,0
logistic,train,SA07/F02_SA07_R03.txt,F02,1,15.0,1,1,1,0,0
logistic,train,SA07/F02_SA07_R04.txt,F02,1,15.0,1,1,1,0,0
logistic,train,SA07/F02_SA07_R05.txt,F02,1,15.0,1,1,1,0,0
logistic,train,SA07/F03_SA07_R01.txt,F03,1,15.0,1,1,1,0,0
logistic,train,SA07/F03_SA07_R02.txt,F03,1,15.0,1,1,1,0,0
logistic,train,SA07/F03_SA07_R03.txt,F03,1,15.0,1,1,1,0,0
logistic,train,SA07/F03_SA07_R04.txt,F03,1,15.0,1,0,0,0,1
logistic,train,SA07/F03_SA07_R05.txt,F03,1,15.0,1,1,1,0,0
logistic,train,SA07/F04_SA07_R01.txt,F04,1,15.0,1,1,1,0,0
logistic,train,SA07/F04_SA07_R02.txt,F04,1,15.0,1,1,1,0,0
logistic,train,SA07/F04_SA07_R03.txt,F04,1,15.0,1,1,1,0,0
logistic,train,SA07/F04_SA07_R04.txt,F04,1,15.0,1,1,1,0,0
logistic,train,SA07/F04_SA07_R05.txt,F04,1,15.0,1,0,0,0,1
logistic,train,SA07/F05_SA07_R01.txt,F05,1,15.0,1,0,0,0,1
logistic,train,SA07/F05_SA07_R02.txt,F05,1,15.0,1,0,0,0,1
logistic,train,SA07/F05_SA07_R03.txt,F05,1,15.0,1,1,1,0,0
logistic,train,SA07/F05_SA07_R04.txt,F05,1,15.0,1,1,1,0,0
logistic,train,SA07/F05_SA07_R05.txt,F05,1,15.0,1,1,1,0,0
logistic,train,SA07/F06_SA07_R01.txt,F06,1,15.0,1,1,1,0,0
logistic,train,SA07/F06_SA07_R02.txt,F06,1,15.0,1,1,1,0,0
logistic,train,SA07/F06_SA07_R03.txt,F06,1,14.995,1,1,1,0,0
logistic,train,SA07/F06_SA07_R04.txt,F06,1,15.0,1,1,1,0,0
logistic,train,SA07/F06_SA07_R05.txt,F06,1,15.0,1,1,1,0,0
logistic,train,SA07/F07_SA07_R01.txt,F07,1,15.0,1,1,1,0,0
logistic,train,SA07/F07_SA07_R02.txt,F07,1,15.0,0,0,0,1,0
logistic,train,SA07/F07_SA07_R03.txt,F07,1,15.0,1,1,1,0,0
logistic,train,SA07/F07_SA07_R04.txt,F07,1,15.0,1,1,1,0,0
logistic,train,SA07/F07_SA07_R05.txt,F07,1,15.0,1,1,1,0,0
logistic,train,SA07/F08_SA07_R01.txt,F08,1,15.0,1,1,1,0,0
logistic,train,SA07/F08_SA07_R02.txt,F08,1,15.0,1,1,1,0,0
logistic,train,SA07/F08_SA07_R03.txt,F08,1,15.0,1,1,1,0,0
logistic,train,SA07/F08_SA07_R04.txt,F08,1,15.0,1,1,1,0,0
logistic,train,SA07/F08_SA07_R05.txt,F08,1,15.0,1,1,1,0,0
logistic,train,SA07/F09_SA07_R01.txt,F09,1,15.0,1,1,1,0,0
logistic,train,SA07/F09_SA07_R02.txt,F09,1,15.0,1,1,1,0,0
logistic,train,SA07/F09_SA07_R03.txt,F09,1,15.0,1,1,1,0,0
logistic,train,SA07/F09_SA07_R04.txt,F09,1,15.0,1,1,1,0,0
logistic,train,SA07/F09_SA07_R05.txt,F09,1,15.0,1,1,1,0,0
logistic,train,SA07/F10_SA07_R01.txt,F10,1,15.0,1,1,1,0,0
logistic,train,SA07/F10_SA07_R02.txt,F10,1,15.0,1,1,1,0,0
logistic,train,SA07/F10_SA07_R03.txt,F10,1,15.0,1,0,0,0,1
logistic,train,SA07/F10_SA07_R04.txt,F10,1,15.0,1,1,1,0,0
logistic,train,SA07/F10_SA07_R05.txt,F10,1,15.0,1,1,1,0,0
logistic,train,SA07/F11_SA07_R01.txt,F11,1,14.995,1,1,1,0,0
logistic,train,SA07/F11_SA07_R02.txt,F11,1,15.0,1,1,1,0,0
logistic,train,SA07/F11_SA07_R03.txt,F11,1,15.0,1,1,1,0,0
logistic,train,SA07/F11_SA07_R04.txt,F11,1,15.0,1,1,1,0,0
logistic,train,SA07/F11_SA07_R05.txt,F11,1,15.0,1,1,1,0,0
logistic,train,SA07/F12_SA07_R01.txt,F12,1,15.0,1,1,1,0,0
logistic,train,SA07/F12_SA07_R02.txt,F12,1,15.0,1,1,1,0,0
logistic,train,SA07/F12_SA07_R03.txt,F12,1,15.0,1,1,1,0,0
logistic,train,SA07/F12_SA07_R04.txt,F12,1,15.0,1,1,1,0,0
logistic,train,SA07/F12_SA07_R05.txt,F12,1,15.0,1,1,1,0,0
logistic,train,SA07/F13_SA07_R01.txt,F13,1,15.0,1,1,1,0,0
logistic,train,SA07/F13_SA07_R02.txt,F13,1,15.0,1,2,1,0,0
logistic,train,SA07/F13_SA07_R03.txt,F13,1,15.0,1,1,1,0,0
logistic,train,SA07/F13_SA07_R04.txt,F13,1,15.0,1,1,1,0,0
logistic,train,SA07/F13_SA07_R05.txt,F13,1,15.0,1,2,1,0,0
logistic,train,SA07/F14_SA07_R01.txt,F14,1,15.0,1,1,1,0,0
logistic,train,SA07/F14_SA07_R02.txt,F14,1,15.0,1,1,1,0,0
logistic,train,SA07/F14_SA07_R03.txt,F14,1,15.0,1,1,1,0,0
logistic,train,SA07/F14_SA07_R04.txt,F14,1,15.0,1,1,1,0,0
logistic,train,SA07/F14_SA07_R05.txt,F14,1,14.995,1,1,1,0,0
logistic,train,SA07/F15_SA07_R01.txt,F15,1,15.03,1,1,1,0,0
logistic,train,SA07/F15_SA07_R02.txt,F15,1,15.0,1,1,1,0,0
logistic,train,SA07/F15_SA07_R03.txt,F15,1,15.0,1,1,1,0,0
logistic,train,SA07/F15_SA07_R04.txt,F15,1,15.0,1,1,1,0,0
logistic,train,SA07/F15_SA07_R05.txt,F15,1,15.0,1,0,0,0,1
logistic,train,SA10/D01_SA10_R01.txt,D01,0,99.995,0,0,0,0,0
logistic,train,SA10/D02_SA10_R01.txt,D02,0,100.0,0,0,0,0,0
logistic,train,SA10/D03_SA10_R01.txt,D03,0,100.0,0,0,0,0,0
logistic,train,SA10/D04_SA10_R01.txt,D04,0,100.0,0,0,0,0,0
logistic,train,SA10/D05_SA10_R01.txt,D05,0,24.995,0,0,0,0,0
logistic,train,SA10/D05_SA10_R02.txt,D05,0,25.0,0,0,0,0,0
logistic,train,SA10/D05_SA10_R03.txt,D05,0,25.0,0,0,0,0,0
logistic,train,SA10/D05_SA10_R04.txt,D05,0,25.0,0,0,0,0,0
logistic,train,SA10/D05_SA10_R05.txt,D05,0,25.0,0,0,0,0,0
logistic,train,SA10/D06_SA10_R01.txt,D06,0,24.995,0,0,0,0,0
logistic,train,SA10/D06_SA10_R02.txt,D06,0,25.0,0,0,0,0,0
logistic,train,SA10/D06_SA10_R03.txt,D06,0,25.0,0,0,0,0,0
logistic,train,SA10/D06_SA10_R04.txt,D06,0,25.025,0,0,0,0,0
logistic,train,SA10/D06_SA10_R05.txt,D06,0,25.0,0,0,0,0,0
logistic,train,SA10/D07_SA10_R01.txt,D07,0,12.0,0,0,0,0,0
logistic,train,SA10/D07_SA10_R02.txt,D07,0,12.0,0,0,0,0,0
logistic,train,SA10/D07_SA10_R03.txt,D07,0,12.0,0,0,0,0,0
logistic,train,SA10/D07_SA10_R04.txt,D07,0,12.0,0,0,0,0,0
logistic,train,SA10/D07_SA10_R05.txt,D07,0,12.0,0,0,0,0,0
logistic,train,SA10/D08_SA10_R01.txt,D08,0,12.0,0,0,0,0,0
logistic,train,SA10/D08_SA10_R02.txt,D08,0,12.0,0,0,0,0,0
logistic,train,SA10/D08_SA10_R03.txt,D08,0,12.0,0,0,0,0,0
logistic,train,SA10/D08_SA10_R04.txt,D08,0,12.0,0,0,0,0,0
logistic,train,SA10/D08_SA10_R05.txt,D08,0,11.995,0,0,0,0,0
logistic,train,SA10/D09_SA10_R01.txt,D09,0,11.995,0,0,0,0,0
logistic,train,SA10/D09_SA10_R02.txt,D09,0,12.0,0,0,0,0,0
logistic,train,SA10/D09_SA10_R03.txt,D09,0,12.0,0,0,0,0,0
logistic,train,SA10/D09_SA10_R04.txt,D09,0,12.0,0,0,0,0,0
logistic,train,SA10/D09_SA10_R05.txt,D09,0,12.0,0,0,0,0,0
logistic,train,SA10/D10_SA10_R01.txt,D10,0,12.0,0,0,0,0,0
logistic,train,SA10/D10_SA10_R02.txt,D10,0,12.0,0,0,0,0,0
logistic,train,SA10/D10_SA10_R03.txt,D10,0,12.0,0,0,0,0,0
logistic,train,SA10/D10_SA10_R04.txt,D10,0,12.0,0,0,0,0,0
logistic,train,SA10/D10_SA10_R05.txt,D10,0,12.0,0,0,0,0,0
logistic,train,SA10/D11_SA10_R01.txt,D11,0,11.995,0,0,0,0,0
logistic,train,SA10/D11_SA10_R02.txt,D11,0,12.0,0,0,0,0,0
logistic,train,SA10/D11_SA10_R03.txt,D11,0,12.0,0,0,0,0,0
logistic,train,SA10/D11_SA10_R04.txt,D11,0,12.0,0,0,0,0,0
logistic,train,SA10/D11_SA10_R05.txt,D11,0,12.0,0,0,0,0,0
logistic,train,SA10/D12_SA10_R01.txt,D12,0,12.0,0,0,0,0,0
logistic,train,SA10/D12_SA10_R02.txt,D12,0,12.0,0,0,0,0,0
logistic,train,SA10/D12_SA10_R03.txt,D12,0,12.0,0,0,0,0,0
logistic,train,SA10/D12_SA10_R04.txt,D12,0,12.0,0,0,0,0,0
logistic,train,SA10/D12_SA10_R05.txt,D12,0,12.0,0,0,0,0,0
logistic,train,SA10/D13_SA10_R01.txt,D13,0,12.0,0,0,0,0,0
logistic,train,SA10/D13_SA10_R02.txt,D13,0,12.0,0,0,0,0,0
logistic,train,SA10/D13_SA10_R03.txt,D13,0,12.0,0,0,0,0,0
logistic,train,SA10/D13_SA10_R04.txt,D13,0,12.0,0,0,0,0,0
logistic,train,SA10/D13_SA10_R05.txt,D13,0,12.0,0,0,0,0,0
logistic,train,SA10/D14_SA10_R01.txt,D14,0,12.0,0,0,0,0,0
logistic,train,SA10/D14_SA10_R02.txt,D14,0,12.0,0,0,0,0,0
logistic,train,SA10/D14_SA10_R03.txt,D14,0,12.0,0,0,0,0,0
logistic,train,SA10/D14_SA10_R04.txt,D14,0,12.0,0,0,0,0,0
logistic,train,SA10/D14_SA10_R05.txt,D14,0,12.0,0,0,0,0,0
logistic,train,SA10/D15_SA10_R01.txt,D15,0,12.0,0,0,0,0,0
logistic,train,SA10/D15_SA10_R02.txt,D15,0,12.0,0,0,0,0,0
logistic,train,SA10/D15_SA10_R03.txt,D15,0,12.0,0,0,0,0,0
logistic,train,SA10/D15_SA10_R04.txt,D15,0,12.0,0,0,0,0,0
logistic,train,SA10/D15_SA10_R05.txt,D15,0,12.0,0,0,0,0,0
logistic,train,SA10/D16_SA10_R01.txt,D16,0,11.995,0,0,0,0,0
logistic,train,SA10/D16_SA10_R02.txt,D16,0,12.0,0,0,0,0,0
logistic,train,SA10/D16_SA10_R03.txt,D16,0,12.0,0,0,0,0,0
logistic,train,SA10/D16_SA10_R04.txt,D16,0,12.0,0,0,0,0,0
logistic,train,SA10/D16_SA10_R05.txt,D16,0,12.0,0,0,0,0,0
logistic,train,SA10/D17_SA10_R01.txt,D17,0,24.995,0,0,0,0,0
logistic,train,SA10/D17_SA10_R02.txt,D17,0,25.0,0,0,0,0,0
logistic,train,SA10/D17_SA10_R03.txt,D17,0,25.0,0,0,0,0,0
logistic,train,SA10/D17_SA10_R04.txt,D17,0,25.0,0,0,0,0,0
logistic,train,SA10/D17_SA10_R05.txt,D17,0,25.0,0,0,0,0,0
logistic,train,SA10/D18_SA10_R01.txt,D18,0,12.0,0,0,0,0,0
logistic,train,SA10/D18_SA10_R02.txt,D18,0,12.0,0,0,0,0,0
logistic,train,SA10/D18_SA10_R03.txt,D18,0,12.0,0,0,0,0,0
logistic,train,SA10/D18_SA10_R04.txt,D18,0,12.0,0,0,0,0,0
logistic,train,SA10/D18_SA10_R05.txt,D18,0,11.995,0,0,0,0,0
logistic,train,SA10/D19_SA10_R01.txt,D19,0,12.0,0,0,0,0,0
logistic,train,SA10/D19_SA10_R02.txt,D19,0,12.0,0,0,0,0,0
logistic,train,SA10/D19_SA10_R03.txt,D19,0,12.0,0,0,0,0,0
logistic,train,SA10/D19_SA10_R04.txt,D19,0,12.0,0,0,0,0,0
logistic,train,SA10/D19_SA10_R05.txt,D19,0,12.0,0,0,0,0,0
logistic,train,SA10/F01_SA10_R01.txt,F01,1,14.995,1,2,1,0,0
logistic,train,SA10/F01_SA10_R02.txt,F01,1,15.0,1,1,1,0,0
logistic,train,SA10/F01_SA10_R03.txt,F01,1,15.0,1,1,1,0,0
logistic,train,SA10/F01_SA10_R04.txt,F01,1,15.0,1,1,1,0,0
logistic,train,SA10/F01_SA10_R05.txt,F01,1,15.0,1,1,1,0,0
logistic,train,SA10/F02_SA10_R01.txt,F02,1,15.0,1,1,1,0,0
logistic,train,SA10/F02_SA10_R02.txt,F02,1,15.0,1,1,1,0,0
logistic,train,SA10/F02_SA10_R03.txt,F02,1,15.0,1,1,1,0,0
logistic,train,SA10/F02_SA10_R04.txt,F02,1,15.0,1,1,1,0,0
logistic,train,SA10/F02_SA10_R05.txt,F02,1,15.0,1,1,1,0,0
logistic,train,SA10/F03_SA10_R01.txt,F03,1,15.0,1,1,1,0,0
logistic,train,SA10/F03_SA10_R02.txt,F03,1,15.0,1,1,1,0,0
logistic,train,SA10/F03_SA10_R03.txt,F03,1,15.0,1,1,1,0,0
logistic,train,SA10/F03_SA10_R04.txt,F03,1,15.0,1,1,1,0,0
logistic,train,SA10/F03_SA10_R05.txt,F03,1,15.0,1,0,0,0,1
logistic,train,SA10/F04_SA10_R01.txt,F04,1,15.0,1,1,1,0,0
logistic,train,SA10/F04_SA10_R02.txt,F04,1,15.0,1,1,1,0,0
logistic,train,SA10/F04_SA10_R03.txt,F04,1,15.0,1,1,1,0,0
logistic,train,SA10/F04_SA10_R04.txt,F04,1,15.0,1,1,1,0,0
logistic,train,SA10/F04_SA10_R05.txt,F04,1,15.0,1,2,1,0,0
logistic,train,SA10/F05_SA10_R01.txt,F05,1,15.0,1,1,1,0,0
logistic,train,SA10/F05_SA10_R02.txt,F05,1,15.0,1,0,0,0,1
logistic,train,SA10/F05_SA10_R03.txt,F05,1,15.0,1,1,1,0,0
logistic,train,SA10/F05_SA10_R04.txt,F05,1,15.0,1,1,1,0,0
logistic,train,SA10/F05_SA10_R05.txt,F05,1,15.0,1,1,1,0,0
logistic,train,SA10/F06_SA10_R01.txt,F06,1,14.995,1,1,1,0,0
logistic,train,SA10/F06_SA10_R02.txt,F06,1,15.0,1,1,1,0,0
logistic,train,SA10/F06_SA10_R03.txt,F06,1,15.0,1,1,1,0,0
logistic,train,SA10/F06_SA10_R04.txt,F06,1,15.0,1,1,1,0,0
logistic,train,SA10/F06_SA10_R05.txt,F06,1,15.0,1,1,1,0,0
logistic,train,SA10/F07_SA10_R01.txt,F07,1,15.0,1,1,1,0,0
logistic,train,SA10/F07_SA10_R02.txt,F07,1,15.0,1,1,1,0,0
logistic,train,SA10/F07_SA10_R03.txt,F07,1,15.0,1,1,1,0,0
logistic,train,SA10/F07_SA10_R04.txt,F07,1,15.0,1,1,1,0,0
logistic,train,SA10/F07_SA10_R05.txt,F07,1,15.0,1,1,1,0,0
logistic,train,SA10/F08_SA10_R01.txt,F08,1,14.995,1,1,1,0,0
logistic,train,SA10/F08_SA10_R02.txt,F08,1,15.0,1,1,1,0,0
logistic,train,SA10/F08_SA10_R03.txt,F08,1,14.995,1,1,1,0,0
logistic,train,SA10/F08_SA10_R04.txt,F08,1,15.0,1,1,1,0,0
logistic,train,SA10/F08_SA10_R05.txt,F08,1,15.0,1,1,1,0,0
logistic,train,SA10/F09_SA10_R01.txt,F09,1,15.0,1,1,1,0,0
logistic,train,SA10/F09_SA10_R02.txt,F09,1,15.0,1,1,1,0,0
logistic,train,SA10/F09_SA10_R03.txt,F09,1,15.0,1,1,1,0,0
logistic,train,SA10/F09_SA10_R04.txt,F09,1,15.0,1,1,1,0,0
logistic,train,SA10/F09_SA10_R05.txt,F09,1,15.0,1,1,1,0,0
logistic,train,SA10/F10_SA10_R01.txt,F10,1,15.0,1,1,1,0,0
logistic,train,SA10/F10_SA10_R02.txt,F10,1,15.0,1,1,1,0,0
logistic,train,SA10/F10_SA10_R03.txt,F10,1,15.0,1,1,1,0,0
logistic,train,SA10/F10_SA10_R04.txt,F10,1,15.0,1,1,1,0,0
logistic,train,SA10/F10_SA10_R05.txt,F10,1,15.0,1,0,0,0,1
logistic,train,SA10/F11_SA10_R01.txt,F11,1,14.995,1,1,1,0,0
logistic,train,SA10/F11_SA10_R02.txt,F11,1,15.0,1,1,1,0,0
logistic,train,SA10/F11_SA10_R03.txt,F11,1,15.0,1,1,1,0,0
logistic,train,SA10/F11_SA10_R04.txt,F11,1,15.0,1,1,1,0,0
logistic,train,SA10/F11_SA10_R05.txt,F11,1,15.0,1,1,1,0,0
logistic,train,SA10/F12_SA10_R01.txt,F12,1,14.995,1,1,1,0,0
logistic,train,SA10/F12_SA10_R02.txt,F12,1,15.0,1,1,1,0,0
logistic,train,SA10/F12_SA10_R03.txt,F12,1,15.0,1,1,1,0,0
logistic,train,SA10/F12_SA10_R04.txt,F12,1,15.0,1,1,1,0,0
logistic,train,SA10/F12_SA10_R05.txt,F12,1,15.0,1,2,1,0,0
logistic,train,SA10/F13_SA10_R01.txt,F13,1,15.0,1,1,1,0,0
logistic,train,SA10/F13_SA10_R02.txt,F13,1,15.0,1,1,1,0,0
logistic,train,SA10/F13_SA10_R03.txt,F13,1,15.0,1,1,1,0,0
logistic,train,SA10/F13_SA10_R04.txt,F13,1,15.0,1,0,0,0,1
logistic,train,SA10/F13_SA10_R05.txt,F13,1,15.0,1,1,1,0,0
logistic,train,SA10/F14_SA10_R01.txt,F14,1,15.0,1,1,1,0,0
logistic,train,SA10/F14_SA10_R02.txt,F14,1,15.0,1,1,1,0,0
logistic,train,SA10/F14_SA10_R03.txt,F14,1,15.0,1,1,1,0,0
logistic,train,SA10/F14_SA10_R04.txt,F14,1,15.0,1,1,1,0,0
logistic,train,SA10/F14_SA10_R05.txt,F14,1,15.0,1,1,1,0,0
logistic,train,SA10/F15_SA10_R01.txt,F15,1,15.0,1,1,1,0,0
logistic,train,SA10/F15_SA10_R02.txt,F15,1,15.0,1,1,1,0,0
logistic,train,SA10/F15_SA10_R03.txt,F15,1,14.995,1,1,1,0,0
logistic,train,SA10/F15_SA10_R04.txt,F15,1,15.0,1,1,1,0,0
logistic,train,SA10/F15_SA10_R05.txt,F15,1,15.0,1,1,1,0,0
logistic,train,SA11/D01_SA11_R01.txt,D01,0,99.995,0,0,0,0,0
logistic,train,SA11/D02_SA11_R01.txt,D02,0,100.0,0,0,0,0,0
logistic,train,SA11/D03_SA11_R01.txt,D03,0,99.995,0,0,0,0,0
logistic,train,SA11/D04_SA11_R01.txt,D04,0,100.0,0,0,0,0,0
logistic,train,SA11/D05_SA11_R01.txt,D05,0,24.995,0,0,0,0,0
logistic,train,SA11/D05_SA11_R02.txt,D05,0,25.0,0,0,0,0,0
logistic,train,SA11/D05_SA11_R03.txt,D05,0,25.0,0,0,0,0,0
logistic,train,SA11/D05_SA11_R04.txt,D05,0,24.995,0,0,0,0,0
logistic,train,SA11/D05_SA11_R05.txt,D05,0,25.0,0,0,0,0,0
logistic,train,SA11/D06_SA11_R01.txt,D06,0,24.995,0,0,0,0,0
logistic,train,SA11/D06_SA11_R02.txt,D06,0,25.0,0,1,0,0,0
logistic,train,SA11/D06_SA11_R03.txt,D06,0,25.0,0,0,0,0,0
logistic,train,SA11/D06_SA11_R04.txt,D06,0,25.0,0,0,0,0,0
logistic,train,SA11/D06_SA11_R05.txt,D06,0,25.0,0,0,0,0,0
logistic,train,SA11/D07_SA11_R01.txt,D07,0,12.0,0,0,0,0,0
logistic,train,SA11/D07_SA11_R02.txt,D07,0,12.0,0,0,0,0,0
logistic,train,SA11/D07_SA11_R03.txt,D07,0,12.0,0,0,0,0,0
logistic,train,SA11/D07_SA11_R04.txt,D07,0,12.0,0,0,0,0,0
logistic,train,SA11/D07_SA11_R05.txt,D07,0,12.0,0,0,0,0,0
logistic,train,SA11/D08_SA11_R01.txt,D08,0,12.0,0,0,0,0,0
logistic,train,SA11/D08_SA11_R02.txt,D08,0,12.0,0,0,0,0,0
logistic,train,SA11/D08_SA11_R03.txt,D08,0,12.0,0,0,0,0,0
logistic,train,SA11/D08_SA11_R04.txt,D08,0,12.0,0,0,0,0,0
logistic,train,SA11/D08_SA11_R05.txt,D08,0,12.0,0,0,0,0,0
logistic,train,SA11/D09_SA11_R01.txt,D09,0,12.0,0,0,0,0,0
logistic,train,SA11/D09_SA11_R02.txt,D09,0,12.0,0,0,0,0,0
logistic,train,SA11/D09_SA11_R03.txt,D09,0,12.0,0,0,0,0,0
logistic,train,SA11/D09_SA11_R04.txt,D09,0,12.0,0,0,0,0,0
logistic,train,SA11/D09_SA11_R05.txt,D09,0,12.0,0,0,0,0,0
logistic,train,SA11/D10_SA11_R01.txt,D10,0,12.0,0,0,0,0,0
logistic,train,SA11/D10_SA11_R02.txt,D10,0,12.0,0,0,0,0,0
logistic,train,SA11/D10_SA11_R03.txt,D10,0,12.0,0,0,0,0,0
logistic,train,SA11/D10_SA11_R04.txt,D10,0,12.0,0,0,0,0,0
logistic,train,SA11/D10_SA11_R05.txt,D10,0,12.0,0,0,0,0,0
logistic,train,SA11/D11_SA11_R01.txt,D11,0,11.995,0,0,0,0,0
logistic,train,SA11/D11_SA11_R02.txt,D11,0,12.0,0,0,0,0,0
logistic,train,SA11/D11_SA11_R03.txt,D11,0,12.0,0,0,0,0,0
logistic,train,SA11/D11_SA11_R04.txt,D11,0,12.0,0,0,0,0,0
logistic,train,SA11/D11_SA11_R05.txt,D11,0,12.0,0,0,0,0,0
logistic,train,SA11/D12_SA11_R01.txt,D12,0,11.995,0,0,0,0,0
logistic,train,SA11/D12_SA11_R02.txt,D12,0,12.0,0,0,0,0,0
logistic,train,SA11/D12_SA11_R03.txt,D12,0,12.0,0,0,0,0,0
logistic,train,SA11/D12_SA11_R04.txt,D12,0,12.0,0,0,0,0,0
logistic,train,SA11/D12_SA11_R05.txt,D12,0,12.0,0,0,0,0,0
logistic,train,SA11/D13_SA11_R01.txt,D13,0,12.0,0,0,0,0,0
logistic,train,SA11/D13_SA11_R02.txt,D13,0,12.0,0,0,0,0,0
logistic,train,SA11/D13_SA11_R03.txt,D13,0,12.0,0,0,0,0,0
logistic,train,SA11/D13_SA11_R04.txt,D13,0,12.0,0,1,0,0,0
logistic,train,SA11/D13_SA11_R05.txt,D13,0,12.0,0,0,0,0,0
logistic,train,SA11/D14_SA11_R01.txt,D14,0,12.0,0,0,0,0,0
logistic,train,SA11/D14_SA11_R02.txt,D14,0,12.0,0,0,0,0,0
logistic,train,SA11/D14_SA11_R03.txt,D14,0,12.0,0,0,0,0,0
logistic,train,SA11/D14_SA11_R04.txt,D14,0,12.0,0,0,0,0,0
logistic,train,SA11/D14_SA11_R05.txt,D14,0,12.0,0,0,0,0,0
logistic,train,SA11/D15_SA11_R01.txt,D15,0,12.0,0,0,0,0,0
logistic,train,SA11/D15_SA11_R02.txt,D15,0,12.0,0,0,0,0,0
logistic,train,SA11/D15_SA11_R03.txt,D15,0,12.0,0,0,0,0,0
logistic,train,SA11/D15_SA11_R04.txt,D15,0,12.0,0,0,0,0,0
logistic,train,SA11/D15_SA11_R05.txt,D15,0,12.0,0,0,0,0,0
logistic,train,SA11/D16_SA11_R01.txt,D16,0,11.995,0,0,0,0,0
logistic,train,SA11/D16_SA11_R02.txt,D16,0,12.0,0,0,0,0,0
logistic,train,SA11/D16_SA11_R03.txt,D16,0,12.0,0,0,0,0,0
logistic,train,SA11/D16_SA11_R04.txt,D16,0,12.0,0,0,0,0,0
logistic,train,SA11/D16_SA11_R05.txt,D16,0,12.0,0,0,0,0,0
logistic,train,SA11/D17_SA11_R01.txt,D17,0,24.995,0,0,0,0,0
logistic,train,SA11/D17_SA11_R02.txt,D17,0,25.0,0,0,0,0,0
logistic,train,SA11/D17_SA11_R03.txt,D17,0,25.0,0,0,0,0,0
logistic,train,SA11/D17_SA11_R04.txt,D17,0,25.0,0,0,0,0,0
logistic,train,SA11/D17_SA11_R05.txt,D17,0,25.0,0,0,0,0,0
logistic,train,SA11/D18_SA11_R01.txt,D18,0,12.0,0,1,0,0,0
logistic,train,SA11/D18_SA11_R02.txt,D18,0,12.0,0,1,0,0,0
logistic,train,SA11/D18_SA11_R03.txt,D18,0,12.0,0,1,0,0,0
logistic,train,SA11/D18_SA11_R04.txt,D18,0,12.0,0,1,0,0,0
logistic,train,SA11/D18_SA11_R05.txt,D18,0,12.0,0,1,0,0,0
logistic,train,SA11/D19_SA11_R01.txt,D19,0,12.0,0,0,0,0,0
logistic,train,SA11/D19_SA11_R02.txt,D19,0,12.0,0,0,0,0,0
logistic,train,SA11/D19_SA11_R03.txt,D19,0,12.0,0,0,0,0,0
logistic,train,SA11/D19_SA11_R04.txt,D19,0,12.0,0,0,0,0,0
logistic,train,SA11/D19_SA11_R05.txt,D19,0,12.0,0,1,0,0,0
logistic,train,SA11/F01_SA11_R01.txt,F01,1,15.0,1,1,1,0,0
logistic,train,SA11/F01_SA11_R02.txt,F01,1,15.0,1,1,1,0,0
logistic,train,SA11/F01_SA11_R03.txt,F01,1,15.0,1,1,1,0,0
logistic,train,SA11/F01_SA11_R04.txt,F01,1,15.0,1,1,1,0,0
logistic,train,SA11/F01_SA11_R05.txt,F01,1,14.995,1,1,1,0,0
logistic,train,SA11/F02_SA11_R01.txt,F02,1,15.0,1,1,1,0,0
logistic,train,SA11/F02_SA11_R02.txt,F02,1,15.0,1,1,1,0,0
logistic,train,SA11/F02_SA11_R03.txt,F02,1,15.0,1,1,1,0,0
logistic,train,SA11/F02_SA11_R04.txt,F02,1,15.0,1,1,1,0,0
logistic,train,SA11/F02_SA11_R05.txt,F02,1,15.0,1,1,1,0,0
logistic,train,SA11/F03_SA11_R01.txt,F03,1,15.0,1,1,1,0,0
logistic,train,SA11/F03_SA11_R02.txt,F03,1,15.0,1,1,1,0,0
logistic,train,SA11/F03_SA11_R03.txt,F03,1,15.0,1,1,1,0,0
logistic,train,SA11/F03_SA11_R04.txt,F03,1,15.0,1,1,1,0,0
logistic,train,SA11/F03_SA11_R05.txt,F03,1,15.0,1,1,1,0,0
logistic,train,SA11/F04_SA11_R01.txt,F04,1,15.0,1,1,1,0,0
logistic,train,SA11/F04_SA11_R02.txt,F04,1,15.0,1,1,1,0,0
logistic,train,SA11/F04_SA11_R03.txt,F04,1,15.0,1,1,1,0,0
logistic,train,SA11/F04_SA11_R04.txt,F04,1,15.0,1,1,1,0,0
logistic,train,SA11/F04_SA11_R05.txt,F04,1,15.0,1,1,1,0,0
logistic,train,SA11/F05_SA11_R01.txt,F05,1,15.0,1,1,1,0,0
logistic,train,SA11/F05_SA11_R02.txt,F05,1,14.995,1,0,0,0,1
logistic,train,SA11/F05_SA11_R03.txt,F05,1,15.0,1,1,1,0,0
logistic,train,SA11/F05_SA11_R04.txt,F05,1,15.0,1,1,1,0,0
logistic,train,SA11/F05_SA11_R05.txt,F05,1,15.0,1,1,1,0,0
logistic,train,SA11/F06_SA11_R01.txt,F06,1,14.995,0,1,0,1,0
logistic,train,SA11/F06_SA11_R02.txt,F06,1,15.0,1,1,1,0,0
logistic,train,SA11/F06_SA11_R03.txt,F06,1,15.0,1,1,1,0,0
logistic,train,SA11/F06_SA11_R04.txt,F06,1,15.0,1,1,1,0,0
logistic,train,SA11/F06_SA11_R05.txt,F06,1,15.0,1,1,1,0,0
logistic,train,SA11/F07_SA11_R01.txt,F07,1,15.0,1,1,1,0,0
logistic,train,SA11/F07_SA11_R02.txt,F07,1,15.0,1,1,1,0,0
logistic,train,SA11/F07_SA11_R03.txt,F07,1,15.0,1,1,1,0,0
logistic,train,SA11/F07_SA11_R04.txt,F07,1,15.0,1,1,1,0,0
logistic,train,SA11/F07_SA11_R05.txt,F07,1,15.0,1,1,1,0,0
logistic,train,SA11/F08_SA11_R01.txt,F08,1,15.0,1,1,1,0,0
logistic,train,SA11/F08_SA11_R02.txt,F08,1,15.0,1,0,0,0,1
logistic,train,SA11/F08_SA11_R03.txt,F08,1,15.0,1,0,0,0,1
logistic,train,SA11/F08_SA11_R04.txt,F08,1,15.0,1,1,1,0,0
logistic,train,SA11/F08_SA11_R05.txt,F08,1,15.0,1,1,1,0,0
logistic,train,SA11/F09_SA11_R01.txt,F09,1,15.0,1,1,1,0,0
logistic,train,SA11/F09_SA11_R02.txt,F09,1,15.0,1,1,1,0,0
logistic,train,SA11/F09_SA11_R03.txt,F09,1,15.0,1,1,1,0,0
logistic,train,SA11/F09_SA11_R04.txt,F09,1,15.0,1,1,1,0,0
logistic,train,SA11/F09_SA11_R05.txt,F09,1,15.0,1,1,1,0,0
logistic,train,SA11/F10_SA11_R01.txt,F10,1,15.0,1,1,1,0,0
logistic,train,SA11/F10_SA11_R02.txt,F10,1,15.0,1,1,1,0,0
logistic,train,SA11/F10_SA11_R03.txt,F10,1,15.0,1,1,1,0,0
logistic,train,SA11/F10_SA11_R04.txt,F10,1,15.0,1,1,1,0,0
logistic,train,SA11/F10_SA11_R05.txt,F10,1,15.0,1,1,1,0,0
logistic,train,SA11/F11_SA11_R01.txt,F11,1,14.995,1,1,1,0,0
logistic,train,SA11/F11_SA11_R02.txt,F11,1,15.0,1,1,1,0,0
logistic,train,SA11/F11_SA11_R03.txt,F11,1,15.0,1,1,1,0,0
logistic,train,SA11/F11_SA11_R04.txt,F11,1,15.0,1,1,1,0,0
logistic,train,SA11/F11_SA11_R05.txt,F11,1,15.0,1,1,1,0,0
logistic,train,SA11/F12_SA11_R01.txt,F12,1,15.0,1,1,1,0,0
logistic,train,SA11/F12_SA11_R02.txt,F12,1,15.0,1,1,1,0,0
logistic,train,SA11/F12_SA11_R03.txt,F12,1,15.0,1,1,1,0,0
logistic,train,SA11/F12_SA11_R04.txt,F12,1,15.0,1,1,1,0,0
logistic,train,SA11/F12_SA11_R05.txt,F12,1,15.0,1,1,1,0,0
logistic,train,SA11/F13_SA11_R01.txt,F13,1,14.995,1,1,1,0,0
logistic,train,SA11/F13_SA11_R02.txt,F13,1,15.0,1,1,1,0,0
logistic,train,SA11/F13_SA11_R03.txt,F13,1,15.0,1,1,1,0,0
logistic,train,SA11/F13_SA11_R04.txt,F13,1,15.0,1,1,1,0,0
logistic,train,SA11/F13_SA11_R05.txt,F13,1,15.0,1,1,1,0,0
logistic,train,SA11/F14_SA11_R01.txt,F14,1,15.0,1,1,1,0,0
logistic,train,SA11/F14_SA11_R02.txt,F14,1,15.0,1,1,1,0,0
logistic,train,SA11/F14_SA11_R03.txt,F14,1,15.0,1,1,1,0,0
logistic,train,SA11/F14_SA11_R04.txt,F14,1,15.0,1,1,1,0,0
logistic,train,SA11/F14_SA11_R05.txt,F14,1,15.0,1,1,1,0,0
logistic,train,SA11/F15_SA11_R01.txt,F15,1,15.0,1,1,1,0,0
logistic,train,SA11/F15_SA11_R02.txt,F15,1,15.0,1,1,1,0,0
logistic,train,SA11/F15_SA11_R03.txt,F15,1,15.0,1,1,1,0,0
logistic,train,SA11/F15_SA11_R04.txt,F15,1,15.0,1,1,1,0,0
logistic,train,SA11/F15_SA11_R05.txt,F15,1,15.0,1,1,1,0,0
logistic,train,SA12/D01_SA12_R01.txt,D01,0,99.995,0,0,0,0,0
logistic,train,SA12/D02_SA12_R01.txt,D02,0,100.0,0,0,0,0,0
logistic,train,SA12/D03_SA12_R01.txt,D03,0,100.0,0,0,0,0,0
logistic,train,SA12/D04_SA12_R01.txt,D04,0,100.0,0,0,0,0,0
logistic,train,SA12/D05_SA12_R01.txt,D05,0,25.0,0,0,0,0,0
logistic,train,SA12/D05_SA12_R02.txt,D05,0,25.0,0,0,0,0,0
logistic,train,SA12/D05_SA12_R03.txt,D05,0,25.0,0,0,0,0,0
logistic,train,SA12/D05_SA12_R04.txt,D05,0,25.0,0,0,0,0,0
logistic,train,SA12/D05_SA12_R05.txt,D05,0,25.0,0,0,0,0,0
logistic,train,SA12/D06_SA12_R01.txt,D06,0,24.995,0,0,0,0,0
logistic,train,SA12/D06_SA12_R02.txt,D06,0,25.0,0,0,0,0,0
logistic,train,SA12/D06_SA12_R03.txt,D06,0,25.0,0,0,0,0,0
logistic,train,SA12/D06_SA12_R04.txt,D06,0,25.0,0,0,0,0,0
logistic,train,SA12/D06_SA12_R05.txt,D06,0,25.0,0,0,0,0,0
logistic,train,SA12/D07_SA12_R01.txt,D07,0,12.0,0,0,0,0,0
logistic,train,SA12/D07_SA12_R02.txt,D07,0,12.0,0,0,0,0,0
logistic,train,SA12/D07_SA12_R03.txt,D07,0,12.0,0,0,0,0,0
logistic,train,SA12/D07_SA12_R04.txt,D07,0,12.0,0,0,0,0,0
logistic,train,SA12/D07_SA12_R05.txt,D07,0,12.0,0,0,0,0,0
logistic,train,SA12/D08_SA12_R01.txt,D08,0,12.0,0,0,0,0,0
logistic,train,SA12/D08_SA12_R02.txt,D08,0,12.0,0,0,0,0,0
logistic,train,SA12/D08_SA12_R03.txt,D08,0,12.0,0,0,0,0,0
logistic,train,SA12/D08_SA12_R04.txt,D08,0,12.0,0,0,0,0,0
logistic,train,SA12/D08_SA12_R05.txt,D08,0,12.0,0,0,0,0,0
logistic,train,SA12/D09_SA12_R01.txt,D09,0,12.0,0,0,0,0,0
logistic,train,SA12/D09_SA12_R02.txt,D09,0,12.0,0,0,0,0,0
logistic,train,SA12/D09_SA12_R03.txt,D09,0,11.995,0,0,0,0,0
logistic,train,SA12/D09_SA12_R04.txt,D09,0,12.0,0,0,0,0,0
logistic,train,SA12/D09_SA12_R05.txt,D09,0,12.0,0,0,0,0,0
logistic,train,SA12/D10_SA12_R01.txt,D10,0,12.0,0,0,0,0,0
logistic,train,SA12/D10_SA12_R02.txt,D10,0,12.0,0,0,0,0,0
logistic,train,SA12/D10_SA12_R03.txt,D10,0,12.0,0,0,0,0,0
logistic,train,SA12/D10_SA12_R04.txt,D10,0,12.0,0,0,0,0,0
logistic,train,SA12/D10_SA12_R05.txt,D10,0,12.0,0,0,0,0,0
logistic,train,SA12/D11_SA12_R01.txt,D11,0,11.995,0,0,0,0,0
logistic,train,SA12/D11_SA12_R02.txt,D11,0,12.0,0,0,0,0,0
logistic,train,SA12/D11_SA12_R03.txt,D11,0,12.0,0,0,0,0,0
logistic,train,SA12/D11_SA12_R04.txt,D11,0,12.0,0,0,0,0,0
logistic,train,SA12/D11_SA12_R05.txt,D11,0,12.0,0,0,0,0,0
logistic,train,SA12/D12_SA12_R01.txt,D12,0,12.0,0,0,0,0,0
logistic,train,SA12/D12_SA12_R02.txt,D12,0,12.0,0,0,0,0,0
logistic,train,SA12/D12_SA12_R03.txt,D12,0,12.0,0,0,0,0,0
logistic,train,SA12/D12_SA12_R04.txt,D12,0,12.0,0,0,0,0,0
logistic,train,SA12/D12_SA12_R05.txt,D12,0,12.0,0,0,0,0,0
logistic,train,SA12/D13_SA12_R01.txt,D13,0,12.0,0,0,0,0,0
logistic,train,SA12/D13_SA12_R02.txt,D13,0,12.0,0,0,0,0,0
logistic,train,SA12/D13_SA12_R03.txt,D13,0,12.0,0,0,0,0,0
logistic,train,SA12/D13_SA12_R04.txt,D13,0,12.0,0,0,0,0,0
logistic,train,SA12/D13_SA12_R05.txt,D13,0,12.0,0,0,0,0,0
logistic,train,SA12/D14_SA12_R01.txt,D14,0,12.0,0,0,0,0,0
logistic,train,SA12/D14_SA12_R02.txt,D14,0,12.0,0,0,0,0,0
logistic,train,SA12/D14_SA12_R03.txt,D14,0,12.0,0,0,0,0,0
logistic,train,SA12/D14_SA12_R04.txt,D14,0,12.0,0,0,0,0,0
logistic,train,SA12/D14_SA12_R05.txt,D14,0,12.0,0,0,0,0,0
logistic,train,SA12/D15_SA12_R01.txt,D15,0,12.0,0,0,0,0,0
logistic,train,SA12/D15_SA12_R02.txt,D15,0,12.0,0,0,0,0,0
logistic,train,SA12/D15_SA12_R03.txt,D15,0,12.0,0,0,0,0,0
logistic,train,SA12/D15_SA12_R04.txt,D15,0,12.0,0,0,0,0,0
logistic,train,SA12/D15_SA12_R05.txt,D15,0,12.0,0,0,0,0,0
logistic,train,SA12/D16_SA12_R01.txt,D16,0,11.995,0,0,0,0,0
logistic,train,SA12/D16_SA12_R02.txt,D16,0,12.0,0,0,0,0,0
logistic,train,SA12/D16_SA12_R03.txt,D16,0,12.0,0,0,0,0,0
logistic,train,SA12/D16_SA12_R04.txt,D16,0,12.0,0,0,0,0,0
logistic,train,SA12/D16_SA12_R05.txt,D16,0,12.0,0,0,0,0,0
logistic,train,SA12/D17_SA12_R01.txt,D17,0,24.995,0,0,0,0,0
logistic,train,SA12/D17_SA12_R02.txt,D17,0,25.0,0,0,0,0,0
logistic,train,SA12/D17_SA12_R03.txt,D17,0,25.0,0,0,0,0,0
logistic,train,SA12/D17_SA12_R04.txt,D17,0,25.0,0,0,0,0,0
logistic,train,SA12/D17_SA12_R05.txt,D17,0,25.0,0,0,0,0,0
logistic,train,SA12/D18_SA12_R01.txt,D18,0,12.0,0,1,0,0,0
logistic,train,SA12/D18_SA12_R02.txt,D18,0,12.0,0,0,0,0,0
logistic,train,SA12/D18_SA12_R03.txt,D18,0,12.0,0,0,0,0,0
logistic,train,SA12/D18_SA12_R04.txt,D18,0,12.0,0,0,0,0,0
logistic,train,SA12/D18_SA12_R05.txt,D18,0,12.0,0,0,0,0,0
logistic,train,SA12/D19_SA12_R01.txt,D19,0,12.0,0,0,0,0,0
logistic,train,SA12/D19_SA12_R02.txt,D19,0,12.0,0,0,0,0,0
logistic,train,SA12/D19_SA12_R03.txt,D19,0,12.0,0,0,0,0,0
logistic,train,SA12/D19_SA12_R04.txt,D19,0,12.0,0,0,0,0,0
logistic,train,SA12/D19_SA12_R05.txt,D19,0,12.0,0,0,0,0,0
logistic,train,SA12/F01_SA12_R01.txt,F01,1,15.0,1,1,1,0,0
logistic,train,SA12/F01_SA12_R02.txt,F01,1,15.0,1,1,1,0,0
logistic,train,SA12/F01_SA12_R03.txt,F01,1,15.0,1,1,1,0,0
logistic,train,SA12/F01_SA12_R04.txt,F01,1,15.0,1,1,1,0,0
logistic,train,SA12/F01_SA12_R05.txt,F01,1,15.0,1,1,1,0,0
logistic,train,SA12/F02_SA12_R01.txt,F02,1,15.0,1,1,1,0,0
logistic,train,SA12/F02_SA12_R02.txt,F02,1,15.0,1,1,1,0,0
logistic,train,SA12/F02_SA12_R03.txt,F02,1,15.0,1,1,1,0,0
logistic,train,SA12/F02_SA12_R04.txt,F02,1,15.0,1,1,1,0,0
logistic,train,SA12/F02_SA12_R05.txt,F02,1,15.0,0,0,0,1,0
logistic,train,SA12/F03_SA12_R01.txt,F03,1,15.0,1,1,1,0,0
logistic,train,SA12/F03_SA12_R02.txt,F03,1,15.0,1,1,1,0,0
logistic,train,SA12/F03_SA12_R03.txt,F03,1,15.0,1,1,1,0,0
logistic,train,SA12/F03_SA12_R04.txt,F03,1,15.0,1,1,1,0,0
logistic,train,SA12/F03_SA12_R05.txt,F03,1,15.0,1,1,1,0,0
logistic,train,SA12/F04_SA12_R01.txt,F04,1,15.0,1,1,1,0,0
logistic,train,SA12/F04_SA12_R02.txt,F04,1,15.0,1,1,1,0,0
logistic,train,SA12/F04_SA12_R03.txt,F04,1,14.995,1,1,1,0,0
logistic,train,SA12/F04_SA12_R04.txt,F04,1,15.0,1,1,1,0,0
logistic,train,SA12/F04_SA12_R05.txt,F04,1,15.0,1,1,1,0,0
logistic,train,SA12/F05_SA12_R01.txt,F05,1,15.0,1,1,1,0,0
logistic,train,SA12/F05_SA12_R02.txt,F05,1,15.0,1,1,1,0,0
logistic,train,SA12/F05_SA12_R03.txt,F05,1,15.0,1,1,1,0,0
logistic,train,SA12/F05_SA12_R04.txt,F05,1,15.0,1,1,1,0,0
logistic,train,SA12/F05_SA12_R05.txt,F05,1,15.0,1,1,1,0,0
logistic,train,SA12/F06_SA12_R01.txt,F06,1,14.995,1,1,1,0,0
logistic,train,SA12/F06_SA12_R02.txt,F06,1,15.0,1,1,1,0,0
logistic,train,SA12/F06_SA12_R03.txt,F06,1,14.995,1,1,1,0,0
logistic,train,SA12/F06_SA12_R04.txt,F06,1,14.995,1,1,1,0,0
logistic,train,SA12/F06_SA12_R05.txt,F06,1,15.0,1,1,1,0,0
logistic,train,SA12/F07_SA12_R01.txt,F07,1,15.0,1,1,1,0,0
logistic,train,SA12/F07_SA12_R02.txt,F07,1,15.0,1,0,0,0,1
logistic,train,SA12/F07_SA12_R03.txt,F07,1,15.0,1,1,1,0,0
logistic,train,SA12/F07_SA12_R04.txt,F07,1,15.0,1,1,1,0,0
logistic,train,SA12/F07_SA12_R05.txt,F07,1,14.995,1,1,1,0,0
logistic,train,SA12/F08_SA12_R01.txt,F08,1,15.0,1,1,1,0,0
logistic,train,SA12/F08_SA12_R02.txt,F08,1,15.0,0,0,0,1,0
logistic,train,SA12/F08_SA12_R03.txt,F08,1,15.0,1,1,1,0,0
logistic,train,SA12/F08_SA12_R04.txt,F08,1,15.0,1,2,1,0,0
logistic,train,SA12/F08_SA12_R05.txt,F08,1,15.0,1,2,1,0,0
logistic,train,SA12/F09_SA12_R01.txt,F09,1,15.0,0,0,0,1,0
logistic,train,SA12/F09_SA12_R02.txt,F09,1,15.0,1,1,1,0,0
logistic,train,SA12/F09_SA12_R03.txt,F09,1,15.0,1,1,1,0,0
logistic,train,SA12/F09_SA12_R04.txt,F09,1,15.0,1,2,1,0,0
logistic,train,SA12/F09_SA12_R05.txt,F09,1,15.0,1,0,0,0,1
logistic,train,SA12/F10_SA12_R01.txt,F10,1,15.0,1,1,1,0,0
logistic,train,SA12/F10_SA12_R02.txt,F10,1,15.0,1,1,1,0,0
logistic,train,SA12/F10_SA12_R03.txt,F10,1,15.0,1,1,1,0,0
logistic,train,SA12/F10_SA12_R04.txt,F10,1,15.0,1,1,1,0,0
logistic,train,SA12/F10_SA12_R05.txt,F10,1,15.0,1,1,1,0,0
logistic,train,SA12/F11_SA12_R01.txt,F11,1,14.995,1,1,1,0,0
logistic,train,SA12/F11_SA12_R02.txt,F11,1,15.0,1,1,1,0,0
logistic,train,SA12/F11_SA12_R03.txt,F11,1,15.0,1,0,0,0,1
logistic,train,SA12/F11_SA12_R04.txt,F11,1,15.0,1,1,1,0,0
logistic,train,SA12/F11_SA12_R05.txt,F11,1,15.0,1,1,1,0,0
logistic,train,SA12/F12_SA12_R01.txt,F12,1,15.0,1,1,1,0,0
logistic,train,SA12/F12_SA12_R02.txt,F12,1,15.0,1,1,1,0,0
logistic,train,SA12/F12_SA12_R03.txt,F12,1,15.0,1,1,1,0,0
logistic,train,SA12/F12_SA12_R04.txt,F12,1,15.0,1,1,1,0,0
logistic,train,SA12/F12_SA12_R05.txt,F12,1,15.0,1,1,1,0,0
logistic,train,SA12/F13_SA12_R01.txt,F13,1,15.0,1,1,1,0,0
logistic,train,SA12/F13_SA12_R02.txt,F13,1,15.0,1,1,1,0,0
logistic,train,SA12/F13_SA12_R03.txt,F13,1,15.0,1,1,1,0,0
logistic,train,SA12/F13_SA12_R04.txt,F13,1,15.0,1,1,1,0,0
logistic,train,SA12/F13_SA12_R05.txt,F13,1,15.0,1,1,1,0,0
logistic,train,SA12/F14_SA12_R01.txt,F14,1,15.0,1,1,1,0,0
logistic,train,SA12/F14_SA12_R02.txt,F14,1,15.0,1,1,1,0,0
logistic,train,SA12/F14_SA12_R03.txt,F14,1,15.0,1,1,1,0,0
logistic,train,SA12/F14_SA12_R04.txt,F14,1,15.0,1,1,1,0,0
logistic,train,SA12/F14_SA12_R05.txt,F14,1,15.0,1,1,1,0,0
logistic,train,SA12/F15_SA12_R01.txt,F15,1,15.0,1,1,1,0,0
logistic,train,SA12/F15_SA12_R02.txt,F15,1,15.0,1,1,1,0,0
logistic,train,SA12/F15_SA12_R03.txt,F15,1,15.0,1,1,1,0,0
logistic,train,SA12/F15_SA12_R04.txt,F15,1,15.0,1,1,1,0,0
logistic,train,SA12/F15_SA12_R05.txt,F15,1,15.0,1,1,1,0,0
logistic,train,SA14/D01_SA14_R01.txt,D01,0,99.995,0,0,0,0,0
logistic,train,SA14/D02_SA14_R01.txt,D02,0,100.0,0,0,0,0,0
logistic,train,SA14/D03_SA14_R01.txt,D03,0,100.0,0,0,0,0,0
logistic,train,SA14/D04_SA14_R01.txt,D04,0,99.995,0,0,0,0,0
logistic,train,SA14/D05_SA14_R01.txt,D05,0,25.0,0,0,0,0,0
logistic,train,SA14/D05_SA14_R02.txt,D05,0,25.0,0,0,0,0,0
logistic,train,SA14/D05_SA14_R03.txt,D05,0,25.0,0,0,0,0,0
logistic,train,SA14/D05_SA14_R04.txt,D05,0,25.0,0,0,0,0,0
logistic,train,SA14/D05_SA14_R05.txt,D05,0,24.995,0,0,0,0,0
logistic,train,SA14/D06_SA14_R01.txt,D06,0,25.0,0,0,0,0,0
logistic,train,SA14/D06_SA14_R02.txt,D06,0,24.995,0,0,0,0,0
logistic,train,SA14/D06_SA14_R03.txt,D06,0,25.0,0,0,0,0,0
logistic,train,SA14/D06_SA14_R04.txt,D06,0,25.0,0,0,0,0,0
logistic,train,SA14/D06_SA14_R05.txt,D06,0,25.0,0,0,0,0,0
logistic,train,SA14/D07_SA14_R01.txt,D07,0,12.0,0,0,0,0,0
logistic,train,SA14/D07_SA14_R02.txt,D07,0,12.0,0,0,0,0,0
logistic,train,SA14/D07_SA14_R03.txt,D07,0,12.0,0,0,0,0,0
logistic,train,SA14/D07_SA14_R04.txt,D07,0,12.0,0,0,0,0,0
logistic,train,SA14/D07_SA14_R05.txt,D07,0,12.0,0,0,0,0,0
logistic,train,SA14/D08_SA14_R01.txt,D08,0,12.0,0,0,0,0,0
logistic,train,SA14/D08_SA14_R02.txt,D08,0,12.0,0,0,0,0,0
logistic,train,SA14/D08_SA14_R03.txt,D08,0,12.0,0,0,0,0,0
logistic,train,SA14/D08_SA14_R04.txt,D08,0,12.0,0,0,0,0,0
logistic,train,SA14/D08_SA14_R05.txt,D08,0,12.0,0,0,0,0,0
logistic,train,SA14/D09_SA14_R01.txt,D09,0,12.0,0,0,0,0,0
logistic,train,SA14/D09_SA14_R02.txt,D09,0,12.0,0,0,0,0,0
logistic,train,SA14/D09_SA14_R03.txt,D09,0,12.0,0,0,0,0,0
logistic,train,SA14/D09_SA14_R04.txt,D09,0,12.0,0,0,0,0,0
logistic,train,SA14/D09_SA14_R05.txt,D09,0,12.0,0,0,0,0,0
logistic,train,SA14/D10_SA14_R01.txt,D10,0,12.0,0,0,0,0,0
logistic,train,SA14/D10_SA14_R02.txt,D10,0,12.0,0,0,0,0,0
logistic,train,SA14/D10_SA14_R03.txt,D10,0,12.0,0,0,0,0,0
logistic,train,SA14/D10_SA14_R04.txt,D10,0,12.0,0,0,0,0,0
logistic,train,SA14/D10_SA14_R05.txt,D10,0,12.0,0,0,0,0,0
logistic,train,SA14/D11_SA14_R01.txt,D11,0,11.995,0,0,0,0,0
logistic,train,SA14/D11_SA14_R02.txt,D11,0,12.0,0,0,0,0,0
logistic,train,SA14/D11_SA14_R03.txt,D11,0,12.0,0,0,0,0,0
logistic,train,SA14/D11_SA14_R04.txt,D11,0,12.0,0,0,0,0,0
logistic,train,SA14/D11_SA14_R05.txt,D11,0,12.0,0,0,0,0,0
logistic,train,SA14/D12_SA14_R01.txt,D12,0,12.0,0,0,0,0,0
logistic,train,SA14/D12_SA14_R02.txt,D12,0,12.0,0,0,0,0,0
logistic,train,SA14/D12_SA14_R03.txt,D12,0,12.0,0,0,0,0,0
logistic,train,SA14/D12_SA14_R04.txt,D12,0,12.0,0,0,0,0,0
logistic,train,SA14/D12_SA14_R05.txt,D12,0,12.0,0,0,0,0,0
logistic,train,SA14/D13_SA14_R01.txt,D13,0,12.0,0,1,0,0,0
logistic,train,SA14/D13_SA14_R02.txt,D13,0,12.0,0,0,0,0,0
logistic,train,SA14/D13_SA14_R03.txt,D13,0,12.0,0,0,0,0,0
logistic,train,SA14/D13_SA14_R04.txt,D13,0,12.0,0,0,0,0,0
logistic,train,SA14/D13_SA14_R05.txt,D13,0,12.0,0,0,0,0,0
logistic,train,SA14/D14_SA14_R01.txt,D14,0,12.0,0,0,0,0,0
logistic,train,SA14/D14_SA14_R02.txt,D14,0,12.0,0,0,0,0,0
logistic,train,SA14/D14_SA14_R03.txt,D14,0,12.0,0,0,0,0,0
logistic,train,SA14/D14_SA14_R04.txt,D14,0,12.0,0,0,0,0,0
logistic,train,SA14/D14_SA14_R05.txt,D14,0,12.0,0,0,0,0,0
logistic,train,SA14/D15_SA14_R01.txt,D15,0,12.0,0,0,0,0,0
logistic,train,SA14/D15_SA14_R02.txt,D15,0,12.0,0,0,0,0,0
logistic,train,SA14/D15_SA14_R03.txt,D15,0,12.0,0,0,0,0,0
logistic,train,SA14/D15_SA14_R04.txt,D15,0,12.0,0,0,0,0,0
logistic,train,SA14/D15_SA14_R05.txt,D15,0,12.0,0,0,0,0,0
logistic,train,SA14/D16_SA14_R01.txt,D16,0,11.995,0,0,0,0,0
logistic,train,SA14/D16_SA14_R02.txt,D16,0,12.0,0,0,0,0,0
logistic,train,SA14/D16_SA14_R03.txt,D16,0,12.0,0,0,0,0,0
logistic,train,SA14/D16_SA14_R04.txt,D16,0,12.0,0,0,0,0,0
logistic,train,SA14/D16_SA14_R05.txt,D16,0,12.0,0,0,0,0,0
logistic,train,SA14/D17_SA14_R01.txt,D17,0,24.995,0,0,0,0,0
logistic,train,SA14/D17_SA14_R02.txt,D17,0,25.0,0,0,0,0,0
logistic,train,SA14/D17_SA14_R03.txt,D17,0,25.0,0,0,0,0,0
logistic,train,SA14/D17_SA14_R04.txt,D17,0,25.0,0,0,0,0,0
logistic,train,SA14/D17_SA14_R05.txt,D17,0,25.0,0,0,0,0,0
logistic,train,SA14/D18_SA14_R01.txt,D18,0,12.0,0,0,0,0,0
logistic,train,SA14/D18_SA14_R02.txt,D18,0,12.0,0,0,0,0,0
logistic,train,SA14/D18_SA14_R03.txt,D18,0,12.0,0,0,0,0,0
logistic,train,SA14/D18_SA14_R04.txt,D18,0,12.0,0,0,0,0,0
logistic,train,SA14/D18_SA14_R05.txt,D18,0,12.0,0,0,0,0,0
logistic,train,SA14/D19_SA14_R01.txt,D19,0,12.0,0,0,0,0,0
logistic,train,SA14/D19_SA14_R02.txt,D19,0,12.0,0,0,0,0,0
logistic,train,SA14/D19_SA14_R03.txt,D19,0,12.0,0,0,0,0,0
logistic,train,SA14/D19_SA14_R04.txt,D19,0,12.0,0,0,0,0,0
logistic,train,SA14/D19_SA14_R05.txt,D19,0,12.0,0,0,0,0,0
logistic,train,SA14/F01_SA14_R01.txt,F01,1,14.995,0,0,0,1,0
logistic,train,SA14/F01_SA14_R02.txt,F01,1,14.91,1,1,1,0,0
logistic,train,SA14/F01_SA14_R03.txt,F01,1,15.0,1,1,1,0,0
logistic,train,SA14/F01_SA14_R04.txt,F01,1,15.0,1,1,1,0,0
logistic,train,SA14/F01_SA14_R05.txt,F01,1,15.0,1,1,1,0,0
logistic,train,SA14/F02_SA14_R01.txt,F02,1,15.0,1,1,1,0,0
logistic,train,SA14/F02_SA14_R02.txt,F02,1,15.0,1,1,1,0,0
logistic,train,SA14/F02_SA14_R03.txt,F02,1,15.0,1,1,1,0,0
logistic,train,SA14/F02_SA14_R04.txt,F02,1,15.0,1,1,1,0,0
logistic,train,SA14/F02_SA14_R05.txt,F02,1,15.0,1,1,1,0,0
logistic,train,SA14/F03_SA14_R01.txt,F03,1,15.0,1,1,1,0,0
logistic,train,SA14/F03_SA14_R02.txt,F03,1,15.0,1,1,1,0,0
logistic,train,SA14/F03_SA14_R03.txt,F03,1,15.0,1,1,1,0,0
logistic,train,SA14/F03_SA14_R04.txt,F03,1,15.0,1,1,1,0,0
logistic,train,SA14/F03_SA14_R05.txt,F03,1,15.0,1,1,1,0,0
logistic,train,SA14/F04_SA14_R01.txt,F04,1,15.0,1,1,1,0,0
logistic,train,SA14/F04_SA14_R02.txt,F04,1,15.0,1,1,1,0,0
logistic,train,SA14/F04_SA14_R03.txt,F04,1,15.0,1,1,1,0,0
logistic,train,SA14/F04_SA14_R04.txt,F04,1,15.0,1,1,1,0,0
logistic,train,SA14/F04_SA14_R05.txt,F04,1,14.995,1,1,1,0,0
logistic,train,SA14/F05_SA14_R01.txt,F05,1,15.0,1,1,1,0,0
logistic,train,SA14/F05_SA14_R02.txt,F05,1,15.0,1,1,1,0,0
logistic,train,SA14/F05_SA14_R03.txt,F05,1,15.0,1,0,0,0,1
logistic,train,SA14/F05_SA14_R04.txt,F05,1,15.0,1,1,1,0,0
logistic,train,SA14/F05_SA14_R05.txt,F05,1,15.0,1,1,1,0,0
logistic,train,SA14/F06_SA14_R01.txt,F06,1,14.995,1,1,1,0,0
logistic,train,SA14/F06_SA14_R02.txt,F06,1,14.905,1,1,1,0,0
logistic,train,SA14/F06_SA14_R03.txt,F06,1,15.0,1,1,1,0,0
logistic,train,SA14/F06_SA14_R04.txt,F06,1,15.0,1,1,1,0,0
logistic,train,SA14/F06_SA14_R05.txt,F06,1,15.0,1,1,1,0,0
logistic,train,SA14/F07_SA14_R01.txt,F07,1,15.0,1,1,1,0,0
logistic,train,SA14/F07_SA14_R02.txt,F07,1,15.0,1,2,1,0,0
logistic,train,SA14/F07_SA14_R03.txt,F07,1,15.0,1,1,1,0,0
logistic,train,SA14/F07_SA14_R04.txt,F07,1,15.0,1,1,1,0,0
logistic,train,SA14/F07_SA14_R05.txt,F07,1,15.0,1,1,1,0,0
logistic,train,SA14/F08_SA14_R01.txt,F08,1,15.0,1,1,1,0,0
logistic,train,SA14/F08_SA14_R02.txt,F08,1,15.0,1,1,1,0,0
logistic,train,SA14/F08_SA14_R03.txt,F08,1,15.0,1,1,1,0,0
logistic,train,SA14/F08_SA14_R04.txt,F08,1,15.0,1,1,1,0,0
logistic,train,SA14/F08_SA14_R05.txt,F08,1,14.995,1,1,1,0,0
logistic,train,SA14/F09_SA14_R01.txt,F09,1,15.0,1,1,1,0,0
logistic,train,SA14/F09_SA14_R02.txt,F09,1,15.0,1,1,1,0,0
logistic,train,SA14/F09_SA14_R03.txt,F09,1,15.0,1,1,1,0,0
logistic,train,SA14/F09_SA14_R04.txt,F09,1,15.0,1,1,1,0,0
logistic,train,SA14/F09_SA14_R05.txt,F09,1,15.0,1,1,1,0,0
logistic,train,SA14/F10_SA14_R01.txt,F10,1,15.0,1,1,1,0,0
logistic,train,SA14/F10_SA14_R02.txt,F10,1,15.0,1,1,1,0,0
logistic,train,SA14/F10_SA14_R03.txt,F10,1,15.0,1,2,1,0,0
logistic,train,SA14/F10_SA14_R04.txt,F10,1,15.0,1,1,1,0,0
logistic,train,SA14/F10_SA14_R05.txt,F10,1,15.0,1,1,1,0,0
logistic,train,SA14/F11_SA14_R01.txt,F11,1,14.995,1,1,1,0,0
logistic,train,SA14/F11_SA14_R02.txt,F11,1,14.91,1,1,1,0,0
logistic,train,SA14/F11_SA14_R03.txt,F11,1,15.0,1,1,1,0,0
logistic,train,SA14/F11_SA14_R04.txt,F11,1,15.0,0,0,0,1,0
logistic,train,SA14/F11_SA14_R05.txt,F11,1,15.0,1,0,0,0,1
logistic,train,SA14/F12_SA14_R01.txt,F12,1,14.995,1,1,1,0,0
logistic,train,SA14/F12_SA14_R02.txt,F12,1,15.0,1,1,1,0,0
logistic,train,SA14/F12_SA14_R03.txt,F12,1,15.0,1,0,0,0,1
logistic,train,SA14/F12_SA14_R04.txt,F12,1,15.0,1,1,1,0,0
logistic,train,SA14/F12_SA14_R05.txt,F12,1,15.0,1,1,1,0,0
logistic,train,SA14/F13_SA14_R01.txt,F13,1,15.0,1,1,1,0,0
logistic,train,SA14/F13_SA14_R02.txt,F13,1,15.0,1,1,1,0,0
logistic,train,SA14/F13_SA14_R03.txt,F13,1,15.0,1,1,1,0,0
logistic,train,SA14/F13_SA14_R04.txt,F13,1,15.0,0,1,0,1,0
logistic,train,SA14/F13_SA14_R05.txt,F13,1,15.0,1,1,1,0,0
logistic,train,SA14/F14_SA14_R01.txt,F14,1,15.0,1,1,1,0,0
logistic,train,SA14/F14_SA14_R02.txt,F14,1,15.0,1,1,1,0,0
logistic,train,SA14/F14_SA14_R03.txt,F14,1,15.0,1,1,1,0,0
logistic,train,SA14/F14_SA14_R04.txt,F14,1,15.0,1,1,1,0,0
logistic,train,SA14/F14_SA14_R05.txt,F14,1,15.0,1,1,1,0,0
logistic,train,SA14/F15_SA14_R01.txt,F15,1,15.0,1,1,1,0,0
logistic,train,SA14/F15_SA14_R02.txt,F15,1,15.0,1,1,1,0,0
logistic,train,SA14/F15_SA14_R03.txt,F15,1,15.0,1,1,1,0,0
logistic,train,SA14/F15_SA14_R04.txt,F15,1,15.0,1,1,1,0,0
logistic,train,SA14/F15_SA14_R05.txt,F15,1,15.0,1,1,1,0,0
logistic,train,SA15/D01_SA15_R01.txt,D01,0,99.995,0,0,0,0,0
logistic,train,SA15/D02_SA15_R01.txt,D02,0,100.0,0,0,0,0,0
logistic,train,SA15/D03_SA15_R01.txt,D03,0,100.0,0,0,0,0,0
logistic,train,SA15/D04_SA15_R01.txt,D04,0,100.0,0,0,0,0,0
logistic,train,SA15/D05_SA15_R01.txt,D05,0,25.0,0,0,0,0,0
logistic,train,SA15/D05_SA15_R02.txt,D05,0,25.0,0,0,0,0,0
logistic,train,SA15/D05_SA15_R03.txt,D05,0,25.0,0,0,0,0,0
logistic,train,SA15/D05_SA15_R04.txt,D05,0,25.0,0,0,0,0,0
logistic,train,SA15/D05_SA15_R05.txt,D05,0,25.0,0,0,0,0,0
logistic,train,SA15/D06_SA15_R01.txt,D06,0,24.995,0,0,0,0,0
logistic,train,SA15/D06_SA15_R02.txt,D06,0,25.0,0,0,0,0,0
logistic,train,SA15/D06_SA15_R03.txt,D06,0,25.0,0,0,0,0,0
logistic,train,SA15/D06_SA15_R04.txt,D06,0,25.0,0,0,0,0,0
logistic,train,SA15/D06_SA15_R05.txt,D06,0,25.0,0,0,0,0,0
logistic,train,SA15/D07_SA15_R01.txt,D07,0,12.0,0,0,0,0,0
logistic,train,SA15/D07_SA15_R02.txt,D07,0,12.0,0,0,0,0,0
logistic,train,SA15/D07_SA15_R03.txt,D07,0,12.0,0,0,0,0,0
logistic,train,SA15/D07_SA15_R04.txt,D07,0,12.0,0,0,0,0,0
logistic,train,SA15/D07_SA15_R05.txt,D07,0,12.0,0,0,0,0,0
logistic,train,SA15/D08_SA15_R01.txt,D08,0,12.0,0,0,0,0,0
logistic,train,SA15/D08_SA15_R02.txt,D08,0,12.0,0,0,0,0,0
logistic,train,SA15/D08_SA15_R03.txt,D08,0,12.0,0,0,0,0,0
logistic,train,SA15/D08_SA15_R04.txt,D08,0,12.0,0,0,0,0,0
logistic,train,SA15/D08_SA15_R05.txt,D08,0,12.0,0,0,0,0,0
logistic,train,SA15/D09_SA15_R01.txt,D09,0,12.0,0,0,0,0,0
logistic,train,SA15/D09_SA15_R02.txt,D09,0,12.0,0,0,0,0,0
logistic,train,SA15/D09_SA15_R03.txt,D09,0,12.0,0,0,0,0,0
logistic,train,SA15/D09_SA15_R04.txt,D09,0,12.0,0,0,0,0,0
logistic,train,SA15/D09_SA15_R05.txt,D09,0,12.0,0,0,0,0,0
logistic,train,SA15/D10_SA15_R01.txt,D10,0,12.0,0,0,0,0,0
logistic,train,SA15/D10_SA15_R02.txt,D10,0,12.0,0,0,0,0,0
logistic,train,SA15/D10_SA15_R03.txt,D10,0,12.0,0,0,0,0,0
logistic,train,SA15/D10_SA15_R04.txt,D10,0,12.0,0,0,0,0,0
logistic,train,SA15/D10_SA15_R05.txt,D10,0,12.0,0,0,0,0,0
logistic,train,SA15/D11_SA15_R01.txt,D11,0,11.995,0,0,0,0,0
logistic,train,SA15/D11_SA15_R02.txt,D11,0,12.0,0,0,0,0,0
logistic,train,SA15/D11_SA15_R03.txt,D11,0,12.0,0,0,0,0,0
logistic,train,SA15/D11_SA15_R04.txt,D11,0,12.0,0,0,0,0,0
logistic,train,SA15/D11_SA15_R05.txt,D11,0,12.0,0,0,0,0,0
logistic,train,SA15/D12_SA15_R01.txt,D12,0,12.0,0,0,0,0,0
logistic,train,SA15/D12_SA15_R02.txt,D12,0,12.0,0,0,0,0,0
logistic,train,SA15/D12_SA15_R03.txt,D12,0,12.0,0,0,0,0,0
logistic,train,SA15/D12_SA15_R04.txt,D12,0,11.995,0,0,0,0,0
logistic,train,SA15/D12_SA15_R05.txt,D12,0,12.0,0,0,0,0,0
logistic,train,SA15/D13_SA15_R01.txt,D13,0,12.0,0,0,0,0,0
logistic,train,SA15/D13_SA15_R02.txt,D13,0,12.0,0,0,0,0,0
logistic,train,SA15/D13_SA15_R03.txt,D13,0,12.0,0,0,0,0,0
logistic,train,SA15/D13_SA15_R04.txt,D13,0,12.0,0,0,0,0,0
logistic,train,SA15/D13_SA15_R05.txt,D13,0,12.0,0,0,0,0,0
logistic,train,SA15/D14_SA15_R01.txt,D14,0,12.0,0,0,0,0,0
logistic,train,SA15/D14_SA15_R02.txt,D14,0,12.0,0,0,0,0,0
logistic,train,SA15/D14_SA15_R03.txt,D14,0,12.0,0,0,0,0,0
logistic,train,SA15/D14_SA15_R04.txt,D14,0,12.0,0,0,0,0,0
logistic,train,SA15/D14_SA15_R05.txt,D14,0,12.0,0,0,0,0,0
logistic,train,SA15/D15_SA15_R01.txt,D15,0,12.0,0,0,0,0,0
logistic,train,SA15/D15_SA15_R02.txt,D15,0,12.0,0,0,0,0,0
logistic,train,SA15/D15_SA15_R03.txt,D15,0,12.0,0,0,0,0,0
logistic,train,SA15/D15_SA15_R04.txt,D15,0,12.0,0,0,0,0,0
logistic,train,SA15/D15_SA15_R05.txt,D15,0,12.0,0,0,0,0,0
logistic,train,SA15/D16_SA15_R01.txt,D16,0,11.995,0,0,0,0,0
logistic,train,SA15/D16_SA15_R02.txt,D16,0,12.0,0,0,0,0,0
logistic,train,SA15/D16_SA15_R03.txt,D16,0,12.0,0,0,0,0,0
logistic,train,SA15/D16_SA15_R04.txt,D16,0,12.0,0,0,0,0,0
logistic,train,SA15/D16_SA15_R05.txt,D16,0,12.0,0,0,0,0,0
logistic,train,SA15/D18_SA15_R01.txt,D18,0,12.0,0,0,0,0,0
logistic,train,SA15/D18_SA15_R02.txt,D18,0,12.0,0,0,0,0,0
logistic,train,SA15/D18_SA15_R03.txt,D18,0,12.0,0,0,0,0,0
logistic,train,SA15/D18_SA15_R04.txt,D18,0,12.0,0,0,0,0,0
logistic,train,SA15/D18_SA15_R05.txt,D18,0,12.0,0,0,0,0,0
logistic,train,SA15/D19_SA15_R01.txt,D19,0,12.0,0,0,0,0,0
logistic,train,SA15/D19_SA15_R02.txt,D19,0,12.0,0,0,0,0,0
logistic,train,SA15/D19_SA15_R03.txt,D19,0,12.0,0,0,0,0,0
logistic,train,SA15/D19_SA15_R04.txt,D19,0,12.0,0,0,0,0,0
logistic,train,SA15/D19_SA15_R05.txt,D19,0,12.0,0,0,0,0,0
logistic,train,SA15/F01_SA15_R01.txt,F01,1,14.995,1,1,1,0,0
logistic,train,SA15/F01_SA15_R02.txt,F01,1,15.0,1,1,1,0,0
logistic,train,SA15/F01_SA15_R03.txt,F01,1,15.0,1,1,1,0,0
logistic,train,SA15/F01_SA15_R04.txt,F01,1,15.0,1,1,1,0,0
logistic,train,SA15/F01_SA15_R05.txt,F01,1,15.0,1,1,1,0,0
logistic,train,SA15/F02_SA15_R01.txt,F02,1,15.0,1,1,1,0,0
logistic,train,SA15/F02_SA15_R02.txt,F02,1,15.0,1,1,1,0,0
logistic,train,SA15/F02_SA15_R03.txt,F02,1,15.0,1,1,1,0,0
logistic,train,SA15/F02_SA15_R04.txt,F02,1,15.0,1,1,1,0,0
logistic,train,SA15/F02_SA15_R05.txt,F02,1,15.0,1,1,1,0,0
logistic,train,SA15/F03_SA15_R01.txt,F03,1,15.0,1,1,1,0,0
logistic,train,SA15/F03_SA15_R02.txt,F03,1,15.0,1,1,1,0,0
logistic,train,SA15/F03_SA15_R03.txt,F03,1,15.0,1,1,1,0,0
logistic,train,SA15/F03_SA15_R04.txt,F03,1,15.0,1,1,1,0,0
logistic,train,SA15/F03_SA15_R05.txt,F03,1,15.0,1,1,1,0,0
logistic,train,SA15/F04_SA15_R01.txt,F04,1,15.0,1,1,1,0,0
logistic,train,SA15/F04_SA15_R02.txt,F04,1,15.0,1,1,1,0,0
logistic,train,SA15/F04_SA15_R03.txt,F04,1,15.0,1,1,1,0,0
logistic,train,SA15/F04_SA15_R04.txt,F04,1,15.0,0,0,0,1,0
logistic,train,SA15/F04_SA15_R05.txt,F04,1,15.0,0,0,0,1,0
logistic,train,SA15/F05_SA15_R01.txt,F05,1,15.0,1,0,0,0,1
logistic,train,SA15/F05_SA15_R02.txt,F05,1,15.0,1,1,1,0,0
logistic,train,SA15/F05_SA15_R03.txt,F05,1,15.0,1,1,1,0,0
logistic,train,SA15/F05_SA15_R04.txt,F05,1,15.0,1,1,1,0,0
logistic,train,SA15/F05_SA15_R05.txt,F05,1,15.0,1,1,1,0,0
logistic,train,SA15/F06_SA15_R01.txt,F06,1,14.995,1,1,1,0,0
logistic,train,SA15/F06_SA15_R02.txt,F06,1,15.0,1,1,1,0,0
logistic,train,SA15/F06_SA15_R03.txt,F06,1,15.0,1,1,1,0,0
logistic,train,SA15/F06_SA15_R04.txt,F06,1,15.0,1,1,1,0,0
logistic,train,SA15/F06_SA15_R05.txt,F06,1,15.0,1,1,1,0,0
logistic,train,SA15/F07_SA15_R01.txt,F07,1,15.0,1,1,1,0,0
logistic,train,SA15/F07_SA15_R02.txt,F07,1,15.0,1,1,1,0,0
logistic,train,SA15/F07_SA15_R03.txt,F07,1,15.0,1,1,1,0,0
logistic,train,SA15/F07_SA15_R04.txt,F07,1,15.0,1,1,1,0,0
logistic,train,SA15/F07_SA15_R05.txt,F07,1,15.0,1,1,1,0,0
logistic,train,SA15/F08_SA15_R01.txt,F08,1,14.995,1,1,1,0,0
logistic,train,SA15/F08_SA15_R02.txt,F08,1,15.0,1,1,1,0,0
logistic,train,SA15/F08_SA15_R03.txt,F08,1,15.0,1,0,0,0,1
logistic,train,SA15/F08_SA15_R04.txt,F08,1,15.0,1,1,1,0,0
logistic,train,SA15/F08_SA15_R05.txt,F08,1,15.0,1,1,1,0,0
logistic,train,SA15/F09_SA15_R01.txt,F09,1,15.0,1,1,1,0,0
logistic,train,SA15/F09_SA15_R02.txt,F09,1,15.0,1,1,1,0,0
logistic,train,SA15/F09_SA15_R03.txt,F09,1,15.0,1,1,1,0,0
logistic,train,SA15/F09_SA15_R04.txt,F09,1,15.0,1,1,1,0,0
logistic,train,SA15/F09_SA15_R05.txt,F09,1,15.0,1,1,1,0,0
logistic,train,SA15/F10_SA15_R01.txt,F10,1,15.0,1,1,1,0,0
logistic,train,SA15/F10_SA15_R02.txt,F10,1,15.0,1,1,1,0,0
logistic,train,SA15/F10_SA15_R03.txt,F10,1,15.0,1,1,1,0,0
logistic,train,SA15/F10_SA15_R04.txt,F10,1,15.0,1,1,1,0,0
logistic,train,SA15/F10_SA15_R05.txt,F10,1,15.0,1,1,1,0,0
logistic,train,SA15/F11_SA15_R01.txt,F11,1,14.995,1,1,1,0,0
logistic,train,SA15/F11_SA15_R02.txt,F11,1,15.0,1,1,1,0,0
logistic,train,SA15/F11_SA15_R03.txt,F11,1,15.0,1,1,1,0,0
logistic,train,SA15/F11_SA15_R04.txt,F11,1,15.0,1,1,1,0,0
logistic,train,SA15/F11_SA15_R05.txt,F11,1,15.0,1,1,1,0,0
logistic,train,SA15/F12_SA15_R01.txt,F12,1,15.0,1,1,1,0,0
logistic,train,SA15/F12_SA15_R02.txt,F12,1,15.0,1,1,1,0,0
logistic,train,SA15/F12_SA15_R03.txt,F12,1,15.0,1,1,1,0,0
logistic,train,SA15/F12_SA15_R04.txt,F12,1,15.0,1,1,1,0,0
logistic,train,SA15/F12_SA15_R05.txt,F12,1,15.0,1,1,1,0,0
logistic,train,SA15/F13_SA15_R01.txt,F13,1,15.0,1,1,1,0,0
logistic,train,SA15/F13_SA15_R02.txt,F13,1,15.0,1,1,1,0,0
logistic,train,SA15/F13_SA15_R03.txt,F13,1,15.0,1,1,1,0,0
logistic,train,SA15/F13_SA15_R04.txt,F13,1,15.0,1,0,0,0,1
logistic,train,SA15/F13_SA15_R05.txt,F13,1,15.0,1,1,1,0,0
logistic,train,SA15/F14_SA15_R01.txt,F14,1,15.0,1,1,1,0,0
logistic,train,SA15/F14_SA15_R02.txt,F14,1,15.0,1,1,1,0,0
logistic,train,SA15/F14_SA15_R03.txt,F14,1,15.0,1,1,1,0,0
logistic,train,SA15/F14_SA15_R04.txt,F14,1,15.0,1,1,1,0,0
logistic,train,SA15/F14_SA15_R05.txt,F14,1,15.0,1,1,1,0,0
logistic,train,SA15/F15_SA15_R01.txt,F15,1,15.0,1,1,1,0,0
logistic,train,SA15/F15_SA15_R02.txt,F15,1,15.0,1,1,1,0,0
logistic,train,SA15/F15_SA15_R03.txt,F15,1,15.0,1,1,1,0,0
logistic,train,SA15/F15_SA15_R04.txt,F15,1,15.0,1,1,1,0,0
logistic,train,SA15/F15_SA15_R05.txt,F15,1,15.0,1,1,1,0,0
logistic,train,SA16/D01_SA16_R01.txt,D01,0,99.995,0,0,0,0,0
logistic,train,SA16/D02_SA16_R01.txt,D02,0,100.0,0,0,0,0,0
logistic,train,SA16/D03_SA16_R01.txt,D03,0,100.0,0,0,0,0,0
logistic,train,SA16/D04_SA16_R01.txt,D04,0,100.0,0,0,0,0,0
logistic,train,SA16/D05_SA16_R01.txt,D05,0,25.0,0,0,0,0,0
logistic,train,SA16/D05_SA16_R02.txt,D05,0,25.0,0,0,0,0,0
logistic,train,SA16/D05_SA16_R03.txt,D05,0,25.0,0,0,0,0,0
logistic,train,SA16/D05_SA16_R04.txt,D05,0,25.0,0,0,0,0,0
logistic,train,SA16/D05_SA16_R05.txt,D05,0,25.0,0,0,0,0,0
logistic,train,SA16/D06_SA16_R01.txt,D06,0,24.995,0,0,0,0,0
logistic,train,SA16/D06_SA16_R02.txt,D06,0,25.0,0,0,0,0,0
logistic,train,SA16/D06_SA16_R03.txt,D06,0,25.0,0,0,0,0,0
logistic,train,SA16/D06_SA16_R04.txt,D06,0,25.0,0,0,0,0,0
logistic,train,SA16/D06_SA16_R05.txt,D06,0,25.0,0,0,0,0,0
logistic,train,SA16/D07_SA16_R01.txt,D07,0,12.0,0,0,0,0,0
logistic,train,SA16/D07_SA16_R02.txt,D07,0,12.0,0,0,0,0,0
logistic,train,SA16/D07_SA16_R03.txt,D07,0,12.0,0,0,0,0,0
logistic,train,SA16/D07_SA16_R04.txt,D07,0,12.0,0,0,0,0,0
logistic,train,SA16/D07_SA16_R05.txt,D07,0,12.0,0,0,0,0,0
logistic,train,SA16/D08_SA16_R01.txt,D08,0,12.0,0,0,0,0,0
logistic,train,SA16/D08_SA16_R02.txt,D08,0,12.0,0,0,0,0,0
logistic,train,SA16/D08_SA16_R03.txt,D08,0,12.0,0,0,0,0,0
logistic,train,SA16/D08_SA16_R04.txt,D08,0,12.0,0,0,0,0,0
logistic,train,SA16/D08_SA16_R05.txt,D08,0,12.0,0,0,0,0,0
logistic,train,SA16/D09_SA16_R01.txt,D09,0,12.0,0,0,0,0,0
logistic,train,SA16/D09_SA16_R02.txt,D09,0,12.0,0,0,0,0,0
logistic,train,SA16/D09_SA16_R03.txt,D09,0,12.0,0,0,0,0,0
logistic,train,SA16/D09_SA16_R04.txt,D09,0,12.0,0,0,0,0,0
logistic,train,SA16/D09_SA16_R05.txt,D09,0,12.0,0,0,0,0,0
logistic,train,SA16/D10_SA16_R01.txt,D10,0,12.0,0,0,0,0,0
logistic,train,SA16/D10_SA16_R02.txt,D10,0,12.0,0,0,0,0,0
logistic,train,SA16/D10_SA16_R03.txt,D10,0,12.0,0,0,0,0,0
logistic,train,SA16/D10_SA16_R04.txt,D10,0,12.0,0,0,0,0,0
logistic,train,SA16/D10_SA16_R05.txt,D10,0,12.0,0,0,0,0,0
logistic,train,SA16/D11_SA16_R01.txt,D11,0,11.995,0,0,0,0,0
logistic,train,SA16/D11_SA16_R02.txt,D11,0,12.0,0,0,0,0,0
logistic,train,SA16/D11_SA16_R03.txt,D11,0,12.0,0,0,0,0,0
logistic,train,SA16/D11_SA16_R04.txt,D11,0,12.0,0,0,0,0,0
logistic,train,SA16/D11_SA16_R05.txt,D11,0,12.0,0,0,0,0,0
logistic,train,SA16/D12_SA16_R01.txt,D12,0,12.0,0,0,0,0,0
logistic,train,SA16/D12_SA16_R02.txt,D12,0,12.0,0,0,0,0,0
logistic,train,SA16/D12_SA16_R03.txt,D12,0,12.0,0,0,0,0,0
logistic,train,SA16/D12_SA16_R04.txt,D12,0,12.0,0,0,0,0,0
logistic,train,SA16/D12_SA16_R05.txt,D12,0,12.0,0,0,0,0,0
logistic,train,SA16/D13_SA16_R01.txt,D13,0,12.0,0,0,0,0,0
logistic,train,SA16/D13_SA16_R02.txt,D13,0,12.0,0,0,0,0,0
logistic,train,SA16/D13_SA16_R03.txt,D13,0,12.0,0,0,0,0,0
logistic,train,SA16/D13_SA16_R04.txt,D13,0,12.0,0,0,0,0,0
logistic,train,SA16/D13_SA16_R05.txt,D13,0,12.0,0,0,0,0,0
logistic,train,SA16/D14_SA16_R01.txt,D14,0,12.0,0,0,0,0,0
logistic,train,SA16/D14_SA16_R02.txt,D14,0,12.0,0,0,0,0,0
logistic,train,SA16/D14_SA16_R03.txt,D14,0,12.0,0,0,0,0,0
logistic,train,SA16/D14_SA16_R04.txt,D14,0,12.0,0,0,0,0,0
logistic,train,SA16/D14_SA16_R05.txt,D14,0,12.0,0,0,0,0,0
logistic,train,SA16/D15_SA16_R01.txt,D15,0,12.0,0,0,0,0,0
logistic,train,SA16/D15_SA16_R02.txt,D15,0,12.0,0,0,0,0,0
logistic,train,SA16/D15_SA16_R03.txt,D15,0,12.0,0,0,0,0,0
logistic,train,SA16/D15_SA16_R04.txt,D15,0,12.0,0,0,0,0,0
logistic,train,SA16/D15_SA16_R05.txt,D15,0,12.0,0,0,0,0,0
logistic,train,SA16/D16_SA16_R01.txt,D16,0,11.995,0,0,0,0,0
logistic,train,SA16/D16_SA16_R02.txt,D16,0,12.0,0,0,0,0,0
logistic,train,SA16/D16_SA16_R03.txt,D16,0,12.0,0,0,0,0,0
logistic,train,SA16/D16_SA16_R04.txt,D16,0,12.0,0,0,0,0,0
logistic,train,SA16/D16_SA16_R05.txt,D16,0,12.0,0,0,0,0,0
logistic,train,SA16/D17_SA16_R01.txt,D17,0,24.995,0,0,0,0,0
logistic,train,SA16/D17_SA16_R02.txt,D17,0,25.0,0,0,0,0,0
logistic,train,SA16/D17_SA16_R03.txt,D17,0,25.0,0,0,0,0,0
logistic,train,SA16/D17_SA16_R04.txt,D17,0,25.0,0,0,0,0,0
logistic,train,SA16/D17_SA16_R05.txt,D17,0,25.0,0,0,0,0,0
logistic,train,SA16/D18_SA16_R01.txt,D18,0,12.0,0,0,0,0,0
logistic,train,SA16/D18_SA16_R02.txt,D18,0,12.0,0,0,0,0,0
logistic,train,SA16/D18_SA16_R03.txt,D18,0,12.0,0,0,0,0,0
logistic,train,SA16/D18_SA16_R04.txt,D18,0,12.0,0,0,0,0,0
logistic,train,SA16/D18_SA16_R05.txt,D18,0,12.0,0,1,0,0,0
logistic,train,SA16/D19_SA16_R01.txt,D19,0,12.0,0,0,0,0,0
logistic,train,SA16/D19_SA16_R02.txt,D19,0,12.0,0,0,0,0,0
logistic,train,SA16/D19_SA16_R03.txt,D19,0,12.0,0,0,0,0,0
logistic,train,SA16/D19_SA16_R04.txt,D19,0,12.0,0,0,0,0,0
logistic,train,SA16/D19_SA16_R05.txt,D19,0,12.0,0,0,0,0,0
logistic,train,SA16/F01_SA16_R01.txt,F01,1,15.0,1,2,1,0,0
logistic,train,SA16/F01_SA16_R02.txt,F01,1,15.0,1,1,1,0,0
logistic,train,SA16/F01_SA16_R03.txt,F01,1,15.0,1,1,1,0,0
logistic,train,SA16/F01_SA16_R04.txt,F01,1,15.0,1,1,1,0,0
logistic,train,SA16/F01_SA16_R05.txt,F01,1,15.0,0,0,0,1,0
logistic,train,SA16/F02_SA16_R01.txt,F02,1,14.995,1,1,1,0,0
logistic,train,SA16/F02_SA16_R02.txt,F02,1,15.0,1,1,1,0,0
logistic,train,SA16/F02_SA16_R03.txt,F02,1,15.0,1,1,1,0,0
logistic,train,SA16/F02_SA16_R04.txt,F02,1,15.0,1,1,1,0,0
logistic,train,SA16/F02_SA16_R05.txt,F02,1,15.0,1,1,1,0,0
logistic,train,SA16/F03_SA16_R01.txt,F03,1,15.0,1,1,1,0,0
logistic,train,SA16/F03_SA16_R02.txt,F03,1,15.0,1,1,1,0,0
logistic,train,SA16/F03_SA16_R03.txt,F03,1,15.0,1,1,1,0,0
logistic,train,SA16/F03_SA16_R04.txt,F03,1,15.0,1,1,1,0,0
logistic,train,SA16/F03_SA16_R05.txt,F03,1,15.0,1,1,1,0,0
logistic,train,SA16/F04_SA16_R01.txt,F04,1,14.995,1,1,1,0,0
logistic,train,SA16/F04_SA16_R02.txt,F04,1,15.0,1,1,1,0,0
logistic,train,SA16/F04_SA16_R03.txt,F04,1,15.0,1,1,1,0,0
logistic,train,SA16/F04_SA16_R04.txt,F04,1,15.0,1,1,1,0,0
logistic,train,SA16/F04_SA16_R05.txt,F04,1,15.0,1,1,1,0,0
logistic,train,SA16/F05_SA16_R01.txt,F05,1,15.0,1,1,1,0,0
logistic,train,SA16/F05_SA16_R02.txt,F05,1,15.0,1,1,1,0,0
logistic,train,SA16/F05_SA16_R03.txt,F05,1,15.0,1,1,1,0,0
logistic,train,SA16/F05_SA16_R04.txt,F05,1,15.0,0,0,0,1,0
logistic,train,SA16/F05_SA16_R05.txt,F05,1,15.0,1,1,1,0,0
logistic,train,SA16/F06_SA16_R01.txt,F06,1,14.995,1,2,1,0,0
logistic,train,SA16/F06_SA16_R02.txt,F06,1,15.0,1,1,1,0,0
logistic,train,SA16/F06_SA16_R03.txt,F06,1,15.0,1,1,1,0,0
logistic,train,SA16/F06_SA16_R04.txt,F06,1,15.0,1,1,1,0,0
logistic,train,SA16/F06_SA16_R05.txt,F06,1,15.0,1,1,1,0,0
logistic,train,SA16/F07_SA16_R01.txt,F07,1,15.0,1,1,1,0,0
logistic,train,SA16/F07_SA16_R02.txt,F07,1,15.0,1,1,1,0,0
logistic,train,SA16/F07_SA16_R03.txt,F07,1,15.0,1,1,1,0,0
logistic,train,SA16/F07_SA16_R04.txt,F07,1,15.0,1,2,1,0,0
logistic,train,SA16/F07_SA16_R05.txt,F07,1,15.0,1,2,1,0,0
logistic,train,SA16/F08_SA16_R01.txt,F08,1,15.0,1,1,1,0,0
logistic,train,SA16/F08_SA16_R02.txt,F08,1,15.0,1,1,1,0,0
logistic,train,SA16/F08_SA16_R03.txt,F08,1,15.0,1,1,1,0,0
logistic,train,SA16/F08_SA16_R04.txt,F08,1,15.0,1,1,1,0,0
logistic,train,SA16/F08_SA16_R05.txt,F08,1,15.0,1,1,1,0,0
logistic,train,SA16/F09_SA16_R01.txt,F09,1,15.0,1,1,1,0,0
logistic,train,SA16/F09_SA16_R02.txt,F09,1,15.0,1,1,1,0,0
logistic,train,SA16/F09_SA16_R03.txt,F09,1,15.0,1,1,1,0,0
logistic,train,SA16/F09_SA16_R04.txt,F09,1,15.0,1,1,1,0,0
logistic,train,SA16/F09_SA16_R05.txt,F09,1,15.0,1,1,1,0,0
logistic,train,SA16/F10_SA16_R01.txt,F10,1,15.0,1,1,1,0,0
logistic,train,SA16/F10_SA16_R02.txt,F10,1,15.0,1,1,1,0,0
logistic,train,SA16/F10_SA16_R03.txt,F10,1,15.0,1,1,1,0,0
logistic,train,SA16/F10_SA16_R04.txt,F10,1,15.0,1,1,1,0,0
logistic,train,SA16/F10_SA16_R05.txt,F10,1,15.0,1,1,1,0,0
logistic,train,SA16/F11_SA16_R01.txt,F11,1,14.995,1,1,1,0,0
logistic,train,SA16/F11_SA16_R02.txt,F11,1,15.0,1,1,1,0,0
logistic,train,SA16/F11_SA16_R03.txt,F11,1,15.0,1,1,1,0,0
logistic,train,SA16/F11_SA16_R04.txt,F11,1,15.0,1,1,1,0,0
logistic,train,SA16/F11_SA16_R05.txt,F11,1,15.0,1,1,1,0,0
logistic,train,SA16/F12_SA16_R01.txt,F12,1,15.0,1,1,1,0,0
logistic,train,SA16/F12_SA16_R02.txt,F12,1,15.0,1,1,1,0,0
logistic,train,SA16/F12_SA16_R03.txt,F12,1,15.0,1,1,1,0,0
logistic,train,SA16/F12_SA16_R04.txt,F12,1,15.0,1,1,1,0,0
logistic,train,SA16/F12_SA16_R05.txt,F12,1,15.0,1,1,1,0,0
logistic,train,SA16/F13_SA16_R01.txt,F13,1,15.0,1,1,1,0,0
logistic,train,SA16/F13_SA16_R02.txt,F13,1,15.0,1,1,1,0,0
logistic,train,SA16/F13_SA16_R03.txt,F13,1,15.0,1,1,1,0,0
logistic,train,SA16/F13_SA16_R04.txt,F13,1,15.0,1,1,1,0,0
logistic,train,SA16/F13_SA16_R05.txt,F13,1,15.0,1,1,1,0,0
logistic,train,SA16/F14_SA16_R01.txt,F14,1,15.0,1,1,1,0,0
logistic,train,SA16/F14_SA16_R02.txt,F14,1,15.0,1,1,1,0,0
logistic,train,SA16/F14_SA16_R03.txt,F14,1,15.0,1,1,1,0,0
logistic,train,SA16/F14_SA16_R04.txt,F14,1,15.0,1,1,1,0,0
logistic,train,SA16/F14_SA16_R05.txt,F14,1,15.0,1,1,1,0,0
logistic,train,SA16/F15_SA16_R01.txt,F15,1,15.0,1,1,1,0,0
logistic,train,SA16/F15_SA16_R02.txt,F15,1,15.0,1,1,1,0,0
logistic,train,SA16/F15_SA16_R03.txt,F15,1,15.0,1,1,1,0,0
logistic,train,SA16/F15_SA16_R04.txt,F15,1,15.0,1,1,1,0,0
logistic,train,SA16/F15_SA16_R05.txt,F15,1,15.0,1,1,1,0,0
logistic,train,SA18/D01_SA18_R01.txt,D01,0,99.995,0,0,0,0,0
logistic,train,SA18/D02_SA18_R01.txt,D02,0,100.0,0,0,0,0,0
logistic,train,SA18/D03_SA18_R01.txt,D03,0,100.0,0,0,0,0,0
logistic,train,SA18/D04_SA18_R01.txt,D04,0,100.0,0,0,0,0,0
logistic,train,SA18/D05_SA18_R01.txt,D05,0,25.0,0,0,0,0,0
logistic,train,SA18/D05_SA18_R02.txt,D05,0,25.0,0,0,0,0,0
logistic,train,SA18/D05_SA18_R03.txt,D05,0,25.0,0,0,0,0,0
logistic,train,SA18/D05_SA18_R04.txt,D05,0,25.0,0,0,0,0,0
logistic,train,SA18/D05_SA18_R05.txt,D05,0,25.0,0,0,0,0,0
logistic,train,SA18/D06_SA18_R01.txt,D06,0,24.995,0,0,0,0,0
logistic,train,SA18/D06_SA18_R02.txt,D06,0,25.0,0,0,0,0,0
logistic,train,SA18/D06_SA18_R03.txt,D06,0,25.0,0,0,0,0,0
logistic,train,SA18/D06_SA18_R04.txt,D06,0,25.0,0,0,0,0,0
logistic,train,SA18/D06_SA18_R05.txt,D06,0,25.0,0,0,0,0,0
logistic,train,SA18/D07_SA18_R01.txt,D07,0,12.0,0,0,0,0,0
logistic,train,SA18/D07_SA18_R02.txt,D07,0,12.0,0,0,0,0,0
logistic,train,SA18/D07_SA18_R03.txt,D07,0,12.0,0,0,0,0,0
logistic,train,SA18/D07_SA18_R04.txt,D07,0,12.0,0,0,0,0,0
logistic,train,SA18/D07_SA18_R05.txt,D07,0,12.0,0,0,0,0,0
logistic,train,SA18/D08_SA18_R01.txt,D08,0,12.0,0,0,0,0,0
logistic,train,SA18/D08_SA18_R02.txt,D08,0,12.0,0,0,0,0,0
logistic,train,SA18/D08_SA18_R03.txt,D08,0,12.0,0,0,0,0,0
logistic,train,SA18/D08_SA18_R04.txt,D08,0,12.0,0,0,0,0,0
logistic,train,SA18/D08_SA18_R05.txt,D08,0,12.0,0,0,0,0,0
logistic,train,SA18/D09_SA18_R01.txt,D09,0,12.0,0,0,0,0,0
logistic,train,SA18/D09_SA18_R02.txt,D09,0,12.0,0,0,0,0,0
logistic,train,SA18/D09_SA18_R03.txt,D09,0,12.0,0,0,0,0,0
logistic,train,SA18/D09_SA18_R04.txt,D09,0,12.0,0,0,0,0,0
logistic,train,SA18/D09_SA18_R05.txt,D09,0,12.0,0,0,0,0,0
logistic,train,SA18/D10_SA18_R01.txt,D10,0,12.0,0,0,0,0,0
logistic,train,SA18/D10_SA18_R02.txt,D10,0,12.0,0,0,0,0,0
logistic,train,SA18/D10_SA18_R03.txt,D10,0,12.0,0,0,0,0,0
logistic,train,SA18/D10_SA18_R04.txt,D10,0,12.0,0,0,0,0,0
logistic,train,SA18/D10_SA18_R05.txt,D10,0,12.0,0,0,0,0,0
logistic,train,SA18/D11_SA18_R01.txt,D11,0,11.995,0,0,0,0,0
logistic,train,SA18/D11_SA18_R02.txt,D11,0,12.0,0,0,0,0,0
logistic,train,SA18/D11_SA18_R03.txt,D11,0,12.0,0,0,0,0,0
logistic,train,SA18/D11_SA18_R04.txt,D11,0,12.0,0,0,0,0,0
logistic,train,SA18/D11_SA18_R05.txt,D11,0,12.0,0,0,0,0,0
logistic,train,SA18/D12_SA18_R01.txt,D12,0,12.0,0,0,0,0,0
logistic,train,SA18/D12_SA18_R02.txt,D12,0,12.0,0,0,0,0,0
logistic,train,SA18/D12_SA18_R03.txt,D12,0,12.0,0,0,0,0,0
logistic,train,SA18/D12_SA18_R04.txt,D12,0,12.0,0,0,0,0,0
logistic,train,SA18/D12_SA18_R05.txt,D12,0,12.0,0,0,0,0,0
logistic,train,SA18/D13_SA18_R01.txt,D13,0,12.0,0,0,0,0,0
logistic,train,SA18/D13_SA18_R02.txt,D13,0,12.0,0,1,0,0,0
logistic,train,SA18/D13_SA18_R03.txt,D13,0,12.0,0,0,0,0,0
logistic,train,SA18/D13_SA18_R04.txt,D13,0,12.0,0,1,0,0,0
logistic,train,SA18/D13_SA18_R05.txt,D13,0,12.0,0,0,0,0,0
logistic,train,SA18/D14_SA18_R01.txt,D14,0,12.0,0,0,0,0,0
logistic,train,SA18/D14_SA18_R02.txt,D14,0,12.0,0,0,0,0,0
logistic,train,SA18/D14_SA18_R03.txt,D14,0,12.0,0,0,0,0,0
logistic,train,SA18/D14_SA18_R04.txt,D14,0,12.0,0,0,0,0,0
logistic,train,SA18/D14_SA18_R05.txt,D14,0,12.0,0,0,0,0,0
logistic,train,SA18/D15_SA18_R01.txt,D15,0,12.0,0,0,0,0,0
logistic,train,SA18/D15_SA18_R02.txt,D15,0,12.0,0,0,0,0,0
logistic,train,SA18/D15_SA18_R03.txt,D15,0,12.0,0,0,0,0,0
logistic,train,SA18/D15_SA18_R04.txt,D15,0,12.0,0,0,0,0,0
logistic,train,SA18/D15_SA18_R05.txt,D15,0,12.0,0,0,0,0,0
logistic,train,SA18/D16_SA18_R01.txt,D16,0,11.995,0,0,0,0,0
logistic,train,SA18/D16_SA18_R02.txt,D16,0,12.0,0,0,0,0,0
logistic,train,SA18/D16_SA18_R03.txt,D16,0,12.0,0,0,0,0,0
logistic,train,SA18/D16_SA18_R04.txt,D16,0,12.0,0,0,0,0,0
logistic,train,SA18/D16_SA18_R05.txt,D16,0,12.0,0,0,0,0,0
logistic,train,SA18/D17_SA18_R01.txt,D17,0,24.995,0,0,0,0,0
logistic,train,SA18/D17_SA18_R02.txt,D17,0,25.0,0,0,0,0,0
logistic,train,SA18/D17_SA18_R03.txt,D17,0,25.0,0,0,0,0,0
logistic,train,SA18/D17_SA18_R04.txt,D17,0,25.0,0,0,0,0,0
logistic,train,SA18/D17_SA18_R05.txt,D17,0,24.995,0,0,0,0,0
logistic,train,SA18/D18_SA18_R01.txt,D18,0,12.0,0,0,0,0,0
logistic,train,SA18/D18_SA18_R02.txt,D18,0,12.0,0,1,0,0,0
logistic,train,SA18/D18_SA18_R03.txt,D18,0,12.0,0,0,0,0,0
logistic,train,SA18/D18_SA18_R04.txt,D18,0,12.0,0,0,0,0,0
logistic,train,SA18/D18_SA18_R05.txt,D18,0,12.0,0,0,0,0,0
logistic,train,SA18/D19_SA18_R01.txt,D19,0,12.0,0,0,0,0,0
logistic,train,SA18/D19_SA18_R02.txt,D19,0,12.0,0,0,0,0,0
logistic,train,SA18/D19_SA18_R03.txt,D19,0,12.0,0,0,0,0,0
logistic,train,SA18/D19_SA18_R04.txt,D19,0,12.0,0,0,0,0,0
logistic,train,SA18/D19_SA18_R05.txt,D19,0,12.0,0,0,0,0,0
logistic,train,SA18/F01_SA18_R01.txt,F01,1,14.995,1,1,1,0,0
logistic,train,SA18/F01_SA18_R02.txt,F01,1,15.0,1,1,1,0,0
logistic,train,SA18/F01_SA18_R03.txt,F01,1,15.0,1,1,1,0,0
logistic,train,SA18/F01_SA18_R04.txt,F01,1,15.0,1,1,1,0,0
logistic,train,SA18/F01_SA18_R05.txt,F01,1,15.0,1,1,1,0,0
logistic,train,SA18/F02_SA18_R01.txt,F02,1,15.0,1,1,1,0,0
logistic,train,SA18/F02_SA18_R02.txt,F02,1,15.0,1,1,1,0,0
logistic,train,SA18/F02_SA18_R03.txt,F02,1,15.0,1,1,1,0,0
logistic,train,SA18/F02_SA18_R04.txt,F02,1,15.0,1,1,1,0,0
logistic,train,SA18/F02_SA18_R05.txt,F02,1,15.0,1,1,1,0,0
logistic,train,SA18/F03_SA18_R01.txt,F03,1,15.0,1,1,1,0,0
logistic,train,SA18/F03_SA18_R02.txt,F03,1,15.0,1,1,1,0,0
logistic,train,SA18/F03_SA18_R03.txt,F03,1,15.0,1,1,1,0,0
logistic,train,SA18/F03_SA18_R04.txt,F03,1,15.0,1,1,1,0,0
logistic,train,SA18/F03_SA18_R05.txt,F03,1,15.0,1,1,1,0,0
logistic,train,SA18/F04_SA18_R01.txt,F04,1,15.0,1,1,1,0,0
logistic,train,SA18/F04_SA18_R02.txt,F04,1,15.0,0,0,0,1,0
logistic,train,SA18/F04_SA18_R03.txt,F04,1,15.0,1,1,1,0,0
logistic,train,SA18/F04_SA18_R04.txt,F04,1,15.0,1,1,1,0,0
logistic,train,SA18/F04_SA18_R05.txt,F04,1,15.0,1,1,1,0,0
logistic,train,SA18/F05_SA18_R01.txt,F05,1,15.0,1,1,1,0,0
logistic,train,SA18/F05_SA18_R02.txt,F05,1,15.0,1,1,1,0,0
logistic,train,SA18/F05_SA18_R03.txt,F05,1,15.0,1,1,1,0,0
logistic,train,SA18/F05_SA18_R04.txt,F05,1,15.0,1,1,1,0,0
logistic,train,SA18/F05_SA18_R05.txt,F05,1,15.0,1,1,1,0,0
logistic,train,SA18/F06_SA18_R01.txt,F06,1,14.995,1,1,1,0,0
logistic,train,SA18/F06_SA18_R02.txt,F06,1,15.0,1,1,1,0,0
logistic,train,SA18/F06_SA18_R03.txt,F06,1,15.0,1,1,1,0,0
logistic,train,SA18/F06_SA18_R04.txt,F06,1,15.0,1,1,1,0,0
logistic,train,SA18/F06_SA18_R05.txt,F06,1,15.0,1,1,1,0,0
logistic,train,SA18/F07_SA18_R01.txt,F07,1,15.0,1,1,1,0,0
logistic,train,SA18/F07_SA18_R02.txt,F07,1,15.0,1,1,1,0,0
logistic,train,SA18/F07_SA18_R03.txt,F07,1,15.0,1,1,1,0,0
logistic,train,SA18/F07_SA18_R04.txt,F07,1,15.0,1,1,1,0,0
logistic,train,SA18/F07_SA18_R05.txt,F07,1,15.0,1,0,0,0,1
logistic,train,SA18/F08_SA18_R01.txt,F08,1,15.0,1,1,1,0,0
logistic,train,SA18/F08_SA18_R02.txt,F08,1,15.0,1,1,1,0,0
logistic,train,SA18/F08_SA18_R03.txt,F08,1,15.0,1,1,1,0,0
logistic,train,SA18/F08_SA18_R04.txt,F08,1,15.0,1,1,1,0,0
logistic,train,SA18/F08_SA18_R05.txt,F08,1,15.0,1,1,1,0,0
logistic,train,SA18/F09_SA18_R01.txt,F09,1,15.0,1,1,1,0,0
logistic,train,SA18/F09_SA18_R02.txt,F09,1,15.0,1,1,1,0,0
logistic,train,SA18/F09_SA18_R03.txt,F09,1,15.0,1,1,1,0,0
logistic,train,SA18/F09_SA18_R04.txt,F09,1,15.0,1,1,1,0,0
logistic,train,SA18/F09_SA18_R05.txt,F09,1,15.0,1,1,1,0,0
logistic,train,SA18/F10_SA18_R01.txt,F10,1,15.0,1,1,1,0,0
logistic,train,SA18/F10_SA18_R02.txt,F10,1,15.0,1,0,0,0,1
logistic,train,SA18/F10_SA18_R03.txt,F10,1,15.0,1,1,1,0,0
logistic,train,SA18/F10_SA18_R04.txt,F10,1,15.0,1,1,1,0,0
logistic,train,SA18/F10_SA18_R05.txt,F10,1,15.0,1,1,1,0,0
logistic,train,SA18/F11_SA18_R01.txt,F11,1,14.995,1,1,1,0,0
logistic,train,SA18/F11_SA18_R02.txt,F11,1,15.0,1,1,1,0,0
logistic,train,SA18/F11_SA18_R03.txt,F11,1,15.0,1,1,1,0,0
logistic,train,SA18/F11_SA18_R04.txt,F11,1,15.0,1,1,1,0,0
logistic,train,SA18/F11_SA18_R05.txt,F11,1,15.0,1,1,1,0,0
logistic,train,SA18/F12_SA18_R01.txt,F12,1,15.0,1,1,1,0,0
logistic,train,SA18/F12_SA18_R02.txt,F12,1,15.0,1,1,1,0,0
logistic,train,SA18/F12_SA18_R03.txt,F12,1,15.0,1,1,1,0,0
logistic,train,SA18/F12_SA18_R04.txt,F12,1,15.0,1,1,1,0,0
logistic,train,SA18/F12_SA18_R05.txt,F12,1,15.0,1,1,1,0,0
logistic,train,SA18/F13_SA18_R01.txt,F13,1,15.0,1,1,1,0,0
logistic,train,SA18/F13_SA18_R02.txt,F13,1,15.0,1,1,1,0,0
logistic,train,SA18/F13_SA18_R03.txt,F13,1,15.0,1,0,0,0,1
logistic,train,SA18/F13_SA18_R04.txt,F13,1,15.0,1,1,1,0,0
logistic,train,SA18/F13_SA18_R05.txt,F13,1,15.0,1,1,1,0,0
logistic,train,SA18/F14_SA18_R01.txt,F14,1,15.0,1,1,1,0,0
logistic,train,SA18/F14_SA18_R02.txt,F14,1,15.0,1,1,1,0,0
logistic,train,SA18/F14_SA18_R03.txt,F14,1,15.0,1,1,1,0,0
logistic,train,SA18/F14_SA18_R04.txt,F14,1,15.0,1,1,1,0,0
logistic,train,SA18/F14_SA18_R05.txt,F14,1,15.0,1,1,1,0,0
logistic,train,SA18/F15_SA18_R01.txt,F15,1,15.0,1,1,1,0,0
logistic,train,SA18/F15_SA18_R02.txt,F15,1,15.0,1,1,1,0,0
logistic,train,SA18/F15_SA18_R03.txt,F15,1,15.0,1,1,1,0,0
logistic,train,SA18/F15_SA18_R04.txt,F15,1,15.0,1,1,1,0,0
logistic,train,SA18/F15_SA18_R05.txt,F15,1,15.0,1,1,1,0,0
logistic,train,SA20/D01_SA20_R01.txt,D01,0,99.985,0,0,0,0,0
logistic,train,SA20/D02_SA20_R01.txt,D02,0,99.995,0,0,0,0,0
logistic,train,SA20/D03_SA20_R01.txt,D03,0,100.0,0,0,0,0,0
logistic,train,SA20/D04_SA20_R01.txt,D04,0,100.0,0,0,0,0,0
logistic,train,SA20/D05_SA20_R01.txt,D05,0,25.0,0,0,0,0,0
logistic,train,SA20/D05_SA20_R02.txt,D05,0,25.0,0,0,0,0,0
logistic,train,SA20/D05_SA20_R03.txt,D05,0,25.0,0,0,0,0,0
logistic,train,SA20/D05_SA20_R04.txt,D05,0,25.0,0,0,0,0,0
logistic,train,SA20/D05_SA20_R05.txt,D05,0,25.0,0,0,0,0,0
logistic,train,SA20/D06_SA20_R01.txt,D06,0,24.995,0,0,0,0,0
logistic,train,SA20/D06_SA20_R03.txt,D06,0,24.99,0,0,0,0,0
logistic,train,SA20/D06_SA20_R04.txt,D06,0,25.0,0,0,0,0,0
logistic,train,SA20/D06_SA20_R05.txt,D06,0,25.0,0,0,0,0,0
logistic,train,SA20/D07_SA20_R01.txt,D07,0,12.0,0,0,0,0,0
logistic,train,SA20/D07_SA20_R02.txt,D07,0,12.0,0,0,0,0,0
logistic,train,SA20/D07_SA20_R03.txt,D07,0,12.0,0,0,0,0,0
logistic,train,SA20/D07_SA20_R04.txt,D07,0,12.0,0,0,0,0,0
logistic,train,SA20/D07_SA20_R05.txt,D07,0,12.0,0,0,0,0,0
logistic,train,SA20/D08_SA20_R01.txt,D08,0,12.0,0,0,0,0,0
logistic,train,SA20/D08_SA20_R02.txt,D08,0,12.0,0,0,0,0,0
logistic,train,SA20/D08_SA20_R03.txt,D08,0,12.0,0,0,0,0,0
logistic,train,SA20/D08_SA20_R04.txt,D08,0,12.0,0,0,0,0,0
logistic,train,SA20/D08_SA20_R05.txt,D08,0,12.0,0,0,0,0,0
logistic,train,SA20/D09_SA20_R01.txt,D09,0,12.0,0,0,0,0,0
logistic,train,SA20/D09_SA20_R02.txt,D09,0,12.0,0,0,0,0,0
logistic,train,SA20/D09_SA20_R03.txt,D09,0,12.0,0,0,0,0,0
logistic,train,SA20/D09_SA20_R04.txt,D09,0,12.0,0,0,0,0,0
logistic,train,SA20/D09_SA20_R05.txt,D09,0,12.0,0,0,0,0,0
logistic,train,SA20/D10_SA20_R01.txt,D10,0,12.0,0,0,0,0,0
logistic,train,SA20/D10_SA20_R02.txt,D10,0,12.0,0,0,0,0,0
logistic,train,SA20/D10_SA20_R03.txt,D10,0,11.97,0,0,0,0,0
logistic,train,SA20/D10_SA20_R04.txt,D10,0,12.0,0,0,0,0,0
logistic,train,SA20/D10_SA20_R05.txt,D10,0,12.0,0,0,0,0,0
logistic,train,SA20/D11_SA20_R01.txt,D11,0,11.995,0,0,0,0,0
logistic,train,SA20/D11_SA20_R02.txt,D11,0,12.0,0,0,0,0,0
logistic,train,SA20/D11_SA20_R03.txt,D11,0,12.0,0,0,0,0,0
logistic,train,SA20/D11_SA20_R04.txt,D11,0,12.0,0,0,0,0,0
logistic,train,SA20/D11_SA20_R05.txt,D11,0,12.0,0,0,0,0,0
logistic,train,SA20/D12_SA20_R01.txt,D12,0,12.0,0,0,0,0,0
logistic,train,SA20/D12_SA20_R02.txt,D12,0,12.0,0,0,0,0,0
logistic,train,SA20/D12_SA20_R03.txt,D12,0,12.0,0,0,0,0,0
logistic,train,SA20/D12_SA20_R04.txt,D12,0,12.0,0,0,0,0,0
logistic,train,SA20/D12_SA20_R05.txt,D12,0,12.0,0,0,0,0,0
logistic,train,SA20/D13_SA20_R01.txt,D13,0,12.0,0,0,0,0,0
logistic,train,SA20/D13_SA20_R02.txt,D13,0,11.98,0,0,0,0,0
logistic,train,SA20/D13_SA20_R03.txt,D13,0,12.0,0,0,0,0,0
logistic,train,SA20/D13_SA20_R04.txt,D13,0,12.0,0,0,0,0,0
logistic,train,SA20/D13_SA20_R05.txt,D13,0,12.0,0,0,0,0,0
logistic,train,SA20/D14_SA20_R01.txt,D14,0,12.0,0,0,0,0,0
logistic,train,SA20/D14_SA20_R02.txt,D14,0,12.0,0,0,0,0,0
logistic,train,SA20/D14_SA20_R03.txt,D14,0,12.0,0,0,0,0,0
logistic,train,SA20/D14_SA20_R04.txt,D14,0,12.0,0,0,0,0,0
logistic,train,SA20/D14_SA20_R05.txt,D14,0,12.0,0,0,0,0,0
logistic,train,SA20/D15_SA20_R01.txt,D15,0,12.0,0,0,0,0,0
logistic,train,SA20/D15_SA20_R02.txt,D15,0,12.0,0,0,0,0,0
logistic,train,SA20/D15_SA20_R03.txt,D15,0,12.0,0,0,0,0,0
logistic,train,SA20/D15_SA20_R04.txt,D15,0,12.0,0,0,0,0,0
logistic,train,SA20/D15_SA20_R05.txt,D15,0,12.0,0,0,0,0,0
logistic,train,SA20/D16_SA20_R01.txt,D16,0,11.995,0,0,0,0,0
logistic,train,SA20/D16_SA20_R02.txt,D16,0,12.0,0,0,0,0,0
logistic,train,SA20/D16_SA20_R03.txt,D16,0,12.0,0,0,0,0,0
logistic,train,SA20/D16_SA20_R04.txt,D16,0,12.0,0,0,0,0,0
logistic,train,SA20/D16_SA20_R05.txt,D16,0,12.0,0,0,0,0,0
logistic,train,SA20/D17_SA20_R01.txt,D17,0,24.995,0,0,0,0,0
logistic,train,SA20/D17_SA20_R03.txt,D17,0,25.0,0,0,0,0,0
logistic,train,SA20/D17_SA20_R04.txt,D17,0,25.0,0,0,0,0,0
logistic,train,SA20/D17_SA20_R05.txt,D17,0,25.0,0,0,0,0,0
logistic,train,SA20/D18_SA20_R01.txt,D18,0,12.0,0,0,0,0,0
logistic,train,SA20/D18_SA20_R02.txt,D18,0,12.0,0,0,0,0,0
logistic,train,SA20/D18_SA20_R03.txt,D18,0,12.0,0,0,0,0,0
logistic,train,SA20/D18_SA20_R04.txt,D18,0,12.0,0,0,0,0,0
logistic,train,SA20/D18_SA20_R05.txt,D18,0,11.995,0,0,0,0,0
logistic,train,SA20/D19_SA20_R01.txt,D19,0,12.0,0,0,0,0,0
logistic,train,SA20/D19_SA20_R02.txt,D19,0,12.0,0,2,0,0,0
logistic,train,SA20/D19_SA20_R03.txt,D19,0,12.0,0,0,0,0,0
logistic,train,SA20/D19_SA20_R04.txt,D19,0,12.0,0,2,0,0,0
logistic,train,SA20/D19_SA20_R05.txt,D19,0,12.0,0,1,0,0,0
logistic,train,SA20/F01_SA20_R01.txt,F01,1,14.995,1,1,1,0,0
logistic,train,SA20/F01_SA20_R02.txt,F01,1,15.0,1,1,1,0,0
logistic,train,SA20/F01_SA20_R04.txt,F01,1,15.0,1,1,1,0,0
logistic,train,SA20/F01_SA20_R05.txt,F01,1,15.0,1,1,1,0,0
logistic,train,SA20/F02_SA20_R01.txt,F02,1,15.0,1,1,1,0,0
logistic,train,SA20/F02_SA20_R02.txt,F02,1,15.0,1,1,1,0,0
logistic,train,SA20/F02_SA20_R03.txt,F02,1,15.0,1,1,1,0,0
logistic,train,SA20/F02_SA20_R04.txt,F02,1,15.0,1,1,1,0,0
logistic,train,SA20/F02_SA20_R05.txt,F02,1,14.995,1,1,1,0,0
logistic,train,SA20/F03_SA20_R01.txt,F03,1,15.0,1,1,1,0,0
logistic,train,SA20/F03_SA20_R02.txt,F03,1,15.0,1,1,1,0,0
logistic,train,SA20/F03_SA20_R03.txt,F03,1,15.0,1,1,1,0,0
logistic,train,SA20/F03_SA20_R04.txt,F03,1,15.0,1,1,1,0,0
logistic,train,SA20/F03_SA20_R05.txt,F03,1,14.995,1,1,1,0,0
logistic,train,SA20/F04_SA20_R01.txt,F04,1,15.0,1,1,1,0,0
logistic,train,SA20/F04_SA20_R02.txt,F04,1,15.0,1,1,1,0,0
logistic,train,SA20/F04_SA20_R03.txt,F04,1,15.0,1,1,1,0,0
logistic,train,SA20/F04_SA20_R04.txt,F04,1,15.0,1,1,1,0,0
logistic,train,SA20/F04_SA20_R05.txt,F04,1,15.0,1,0,0,0,1
logistic,train,SA20/F05_SA20_R01.txt,F05,1,15.0,1,0,0,0,1
logistic,train,SA20/F05_SA20_R02.txt,F05,1,15.0,1,1,1,0,0
logistic,train,SA20/F05_SA20_R03.txt,F05,1,15.0,1,1,1,0,0
logistic,train,SA20/F05_SA20_R04.txt,F05,1,15.0,1,1,1,0,0
logistic,train,SA20/F05_SA20_R05.txt,F05,1,15.0,1,1,1,0,0
logistic,train,SA20/F06_SA20_R01.txt,F06,1,14.995,1,1,1,0,0
logistic,train,SA20/F06_SA20_R02.txt,F06,1,15.0,1,1,1,0,0
logistic,train,SA20/F06_SA20_R03.txt,F06,1,15.0,1,2,1,0,0
logistic,train,SA20/F06_SA20_R04.txt,F06,1,15.0,1,1,1,0,0
logistic,train,SA20/F06_SA20_R05.txt,F06,1,15.0,1,1,1,0,0
logistic,train,SA20/F07_SA20_R01.txt,F07,1,15.0,1,1,1,0,0
logistic,train,SA20/F07_SA20_R02.txt,F07,1,15.0,1,1,1,0,0
logistic,train,SA20/F07_SA20_R03.txt,F07,1,15.0,1,1,1,0,0
logistic,train,SA20/F07_SA20_R04.txt,F07,1,15.0,1,1,1,0,0
logistic,train,SA20/F07_SA20_R05.txt,F07,1,14.995,1,1,1,0,0
logistic,train,SA20/F08_SA20_R01.txt,F08,1,15.0,1,1,1,0,0
logistic,train,SA20/F08_SA20_R02.txt,F08,1,15.0,1,1,1,0,0
logistic,train,SA20/F08_SA20_R03.txt,F08,1,15.0,1,1,1,0,0
logistic,train,SA20/F08_SA20_R04.txt,F08,1,15.0,1,1,1,0,0
logistic,train,SA20/F08_SA20_R05.txt,F08,1,14.995,1,1,1,0,0
logistic,train,SA20/F09_SA20_R01.txt,F09,1,15.0,1,1,1,0,0
logistic,train,SA20/F09_SA20_R02.txt,F09,1,15.0,1,1,1,0,0
logistic,train,SA20/F09_SA20_R03.txt,F09,1,15.0,1,1,1,0,0
logistic,train,SA20/F09_SA20_R04.txt,F09,1,15.0,1,1,1,0,0
logistic,train,SA20/F09_SA20_R05.txt,F09,1,15.0,1,1,1,0,0
logistic,train,SA20/F10_SA20_R01.txt,F10,1,15.0,1,1,1,0,0
logistic,train,SA20/F10_SA20_R02.txt,F10,1,15.0,1,1,1,0,0
logistic,train,SA20/F10_SA20_R03.txt,F10,1,15.0,1,1,1,0,0
logistic,train,SA20/F10_SA20_R05.txt,F10,1,15.0,1,1,1,0,0
logistic,train,SA20/F11_SA20_R01.txt,F11,1,14.995,1,2,1,0,0
logistic,train,SA20/F11_SA20_R02.txt,F11,1,15.0,1,0,0,0,1
logistic,train,SA20/F11_SA20_R03.txt,F11,1,15.0,1,1,1,0,0
logistic,train,SA20/F11_SA20_R04.txt,F11,1,15.0,1,1,1,0,0
logistic,train,SA20/F11_SA20_R05.txt,F11,1,15.0,1,1,1,0,0
logistic,train,SA20/F12_SA20_R01.txt,F12,1,15.0,1,1,1,0,0
logistic,train,SA20/F12_SA20_R02.txt,F12,1,15.0,1,1,1,0,0
logistic,train,SA20/F12_SA20_R03.txt,F12,1,15.0,1,1,1,0,0
logistic,train,SA20/F12_SA20_R04.txt,F12,1,15.0,1,1,1,0,0
logistic,train,SA20/F12_SA20_R05.txt,F12,1,14.995,1,1,1,0,0
logistic,train,SA20/F13_SA20_R01.txt,F13,1,15.0,1,1,1,0,0
logistic,train,SA20/F13_SA20_R02.txt,F13,1,15.0,1,1,1,0,0
logistic,train,SA20/F13_SA20_R03.txt,F13,1,15.0,1,1,1,0,0
logistic,train,SA20/F13_SA20_R04.txt,F13,1,15.0,1,1,1,0,0
logistic,train,SA20/F13_SA20_R05.txt,F13,1,15.0,1,1,1,0,0
logistic,train,SA20/F14_SA20_R01.txt,F14,1,15.0,1,1,1,0,0
logistic,train,SA20/F14_SA20_R02.txt,F14,1,15.0,1,1,1,0,0
logistic,train,SA20/F14_SA20_R03.txt,F14,1,15.0,1,1,1,0,0
logistic,train,SA20/F14_SA20_R04.txt,F14,1,15.0,1,1,1,0,0
logistic,train,SA20/F14_SA20_R05.txt,F14,1,15.0,1,1,1,0,0
logistic,train,SA20/F15_SA20_R01.txt,F15,1,15.0,1,1,1,0,0
logistic,train,SA20/F15_SA20_R02.txt,F15,1,15.0,1,1,1,0,0
logistic,train,SA20/F15_SA20_R03.txt,F15,1,15.0,1,1,1,0,0
logistic,train,SA20/F15_SA20_R04.txt,F15,1,15.0,1,1,1,0,0
logistic,train,SA20/F15_SA20_R05.txt,F15,1,15.0,1,1,1,0,0
logistic,train,SA21/D01_SA21_R01.txt,D01,0,99.995,0,0,0,0,0
logistic,train,SA21/D02_SA21_R01.txt,D02,0,100.0,0,0,0,0,0
logistic,train,SA21/D03_SA21_R01.txt,D03,0,100.0,0,0,0,0,0
logistic,train,SA21/D04_SA21_R01.txt,D04,0,100.0,0,0,0,0,0
logistic,train,SA21/D05_SA21_R01.txt,D05,0,25.0,0,0,0,0,0
logistic,train,SA21/D05_SA21_R02.txt,D05,0,24.995,0,0,0,0,0
logistic,train,SA21/D05_SA21_R03.txt,D05,0,24.995,0,0,0,0,0
logistic,train,SA21/D05_SA21_R04.txt,D05,0,25.0,0,0,0,0,0
logistic,train,SA21/D05_SA21_R05.txt,D05,0,25.0,0,0,0,0,0
logistic,train,SA21/D06_SA21_R01.txt,D06,0,25.0,0,0,0,0,0
logistic,train,SA21/D06_SA21_R02.txt,D06,0,25.0,0,0,0,0,0
logistic,train,SA21/D06_SA21_R03.txt,D06,0,25.0,0,0,0,0,0
logistic,train,SA21/D06_SA21_R04.txt,D06,0,25.0,0,0,0,0,0
logistic,train,SA21/D06_SA21_R05.txt,D06,0,25.0,0,0,0,0,0
logistic,train,SA21/D07_SA21_R01.txt,D07,0,12.0,0,0,0,0,0
logistic,train,SA21/D07_SA21_R02.txt,D07,0,12.0,0,0,0,0,0
logistic,train,SA21/D07_SA21_R03.txt,D07,0,12.0,0,0,0,0,0
logistic,train,SA21/D07_SA21_R04.txt,D07,0,12.0,0,0,0,0,0
logistic,train,SA21/D07_SA21_R05.txt,D07,0,12.0,0,0,0,0,0
logistic,train,SA21/D08_SA21_R01.txt,D08,0,12.0,0,0,0,0,0
logistic,train,SA21/D08_SA21_R02.txt,D08,0,12.0,0,0,0,0,0
logistic,train,SA21/D08_SA21_R03.txt,D08,0,12.0,0,0,0,0,0
logistic,train,SA21/D08_SA21_R04.txt,D08,0,12.0,0,0,0,0,0
logistic,train,SA21/D08_SA21_R05.txt,D08,0,12.0,0,0,0,0,0
logistic,train,SA21/D09_SA21_R01.txt,D09,0,12.0,0,0,0,0,0
logistic,train,SA21/D09_SA21_R02.txt,D09,0,12.0,0,0,0,0,0
logistic,train,SA21/D09_SA21_R03.txt,D09,0,12.0,0,0,0,0,0
logistic,train,SA21/D09_SA21_R04.txt,D09,0,12.0,0,0,0,0,0
logistic,train,SA21/D09_SA21_R05.txt,D09,0,12.0,0,0,0,0,0
logistic,train,SA21/D10_SA21_R01.txt,D10,0,12.0,0,0,0,0,0
logistic,train,SA21/D10_SA21_R02.txt,D10,0,12.0,0,0,0,0,0
logistic,train,SA21/D10_SA21_R03.txt,D10,0,12.0,0,0,0,0,0
logistic,train,SA21/D10_SA21_R04.txt,D10,0,12.0,0,0,0,0,0
logistic,train,SA21/D10_SA21_R05.txt,D10,0,12.0,0,0,0,0,0
logistic,train,SA21/D11_SA21_R01.txt,D11,0,11.995,0,0,0,0,0
logistic,train,SA21/D11_SA21_R02.txt,D11,0,12.0,0,0,0,0,0
logistic,train,SA21/D11_SA21_R03.txt,D11,0,12.0,0,0,0,0,0
logistic,train,SA21/D11_SA21_R04.txt,D11,0,12.0,0,0,0,0,0
logistic,train,SA21/D11_SA21_R05.txt,D11,0,12.0,0,0,0,0,0
logistic,train,SA21/D12_SA21_R01.txt,D12,0,12.0,0,0,0,0,0
logistic,train,SA21/D12_SA21_R02.txt,D12,0,12.0,0,0,0,0,0
logistic,train,SA21/D12_SA21_R03.txt,D12,0,12.0,0,0,0,0,0
logistic,train,SA21/D12_SA21_R04.txt,D12,0,12.0,0,0,0,0,0
logistic,train,SA21/D12_SA21_R05.txt,D12,0,12.0,0,0,0,0,0
logistic,train,SA21/D13_SA21_R01.txt,D13,0,12.0,0,0,0,0,0
logistic,train,SA21/D13_SA21_R02.txt,D13,0,12.0,0,0,0,0,0
logistic,train,SA21/D13_SA21_R03.txt,D13,0,12.0,0,0,0,0,0
logistic,train,SA21/D13_SA21_R04.txt,D13,0,12.0,0,0,0,0,0
logistic,train,SA21/D13_SA21_R05.txt,D13,0,12.0,0,0,0,0,0
logistic,train,SA21/D14_SA21_R01.txt,D14,0,12.0,0,0,0,0,0
logistic,train,SA21/D14_SA21_R02.txt,D14,0,12.0,0,0,0,0,0
logistic,train,SA21/D14_SA21_R03.txt,D14,0,12.0,0,0,0,0,0
logistic,train,SA21/D14_SA21_R04.txt,D14,0,12.0,0,0,0,0,0
logistic,train,SA21/D14_SA21_R05.txt,D14,0,12.0,0,0,0,0,0
logistic,train,SA21/D15_SA21_R01.txt,D15,0,12.0,0,0,0,0,0
logistic,train,SA21/D15_SA21_R02.txt,D15,0,12.0,0,0,0,0,0
logistic,train,SA21/D15_SA21_R03.txt,D15,0,12.0,0,0,0,0,0
logistic,train,SA21/D15_SA21_R04.txt,D15,0,12.0,0,0,0,0,0
logistic,train,SA21/D15_SA21_R05.txt,D15,0,12.0,0,0,0,0,0
logistic,train,SA21/D16_SA21_R01.txt,D16,0,11.995,0,0,0,0,0
logistic,train,SA21/D16_SA21_R02.txt,D16,0,12.0,0,0,0,0,0
logistic,train,SA21/D16_SA21_R03.txt,D16,0,12.0,0,0,0,0,0
logistic,train,SA21/D16_SA21_R04.txt,D16,0,12.0,0,0,0,0,0
logistic,train,SA21/D16_SA21_R05.txt,D16,0,12.0,0,0,0,0,0
logistic,train,SA21/D17_SA21_R01.txt,D17,0,25.0,0,0,0,0,0
logistic,train,SA21/D17_SA21_R02.txt,D17,0,25.0,0,0,0,0,0
logistic,train,SA21/D17_SA21_R03.txt,D17,0,25.0,0,0,0,0,0
logistic,train,SA21/D17_SA21_R04.txt,D17,0,25.0,0,0,0,0,0
logistic,train,SA21/D17_SA21_R05.txt,D17,0,24.995,0,0,0,0,0
logistic,train,SA21/D18_SA21_R01.txt,D18,0,12.0,0,0,0,0,0
logistic,train,SA21/D18_SA21_R02.txt,D18,0,12.0,0,0,0,0,0
logistic,train,SA21/D18_SA21_R03.txt,D18,0,12.0,0,0,0,0,0
logistic,train,SA21/D18_SA21_R04.txt,D18,0,12.0,0,1,0,0,0
logistic,train,SA21/D18_SA21_R05.txt,D18,0,12.0,0,0,0,0,0
logistic,train,SA21/D19_SA21_R01.txt,D19,0,12.0,0,0,0,0,0
logistic,train,SA21/D19_SA21_R02.txt,D19,0,12.0,0,0,0,0,0
logistic,train,SA21/D19_SA21_R03.txt,D19,0,12.0,0,0,0,0,0
logistic,train,SA21/D19_SA21_R04.txt,D19,0,12.0,0,0,0,0,0
logistic,train,SA21/D19_SA21_R05.txt,D19,0,12.0,0,0,0,0,0
logistic,train,SA21/F01_SA21_R01.txt,F01,1,15.0,1,1,1,0,0
logistic,train,SA21/F01_SA21_R02.txt,F01,1,15.0,1,1,1,0,0
logistic,train,SA21/F01_SA21_R03.txt,F01,1,15.0,0,1,0,1,0
logistic,train,SA21/F01_SA21_R04.txt,F01,1,15.0,1,1,1,0,0
logistic,train,SA21/F01_SA21_R05.txt,F01,1,15.0,1,1,1,0,0
logistic,train,SA21/F02_SA21_R01.txt,F02,1,15.0,1,1,1,0,0
logistic,train,SA21/F02_SA21_R02.txt,F02,1,15.0,1,1,1,0,0
logistic,train,SA21/F02_SA21_R03.txt,F02,1,15.0,1,1,1,0,0
logistic,train,SA21/F02_SA21_R04.txt,F02,1,15.0,1,1,1,0,0
logistic,train,SA21/F02_SA21_R05.txt,F02,1,15.0,1,1,1,0,0
logistic,train,SA21/F03_SA21_R01.txt,F03,1,15.0,1,1,1,0,0
logistic,train,SA21/F03_SA21_R02.txt,F03,1,15.0,1,2,1,0,0
logistic,train,SA21/F03_SA21_R03.txt,F03,1,15.0,1,0,0,0,1
logistic,train,SA21/F03_SA21_R04.txt,F03,1,15.0,1,2,1,0,0
logistic,train,SA21/F03_SA21_R05.txt,F03,1,15.0,1,1,1,0,0
logistic,train,SA21/F04_SA21_R01.txt,F04,1,15.0,1,1,1,0,0
logistic,train,SA21/F04_SA21_R02.txt,F04,1,15.0,1,2,1,0,0
logistic,train,SA21/F04_SA21_R03.txt,F04,1,15.0,1,1,1,0,0
logistic,train,SA21/F04_SA21_R04.txt,F04,1,15.0,1,1,1,0,0
logistic,train,SA21/F04_SA21_R05.txt,F04,1,15.0,1,1,1,0,0
logistic,train,SA21/F05_SA21_R01.txt,F05,1,15.0,1,1,1,0,0
logistic,train,SA21/F05_SA21_R02.txt,F05,1,15.0,1,1,1,0,0
logistic,train,SA21/F05_SA21_R03.txt,F05,1,15.0,1,1,1,0,0
logistic,train,SA21/F05_SA21_R04.txt,F05,1,15.0,1,1,1,0,0
logistic,train,SA21/F05_SA21_R05.txt,F05,1,15.0,1,1,1,0,0
logistic,train,SA21/F06_SA21_R01.txt,F06,1,15.0,1,1,1,0,0
logistic,train,SA21/F06_SA21_R02.txt,F06,1,15.0,1,1,1,0,0
logistic,train,SA21/F06_SA21_R03.txt,F06,1,15.0,1,1,1,0,0
logistic,train,SA21/F06_SA21_R04.txt,F06,1,15.0,1,1,1,0,0
logistic,train,SA21/F06_SA21_R05.txt,F06,1,15.0,1,1,1,0,0
logistic,train,SA21/F07_SA21_R01.txt,F07,1,15.0,1,1,1,0,0
logistic,train,SA21/F07_SA21_R02.txt,F07,1,15.0,1,1,1,0,0
logistic,train,SA21/F07_SA21_R03.txt,F07,1,15.0,1,1,1,0,0
logistic,train,SA21/F07_SA21_R04.txt,F07,1,15.0,1,0,0,0,1
logistic,train,SA21/F07_SA21_R05.txt,F07,1,15.0,1,1,1,0,0
logistic,train,SA21/F08_SA21_R01.txt,F08,1,15.0,1,1,1,0,0
logistic,train,SA21/F08_SA21_R02.txt,F08,1,15.0,1,1,1,0,0
logistic,train,SA21/F08_SA21_R03.txt,F08,1,15.0,1,1,1,0,0
logistic,train,SA21/F08_SA21_R04.txt,F08,1,15.0,1,1,1,0,0
logistic,train,SA21/F08_SA21_R05.txt,F08,1,15.0,1,1,1,0,0
logistic,train,SA21/F09_SA21_R01.txt,F09,1,15.0,1,1,1,0,0
logistic,train,SA21/F09_SA21_R02.txt,F09,1,15.0,1,1,1,0,0
logistic,train,SA21/F09_SA21_R03.txt,F09,1,15.0,1,1,1,0,0
logistic,train,SA21/F09_SA21_R04.txt,F09,1,15.0,1,1,1,0,0
logistic,train,SA21/F09_SA21_R05.txt,F09,1,15.0,1,1,1,0,0
logistic,train,SA21/F10_SA21_R01.txt,F10,1,15.0,1,1,1,0,0
logistic,train,SA21/F10_SA21_R02.txt,F10,1,15.0,1,1,1,0,0
logistic,train,SA21/F10_SA21_R03.txt,F10,1,15.0,1,1,1,0,0
logistic,train,SA21/F10_SA21_R04.txt,F10,1,15.0,1,1,1,0,0
logistic,train,SA21/F10_SA21_R05.txt,F10,1,15.0,1,1,1,0,0
logistic,train,SA21/F11_SA21_R01.txt,F11,1,14.995,1,1,1,0,0
logistic,train,SA21/F11_SA21_R02.txt,F11,1,15.0,1,1,1,0,0
logistic,train,SA21/F11_SA21_R03.txt,F11,1,15.0,1,1,1,0,0
logistic,train,SA21/F11_SA21_R04.txt,F11,1,15.0,1,1,1,0,0
logistic,train,SA21/F11_SA21_R05.txt,F11,1,15.0,0,0,0,1,0
logistic,train,SA21/F12_SA21_R01.txt,F12,1,15.0,1,1,1,0,0
logistic,train,SA21/F12_SA21_R02.txt,F12,1,15.0,1,1,1,0,0
logistic,train,SA21/F12_SA21_R03.txt,F12,1,15.0,1,1,1,0,0
logistic,train,SA21/F12_SA21_R04.txt,F12,1,15.0,1,1,1,0,0
logistic,train,SA21/F12_SA21_R05.txt,F12,1,15.0,1,1,1,0,0
logistic,train,SA21/F13_SA21_R01.txt,F13,1,15.0,1,1,1,0,0
logistic,train,SA21/F13_SA21_R02.txt,F13,1,15.0,1,1,1,0,0
logistic,train,SA21/F13_SA21_R03.txt,F13,1,15.0,1,1,1,0,0
logistic,train,SA21/F13_SA21_R04.txt,F13,1,15.0,1,0,0,0,1
logistic,train,SA21/F13_SA21_R05.txt,F13,1,15.0,1,1,1,0,0
logistic,train,SA21/F14_SA21_R01.txt,F14,1,15.0,1,1,1,0,0
logistic,train,SA21/F14_SA21_R02.txt,F14,1,15.0,1,1,1,0,0
logistic,train,SA21/F14_SA21_R03.txt,F14,1,15.0,1,1,1,0,0
logistic,train,SA21/F14_SA21_R04.txt,F14,1,15.0,1,1,1,0,0
logistic,train,SA21/F14_SA21_R05.txt,F14,1,15.0,1,1,1,0,0
logistic,train,SA21/F15_SA21_R01.txt,F15,1,15.0,1,1,1,0,0
logistic,train,SA21/F15_SA21_R02.txt,F15,1,15.0,1,1,1,0,0
logistic,train,SA21/F15_SA21_R03.txt,F15,1,15.0,1,1,1,0,0
logistic,train,SA21/F15_SA21_R04.txt,F15,1,15.0,1,1,1,0,0
logistic,train,SA21/F15_SA21_R05.txt,F15,1,15.0,1,1,1,0,0
logistic,train,SA22/D01_SA22_R01.txt,D01,0,99.995,0,0,0,0,0
logistic,train,SA22/D02_SA22_R01.txt,D02,0,99.995,0,0,0,0,0
logistic,train,SA22/D03_SA22_R01.txt,D03,0,100.0,0,0,0,0,0
logistic,train,SA22/D04_SA22_R01.txt,D04,0,99.985,0,0,0,0,0
logistic,train,SA22/D05_SA22_R01.txt,D05,0,25.0,0,0,0,0,0
logistic,train,SA22/D05_SA22_R02.txt,D05,0,25.0,0,0,0,0,0
logistic,train,SA22/D05_SA22_R03.txt,D05,0,25.0,0,0,0,0,0
logistic,train,SA22/D05_SA22_R04.txt,D05,0,25.0,0,0,0,0,0
logistic,train,SA22/D05_SA22_R05.txt,D05,0,25.0,0,0,0,0,0
logistic,train,SA22/D06_SA22_R01.txt,D06,0,24.995,0,0,0,0,0
logistic,train,SA22/D06_SA22_R02.txt,D06,0,25.0,0,0,0,0,0
logistic,train,SA22/D06_SA22_R03.txt,D06,0,25.0,0,1,0,0,0
logistic,train,SA22/D06_SA22_R04.txt,D06,0,25.0,0,0,0,0,0
logistic,train,SA22/D06_SA22_R05.txt,D06,0,25.0,0,1,0,0,0
logistic,train,SA22/D07_SA22_R01.txt,D07,0,11.995,0,0,0,0,0
logistic,train,SA22/D07_SA22_R02.txt,D07,0,12.0,0,0,0,0,0
logistic,train,SA22/D07_SA22_R03.txt,D07,0,12.0,0,0,0,0,0
logistic,train,SA22/D07_SA22_R04.txt,D07,0,12.0,0,0,0,0,0
logistic,train,SA22/D07_SA22_R05.txt,D07,0,12.0,0,0,0,0,0
logistic,train,SA22/D08_SA22_R01.txt,D08,0,12.0,0,0,0,0,0
logistic,train,SA22/D08_SA22_R02.txt,D08,0,12.0,0,0,0,0,0
logistic,train,SA22/D08_SA22_R03.txt,D08,0,12.0,0,0,0,0,0
logistic,train,SA22/D08_SA22_R04.txt,D08,0,12.0,0,0,0,0,0
logistic,train,SA22/D08_SA22_R05.txt,D08,0,11.99,0,0,0,0,0
logistic,train,SA22/D09_SA22_R01.txt,D09,0,11.995,0,0,0,0,0
logistic,train,SA22/D09_SA22_R02.txt,D09,0,12.0,0,0,0,0,0
logistic,train,SA22/D09_SA22_R03.txt,D09,0,12.0,0,0,0,0,0
logistic,train,SA22/D09_SA22_R04.txt,D09,0,12.0,0,0,0,0,0
logistic,train,SA22/D09_SA22_R05.txt,D09,0,12.0,0,0,0,0,0
logistic,train,SA22/D10_SA22_R01.txt,D10,0,12.0,0,0,0,0,0
logistic,train,SA22/D10_SA22_R02.txt,D10,0,12.0,0,0,0,0,0
logistic,train,SA22/D10_SA22_R03.txt,D10,0,12.0,0,0,0,0,0
logistic,train,SA22/D10_SA22_R04.txt,D10,0,12.0,0,0,0,0,0
logistic,train,SA22/D10_SA22_R05.txt,D10,0,12.0,0,0,0,0,0
logistic,train,SA22/D11_SA22_R01.txt,D11,0,11.995,0,0,0,0,0
logistic,train,SA22/D11_SA22_R02.txt,D11,0,12.0,0,0,0,0,0
logistic,train,SA22/D11_SA22_R03.txt,D11,0,12.0,0,0,0,0,0
logistic,train,SA22/D11_SA22_R04.txt,D11,0,12.0,0,0,0,0,0
logistic,train,SA22/D11_SA22_R05.txt,D11,0,12.0,0,0,0,0,0
logistic,train,SA22/D12_SA22_R01.txt,D12,0,12.0,0,0,0,0,0
logistic,train,SA22/D12_SA22_R02.txt,D12,0,12.0,0,0,0,0,0
logistic,train,SA22/D12_SA22_R03.txt,D12,0,12.0,0,0,0,0,0
logistic,train,SA22/D12_SA22_R04.txt,D12,0,12.0,0,0,0,0,0
logistic,train,SA22/D12_SA22_R05.txt,D12,0,12.0,0,0,0,0,0
logistic,train,SA22/D13_SA22_R01.txt,D13,0,12.0,0,0,0,0,0
logistic,train,SA22/D13_SA22_R02.txt,D13,0,12.0,0,0,0,0,0
logistic,train,SA22/D13_SA22_R03.txt,D13,0,12.0,0,0,0,0,0
logistic,train,SA22/D13_SA22_R04.txt,D13,0,12.0,0,1,0,0,0
logistic,train,SA22/D13_SA22_R05.txt,D13,0,12.0,0,0,0,0,0
logistic,train,SA22/D14_SA22_R01.txt,D14,0,12.0,0,0,0,0,0
logistic,train,SA22/D14_SA22_R02.txt,D14,0,12.0,0,0,0,0,0
logistic,train,SA22/D14_SA22_R03.txt,D14,0,12.0,0,0,0,0,0
logistic,train,SA22/D14_SA22_R04.txt,D14,0,12.0,0,0,0,0,0
logistic,train,SA22/D14_SA22_R05.txt,D14,0,12.0,0,0,0,0,0
logistic,train,SA22/D15_SA22_R01.txt,D15,0,12.0,0,0,0,0,0
logistic,train,SA22/D15_SA22_R02.txt,D15,0,12.0,0,0,0,0,0
logistic,train,SA22/D15_SA22_R03.txt,D15,0,12.0,0,0,0,0,0
logistic,train,SA22/D15_SA22_R04.txt,D15,0,12.0,0,0,0,0,0
logistic,train,SA22/D15_SA22_R05.txt,D15,0,11.995,0,0,0,0,0
logistic,train,SA22/D16_SA22_R01.txt,D16,0,11.995,0,0,0,0,0
logistic,train,SA22/D16_SA22_R02.txt,D16,0,12.0,0,0,0,0,0
logistic,train,SA22/D16_SA22_R03.txt,D16,0,12.0,0,0,0,0,0
logistic,train,SA22/D16_SA22_R04.txt,D16,0,12.0,0,0,0,0,0
logistic,train,SA22/D16_SA22_R05.txt,D16,0,12.0,0,0,0,0,0
logistic,train,SA22/D17_SA22_R01.txt,D17,0,24.995,0,0,0,0,0
logistic,train,SA22/D17_SA22_R02.txt,D17,0,25.0,0,0,0,0,0
logistic,train,SA22/D17_SA22_R03.txt,D17,0,25.0,0,0,0,0,0
logistic,train,SA22/D17_SA22_R04.txt,D17,0,24.995,0,0,0,0,0
logistic,train,SA22/D17_SA22_R05.txt,D17,0,25.0,0,0,0,0,0
logistic,train,SA22/D18_SA22_R01.txt,D18,0,11.97,0,0,0,0,0
logistic,train,SA22/D18_SA22_R02.txt,D18,0,12.0,0,0,0,0,0
logistic,train,SA22/D18_SA22_R03.txt,D18,0,12.0,0,0,0,0,0
logistic,train,SA22/D18_SA22_R04.txt,D18,0,12.0,0,1,0,0,0
logistic,train,SA22/D18_SA22_R05.txt,D18,0,12.0,0,1,0,0,0
logistic,train,SA22/D19_SA22_R01.txt,D19,0,12.0,0,0,0,0,0
logistic,train,SA22/D19_SA22_R02.txt,D19,0,12.0,0,0,0,0,0
logistic,train,SA22/D19_SA22_R03.txt,D19,0,12.0,0,0,0,0,0
logistic,train,SA22/D19_SA22_R04.txt,D19,0,12.0,0,0,0,0,0
logistic,train,SA22/D19_SA22_R05.txt,D19,0,12.0,0,0,0,0,0
logistic,train,SA22/F01_SA22_R01.txt,F01,1,14.995,1,1,1,0,0
logistic,train,SA22/F01_SA22_R02.txt,F01,1,15.0,1,1,1,0,0
logistic,train,SA22/F01_SA22_R03.txt,F01,1,15.0,1,1,1,0,0
logistic,train,SA22/F01_SA22_R04.txt,F01,1,15.0,1,1,1,0,0
logistic,train,SA22/F01_SA22_R05.txt,F01,1,15.0,1,1,1,0,0
logistic,train,SA22/F02_SA22_R01.txt,F02,1,15.0,1,1,1,0,0
logistic,train,SA22/F02_SA22_R02.txt,F02,1,15.0,1,1,1,0,0
logistic,train,SA22/F02_SA22_R03.txt,F02,1,15.0,1,1,1,0,0
logistic,train,SA22/F02_SA22_R04.txt,F02,1,15.0,1,1,1,0,0
logistic,train,SA22/F02_SA22_R05.txt,F02,1,15.0,0,0,0,1,0
logistic,train,SA22/F03_SA22_R01.txt,F03,1,15.0,1,1,1,0,0
logistic,train,SA22/F03_SA22_R02.txt,F03,1,15.0,1,1,1,0,0
logistic,train,SA22/F03_SA22_R03.txt,F03,1,15.0,1,1,1,0,0
logistic,train,SA22/F03_SA22_R04.txt,F03,1,14.985,1,2,1,0,0
logistic,train,SA22/F03_SA22_R05.txt,F03,1,15.0,1,1,1,0,0
logistic,train,SA22/F04_SA22_R01.txt,F04,1,15.0,1,1,1,0,0
logistic,train,SA22/F04_SA22_R02.txt,F04,1,15.0,1,1,1,0,0
logistic,train,SA22/F04_SA22_R03.txt,F04,1,15.0,1,1,1,0,0
logistic,train,SA22/F04_SA22_R04.txt,F04,1,15.0,1,1,1,0,0
logistic,train,SA22/F04_SA22_R05.txt,F04,1,15.0,1,1,1,0,0
logistic,train,SA22/F05_SA22_R01.txt,F05,1,15.0,1,1,1,0,0
logistic,train,SA22/F05_SA22_R02.txt,F05,1,15.0,1,1,1,0,0
logistic,train,SA22/F05_SA22_R03.txt,F05,1,15.0,1,1,1,0,0
logistic,train,SA22/F05_SA22_R04.txt,F05,1,15.0,1,1,1,0,0
logistic,train,SA22/F05_SA22_R05.txt,F05,1,14.995,1,1,1,0,0
logistic,train,SA22/F06_SA22_R01.txt,F06,1,14.995,1,1,1,0,0
logistic,train,SA22/F06_SA22_R02.txt,F06,1,15.0,1,1,1,0,0
logistic,train,SA22/F06_SA22_R03.txt,F06,1,15.0,1,1,1,0,0
logistic,train,SA22/F06_SA22_R04.txt,F06,1,15.0,1,1,1,0,0
logistic,train,SA22/F06_SA22_R05.txt,F06,1,14.995,1,1,1,0,0
logistic,train,SA22/F07_SA22_R01.txt,F07,1,15.0,1,1,1,0,0
logistic,train,SA22/F07_SA22_R02.txt,F07,1,15.0,1,1,1,0,0
logistic,train,SA22/F07_SA22_R03.txt,F07,1,15.0,1,1,1,0,0
logistic,train,SA22/F07_SA22_R04.txt,F07,1,15.0,1,1,1,0,0
logistic,train,SA22/F07_SA22_R05.txt,F07,1,14.995,1,1,1,0,0
logistic,train,SA22/F08_SA22_R01.txt,F08,1,15.0,1,1,1,0,0
logistic,train,SA22/F08_SA22_R02.txt,F08,1,15.0,1,1,1,0,0
logistic,train,SA22/F08_SA22_R03.txt,F08,1,15.0,1,1,1,0,0
logistic,train,SA22/F08_SA22_R04.txt,F08,1,15.0,1,1,1,0,0
logistic,train,SA22/F08_SA22_R05.txt,F08,1,15.0,1,1,1,0,0
logistic,train,SA22/F09_SA22_R01.txt,F09,1,15.0,1,1,1,0,0
logistic,train,SA22/F09_SA22_R02.txt,F09,1,15.0,1,1,1,0,0
logistic,train,SA22/F09_SA22_R03.txt,F09,1,15.0,1,1,1,0,0
logistic,train,SA22/F09_SA22_R04.txt,F09,1,15.0,1,0,0,0,1
logistic,train,SA22/F09_SA22_R05.txt,F09,1,15.0,1,1,1,0,0
logistic,train,SA22/F10_SA22_R01.txt,F10,1,15.0,1,1,1,0,0
logistic,train,SA22/F10_SA22_R02.txt,F10,1,15.0,1,1,1,0,0
logistic,train,SA22/F10_SA22_R03.txt,F10,1,15.0,1,1,1,0,0
logistic,train,SA22/F10_SA22_R04.txt,F10,1,15.0,1,1,1,0,0
logistic,train,SA22/F10_SA22_R05.txt,F10,1,15.0,1,1,1,0,0
logistic,train,SA22/F11_SA22_R01.txt,F11,1,14.995,1,1,1,0,0
logistic,train,SA22/F11_SA22_R02.txt,F11,1,15.0,1,1,1,0,0
logistic,train,SA22/F11_SA22_R03.txt,F11,1,15.0,1,1,1,0,0
logistic,train,SA22/F11_SA22_R04.txt,F11,1,15.0,1,1,1,0,0
logistic,train,SA22/F11_SA22_R05.txt,F11,1,15.0,1,1,1,0,0
logistic,train,SA22/F12_SA22_R01.txt,F12,1,15.0,1,1,1,0,0
logistic,train,SA22/F12_SA22_R02.txt,F12,1,15.0,1,0,0,0,1
logistic,train,SA22/F12_SA22_R03.txt,F12,1,15.0,1,1,1,0,0
logistic,train,SA22/F12_SA22_R04.txt,F12,1,15.0,1,1,1,0,0
logistic,train,SA22/F12_SA22_R05.txt,F12,1,15.0,1,1,1,0,0
logistic,train,SA22/F13_SA22_R01.txt,F13,1,15.0,1,1,1,0,0
logistic,train,SA22/F13_SA22_R02.txt,F13,1,15.0,1,1,1,0,0
logistic,train,SA22/F13_SA22_R03.txt,F13,1,15.0,1,1,1,0,0
logistic,train,SA22/F13_SA22_R04.txt,F13,1,15.0,1,1,1,0,0
logistic,train,SA22/F13_SA22_R05.txt,F13,1,15.0,1,1,1,0,0
logistic,train,SA22/F14_SA22_R01.txt,F14,1,15.0,1,1,1,0,0
logistic,train,SA22/F14_SA22_R02.txt,F14,1,14.995,1,1,1,0,0
logistic,train,SA22/F14_SA22_R03.txt,F14,1,15.0,1,1,1,0,0
logistic,train,SA22/F14_SA22_R04.txt,F14,1,15.0,1,1,1,0,0
logistic,train,SA22/F14_SA22_R05.txt,F14,1,15.0,1,1,1,0,0
logistic,train,SA22/F15_SA22_R01.txt,F15,1,14.455,1,1,1,0,0
logistic,train,SA22/F15_SA22_R02.txt,F15,1,15.0,1,1,1,0,0
logistic,train,SA22/F15_SA22_R03.txt,F15,1,15.0,1,1,1,0,0
logistic,train,SA22/F15_SA22_R04.txt,F15,1,15.0,1,1,1,0,0
logistic,train,SA22/F15_SA22_R05.txt,F15,1,14.995,1,1,1,0,0
logistic,train,SE02/D01_SE02_R01.txt,D01,0,99.995,0,0,0,0,0
logistic,train,SE02/D02_SE02_R01.txt,D02,0,100.0,0,0,0,0,0
logistic,train,SE02/D03_SE02_R01.txt,D03,0,100.0,0,0,0,0,0
logistic,train,SE02/D05_SE02_R01.txt,D05,0,25.0,0,0,0,0,0
logistic,train,SE02/D05_SE02_R02.txt,D05,0,24.995,0,0,0,0,0
logistic,train,SE02/D05_SE02_R03.txt,D05,0,25.0,0,0,0,0,0
logistic,train,SE02/D05_SE02_R04.txt,D05,0,25.0,0,0,0,0,0
logistic,train,SE02/D05_SE02_R05.txt,D05,0,25.0,0,0,0,0,0
logistic,train,SE02/D07_SE02_R01.txt,D07,0,12.0,0,0,0,0,0
logistic,train,SE02/D07_SE02_R02.txt,D07,0,12.0,0,0,0,0,0
logistic,train,SE02/D07_SE02_R03.txt,D07,0,12.0,0,0,0,0,0
logistic,train,SE02/D07_SE02_R04.txt,D07,0,12.0,0,0,0,0,0
logistic,train,SE02/D07_SE02_R05.txt,D07,0,12.0,0,0,0,0,0
logistic,train,SE02/D08_SE02_R01.txt,D08,0,12.0,0,0,0,0,0
logistic,train,SE02/D08_SE02_R02.txt,D08,0,12.0,0,0,0,0,0
logistic,train,SE02/D08_SE02_R03.txt,D08,0,12.0,0,0,0,0,0
logistic,train,SE02/D08_SE02_R04.txt,D08,0,12.005,0,0,0,0,0
logistic,train,SE02/D08_SE02_R05.txt,D08,0,12.0,0,0,0,0,0
logistic,train,SE02/D11_SE02_R01.txt,D11,0,12.0,0,1,0,0,0
logistic,train,SE02/D11_SE02_R02.txt,D11,0,12.0,0,0,0,0,0
logistic,train,SE02/D11_SE02_R03.txt,D11,0,12.0,0,0,0,0,0
logistic,train,SE02/D11_SE02_R04.txt,D11,0,12.0,0,1,0,0,0
logistic,train,SE02/D11_SE02_R05.txt,D11,0,12.0,0,1,0,0,0
logistic,train,SE02/D12_SE02_R01.txt,D12,0,12.0,0,0,0,0,0
logistic,train,SE02/D12_SE02_R02.txt,D12,0,12.0,0,0,0,0,0
logistic,train,SE02/D12_SE02_R03.txt,D12,0,12.0,0,0,0,0,0
logistic,train,SE02/D12_SE02_R04.txt,D12,0,12.005,0,0,0,0,0
logistic,train,SE02/D12_SE02_R05.txt,D12,0,12.0,0,0,0,0,0
logistic,train,SE02/D14_SE02_R01.txt,D14,0,12.0,0,0,0,0,0
logistic,train,SE02/D14_SE02_R02.txt,D14,0,12.0,0,1,0,0,0
logistic,train,SE02/D14_SE02_R03.txt,D14,0,12.0,0,0,0,0,0
logistic,train,SE02/D14_SE02_R04.txt,D14,0,12.0,0,0,0,0,0
logistic,train,SE02/D14_SE02_R05.txt,D14,0,12.0,0,0,0,0,0
logistic,train,SE02/D15_SE02_R01.txt,D15,0,12.0,0,0,0,0,0
logistic,train,SE02/D15_SE02_R02.txt,D15,0,12.0,0,0,0,0,0
logistic,train,SE02/D15_SE02_R03.txt,D15,0,12.0,0,0,0,0,0
logistic,train,SE02/D15_SE02_R04.txt,D15,0,12.0,0,0,0,0,0
logistic,train,SE02/D15_SE02_R05.txt,D15,0,12.0,0,0,0,0,0
logistic,train,SE02/D16_SE02_R01.txt,D16,0,11.995,0,0,0,0,0
logistic,train,SE02/D16_SE02_R02.txt,D16,0,12.005,0,0,0,0,0
logistic,train,SE02/D16_SE02_R03.txt,D16,0,12.005,0,0,0,0,0
logistic,train,SE02/D16_SE02_R04.txt,D16,0,11.995,0,0,0,0,0
logistic,train,SE02/D16_SE02_R05.txt,D16,0,12.0,0,0,0,0,0
logistic,train,SE02/D17_SE02_R01.txt,D17,0,16.02,0,0,0,0,0
logistic,train,SE02/D17_SE02_R02.txt,D17,0,16.02,0,0,0,0,0
logistic,train,SE02/D17_SE02_R03.txt,D17,0,16.025,0,0,0,0,0
logistic,train,SE02/D17_SE02_R04.txt,D17,0,16.02,0,0,0,0,0
logistic,train,SE02/D17_SE02_R05.txt,D17,0,18.035,0,0,0,0,0
logistic,train,SE03/D01_SE03_R01.txt,D01,0,99.995,0,0,0,0,0
logistic,train,SE03/D02_SE03_R01.txt,D02,0,100.005,0,0,0,0,0
logistic,train,SE03/D03_SE03_R01.txt,D03,0,100.0,0,0,0,0,0
logistic,train,SE03/D04_SE03_R01.txt,D04,0,110.03,0,0,0,0,0
logistic,train,SE03/D05_SE03_R01.txt,D05,0,24.995,0,0,0,0,0
logistic,train,SE03/D05_SE03_R02.txt,D05,0,25.0,0,0,0,0,0
logistic,train,SE03/D05_SE03_R03.txt,D05,0,24.995,0,0,0,0,0
logistic,train,SE03/D05_SE03_R04.txt,D05,0,25.005,0,0,0,0,0
logistic,train,SE03/D05_SE03_R05.txt,D05,0,25.0,0,0,0,0,0
logistic,train,SE03/D07_SE03_R01.txt,D07,0,12.0,0,0,0,0,0
logistic,train,SE03/D07_SE03_R02.txt,D07,0,12.0,0,0,0,0,0
logistic,train,SE03/D07_SE03_R03.txt,D07,0,12.0,0,0,0,0,0
logistic,train,SE03/D07_SE03_R04.txt,D07,0,12.0,0,0,0,0,0
logistic,train,SE03/D07_SE03_R05.txt,D07,0,12.0,0,0,0,0,0
logistic,train,SE03/D08_SE03_R01.txt,D08,0,12.0,0,0,0,0,0
logistic,train,SE03/D08_SE03_R02.txt,D08,0,12.0,0,0,0,0,0
logistic,train,SE03/D08_SE03_R03.txt,D08,0,11.995,0,0,0,0,0
logistic,train,SE03/D08_SE03_R04.txt,D08,0,12.0,0,0,0,0,0
logistic,train,SE03/D08_SE03_R05.txt,D08,0,12.0,0,0,0,0,0
logistic,train,SE03/D09_SE03_R01.txt,D09,0,12.005,0,0,0,0,0
logistic,train,SE03/D09_SE03_R02.txt,D09,0,12.0,0,0,0,0,0
logistic,train,SE03/D09_SE03_R03.txt,D09,0,12.0,0,0,0,0,0
logistic,train,SE03/D09_SE03_R04.txt,D09,0,12.0,0,0,0,0,0
logistic,train,SE03/D09_SE03_R05.txt,D09,0,12.0,0,0,0,0,0
logistic,train,SE03/D10_SE03_R01.txt,D10,0,12.0,0,0,0,0,0
logistic,train,SE03/D10_SE03_R02.txt,D10,0,11.995,0,0,0,0,0
logistic,train,SE03/D10_SE03_R03.txt,D10,0,11.995,0,0,0,0,0
logistic,train,SE03/D10_SE03_R04.txt,D10,0,12.005,0,0,0,0,0
logistic,train,SE03/D10_SE03_R05.txt,D10,0,12.0,0,0,0,0,0
logistic,train,SE03/D11_SE03_R01.txt,D11,0,11.995,0,0,0,0,0
logistic,train,SE03/D11_SE03_R02.txt,D11,0,12.005,0,0,0,0,0
logistic,train,SE03/D11_SE03_R03.txt,D11,0,12.0,0,0,0,0,0
logistic,train,SE03/D11_SE03_R04.txt,D11,0,12.0,0,0,0,0,0
logistic,train,SE03/D11_SE03_R05.txt,D11,0,12.0,0,0,0,0,0
logistic,train,SE03/D12_SE03_R01.txt,D12,0,12.0,0,0,0,0,0
logistic,train,SE03/D12_SE03_R02.txt,D12,0,12.0,0,0,0,0,0
logistic,train,SE03/D12_SE03_R03.txt,D12,0,12.0,0,0,0,0,0
logistic,train,SE03/D12_SE03_R04.txt,D12,0,12.0,0,0,0,0,0
logistic,train,SE03/D12_SE03_R05.txt,D12,0,12.0,0,0,0,0,0
logistic,train,SE03/D14_SE03_R01.txt,D14,0,12.0,0,0,0,0,0
logistic,train,SE03/D14_SE03_R02.txt,D14,0,12.0,0,0,0,0,0
logistic,train,SE03/D14_SE03_R03.txt,D14,0,12.0,0,0,0,0,0
logistic,train,SE03/D14_SE03_R04.txt,D14,0,12.0,0,0,0,0,0
logistic,train,SE03/D14_SE03_R05.txt,D14,0,12.0,0,0,0,0,0
logistic,train,SE03/D15_SE03_R01.txt,D15,0,12.0,0,0,0,0,0
logistic,train,SE03/D15_SE03_R02.txt,D15,0,12.0,0,0,0,0,0
logistic,train,SE03/D15_SE03_R03.txt,D15,0,12.0,0,0,0,0,0
logistic,train,SE03/D15_SE03_R04.txt,D15,0,12.0,0,0,0,0,0
logistic,train,SE03/D15_SE03_R05.txt,D15,0,12.0,0,0,0,0,0
logistic,train,SE03/D16_SE03_R01.txt,D16,0,12.0,0,0,0,0,0
logistic,train,SE03/D16_SE03_R02.txt,D16,0,12.0,0,0,0,0,0
logistic,train,SE03/D16_SE03_R03.txt,D16,0,12.0,0,0,0,0,0
logistic,train,SE03/D16_SE03_R04.txt,D16,0,12.0,0,0,0,0,0
logistic,train,SE03/D16_SE03_R05.txt,D16,0,12.0,0,0,0,0,0
logistic,train,SE03/D17_SE03_R01.txt,D17,0,23.03,0,0,0,0,0
logistic,train,SE03/D17_SE03_R02.txt,D17,0,21.025,0,0,0,0,0
logistic,train,SE03/D17_SE03_R03.txt,D17,0,25.025,0,0,0,0,0
logistic,train,SE03/D17_SE03_R04.txt,D17,0,25.055,0,0,0,0,0
logistic,train,SE03/D17_SE03_R05.txt,D17,0,24.03,0,0,0,0,0
logistic,train,SE05/D01_SE05_R01.txt,D01,0,99.995,0,0,0,0,0
logistic,train,SE05/D02_SE05_R01.txt,D02,0,100.005,0,0,0,0,0
logistic,train,SE05/D03_SE05_R01.txt,D03,0,100.0,0,0,0,0,0
logistic,train,SE05/D04_SE05_R01.txt,D04,0,100.0,0,0,0,0,0
logistic,train,SE05/D05_SE05_R01.txt,D05,0,25.005,0,0,0,0,0
logistic,train,SE05/D05_SE05_R02.txt,D05,0,25.0,0,0,0,0,0
logistic,train,SE05/D05_SE05_R03.txt,D05,0,25.0,0,0,0,0,0
logistic,train,SE05/D05_SE05_R04.txt,D05,0,25.0,0,0,0,0,0
logistic,train,SE05/D05_SE05_R05.txt,D05,0,25.0,0,0,0,0,0
logistic,train,SE05/D07_SE05_R01.txt,D07,0,11.995,0,0,0,0,0
logistic,train,SE05/D07_SE05_R02.txt,D07,0,12.0,0,0,0,0,0
logistic,train,SE05/D07_SE05_R03.txt,D07,0,12.0,0,0,0,0,0
logistic,train,SE05/D07_SE05_R04.txt,D07,0,12.0,0,0,0,0,0
logistic,train,SE05/D07_SE05_R05.txt,D07,0,11.995,0,0,0,0,0
logistic,train,SE05/D08_SE05_R01.txt,D08,0,12.0,0,0,0,0,0
logistic,train,SE05/D08_SE05_R02.txt,D08,0,12.0,0,0,0,0,0
logistic,train,SE05/D08_SE05_R03.txt,D08,0,12.005,0,0,0,0,0
logistic,train,SE05/D08_SE05_R04.txt,D08,0,12.0,0,0,0,0,0
logistic,train,SE05/D08_SE05_R05.txt,D08,0,12.0,0,0,0,0,0
logistic,train,SE05/D09_SE05_R01.txt,D09,0,12.0,0,0,0,0,0
logistic,train,SE05/D09_SE05_R02.txt,D09,0,12.0,0,0,0,0,0
logistic,train,SE05/D09_SE05_R03.txt,D09,0,12.0,0,0,0,0,0
logistic,train,SE05/D09_SE05_R04.txt,D09,0,12.0,0,0,0,0,0
logistic,train,SE05/D09_SE05_R05.txt,D09,0,12.0,0,0,0,0,0
logistic,train,SE05/D10_SE05_R01.txt,D10,0,12.0,0,0,0,0,0
logistic,train,SE05/D10_SE05_R02.txt,D10,0,12.0,0,0,0,0,0
logistic,train,SE05/D10_SE05_R03.txt,D10,0,12.0,0,0,0,0,0
logistic,train,SE05/D10_SE05_R04.txt,D10,0,12.0,0,0,0,0,0
logistic,train,SE05/D10_SE05_R05.txt,D10,0,12.0,0,0,0,0,0
logistic,train,SE05/D11_SE05_R01.txt,D11,0,11.995,0,0,0,0,0
logistic,train,SE05/D11_SE05_R02.txt,D11,0,12.0,0,0,0,0,0
logistic,train,SE05/D11_SE05_R03.txt,D11,0,12.0,0,0,0,0,0
logistic,train,SE05/D11_SE05_R04.txt,D11,0,12.0,0,0,0,0,0
logistic,train,SE05/D11_SE05_R05.txt,D11,0,12.0,0,0,0,0,0
logistic,train,SE05/D12_SE05_R01.txt,D12,0,12.0,0,0,0,0,0
logistic,train,SE05/D12_SE05_R02.txt,D12,0,12.0,0,0,0,0,0
logistic,train,SE05/D12_SE05_R03.txt,D12,0,12.0,0,0,0,0,0
logistic,train,SE05/D12_SE05_R04.txt,D12,0,12.0,0,0,0,0,0
logistic,train,SE05/D12_SE05_R05.txt,D12,0,12.0,0,0,0,0,0
logistic,train,SE05/D14_SE05_R01.txt,D14,0,12.0,0,0,0,0,0
logistic,train,SE05/D14_SE05_R02.txt,D14,0,12.0,0,0,0,0,0
logistic,train,SE05/D14_SE05_R03.txt,D14,0,12.0,0,0,0,0,0
logistic,train,SE05/D14_SE05_R04.txt,D14,0,12.0,0,0,0,0,0
logistic,train,SE05/D14_SE05_R05.txt,D14,0,12.0,0,0,0,0,0
logistic,train,SE05/D15_SE05_R01.txt,D15,0,12.0,0,0,0,0,0
logistic,train,SE05/D15_SE05_R02.txt,D15,0,12.0,0,0,0,0,0
logistic,train,SE05/D15_SE05_R03.txt,D15,0,12.0,0,0,0,0,0
logistic,train,SE05/D15_SE05_R04.txt,D15,0,12.0,0,0,0,0,0
logistic,train,SE05/D15_SE05_R05.txt,D15,0,12.0,0,0,0,0,0
logistic,train,SE05/D16_SE05_R01.txt,D16,0,11.995,0,0,0,0,0
logistic,train,SE05/D16_SE05_R02.txt,D16,0,12.0,0,0,0,0,0
logistic,train,SE05/D16_SE05_R03.txt,D16,0,12.0,0,0,0,0,0
logistic,train,SE05/D16_SE05_R04.txt,D16,0,12.0,0,0,0,0,0
logistic,train,SE05/D16_SE05_R05.txt,D16,0,12.0,0,0,0,0,0
logistic,train,SE05/D17_SE05_R01.txt,D17,0,20.03,0,0,0,0,0
logistic,train,SE05/D17_SE05_R02.txt,D17,0,25.035,0,0,0,0,0
logistic,train,SE05/D17_SE05_R03.txt,D17,0,17.02,0,0,0,0,0
logistic,train,SE05/D17_SE05_R04.txt,D17,0,17.025,0,0,0,0,0
logistic,train,SE05/D17_SE05_R05.txt,D17,0,19.02,0,0,0,0,0
logistic,train,SE06/D01_SE06_R01.txt,D01,0,99.995,0,0,0,0,0
logistic,train,SE06/D02_SE06_R01.txt,D02,0,100.0,0,0,0,0,0
logistic,train,SE06/D03_SE06_R01.txt,D03,0,99.995,0,0,0,0,0
logistic,train,SE06/D04_SE06_R01.txt,D04,0,100.0,0,0,0,0,0
logistic,train,SE06/D05_SE06_R01.txt,D05,0,25.0,0,0,0,0,0
logistic,train,SE06/D05_SE06_R02.txt,D05,0,25.0,0,0,0,0,0
logistic,train,SE06/D05_SE06_R03.txt,D05,0,25.0,0,0,0,0,0
logistic,train,SE06/D05_SE06_R04.txt,D05,0,25.0,0,0,0,0,0
logistic,train,SE06/D05_SE06_R05.txt,D05,0,25.0,0,0,0,0,0
logistic,train,SE06/D06_SE06_R01.txt,D06,0,24.995,0,0,0,0,0
logistic,train,SE06/D06_SE06_R02.txt,D06,0,25.0,0,0,0,0,0
logistic,train,SE06/D06_SE06_R03.txt,D06,0,25.0,0,0,0,0,0
logistic,train,SE06/D06_SE06_R04.txt,D06,0,25.0,0,0,0,0,0
logistic,train,SE06/D06_SE06_R05.txt,D06,0,25.0,0,0,0,0,0
logistic,train,SE06/D07_SE06_R01.txt,D07,0,11.995,0,0,0,0,0
logistic,train,SE06/D07_SE06_R02.txt,D07,0,12.0,0,0,0,0,0
logistic,train,SE06/D07_SE06_R03.txt,D07,0,12.0,0,0,0,0,0
logistic,train,SE06/D07_SE06_R04.txt,D07,0,12.0,0,0,0,0,0
logistic,train,SE06/D07_SE06_R05.txt,D07,0,12.0,0,0,0,0,0
logistic,train,SE06/D08_SE06_R01.txt,D08,0,12.0,0,0,0,0,0
logistic,train,SE06/D08_SE06_R02.txt,D08,0,12.0,0,0,0,0,0
logistic,train,SE06/D08_SE06_R03.txt,D08,0,12.0,0,0,0,0,0
logistic,train,SE06/D08_SE06_R04.txt,D08,0,12.0,0,0,0,0,0
logistic,train,SE06/D08_SE06_R05.txt,D08,0,12.0,0,0,0,0,0
logistic,train,SE06/D09_SE06_R01.txt,D09,0,12.0,0,0,0,0,0
logistic,train,SE06/D09_SE06_R02.txt,D09,0,12.0,0,0,0,0,0
logistic,train,SE06/D09_SE06_R03.txt,D09,0,12.0,0,0,0,0,0
logistic,train,SE06/D09_SE06_R04.txt,D09,0,12.0,0,0,0,0,0
logistic,train,SE06/D09_SE06_R05.txt,D09,0,12.0,0,0,0,0,0
logistic,train,SE06/D10_SE06_R01.txt,D10,0,12.0,0,0,0,0,0
logistic,train,SE06/D10_SE06_R02.txt,D10,0,12.0,0,0,0,0,0
logistic,train,SE06/D10_SE06_R03.txt,D10,0,12.0,0,0,0,0,0
logistic,train,SE06/D10_SE06_R04.txt,D10,0,12.0,0,0,0,0,0
logistic,train,SE06/D10_SE06_R05.txt,D10,0,12.0,0,0,0,0,0
logistic,train,SE06/D11_SE06_R01.txt,D11,0,12.02,0,0,0,0,0
logistic,train,SE06/D11_SE06_R02.txt,D11,0,12.0,0,0,0,0,0
logistic,train,SE06/D11_SE06_R03.txt,D11,0,12.0,0,0,0,0,0
logistic,train,SE06/D11_SE06_R04.txt,D11,0,12.0,0,0,0,0,0
logistic,train,SE06/D11_SE06_R05.txt,D11,0,12.0,0,0,0,0,0
logistic,train,SE06/D12_SE06_R01.txt,D12,0,12.0,0,0,0,0,0
logistic,train,SE06/D12_SE06_R02.txt,D12,0,12.0,0,0,0,0,0
logistic,train,SE06/D12_SE06_R03.txt,D12,0,12.0,0,0,0,0,0
logistic,train,SE06/D12_SE06_R04.txt,D12,0,12.0,0,0,0,0,0
logistic,train,SE06/D12_SE06_R05.txt,D12,0,12.0,0,0,0,0,0
logistic,train,SE06/D13_SE06_R01.txt,D13,0,12.0,0,0,0,0,0
logistic,train,SE06/D13_SE06_R02.txt,D13,0,12.0,0,0,0,0,0
logistic,train,SE06/D13_SE06_R03.txt,D13,0,12.0,0,0,0,0,0
logistic,train,SE06/D13_SE06_R04.txt,D13,0,12.0,0,0,0,0,0
logistic,train,SE06/D13_SE06_R05.txt,D13,0,12.0,0,0,0,0,0
logistic,train,SE06/D14_SE06_R01.txt,D14,0,12.0,0,0,0,0,0
logistic,train,SE06/D14_SE06_R02.txt,D14,0,12.0,0,0,0,0,0
logistic,train,SE06/D14_SE06_R03.txt,D14,0,12.0,0,0,0,0,0
logistic,train,SE06/D14_SE06_R04.txt,D14,0,12.0,0,0,0,0,0
logistic,train,SE06/D14_SE06_R05.txt,D14,0,12.0,0,0,0,0,0
logistic,train,SE06/D15_SE06_R01.txt,D15,0,12.0,0,0,0,0,0
logistic,train,SE06/D15_SE06_R02.txt,D15,0,12.0,0,0,0,0,0
logistic,train,SE06/D15_SE06_R03.txt,D15,0,12.0,0,0,0,0,0
logistic,train,SE06/D15_SE06_R04.txt,D15,0,12.0,0,0,0,0,0
logistic,train,SE06/D15_SE06_R05.txt,D15,0,12.0,0,0,0,0,0
logistic,train,SE06/D16_SE06_R01.txt,D16,0,11.995,0,0,0,0,0
logistic,train,SE06/D16_SE06_R02.txt,D16,0,12.0,0,0,0,0,0
logistic,train,SE06/D16_SE06_R03.txt,D16,0,12.0,0,0,0,0,0
logistic,train,SE06/D16_SE06_R04.txt,D16,0,12.0,0,0,0,0,0
logistic,train,SE06/D16_SE06_R05.txt,D16,0,12.0,0,0,0,0,0
logistic,train,SE06/D17_SE06_R01.txt,D17,0,24.995,0,0,0,0,0
logistic,train,SE06/D17_SE06_R02.txt,D17,0,25.0,0,0,0,0,0
logistic,train,SE06/D17_SE06_R03.txt,D17,0,25.0,0,0,0,0,0
logistic,train,SE06/D17_SE06_R04.txt,D17,0,25.0,0,0,0,0,0
logistic,train,SE06/D17_SE06_R05.txt,D17,0,25.0,0,0,0,0,0
logistic,train,SE06/D18_SE06_R01.txt,D18,0,12.0,0,0,0,0,0
logistic,train,SE06/D18_SE06_R02.txt,D18,0,12.0,0,0,0,0,0
logistic,train,SE06/D18_SE06_R03.txt,D18,0,12.0,0,0,0,0,0
logistic,train,SE06/D18_SE06_R04.txt,D18,0,12.0,0,0,0,0,0
logistic,train,SE06/D18_SE06_R05.txt,D18,0,12.0,0,0,0,0,0
logistic,train,SE06/D19_SE06_R01.txt,D19,0,12.0,0,0,0,0,0
logistic,train,SE06/D19_SE06_R02.txt,D19,0,12.0,0,0,0,0,0
logistic,train,SE06/D19_SE06_R03.txt,D19,0,12.0,0,0,0,0,0
logistic,train,SE06/D19_SE06_R04.txt,D19,0,12.0,0,0,0,0,0
logistic,train,SE06/D19_SE06_R05.txt,D19,0,12.0,0,0,0,0,0
logistic,train,SE06/F01_SE06_R01.txt,F01,1,15.0,1,0,0,0,1
logistic,train,SE06/F01_SE06_R02.txt,F01,1,15.0,1,1,1,0,0
logistic,train,SE06/F01_SE06_R03.txt,F01,1,15.0,1,0,0,0,1
logistic,train,SE06/F01_SE06_R04.txt,F01,1,15.0,1,1,1,0,0
logistic,train,SE06/F01_SE06_R05.txt,F01,1,15.0,1,0,0,0,1
logistic,train,SE06/F02_SE06_R01.txt,F02,1,15.0,1,1,1,0,0
logistic,train,SE06/F02_SE06_R02.txt,F02,1,15.0,1,1,1,0,0
logistic,train,SE06/F02_SE06_R03.txt,F02,1,15.0,1,1,1,0,0
logistic,train,SE06/F02_SE06_R04.txt,F02,1,15.0,1,2,1,0,0
logistic,train,SE06/F02_SE06_R05.txt,F02,1,15.0,1,0,0,0,1
logistic,train,SE06/F03_SE06_R01.txt,F03,1,15.0,1,1,1,0,0
logistic,train,SE06/F03_SE06_R02.txt,F03,1,15.0,1,1,1,0,0
logistic,train,SE06/F03_SE06_R03.txt,F03,1,15.0,1,1,1,0,0
logistic,train,SE06/F03_SE06_R04.txt,F03,1,15.0,1,1,1,0,0
logistic,train,SE06/F03_SE06_R05.txt,F03,1,15.0,1,1,1,0,0
logistic,train,SE06/F04_SE06_R01.txt,F04,1,15.0,1,1,1,0,0
logistic,train,SE06/F04_SE06_R02.txt,F04,1,15.0,1,0,0,0,1
logistic,train,SE06/F04_SE06_R03.txt,F04,1,15.0,1,1,1,0,0
logistic,train,SE06/F04_SE06_R04.txt,F04,1,15.0,1,1,1,0,0
logistic,train,SE06/F04_SE06_R05.txt,F04,1,15.0,1,1,1,0,0
logistic,train,SE06/F05_SE06_R01.txt,F05,1,15.0,1,1,1,0,0
logistic,train,SE06/F05_SE06_R02.txt,F05,1,15.0,1,2,1,0,0
logistic,train,SE06/F05_SE06_R03.txt,F05,1,15.0,1,1,1,0,0
logistic,train,SE06/F05_SE06_R04.txt,F05,1,15.0,1,1,1,0,0
logistic,train,SE06/F05_SE06_R05.txt,F05,1,15.0,1,1,1,0,0
logistic,train,SE06/F06_SE06_R01.txt,F06,1,14.995,1,1,1,0,0
logistic,train,SE06/F06_SE06_R02.txt,F06,1,15.0,1,1,1,0,0
logistic,train,SE06/F06_SE06_R03.txt,F06,1,15.0,1,1,1,0,0
logistic,train,SE06/F06_SE06_R04.txt,F06,1,15.0,1,1,1,0,0
logistic,train,SE06/F06_SE06_R05.txt,F06,1,15.0,1,1,1,0,0
logistic,train,SE06/F07_SE06_R01.txt,F07,1,15.0,1,1,1,0,0
logistic,train,SE06/F07_SE06_R02.txt,F07,1,15.0,1,1,1,0,0
logistic,train,SE06/F07_SE06_R03.txt,F07,1,15.0,1,1,1,0,0
logistic,train,SE06/F07_SE06_R04.txt,F07,1,15.0,1,0,0,0,1
logistic,train,SE06/F07_SE06_R05.txt,F07,1,14.995,1,0,0,0,1
logistic,train,SE06/F08_SE06_R01.txt,F08,1,15.0,1,1,1,0,0
logistic,train,SE06/F08_SE06_R02.txt,F08,1,15.0,1,1,1,0,0
logistic,train,SE06/F08_SE06_R03.txt,F08,1,15.0,1,0,0,0,1
logistic,train,SE06/F08_SE06_R04.txt,F08,1,15.0,1,1,1,0,0
logistic,train,SE06/F08_SE06_R05.txt,F08,1,15.0,1,1,1,0,0
logistic,train,SE06/F09_SE06_R01.txt,F09,1,14.995,1,1,1,0,0
logistic,train,SE06/F09_SE06_R02.txt,F09,1,15.0,1,1,1,0,0
logistic,train,SE06/F09_SE06_R03.txt,F09,1,15.0,1,1,1,0,0
logistic,train,SE06/F09_SE06_R04.txt,F09,1,15.0,1,1,1,0,0
logistic,train,SE06/F09_SE06_R05.txt,F09,1,15.0,1,1,1,0,0
logistic,train,SE06/F10_SE06_R01.txt,F10,1,15.0,1,0,0,0,1
logistic,train,SE06/F10_SE06_R02.txt,F10,1,15.0,0,0,0,1,0
logistic,train,SE06/F10_SE06_R03.txt,F10,1,15.0,1,0,0,0,1
logistic,train,SE06/F10_SE06_R04.txt,F10,1,15.0,0,0,0,1,0
logistic,train,SE06/F10_SE06_R05.txt,F10,1,15.0,1,0,0,0,1
logistic,train,SE06/F11_SE06_R01.txt,F11,1,14.995,1,1,1,0,0
logistic,train,SE06/F11_SE06_R02.txt,F11,1,15.0,1,2,1,0,0
logistic,train,SE06/F11_SE06_R03.txt,F11,1,15.0,1,1,1,0,0
logistic,train,SE06/F11_SE06_R04.txt,F11,1,15.0,1,1,1,0,0
logistic,train,SE06/F11_SE06_R05.txt,F11,1,14.995,1,1,1,0,0
logistic,train,SE06/F12_SE06_R01.txt,F12,1,15.0,1,1,1,0,0
logistic,train,SE06/F12_SE06_R02.txt,F12,1,15.0,1,0,0,0,1
logistic,train,SE06/F12_SE06_R03.txt,F12,1,15.0,1,1,1,0,0
logistic,train,SE06/F12_SE06_R04.txt,F12,1,15.0,1,1,1,0,0
logistic,train,SE06/F12_SE06_R05.txt,F12,1,15.0,1,1,1,0,0
logistic,train,SE06/F13_SE06_R01.txt,F13,1,15.0,1,0,0,0,1
logistic,train,SE06/F13_SE06_R02.txt,F13,1,14.995,1,0,0,0,1
logistic,train,SE06/F13_SE06_R03.txt,F13,1,15.0,1,1,1,0,0
logistic,train,SE06/F13_SE06_R04.txt,F13,1,15.0,1,0,0,0,1
logistic,train,SE06/F13_SE06_R05.txt,F13,1,15.0,1,0,0,0,1
logistic,train,SE06/F14_SE06_R01.txt,F14,1,15.0,1,1,1,0,0
logistic,train,SE06/F14_SE06_R02.txt,F14,1,15.0,1,1,1,0,0
logistic,train,SE06/F14_SE06_R03.txt,F14,1,15.0,1,1,1,0,0
logistic,train,SE06/F14_SE06_R04.txt,F14,1,15.0,1,1,1,0,0
logistic,train,SE06/F14_SE06_R05.txt,F14,1,15.0,1,1,1,0,0
logistic,train,SE06/F15_SE06_R01.txt,F15,1,15.0,1,1,1,0,0
logistic,train,SE06/F15_SE06_R02.txt,F15,1,15.0,1,1,1,0,0
logistic,train,SE06/F15_SE06_R03.txt,F15,1,15.0,1,1,1,0,0
logistic,train,SE06/F15_SE06_R04.txt,F15,1,15.0,1,1,1,0,0
logistic,train,SE06/F15_SE06_R05.txt,F15,1,15.0,1,1,1,0,0
logistic,train,SE07/D01_SE07_R01.txt,D01,0,99.995,0,0,0,0,0
logistic,train,SE07/D02_SE07_R01.txt,D02,0,99.995,0,0,0,0,0
logistic,train,SE07/D03_SE07_R01.txt,D03,0,99.975,0,0,0,0,0
logistic,train,SE07/D04_SE07_R01.txt,D04,0,99.985,0,0,0,0,0
logistic,train,SE07/D05_SE07_R01.txt,D05,0,24.995,0,0,0,0,0
logistic,train,SE07/D05_SE07_R02.txt,D05,0,24.995,0,0,0,0,0
logistic,train,SE07/D05_SE07_R03.txt,D05,0,24.995,0,0,0,0,0
logistic,train,SE07/D05_SE07_R04.txt,D05,0,24.995,0,0,0,0,0
logistic,train,SE07/D05_SE07_R05.txt,D05,0,24.995,0,0,0,0,0
logistic,train,SE07/D07_SE07_R01.txt,D07,0,12.0,0,0,0,0,0
logistic,train,SE07/D07_SE07_R02.txt,D07,0,12.0,0,0,0,0,0
logistic,train,SE07/D07_SE07_R03.txt,D07,0,12.0,0,0,0,0,0
logistic,train,SE07/D07_SE07_R04.txt,D07,0,12.0,0,0,0,0,0
logistic,train,SE07/D07_SE07_R05.txt,D07,0,12.0,0,0,0,0,0
logistic,train,SE07/D08_SE07_R01.txt,D08,0,12.0,0,0,0,0,0
logistic,train,SE07/D08_SE07_R02.txt,D08,0,12.0,0,0,0,0,0
logistic,train,SE07/D08_SE07_R03.txt,D08,0,11.995,0,0,0,0,0
logistic,train,SE07/D08_SE07_R04.txt,D08,0,12.0,0,0,0,0,0
logistic,train,SE07/D08_SE07_R05.txt,D08,0,12.0,0,0,0,0,0
logistic,train,SE07/D09_SE07_R01.txt,D09,0,12.0,0,0,0,0,0
logistic,train,SE07/D09_SE07_R02.txt,D09,0,12.0,0,0,0,0,0
logistic,train,SE07/D09_SE07_R03.txt,D09,0,12.0,0,0,0,0,0
logistic,train,SE07/D09_SE07_R04.txt,D09,0,12.0,0,0,0,0,0
logistic,train,SE07/D09_SE07_R05.txt,D09,0,12.0,0,0,0,0,0
logistic,train,SE07/D10_SE07_R01.txt,D10,0,12.0,0,0,0,0,0
logistic,train,SE07/D10_SE07_R02.txt,D10,0,12.0,0,0,0,0,0
logistic,train,SE07/D10_SE07_R03.txt,D10,0,12.0,0,0,0,0,0
logistic,train,SE07/D10_SE07_R04.txt,D10,0,12.0,0,0,0,0,0
logistic,train,SE07/D10_SE07_R05.txt,D10,0,12.0,0,0,0,0,0
logistic,train,SE07/D11_SE07_R01.txt,D11,0,12.0,0,0,0,0,0
logistic,train,SE07/D11_SE07_R02.txt,D11,0,12.0,0,0,0,0,0
logistic,train,SE07/D11_SE07_R03.txt,D11,0,12.0,0,0,0,0,0
logistic,train,SE07/D11_SE07_R04.txt,D11,0,12.0,0,0,0,0,0
logistic,train,SE07/D11_SE07_R05.txt,D11,0,12.0,0,0,0,0,0
logistic,train,SE07/D12_SE07_R01.txt,D12,0,12.0,0,0,0,0,0
logistic,train,SE07/D12_SE07_R02.txt,D12,0,12.0,0,0,0,0,0
logistic,train,SE07/D12_SE07_R03.txt,D12,0,12.0,0,0,0,0,0
logistic,train,SE07/D12_SE07_R04.txt,D12,0,12.0,0,0,0,0,0
logistic,train,SE07/D12_SE07_R05.txt,D12,0,12.0,0,0,0,0,0
logistic,train,SE07/D14_SE07_R01.txt,D14,0,12.0,0,0,0,0,0
logistic,train,SE07/D14_SE07_R02.txt,D14,0,12.0,0,0,0,0,0
logistic,train,SE07/D14_SE07_R03.txt,D14,0,12.0,0,0,0,0,0
logistic,train,SE07/D14_SE07_R04.txt,D14,0,12.0,0,0,0,0,0
logistic,train,SE07/D14_SE07_R05.txt,D14,0,12.0,0,0,0,0,0
logistic,train,SE07/D15_SE07_R01.txt,D15,0,12.0,0,0,0,0,0
logistic,train,SE07/D15_SE07_R02.txt,D15,0,12.0,0,0,0,0,0
logistic,train,SE07/D15_SE07_R03.txt,D15,0,12.0,0,0,0,0,0
logistic,train,SE07/D15_SE07_R04.txt,D15,0,12.0,0,0,0,0,0
logistic,train,SE07/D15_SE07_R05.txt,D15,0,12.0,0,0,0,0,0
logistic,train,SE07/D16_SE07_R01.txt,D16,0,12.0,0,0,0,0,0
logistic,train,SE07/D16_SE07_R02.txt,D16,0,12.0,0,0,0,0,0
logistic,train,SE07/D16_SE07_R03.txt,D16,0,12.0,0,0,0,0,0
logistic,train,SE07/D16_SE07_R04.txt,D16,0,12.0,0,0,0,0,0
logistic,train,SE07/D16_SE07_R05.txt,D16,0,12.0,0,0,0,0,0
logistic,train,SE07/D17_SE07_R01.txt,D17,0,24.995,0,0,0,0,0
logistic,train,SE07/D17_SE07_R02.txt,D17,0,24.995,0,0,0,0,0
logistic,train,SE07/D17_SE07_R03.txt,D17,0,24.995,0,0,0,0,0
logistic,train,SE07/D17_SE07_R04.txt,D17,0,24.995,0,0,0,0,0
logistic,train,SE07/D17_SE07_R05.txt,D17,0,24.995,0,0,0,0,0
logistic,train,SE10/D01_SE10_R01.txt,D01,0,99.995,0,0,0,0,0
logistic,train,SE10/D02_SE10_R01.txt,D02,0,100.0,0,0,0,0,0
logistic,train,SE10/D03_SE10_R01.txt,D03,0,100.0,0,0,0,0,0
logistic,train,SE10/D04_SE10_R01.txt,D04,0,100.0,0,0,0,0,0
logistic,train,SE10/D05_SE10_R01.txt,D05,0,25.0,0,0,0,0,0
logistic,train,SE10/D05_SE10_R02.txt,D05,0,25.0,0,0,0,0,0
logistic,train,SE10/D05_SE10_R03.txt,D05,0,25.0,0,0,0,0,0
logistic,train,SE10/D05_SE10_R04.txt,D05,0,25.0,0,0,0,0,0
logistic,train,SE10/D05_SE10_R05.txt,D05,0,25.0,0,0,0,0,0
logistic,train,SE10/D07_SE10_R01.txt,D07,0,12.0,0,0,0,0,0
logistic,train,SE10/D07_SE10_R02.txt,D07,0,11.995,0,0,0,0,0
logistic,train,SE10/D07_SE10_R03.txt,D07,0,12.0,0,0,0,0,0
logistic,train,SE10/D07_SE10_R04.txt,D07,0,12.0,0,0,0,0,0
logistic,train,SE10/D07_SE10_R05.txt,D07,0,12.0,0,0,0,0,0
logistic,train,SE10/D08_SE10_R01.txt,D08,0,12.0,0,0,0,0,0
logistic,train,SE10/D08_SE10_R02.txt,D08,0,12.0,0,0,0,0,0
logistic,train,SE10/D08_SE10_R03.txt,D08,0,12.0,0,0,0,0,0
logistic,train,SE10/D08_SE10_R04.txt,D08,0,12.0,0,0,0,0,0
logistic,train,SE10/D08_SE10_R05.txt,D08,0,12.0,0,0,0,0,0
logistic,train,SE10/D09_SE10_R01.txt,D09,0,12.0,0,0,0,0,0
logistic,train,SE10/D09_SE10_R02.txt,D09,0,12.0,0,0,0,0,0
logistic,train,SE10/D09_SE10_R03.txt,D09,0,12.0,0,0,0,0,0
logistic,train,SE10/D09_SE10_R04.txt,D09,0,12.0,0,0,0,0,0
logistic,train,SE10/D09_SE10_R05.txt,D09,0,12.0,0,0,0,0,0
logistic,train,SE10/D10_SE10_R01.txt,D10,0,12.0,0,0,0,0,0
logistic,train,SE10/D10_SE10_R02.txt,D10,0,12.0,0,0,0,0,0
logistic,train,SE10/D10_SE10_R03.txt,D10,0,12.0,0,0,0,0,0
logistic,train,SE10/D10_SE10_R04.txt,D10,0,12.0,0,0,0,0,0
logistic,train,SE10/D10_SE10_R05.txt,D10,0,12.0,0,0,0,0,0
logistic,train,SE10/D11_SE10_R01.txt,D11,0,11.995,0,0,0,0,0
logistic,train,SE10/D11_SE10_R02.txt,D11,0,12.0,0,0,0,0,0
logistic,train,SE10/D11_SE10_R03.txt,D11,0,12.0,0,0,0,0,0
logistic,train,SE10/D11_SE10_R04.txt,D11,0,12.0,0,0,0,0,0
logistic,train,SE10/D11_SE10_R05.txt,D11,0,12.0,0,0,0,0,0
logistic,train,SE10/D12_SE10_R01.txt,D12,0,12.0,0,0,0,0,0
logistic,train,SE10/D12_SE10_R02.txt,D12,0,12.0,0,0,0,0,0
logistic,train,SE10/D12_SE10_R03.txt,D12,0,12.0,0,0,0,0,0
logistic,train,SE10/D12_SE10_R04.txt,D12,0,12.0,0,0,0,0,0
logistic,train,SE10/D12_SE10_R05.txt,D12,0,12.0,0,0,0,0,0
logistic,train,SE10/D14_SE10_R01.txt,D14,0,12.0,0,0,0,0,0
logistic,train,SE10/D14_SE10_R02.txt,D14,0,12.0,0,0,0,0,0
logistic,train,SE10/D14_SE10_R03.txt,D14,0,12.0,0,0,0,0,0
logistic,train,SE10/D14_SE10_R04.txt,D14,0,12.0,0,0,0,0,0
logistic,train,SE10/D14_SE10_R05.txt,D14,0,12.0,0,0,0,0,0
logistic,train,SE10/D15_SE10_R01.txt,D15,0,12.0,0,0,0,0,0
logistic,train,SE10/D15_SE10_R02.txt,D15,0,12.0,0,0,0,0,0
logistic,train,SE10/D15_SE10_R03.txt,D15,0,12.0,0,0,0,0,0
logistic,train,SE10/D15_SE10_R04.txt,D15,0,12.0,0,0,0,0,0
logistic,train,SE10/D15_SE10_R05.txt,D15,0,12.0,0,0,0,0,0
logistic,train,SE10/D16_SE10_R01.txt,D16,0,11.995,0,0,0,0,0
logistic,train,SE10/D16_SE10_R02.txt,D16,0,12.0,0,0,0,0,0
logistic,train,SE10/D16_SE10_R03.txt,D16,0,12.0,0,0,0,0,0
logistic,train,SE10/D16_SE10_R04.txt,D16,0,12.0,0,0,0,0,0
logistic,train,SE10/D16_SE10_R05.txt,D16,0,12.0,0,0,0,0,0
logistic,train,SE10/D17_SE10_R01.txt,D17,0,25.0,0,0,0,0,0
logistic,train,SE10/D17_SE10_R02.txt,D17,0,25.0,0,0,0,0,0
logistic,train,SE10/D17_SE10_R03.txt,D17,0,25.0,0,0,0,0,0
logistic,train,SE10/D17_SE10_R04.txt,D17,0,25.0,0,0,0,0,0
logistic,train,SE10/D17_SE10_R05.txt,D17,0,25.0,0,0,0,0,0
logistic,train,SE12/D01_SE12_R01.txt,D01,0,99.99,0,0,0,0,0
logistic,train,SE12/D02_SE12_R01.txt,D02,0,100.0,0,0,0,0,0
logistic,train,SE12/D03_SE12_R01.txt,D03,0,100.0,0,0,0,0,0
logistic,train,SE12/D04_SE12_R01.txt,D04,0,99.98,0,0,0,0,0
logistic,train,SE12/D05_SE12_R01.txt,D05,0,25.0,0,0,0,0,0
logistic,train,SE12/D05_SE12_R02.txt,D05,0,24.965,0,0,0,0,0
logistic,train,SE12/D05_SE12_R03.txt,D05,0,25.0,0,0,0,0,0
logistic,train,SE12/D05_SE12_R04.txt,D05,0,25.0,0,0,0,0,0
logistic,train,SE12/D05_SE12_R05.txt,D05,0,25.0,0,0,0,0,0
logistic,train,SE12/D07_SE12_R01.txt,D07,0,11.995,0,0,0,0,0
logistic,train,SE12/D07_SE12_R02.txt,D07,0,12.0,0,0,0,0,0
logistic,train,SE12/D07_SE12_R03.txt,D07,0,12.0,0,0,0,0,0
logistic,train,SE12/D07_SE12_R04.txt,D07,0,12.0,0,0,0,0,0
logistic,train,SE12/D07_SE12_R05.txt,D07,0,12.0,0,0,0,0,0
logistic,train,SE12/D08_SE12_R01.txt,D08,0,12.0,0,0,0,0,0
logistic,train,SE12/D08_SE12_R02.txt,D08,0,12.0,0,0,0,0,0
logistic,train,SE12/D08_SE12_R03.txt,D08,0,12.0,0,0,0,0,0
logistic,train,SE12/D08_SE12_R04.txt,D08,0,12.0,0,0,0,0,0
logistic,train,SE12/D08_SE12_R05.txt,D08,0,12.0,0,0,0,0,0
logistic,train,SE12/D09_SE12_R01.txt,D09,0,12.0,0,0,0,0,0
logistic,train,SE12/D09_SE12_R02.txt,D09,0,12.0,0,0,0,0,0
logistic,train,SE12/D09_SE12_R03.txt,D09,0,12.0,0,0,0,0,0
logistic,train,SE12/D09_SE12_R04.txt,D09,0,12.0,0,0,0,0,0
logistic,train,SE12/D09_SE12_R05.txt,D09,0,12.0,0,0,0,0,0
logistic,train,SE12/D10_SE12_R01.txt,D10,0,12.0,0,0,0,0,0
logistic,train,SE12/D10_SE12_R02.txt,D10,0,12.0,0,0,0,0,0
logistic,train,SE12/D10_SE12_R03.txt,D10,0,12.0,0,0,0,0,0
logistic,train,SE12/D10_SE12_R04.txt,D10,0,12.0,0,0,0,0,0
logistic,train,SE12/D10_SE12_R05.txt,D10,0,12.0,0,0,0,0,0
logistic,train,SE12/D11_SE12_R01.txt,D11,0,11.995,0,0,0,0,0
logistic,train,SE12/D11_SE12_R02.txt,D11,0,12.0,0,0,0,0,0
logistic,train,SE12/D11_SE12_R03.txt,D11,0,12.0,0,0,0,0,0
logistic,train,SE12/D11_SE12_R04.txt,D11,0,12.0,0,0,0,0,0
logistic,train,SE12/D11_SE12_R05.txt,D11,0,12.0,0,0,0,0,0
logistic,train,SE12/D12_SE12_R01.txt,D12,0,11.995,0,0,0,0,0
logistic,train,SE12/D12_SE12_R02.txt,D12,0,12.0,0,0,0,0,0
logistic,train,SE12/D12_SE12_R03.txt,D12,0,12.0,0,0,0,0,0
logistic,train,SE12/D12_SE12_R04.txt,D12,0,12.0,0,0,0,0,0
logistic,train,SE12/D12_SE12_R05.txt,D12,0,12.0,0,0,0,0,0
logistic,train,SE12/D14_SE12_R01.txt,D14,0,12.0,0,0,0,0,0
logistic,train,SE12/D14_SE12_R02.txt,D14,0,12.0,0,0,0,0,0
logistic,train,SE12/D14_SE12_R03.txt,D14,0,12.0,0,0,0,0,0
logistic,train,SE12/D14_SE12_R04.txt,D14,0,12.0,0,0,0,0,0
logistic,train,SE12/D14_SE12_R05.txt,D14,0,12.0,0,0,0,0,0
logistic,train,SE12/D15_SE12_R01.txt,D15,0,12.0,0,0,0,0,0
logistic,train,SE12/D15_SE12_R02.txt,D15,0,12.0,0,0,0,0,0
logistic,train,SE12/D15_SE12_R03.txt,D15,0,12.0,0,0,0,0,0
logistic,train,SE12/D15_SE12_R04.txt,D15,0,12.0,0,0,0,0,0
logistic,train,SE12/D15_SE12_R05.txt,D15,0,12.0,0,0,0,0,0
logistic,train,SE12/D16_SE12_R01.txt,D16,0,11.995,0,0,0,0,0
logistic,train,SE12/D16_SE12_R02.txt,D16,0,12.0,0,0,0,0,0
logistic,train,SE12/D16_SE12_R03.txt,D16,0,11.99,0,0,0,0,0
logistic,train,SE12/D16_SE12_R04.txt,D16,0,12.0,0,0,0,0,0
logistic,train,SE12/D16_SE12_R05.txt,D16,0,12.0,0,0,0,0,0
logistic,train,SE12/D17_SE12_R01.txt,D17,0,25.0,0,0,0,0,0
logistic,train,SE12/D17_SE12_R02.txt,D17,0,25.0,0,0,0,0,0
logistic,train,SE12/D17_SE12_R03.txt,D17,0,24.985,0,0,0,0,0
logistic,train,SE12/D17_SE12_R04.txt,D17,0,25.0,0,0,0,0,0
logistic,train,SE12/D17_SE12_R05.txt,D17,0,25.0,0,0,0,0,0
logistic,train,SE14/D01_SE14_R01.txt,D01,0,99.995,0,0,0,0,0
logistic,train,SE14/D02_SE14_R01.txt,D02,0,100.0,0,0,0,0,0
logistic,train,SE14/D03_SE14_R01.txt,D03,0,99.95,0,0,0,0,0
logistic,train,SE14/D04_SE14_R01.txt,D04,0,99.975,0,0,0,0,0
logistic,train,SE14/D05_SE14_R01.txt,D05,0,25.0,0,0,0,0,0
logistic,train,SE14/D05_SE14_R02.txt,D05,0,25.0,0,0,0,0,0
logistic,train,SE14/D05_SE14_R03.txt,D05,0,25.0,0,0,0,0,0
logistic,train,SE14/D05_SE14_R04.txt,D05,0,25.0,0,0,0,0,0
logistic,train,SE14/D05_SE14_R05.txt,D05,0,25.0,0,0,0,0,0
logistic,train,SE14/D07_SE14_R01.txt,D07,0,11.995,0,0,0,0,0
logistic,train,SE14/D07_SE14_R02.txt,D07,0,12.0,0,0,0,0,0
logistic,train,SE14/D07_SE14_R03.txt,D07,0,12.0,0,0,0,0,0
logistic,train,SE14/D07_SE14_R05.txt,D07,0,12.0,0,0,0,0,0
logistic,train,SE14/D07_SE14_R06.txt,D07,0,12.0,0,0,0,0,0
logistic,train,SE14/D08_SE14_R01.txt,D08,0,12.0,0,0,0,0,0
logistic,train,SE14/D08_SE14_R02.txt,D08,0,12.0,0,0,0,0,0
logistic,train,SE14/D08_SE14_R03.txt,D08,0,12.0,0,0,0,0,0
logistic,train,SE14/D08_SE14_R04.txt,D08,0,12.0,0,0,0,0,0
logistic,train,SE14/D08_SE14_R05.txt,D08,0,12.0,0,0,0,0,0
logistic,train,SE14/D09_SE14_R01.txt,D09,0,12.0,0,0,0,0,0
logistic,train,SE14/D09_SE14_R02.txt,D09,0,12.0,0,0,0,0,0
logistic,train,SE14/D09_SE14_R03.txt,D09,0,12.0,0,0,0,0,0
logistic,train,SE14/D09_SE14_R04.txt,D09,0,12.0,0,0,0,0,0
logistic,train,SE14/D09_SE14_R05.txt,D09,0,12.0,0,0,0,0,0
logistic,train,SE14/D10_SE14_R01.txt,D10,0,12.0,0,0,0,0,0
logistic,train,SE14/D10_SE14_R02.txt,D10,0,12.0,0,0,0,0,0
logistic,train,SE14/D10_SE14_R03.txt,D10,0,12.0,0,0,0,0,0
logistic,train,SE14/D10_SE14_R04.txt,D10,0,12.0,0,0,0,0,0
logistic,train,SE14/D10_SE14_R05.txt,D10,0,12.0,0,0,0,0,0
logistic,train,SE14/D11_SE14_R01.txt,D11,0,11.995,0,0,0,0,0
logistic,train,SE14/D11_SE14_R02.txt,D11,0,12.0,0,0,0,0,0
logistic,train,SE14/D11_SE14_R03.txt,D11,0,12.0,0,0,0,0,0
logistic,train,SE14/D11_SE14_R04.txt,D11,0,12.0,0,0,0,0,0
logistic,train,SE14/D11_SE14_R05.txt,D11,0,12.0,0,0,0,0,0
logistic,train,SE14/D12_SE14_R01.txt,D12,0,12.0,0,0,0,0,0
logistic,train,SE14/D12_SE14_R02.txt,D12,0,12.0,0,0,0,0,0
logistic,train,SE14/D12_SE14_R03.txt,D12,0,12.0,0,0,0,0,0
logistic,train,SE14/D12_SE14_R04.txt,D12,0,12.0,0,0,0,0,0
logistic,train,SE14/D12_SE14_R05.txt,D12,0,12.0,0,0,0,0,0
logistic,train,SE14/D14_SE14_R01.txt,D14,0,12.0,0,0,0,0,0
logistic,train,SE14/D14_SE14_R02.txt,D14,0,12.0,0,0,0,0,0
logistic,train,SE14/D14_SE14_R03.txt,D14,0,11.995,0,0,0,0,0
logistic,train,SE14/D14_SE14_R04.txt,D14,0,12.0,0,0,0,0,0
logistic,train,SE14/D14_SE14_R05.txt,D14,0,12.0,0,0,0,0,0
logistic,train,SE14/D15_SE14_R01.txt,D15,0,12.0,0,0,0,0,0
logistic,train,SE14/D15_SE14_R02.txt,D15,0,12.0,0,0,0,0,0
logistic,train,SE14/D15_SE14_R03.txt,D15,0,12.0,0,0,0,0,0
logistic,train,SE14/D15_SE14_R04.txt,D15,0,11.97,0,0,0,0,0
logistic,train,SE14/D15_SE14_R05.txt,D15,0,12.0,0,0,0,0,0
logistic,train,SE14/D16_SE14_R01.txt,D16,0,12.0,0,0,0,0,0
logistic,train,SE14/D16_SE14_R02.txt,D16,0,12.0,0,0,0,0,0
logistic,train,SE14/D16_SE14_R03.txt,D16,0,12.0,0,0,0,0,0
logistic,train,SE14/D16_SE14_R04.txt,D16,0,12.0,0,0,0,0,0
logistic,train,SE14/D16_SE14_R05.txt,D16,0,12.0,0,0,0,0,0
logistic,train,SE14/D17_SE14_R01.txt,D17,0,25.0,0,0,0,0,0
logistic,train,SE14/D17_SE14_R02.txt,D17,0,25.0,0,0,0,0,0
logistic,train,SE14/D17_SE14_R03.txt,D17,0,25.0,0,0,0,0,0
logistic,train,SE14/D17_SE14_R04.txt,D17,0,25.0,0,0,0,0,0
logistic,train,SE14/D17_SE14_R05.txt,D17,0,25.0,0,0,0,0,0
logistic,train,SE15/D01_SE15_R01.txt,D01,0,99.995,0,0,0,0,0
logistic,train,SE15/D02_SE15_R01.txt,D02,0,100.0,0,0,0,0,0
logistic,train,SE15/D03_SE15_R01.txt,D03,0,100.0,0,0,0,0,0
logistic,train,SE15/D05_SE15_R01.txt,D05,0,25.0,0,0,0,0,0
logistic,train,SE15/D05_SE15_R02.txt,D05,0,25.0,0,0,0,0,0
logistic,train,SE15/D05_SE15_R03.txt,D05,0,25.0,0,0,0,0,0
logistic,train,SE15/D05_SE15_R04.txt,D05,0,25.0,0,0,0,0,0
logistic,train,SE15/D05_SE15_R05.txt,D05,0,25.0,0,0,0,0,0
logistic,train,SE15/D07_SE15_R01.txt,D07,0,11.995,0,0,0,0,0
logistic,train,SE15/D07_SE15_R02.txt,D07,0,12.0,0,0,0,0,0
logistic,train,SE15/D07_SE15_R03.txt,D07,0,12.0,0,0,0,0,0
logistic,train,SE15/D07_SE15_R04.txt,D07,0,12.0,0,0,0,0,0
logistic,train,SE15/D07_SE15_R05.txt,D07,0,12.0,0,0,0,0,0
logistic,train,SE15/D08_SE15_R01.txt,D08,0,12.0,0,0,0,0,0
logistic,train,SE15/D08_SE15_R02.txt,D08,0,12.0,0,0,0,0,0
logistic,train,SE15/D08_SE15_R03.txt,D08,0,12.0,0,0,0,0,0
logistic,train,SE15/D08_SE15_R04.txt,D08,0,12.0,0,0,0,0,0
logistic,train,SE15/D08_SE15_R05.txt,D08,0,12.0,0,0,0,0,0
logistic,train,SE15/D09_SE15_R01.txt,D09,0,12.0,0,0,0,0,0
logistic,train,SE15/D09_SE15_R02.txt,D09,0,12.0,0,0,0,0,0
logistic,train,SE15/D09_SE15_R03.txt,D09,0,12.0,0,0,0,0,0
logistic,train,SE15/D09_SE15_R04.txt,D09,0,12.0,0,0,0,0,0
logistic,train,SE15/D09_SE15_R05.txt,D09,0,12.0,0,0,0,0,0
logistic,train,SE15/D10_SE15_R01.txt,D10,0,12.0,0,0,0,0,0
logistic,train,SE15/D10_SE15_R02.txt,D10,0,12.0,0,0,0,0,0
logistic,train,SE15/D10_SE15_R03.txt,D10,0,12.0,0,0,0,0,0
logistic,train,SE15/D10_SE15_R04.txt,D10,0,12.0,0,0,0,0,0
logistic,train,SE15/D10_SE15_R05.txt,D10,0,12.0,0,0,0,0,0
logistic,train,SE15/D11_SE15_R01.txt,D11,0,12.0,0,0,0,0,0
logistic,train,SE15/D11_SE15_R02.txt,D11,0,12.0,0,0,0,0,0
logistic,train,SE15/D11_SE15_R03.txt,D11,0,12.0,0,0,0,0,0
logistic,train,SE15/D11_SE15_R04.txt,D11,0,12.0,0,0,0,0,0
logistic,train,SE15/D11_SE15_R05.txt,D11,0,12.0,0,0,0,0,0
logistic,train,SE15/D12_SE15_R01.txt,D12,0,11.995,0,0,0,0,0
logistic,train,SE15/D12_SE15_R02.txt,D12,0,12.0,0,0,0,0,0
logistic,train,SE15/D12_SE15_R03.txt,D12,0,12.0,0,0,0,0,0
logistic,train,SE15/D12_SE15_R04.txt,D12,0,12.0,0,0,0,0,0
logistic,train,SE15/D12_SE15_R05.txt,D12,0,12.0,0,0,0,0,0
logistic,train,SE15/D14_SE15_R01.txt,D14,0,12.0,0,0,0,0,0
logistic,train,SE15/D14_SE15_R02.txt,D14,0,12.0,0,0,0,0,0
logistic,train,SE15/D14_SE15_R03.txt,D14,0,12.0,0,0,0,0,0
logistic,train,SE15/D14_SE15_R04.txt,D14,0,12.0,0,0,0,0,0
logistic,train,SE15/D14_SE15_R05.txt,D14,0,12.0,0,0,0,0,0
logistic,train,SE15/D15_SE15_R01.txt,D15,0,12.0,0,0,0,0,0
logistic,train,SE15/D15_SE15_R02.txt,D15,0,12.0,0,0,0,0,0
logistic,train,SE15/D15_SE15_R03.txt,D15,0,12.0,0,0,0,0,0
logistic,train,SE15/D15_SE15_R04.txt,D15,0,12.0,0,0,0,0,0
logistic,train,SE15/D15_SE15_R05.txt,D15,0,12.0,0,0,0,0,0
logistic,train,SE15/D16_SE15_R01.txt,D16,0,11.995,0,0,0,0,0
logistic,train,SE15/D16_SE15_R02.txt,D16,0,12.0,0,0,0,0,0
logistic,train,SE15/D16_SE15_R03.txt,D16,0,12.0,0,0,0,0,0
logistic,train,SE15/D16_SE15_R04.txt,D16,0,12.0,0,0,0,0,0
logistic,train,SE15/D16_SE15_R05.txt,D16,0,12.0,0,0,0,0,0
logistic,train,SE15/D17_SE15_R01.txt,D17,0,24.995,0,0,0,0,0
logistic,train,SE15/D17_SE15_R02.txt,D17,0,25.0,0,0,0,0,0
logistic,train,SE15/D17_SE15_R03.txt,D17,0,25.0,0,0,0,0,0
logistic,train,SE15/D17_SE15_R04.txt,D17,0,25.0,0,0,0,0,0
logistic,train,SE15/D17_SE15_R05.txt,D17,0,25.0,0,0,0,0,0
logistic,validation,SA05/D01_SA05_R01.txt,D01,0,99.995,0,0,0,0,0
logistic,validation,SA05/D02_SA05_R01.txt,D02,0,99.995,0,0,0,0,0
logistic,validation,SA05/D03_SA05_R01.txt,D03,0,100.0,0,0,0,0,0
logistic,validation,SA05/D04_SA05_R01.txt,D04,0,100.0,0,0,0,0,0
logistic,validation,SA05/D05_SA05_R01.txt,D05,0,25.0,0,0,0,0,0
logistic,validation,SA05/D05_SA05_R02.txt,D05,0,25.0,0,0,0,0,0
logistic,validation,SA05/D05_SA05_R03.txt,D05,0,25.0,0,0,0,0,0
logistic,validation,SA05/D05_SA05_R04.txt,D05,0,25.0,0,0,0,0,0
logistic,validation,SA05/D05_SA05_R05.txt,D05,0,25.0,0,0,0,0,0
logistic,validation,SA05/D06_SA05_R01.txt,D06,0,24.995,0,0,0,0,0
logistic,validation,SA05/D06_SA05_R02.txt,D06,0,25.0,0,0,0,0,0
logistic,validation,SA05/D06_SA05_R03.txt,D06,0,25.0,0,0,0,0,0
logistic,validation,SA05/D06_SA05_R04.txt,D06,0,25.0,0,0,0,0,0
logistic,validation,SA05/D06_SA05_R05.txt,D06,0,25.0,0,0,0,0,0
logistic,validation,SA05/D07_SA05_R01.txt,D07,0,12.0,0,0,0,0,0
logistic,validation,SA05/D07_SA05_R02.txt,D07,0,12.0,0,0,0,0,0
logistic,validation,SA05/D07_SA05_R03.txt,D07,0,12.0,0,0,0,0,0
logistic,validation,SA05/D07_SA05_R04.txt,D07,0,12.0,0,0,0,0,0
logistic,validation,SA05/D07_SA05_R05.txt,D07,0,12.0,0,0,0,0,0
logistic,validation,SA05/D08_SA05_R01.txt,D08,0,12.0,0,0,0,0,0
logistic,validation,SA05/D08_SA05_R02.txt,D08,0,12.0,0,0,0,0,0
logistic,validation,SA05/D08_SA05_R03.txt,D08,0,12.0,0,0,0,0,0
logistic,validation,SA05/D08_SA05_R04.txt,D08,0,12.0,0,0,0,0,0
logistic,validation,SA05/D08_SA05_R05.txt,D08,0,12.0,0,0,0,0,0
logistic,validation,SA05/D09_SA05_R01.txt,D09,0,12.0,0,0,0,0,0
logistic,validation,SA05/D09_SA05_R02.txt,D09,0,12.0,0,0,0,0,0
logistic,validation,SA05/D09_SA05_R03.txt,D09,0,12.0,0,0,0,0,0
logistic,validation,SA05/D09_SA05_R04.txt,D09,0,12.0,0,0,0,0,0
logistic,validation,SA05/D09_SA05_R05.txt,D09,0,12.0,0,0,0,0,0
logistic,validation,SA05/D10_SA05_R01.txt,D10,0,12.0,0,0,0,0,0
logistic,validation,SA05/D10_SA05_R02.txt,D10,0,12.0,0,0,0,0,0
logistic,validation,SA05/D10_SA05_R03.txt,D10,0,12.0,0,0,0,0,0
logistic,validation,SA05/D10_SA05_R04.txt,D10,0,12.0,0,0,0,0,0
logistic,validation,SA05/D10_SA05_R05.txt,D10,0,12.0,0,0,0,0,0
logistic,validation,SA05/D11_SA05_R01.txt,D11,0,11.995,0,0,0,0,0
logistic,validation,SA05/D11_SA05_R02.txt,D11,0,12.0,0,0,0,0,0
logistic,validation,SA05/D11_SA05_R03.txt,D11,0,12.0,0,0,0,0,0
logistic,validation,SA05/D11_SA05_R04.txt,D11,0,12.0,0,0,0,0,0
logistic,validation,SA05/D11_SA05_R05.txt,D11,0,12.0,0,0,0,0,0
logistic,validation,SA05/D12_SA05_R01.txt,D12,0,12.0,0,0,0,0,0
logistic,validation,SA05/D12_SA05_R02.txt,D12,0,12.0,0,0,0,0,0
logistic,validation,SA05/D12_SA05_R03.txt,D12,0,12.0,0,0,0,0,0
logistic,validation,SA05/D12_SA05_R04.txt,D12,0,12.0,0,0,0,0,0
logistic,validation,SA05/D12_SA05_R05.txt,D12,0,12.0,0,0,0,0,0
logistic,validation,SA05/D13_SA05_R01.txt,D13,0,12.0,0,1,0,0,0
logistic,validation,SA05/D13_SA05_R02.txt,D13,0,12.0,0,0,0,0,0
logistic,validation,SA05/D13_SA05_R03.txt,D13,0,12.0,0,0,0,0,0
logistic,validation,SA05/D13_SA05_R04.txt,D13,0,12.0,0,0,0,0,0
logistic,validation,SA05/D13_SA05_R05.txt,D13,0,12.0,0,0,0,0,0
logistic,validation,SA05/D14_SA05_R01.txt,D14,0,12.0,0,0,0,0,0
logistic,validation,SA05/D14_SA05_R02.txt,D14,0,12.0,0,0,0,0,0
logistic,validation,SA05/D14_SA05_R03.txt,D14,0,12.0,0,0,0,0,0
logistic,validation,SA05/D14_SA05_R04.txt,D14,0,12.0,0,0,0,0,0
logistic,validation,SA05/D14_SA05_R05.txt,D14,0,12.0,0,0,0,0,0
logistic,validation,SA05/D15_SA05_R01.txt,D15,0,12.0,0,0,0,0,0
logistic,validation,SA05/D15_SA05_R02.txt,D15,0,12.0,0,0,0,0,0
logistic,validation,SA05/D15_SA05_R03.txt,D15,0,12.0,0,0,0,0,0
logistic,validation,SA05/D15_SA05_R04.txt,D15,0,12.0,0,0,0,0,0
logistic,validation,SA05/D15_SA05_R05.txt,D15,0,12.0,0,0,0,0,0
logistic,validation,SA05/D16_SA05_R01.txt,D16,0,11.995,0,0,0,0,0
logistic,validation,SA05/D16_SA05_R02.txt,D16,0,12.0,0,0,0,0,0
logistic,validation,SA05/D16_SA05_R03.txt,D16,0,12.0,0,0,0,0,0
logistic,validation,SA05/D16_SA05_R04.txt,D16,0,12.0,0,0,0,0,0
logistic,validation,SA05/D16_SA05_R05.txt,D16,0,12.0,0,0,0,0,0
logistic,validation,SA05/D17_SA05_R01.txt,D17,0,24.995,0,0,0,0,0
logistic,validation,SA05/D17_SA05_R02.txt,D17,0,25.0,0,0,0,0,0
logistic,validation,SA05/D17_SA05_R03.txt,D17,0,25.0,0,0,0,0,0
logistic,validation,SA05/D17_SA05_R04.txt,D17,0,25.0,0,0,0,0,0
logistic,validation,SA05/D17_SA05_R05.txt,D17,0,25.0,0,0,0,0,0
logistic,validation,SA05/D18_SA05_R01.txt,D18,0,12.0,0,0,0,0,0
logistic,validation,SA05/D18_SA05_R02.txt,D18,0,12.0,0,0,0,0,0
logistic,validation,SA05/D18_SA05_R03.txt,D18,0,12.0,0,0,0,0,0
logistic,validation,SA05/D18_SA05_R04.txt,D18,0,12.0,0,0,0,0,0
logistic,validation,SA05/D18_SA05_R05.txt,D18,0,12.0,0,0,0,0,0
logistic,validation,SA05/D19_SA05_R01.txt,D19,0,12.0,0,0,0,0,0
logistic,validation,SA05/D19_SA05_R02.txt,D19,0,12.0,0,0,0,0,0
logistic,validation,SA05/D19_SA05_R03.txt,D19,0,12.0,0,0,0,0,0
logistic,validation,SA05/D19_SA05_R04.txt,D19,0,12.0,0,0,0,0,0
logistic,validation,SA05/D19_SA05_R05.txt,D19,0,12.0,0,0,0,0,0
logistic,validation,SA05/F01_SA05_R01.txt,F01,1,14.995,0,0,0,1,0
logistic,validation,SA05/F01_SA05_R02.txt,F01,1,15.0,1,1,1,0,0
logistic,validation,SA05/F01_SA05_R03.txt,F01,1,15.0,1,1,1,0,0
logistic,validation,SA05/F01_SA05_R04.txt,F01,1,15.0,1,1,1,0,0
logistic,validation,SA05/F01_SA05_R05.txt,F01,1,15.0,1,0,0,0,1
logistic,validation,SA05/F02_SA05_R01.txt,F02,1,15.0,1,1,1,0,0
logistic,validation,SA05/F02_SA05_R02.txt,F02,1,15.0,1,1,1,0,0
logistic,validation,SA05/F02_SA05_R03.txt,F02,1,15.0,1,1,1,0,0
logistic,validation,SA05/F02_SA05_R04.txt,F02,1,15.0,1,1,1,0,0
logistic,validation,SA05/F02_SA05_R05.txt,F02,1,15.0,1,1,1,0,0
logistic,validation,SA05/F03_SA05_R01.txt,F03,1,15.0,1,1,1,0,0
logistic,validation,SA05/F03_SA05_R02.txt,F03,1,15.0,1,1,1,0,0
logistic,validation,SA05/F03_SA05_R03.txt,F03,1,15.0,1,1,1,0,0
logistic,validation,SA05/F03_SA05_R04.txt,F03,1,15.0,1,2,1,0,0
logistic,validation,SA05/F03_SA05_R05.txt,F03,1,15.0,1,1,1,0,0
logistic,validation,SA05/F04_SA05_R01.txt,F04,1,15.0,1,1,1,0,0
logistic,validation,SA05/F04_SA05_R02.txt,F04,1,15.0,1,1,1,0,0
logistic,validation,SA05/F04_SA05_R03.txt,F04,1,15.0,1,1,1,0,0
logistic,validation,SA05/F04_SA05_R04.txt,F04,1,15.0,1,0,0,0,1
logistic,validation,SA05/F04_SA05_R05.txt,F04,1,15.0,0,1,0,1,0
logistic,validation,SA05/F05_SA05_R01.txt,F05,1,15.0,1,1,1,0,0
logistic,validation,SA05/F05_SA05_R02.txt,F05,1,15.0,1,1,1,0,0
logistic,validation,SA05/F05_SA05_R03.txt,F05,1,15.0,1,1,1,0,0
logistic,validation,SA05/F05_SA05_R04.txt,F05,1,15.0,1,1,1,0,0
logistic,validation,SA05/F05_SA05_R05.txt,F05,1,15.0,1,1,1,0,0
logistic,validation,SA05/F06_SA05_R01.txt,F06,1,14.995,0,0,0,1,0
logistic,validation,SA05/F06_SA05_R02.txt,F06,1,15.0,1,1,1,0,0
logistic,validation,SA05/F06_SA05_R03.txt,F06,1,15.0,1,0,0,0,1
logistic,validation,SA05/F06_SA05_R04.txt,F06,1,15.0,1,1,1,0,0
logistic,validation,SA05/F06_SA05_R05.txt,F06,1,15.0,1,1,1,0,0
logistic,validation,SA05/F07_SA05_R01.txt,F07,1,15.0,1,1,1,0,0
logistic,validation,SA05/F07_SA05_R02.txt,F07,1,15.0,1,1,1,0,0
logistic,validation,SA05/F07_SA05_R03.txt,F07,1,15.0,1,1,1,0,0
logistic,validation,SA05/F07_SA05_R04.txt,F07,1,15.0,1,1,1,0,0
logistic,validation,SA05/F07_SA05_R05.txt,F07,1,15.0,1,1,1,0,0
logistic,validation,SA05/F08_SA05_R01.txt,F08,1,15.0,1,1,1,0,0
logistic,validation,SA05/F08_SA05_R02.txt,F08,1,15.0,1,1,1,0,0
logistic,validation,SA05/F08_SA05_R03.txt,F08,1,15.0,1,1,1,0,0
logistic,validation,SA05/F08_SA05_R04.txt,F08,1,15.0,1,1,1,0,0
logistic,validation,SA05/F08_SA05_R05.txt,F08,1,15.0,1,0,0,0,1
logistic,validation,SA05/F09_SA05_R01.txt,F09,1,15.0,1,1,1,0,0
logistic,validation,SA05/F09_SA05_R02.txt,F09,1,15.0,1,1,1,0,0
logistic,validation,SA05/F09_SA05_R03.txt,F09,1,15.0,1,1,1,0,0
logistic,validation,SA05/F09_SA05_R04.txt,F09,1,15.0,1,1,1,0,0
logistic,validation,SA05/F09_SA05_R05.txt,F09,1,15.0,1,1,1,0,0
logistic,validation,SA05/F10_SA05_R01.txt,F10,1,15.0,1,1,1,0,0
logistic,validation,SA05/F10_SA05_R02.txt,F10,1,15.0,1,1,1,0,0
logistic,validation,SA05/F10_SA05_R03.txt,F10,1,15.0,1,1,1,0,0
logistic,validation,SA05/F10_SA05_R04.txt,F10,1,15.0,1,1,1,0,0
logistic,validation,SA05/F10_SA05_R05.txt,F10,1,15.0,1,1,1,0,0
logistic,validation,SA05/F11_SA05_R01.txt,F11,1,15.0,1,1,1,0,0
logistic,validation,SA05/F11_SA05_R02.txt,F11,1,15.0,1,1,1,0,0
logistic,validation,SA05/F11_SA05_R03.txt,F11,1,15.0,1,1,1,0,0
logistic,validation,SA05/F11_SA05_R04.txt,F11,1,15.0,0,0,0,1,0
logistic,validation,SA05/F11_SA05_R05.txt,F11,1,15.0,1,1,1,0,0
logistic,validation,SA05/F12_SA05_R01.txt,F12,1,15.0,1,1,1,0,0
logistic,validation,SA05/F12_SA05_R02.txt,F12,1,15.0,1,1,1,0,0
logistic,validation,SA05/F12_SA05_R03.txt,F12,1,15.0,1,1,1,0,0
logistic,validation,SA05/F12_SA05_R04.txt,F12,1,15.0,1,1,1,0,0
logistic,validation,SA05/F12_SA05_R05.txt,F12,1,15.0,1,1,1,0,0
logistic,validation,SA05/F13_SA05_R01.txt,F13,1,15.0,1,1,1,0,0
logistic,validation,SA05/F13_SA05_R02.txt,F13,1,15.0,1,0,0,0,1
logistic,validation,SA05/F13_SA05_R03.txt,F13,1,15.0,1,1,1,0,0
logistic,validation,SA05/F13_SA05_R04.txt,F13,1,14.995,1,0,0,0,1
logistic,validation,SA05/F13_SA05_R05.txt,F13,1,14.995,1,0,0,0,1
logistic,validation,SA05/F14_SA05_R01.txt,F14,1,15.0,1,1,1,0,0
logistic,validation,SA05/F14_SA05_R02.txt,F14,1,15.0,1,1,1,0,0
logistic,validation,SA05/F14_SA05_R03.txt,F14,1,15.0,1,1,1,0,0
logistic,validation,SA05/F14_SA05_R04.txt,F14,1,15.0,1,1,1,0,0
logistic,validation,SA05/F14_SA05_R05.txt,F14,1,15.0,1,1,1,0,0
logistic,validation,SA05/F15_SA05_R01.txt,F15,1,15.0,1,0,0,0,1
logistic,validation,SA05/F15_SA05_R02.txt,F15,1,15.0,1,1,1,0,0
logistic,validation,SA05/F15_SA05_R03.txt,F15,1,15.0,1,0,0,0,1
logistic,validation,SA05/F15_SA05_R04.txt,F15,1,15.0,1,1,1,0,0
logistic,validation,SA05/F15_SA05_R05.txt,F15,1,15.0,1,1,1,0,0
logistic,validation,SA08/D01_SA08_R01.txt,D01,0,99.995,0,0,0,0,0
logistic,validation,SA08/D02_SA08_R01.txt,D02,0,99.995,0,0,0,0,0
logistic,validation,SA08/D03_SA08_R01.txt,D03,0,100.0,0,0,0,0,0
logistic,validation,SA08/D04_SA08_R01.txt,D04,0,100.0,0,0,0,0,0
logistic,validation,SA08/D05_SA08_R01.txt,D05,0,25.0,0,0,0,0,0
logistic,validation,SA08/D05_SA08_R02.txt,D05,0,25.0,0,0,0,0,0
logistic,validation,SA08/D05_SA08_R03.txt,D05,0,25.0,0,0,0,0,0
logistic,validation,SA08/D05_SA08_R04.txt,D05,0,25.0,0,0,0,0,0
logistic,validation,SA08/D05_SA08_R05.txt,D05,0,25.0,0,0,0,0,0
logistic,validation,SA08/D06_SA08_R01.txt,D06,0,24.995,0,0,0,0,0
logistic,validation,SA08/D06_SA08_R02.txt,D06,0,25.0,0,0,0,0,0
logistic,validation,SA08/D06_SA08_R03.txt,D06,0,25.0,0,0,0,0,0
logistic,validation,SA08/D06_SA08_R04.txt,D06,0,25.0,0,1,0,0,0
logistic,validation,SA08/D06_SA08_R05.txt,D06,0,25.0,0,0,0,0,0
logistic,validation,SA08/D07_SA08_R01.txt,D07,0,12.0,0,0,0,0,0
logistic,validation,SA08/D07_SA08_R02.txt,D07,0,12.0,0,0,0,0,0
logistic,validation,SA08/D07_SA08_R03.txt,D07,0,12.0,0,0,0,0,0
logistic,validation,SA08/D07_SA08_R04.txt,D07,0,12.0,0,0,0,0,0
logistic,validation,SA08/D07_SA08_R05.txt,D07,0,12.0,0,0,0,0,0
logistic,validation,SA08/D08_SA08_R01.txt,D08,0,12.0,0,0,0,0,0
logistic,validation,SA08/D08_SA08_R02.txt,D08,0,12.0,0,0,0,0,0
logistic,validation,SA08/D08_SA08_R03.txt,D08,0,12.0,0,0,0,0,0
logistic,validation,SA08/D08_SA08_R04.txt,D08,0,12.0,0,0,0,0,0
logistic,validation,SA08/D08_SA08_R05.txt,D08,0,12.0,0,0,0,0,0
logistic,validation,SA08/D09_SA08_R01.txt,D09,0,12.0,0,0,0,0,0
logistic,validation,SA08/D09_SA08_R02.txt,D09,0,12.0,0,0,0,0,0
logistic,validation,SA08/D09_SA08_R03.txt,D09,0,12.0,0,0,0,0,0
logistic,validation,SA08/D09_SA08_R04.txt,D09,0,11.995,0,0,0,0,0
logistic,validation,SA08/D09_SA08_R05.txt,D09,0,12.0,0,0,0,0,0
logistic,validation,SA08/D10_SA08_R01.txt,D10,0,12.0,0,0,0,0,0
logistic,validation,SA08/D10_SA08_R02.txt,D10,0,12.0,0,0,0,0,0
logistic,validation,SA08/D10_SA08_R03.txt,D10,0,12.0,0,0,0,0,0
logistic,validation,SA08/D10_SA08_R04.txt,D10,0,12.0,0,0,0,0,0
logistic,validation,SA08/D10_SA08_R05.txt,D10,0,12.0,0,0,0,0,0
logistic,validation,SA08/D11_SA08_R01.txt,D11,0,11.995,0,1,0,0,0
logistic,validation,SA08/D11_SA08_R02.txt,D11,0,12.0,0,0,0,0,0
logistic,validation,SA08/D11_SA08_R03.txt,D11,0,12.0,0,0,0,0,0
logistic,validation,SA08/D11_SA08_R04.txt,D11,0,12.0,0,0,0,0,0
logistic,validation,SA08/D11_SA08_R05.txt,D11,0,12.0,0,0,0,0,0
logistic,validation,SA08/D12_SA08_R01.txt,D12,0,12.0,0,0,0,0,0
logistic,validation,SA08/D12_SA08_R02.txt,D12,0,12.0,0,0,0,0,0
logistic,validation,SA08/D12_SA08_R03.txt,D12,0,12.0,0,0,0,0,0
logistic,validation,SA08/D12_SA08_R04.txt,D12,0,12.0,0,0,0,0,0
logistic,validation,SA08/D12_SA08_R05.txt,D12,0,12.0,0,0,0,0,0
logistic,validation,SA08/D13_SA08_R01.txt,D13,0,12.0,0,0,0,0,0
logistic,validation,SA08/D13_SA08_R02.txt,D13,0,12.0,0,0,0,0,0
logistic,validation,SA08/D13_SA08_R03.txt,D13,0,12.0,0,0,0,0,0
logistic,validation,SA08/D13_SA08_R04.txt,D13,0,12.0,0,0,0,0,0
logistic,validation,SA08/D13_SA08_R05.txt,D13,0,12.0,0,0,0,0,0
logistic,validation,SA08/D14_SA08_R01.txt,D14,0,12.0,0,0,0,0,0
logistic,validation,SA08/D14_SA08_R02.txt,D14,0,12.0,0,0,0,0,0
logistic,validation,SA08/D14_SA08_R03.txt,D14,0,12.0,0,0,0,0,0
logistic,validation,SA08/D14_SA08_R04.txt,D14,0,12.0,0,0,0,0,0
logistic,validation,SA08/D14_SA08_R05.txt,D14,0,12.0,0,0,0,0,0
logistic,validation,SA08/D15_SA08_R01.txt,D15,0,12.0,0,0,0,0,0
logistic,validation,SA08/D15_SA08_R02.txt,D15,0,12.0,0,0,0,0,0
logistic,validation,SA08/D15_SA08_R03.txt,D15,0,12.0,0,0,0,0,0
logistic,validation,SA08/D15_SA08_R04.txt,D15,0,12.0,0,0,0,0,0
logistic,validation,SA08/D15_SA08_R05.txt,D15,0,12.0,0,0,0,0,0
logistic,validation,SA08/D16_SA08_R01.txt,D16,0,11.995,0,0,0,0,0
logistic,validation,SA08/D16_SA08_R02.txt,D16,0,12.0,0,0,0,0,0
logistic,validation,SA08/D16_SA08_R03.txt,D16,0,12.0,0,0,0,0,0
logistic,validation,SA08/D16_SA08_R04.txt,D16,0,12.0,0,0,0,0,0
logistic,validation,SA08/D16_SA08_R05.txt,D16,0,12.0,0,0,0,0,0
logistic,validation,SA08/D17_SA08_R01.txt,D17,0,25.0,0,0,0,0,0
logistic,validation,SA08/D17_SA08_R02.txt,D17,0,25.0,0,0,0,0,0
logistic,validation,SA08/D17_SA08_R03.txt,D17,0,25.0,0,0,0,0,0
logistic,validation,SA08/D17_SA08_R04.txt,D17,0,25.0,0,0,0,0,0
logistic,validation,SA08/D17_SA08_R05.txt,D17,0,24.995,0,0,0,0,0
logistic,validation,SA08/D18_SA08_R01.txt,D18,0,12.0,0,0,0,0,0
logistic,validation,SA08/D18_SA08_R02.txt,D18,0,12.0,0,0,0,0,0
logistic,validation,SA08/D18_SA08_R03.txt,D18,0,12.0,0,0,0,0,0
logistic,validation,SA08/D18_SA08_R04.txt,D18,0,12.0,0,0,0,0,0
logistic,validation,SA08/D18_SA08_R05.txt,D18,0,12.0,0,0,0,0,0
logistic,validation,SA08/D19_SA08_R01.txt,D19,0,12.0,0,1,0,0,0
logistic,validation,SA08/D19_SA08_R02.txt,D19,0,12.0,0,1,0,0,0
logistic,validation,SA08/D19_SA08_R03.txt,D19,0,12.0,0,1,0,0,0
logistic,validation,SA08/D19_SA08_R04.txt,D19,0,12.0,0,2,0,0,0
logistic,validation,SA08/D19_SA08_R05.txt,D19,0,12.0,0,2,0,0,0
logistic,validation,SA08/F01_SA08_R01.txt,F01,1,14.995,1,1,1,0,0
logistic,validation,SA08/F01_SA08_R02.txt,F01,1,15.0,1,1,1,0,0
logistic,validation,SA08/F01_SA08_R03.txt,F01,1,15.0,1,1,1,0,0
logistic,validation,SA08/F01_SA08_R04.txt,F01,1,15.0,1,1,1,0,0
logistic,validation,SA08/F01_SA08_R05.txt,F01,1,15.0,1,1,1,0,0
logistic,validation,SA08/F02_SA08_R01.txt,F02,1,15.0,1,1,1,0,0
logistic,validation,SA08/F02_SA08_R02.txt,F02,1,15.0,1,1,1,0,0
logistic,validation,SA08/F02_SA08_R03.txt,F02,1,15.0,1,1,1,0,0
logistic,validation,SA08/F02_SA08_R04.txt,F02,1,15.0,1,1,1,0,0
logistic,validation,SA08/F02_SA08_R05.txt,F02,1,15.0,1,1,1,0,0
logistic,validation,SA08/F03_SA08_R01.txt,F03,1,15.0,1,1,1,0,0
logistic,validation,SA08/F03_SA08_R02.txt,F03,1,15.0,1,1,1,0,0
logistic,validation,SA08/F03_SA08_R03.txt,F03,1,15.0,1,1,1,0,0
logistic,validation,SA08/F03_SA08_R04.txt,F03,1,15.0,1,1,1,0,0
logistic,validation,SA08/F03_SA08_R05.txt,F03,1,15.0,1,1,1,0,0
logistic,validation,SA08/F04_SA08_R01.txt,F04,1,15.0,1,1,1,0,0
logistic,validation,SA08/F04_SA08_R02.txt,F04,1,15.0,1,1,1,0,0
logistic,validation,SA08/F04_SA08_R03.txt,F04,1,15.0,1,1,1,0,0
logistic,validation,SA08/F04_SA08_R04.txt,F04,1,15.0,1,1,1,0,0
logistic,validation,SA08/F04_SA08_R05.txt,F04,1,15.0,1,1,1,0,0
logistic,validation,SA08/F05_SA08_R01.txt,F05,1,15.0,1,1,1,0,0
logistic,validation,SA08/F05_SA08_R02.txt,F05,1,15.0,1,1,1,0,0
logistic,validation,SA08/F05_SA08_R03.txt,F05,1,15.0,1,0,0,0,1
logistic,validation,SA08/F05_SA08_R04.txt,F05,1,15.0,1,1,1,0,0
logistic,validation,SA08/F05_SA08_R05.txt,F05,1,15.0,1,1,1,0,0
logistic,validation,SA08/F06_SA08_R01.txt,F06,1,14.995,1,1,1,0,0
logistic,validation,SA08/F06_SA08_R02.txt,F06,1,15.0,1,1,1,0,0
logistic,validation,SA08/F06_SA08_R03.txt,F06,1,15.0,1,2,1,0,0
logistic,validation,SA08/F06_SA08_R04.txt,F06,1,15.0,1,1,1,0,0
logistic,validation,SA08/F06_SA08_R05.txt,F06,1,15.0,1,1,1,0,0
logistic,validation,SA08/F07_SA08_R01.txt,F07,1,15.0,1,1,1,0,0
logistic,validation,SA08/F07_SA08_R02.txt,F07,1,15.0,1,1,1,0,0
logistic,validation,SA08/F07_SA08_R03.txt,F07,1,15.0,1,1,1,0,0
logistic,validation,SA08/F07_SA08_R04.txt,F07,1,15.0,1,1,1,0,0
logistic,validation,SA08/F07_SA08_R05.txt,F07,1,15.0,1,1,1,0,0
logistic,validation,SA08/F08_SA08_R01.txt,F08,1,15.0,1,1,1,0,0
logistic,validation,SA08/F08_SA08_R02.txt,F08,1,15.0,1,1,1,0,0
logistic,validation,SA08/F08_SA08_R03.txt,F08,1,15.0,1,1,1,0,0
logistic,validation,SA08/F08_SA08_R04.txt,F08,1,15.0,1,1,1,0,0
logistic,validation,SA08/F08_SA08_R05.txt,F08,1,15.0,1,1,1,0,0
logistic,validation,SA08/F09_SA08_R01.txt,F09,1,15.0,1,1,1,0,0
logistic,validation,SA08/F09_SA08_R02.txt,F09,1,15.0,1,1,1,0,0
logistic,validation,SA08/F09_SA08_R03.txt,F09,1,15.0,1,1,1,0,0
logistic,validation,SA08/F09_SA08_R04.txt,F09,1,15.0,1,1,1,0,0
logistic,validation,SA08/F09_SA08_R05.txt,F09,1,15.0,1,1,1,0,0
logistic,validation,SA08/F10_SA08_R01.txt,F10,1,15.0,1,1,1,0,0
logistic,validation,SA08/F10_SA08_R02.txt,F10,1,15.0,1,1,1,0,0
logistic,validation,SA08/F10_SA08_R03.txt,F10,1,15.0,1,1,1,0,0
logistic,validation,SA08/F10_SA08_R04.txt,F10,1,15.0,1,1,1,0,0
logistic,validation,SA08/F10_SA08_R05.txt,F10,1,15.0,1,1,1,0,0
logistic,validation,SA08/F11_SA08_R01.txt,F11,1,14.995,1,1,1,0,0
logistic,validation,SA08/F11_SA08_R02.txt,F11,1,15.0,1,1,1,0,0
logistic,validation,SA08/F11_SA08_R03.txt,F11,1,15.0,1,1,1,0,0
logistic,validation,SA08/F11_SA08_R04.txt,F11,1,15.0,1,1,1,0,0
logistic,validation,SA08/F11_SA08_R05.txt,F11,1,15.0,1,1,1,0,0
logistic,validation,SA08/F12_SA08_R01.txt,F12,1,15.0,1,1,1,0,0
logistic,validation,SA08/F12_SA08_R02.txt,F12,1,15.0,1,2,1,0,0
logistic,validation,SA08/F12_SA08_R03.txt,F12,1,15.0,1,1,1,0,0
logistic,validation,SA08/F12_SA08_R04.txt,F12,1,15.0,1,1,1,0,0
logistic,validation,SA08/F12_SA08_R05.txt,F12,1,15.0,1,1,1,0,0
logistic,validation,SA08/F13_SA08_R01.txt,F13,1,15.0,1,1,1,0,0
logistic,validation,SA08/F13_SA08_R02.txt,F13,1,15.0,1,1,1,0,0
logistic,validation,SA08/F13_SA08_R03.txt,F13,1,15.0,1,1,1,0,0
logistic,validation,SA08/F13_SA08_R04.txt,F13,1,15.0,1,1,1,0,0
logistic,validation,SA08/F13_SA08_R05.txt,F13,1,15.0,1,1,1,0,0
logistic,validation,SA08/F14_SA08_R01.txt,F14,1,15.0,1,1,1,0,0
logistic,validation,SA08/F14_SA08_R02.txt,F14,1,15.0,1,1,1,0,0
logistic,validation,SA08/F14_SA08_R03.txt,F14,1,15.0,1,1,1,0,0
logistic,validation,SA08/F14_SA08_R04.txt,F14,1,15.0,1,1,1,0,0
logistic,validation,SA08/F14_SA08_R05.txt,F14,1,15.0,1,1,1,0,0
logistic,validation,SA08/F15_SA08_R01.txt,F15,1,15.0,1,1,1,0,0
logistic,validation,SA08/F15_SA08_R02.txt,F15,1,15.0,1,1,1,0,0
logistic,validation,SA08/F15_SA08_R03.txt,F15,1,15.0,1,1,1,0,0
logistic,validation,SA08/F15_SA08_R04.txt,F15,1,15.0,1,1,1,0,0
logistic,validation,SA08/F15_SA08_R05.txt,F15,1,15.0,1,1,1,0,0
logistic,validation,SA09/D01_SA09_R01.txt,D01,0,99.995,0,0,0,0,0
logistic,validation,SA09/D02_SA09_R01.txt,D02,0,99.995,0,0,0,0,0
logistic,validation,SA09/D03_SA09_R01.txt,D03,0,100.0,0,0,0,0,0
logistic,validation,SA09/D04_SA09_R01.txt,D04,0,100.0,0,0,0,0,0
logistic,validation,SA09/D05_SA09_R01.txt,D05,0,25.0,0,0,0,0,0
logistic,validation,SA09/D05_SA09_R02.txt,D05,0,25.0,0,0,0,0,0
logistic,validation,SA09/D05_SA09_R03.txt,D05,0,25.0,0,0,0,0,0
logistic,validation,SA09/D05_SA09_R04.txt,D05,0,25.0,0,0,0,0,0
logistic,validation,SA09/D05_SA09_R05.txt,D05,0,25.0,0,0,0,0,0
logistic,validation,SA09/D06_SA09_R01.txt,D06,0,24.995,0,0,0,0,0
logistic,validation,SA09/D06_SA09_R02.txt,D06,0,25.0,0,0,0,0,0
logistic,validation,SA09/D06_SA09_R03.txt,D06,0,25.0,0,0,0,0,0
logistic,validation,SA09/D06_SA09_R04.txt,D06,0,24.995,0,0,0,0,0
logistic,validation,SA09/D06_SA09_R05.txt,D06,0,25.0,0,0,0,0,0
logistic,validation,SA09/D07_SA09_R01.txt,D07,0,12.0,0,0,0,0,0
logistic,validation,SA09/D07_SA09_R02.txt,D07,0,12.0,0,0,0,0,0
logistic,validation,SA09/D07_SA09_R03.txt,D07,0,12.0,0,0,0,0,0
logistic,validation,SA09/D07_SA09_R04.txt,D07,0,12.0,0,0,0,0,0
logistic,validation,SA09/D07_SA09_R05.txt,D07,0,12.0,0,0,0,0,0
logistic,validation,SA09/D08_SA09_R01.txt,D08,0,12.0,0,0,0,0,0
logistic,validation,SA09/D08_SA09_R02.txt,D08,0,12.0,0,0,0,0,0
logistic,validation,SA09/D08_SA09_R03.txt,D08,0,12.0,0,0,0,0,0
logistic,validation,SA09/D08_SA09_R04.txt,D08,0,12.0,0,0,0,0,0
logistic,validation,SA09/D08_SA09_R05.txt,D08,0,12.0,0,0,0,0,0
logistic,validation,SA09/D09_SA09_R01.txt,D09,0,12.0,0,0,0,0,0
logistic,validation,SA09/D09_SA09_R02.txt,D09,0,12.0,0,0,0,0,0
logistic,validation,SA09/D09_SA09_R03.txt,D09,0,12.0,0,0,0,0,0
logistic,validation,SA09/D09_SA09_R04.txt,D09,0,12.0,0,0,0,0,0
logistic,validation,SA09/D09_SA09_R05.txt,D09,0,12.0,0,0,0,0,0
logistic,validation,SA09/D10_SA09_R01.txt,D10,0,12.0,0,0,0,0,0
logistic,validation,SA09/D10_SA09_R02.txt,D10,0,12.0,0,0,0,0,0
logistic,validation,SA09/D10_SA09_R03.txt,D10,0,12.0,0,0,0,0,0
logistic,validation,SA09/D10_SA09_R04.txt,D10,0,12.0,0,0,0,0,0
logistic,validation,SA09/D10_SA09_R05.txt,D10,0,12.0,0,0,0,0,0
logistic,validation,SA09/D11_SA09_R01.txt,D11,0,11.995,0,0,0,0,0
logistic,validation,SA09/D11_SA09_R02.txt,D11,0,12.0,0,0,0,0,0
logistic,validation,SA09/D11_SA09_R03.txt,D11,0,12.0,0,0,0,0,0
logistic,validation,SA09/D11_SA09_R04.txt,D11,0,12.0,0,0,0,0,0
logistic,validation,SA09/D11_SA09_R05.txt,D11,0,12.0,0,0,0,0,0
logistic,validation,SA09/D12_SA09_R01.txt,D12,0,12.0,0,0,0,0,0
logistic,validation,SA09/D12_SA09_R02.txt,D12,0,12.0,0,0,0,0,0
logistic,validation,SA09/D12_SA09_R03.txt,D12,0,12.0,0,0,0,0,0
logistic,validation,SA09/D12_SA09_R04.txt,D12,0,12.0,0,0,0,0,0
logistic,validation,SA09/D12_SA09_R05.txt,D12,0,12.0,0,0,0,0,0
logistic,validation,SA09/D13_SA09_R01.txt,D13,0,12.0,0,0,0,0,0
logistic,validation,SA09/D13_SA09_R02.txt,D13,0,12.0,0,0,0,0,0
logistic,validation,SA09/D13_SA09_R03.txt,D13,0,12.0,0,0,0,0,0
logistic,validation,SA09/D13_SA09_R04.txt,D13,0,12.0,0,0,0,0,0
logistic,validation,SA09/D13_SA09_R05.txt,D13,0,11.995,0,0,0,0,0
logistic,validation,SA09/D14_SA09_R01.txt,D14,0,12.0,0,0,0,0,0
logistic,validation,SA09/D14_SA09_R02.txt,D14,0,12.0,0,0,0,0,0
logistic,validation,SA09/D14_SA09_R03.txt,D14,0,12.0,0,0,0,0,0
logistic,validation,SA09/D14_SA09_R04.txt,D14,0,12.0,0,0,0,0,0
logistic,validation,SA09/D14_SA09_R05.txt,D14,0,12.0,0,0,0,0,0
logistic,validation,SA09/D15_SA09_R01.txt,D15,0,12.0,0,0,0,0,0
logistic,validation,SA09/D15_SA09_R02.txt,D15,0,12.0,0,0,0,0,0
logistic,validation,SA09/D15_SA09_R03.txt,D15,0,12.0,0,0,0,0,0
logistic,validation,SA09/D15_SA09_R04.txt,D15,0,12.0,0,0,0,0,0
logistic,validation,SA09/D15_SA09_R05.txt,D15,0,12.0,0,0,0,0,0
logistic,validation,SA09/D16_SA09_R01.txt,D16,0,11.995,0,0,0,0,0
logistic,validation,SA09/D16_SA09_R02.txt,D16,0,12.0,0,0,0,0,0
logistic,validation,SA09/D16_SA09_R03.txt,D16,0,11.995,0,0,0,0,0
logistic,validation,SA09/D16_SA09_R04.txt,D16,0,12.0,0,0,0,0,0
logistic,validation,SA09/D16_SA09_R05.txt,D16,0,12.0,0,0,0,0,0
logistic,validation,SA09/D17_SA09_R01.txt,D17,0,24.995,0,0,0,0,0
logistic,validation,SA09/D17_SA09_R02.txt,D17,0,25.0,0,0,0,0,0
logistic,validation,SA09/D17_SA09_R03.txt,D17,0,25.0,0,0,0,0,0
logistic,validation,SA09/D17_SA09_R04.txt,D17,0,25.0,0,0,0,0,0
logistic,validation,SA09/D17_SA09_R05.txt,D17,0,25.0,0,0,0,0,0
logistic,validation,SA09/D18_SA09_R01.txt,D18,0,11.995,0,0,0,0,0
logistic,validation,SA09/D18_SA09_R02.txt,D18,0,12.0,0,0,0,0,0
logistic,validation,SA09/D18_SA09_R03.txt,D18,0,12.0,0,0,0,0,0
logistic,validation,SA09/D18_SA09_R04.txt,D18,0,12.0,0,0,0,0,0
logistic,validation,SA09/D18_SA09_R05.txt,D18,0,12.0,0,0,0,0,0
logistic,validation,SA09/D19_SA09_R01.txt,D19,0,12.0,0,0,0,0,0
logistic,validation,SA09/D19_SA09_R02.txt,D19,0,12.0,0,0,0,0,0
logistic,validation,SA09/D19_SA09_R03.txt,D19,0,12.0,0,0,0,0,0
logistic,validation,SA09/D19_SA09_R04.txt,D19,0,12.0,0,0,0,0,0
logistic,validation,SA09/D19_SA09_R05.txt,D19,0,12.0,0,0,0,0,0
logistic,validation,SA09/F01_SA09_R01.txt,F01,1,15.0,1,1,1,0,0
logistic,validation,SA09/F01_SA09_R02.txt,F01,1,15.0,1,1,1,0,0
logistic,validation,SA09/F01_SA09_R03.txt,F01,1,15.0,1,1,1,0,0
logistic,validation,SA09/F01_SA09_R04.txt,F01,1,15.0,1,1,1,0,0
logistic,validation,SA09/F01_SA09_R05.txt,F01,1,15.0,1,1,1,0,0
logistic,validation,SA09/F02_SA09_R01.txt,F02,1,15.0,1,2,1,0,0
logistic,validation,SA09/F02_SA09_R02.txt,F02,1,15.0,1,1,1,0,0
logistic,validation,SA09/F02_SA09_R03.txt,F02,1,15.0,1,1,1,0,0
logistic,validation,SA09/F02_SA09_R04.txt,F02,1,15.0,1,1,1,0,0
logistic,validation,SA09/F02_SA09_R05.txt,F02,1,14.995,1,1,1,0,0
logistic,validation,SA09/F03_SA09_R01.txt,F03,1,15.0,1,1,1,0,0
logistic,validation,SA09/F03_SA09_R02.txt,F03,1,15.0,1,2,1,0,0
logistic,validation,SA09/F03_SA09_R03.txt,F03,1,15.0,1,1,1,0,0
logistic,validation,SA09/F03_SA09_R04.txt,F03,1,15.0,1,1,1,0,0
logistic,validation,SA09/F03_SA09_R05.txt,F03,1,15.0,1,1,1,0,0
logistic,validation,SA09/F04_SA09_R01.txt,F04,1,15.0,1,1,1,0,0
logistic,validation,SA09/F04_SA09_R02.txt,F04,1,15.0,1,1,1,0,0
logistic,validation,SA09/F04_SA09_R03.txt,F04,1,15.0,1,1,1,0,0
logistic,validation,SA09/F04_SA09_R04.txt,F04,1,15.0,1,1,1,0,0
logistic,validation,SA09/F04_SA09_R05.txt,F04,1,15.0,1,1,1,0,0
logistic,validation,SA09/F05_SA09_R01.txt,F05,1,15.0,1,1,1,0,0
logistic,validation,SA09/F05_SA09_R02.txt,F05,1,15.0,1,1,1,0,0
logistic,validation,SA09/F05_SA09_R03.txt,F05,1,15.0,1,1,1,0,0
logistic,validation,SA09/F05_SA09_R04.txt,F05,1,15.0,1,1,1,0,0
logistic,validation,SA09/F05_SA09_R05.txt,F05,1,15.0,1,1,1,0,0
logistic,validation,SA09/F06_SA09_R01.txt,F06,1,15.0,1,1,1,0,0
logistic,validation,SA09/F06_SA09_R02.txt,F06,1,15.0,1,1,1,0,0
logistic,validation,SA09/F06_SA09_R03.txt,F06,1,15.0,1,1,1,0,0
logistic,validation,SA09/F06_SA09_R04.txt,F06,1,15.0,1,1,1,0,0
logistic,validation,SA09/F06_SA09_R05.txt,F06,1,15.0,1,1,1,0,0
logistic,validation,SA09/F07_SA09_R01.txt,F07,1,14.995,1,1,1,0,0
logistic,validation,SA09/F07_SA09_R02.txt,F07,1,15.0,1,1,1,0,0
logistic,validation,SA09/F07_SA09_R03.txt,F07,1,15.0,1,1,1,0,0
logistic,validation,SA09/F07_SA09_R04.txt,F07,1,15.0,1,1,1,0,0
logistic,validation,SA09/F07_SA09_R05.txt,F07,1,15.0,1,1,1,0,0
logistic,validation,SA09/F08_SA09_R01.txt,F08,1,15.0,1,1,1,0,0
logistic,validation,SA09/F08_SA09_R02.txt,F08,1,15.0,1,1,1,0,0
logistic,validation,SA09/F08_SA09_R03.txt,F08,1,15.0,1,1,1,0,0
logistic,validation,SA09/F08_SA09_R04.txt,F08,1,15.0,1,1,1,0,0
logistic,validation,SA09/F08_SA09_R05.txt,F08,1,15.0,1,1,1,0,0
logistic,validation,SA09/F09_SA09_R01.txt,F09,1,15.0,1,1,1,0,0
logistic,validation,SA09/F09_SA09_R02.txt,F09,1,15.0,1,1,1,0,0
logistic,validation,SA09/F09_SA09_R03.txt,F09,1,15.0,1,1,1,0,0
logistic,validation,SA09/F09_SA09_R04.txt,F09,1,15.0,1,1,1,0,0
logistic,validation,SA09/F09_SA09_R05.txt,F09,1,15.0,1,1,1,0,0
logistic,validation,SA09/F10_SA09_R01.txt,F10,1,15.0,1,1,1,0,0
logistic,validation,SA09/F10_SA09_R02.txt,F10,1,15.0,1,1,1,0,0
logistic,validation,SA09/F10_SA09_R03.txt,F10,1,15.0,1,1,1,0,0
logistic,validation,SA09/F10_SA09_R04.txt,F10,1,15.0,1,1,1,0,0
logistic,validation,SA09/F10_SA09_R05.txt,F10,1,15.0,1,1,1,0,0
logistic,validation,SA09/F11_SA09_R01.txt,F11,1,14.995,1,1,1,0,0
logistic,validation,SA09/F11_SA09_R02.txt,F11,1,15.0,1,1,1,0,0
logistic,validation,SA09/F11_SA09_R03.txt,F11,1,15.0,1,1,1,0,0
logistic,validation,SA09/F11_SA09_R04.txt,F11,1,15.0,1,1,1,0,0
logistic,validation,SA09/F11_SA09_R05.txt,F11,1,15.0,1,1,1,0,0
logistic,validation,SA09/F12_SA09_R01.txt,F12,1,15.0,1,1,1,0,0
logistic,validation,SA09/F12_SA09_R02.txt,F12,1,15.0,1,1,1,0,0
logistic,validation,SA09/F12_SA09_R03.txt,F12,1,15.0,1,1,1,0,0
logistic,validation,SA09/F12_SA09_R04.txt,F12,1,15.0,1,1,1,0,0
logistic,validation,SA09/F12_SA09_R05.txt,F12,1,15.0,1,1,1,0,0
logistic,validation,SA09/F13_SA09_R01.txt,F13,1,15.0,1,1,1,0,0
logistic,validation,SA09/F13_SA09_R02.txt,F13,1,15.0,1,1,1,0,0
logistic,validation,SA09/F13_SA09_R03.txt,F13,1,15.0,1,1,1,0,0
logistic,validation,SA09/F13_SA09_R04.txt,F13,1,15.0,1,0,0,0,1
logistic,validation,SA09/F13_SA09_R05.txt,F13,1,15.0,1,1,1,0,0
logistic,validation,SA09/F14_SA09_R01.txt,F14,1,15.0,1,1,1,0,0
logistic,validation,SA09/F14_SA09_R02.txt,F14,1,15.0,1,1,1,0,0
logistic,validation,SA09/F14_SA09_R03.txt,F14,1,15.0,1,1,1,0,0
logistic,validation,SA09/F14_SA09_R04.txt,F14,1,15.0,1,1,1,0,0
logistic,validation,SA09/F14_SA09_R05.txt,F14,1,15.0,1,1,1,0,0
logistic,validation,SA09/F15_SA09_R01.txt,F15,1,15.0,1,1,1,0,0
logistic,validation,SA09/F15_SA09_R02.txt,F15,1,15.0,1,1,1,0,0
logistic,validation,SA09/F15_SA09_R03.txt,F15,1,15.0,1,1,1,0,0
logistic,validation,SA09/F15_SA09_R04.txt,F15,1,15.0,1,1,1,0,0
logistic,validation,SA09/F15_SA09_R05.txt,F15,1,15.0,1,1,1,0,0
logistic,validation,SA13/D01_SA13_R01.txt,D01,0,99.995,0,0,0,0,0
logistic,validation,SA13/D02_SA13_R01.txt,D02,0,100.0,0,0,0,0,0
logistic,validation,SA13/D03_SA13_R01.txt,D03,0,100.0,0,0,0,0,0
logistic,validation,SA13/D04_SA13_R01.txt,D04,0,100.0,0,0,0,0,0
logistic,validation,SA13/D05_SA13_R01.txt,D05,0,25.0,0,0,0,0,0
logistic,validation,SA13/D05_SA13_R02.txt,D05,0,25.0,0,0,0,0,0
logistic,validation,SA13/D05_SA13_R03.txt,D05,0,25.0,0,0,0,0,0
logistic,validation,SA13/D05_SA13_R04.txt,D05,0,25.0,0,0,0,0,0
logistic,validation,SA13/D05_SA13_R05.txt,D05,0,25.0,0,0,0,0,0
logistic,validation,SA13/D06_SA13_R01.txt,D06,0,24.995,0,0,0,0,0
logistic,validation,SA13/D06_SA13_R02.txt,D06,0,25.0,0,0,0,0,0
logistic,validation,SA13/D06_SA13_R03.txt,D06,0,25.0,0,0,0,0,0
logistic,validation,SA13/D06_SA13_R04.txt,D06,0,25.0,0,0,0,0,0
logistic,validation,SA13/D06_SA13_R05.txt,D06,0,25.0,0,0,0,0,0
logistic,validation,SA13/D07_SA13_R01.txt,D07,0,12.0,0,0,0,0,0
logistic,validation,SA13/D07_SA13_R02.txt,D07,0,12.0,0,0,0,0,0
logistic,validation,SA13/D07_SA13_R03.txt,D07,0,12.0,0,0,0,0,0
logistic,validation,SA13/D07_SA13_R04.txt,D07,0,12.0,0,0,0,0,0
logistic,validation,SA13/D07_SA13_R05.txt,D07,0,12.0,0,0,0,0,0
logistic,validation,SA13/D08_SA13_R01.txt,D08,0,12.0,0,0,0,0,0
logistic,validation,SA13/D08_SA13_R02.txt,D08,0,12.0,0,0,0,0,0
logistic,validation,SA13/D08_SA13_R03.txt,D08,0,12.0,0,0,0,0,0
logistic,validation,SA13/D08_SA13_R04.txt,D08,0,12.0,0,0,0,0,0
logistic,validation,SA13/D08_SA13_R05.txt,D08,0,12.0,0,0,0,0,0
logistic,validation,SA13/D09_SA13_R01.txt,D09,0,12.0,0,0,0,0,0
logistic,validation,SA13/D09_SA13_R02.txt,D09,0,12.0,0,0,0,0,0
logistic,validation,SA13/D09_SA13_R03.txt,D09,0,12.0,0,0,0,0,0
logistic,validation,SA13/D09_SA13_R04.txt,D09,0,12.0,0,0,0,0,0
logistic,validation,SA13/D09_SA13_R05.txt,D09,0,12.0,0,0,0,0,0
logistic,validation,SA13/D10_SA13_R01.txt,D10,0,12.0,0,0,0,0,0
logistic,validation,SA13/D10_SA13_R02.txt,D10,0,12.0,0,0,0,0,0
logistic,validation,SA13/D10_SA13_R03.txt,D10,0,11.995,0,0,0,0,0
logistic,validation,SA13/D10_SA13_R04.txt,D10,0,12.0,0,0,0,0,0
logistic,validation,SA13/D10_SA13_R05.txt,D10,0,12.0,0,0,0,0,0
logistic,validation,SA13/D11_SA13_R01.txt,D11,0,11.995,0,0,0,0,0
logistic,validation,SA13/D11_SA13_R02.txt,D11,0,12.0,0,0,0,0,0
logistic,validation,SA13/D11_SA13_R03.txt,D11,0,12.0,0,0,0,0,0
logistic,validation,SA13/D11_SA13_R04.txt,D11,0,12.0,0,0,0,0,0
logistic,validation,SA13/D11_SA13_R05.txt,D11,0,12.0,0,0,0,0,0
logistic,validation,SA13/D12_SA13_R01.txt,D12,0,12.0,0,0,0,0,0
logistic,validation,SA13/D12_SA13_R02.txt,D12,0,12.0,0,0,0,0,0
logistic,validation,SA13/D12_SA13_R03.txt,D12,0,12.0,0,0,0,0,0
logistic,validation,SA13/D12_SA13_R04.txt,D12,0,12.0,0,0,0,0,0
logistic,validation,SA13/D12_SA13_R05.txt,D12,0,12.0,0,0,0,0,0
logistic,validation,SA13/D13_SA13_R01.txt,D13,0,12.0,0,0,0,0,0
logistic,validation,SA13/D13_SA13_R02.txt,D13,0,12.0,0,0,0,0,0
logistic,validation,SA13/D13_SA13_R03.txt,D13,0,12.0,0,0,0,0,0
logistic,validation,SA13/D13_SA13_R04.txt,D13,0,12.0,0,0,0,0,0
logistic,validation,SA13/D13_SA13_R05.txt,D13,0,12.0,0,0,0,0,0
logistic,validation,SA13/D14_SA13_R01.txt,D14,0,12.0,0,0,0,0,0
logistic,validation,SA13/D14_SA13_R02.txt,D14,0,12.0,0,0,0,0,0
logistic,validation,SA13/D14_SA13_R03.txt,D14,0,12.0,0,0,0,0,0
logistic,validation,SA13/D14_SA13_R04.txt,D14,0,12.0,0,0,0,0,0
logistic,validation,SA13/D14_SA13_R05.txt,D14,0,12.0,0,0,0,0,0
logistic,validation,SA13/D15_SA13_R01.txt,D15,0,12.0,0,0,0,0,0
logistic,validation,SA13/D15_SA13_R02.txt,D15,0,12.0,0,0,0,0,0
logistic,validation,SA13/D15_SA13_R03.txt,D15,0,12.0,0,0,0,0,0
logistic,validation,SA13/D15_SA13_R04.txt,D15,0,12.0,0,0,0,0,0
logistic,validation,SA13/D15_SA13_R05.txt,D15,0,12.0,0,0,0,0,0
logistic,validation,SA13/D16_SA13_R01.txt,D16,0,11.995,0,0,0,0,0
logistic,validation,SA13/D16_SA13_R02.txt,D16,0,12.0,0,0,0,0,0
logistic,validation,SA13/D16_SA13_R03.txt,D16,0,12.0,0,0,0,0,0
logistic,validation,SA13/D16_SA13_R04.txt,D16,0,12.0,0,0,0,0,0
logistic,validation,SA13/D16_SA13_R05.txt,D16,0,12.0,0,0,0,0,0
logistic,validation,SA13/D17_SA13_R01.txt,D17,0,24.995,0,0,0,0,0
logistic,validation,SA13/D17_SA13_R02.txt,D17,0,25.0,0,0,0,0,0
logistic,validation,SA13/D17_SA13_R03.txt,D17,0,25.0,0,0,0,0,0
logistic,validation,SA13/D17_SA13_R04.txt,D17,0,25.0,0,0,0,0,0
logistic,validation,SA13/D17_SA13_R05.txt,D17,0,25.0,0,0,0,0,0
logistic,validation,SA13/D18_SA13_R01.txt,D18,0,12.0,0,0,0,0,0
logistic,validation,SA13/D18_SA13_R02.txt,D18,0,12.0,0,0,0,0,0
logistic,validation,SA13/D18_SA13_R03.txt,D18,0,12.0,0,1,0,0,0
logistic,validation,SA13/D18_SA13_R04.txt,D18,0,12.0,0,0,0,0,0
logistic,validation,SA13/D18_SA13_R05.txt,D18,0,12.0,0,0,0,0,0
logistic,validation,SA13/D19_SA13_R01.txt,D19,0,12.0,0,0,0,0,0
logistic,validation,SA13/D19_SA13_R02.txt,D19,0,12.0,0,0,0,0,0
logistic,validation,SA13/D19_SA13_R03.txt,D19,0,12.0,0,0,0,0,0
logistic,validation,SA13/D19_SA13_R04.txt,D19,0,12.0,0,0,0,0,0
logistic,validation,SA13/D19_SA13_R05.txt,D19,0,12.0,0,0,0,0,0
logistic,validation,SA13/F01_SA13_R01.txt,F01,1,15.0,1,1,1,0,0
logistic,validation,SA13/F01_SA13_R02.txt,F01,1,15.0,1,2,1,0,0
logistic,validation,SA13/F01_SA13_R03.txt,F01,1,15.0,1,1,1,0,0
logistic,validation,SA13/F01_SA13_R04.txt,F01,1,15.0,1,1,1,0,0
logistic,validation,SA13/F01_SA13_R05.txt,F01,1,14.995,1,1,1,0,0
logistic,validation,SA13/F02_SA13_R01.txt,F02,1,15.0,1,1,1,0,0
logistic,validation,SA13/F02_SA13_R02.txt,F02,1,15.0,1,1,1,0,0
logistic,validation,SA13/F02_SA13_R03.txt,F02,1,15.0,1,1,1,0,0
logistic,validation,SA13/F02_SA13_R04.txt,F02,1,15.0,1,1,1,0,0
logistic,validation,SA13/F02_SA13_R05.txt,F02,1,15.0,1,1,1,0,0
logistic,validation,SA13/F03_SA13_R01.txt,F03,1,15.0,1,1,1,0,0
logistic,validation,SA13/F03_SA13_R02.txt,F03,1,15.0,1,1,1,0,0
logistic,validation,SA13/F03_SA13_R03.txt,F03,1,15.0,1,1,1,0,0
logistic,validation,SA13/F03_SA13_R04.txt,F03,1,15.0,1,1,0,0,1
logistic,validation,SA13/F03_SA13_R05.txt,F03,1,15.0,1,1,1,0,0
logistic,validation,SA13/F04_SA13_R01.txt,F04,1,15.0,1,1,1,0,0
logistic,validation,SA13/F04_SA13_R02.txt,F04,1,15.0,1,1,1,0,0
logistic,validation,SA13/F04_SA13_R03.txt,F04,1,15.0,1,1,1,0,0
logistic,validation,SA13/F04_SA13_R04.txt,F04,1,15.0,1,1,1,0,0
logistic,validation,SA13/F04_SA13_R05.txt,F04,1,15.0,1,1,1,0,0
logistic,validation,SA13/F05_SA13_R01.txt,F05,1,15.0,1,1,1,0,0
logistic,validation,SA13/F05_SA13_R02.txt,F05,1,15.0,1,1,1,0,0
logistic,validation,SA13/F05_SA13_R03.txt,F05,1,15.0,1,1,1,0,0
logistic,validation,SA13/F05_SA13_R04.txt,F05,1,15.0,1,1,1,0,0
logistic,validation,SA13/F05_SA13_R05.txt,F05,1,15.0,1,1,0,0,1
logistic,validation,SA13/F06_SA13_R01.txt,F06,1,15.0,1,1,1,0,0
logistic,validation,SA13/F06_SA13_R02.txt,F06,1,15.0,1,1,1,0,0
logistic,validation,SA13/F06_SA13_R03.txt,F06,1,15.0,1,1,1,0,0
logistic,validation,SA13/F06_SA13_R04.txt,F06,1,14.995,1,1,1,0,0
logistic,validation,SA13/F06_SA13_R05.txt,F06,1,15.0,1,1,1,0,0
logistic,validation,SA13/F07_SA13_R01.txt,F07,1,15.0,1,1,1,0,0
logistic,validation,SA13/F07_SA13_R02.txt,F07,1,15.0,1,1,1,0,0
logistic,validation,SA13/F07_SA13_R03.txt,F07,1,15.0,1,1,1,0,0
logistic,validation,SA13/F07_SA13_R04.txt,F07,1,15.0,1,2,1,0,0
logistic,validation,SA13/F07_SA13_R05.txt,F07,1,15.0,1,1,1,0,0
logistic,validation,SA13/F08_SA13_R01.txt,F08,1,14.995,1,1,1,0,0
logistic,validation,SA13/F08_SA13_R02.txt,F08,1,15.0,1,1,1,0,0
logistic,validation,SA13/F08_SA13_R03.txt,F08,1,15.0,1,1,1,0,0
logistic,validation,SA13/F08_SA13_R04.txt,F08,1,15.0,1,1,1,0,0
logistic,validation,SA13/F08_SA13_R05.txt,F08,1,14.995,1,1,1,0,0
logistic,validation,SA13/F09_SA13_R01.txt,F09,1,15.0,1,1,1,0,0
logistic,validation,SA13/F09_SA13_R02.txt,F09,1,15.0,1,1,1,0,0
logistic,validation,SA13/F09_SA13_R03.txt,F09,1,15.0,1,1,1,0,0
logistic,validation,SA13/F09_SA13_R04.txt,F09,1,15.0,1,1,1,0,0
logistic,validation,SA13/F09_SA13_R05.txt,F09,1,15.0,1,1,1,0,0
logistic,validation,SA13/F10_SA13_R01.txt,F10,1,15.0,1,1,1,0,0
logistic,validation,SA13/F10_SA13_R02.txt,F10,1,15.0,1,1,1,0,0
logistic,validation,SA13/F10_SA13_R03.txt,F10,1,15.0,1,1,1,0,0
logistic,validation,SA13/F10_SA13_R04.txt,F10,1,15.0,1,1,1,0,0
logistic,validation,SA13/F10_SA13_R05.txt,F10,1,15.0,1,1,1,0,0
logistic,validation,SA13/F11_SA13_R01.txt,F11,1,15.0,1,1,1,0,0
logistic,validation,SA13/F11_SA13_R02.txt,F11,1,14.995,1,1,1,0,0
logistic,validation,SA13/F11_SA13_R03.txt,F11,1,15.0,1,0,0,0,1
logistic,validation,SA13/F11_SA13_R04.txt,F11,1,15.0,1,1,1,0,0
logistic,validation,SA13/F11_SA13_R05.txt,F11,1,15.0,1,1,1,0,0
logistic,validation,SA13/F12_SA13_R01.txt,F12,1,15.0,1,1,1,0,0
logistic,validation,SA13/F12_SA13_R02.txt,F12,1,15.0,1,1,1,0,0
logistic,validation,SA13/F12_SA13_R03.txt,F12,1,15.0,1,1,1,0,0
logistic,validation,SA13/F12_SA13_R04.txt,F12,1,15.0,1,1,1,0,0
logistic,validation,SA13/F12_SA13_R05.txt,F12,1,15.0,1,1,1,0,0
logistic,validation,SA13/F13_SA13_R01.txt,F13,1,15.0,1,1,1,0,0
logistic,validation,SA13/F13_SA13_R02.txt,F13,1,15.0,1,1,1,0,0
logistic,validation,SA13/F13_SA13_R03.txt,F13,1,15.0,1,1,1,0,0
logistic,validation,SA13/F13_SA13_R04.txt,F13,1,15.0,1,1,1,0,0
logistic,validation,SA13/F13_SA13_R05.txt,F13,1,15.0,1,1,1,0,0
logistic,validation,SA13/F14_SA13_R01.txt,F14,1,15.0,1,1,1,0,0
logistic,validation,SA13/F14_SA13_R02.txt,F14,1,15.0,1,1,1,0,0
logistic,validation,SA13/F14_SA13_R03.txt,F14,1,15.0,1,1,1,0,0
logistic,validation,SA13/F14_SA13_R04.txt,F14,1,15.0,1,1,1,0,0
logistic,validation,SA13/F14_SA13_R05.txt,F14,1,15.0,1,1,1,0,0
logistic,validation,SA13/F15_SA13_R01.txt,F15,1,15.0,1,1,1,0,0
logistic,validation,SA13/F15_SA13_R02.txt,F15,1,15.0,1,1,1,0,0
logistic,validation,SA13/F15_SA13_R03.txt,F15,1,15.0,1,1,1,0,0
logistic,validation,SA13/F15_SA13_R04.txt,F15,1,15.0,1,1,1,0,0
logistic,validation,SA13/F15_SA13_R05.txt,F15,1,15.0,1,1,1,0,0
logistic,validation,SA19/D01_SA19_R01.txt,D01,0,99.995,0,0,0,0,0
logistic,validation,SA19/D02_SA19_R01.txt,D02,0,100.0,0,0,0,0,0
logistic,validation,SA19/D03_SA19_R01.txt,D03,0,100.0,0,0,0,0,0
logistic,validation,SA19/D04_SA19_R01.txt,D04,0,100.0,0,0,0,0,0
logistic,validation,SA19/D05_SA19_R01.txt,D05,0,25.0,0,0,0,0,0
logistic,validation,SA19/D05_SA19_R02.txt,D05,0,25.0,0,0,0,0,0
logistic,validation,SA19/D05_SA19_R03.txt,D05,0,25.0,0,0,0,0,0
logistic,validation,SA19/D05_SA19_R04.txt,D05,0,25.0,0,0,0,0,0
logistic,validation,SA19/D05_SA19_R05.txt,D05,0,25.0,0,0,0,0,0
logistic,validation,SA19/D06_SA19_R01.txt,D06,0,25.0,0,0,0,0,0
logistic,validation,SA19/D06_SA19_R02.txt,D06,0,25.0,0,0,0,0,0
logistic,validation,SA19/D06_SA19_R03.txt,D06,0,24.995,0,0,0,0,0
logistic,validation,SA19/D06_SA19_R04.txt,D06,0,25.0,0,0,0,0,0
logistic,validation,SA19/D06_SA19_R05.txt,D06,0,25.0,0,0,0,0,0
logistic,validation,SA19/D07_SA19_R01.txt,D07,0,11.995,0,0,0,0,0
logistic,validation,SA19/D07_SA19_R02.txt,D07,0,12.0,0,0,0,0,0
logistic,validation,SA19/D07_SA19_R03.txt,D07,0,12.0,0,0,0,0,0
logistic,validation,SA19/D07_SA19_R04.txt,D07,0,12.0,0,0,0,0,0
logistic,validation,SA19/D07_SA19_R05.txt,D07,0,12.0,0,0,0,0,0
logistic,validation,SA19/D08_SA19_R01.txt,D08,0,11.995,0,0,0,0,0
logistic,validation,SA19/D08_SA19_R02.txt,D08,0,12.0,0,0,0,0,0
logistic,validation,SA19/D08_SA19_R03.txt,D08,0,12.0,0,0,0,0,0
logistic,validation,SA19/D08_SA19_R04.txt,D08,0,12.0,0,0,0,0,0
logistic,validation,SA19/D08_SA19_R05.txt,D08,0,12.0,0,0,0,0,0
logistic,validation,SA19/D09_SA19_R01.txt,D09,0,11.99,0,0,0,0,0
logistic,validation,SA19/D09_SA19_R02.txt,D09,0,12.0,0,0,0,0,0
logistic,validation,SA19/D09_SA19_R03.txt,D09,0,12.0,0,0,0,0,0
logistic,validation,SA19/D09_SA19_R04.txt,D09,0,12.0,0,0,0,0,0
logistic,validation,SA19/D09_SA19_R05.txt,D09,0,12.0,0,0,0,0,0
logistic,validation,SA19/D10_SA19_R01.txt,D10,0,12.0,0,0,0,0,0
logistic,validation,SA19/D10_SA19_R02.txt,D10,0,12.0,0,0,0,0,0
logistic,validation,SA19/D10_SA19_R03.txt,D10,0,12.0,0,0,0,0,0
logistic,validation,SA19/D10_SA19_R04.txt,D10,0,12.0,0,0,0,0,0
logistic,validation,SA19/D10_SA19_R05.txt,D10,0,12.0,0,0,0,0,0
logistic,validation,SA19/D11_SA19_R01.txt,D11,0,11.995,0,0,0,0,0
logistic,validation,SA19/D11_SA19_R02.txt,D11,0,12.0,0,0,0,0,0
logistic,validation,SA19/D11_SA19_R03.txt,D11,0,12.0,0,0,0,0,0
logistic,validation,SA19/D11_SA19_R04.txt,D11,0,12.0,0,0,0,0,0
logistic,validation,SA19/D11_SA19_R05.txt,D11,0,12.0,0,0,0,0,0
logistic,validation,SA19/D12_SA19_R01.txt,D12,0,12.0,0,0,0,0,0
logistic,validation,SA19/D12_SA19_R02.txt,D12,0,12.0,0,0,0,0,0
logistic,validation,SA19/D12_SA19_R03.txt,D12,0,12.0,0,0,0,0,0
logistic,validation,SA19/D12_SA19_R04.txt,D12,0,12.0,0,0,0,0,0
logistic,validation,SA19/D12_SA19_R05.txt,D12,0,12.0,0,0,0,0,0
logistic,validation,SA19/D13_SA19_R01.txt,D13,0,12.0,0,0,0,0,0
logistic,validation,SA19/D13_SA19_R02.txt,D13,0,12.0,0,0,0,0,0
logistic,validation,SA19/D13_SA19_R03.txt,D13,0,12.0,0,0,0,0,0
logistic,validation,SA19/D13_SA19_R04.txt,D13,0,12.0,0,0,0,0,0
logistic,validation,SA19/D13_SA19_R05.txt,D13,0,12.0,0,0,0,0,0
logistic,validation,SA19/D14_SA19_R01.txt,D14,0,12.0,0,0,0,0,0
logistic,validation,SA19/D14_SA19_R02.txt,D14,0,12.0,0,0,0,0,0
logistic,validation,SA19/D14_SA19_R03.txt,D14,0,12.0,0,0,0,0,0
logistic,validation,SA19/D14_SA19_R04.txt,D14,0,12.0,0,0,0,0,0
logistic,validation,SA19/D14_SA19_R05.txt,D14,0,12.0,0,0,0,0,0
logistic,validation,SA19/D15_SA19_R01.txt,D15,0,12.0,0,0,0,0,0
logistic,validation,SA19/D15_SA19_R02.txt,D15,0,12.0,0,0,0,0,0
logistic,validation,SA19/D15_SA19_R03.txt,D15,0,12.0,0,0,0,0,0
logistic,validation,SA19/D15_SA19_R04.txt,D15,0,12.0,0,0,0,0,0
logistic,validation,SA19/D15_SA19_R05.txt,D15,0,12.0,0,0,0,0,0
logistic,validation,SA19/D16_SA19_R01.txt,D16,0,11.975,0,0,0,0,0
logistic,validation,SA19/D16_SA19_R02.txt,D16,0,12.0,0,0,0,0,0
logistic,validation,SA19/D16_SA19_R03.txt,D16,0,12.0,0,0,0,0,0
logistic,validation,SA19/D16_SA19_R04.txt,D16,0,12.0,0,0,0,0,0
logistic,validation,SA19/D16_SA19_R05.txt,D16,0,12.0,0,0,0,0,0
logistic,validation,SA19/D17_SA19_R01.txt,D17,0,25.0,0,0,0,0,0
logistic,validation,SA19/D17_SA19_R02.txt,D17,0,24.995,0,0,0,0,0
logistic,validation,SA19/D17_SA19_R03.txt,D17,0,25.0,0,0,0,0,0
logistic,validation,SA19/D17_SA19_R04.txt,D17,0,25.0,0,0,0,0,0
logistic,validation,SA19/D17_SA19_R05.txt,D17,0,24.995,0,0,0,0,0
logistic,validation,SA19/D18_SA19_R01.txt,D18,0,11.99,0,0,0,0,0
logistic,validation,SA19/D18_SA19_R02.txt,D18,0,12.0,0,0,0,0,0
logistic,validation,SA19/D18_SA19_R03.txt,D18,0,12.0,0,0,0,0,0
logistic,validation,SA19/D18_SA19_R04.txt,D18,0,12.0,0,0,0,0,0
logistic,validation,SA19/D18_SA19_R05.txt,D18,0,12.0,0,1,0,0,0
logistic,validation,SA19/D19_SA19_R01.txt,D19,0,12.0,0,0,0,0,0
logistic,validation,SA19/D19_SA19_R02.txt,D19,0,12.0,0,0,0,0,0
logistic,validation,SA19/D19_SA19_R03.txt,D19,0,12.0,0,0,0,0,0
logistic,validation,SA19/D19_SA19_R04.txt,D19,0,12.0,0,0,0,0,0
logistic,validation,SA19/D19_SA19_R05.txt,D19,0,12.0,0,0,0,0,0
logistic,validation,SA19/F01_SA19_R01.txt,F01,1,14.995,1,1,1,0,0
logistic,validation,SA19/F01_SA19_R02.txt,F01,1,15.0,1,1,1,0,0
logistic,validation,SA19/F01_SA19_R03.txt,F01,1,15.0,1,1,1,0,0
logistic,validation,SA19/F01_SA19_R04.txt,F01,1,15.0,1,0,0,0,1
logistic,validation,SA19/F01_SA19_R05.txt,F01,1,15.0,1,1,1,0,0
logistic,validation,SA19/F02_SA19_R01.txt,F02,1,15.0,1,1,1,0,0
logistic,validation,SA19/F02_SA19_R02.txt,F02,1,15.0,1,1,1,0,0
logistic,validation,SA19/F02_SA19_R03.txt,F02,1,15.0,1,2,1,0,0
logistic,validation,SA19/F02_SA19_R04.txt,F02,1,15.0,1,1,1,0,0
logistic,validation,SA19/F02_SA19_R05.txt,F02,1,15.0,1,1,1,0,0
logistic,validation,SA19/F03_SA19_R01.txt,F03,1,15.0,1,1,1,0,0
logistic,validation,SA19/F03_SA19_R02.txt,F03,1,15.0,1,0,0,0,1
logistic,validation,SA19/F03_SA19_R03.txt,F03,1,14.995,1,1,1,0,0
logistic,validation,SA19/F03_SA19_R04.txt,F03,1,15.0,1,1,1,0,0
logistic,validation,SA19/F03_SA19_R05.txt,F03,1,15.0,1,1,1,0,0
logistic,validation,SA19/F04_SA19_R01.txt,F04,1,15.0,1,1,1,0,0
logistic,validation,SA19/F04_SA19_R02.txt,F04,1,15.0,1,1,1,0,0
logistic,validation,SA19/F04_SA19_R03.txt,F04,1,14.985,1,1,1,0,0
logistic,validation,SA19/F04_SA19_R04.txt,F04,1,15.0,1,1,1,0,0
logistic,validation,SA19/F04_SA19_R05.txt,F04,1,15.0,1,1,1,0,0
logistic,validation,SA19/F05_SA19_R01.txt,F05,1,15.0,1,1,1,0,0
logistic,validation,SA19/F05_SA19_R02.txt,F05,1,15.0,1,1,1,0,0
logistic,validation,SA19/F05_SA19_R03.txt,F05,1,14.995,1,1,1,0,0
logistic,validation,SA19/F05_SA19_R04.txt,F05,1,15.0,1,1,1,0,0
logistic,validation,SA19/F05_SA19_R05.txt,F05,1,15.0,1,1,1,0,0
logistic,validation,SA19/F06_SA19_R01.txt,F06,1,14.995,1,1,1,0,0
logistic,validation,SA19/F06_SA19_R02.txt,F06,1,15.0,1,1,1,0,0
logistic,validation,SA19/F06_SA19_R03.txt,F06,1,15.0,1,1,1,0,0
logistic,validation,SA19/F06_SA19_R04.txt,F06,1,15.0,1,1,1,0,0
logistic,validation,SA19/F06_SA19_R05.txt,F06,1,15.0,1,1,1,0,0
logistic,validation,SA19/F07_SA19_R01.txt,F07,1,14.995,1,0,0,0,1
logistic,validation,SA19/F07_SA19_R02.txt,F07,1,15.0,1,1,1,0,0
logistic,validation,SA19/F07_SA19_R03.txt,F07,1,15.0,1,0,0,0,1
logistic,validation,SA19/F07_SA19_R04.txt,F07,1,15.0,1,1,1,0,0
logistic,validation,SA19/F07_SA19_R05.txt,F07,1,14.995,1,1,1,0,0
logistic,validation,SA19/F08_SA19_R01.txt,F08,1,14.99,1,1,1,0,0
logistic,validation,SA19/F08_SA19_R02.txt,F08,1,15.0,0,0,0,1,0
logistic,validation,SA19/F08_SA19_R03.txt,F08,1,15.0,1,1,1,0,0
logistic,validation,SA19/F08_SA19_R04.txt,F08,1,15.0,1,1,1,0,0
logistic,validation,SA19/F08_SA19_R05.txt,F08,1,15.0,1,1,1,0,0
logistic,validation,SA19/F09_SA19_R01.txt,F09,1,15.0,1,1,1,0,0
logistic,validation,SA19/F09_SA19_R02.txt,F09,1,15.0,1,1,1,0,0
logistic,validation,SA19/F09_SA19_R03.txt,F09,1,15.0,1,1,1,0,0
logistic,validation,SA19/F09_SA19_R04.txt,F09,1,15.0,1,1,1,0,0
logistic,validation,SA19/F09_SA19_R05.txt,F09,1,15.0,1,0,0,0,1
logistic,validation,SA19/F10_SA19_R01.txt,F10,1,15.0,1,1,1,0,0
logistic,validation,SA19/F10_SA19_R02.txt,F10,1,15.0,1,1,1,0,0
logistic,validation,SA19/F10_SA19_R03.txt,F10,1,15.0,1,1,1,0,0
logistic,validation,SA19/F10_SA19_R04.txt,F10,1,15.0,1,1,1,0,0
logistic,validation,SA19/F10_SA19_R05.txt,F10,1,15.0,1,1,1,0,0
logistic,validation,SA19/F11_SA19_R01.txt,F11,1,14.995,1,1,1,0,0
logistic,validation,SA19/F11_SA19_R02.txt,F11,1,15.0,1,1,1,0,0
logistic,validation,SA19/F11_SA19_R03.txt,F11,1,15.0,1,1,1,0,0
logistic,validation,SA19/F11_SA19_R04.txt,F11,1,15.0,1,1,1,0,0
logistic,validation,SA19/F11_SA19_R05.txt,F11,1,14.995,1,1,1,0,0
logistic,validation,SA19/F12_SA19_R01.txt,F12,1,15.0,1,1,1,0,0
logistic,validation,SA19/F12_SA19_R02.txt,F12,1,15.0,1,1,1,0,0
logistic,validation,SA19/F12_SA19_R03.txt,F12,1,15.0,1,1,1,0,0
logistic,validation,SA19/F12_SA19_R04.txt,F12,1,14.985,1,1,1,0,0
logistic,validation,SA19/F12_SA19_R05.txt,F12,1,15.0,1,1,1,0,0
logistic,validation,SA19/F13_SA19_R01.txt,F13,1,15.0,1,1,1,0,0
logistic,validation,SA19/F13_SA19_R02.txt,F13,1,15.0,1,1,1,0,0
logistic,validation,SA19/F13_SA19_R03.txt,F13,1,15.0,1,0,0,0,1
logistic,validation,SA19/F13_SA19_R04.txt,F13,1,15.0,1,1,1,0,0
logistic,validation,SA19/F13_SA19_R05.txt,F13,1,15.0,1,1,1,0,0
logistic,validation,SA19/F14_SA19_R01.txt,F14,1,15.0,1,1,1,0,0
logistic,validation,SA19/F14_SA19_R02.txt,F14,1,15.0,1,1,1,0,0
logistic,validation,SA19/F14_SA19_R03.txt,F14,1,15.0,1,1,1,0,0
logistic,validation,SA19/F14_SA19_R04.txt,F14,1,15.0,1,1,1,0,0
logistic,validation,SA19/F14_SA19_R05.txt,F14,1,15.0,1,1,1,0,0
logistic,validation,SA19/F15_SA19_R01.txt,F15,1,15.0,1,1,1,0,0
logistic,validation,SA19/F15_SA19_R02.txt,F15,1,15.0,1,1,1,0,0
logistic,validation,SA19/F15_SA19_R03.txt,F15,1,15.0,1,1,1,0,0
logistic,validation,SA19/F15_SA19_R04.txt,F15,1,15.0,1,1,1,0,0
logistic,validation,SA19/F15_SA19_R05.txt,F15,1,15.0,1,1,1,0,0
logistic,validation,SE08/D01_SE08_R01.txt,D01,0,99.995,0,0,0,0,0
logistic,validation,SE08/D02_SE08_R01.txt,D02,0,100.0,0,0,0,0,0
logistic,validation,SE08/D03_SE08_R01.txt,D03,0,100.0,0,0,0,0,0
logistic,validation,SE08/D04_SE08_R01.txt,D04,0,100.0,0,0,0,0,0
logistic,validation,SE08/D05_SE08_R01.txt,D05,0,24.995,0,0,0,0,0
logistic,validation,SE08/D05_SE08_R02.txt,D05,0,24.995,0,0,0,0,0
logistic,validation,SE08/D05_SE08_R03.txt,D05,0,24.995,0,0,0,0,0
logistic,validation,SE08/D05_SE08_R04.txt,D05,0,24.995,0,0,0,0,0
logistic,validation,SE08/D05_SE08_R05.txt,D05,0,25.0,0,0,0,0,0
logistic,validation,SE08/D07_SE08_R01.txt,D07,0,12.0,0,0,0,0,0
logistic,validation,SE08/D07_SE08_R02.txt,D07,0,12.0,0,0,0,0,0
logistic,validation,SE08/D07_SE08_R03.txt,D07,0,12.0,0,0,0,0,0
logistic,validation,SE08/D07_SE08_R04.txt,D07,0,11.995,0,0,0,0,0
logistic,validation,SE08/D07_SE08_R05.txt,D07,0,12.0,0,0,0,0,0
logistic,validation,SE08/D08_SE08_R01.txt,D08,0,11.995,0,0,0,0,0
logistic,validation,SE08/D08_SE08_R02.txt,D08,0,11.995,0,0,0,0,0
logistic,validation,SE08/D08_SE08_R03.txt,D08,0,12.0,0,0,0,0,0
logistic,validation,SE08/D08_SE08_R04.txt,D08,0,12.0,0,0,0,0,0
logistic,validation,SE08/D08_SE08_R05.txt,D08,0,12.0,0,0,0,0,0
logistic,validation,SE08/D09_SE08_R01.txt,D09,0,12.0,0,0,0,0,0
logistic,validation,SE08/D09_SE08_R02.txt,D09,0,12.0,0,0,0,0,0
logistic,validation,SE08/D09_SE08_R03.txt,D09,0,12.0,0,0,0,0,0
logistic,validation,SE08/D09_SE08_R04.txt,D09,0,12.0,0,0,0,0,0
logistic,validation,SE08/D09_SE08_R05.txt,D09,0,12.0,0,0,0,0,0
logistic,validation,SE08/D10_SE08_R01.txt,D10,0,12.0,0,0,0,0,0
logistic,validation,SE08/D10_SE08_R02.txt,D10,0,12.0,0,0,0,0,0
logistic,validation,SE08/D10_SE08_R03.txt,D10,0,12.0,0,0,0,0,0
logistic,validation,SE08/D10_SE08_R04.txt,D10,0,12.0,0,0,0,0,0
logistic,validation,SE08/D10_SE08_R05.txt,D10,0,12.0,0,0,0,0,0
logistic,validation,SE08/D11_SE08_R01.txt,D11,0,12.0,0,0,0,0,0
logistic,validation,SE08/D11_SE08_R02.txt,D11,0,12.0,0,0,0,0,0
logistic,validation,SE08/D11_SE08_R03.txt,D11,0,12.0,0,0,0,0,0
logistic,validation,SE08/D11_SE08_R04.txt,D11,0,12.0,0,0,0,0,0
logistic,validation,SE08/D11_SE08_R05.txt,D11,0,12.0,0,0,0,0,0
logistic,validation,SE08/D12_SE08_R01.txt,D12,0,12.0,0,0,0,0,0
logistic,validation,SE08/D12_SE08_R02.txt,D12,0,12.0,0,0,0,0,0
logistic,validation,SE08/D12_SE08_R03.txt,D12,0,12.0,0,0,0,0,0
logistic,validation,SE08/D12_SE08_R04.txt,D12,0,12.0,0,0,0,0,0
logistic,validation,SE08/D12_SE08_R05.txt,D12,0,12.0,0,0,0,0,0
logistic,validation,SE08/D14_SE08_R01.txt,D14,0,12.0,0,1,0,0,0
logistic,validation,SE08/D14_SE08_R02.txt,D14,0,12.0,0,0,0,0,0
logistic,validation,SE08/D14_SE08_R03.txt,D14,0,12.0,0,0,0,0,0
logistic,validation,SE08/D14_SE08_R04.txt,D14,0,12.0,0,0,0,0,0
logistic,validation,SE08/D14_SE08_R05.txt,D14,0,12.0,0,1,0,0,0
logistic,validation,SE08/D15_SE08_R01.txt,D15,0,12.0,0,0,0,0,0
logistic,validation,SE08/D15_SE08_R02.txt,D15,0,12.0,0,0,0,0,0
logistic,validation,SE08/D15_SE08_R03.txt,D15,0,12.0,0,0,0,0,0
logistic,validation,SE08/D15_SE08_R04.txt,D15,0,12.0,0,0,0,0,0
logistic,validation,SE08/D15_SE08_R05.txt,D15,0,12.0,0,0,0,0,0
logistic,validation,SE08/D16_SE08_R01.txt,D16,0,12.0,0,0,0,0,0
logistic,validation,SE08/D16_SE08_R02.txt,D16,0,12.0,0,0,0,0,0
logistic,validation,SE08/D16_SE08_R03.txt,D16,0,12.0,0,0,0,0,0
logistic,validation,SE08/D16_SE08_R04.txt,D16,0,12.0,0,0,0,0,0
logistic,validation,SE08/D16_SE08_R05.txt,D16,0,12.0,0,0,0,0,0
logistic,validation,SE08/D17_SE08_R01.txt,D17,0,24.995,0,0,0,0,0
logistic,validation,SE08/D17_SE08_R02.txt,D17,0,24.995,0,0,0,0,0
logistic,validation,SE08/D17_SE08_R03.txt,D17,0,24.995,0,0,0,0,0
logistic,validation,SE08/D17_SE08_R04.txt,D17,0,24.995,0,0,0,0,0
logistic,validation,SE08/D17_SE08_R05.txt,D17,0,24.995,0,0,0,0,0
logistic,validation,SE09/D01_SE09_R01.txt,D01,0,99.925,0,0,0,0,0
logistic,validation,SE09/D02_SE09_R01.txt,D02,0,100.0,0,0,0,0,0
logistic,validation,SE09/D03_SE09_R01.txt,D03,0,100.0,0,0,0,0,0
logistic,validation,SE09/D04_SE09_R01.txt,D04,0,100.0,0,0,0,0,0
logistic,validation,SE09/D05_SE09_R01.txt,D05,0,25.0,0,0,0,0,0
logistic,validation,SE09/D05_SE09_R02.txt,D05,0,25.0,0,0,0,0,0
logistic,validation,SE09/D05_SE09_R03.txt,D05,0,25.0,0,0,0,0,0
logistic,validation,SE09/D05_SE09_R04.txt,D05,0,25.0,0,0,0,0,0
logistic,validation,SE09/D05_SE09_R05.txt,D05,0,25.0,0,0,0,0,0
logistic,validation,SE09/D07_SE09_R01.txt,D07,0,12.0,0,0,0,0,0
logistic,validation,SE09/D07_SE09_R02.txt,D07,0,11.995,0,0,0,0,0
logistic,validation,SE09/D07_SE09_R03.txt,D07,0,12.0,0,0,0,0,0
logistic,validation,SE09/D07_SE09_R04.txt,D07,0,12.0,0,0,0,0,0
logistic,validation,SE09/D07_SE09_R05.txt,D07,0,12.0,0,0,0,0,0
logistic,validation,SE09/D08_SE09_R01.txt,D08,0,12.0,0,0,0,0,0
logistic,validation,SE09/D08_SE09_R02.txt,D08,0,12.0,0,0,0,0,0
logistic,validation,SE09/D08_SE09_R03.txt,D08,0,12.0,0,0,0,0,0
logistic,validation,SE09/D08_SE09_R04.txt,D08,0,12.0,0,0,0,0,0
logistic,validation,SE09/D08_SE09_R05.txt,D08,0,12.0,0,0,0,0,0
logistic,validation,SE09/D09_SE09_R01.txt,D09,0,12.0,0,0,0,0,0
logistic,validation,SE09/D09_SE09_R02.txt,D09,0,12.0,0,0,0,0,0
logistic,validation,SE09/D09_SE09_R03.txt,D09,0,12.0,0,0,0,0,0
logistic,validation,SE09/D09_SE09_R04.txt,D09,0,12.0,0,0,0,0,0
logistic,validation,SE09/D09_SE09_R05.txt,D09,0,12.0,0,0,0,0,0
logistic,validation,SE09/D10_SE09_R01.txt,D10,0,12.0,0,0,0,0,0
logistic,validation,SE09/D10_SE09_R02.txt,D10,0,12.0,0,0,0,0,0
logistic,validation,SE09/D10_SE09_R03.txt,D10,0,12.0,0,0,0,0,0
logistic,validation,SE09/D10_SE09_R04.txt,D10,0,12.0,0,0,0,0,0
logistic,validation,SE09/D10_SE09_R05.txt,D10,0,12.0,0,0,0,0,0
logistic,validation,SE09/D11_SE09_R01.txt,D11,0,11.995,0,0,0,0,0
logistic,validation,SE09/D11_SE09_R02.txt,D11,0,12.0,0,0,0,0,0
logistic,validation,SE09/D11_SE09_R03.txt,D11,0,12.0,0,0,0,0,0
logistic,validation,SE09/D11_SE09_R04.txt,D11,0,12.0,0,0,0,0,0
logistic,validation,SE09/D11_SE09_R05.txt,D11,0,12.0,0,0,0,0,0
logistic,validation,SE09/D12_SE09_R01.txt,D12,0,12.0,0,0,0,0,0
logistic,validation,SE09/D12_SE09_R02.txt,D12,0,12.0,0,0,0,0,0
logistic,validation,SE09/D12_SE09_R03.txt,D12,0,12.0,0,0,0,0,0
logistic,validation,SE09/D12_SE09_R04.txt,D12,0,12.0,0,0,0,0,0
logistic,validation,SE09/D12_SE09_R05.txt,D12,0,12.0,0,0,0,0,0
logistic,validation,SE09/D14_SE09_R01.txt,D14,0,12.0,0,0,0,0,0
logistic,validation,SE09/D14_SE09_R02.txt,D14,0,12.0,0,0,0,0,0
logistic,validation,SE09/D14_SE09_R03.txt,D14,0,12.0,0,0,0,0,0
logistic,validation,SE09/D14_SE09_R04.txt,D14,0,12.0,0,0,0,0,0
logistic,validation,SE09/D14_SE09_R05.txt,D14,0,12.0,0,0,0,0,0
logistic,validation,SE09/D15_SE09_R01.txt,D15,0,12.0,0,0,0,0,0
logistic,validation,SE09/D15_SE09_R02.txt,D15,0,12.0,0,0,0,0,0
logistic,validation,SE09/D15_SE09_R03.txt,D15,0,12.0,0,0,0,0,0
logistic,validation,SE09/D15_SE09_R04.txt,D15,0,12.0,0,0,0,0,0
logistic,validation,SE09/D15_SE09_R05.txt,D15,0,12.0,0,0,0,0,0
logistic,validation,SE09/D16_SE09_R01.txt,D16,0,11.995,0,0,0,0,0
logistic,validation,SE09/D16_SE09_R02.txt,D16,0,12.0,0,0,0,0,0
logistic,validation,SE09/D16_SE09_R03.txt,D16,0,12.0,0,0,0,0,0
logistic,validation,SE09/D16_SE09_R04.txt,D16,0,12.0,0,0,0,0,0
logistic,validation,SE09/D16_SE09_R05.txt,D16,0,12.0,0,0,0,0,0
logistic,validation,SE09/D17_SE09_R01.txt,D17,0,25.0,0,0,0,0,0
logistic,validation,SE09/D17_SE09_R02.txt,D17,0,25.0,0,0,0,0,0
logistic,validation,SE09/D17_SE09_R03.txt,D17,0,25.0,0,0,0,0,0
logistic,validation,SE09/D17_SE09_R04.txt,D17,0,25.0,0,0,0,0,0
logistic,validation,SE09/D17_SE09_R05.txt,D17,0,25.0,0,0,0,0,0
logistic,validation,SE11/D01_SE11_R01.txt,D01,0,99.995,0,0,0,0,0
logistic,validation,SE11/D02_SE11_R01.txt,D02,0,100.0,0,0,0,0,0
logistic,validation,SE11/D03_SE11_R01.txt,D03,0,100.0,0,0,0,0,0
logistic,validation,SE11/D04_SE11_R01.txt,D04,0,100.0,0,0,0,0,0
logistic,validation,SE11/D05_SE11_R01.txt,D05,0,25.0,0,0,0,0,0
logistic,validation,SE11/D05_SE11_R02.txt,D05,0,25.0,0,0,0,0,0
logistic,validation,SE11/D05_SE11_R03.txt,D05,0,25.0,0,0,0,0,0
logistic,validation,SE11/D05_SE11_R04.txt,D05,0,25.0,0,0,0,0,0
logistic,validation,SE11/D05_SE11_R05.txt,D05,0,25.0,0,0,0,0,0
logistic,validation,SE11/D07_SE11_R01.txt,D07,0,11.995,0,0,0,0,0
logistic,validation,SE11/D07_SE11_R02.txt,D07,0,12.0,0,0,0,0,0
logistic,validation,SE11/D07_SE11_R03.txt,D07,0,11.995,0,0,0,0,0
logistic,validation,SE11/D07_SE11_R04.txt,D07,0,12.0,0,0,0,0,0
logistic,validation,SE11/D07_SE11_R05.txt,D07,0,12.0,0,0,0,0,0
logistic,validation,SE11/D08_SE11_R01.txt,D08,0,12.0,0,0,0,0,0
logistic,validation,SE11/D08_SE11_R02.txt,D08,0,12.0,0,0,0,0,0
logistic,validation,SE11/D08_SE11_R03.txt,D08,0,12.0,0,0,0,0,0
logistic,validation,SE11/D08_SE11_R04.txt,D08,0,12.0,0,0,0,0,0
logistic,validation,SE11/D08_SE11_R05.txt,D08,0,12.0,0,0,0,0,0
logistic,validation,SE11/D09_SE11_R01.txt,D09,0,12.0,0,0,0,0,0
logistic,validation,SE11/D09_SE11_R02.txt,D09,0,12.0,0,0,0,0,0
logistic,validation,SE11/D09_SE11_R03.txt,D09,0,12.0,0,0,0,0,0
logistic,validation,SE11/D09_SE11_R04.txt,D09,0,12.0,0,0,0,0,0
logistic,validation,SE11/D09_SE11_R05.txt,D09,0,12.0,0,0,0,0,0
logistic,validation,SE11/D10_SE11_R01.txt,D10,0,12.0,0,0,0,0,0
logistic,validation,SE11/D10_SE11_R02.txt,D10,0,12.0,0,0,0,0,0
logistic,validation,SE11/D10_SE11_R03.txt,D10,0,12.0,0,0,0,0,0
logistic,validation,SE11/D10_SE11_R04.txt,D10,0,12.0,0,0,0,0,0
logistic,validation,SE11/D10_SE11_R05.txt,D10,0,12.0,0,0,0,0,0
logistic,validation,SE11/D11_SE11_R01.txt,D11,0,11.995,0,0,0,0,0
logistic,validation,SE11/D11_SE11_R02.txt,D11,0,12.0,0,0,0,0,0
logistic,validation,SE11/D11_SE11_R03.txt,D11,0,12.0,0,0,0,0,0
logistic,validation,SE11/D11_SE11_R04.txt,D11,0,12.0,0,0,0,0,0
logistic,validation,SE11/D11_SE11_R05.txt,D11,0,12.0,0,0,0,0,0
logistic,validation,SE11/D12_SE11_R01.txt,D12,0,12.0,0,0,0,0,0
logistic,validation,SE11/D12_SE11_R02.txt,D12,0,12.0,0,0,0,0,0
logistic,validation,SE11/D12_SE11_R03.txt,D12,0,12.0,0,0,0,0,0
logistic,validation,SE11/D12_SE11_R04.txt,D12,0,12.0,0,0,0,0,0
logistic,validation,SE11/D12_SE11_R05.txt,D12,0,12.0,0,0,0,0,0
logistic,validation,SE11/D14_SE11_R01.txt,D14,0,12.0,0,1,0,0,0
logistic,validation,SE11/D14_SE11_R02.txt,D14,0,12.0,0,0,0,0,0
logistic,validation,SE11/D14_SE11_R03.txt,D14,0,12.0,0,0,0,0,0
logistic,validation,SE11/D14_SE11_R04.txt,D14,0,12.0,0,0,0,0,0
logistic,validation,SE11/D14_SE11_R05.txt,D14,0,12.0,0,0,0,0,0
logistic,validation,SE11/D15_SE11_R01.txt,D15,0,12.0,0,0,0,0,0
logistic,validation,SE11/D15_SE11_R02.txt,D15,0,12.0,0,0,0,0,0
logistic,validation,SE11/D15_SE11_R03.txt,D15,0,12.0,0,0,0,0,0
logistic,validation,SE11/D15_SE11_R04.txt,D15,0,12.0,0,0,0,0,0
logistic,validation,SE11/D15_SE11_R05.txt,D15,0,12.0,0,0,0,0,0
logistic,validation,SE11/D16_SE11_R01.txt,D16,0,11.995,0,0,0,0,0
logistic,validation,SE11/D16_SE11_R02.txt,D16,0,12.0,0,0,0,0,0
logistic,validation,SE11/D16_SE11_R03.txt,D16,0,12.0,0,0,0,0,0
logistic,validation,SE11/D16_SE11_R04.txt,D16,0,12.0,0,0,0,0,0
logistic,validation,SE11/D16_SE11_R05.txt,D16,0,12.0,0,0,0,0,0
logistic,validation,SE11/D17_SE11_R01.txt,D17,0,24.995,0,0,0,0,0
logistic,validation,SE11/D17_SE11_R02.txt,D17,0,25.0,0,0,0,0,0
logistic,validation,SE11/D17_SE11_R03.txt,D17,0,25.0,0,0,0,0,0
logistic,validation,SE11/D17_SE11_R04.txt,D17,0,25.0,0,0,0,0,0
logistic,validation,SE11/D17_SE11_R05.txt,D17,0,25.0,0,0,0,0,0
offline_frozen,train,SA03/D01_SA03_R01.txt,D01,0,99.995,0,0,0,0,0
offline_frozen,train,SA03/D02_SA03_R01.txt,D02,0,100.0,0,0,0,0,0
offline_frozen,train,SA03/D03_SA03_R01.txt,D03,0,100.0,0,0,0,0,0
offline_frozen,train,SA03/D04_SA03_R01.txt,D04,0,100.0,0,3,0,0,0
offline_frozen,train,SA03/D05_SA03_R01.txt,D05,0,25.0,0,0,0,0,0
offline_frozen,train,SA03/D05_SA03_R02.txt,D05,0,25.0,0,0,0,0,0
offline_frozen,train,SA03/D05_SA03_R03.txt,D05,0,25.0,0,0,0,0,0
offline_frozen,train,SA03/D05_SA03_R04.txt,D05,0,25.0,0,0,0,0,0
offline_frozen,train,SA03/D05_SA03_R05.txt,D05,0,25.0,0,0,0,0,0
offline_frozen,train,SA03/D06_SA03_R01.txt,D06,0,24.995,0,3,0,0,0
offline_frozen,train,SA03/D06_SA03_R02.txt,D06,0,25.0,0,0,0,0,0
offline_frozen,train,SA03/D06_SA03_R03.txt,D06,0,25.0,0,0,0,0,0
offline_frozen,train,SA03/D06_SA03_R04.txt,D06,0,25.0,0,0,0,0,0
offline_frozen,train,SA03/D06_SA03_R05.txt,D06,0,25.0,0,0,0,0,0
offline_frozen,train,SA03/D07_SA03_R01.txt,D07,0,12.0,0,0,0,0,0
offline_frozen,train,SA03/D07_SA03_R02.txt,D07,0,12.0,0,0,0,0,0
offline_frozen,train,SA03/D07_SA03_R03.txt,D07,0,12.0,0,0,0,0,0
offline_frozen,train,SA03/D07_SA03_R04.txt,D07,0,12.0,0,0,0,0,0
offline_frozen,train,SA03/D07_SA03_R05.txt,D07,0,12.0,0,0,0,0,0
offline_frozen,train,SA03/D08_SA03_R01.txt,D08,0,12.0,0,0,0,0,0
offline_frozen,train,SA03/D08_SA03_R02.txt,D08,0,12.0,0,0,0,0,0
offline_frozen,train,SA03/D08_SA03_R03.txt,D08,0,12.0,0,0,0,0,0
offline_frozen,train,SA03/D08_SA03_R04.txt,D08,0,12.0,0,0,0,0,0
offline_frozen,train,SA03/D08_SA03_R05.txt,D08,0,12.0,0,0,0,0,0
offline_frozen,train,SA03/D09_SA03_R01.txt,D09,0,12.0,0,0,0,0,0
offline_frozen,train,SA03/D09_SA03_R02.txt,D09,0,12.0,0,0,0,0,0
offline_frozen,train,SA03/D09_SA03_R03.txt,D09,0,12.0,0,0,0,0,0
offline_frozen,train,SA03/D09_SA03_R04.txt,D09,0,12.0,0,0,0,0,0
offline_frozen,train,SA03/D09_SA03_R05.txt,D09,0,12.0,0,0,0,0,0
offline_frozen,train,SA03/D10_SA03_R01.txt,D10,0,12.0,0,0,0,0,0
offline_frozen,train,SA03/D10_SA03_R02.txt,D10,0,12.0,0,0,0,0,0
offline_frozen,train,SA03/D10_SA03_R03.txt,D10,0,12.0,0,0,0,0,0
offline_frozen,train,SA03/D10_SA03_R04.txt,D10,0,12.0,0,0,0,0,0
offline_frozen,train,SA03/D10_SA03_R05.txt,D10,0,12.0,0,0,0,0,0
offline_frozen,train,SA03/D11_SA03_R01.txt,D11,0,11.995,0,1,0,0,0
offline_frozen,train,SA03/D11_SA03_R02.txt,D11,0,12.0,0,1,0,0,0
offline_frozen,train,SA03/D11_SA03_R03.txt,D11,0,12.0,0,0,0,0,0
offline_frozen,train,SA03/D11_SA03_R04.txt,D11,0,11.995,0,0,0,0,0
offline_frozen,train,SA03/D11_SA03_R05.txt,D11,0,12.0,0,0,0,0,0
offline_frozen,train,SA03/D12_SA03_R01.txt,D12,0,12.0,0,0,0,0,0
offline_frozen,train,SA03/D12_SA03_R02.txt,D12,0,12.0,0,0,0,0,0
offline_frozen,train,SA03/D12_SA03_R03.txt,D12,0,12.0,0,0,0,0,0
offline_frozen,train,SA03/D12_SA03_R04.txt,D12,0,12.0,0,0,0,0,0
offline_frozen,train,SA03/D12_SA03_R05.txt,D12,0,12.0,0,0,0,0,0
offline_frozen,train,SA03/D13_SA03_R01.txt,D13,0,12.0,0,0,0,0,0
offline_frozen,train,SA03/D13_SA03_R02.txt,D13,0,12.0,0,0,0,0,0
offline_frozen,train,SA03/D13_SA03_R03.txt,D13,0,12.0,0,0,0,0,0
offline_frozen,train,SA03/D13_SA03_R04.txt,D13,0,12.0,0,0,0,0,0
offline_frozen,train,SA03/D13_SA03_R05.txt,D13,0,12.0,0,0,0,0,0
offline_frozen,train,SA03/D14_SA03_R01.txt,D14,0,12.0,0,0,0,0,0
offline_frozen,train,SA03/D14_SA03_R02.txt,D14,0,12.0,0,0,0,0,0
offline_frozen,train,SA03/D14_SA03_R03.txt,D14,0,12.0,0,0,0,0,0
offline_frozen,train,SA03/D14_SA03_R04.txt,D14,0,12.0,0,0,0,0,0
offline_frozen,train,SA03/D14_SA03_R05.txt,D14,0,12.0,0,0,0,0,0
offline_frozen,train,SA03/D15_SA03_R01.txt,D15,0,12.0,0,0,0,0,0
offline_frozen,train,SA03/D15_SA03_R02.txt,D15,0,12.0,0,0,0,0,0
offline_frozen,train,SA03/D15_SA03_R03.txt,D15,0,12.0,0,0,0,0,0
offline_frozen,train,SA03/D15_SA03_R04.txt,D15,0,12.0,0,0,0,0,0
offline_frozen,train,SA03/D15_SA03_R05.txt,D15,0,12.0,0,0,0,0,0
offline_frozen,train,SA03/D16_SA03_R01.txt,D16,0,11.995,0,0,0,0,0
offline_frozen,train,SA03/D16_SA03_R02.txt,D16,0,12.0,0,0,0,0,0
offline_frozen,train,SA03/D16_SA03_R03.txt,D16,0,12.0,0,0,0,0,0
offline_frozen,train,SA03/D16_SA03_R04.txt,D16,0,12.0,0,0,0,0,0
offline_frozen,train,SA03/D16_SA03_R05.txt,D16,0,12.0,0,0,0,0,0
offline_frozen,train,SA03/D17_SA03_R01.txt,D17,0,24.995,0,0,0,0,0
offline_frozen,train,SA03/D17_SA03_R02.txt,D17,0,25.0,0,0,0,0,0
offline_frozen,train,SA03/D17_SA03_R03.txt,D17,0,25.0,0,0,0,0,0
offline_frozen,train,SA03/D17_SA03_R04.txt,D17,0,25.0,0,0,0,0,0
offline_frozen,train,SA03/D17_SA03_R05.txt,D17,0,25.0,0,0,0,0,0
offline_frozen,train,SA03/D18_SA03_R01.txt,D18,0,12.0,0,0,0,0,0
offline_frozen,train,SA03/D18_SA03_R02.txt,D18,0,12.0,0,0,0,0,0
offline_frozen,train,SA03/D18_SA03_R03.txt,D18,0,12.0,0,0,0,0,0
offline_frozen,train,SA03/D18_SA03_R04.txt,D18,0,12.0,0,0,0,0,0
offline_frozen,train,SA03/D18_SA03_R05.txt,D18,0,12.0,0,0,0,0,0
offline_frozen,train,SA03/D19_SA03_R01.txt,D19,0,12.0,0,1,0,0,0
offline_frozen,train,SA03/D19_SA03_R02.txt,D19,0,12.0,0,2,0,0,0
offline_frozen,train,SA03/D19_SA03_R03.txt,D19,0,12.0,0,1,0,0,0
offline_frozen,train,SA03/D19_SA03_R04.txt,D19,0,12.0,0,2,0,0,0
offline_frozen,train,SA03/D19_SA03_R05.txt,D19,0,12.0,0,2,0,0,0
offline_frozen,train,SA03/F01_SA03_R01.txt,F01,1,14.995,1,1,1,0,0
offline_frozen,train,SA03/F01_SA03_R02.txt,F01,1,15.0,1,1,1,0,0
offline_frozen,train,SA03/F01_SA03_R03.txt,F01,1,15.0,1,1,1,0,0
offline_frozen,train,SA03/F01_SA03_R04.txt,F01,1,15.0,1,1,1,0,0
offline_frozen,train,SA03/F01_SA03_R05.txt,F01,1,15.0,1,1,1,0,0
offline_frozen,train,SA03/F02_SA03_R01.txt,F02,1,15.0,1,1,1,0,0
offline_frozen,train,SA03/F02_SA03_R02.txt,F02,1,15.0,1,0,0,0,1
offline_frozen,train,SA03/F02_SA03_R03.txt,F02,1,15.0,1,0,0,0,1
offline_frozen,train,SA03/F02_SA03_R04.txt,F02,1,15.0,1,1,1,0,0
offline_frozen,train,SA03/F02_SA03_R05.txt,F02,1,15.0,1,1,1,0,0
offline_frozen,train,SA03/F03_SA03_R01.txt,F03,1,15.0,1,1,1,0,0
offline_frozen,train,SA03/F03_SA03_R02.txt,F03,1,15.0,1,1,1,0,0
offline_frozen,train,SA03/F03_SA03_R03.txt,F03,1,15.0,0,0,0,1,0
offline_frozen,train,SA03/F03_SA03_R04.txt,F03,1,15.0,1,0,0,0,1
offline_frozen,train,SA03/F03_SA03_R05.txt,F03,1,15.0,1,0,0,0,1
offline_frozen,train,SA03/F04_SA03_R01.txt,F04,1,15.0,1,1,1,0,0
offline_frozen,train,SA03/F04_SA03_R02.txt,F04,1,15.0,1,1,1,0,0
offline_frozen,train,SA03/F04_SA03_R03.txt,F04,1,15.0,1,1,1,0,0
offline_frozen,train,SA03/F04_SA03_R04.txt,F04,1,15.0,1,1,1,0,0
offline_frozen,train,SA03/F04_SA03_R05.txt,F04,1,15.0,1,1,1,0,0
offline_frozen,train,SA03/F05_SA03_R01.txt,F05,1,15.0,1,1,1,0,0
offline_frozen,train,SA03/F05_SA03_R02.txt,F05,1,15.0,1,1,1,0,0
offline_frozen,train,SA03/F05_SA03_R03.txt,F05,1,15.0,1,1,1,0,0
offline_frozen,train,SA03/F05_SA03_R04.txt,F05,1,15.0,1,2,1,0,0
offline_frozen,train,SA03/F05_SA03_R05.txt,F05,1,15.0,1,1,1,0,0
offline_frozen,train,SA03/F06_SA03_R01.txt,F06,1,14.995,1,0,0,0,1
offline_frozen,train,SA03/F06_SA03_R02.txt,F06,1,15.0,1,1,1,0,0
offline_frozen,train,SA03/F06_SA03_R03.txt,F06,1,15.0,1,1,1,0,0
offline_frozen,train,SA03/F06_SA03_R04.txt,F06,1,15.0,1,1,1,0,0
offline_frozen,train,SA03/F06_SA03_R05.txt,F06,1,15.0,1,1,1,0,0
offline_frozen,train,SA03/F07_SA03_R01.txt,F07,1,15.0,1,1,1,0,0
offline_frozen,train,SA03/F07_SA03_R02.txt,F07,1,15.0,1,1,1,0,0
offline_frozen,train,SA03/F07_SA03_R03.txt,F07,1,15.0,1,1,1,0,0
offline_frozen,train,SA03/F07_SA03_R04.txt,F07,1,15.0,1,1,1,0,0
offline_frozen,train,SA03/F07_SA03_R05.txt,F07,1,15.0,1,0,0,0,1
offline_frozen,train,SA03/F08_SA03_R01.txt,F08,1,14.995,1,1,1,0,0
offline_frozen,train,SA03/F08_SA03_R02.txt,F08,1,15.0,1,1,1,0,0
offline_frozen,train,SA03/F08_SA03_R03.txt,F08,1,15.0,1,1,1,0,0
offline_frozen,train,SA03/F08_SA03_R04.txt,F08,1,15.0,1,1,1,0,0
offline_frozen,train,SA03/F08_SA03_R05.txt,F08,1,15.0,1,0,0,0,1
offline_frozen,train,SA03/F09_SA03_R01.txt,F09,1,14.995,1,1,1,0,0
offline_frozen,train,SA03/F09_SA03_R02.txt,F09,1,15.0,1,1,1,0,0
offline_frozen,train,SA03/F09_SA03_R03.txt,F09,1,15.0,1,1,1,0,0
offline_frozen,train,SA03/F09_SA03_R04.txt,F09,1,15.0,1,1,1,0,0
offline_frozen,train,SA03/F09_SA03_R05.txt,F09,1,15.0,1,1,1,0,0
offline_frozen,train,SA03/F10_SA03_R01.txt,F10,1,15.0,1,0,0,0,1
offline_frozen,train,SA03/F10_SA03_R02.txt,F10,1,15.0,1,1,1,0,0
offline_frozen,train,SA03/F10_SA03_R03.txt,F10,1,15.0,1,1,1,0,0
offline_frozen,train,SA03/F10_SA03_R04.txt,F10,1,15.0,1,1,1,0,0
offline_frozen,train,SA03/F10_SA03_R05.txt,F10,1,15.0,1,1,1,0,0
offline_frozen,train,SA03/F11_SA03_R01.txt,F11,1,14.995,1,1,1,0,0
offline_frozen,train,SA03/F11_SA03_R02.txt,F11,1,15.0,1,1,1,0,0
offline_frozen,train,SA03/F11_SA03_R03.txt,F11,1,15.0,1,1,1,0,0
offline_frozen,train,SA03/F11_SA03_R04.txt,F11,1,15.0,1,1,1,0,0
offline_frozen,train,SA03/F11_SA03_R05.txt,F11,1,15.0,1,1,1,0,0
offline_frozen,train,SA03/F12_SA03_R01.txt,F12,1,15.0,1,1,1,0,0
offline_frozen,train,SA03/F12_SA03_R02.txt,F12,1,15.0,1,1,1,0,0
offline_frozen,train,SA03/F12_SA03_R03.txt,F12,1,15.0,1,1,1,0,0
offline_frozen,train,SA03/F12_SA03_R04.txt,F12,1,15.0,1,1,1,0,0
offline_frozen,train,SA03/F12_SA03_R05.txt,F12,1,15.0,1,1,1,0,0
offline_frozen,train,SA03/F13_SA03_R01.txt,F13,1,15.0,1,1,1,0,0
offline_frozen,train,SA03/F13_SA03_R02.txt,F13,1,15.0,1,1,1,0,0
offline_frozen,train,SA03/F13_SA03_R03.txt,F13,1,15.0,1,1,1,0,0
offline_frozen,train,SA03/F13_SA03_R04.txt,F13,1,15.0,1,1,1,0,0
offline_frozen,train,SA03/F13_SA03_R05.txt,F13,1,15.0,1,1,1,0,0
offline_frozen,train,SA03/F14_SA03_R01.txt,F14,1,15.0,1,0,0,0,1
offline_frozen,train,SA03/F14_SA03_R02.txt,F14,1,15.0,1,0,0,0,1
offline_frozen,train,SA03/F14_SA03_R03.txt,F14,1,15.0,1,1,1,0,0
offline_frozen,train,SA03/F14_SA03_R04.txt,F14,1,15.0,1,1,1,0,0
offline_frozen,train,SA03/F14_SA03_R05.txt,F14,1,15.0,1,0,0,0,1
offline_frozen,train,SA03/F15_SA03_R01.txt,F15,1,15.0,1,1,1,0,0
offline_frozen,train,SA03/F15_SA03_R02.txt,F15,1,15.0,1,1,1,0,0
offline_frozen,train,SA03/F15_SA03_R03.txt,F15,1,15.0,1,1,1,0,0
offline_frozen,train,SA03/F15_SA03_R04.txt,F15,1,15.0,1,1,1,0,0
offline_frozen,train,SA03/F15_SA03_R05.txt,F15,1,15.0,1,1,1,0,0
offline_frozen,train,SA04/D01_SA04_R01.txt,D01,0,99.995,0,0,0,0,0
offline_frozen,train,SA04/D02_SA04_R01.txt,D02,0,100.0,0,0,0,0,0
offline_frozen,train,SA04/D03_SA04_R01.txt,D03,0,100.0,0,0,0,0,0
offline_frozen,train,SA04/D04_SA04_R01.txt,D04,0,100.0,0,10,0,0,0
offline_frozen,train,SA04/D05_SA04_R01.txt,D05,0,25.0,0,0,0,0,0
offline_frozen,train,SA04/D05_SA04_R02.txt,D05,0,25.0,0,0,0,0,0
offline_frozen,train,SA04/D05_SA04_R03.txt,D05,0,25.0,0,0,0,0,0
offline_frozen,train,SA04/D05_SA04_R04.txt,D05,0,25.0,0,0,0,0,0
offline_frozen,train,SA04/D05_SA04_R05.txt,D05,0,25.0,0,0,0,0,0
offline_frozen,train,SA04/D06_SA04_R01.txt,D06,0,24.995,0,0,0,0,0
offline_frozen,train,SA04/D06_SA04_R02.txt,D06,0,25.0,0,0,0,0,0
offline_frozen,train,SA04/D06_SA04_R03.txt,D06,0,25.0,0,0,0,0,0
offline_frozen,train,SA04/D06_SA04_R04.txt,D06,0,25.0,0,1,0,0,0
offline_frozen,train,SA04/D06_SA04_R05.txt,D06,0,25.0,0,2,0,0,0
offline_frozen,train,SA04/D07_SA04_R01.txt,D07,0,12.0,0,0,0,0,0
offline_frozen,train,SA04/D07_SA04_R02.txt,D07,0,12.0,0,0,0,0,0
offline_frozen,train,SA04/D07_SA04_R03.txt,D07,0,12.0,0,0,0,0,0
offline_frozen,train,SA04/D07_SA04_R04.txt,D07,0,12.0,0,0,0,0,0
offline_frozen,train,SA04/D07_SA04_R05.txt,D07,0,12.0,0,0,0,0,0
offline_frozen,train,SA04/D08_SA04_R01.txt,D08,0,12.0,0,0,0,0,0
offline_frozen,train,SA04/D08_SA04_R02.txt,D08,0,12.0,0,0,0,0,0
offline_frozen,train,SA04/D08_SA04_R03.txt,D08,0,12.0,0,0,0,0,0
offline_frozen,train,SA04/D08_SA04_R04.txt,D08,0,12.0,0,0,0,0,0
offline_frozen,train,SA04/D08_SA04_R05.txt,D08,0,12.0,0,0,0,0,0
offline_frozen,train,SA04/D09_SA04_R01.txt,D09,0,12.0,0,0,0,0,0
offline_frozen,train,SA04/D09_SA04_R02.txt,D09,0,12.0,0,0,0,0,0
offline_frozen,train,SA04/D09_SA04_R03.txt,D09,0,12.0,0,0,0,0,0
offline_frozen,train,SA04/D09_SA04_R04.txt,D09,0,12.0,0,0,0,0,0
offline_frozen,train,SA04/D09_SA04_R05.txt,D09,0,12.0,0,0,0,0,0
offline_frozen,train,SA04/D10_SA04_R01.txt,D10,0,12.0,0,0,0,0,0
offline_frozen,train,SA04/D10_SA04_R02.txt,D10,0,12.0,0,0,0,0,0
offline_frozen,train,SA04/D10_SA04_R03.txt,D10,0,12.0,0,0,0,0,0
offline_frozen,train,SA04/D10_SA04_R04.txt,D10,0,12.0,0,0,0,0,0
offline_frozen,train,SA04/D10_SA04_R05.txt,D10,0,12.0,0,0,0,0,0
offline_frozen,train,SA04/D11_SA04_R01.txt,D11,0,12.0,0,0,0,0,0
offline_frozen,train,SA04/D11_SA04_R02.txt,D11,0,12.0,0,0,0,0,0
offline_frozen,train,SA04/D11_SA04_R03.txt,D11,0,12.0,0,0,0,0,0
offline_frozen,train,SA04/D11_SA04_R04.txt,D11,0,12.0,0,0,0,0,0
offline_frozen,train,SA04/D11_SA04_R05.txt,D11,0,12.0,0,0,0,0,0
offline_frozen,train,SA04/D12_SA04_R01.txt,D12,0,12.0,0,0,0,0,0
offline_frozen,train,SA04/D12_SA04_R02.txt,D12,0,12.0,0,0,0,0,0
offline_frozen,train,SA04/D12_SA04_R03.txt,D12,0,12.0,0,0,0,0,0
offline_frozen,train,SA04/D12_SA04_R04.txt,D12,0,12.0,0,0,0,0,0
offline_frozen,train,SA04/D12_SA04_R05.txt,D12,0,12.0,0,0,0,0,0
offline_frozen,train,SA04/D13_SA04_R01.txt,D13,0,12.0,0,0,0,0,0
offline_frozen,train,SA04/D13_SA04_R02.txt,D13,0,12.0,0,0,0,0,0
offline_frozen,train,SA04/D13_SA04_R03.txt,D13,0,12.0,0,0,0,0,0
offline_frozen,train,SA04/D13_SA04_R04.txt,D13,0,12.0,0,0,0,0,0
offline_frozen,train,SA04/D13_SA04_R05.txt,D13,0,12.0,0,0,0,0,0
offline_frozen,train,SA04/D14_SA04_R01.txt,D14,0,12.0,0,0,0,0,0
offline_frozen,train,SA04/D14_SA04_R02.txt,D14,0,12.0,0,0,0,0,0
offline_frozen,train,SA04/D14_SA04_R03.txt,D14,0,12.0,0,0,0,0,0
offline_frozen,train,SA04/D14_SA04_R04.txt,D14,0,12.0,0,0,0,0,0
offline_frozen,train,SA04/D14_SA04_R05.txt,D14,0,12.0,0,0,0,0,0
offline_frozen,train,SA04/D15_SA04_R01.txt,D15,0,12.0,0,0,0,0,0
offline_frozen,train,SA04/D15_SA04_R02.txt,D15,0,12.0,0,0,0,0,0
offline_frozen,train,SA04/D15_SA04_R03.txt,D15,0,12.0,0,0,0,0,0
offline_frozen,train,SA04/D15_SA04_R04.txt,D15,0,12.0,0,0,0,0,0
offline_frozen,train,SA04/D15_SA04_R05.txt,D15,0,12.0,0,0,0,0,0
offline_frozen,train,SA04/D16_SA04_R01.txt,D16,0,11.995,0,0,0,0,0
offline_frozen,train,SA04/D16_SA04_R02.txt,D16,0,12.0,0,0,0,0,0
offline_frozen,train,SA04/D16_SA04_R03.txt,D16,0,12.0,0,0,0,0,0
offline_frozen,train,SA04/D16_SA04_R04.txt,D16,0,12.0,0,0,0,0,0
offline_frozen,train,SA04/D16_SA04_R05.txt,D16,0,12.0,0,0,0,0,0
offline_frozen,train,SA04/D17_SA04_R01.txt,D17,0,24.995,0,0,0,0,0
offline_frozen,train,SA04/D17_SA04_R02.txt,D17,0,25.0,0,0,0,0,0
offline_frozen,train,SA04/D17_SA04_R03.txt,D17,0,25.0,0,0,0,0,0
offline_frozen,train,SA04/D17_SA04_R04.txt,D17,0,25.0,0,0,0,0,0
offline_frozen,train,SA04/D17_SA04_R05.txt,D17,0,25.0,0,0,0,0,0
offline_frozen,train,SA04/D18_SA04_R01.txt,D18,0,12.0,0,0,0,0,0
offline_frozen,train,SA04/D18_SA04_R02.txt,D18,0,12.0,0,0,0,0,0
offline_frozen,train,SA04/D18_SA04_R03.txt,D18,0,12.0,0,0,0,0,0
offline_frozen,train,SA04/D18_SA04_R04.txt,D18,0,12.0,0,0,0,0,0
offline_frozen,train,SA04/D18_SA04_R05.txt,D18,0,12.0,0,0,0,0,0
offline_frozen,train,SA04/D19_SA04_R01.txt,D19,0,12.0,0,0,0,0,0
offline_frozen,train,SA04/D19_SA04_R02.txt,D19,0,12.0,0,0,0,0,0
offline_frozen,train,SA04/D19_SA04_R03.txt,D19,0,12.0,0,0,0,0,0
offline_frozen,train,SA04/D19_SA04_R04.txt,D19,0,12.0,0,0,0,0,0
offline_frozen,train,SA04/D19_SA04_R05.txt,D19,0,12.0,0,0,0,0,0
offline_frozen,train,SA04/F01_SA04_R01.txt,F01,1,14.995,1,1,1,0,0
offline_frozen,train,SA04/F01_SA04_R02.txt,F01,1,15.0,1,1,1,0,0
offline_frozen,train,SA04/F01_SA04_R03.txt,F01,1,15.0,1,1,1,0,0
offline_frozen,train,SA04/F01_SA04_R04.txt,F01,1,15.0,1,1,1,0,0
offline_frozen,train,SA04/F01_SA04_R05.txt,F01,1,15.0,1,1,1,0,0
offline_frozen,train,SA04/F02_SA04_R01.txt,F02,1,15.0,1,1,1,0,0
offline_frozen,train,SA04/F02_SA04_R02.txt,F02,1,15.0,1,2,1,0,0
offline_frozen,train,SA04/F02_SA04_R03.txt,F02,1,15.0,1,1,1,0,0
offline_frozen,train,SA04/F02_SA04_R04.txt,F02,1,15.0,1,1,1,0,0
offline_frozen,train,SA04/F02_SA04_R05.txt,F02,1,15.0,1,1,1,0,0
offline_frozen,train,SA04/F03_SA04_R01.txt,F03,1,15.0,1,1,1,0,0
offline_frozen,train,SA04/F03_SA04_R02.txt,F03,1,15.0,1,2,1,0,0
offline_frozen,train,SA04/F03_SA04_R03.txt,F03,1,15.0,1,1,1,0,0
offline_frozen,train,SA04/F03_SA04_R04.txt,F03,1,15.0,1,1,1,0,0
offline_frozen,train,SA04/F03_SA04_R05.txt,F03,1,15.0,1,1,1,0,0
offline_frozen,train,SA04/F04_SA04_R01.txt,F04,1,15.0,1,1,1,0,0
offline_frozen,train,SA04/F04_SA04_R02.txt,F04,1,15.0,1,1,1,0,0
offline_frozen,train,SA04/F04_SA04_R03.txt,F04,1,15.0,1,1,1,0,0
offline_frozen,train,SA04/F04_SA04_R04.txt,F04,1,15.0,1,1,1,0,0
offline_frozen,train,SA04/F04_SA04_R05.txt,F04,1,15.0,1,1,1,0,0
offline_frozen,train,SA04/F05_SA04_R01.txt,F05,1,15.0,1,1,1,0,0
offline_frozen,train,SA04/F05_SA04_R02.txt,F05,1,15.0,1,1,1,0,0
offline_frozen,train,SA04/F05_SA04_R03.txt,F05,1,15.0,1,1,1,0,0
offline_frozen,train,SA04/F05_SA04_R04.txt,F05,1,15.0,1,1,1,0,0
offline_frozen,train,SA04/F05_SA04_R05.txt,F05,1,15.0,1,2,1,0,0
offline_frozen,train,SA04/F06_SA04_R01.txt,F06,1,14.995,1,1,1,0,0
offline_frozen,train,SA04/F06_SA04_R02.txt,F06,1,15.0,1,1,1,0,0
offline_frozen,train,SA04/F06_SA04_R03.txt,F06,1,15.0,1,1,1,0,0
offline_frozen,train,SA04/F06_SA04_R04.txt,F06,1,15.0,1,1,1,0,0
offline_frozen,train,SA04/F06_SA04_R05.txt,F06,1,15.0,1,1,1,0,0
offline_frozen,train,SA04/F07_SA04_R01.txt,F07,1,15.0,1,1,1,0,0
offline_frozen,train,SA04/F07_SA04_R02.txt,F07,1,14.995,1,2,1,0,0
offline_frozen,train,SA04/F07_SA04_R03.txt,F07,1,15.0,1,1,1,0,0
offline_frozen,train,SA04/F07_SA04_R04.txt,F07,1,15.0,1,1,1,0,0
offline_frozen,train,SA04/F07_SA04_R05.txt,F07,1,15.0,1,2,1,0,0
offline_frozen,train,SA04/F08_SA04_R01.txt,F08,1,15.0,1,1,1,0,0
offline_frozen,train,SA04/F08_SA04_R02.txt,F08,1,15.0,1,1,1,0,0
offline_frozen,train,SA04/F08_SA04_R03.txt,F08,1,15.0,1,1,1,0,0
offline_frozen,train,SA04/F08_SA04_R04.txt,F08,1,15.0,1,1,1,0,0
offline_frozen,train,SA04/F08_SA04_R05.txt,F08,1,15.0,1,1,1,0,0
offline_frozen,train,SA04/F09_SA04_R01.txt,F09,1,15.0,1,1,1,0,0
offline_frozen,train,SA04/F09_SA04_R02.txt,F09,1,15.0,1,1,1,0,0
offline_frozen,train,SA04/F09_SA04_R03.txt,F09,1,15.0,1,1,1,0,0
offline_frozen,train,SA04/F09_SA04_R04.txt,F09,1,15.0,1,1,1,0,0
offline_frozen,train,SA04/F09_SA04_R05.txt,F09,1,15.0,1,1,1,0,0
offline_frozen,train,SA04/F10_SA04_R01.txt,F10,1,15.0,1,1,1,0,0
offline_frozen,train,SA04/F10_SA04_R02.txt,F10,1,15.0,1,1,1,0,0
offline_frozen,train,SA04/F10_SA04_R03.txt,F10,1,15.0,1,1,1,0,0
offline_frozen,train,SA04/F10_SA04_R04.txt,F10,1,15.0,1,1,1,0,0
offline_frozen,train,SA04/F10_SA04_R05.txt,F10,1,15.0,1,1,1,0,0
offline_frozen,train,SA04/F11_SA04_R01.txt,F11,1,14.995,1,1,1,0,0
offline_frozen,train,SA04/F11_SA04_R02.txt,F11,1,15.0,1,1,1,0,0
offline_frozen,train,SA04/F11_SA04_R03.txt,F11,1,15.0,1,0,0,0,1
offline_frozen,train,SA04/F11_SA04_R04.txt,F11,1,15.0,1,1,1,0,0
offline_frozen,train,SA04/F11_SA04_R05.txt,F11,1,15.0,1,1,1,0,0
offline_frozen,train,SA04/F12_SA04_R01.txt,F12,1,15.0,1,1,1,0,0
offline_frozen,train,SA04/F12_SA04_R02.txt,F12,1,15.0,1,1,1,0,0
offline_frozen,train,SA04/F12_SA04_R03.txt,F12,1,15.0,1,1,1,0,0
offline_frozen,train,SA04/F12_SA04_R04.txt,F12,1,15.0,1,0,0,0,1
offline_frozen,train,SA04/F12_SA04_R05.txt,F12,1,15.0,1,1,1,0,0
offline_frozen,train,SA04/F13_SA04_R01.txt,F13,1,15.0,1,1,1,0,0
offline_frozen,train,SA04/F13_SA04_R02.txt,F13,1,15.0,1,1,1,0,0
offline_frozen,train,SA04/F13_SA04_R03.txt,F13,1,15.0,1,0,0,0,1
offline_frozen,train,SA04/F13_SA04_R04.txt,F13,1,15.0,1,1,0,0,1
offline_frozen,train,SA04/F13_SA04_R05.txt,F13,1,15.0,1,0,0,0,1
offline_frozen,train,SA04/F14_SA04_R01.txt,F14,1,15.0,1,1,1,0,0
offline_frozen,train,SA04/F14_SA04_R02.txt,F14,1,15.0,1,1,1,0,0
offline_frozen,train,SA04/F14_SA04_R03.txt,F14,1,15.0,1,1,1,0,0
offline_frozen,train,SA04/F14_SA04_R04.txt,F14,1,15.0,1,1,1,0,0
offline_frozen,train,SA04/F14_SA04_R05.txt,F14,1,15.0,1,1,1,0,0
offline_frozen,train,SA04/F15_SA04_R01.txt,F15,1,15.0,1,1,1,0,0
offline_frozen,train,SA04/F15_SA04_R02.txt,F15,1,15.0,1,1,1,0,0
offline_frozen,train,SA04/F15_SA04_R03.txt,F15,1,15.0,1,1,1,0,0
offline_frozen,train,SA04/F15_SA04_R04.txt,F15,1,15.0,1,1,1,0,0
offline_frozen,train,SA04/F15_SA04_R05.txt,F15,1,15.0,1,1,1,0,0
offline_frozen,train,SA07/D01_SA07_R01.txt,D01,0,99.995,0,0,0,0,0
offline_frozen,train,SA07/D02_SA07_R01.txt,D02,0,100.0,0,0,0,0,0
offline_frozen,train,SA07/D03_SA07_R01.txt,D03,0,100.0,0,0,0,0,0
offline_frozen,train,SA07/D04_SA07_R01.txt,D04,0,99.995,0,49,0,0,0
offline_frozen,train,SA07/D05_SA07_R01.txt,D05,0,25.0,0,0,0,0,0
offline_frozen,train,SA07/D05_SA07_R02.txt,D05,0,25.0,0,0,0,0,0
offline_frozen,train,SA07/D05_SA07_R03.txt,D05,0,24.995,0,0,0,0,0
offline_frozen,train,SA07/D05_SA07_R04.txt,D05,0,25.0,0,0,0,0,0
offline_frozen,train,SA07/D05_SA07_R05.txt,D05,0,24.995,0,0,0,0,0
offline_frozen,train,SA07/D06_SA07_R01.txt,D06,0,25.0,0,0,0,0,0
offline_frozen,train,SA07/D06_SA07_R02.txt,D06,0,25.0,0,0,0,0,0
offline_frozen,train,SA07/D06_SA07_R03.txt,D06,0,25.0,0,0,0,0,0
offline_frozen,train,SA07/D06_SA07_R04.txt,D06,0,25.0,0,0,0,0,0
offline_frozen,train,SA07/D06_SA07_R05.txt,D06,0,25.0,0,0,0,0,0
offline_frozen,train,SA07/D07_SA07_R01.txt,D07,0,12.0,0,0,0,0,0
offline_frozen,train,SA07/D07_SA07_R02.txt,D07,0,12.0,0,0,0,0,0
offline_frozen,train,SA07/D07_SA07_R03.txt,D07,0,12.0,0,0,0,0,0
offline_frozen,train,SA07/D07_SA07_R04.txt,D07,0,12.0,0,0,0,0,0
offline_frozen,train,SA07/D07_SA07_R05.txt,D07,0,12.0,0,0,0,0,0
offline_frozen,train,SA07/D08_SA07_R01.txt,D08,0,12.0,0,0,0,0,0
offline_frozen,train,SA07/D08_SA07_R02.txt,D08,0,12.0,0,0,0,0,0
offline_frozen,train,SA07/D08_SA07_R03.txt,D08,0,12.0,0,0,0,0,0
offline_frozen,train,SA07/D08_SA07_R04.txt,D08,0,12.0,0,0,0,0,0
offline_frozen,train,SA07/D08_SA07_R05.txt,D08,0,12.0,0,0,0,0,0
offline_frozen,train,SA07/D09_SA07_R01.txt,D09,0,12.0,0,0,0,0,0
offline_frozen,train,SA07/D09_SA07_R02.txt,D09,0,12.0,0,0,0,0,0
offline_frozen,train,SA07/D09_SA07_R03.txt,D09,0,12.0,0,0,0,0,0
offline_frozen,train,SA07/D09_SA07_R04.txt,D09,0,12.0,0,0,0,0,0
offline_frozen,train,SA07/D09_SA07_R05.txt,D09,0,12.0,0,0,0,0,0
offline_frozen,train,SA07/D10_SA07_R01.txt,D10,0,12.0,0,0,0,0,0
offline_frozen,train,SA07/D10_SA07_R02.txt,D10,0,12.0,0,0,0,0,0
offline_frozen,train,SA07/D10_SA07_R03.txt,D10,0,12.0,0,0,0,0,0
offline_frozen,train,SA07/D10_SA07_R04.txt,D10,0,12.0,0,0,0,0,0
offline_frozen,train,SA07/D10_SA07_R05.txt,D10,0,12.0,0,0,0,0,0
offline_frozen,train,SA07/D11_SA07_R01.txt,D11,0,11.995,0,0,0,0,0
offline_frozen,train,SA07/D11_SA07_R02.txt,D11,0,12.0,0,0,0,0,0
offline_frozen,train,SA07/D11_SA07_R03.txt,D11,0,12.0,0,0,0,0,0
offline_frozen,train,SA07/D11_SA07_R04.txt,D11,0,12.0,0,0,0,0,0
offline_frozen,train,SA07/D11_SA07_R05.txt,D11,0,12.0,0,0,0,0,0
offline_frozen,train,SA07/D12_SA07_R01.txt,D12,0,12.0,0,0,0,0,0
offline_frozen,train,SA07/D12_SA07_R02.txt,D12,0,12.0,0,0,0,0,0
offline_frozen,train,SA07/D12_SA07_R03.txt,D12,0,12.0,0,0,0,0,0
offline_frozen,train,SA07/D12_SA07_R04.txt,D12,0,12.0,0,0,0,0,0
offline_frozen,train,SA07/D12_SA07_R05.txt,D12,0,12.0,0,0,0,0,0
offline_frozen,train,SA07/D13_SA07_R01.txt,D13,0,12.0,0,0,0,0,0
offline_frozen,train,SA07/D13_SA07_R02.txt,D13,0,12.0,0,0,0,0,0
offline_frozen,train,SA07/D13_SA07_R03.txt,D13,0,12.0,0,0,0,0,0
offline_frozen,train,SA07/D13_SA07_R04.txt,D13,0,12.0,0,0,0,0,0
offline_frozen,train,SA07/D13_SA07_R05.txt,D13,0,12.0,0,0,0,0,0
offline_frozen,train,SA07/D14_SA07_R01.txt,D14,0,12.0,0,0,0,0,0
offline_frozen,train,SA07/D14_SA07_R02.txt,D14,0,12.0,0,0,0,0,0
offline_frozen,train,SA07/D14_SA07_R03.txt,D14,0,12.0,0,0,0,0,0
offline_frozen,train,SA07/D14_SA07_R04.txt,D14,0,12.0,0,0,0,0,0
offline_frozen,train,SA07/D14_SA07_R05.txt,D14,0,12.0,0,0,0,0,0
offline_frozen,train,SA07/D15_SA07_R01.txt,D15,0,11.995,0,0,0,0,0
offline_frozen,train,SA07/D15_SA07_R02.txt,D15,0,12.0,0,0,0,0,0
offline_frozen,train,SA07/D15_SA07_R03.txt,D15,0,12.0,0,0,0,0,0
offline_frozen,train,SA07/D15_SA07_R04.txt,D15,0,12.0,0,0,0,0,0
offline_frozen,train,SA07/D15_SA07_R05.txt,D15,0,12.0,0,0,0,0,0
offline_frozen,train,SA07/D16_SA07_R01.txt,D16,0,12.0,0,0,0,0,0
offline_frozen,train,SA07/D16_SA07_R02.txt,D16,0,12.0,0,0,0,0,0
offline_frozen,train,SA07/D16_SA07_R03.txt,D16,0,12.0,0,0,0,0,0
offline_frozen,train,SA07/D16_SA07_R04.txt,D16,0,12.0,0,0,0,0,0
offline_frozen,train,SA07/D16_SA07_R05.txt,D16,0,12.0,0,0,0,0,0
offline_frozen,train,SA07/D17_SA07_R01.txt,D17,0,25.0,0,0,0,0,0
offline_frozen,train,SA07/D17_SA07_R02.txt,D17,0,25.0,0,0,0,0,0
offline_frozen,train,SA07/D17_SA07_R03.txt,D17,0,25.0,0,0,0,0,0
offline_frozen,train,SA07/D17_SA07_R04.txt,D17,0,25.0,0,0,0,0,0
offline_frozen,train,SA07/D17_SA07_R05.txt,D17,0,25.0,0,0,0,0,0
offline_frozen,train,SA07/D18_SA07_R01.txt,D18,0,11.995,0,0,0,0,0
offline_frozen,train,SA07/D18_SA07_R02.txt,D18,0,12.0,0,0,0,0,0
offline_frozen,train,SA07/D18_SA07_R03.txt,D18,0,12.0,0,0,0,0,0
offline_frozen,train,SA07/D18_SA07_R04.txt,D18,0,12.0,0,0,0,0,0
offline_frozen,train,SA07/D18_SA07_R05.txt,D18,0,12.0,0,0,0,0,0
offline_frozen,train,SA07/D19_SA07_R01.txt,D19,0,12.0,0,0,0,0,0
offline_frozen,train,SA07/D19_SA07_R02.txt,D19,0,12.0,0,0,0,0,0
offline_frozen,train,SA07/D19_SA07_R03.txt,D19,0,12.0,0,0,0,0,0
offline_frozen,train,SA07/D19_SA07_R04.txt,D19,0,12.0,0,0,0,0,0
offline_frozen,train,SA07/D19_SA07_R05.txt,D19,0,12.0,0,0,0,0,0
offline_frozen,train,SA07/F01_SA07_R01.txt,F01,1,15.0,1,1,1,0,0
offline_frozen,train,SA07/F01_SA07_R02.txt,F01,1,15.0,1,1,1,0,0
offline_frozen,train,SA07/F01_SA07_R03.txt,F01,1,15.0,1,1,1,0,0
offline_frozen,train,SA07/F01_SA07_R04.txt,F01,1,15.0,1,1,1,0,0
offline_frozen,train,SA07/F01_SA07_R05.txt,F01,1,15.0,1,1,1,0,0
offline_frozen,train,SA07/F02_SA07_R01.txt,F02,1,15.0,1,1,1,0,0
offline_frozen,train,SA07/F02_SA07_R02.txt,F02,1,15.0,1,1,1,0,0
offline_frozen,train,SA07/F02_SA07_R03.txt,F02,1,15.0,1,1,1,0,0
offline_frozen,train,SA07/F02_SA07_R04.txt,F02,1,15.0,1,1,1,0,0
offline_frozen,train,SA07/F02_SA07_R05.txt,F02,1,15.0,1,1,1,0,0
offline_frozen,train,SA07/F03_SA07_R01.txt,F03,1,15.0,1,1,1,0,0
offline_frozen,train,SA07/F03_SA07_R02.txt,F03,1,15.0,1,1,1,0,0
offline_frozen,train,SA07/F03_SA07_R03.txt,F03,1,15.0,1,1,1,0,0
offline_frozen,train,SA07/F03_SA07_R04.txt,F03,1,15.0,1,0,0,0,1
offline_frozen,train,SA07/F03_SA07_R05.txt,F03,1,15.0,1,1,1,0,0
offline_frozen,train,SA07/F04_SA07_R01.txt,F04,1,15.0,1,1,1,0,0
offline_frozen,train,SA07/F04_SA07_R02.txt,F04,1,15.0,1,1,1,0,0
offline_frozen,train,SA07/F04_SA07_R03.txt,F04,1,15.0,1,0,0,0,1
offline_frozen,train,SA07/F04_SA07_R04.txt,F04,1,15.0,1,1,1,0,0
offline_frozen,train,SA07/F04_SA07_R05.txt,F04,1,15.0,1,0,0,0,1
offline_frozen,train,SA07/F05_SA07_R01.txt,F05,1,15.0,1,1,1,0,0
offline_frozen,train,SA07/F05_SA07_R02.txt,F05,1,15.0,1,1,1,0,0
offline_frozen,train,SA07/F05_SA07_R03.txt,F05,1,15.0,1,1,1,0,0
offline_frozen,train,SA07/F05_SA07_R04.txt,F05,1,15.0,1,1,1,0,0
offline_frozen,train,SA07/F05_SA07_R05.txt,F05,1,15.0,1,1,1,0,0
offline_frozen,train,SA07/F06_SA07_R01.txt,F06,1,15.0,1,1,1,0,0
offline_frozen,train,SA07/F06_SA07_R02.txt,F06,1,15.0,1,1,1,0,0
offline_frozen,train,SA07/F06_SA07_R03.txt,F06,1,14.995,1,1,1,0,0
offline_frozen,train,SA07/F06_SA07_R04.txt,F06,1,15.0,1,1,1,0,0
offline_frozen,train,SA07/F06_SA07_R05.txt,F06,1,15.0,1,1,1,0,0
offline_frozen,train,SA07/F07_SA07_R01.txt,F07,1,15.0,1,1,1,0,0
offline_frozen,train,SA07/F07_SA07_R02.txt,F07,1,15.0,0,0,0,1,0
offline_frozen,train,SA07/F07_SA07_R03.txt,F07,1,15.0,1,1,1,0,0
offline_frozen,train,SA07/F07_SA07_R04.txt,F07,1,15.0,1,1,1,0,0
offline_frozen,train,SA07/F07_SA07_R05.txt,F07,1,15.0,1,1,1,0,0
offline_frozen,train,SA07/F08_SA07_R01.txt,F08,1,15.0,1,1,1,0,0
offline_frozen,train,SA07/F08_SA07_R02.txt,F08,1,15.0,1,1,1,0,0
offline_frozen,train,SA07/F08_SA07_R03.txt,F08,1,15.0,1,1,1,0,0
offline_frozen,train,SA07/F08_SA07_R04.txt,F08,1,15.0,1,1,1,0,0
offline_frozen,train,SA07/F08_SA07_R05.txt,F08,1,15.0,1,1,1,0,0
offline_frozen,train,SA07/F09_SA07_R01.txt,F09,1,15.0,1,1,1,0,0
offline_frozen,train,SA07/F09_SA07_R02.txt,F09,1,15.0,1,1,1,0,0
offline_frozen,train,SA07/F09_SA07_R03.txt,F09,1,15.0,1,1,1,0,0
offline_frozen,train,SA07/F09_SA07_R04.txt,F09,1,15.0,1,1,1,0,0
offline_frozen,train,SA07/F09_SA07_R05.txt,F09,1,15.0,1,1,1,0,0
offline_frozen,train,SA07/F10_SA07_R01.txt,F10,1,15.0,1,1,1,0,0
offline_frozen,train,SA07/F10_SA07_R02.txt,F10,1,15.0,1,1,1,0,0
offline_frozen,train,SA07/F10_SA07_R03.txt,F10,1,15.0,1,1,1,0,0
offline_frozen,train,SA07/F10_SA07_R04.txt,F10,1,15.0,1,1,1,0,0
offline_frozen,train,SA07/F10_SA07_R05.txt,F10,1,15.0,1,1,1,0,0
offline_frozen,train,SA07/F11_SA07_R01.txt,F11,1,14.995,1,1,1,0,0
offline_frozen,train,SA07/F11_SA07_R02.txt,F11,1,15.0,1,1,1,0,0
offline_frozen,train,SA07/F11_SA07_R03.txt,F11,1,15.0,1,1,1,0,0
offline_frozen,train,SA07/F11_SA07_R04.txt,F11,1,15.0,1,1,1,0,0
offline_frozen,train,SA07/F11_SA07_R05.txt,F11,1,15.0,1,1,1,0,0
offline_frozen,train,SA07/F12_SA07_R01.txt,F12,1,15.0,1,1,1,0,0
offline_frozen,train,SA07/F12_SA07_R02.txt,F12,1,15.0,1,1,1,0,0
offline_frozen,train,SA07/F12_SA07_R03.txt,F12,1,15.0,1,0,0,0,1
offline_frozen,train,SA07/F12_SA07_R04.txt,F12,1,15.0,1,1,1,0,0
offline_frozen,train,SA07/F12_SA07_R05.txt,F12,1,15.0,1,1,1,0,0
offline_frozen,train,SA07/F13_SA07_R01.txt,F13,1,15.0,1,1,1,0,0
offline_frozen,train,SA07/F13_SA07_R02.txt,F13,1,15.0,1,1,1,0,0
offline_frozen,train,SA07/F13_SA07_R03.txt,F13,1,15.0,1,1,1,0,0
offline_frozen,train,SA07/F13_SA07_R04.txt,F13,1,15.0,1,1,1,0,0
offline_frozen,train,SA07/F13_SA07_R05.txt,F13,1,15.0,1,0,0,0,1
offline_frozen,train,SA07/F14_SA07_R01.txt,F14,1,15.0,1,1,1,0,0
offline_frozen,train,SA07/F14_SA07_R02.txt,F14,1,15.0,1,1,1,0,0
offline_frozen,train,SA07/F14_SA07_R03.txt,F14,1,15.0,1,1,1,0,0
offline_frozen,train,SA07/F14_SA07_R04.txt,F14,1,15.0,1,1,1,0,0
offline_frozen,train,SA07/F14_SA07_R05.txt,F14,1,14.995,1,1,1,0,0
offline_frozen,train,SA07/F15_SA07_R01.txt,F15,1,15.03,1,1,1,0,0
offline_frozen,train,SA07/F15_SA07_R02.txt,F15,1,15.0,1,1,1,0,0
offline_frozen,train,SA07/F15_SA07_R03.txt,F15,1,15.0,1,1,1,0,0
offline_frozen,train,SA07/F15_SA07_R04.txt,F15,1,15.0,1,0,0,0,1
offline_frozen,train,SA07/F15_SA07_R05.txt,F15,1,15.0,1,0,0,0,1
offline_frozen,train,SA10/D01_SA10_R01.txt,D01,0,99.995,0,0,0,0,0
offline_frozen,train,SA10/D02_SA10_R01.txt,D02,0,100.0,0,0,0,0,0
offline_frozen,train,SA10/D03_SA10_R01.txt,D03,0,100.0,0,0,0,0,0
offline_frozen,train,SA10/D04_SA10_R01.txt,D04,0,100.0,0,0,0,0,0
offline_frozen,train,SA10/D05_SA10_R01.txt,D05,0,24.995,0,0,0,0,0
offline_frozen,train,SA10/D05_SA10_R02.txt,D05,0,25.0,0,0,0,0,0
offline_frozen,train,SA10/D05_SA10_R03.txt,D05,0,25.0,0,0,0,0,0
offline_frozen,train,SA10/D05_SA10_R04.txt,D05,0,25.0,0,0,0,0,0
offline_frozen,train,SA10/D05_SA10_R05.txt,D05,0,25.0,0,0,0,0,0
offline_frozen,train,SA10/D06_SA10_R01.txt,D06,0,24.995,0,0,0,0,0
offline_frozen,train,SA10/D06_SA10_R02.txt,D06,0,25.0,0,0,0,0,0
offline_frozen,train,SA10/D06_SA10_R03.txt,D06,0,25.0,0,0,0,0,0
offline_frozen,train,SA10/D06_SA10_R04.txt,D06,0,25.025,0,0,0,0,0
offline_frozen,train,SA10/D06_SA10_R05.txt,D06,0,25.0,0,0,0,0,0
offline_frozen,train,SA10/D07_SA10_R01.txt,D07,0,12.0,0,0,0,0,0
offline_frozen,train,SA10/D07_SA10_R02.txt,D07,0,12.0,0,0,0,0,0
offline_frozen,train,SA10/D07_SA10_R03.txt,D07,0,12.0,0,0,0,0,0
offline_frozen,train,SA10/D07_SA10_R04.txt,D07,0,12.0,0,0,0,0,0
offline_frozen,train,SA10/D07_SA10_R05.txt,D07,0,12.0,0,0,0,0,0
offline_frozen,train,SA10/D08_SA10_R01.txt,D08,0,12.0,0,0,0,0,0
offline_frozen,train,SA10/D08_SA10_R02.txt,D08,0,12.0,0,0,0,0,0
offline_frozen,train,SA10/D08_SA10_R03.txt,D08,0,12.0,0,0,0,0,0
offline_frozen,train,SA10/D08_SA10_R04.txt,D08,0,12.0,0,0,0,0,0
offline_frozen,train,SA10/D08_SA10_R05.txt,D08,0,11.995,0,0,0,0,0
offline_frozen,train,SA10/D09_SA10_R01.txt,D09,0,11.995,0,0,0,0,0
offline_frozen,train,SA10/D09_SA10_R02.txt,D09,0,12.0,0,0,0,0,0
offline_frozen,train,SA10/D09_SA10_R03.txt,D09,0,12.0,0,0,0,0,0
offline_frozen,train,SA10/D09_SA10_R04.txt,D09,0,12.0,0,0,0,0,0
offline_frozen,train,SA10/D09_SA10_R05.txt,D09,0,12.0,0,0,0,0,0
offline_frozen,train,SA10/D10_SA10_R01.txt,D10,0,12.0,0,0,0,0,0
offline_frozen,train,SA10/D10_SA10_R02.txt,D10,0,12.0,0,0,0,0,0
offline_frozen,train,SA10/D10_SA10_R03.txt,D10,0,12.0,0,0,0,0,0
offline_frozen,train,SA10/D10_SA10_R04.txt,D10,0,12.0,0,0,0,0,0
offline_frozen,train,SA10/D10_SA10_R05.txt,D10,0,12.0,0,0,0,0,0
offline_frozen,train,SA10/D11_SA10_R01.txt,D11,0,11.995,0,0,0,0,0
offline_frozen,train,SA10/D11_SA10_R02.txt,D11,0,12.0,0,0,0,0,0
offline_frozen,train,SA10/D11_SA10_R03.txt,D11,0,12.0,0,0,0,0,0
offline_frozen,train,SA10/D11_SA10_R04.txt,D11,0,12.0,0,0,0,0,0
offline_frozen,train,SA10/D11_SA10_R05.txt,D11,0,12.0,0,0,0,0,0
offline_frozen,train,SA10/D12_SA10_R01.txt,D12,0,12.0,0,0,0,0,0
offline_frozen,train,SA10/D12_SA10_R02.txt,D12,0,12.0,0,0,0,0,0
offline_frozen,train,SA10/D12_SA10_R03.txt,D12,0,12.0,0,0,0,0,0
offline_frozen,train,SA10/D12_SA10_R04.txt,D12,0,12.0,0,0,0,0,0
offline_frozen,train,SA10/D12_SA10_R05.txt,D12,0,12.0,0,0,0,0,0
offline_frozen,train,SA10/D13_SA10_R01.txt,D13,0,12.0,0,0,0,0,0
offline_frozen,train,SA10/D13_SA10_R02.txt,D13,0,12.0,0,0,0,0,0
offline_frozen,train,SA10/D13_SA10_R03.txt,D13,0,12.0,0,0,0,0,0
offline_frozen,train,SA10/D13_SA10_R04.txt,D13,0,12.0,0,0,0,0,0
offline_frozen,train,SA10/D13_SA10_R05.txt,D13,0,12.0,0,0,0,0,0
offline_frozen,train,SA10/D14_SA10_R01.txt,D14,0,12.0,0,0,0,0,0
offline_frozen,train,SA10/D14_SA10_R02.txt,D14,0,12.0,0,0,0,0,0
offline_frozen,train,SA10/D14_SA10_R03.txt,D14,0,12.0,0,0,0,0,0
offline_frozen,train,SA10/D14_SA10_R04.txt,D14,0,12.0,0,0,0,0,0
offline_frozen,train,SA10/D14_SA10_R05.txt,D14,0,12.0,0,0,0,0,0
offline_frozen,train,SA10/D15_SA10_R01.txt,D15,0,12.0,0,0,0,0,0
offline_frozen,train,SA10/D15_SA10_R02.txt,D15,0,12.0,0,0,0,0,0
offline_frozen,train,SA10/D15_SA10_R03.txt,D15,0,12.0,0,0,0,0,0
offline_frozen,train,SA10/D15_SA10_R04.txt,D15,0,12.0,0,0,0,0,0
offline_frozen,train,SA10/D15_SA10_R05.txt,D15,0,12.0,0,0,0,0,0
offline_frozen,train,SA10/D16_SA10_R01.txt,D16,0,11.995,0,0,0,0,0
offline_frozen,train,SA10/D16_SA10_R02.txt,D16,0,12.0,0,0,0,0,0
offline_frozen,train,SA10/D16_SA10_R03.txt,D16,0,12.0,0,0,0,0,0
offline_frozen,train,SA10/D16_SA10_R04.txt,D16,0,12.0,0,0,0,0,0
offline_frozen,train,SA10/D16_SA10_R05.txt,D16,0,12.0,0,0,0,0,0
offline_frozen,train,SA10/D17_SA10_R01.txt,D17,0,24.995,0,0,0,0,0
offline_frozen,train,SA10/D17_SA10_R02.txt,D17,0,25.0,0,0,0,0,0
offline_frozen,train,SA10/D17_SA10_R03.txt,D17,0,25.0,0,0,0,0,0
offline_frozen,train,SA10/D17_SA10_R04.txt,D17,0,25.0,0,0,0,0,0
offline_frozen,train,SA10/D17_SA10_R05.txt,D17,0,25.0,0,0,0,0,0
offline_frozen,train,SA10/D18_SA10_R01.txt,D18,0,12.0,0,0,0,0,0
offline_frozen,train,SA10/D18_SA10_R02.txt,D18,0,12.0,0,0,0,0,0
offline_frozen,train,SA10/D18_SA10_R03.txt,D18,0,12.0,0,0,0,0,0
offline_frozen,train,SA10/D18_SA10_R04.txt,D18,0,12.0,0,0,0,0,0
offline_frozen,train,SA10/D18_SA10_R05.txt,D18,0,11.995,0,0,0,0,0
offline_frozen,train,SA10/D19_SA10_R01.txt,D19,0,12.0,0,0,0,0,0
offline_frozen,train,SA10/D19_SA10_R02.txt,D19,0,12.0,0,0,0,0,0
offline_frozen,train,SA10/D19_SA10_R03.txt,D19,0,12.0,0,0,0,0,0
offline_frozen,train,SA10/D19_SA10_R04.txt,D19,0,12.0,0,0,0,0,0
offline_frozen,train,SA10/D19_SA10_R05.txt,D19,0,12.0,0,0,0,0,0
offline_frozen,train,SA10/F01_SA10_R01.txt,F01,1,14.995,1,1,0,0,1
offline_frozen,train,SA10/F01_SA10_R02.txt,F01,1,15.0,1,1,1,0,0
offline_frozen,train,SA10/F01_SA10_R03.txt,F01,1,15.0,1,1,1,0,0
offline_frozen,train,SA10/F01_SA10_R04.txt,F01,1,15.0,1,1,1,0,0
offline_frozen,train,SA10/F01_SA10_R05.txt,F01,1,15.0,1,1,1,0,0
offline_frozen,train,SA10/F02_SA10_R01.txt,F02,1,15.0,1,1,1,0,0
offline_frozen,train,SA10/F02_SA10_R02.txt,F02,1,15.0,1,1,1,0,0
offline_frozen,train,SA10/F02_SA10_R03.txt,F02,1,15.0,1,1,1,0,0
offline_frozen,train,SA10/F02_SA10_R04.txt,F02,1,15.0,1,1,1,0,0
offline_frozen,train,SA10/F02_SA10_R05.txt,F02,1,15.0,1,1,1,0,0
offline_frozen,train,SA10/F03_SA10_R01.txt,F03,1,15.0,1,0,0,0,1
offline_frozen,train,SA10/F03_SA10_R02.txt,F03,1,15.0,1,1,1,0,0
offline_frozen,train,SA10/F03_SA10_R03.txt,F03,1,15.0,1,1,1,0,0
offline_frozen,train,SA10/F03_SA10_R04.txt,F03,1,15.0,1,1,1,0,0
offline_frozen,train,SA10/F03_SA10_R05.txt,F03,1,15.0,1,0,0,0,1
offline_frozen,train,SA10/F04_SA10_R01.txt,F04,1,15.0,1,1,1,0,0
offline_frozen,train,SA10/F04_SA10_R02.txt,F04,1,15.0,1,1,1,0,0
offline_frozen,train,SA10/F04_SA10_R03.txt,F04,1,15.0,1,1,1,0,0
offline_frozen,train,SA10/F04_SA10_R04.txt,F04,1,15.0,1,1,1,0,0
offline_frozen,train,SA10/F04_SA10_R05.txt,F04,1,15.0,1,2,1,0,0
offline_frozen,train,SA10/F05_SA10_R01.txt,F05,1,15.0,1,1,1,0,0
offline_frozen,train,SA10/F05_SA10_R02.txt,F05,1,15.0,1,0,0,0,1
offline_frozen,train,SA10/F05_SA10_R03.txt,F05,1,15.0,1,1,1,0,0
offline_frozen,train,SA10/F05_SA10_R04.txt,F05,1,15.0,1,1,1,0,0
offline_frozen,train,SA10/F05_SA10_R05.txt,F05,1,15.0,1,1,1,0,0
offline_frozen,train,SA10/F06_SA10_R01.txt,F06,1,14.995,1,1,1,0,0
offline_frozen,train,SA10/F06_SA10_R02.txt,F06,1,15.0,1,1,1,0,0
offline_frozen,train,SA10/F06_SA10_R03.txt,F06,1,15.0,1,1,1,0,0
offline_frozen,train,SA10/F06_SA10_R04.txt,F06,1,15.0,1,1,1,0,0
offline_frozen,train,SA10/F06_SA10_R05.txt,F06,1,15.0,1,1,1,0,0
offline_frozen,train,SA10/F07_SA10_R01.txt,F07,1,15.0,1,1,1,0,0
offline_frozen,train,SA10/F07_SA10_R02.txt,F07,1,15.0,1,1,1,0,0
offline_frozen,train,SA10/F07_SA10_R03.txt,F07,1,15.0,1,1,1,0,0
offline_frozen,train,SA10/F07_SA10_R04.txt,F07,1,15.0,1,0,0,0,1
offline_frozen,train,SA10/F07_SA10_R05.txt,F07,1,15.0,1,0,0,0,1
offline_frozen,train,SA10/F08_SA10_R01.txt,F08,1,14.995,1,1,1,0,0
offline_frozen,train,SA10/F08_SA10_R02.txt,F08,1,15.0,1,1,1,0,0
offline_frozen,train,SA10/F08_SA10_R03.txt,F08,1,14.995,1,1,1,0,0
offline_frozen,train,SA10/F08_SA10_R04.txt,F08,1,15.0,1,1,1,0,0
offline_frozen,train,SA10/F08_SA10_R05.txt,F08,1,15.0,1,1,1,0,0
offline_frozen,train,SA10/F09_SA10_R01.txt,F09,1,15.0,1,1,1,0,0
offline_frozen,train,SA10/F09_SA10_R02.txt,F09,1,15.0,1,1,1,0,0
offline_frozen,train,SA10/F09_SA10_R03.txt,F09,1,15.0,1,1,1,0,0
offline_frozen,train,SA10/F09_SA10_R04.txt,F09,1,15.0,1,1,1,0,0
offline_frozen,train,SA10/F09_SA10_R05.txt,F09,1,15.0,1,1,1,0,0
offline_frozen,train,SA10/F10_SA10_R01.txt,F10,1,15.0,1,1,1,0,0
offline_frozen,train,SA10/F10_SA10_R02.txt,F10,1,15.0,1,1,1,0,0
offline_frozen,train,SA10/F10_SA10_R03.txt,F10,1,15.0,1,1,1,0,0
offline_frozen,train,SA10/F10_SA10_R04.txt,F10,1,15.0,1,1,1,0,0
offline_frozen,train,SA10/F10_SA10_R05.txt,F10,1,15.0,1,0,0,0,1
offline_frozen,train,SA10/F11_SA10_R01.txt,F11,1,14.995,1,1,1,0,0
offline_frozen,train,SA10/F11_SA10_R02.txt,F11,1,15.0,1,1,1,0,0
offline_frozen,train,SA10/F11_SA10_R03.txt,F11,1,15.0,1,0,0,0,1
offline_frozen,train,SA10/F11_SA10_R04.txt,F11,1,15.0,1,0,0,0,1
offline_frozen,train,SA10/F11_SA10_R05.txt,F11,1,15.0,1,1,1,0,0
offline_frozen,train,SA10/F12_SA10_R01.txt,F12,1,14.995,1,1,1,0,0
offline_frozen,train,SA10/F12_SA10_R02.txt,F12,1,15.0,1,1,1,0,0
offline_frozen,train,SA10/F12_SA10_R03.txt,F12,1,15.0,1,1,1,0,0
offline_frozen,train,SA10/F12_SA10_R04.txt,F12,1,15.0,1,0,0,0,1
offline_frozen,train,SA10/F12_SA10_R05.txt,F12,1,15.0,1,0,0,0,1
offline_frozen,train,SA10/F13_SA10_R01.txt,F13,1,15.0,1,1,1,0,0
offline_frozen,train,SA10/F13_SA10_R02.txt,F13,1,15.0,1,1,1,0,0
offline_frozen,train,SA10/F13_SA10_R03.txt,F13,1,15.0,1,1,1,0,0
offline_frozen,train,SA10/F13_SA10_R04.txt,F13,1,15.0,1,0,0,0,1
offline_frozen,train,SA10/F13_SA10_R05.txt,F13,1,15.0,1,1,1,0,0
offline_frozen,train,SA10/F14_SA10_R01.txt,F14,1,15.0,1,0,0,0,1
offline_frozen,train,SA10/F14_SA10_R02.txt,F14,1,15.0,1,1,1,0,0
offline_frozen,train,SA10/F14_SA10_R03.txt,F14,1,15.0,1,1,1,0,0
offline_frozen,train,SA10/F14_SA10_R04.txt,F14,1,15.0,1,1,1,0,0
offline_frozen,train,SA10/F14_SA10_R05.txt,F14,1,15.0,1,0,0,0,1
offline_frozen,train,SA10/F15_SA10_R01.txt,F15,1,15.0,1,1,1,0,0
offline_frozen,train,SA10/F15_SA10_R02.txt,F15,1,15.0,1,0,0,0,1
offline_frozen,train,SA10/F15_SA10_R03.txt,F15,1,14.995,1,0,0,0,1
offline_frozen,train,SA10/F15_SA10_R04.txt,F15,1,15.0,1,1,1,0,0
offline_frozen,train,SA10/F15_SA10_R05.txt,F15,1,15.0,1,1,1,0,0
offline_frozen,train,SA11/D01_SA11_R01.txt,D01,0,99.995,0,0,0,0,0
offline_frozen,train,SA11/D02_SA11_R01.txt,D02,0,100.0,0,0,0,0,0
offline_frozen,train,SA11/D03_SA11_R01.txt,D03,0,99.995,0,0,0,0,0
offline_frozen,train,SA11/D04_SA11_R01.txt,D04,0,100.0,0,0,0,0,0
offline_frozen,train,SA11/D05_SA11_R01.txt,D05,0,24.995,0,0,0,0,0
offline_frozen,train,SA11/D05_SA11_R02.txt,D05,0,25.0,0,0,0,0,0
offline_frozen,train,SA11/D05_SA11_R03.txt,D05,0,25.0,0,0,0,0,0
offline_frozen,train,SA11/D05_SA11_R04.txt,D05,0,24.995,0,0,0,0,0
offline_frozen,train,SA11/D05_SA11_R05.txt,D05,0,25.0,0,0,0,0,0
offline_frozen,train,SA11/D06_SA11_R01.txt,D06,0,24.995,0,0,0,0,0
offline_frozen,train,SA11/D06_SA11_R02.txt,D06,0,25.0,0,0,0,0,0
offline_frozen,train,SA11/D06_SA11_R03.txt,D06,0,25.0,0,1,0,0,0
offline_frozen,train,SA11/D06_SA11_R04.txt,D06,0,25.0,0,2,0,0,0
offline_frozen,train,SA11/D06_SA11_R05.txt,D06,0,25.0,0,1,0,0,0
offline_frozen,train,SA11/D07_SA11_R01.txt,D07,0,12.0,0,0,0,0,0
offline_frozen,train,SA11/D07_SA11_R02.txt,D07,0,12.0,0,0,0,0,0
offline_frozen,train,SA11/D07_SA11_R03.txt,D07,0,12.0,0,0,0,0,0
offline_frozen,train,SA11/D07_SA11_R04.txt,D07,0,12.0,0,0,0,0,0
offline_frozen,train,SA11/D07_SA11_R05.txt,D07,0,12.0,0,0,0,0,0
offline_frozen,train,SA11/D08_SA11_R01.txt,D08,0,12.0,0,0,0,0,0
offline_frozen,train,SA11/D08_SA11_R02.txt,D08,0,12.0,0,0,0,0,0
offline_frozen,train,SA11/D08_SA11_R03.txt,D08,0,12.0,0,0,0,0,0
offline_frozen,train,SA11/D08_SA11_R04.txt,D08,0,12.0,0,0,0,0,0
offline_frozen,train,SA11/D08_SA11_R05.txt,D08,0,12.0,0,0,0,0,0
offline_frozen,train,SA11/D09_SA11_R01.txt,D09,0,12.0,0,0,0,0,0
offline_frozen,train,SA11/D09_SA11_R02.txt,D09,0,12.0,0,0,0,0,0
offline_frozen,train,SA11/D09_SA11_R03.txt,D09,0,12.0,0,0,0,0,0
offline_frozen,train,SA11/D09_SA11_R04.txt,D09,0,12.0,0,0,0,0,0
offline_frozen,train,SA11/D09_SA11_R05.txt,D09,0,12.0,0,0,0,0,0
offline_frozen,train,SA11/D10_SA11_R01.txt,D10,0,12.0,0,0,0,0,0
offline_frozen,train,SA11/D10_SA11_R02.txt,D10,0,12.0,0,0,0,0,0
offline_frozen,train,SA11/D10_SA11_R03.txt,D10,0,12.0,0,0,0,0,0
offline_frozen,train,SA11/D10_SA11_R04.txt,D10,0,12.0,0,0,0,0,0
offline_frozen,train,SA11/D10_SA11_R05.txt,D10,0,12.0,0,0,0,0,0
offline_frozen,train,SA11/D11_SA11_R01.txt,D11,0,11.995,0,0,0,0,0
offline_frozen,train,SA11/D11_SA11_R02.txt,D11,0,12.0,0,0,0,0,0
offline_frozen,train,SA11/D11_SA11_R03.txt,D11,0,12.0,0,0,0,0,0
offline_frozen,train,SA11/D11_SA11_R04.txt,D11,0,12.0,0,0,0,0,0
offline_frozen,train,SA11/D11_SA11_R05.txt,D11,0,12.0,0,0,0,0,0
offline_frozen,train,SA11/D12_SA11_R01.txt,D12,0,11.995,0,0,0,0,0
offline_frozen,train,SA11/D12_SA11_R02.txt,D12,0,12.0,0,0,0,0,0
offline_frozen,train,SA11/D12_SA11_R03.txt,D12,0,12.0,0,0,0,0,0
offline_frozen,train,SA11/D12_SA11_R04.txt,D12,0,12.0,0,0,0,0,0
offline_frozen,train,SA11/D12_SA11_R05.txt,D12,0,12.0,0,0,0,0,0
offline_frozen,train,SA11/D13_SA11_R01.txt,D13,0,12.0,0,0,0,0,0
offline_frozen,train,SA11/D13_SA11_R02.txt,D13,0,12.0,0,0,0,0,0
offline_frozen,train,SA11/D13_SA11_R03.txt,D13,0,12.0,0,0,0,0,0
offline_frozen,train,SA11/D13_SA11_R04.txt,D13,0,12.0,0,0,0,0,0
offline_frozen,train,SA11/D13_SA11_R05.txt,D13,0,12.0,0,0,0,0,0
offline_frozen,train,SA11/D14_SA11_R01.txt,D14,0,12.0,0,0,0,0,0
offline_frozen,train,SA11/D14_SA11_R02.txt,D14,0,12.0,0,0,0,0,0
offline_frozen,train,SA11/D14_SA11_R03.txt,D14,0,12.0,0,0,0,0,0
offline_frozen,train,SA11/D14_SA11_R04.txt,D14,0,12.0,0,0,0,0,0
offline_frozen,train,SA11/D14_SA11_R05.txt,D14,0,12.0,0,0,0,0,0
offline_frozen,train,SA11/D15_SA11_R01.txt,D15,0,12.0,0,0,0,0,0
offline_frozen,train,SA11/D15_SA11_R02.txt,D15,0,12.0,0,0,0,0,0
offline_frozen,train,SA11/D15_SA11_R03.txt,D15,0,12.0,0,0,0,0,0
offline_frozen,train,SA11/D15_SA11_R04.txt,D15,0,12.0,0,0,0,0,0
offline_frozen,train,SA11/D15_SA11_R05.txt,D15,0,12.0,0,0,0,0,0
offline_frozen,train,SA11/D16_SA11_R01.txt,D16,0,11.995,0,0,0,0,0
offline_frozen,train,SA11/D16_SA11_R02.txt,D16,0,12.0,0,0,0,0,0
offline_frozen,train,SA11/D16_SA11_R03.txt,D16,0,12.0,0,0,0,0,0
offline_frozen,train,SA11/D16_SA11_R04.txt,D16,0,12.0,0,0,0,0,0
offline_frozen,train,SA11/D16_SA11_R05.txt,D16,0,12.0,0,0,0,0,0
offline_frozen,train,SA11/D17_SA11_R01.txt,D17,0,24.995,0,0,0,0,0
offline_frozen,train,SA11/D17_SA11_R02.txt,D17,0,25.0,0,0,0,0,0
offline_frozen,train,SA11/D17_SA11_R03.txt,D17,0,25.0,0,0,0,0,0
offline_frozen,train,SA11/D17_SA11_R04.txt,D17,0,25.0,0,0,0,0,0
offline_frozen,train,SA11/D17_SA11_R05.txt,D17,0,25.0,0,0,0,0,0
offline_frozen,train,SA11/D18_SA11_R01.txt,D18,0,12.0,0,1,0,0,0
offline_frozen,train,SA11/D18_SA11_R02.txt,D18,0,12.0,0,1,0,0,0
offline_frozen,train,SA11/D18_SA11_R03.txt,D18,0,12.0,0,1,0,0,0
offline_frozen,train,SA11/D18_SA11_R04.txt,D18,0,12.0,0,1,0,0,0
offline_frozen,train,SA11/D18_SA11_R05.txt,D18,0,12.0,0,1,0,0,0
offline_frozen,train,SA11/D19_SA11_R01.txt,D19,0,12.0,0,0,0,0,0
offline_frozen,train,SA11/D19_SA11_R02.txt,D19,0,12.0,0,0,0,0,0
offline_frozen,train,SA11/D19_SA11_R03.txt,D19,0,12.0,0,0,0,0,0
offline_frozen,train,SA11/D19_SA11_R04.txt,D19,0,12.0,0,0,0,0,0
offline_frozen,train,SA11/D19_SA11_R05.txt,D19,0,12.0,0,1,0,0,0
offline_frozen,train,SA11/F01_SA11_R01.txt,F01,1,15.0,1,1,1,0,0
offline_frozen,train,SA11/F01_SA11_R02.txt,F01,1,15.0,1,1,1,0,0
offline_frozen,train,SA11/F01_SA11_R03.txt,F01,1,15.0,1,1,1,0,0
offline_frozen,train,SA11/F01_SA11_R04.txt,F01,1,15.0,1,1,1,0,0
offline_frozen,train,SA11/F01_SA11_R05.txt,F01,1,14.995,1,1,1,0,0
offline_frozen,train,SA11/F02_SA11_R01.txt,F02,1,15.0,1,1,1,0,0
offline_frozen,train,SA11/F02_SA11_R02.txt,F02,1,15.0,1,1,1,0,0
offline_frozen,train,SA11/F02_SA11_R03.txt,F02,1,15.0,1,1,1,0,0
offline_frozen,train,SA11/F02_SA11_R04.txt,F02,1,15.0,1,1,1,0,0
offline_frozen,train,SA11/F02_SA11_R05.txt,F02,1,15.0,1,1,1,0,0
offline_frozen,train,SA11/F03_SA11_R01.txt,F03,1,15.0,1,0,0,0,1
offline_frozen,train,SA11/F03_SA11_R02.txt,F03,1,15.0,1,1,1,0,0
offline_frozen,train,SA11/F03_SA11_R03.txt,F03,1,15.0,1,1,1,0,0
offline_frozen,train,SA11/F03_SA11_R04.txt,F03,1,15.0,1,1,1,0,0
offline_frozen,train,SA11/F03_SA11_R05.txt,F03,1,15.0,1,1,1,0,0
offline_frozen,train,SA11/F04_SA11_R01.txt,F04,1,15.0,1,1,1,0,0
offline_frozen,train,SA11/F04_SA11_R02.txt,F04,1,15.0,1,1,1,0,0
offline_frozen,train,SA11/F04_SA11_R03.txt,F04,1,15.0,1,1,1,0,0
offline_frozen,train,SA11/F04_SA11_R04.txt,F04,1,15.0,1,1,1,0,0
offline_frozen,train,SA11/F04_SA11_R05.txt,F04,1,15.0,1,1,1,0,0
offline_frozen,train,SA11/F05_SA11_R01.txt,F05,1,15.0,1,1,1,0,0
offline_frozen,train,SA11/F05_SA11_R02.txt,F05,1,14.995,1,1,1,0,0
offline_frozen,train,SA11/F05_SA11_R03.txt,F05,1,15.0,1,1,1,0,0
offline_frozen,train,SA11/F05_SA11_R04.txt,F05,1,15.0,1,1,1,0,0
offline_frozen,train,SA11/F05_SA11_R05.txt,F05,1,15.0,1,1,1,0,0
offline_frozen,train,SA11/F06_SA11_R01.txt,F06,1,14.995,0,1,0,1,0
offline_frozen,train,SA11/F06_SA11_R02.txt,F06,1,15.0,1,1,1,0,0
offline_frozen,train,SA11/F06_SA11_R03.txt,F06,1,15.0,1,1,1,0,0
offline_frozen,train,SA11/F06_SA11_R04.txt,F06,1,15.0,1,1,1,0,0
offline_frozen,train,SA11/F06_SA11_R05.txt,F06,1,15.0,1,1,1,0,0
offline_frozen,train,SA11/F07_SA11_R01.txt,F07,1,15.0,1,1,1,0,0
offline_frozen,train,SA11/F07_SA11_R02.txt,F07,1,15.0,1,1,1,0,0
offline_frozen,train,SA11/F07_SA11_R03.txt,F07,1,15.0,1,1,1,0,0
offline_frozen,train,SA11/F07_SA11_R04.txt,F07,1,15.0,1,1,1,0,0
offline_frozen,train,SA11/F07_SA11_R05.txt,F07,1,15.0,1,1,1,0,0
offline_frozen,train,SA11/F08_SA11_R01.txt,F08,1,15.0,1,0,0,0,1
offline_frozen,train,SA11/F08_SA11_R02.txt,F08,1,15.0,1,0,0,0,1
offline_frozen,train,SA11/F08_SA11_R03.txt,F08,1,15.0,1,0,0,0,1
offline_frozen,train,SA11/F08_SA11_R04.txt,F08,1,15.0,1,1,1,0,0
offline_frozen,train,SA11/F08_SA11_R05.txt,F08,1,15.0,1,1,1,0,0
offline_frozen,train,SA11/F09_SA11_R01.txt,F09,1,15.0,1,1,1,0,0
offline_frozen,train,SA11/F09_SA11_R02.txt,F09,1,15.0,1,1,1,0,0
offline_frozen,train,SA11/F09_SA11_R03.txt,F09,1,15.0,1,1,1,0,0
offline_frozen,train,SA11/F09_SA11_R04.txt,F09,1,15.0,1,0,0,0,1
offline_frozen,train,SA11/F09_SA11_R05.txt,F09,1,15.0,1,1,1,0,0
offline_frozen,train,SA11/F10_SA11_R01.txt,F10,1,15.0,1,1,1,0,0
offline_frozen,train,SA11/F10_SA11_R02.txt,F10,1,15.0,1,1,1,0,0
offline_frozen,train,SA11/F10_SA11_R03.txt,F10,1,15.0,1,1,1,0,0
offline_frozen,train,SA11/F10_SA11_R04.txt,F10,1,15.0,1,1,1,0,0
offline_frozen,train,SA11/F10_SA11_R05.txt,F10,1,15.0,1,1,1,0,0
offline_frozen,train,SA11/F11_SA11_R01.txt,F11,1,14.995,1,1,1,0,0
offline_frozen,train,SA11/F11_SA11_R02.txt,F11,1,15.0,1,1,1,0,0
offline_frozen,train,SA11/F11_SA11_R03.txt,F11,1,15.0,1,1,1,0,0
offline_frozen,train,SA11/F11_SA11_R04.txt,F11,1,15.0,1,1,1,0,0
offline_frozen,train,SA11/F11_SA11_R05.txt,F11,1,15.0,1,1,1,0,0
offline_frozen,train,SA11/F12_SA11_R01.txt,F12,1,15.0,1,1,1,0,0
offline_frozen,train,SA11/F12_SA11_R02.txt,F12,1,15.0,1,1,1,0,0
offline_frozen,train,SA11/F12_SA11_R03.txt,F12,1,15.0,1,1,1,0,0
offline_frozen,train,SA11/F12_SA11_R04.txt,F12,1,15.0,1,1,1,0,0
offline_frozen,train,SA11/F12_SA11_R05.txt,F12,1,15.0,1,1,1,0,0
offline_frozen,train,SA11/F13_SA11_R01.txt,F13,1,14.995,1,1,1,0,0
offline_frozen,train,SA11/F13_SA11_R02.txt,F13,1,15.0,1,1,1,0,0
offline_frozen,train,SA11/F13_SA11_R03.txt,F13,1,15.0,1,1,1,0,0
offline_frozen,train,SA11/F13_SA11_R04.txt,F13,1,15.0,1,1,1,0,0
offline_frozen,train,SA11/F13_SA11_R05.txt,F13,1,15.0,1,1,1,0,0
offline_frozen,train,SA11/F14_SA11_R01.txt,F14,1,15.0,1,1,1,0,0
offline_frozen,train,SA11/F14_SA11_R02.txt,F14,1,15.0,1,1,1,0,0
offline_frozen,train,SA11/F14_SA11_R03.txt,F14,1,15.0,1,0,0,0,1
offline_frozen,train,SA11/F14_SA11_R04.txt,F14,1,15.0,1,1,1,0,0
offline_frozen,train,SA11/F14_SA11_R05.txt,F14,1,15.0,1,1,1,0,0
offline_frozen,train,SA11/F15_SA11_R01.txt,F15,1,15.0,1,1,1,0,0
offline_frozen,train,SA11/F15_SA11_R02.txt,F15,1,15.0,1,1,1,0,0
offline_frozen,train,SA11/F15_SA11_R03.txt,F15,1,15.0,1,1,1,0,0
offline_frozen,train,SA11/F15_SA11_R04.txt,F15,1,15.0,1,1,1,0,0
offline_frozen,train,SA11/F15_SA11_R05.txt,F15,1,15.0,1,1,1,0,0
offline_frozen,train,SA12/D01_SA12_R01.txt,D01,0,99.995,0,0,0,0,0
offline_frozen,train,SA12/D02_SA12_R01.txt,D02,0,100.0,0,0,0,0,0
offline_frozen,train,SA12/D03_SA12_R01.txt,D03,0,100.0,0,0,0,0,0
offline_frozen,train,SA12/D04_SA12_R01.txt,D04,0,100.0,0,0,0,0,0
offline_frozen,train,SA12/D05_SA12_R01.txt,D05,0,25.0,0,0,0,0,0
offline_frozen,train,SA12/D05_SA12_R02.txt,D05,0,25.0,0,0,0,0,0
offline_frozen,train,SA12/D05_SA12_R03.txt,D05,0,25.0,0,0,0,0,0
offline_frozen,train,SA12/D05_SA12_R04.txt,D05,0,25.0,0,0,0,0,0
offline_frozen,train,SA12/D05_SA12_R05.txt,D05,0,25.0,0,0,0,0,0
offline_frozen,train,SA12/D06_SA12_R01.txt,D06,0,24.995,0,0,0,0,0
offline_frozen,train,SA12/D06_SA12_R02.txt,D06,0,25.0,0,0,0,0,0
offline_frozen,train,SA12/D06_SA12_R03.txt,D06,0,25.0,0,0,0,0,0
offline_frozen,train,SA12/D06_SA12_R04.txt,D06,0,25.0,0,0,0,0,0
offline_frozen,train,SA12/D06_SA12_R05.txt,D06,0,25.0,0,0,0,0,0
offline_frozen,train,SA12/D07_SA12_R01.txt,D07,0,12.0,0,0,0,0,0
offline_frozen,train,SA12/D07_SA12_R02.txt,D07,0,12.0,0,0,0,0,0
offline_frozen,train,SA12/D07_SA12_R03.txt,D07,0,12.0,0,0,0,0,0
offline_frozen,train,SA12/D07_SA12_R04.txt,D07,0,12.0,0,0,0,0,0
offline_frozen,train,SA12/D07_SA12_R05.txt,D07,0,12.0,0,0,0,0,0
offline_frozen,train,SA12/D08_SA12_R01.txt,D08,0,12.0,0,0,0,0,0
offline_frozen,train,SA12/D08_SA12_R02.txt,D08,0,12.0,0,0,0,0,0
offline_frozen,train,SA12/D08_SA12_R03.txt,D08,0,12.0,0,0,0,0,0
offline_frozen,train,SA12/D08_SA12_R04.txt,D08,0,12.0,0,0,0,0,0
offline_frozen,train,SA12/D08_SA12_R05.txt,D08,0,12.0,0,0,0,0,0
offline_frozen,train,SA12/D09_SA12_R01.txt,D09,0,12.0,0,0,0,0,0
offline_frozen,train,SA12/D09_SA12_R02.txt,D09,0,12.0,0,0,0,0,0
offline_frozen,train,SA12/D09_SA12_R03.txt,D09,0,11.995,0,0,0,0,0
offline_frozen,train,SA12/D09_SA12_R04.txt,D09,0,12.0,0,0,0,0,0
offline_frozen,train,SA12/D09_SA12_R05.txt,D09,0,12.0,0,0,0,0,0
offline_frozen,train,SA12/D10_SA12_R01.txt,D10,0,12.0,0,0,0,0,0
offline_frozen,train,SA12/D10_SA12_R02.txt,D10,0,12.0,0,0,0,0,0
offline_frozen,train,SA12/D10_SA12_R03.txt,D10,0,12.0,0,0,0,0,0
offline_frozen,train,SA12/D10_SA12_R04.txt,D10,0,12.0,0,0,0,0,0
offline_frozen,train,SA12/D10_SA12_R05.txt,D10,0,12.0,0,0,0,0,0
offline_frozen,train,SA12/D11_SA12_R01.txt,D11,0,11.995,0,0,0,0,0
offline_frozen,train,SA12/D11_SA12_R02.txt,D11,0,12.0,0,0,0,0,0
offline_frozen,train,SA12/D11_SA12_R03.txt,D11,0,12.0,0,0,0,0,0
offline_frozen,train,SA12/D11_SA12_R04.txt,D11,0,12.0,0,0,0,0,0
offline_frozen,train,SA12/D11_SA12_R05.txt,D11,0,12.0,0,0,0,0,0
offline_frozen,train,SA12/D12_SA12_R01.txt,D12,0,12.0,0,0,0,0,0
offline_frozen,train,SA12/D12_SA12_R02.txt,D12,0,12.0,0,0,0,0,0
offline_frozen,train,SA12/D12_SA12_R03.txt,D12,0,12.0,0,0,0,0,0
offline_frozen,train,SA12/D12_SA12_R04.txt,D12,0,12.0,0,0,0,0,0
offline_frozen,train,SA12/D12_SA12_R05.txt,D12,0,12.0,0,0,0,0,0
offline_frozen,train,SA12/D13_SA12_R01.txt,D13,0,12.0,0,0,0,0,0
offline_frozen,train,SA12/D13_SA12_R02.txt,D13,0,12.0,0,0,0,0,0
offline_frozen,train,SA12/D13_SA12_R03.txt,D13,0,12.0,0,0,0,0,0
offline_frozen,train,SA12/D13_SA12_R04.txt,D13,0,12.0,0,0,0,0,0
offline_frozen,train,SA12/D13_SA12_R05.txt,D13,0,12.0,0,0,0,0,0
offline_frozen,train,SA12/D14_SA12_R01.txt,D14,0,12.0,0,0,0,0,0
offline_frozen,train,SA12/D14_SA12_R02.txt,D14,0,12.0,0,0,0,0,0
offline_frozen,train,SA12/D14_SA12_R03.txt,D14,0,12.0,0,0,0,0,0
offline_frozen,train,SA12/D14_SA12_R04.txt,D14,0,12.0,0,0,0,0,0
offline_frozen,train,SA12/D14_SA12_R05.txt,D14,0,12.0,0,0,0,0,0
offline_frozen,train,SA12/D15_SA12_R01.txt,D15,0,12.0,0,0,0,0,0
offline_frozen,train,SA12/D15_SA12_R02.txt,D15,0,12.0,0,0,0,0,0
offline_frozen,train,SA12/D15_SA12_R03.txt,D15,0,12.0,0,0,0,0,0
offline_frozen,train,SA12/D15_SA12_R04.txt,D15,0,12.0,0,0,0,0,0
offline_frozen,train,SA12/D15_SA12_R05.txt,D15,0,12.0,0,0,0,0,0
offline_frozen,train,SA12/D16_SA12_R01.txt,D16,0,11.995,0,0,0,0,0
offline_frozen,train,SA12/D16_SA12_R02.txt,D16,0,12.0,0,0,0,0,0
offline_frozen,train,SA12/D16_SA12_R03.txt,D16,0,12.0,0,0,0,0,0
offline_frozen,train,SA12/D16_SA12_R04.txt,D16,0,12.0,0,0,0,0,0
offline_frozen,train,SA12/D16_SA12_R05.txt,D16,0,12.0,0,0,0,0,0
offline_frozen,train,SA12/D17_SA12_R01.txt,D17,0,24.995,0,0,0,0,0
offline_frozen,train,SA12/D17_SA12_R02.txt,D17,0,25.0,0,0,0,0,0
offline_frozen,train,SA12/D17_SA12_R03.txt,D17,0,25.0,0,0,0,0,0
offline_frozen,train,SA12/D17_SA12_R04.txt,D17,0,25.0,0,0,0,0,0
offline_frozen,train,SA12/D17_SA12_R05.txt,D17,0,25.0,0,0,0,0,0
offline_frozen,train,SA12/D18_SA12_R01.txt,D18,0,12.0,0,1,0,0,0
offline_frozen,train,SA12/D18_SA12_R02.txt,D18,0,12.0,0,0,0,0,0
offline_frozen,train,SA12/D18_SA12_R03.txt,D18,0,12.0,0,0,0,0,0
offline_frozen,train,SA12/D18_SA12_R04.txt,D18,0,12.0,0,0,0,0,0
offline_frozen,train,SA12/D18_SA12_R05.txt,D18,0,12.0,0,0,0,0,0
offline_frozen,train,SA12/D19_SA12_R01.txt,D19,0,12.0,0,0,0,0,0
offline_frozen,train,SA12/D19_SA12_R02.txt,D19,0,12.0,0,0,0,0,0
offline_frozen,train,SA12/D19_SA12_R03.txt,D19,0,12.0,0,0,0,0,0
offline_frozen,train,SA12/D19_SA12_R04.txt,D19,0,12.0,0,0,0,0,0
offline_frozen,train,SA12/D19_SA12_R05.txt,D19,0,12.0,0,0,0,0,0
offline_frozen,train,SA12/F01_SA12_R01.txt,F01,1,15.0,1,0,0,0,1
offline_frozen,train,SA12/F01_SA12_R02.txt,F01,1,15.0,1,0,0,0,1
offline_frozen,train,SA12/F01_SA12_R03.txt,F01,1,15.0,1,1,1,0,0
offline_frozen,train,SA12/F01_SA12_R04.txt,F01,1,15.0,1,1,1,0,0
offline_frozen,train,SA12/F01_SA12_R05.txt,F01,1,15.0,1,0,0,0,1
offline_frozen,train,SA12/F02_SA12_R01.txt,F02,1,15.0,1,1,1,0,0
offline_frozen,train,SA12/F02_SA12_R02.txt,F02,1,15.0,1,1,1,0,0
offline_frozen,train,SA12/F02_SA12_R03.txt,F02,1,15.0,1,1,1,0,0
offline_frozen,train,SA12/F02_SA12_R04.txt,F02,1,15.0,1,0,0,0,1
offline_frozen,train,SA12/F02_SA12_R05.txt,F02,1,15.0,0,0,0,1,0
offline_frozen,train,SA12/F03_SA12_R01.txt,F03,1,15.0,1,1,1,0,0
offline_frozen,train,SA12/F03_SA12_R02.txt,F03,1,15.0,1,0,0,0,1
offline_frozen,train,SA12/F03_SA12_R03.txt,F03,1,15.0,1,1,1,0,0
offline_frozen,train,SA12/F03_SA12_R04.txt,F03,1,15.0,1,1,1,0,0
offline_frozen,train,SA12/F03_SA12_R05.txt,F03,1,15.0,1,0,0,0,1
offline_frozen,train,SA12/F04_SA12_R01.txt,F04,1,15.0,1,1,1,0,0
offline_frozen,train,SA12/F04_SA12_R02.txt,F04,1,15.0,1,1,1,0,0
offline_frozen,train,SA12/F04_SA12_R03.txt,F04,1,14.995,1,1,1,0,0
offline_frozen,train,SA12/F04_SA12_R04.txt,F04,1,15.0,1,1,1,0,0
offline_frozen,train,SA12/F04_SA12_R05.txt,F04,1,15.0,1,1,1,0,0
offline_frozen,train,SA12/F05_SA12_R01.txt,F05,1,15.0,1,1,1,0,0
offline_frozen,train,SA12/F05_SA12_R02.txt,F05,1,15.0,1,1,1,0,0
offline_frozen,train,SA12/F05_SA12_R03.txt,F05,1,15.0,1,1,1,0,0
offline_frozen,train,SA12/F05_SA12_R04.txt,F05,1,15.0,1,1,1,0,0
offline_frozen,train,SA12/F05_SA12_R05.txt,F05,1,15.0,1,1,1,0,0
offline_frozen,train,SA12/F06_SA12_R01.txt,F06,1,14.995,1,1,1,0,0
offline_frozen,train,SA12/F06_SA12_R02.txt,F06,1,15.0,1,1,1,0,0
offline_frozen,train,SA12/F06_SA12_R03.txt,F06,1,14.995,1,1,1,0,0
offline_frozen,train,SA12/F06_SA12_R04.txt,F06,1,14.995,1,1,1,0,0
offline_frozen,train,SA12/F06_SA12_R05.txt,F06,1,15.0,1,1,1,0,0
offline_frozen,train,SA12/F07_SA12_R01.txt,F07,1,15.0,1,1,1,0,0
offline_frozen,train,SA12/F07_SA12_R02.txt,F07,1,15.0,1,0,0,0,1
offline_frozen,train,SA12/F07_SA12_R03.txt,F07,1,15.0,1,1,1,0,0
offline_frozen,train,SA12/F07_SA12_R04.txt,F07,1,15.0,1,1,1,0,0
offline_frozen,train,SA12/F07_SA12_R05.txt,F07,1,14.995,1,1,1,0,0
offline_frozen,train,SA12/F08_SA12_R01.txt,F08,1,15.0,1,1,1,0,0
offline_frozen,train,SA12/F08_SA12_R02.txt,F08,1,15.0,0,0,0,1,0
offline_frozen,train,SA12/F08_SA12_R03.txt,F08,1,15.0,1,1,1,0,0
offline_frozen,train,SA12/F08_SA12_R04.txt,F08,1,15.0,1,2,1,0,0
offline_frozen,train,SA12/F08_SA12_R05.txt,F08,1,15.0,1,2,1,0,0
offline_frozen,train,SA12/F09_SA12_R01.txt,F09,1,15.0,0,0,0,1,0
offline_frozen,train,SA12/F09_SA12_R02.txt,F09,1,15.0,1,1,1,0,0
offline_frozen,train,SA12/F09_SA12_R03.txt,F09,1,15.0,1,1,1,0,0
offline_frozen,train,SA12/F09_SA12_R04.txt,F09,1,15.0,1,1,1,0,0
offline_frozen,train,SA12/F09_SA12_R05.txt,F09,1,15.0,1,0,0,0,1
offline_frozen,train,SA12/F10_SA12_R01.txt,F10,1,15.0,1,1,1,0,0
offline_frozen,train,SA12/F10_SA12_R02.txt,F10,1,15.0,1,1,1,0,0
offline_frozen,train,SA12/F10_SA12_R03.txt,F10,1,15.0,1,1,1,0,0
offline_frozen,train,SA12/F10_SA12_R04.txt,F10,1,15.0,1,1,1,0,0
offline_frozen,train,SA12/F10_SA12_R05.txt,F10,1,15.0,1,1,1,0,0
offline_frozen,train,SA12/F11_SA12_R01.txt,F11,1,14.995,1,1,1,0,0
offline_frozen,train,SA12/F11_SA12_R02.txt,F11,1,15.0,1,1,1,0,0
offline_frozen,train,SA12/F11_SA12_R03.txt,F11,1,15.0,1,0,0,0,1
offline_frozen,train,SA12/F11_SA12_R04.txt,F11,1,15.0,1,1,1,0,0
offline_frozen,train,SA12/F11_SA12_R05.txt,F11,1,15.0,1,1,1,0,0
offline_frozen,train,SA12/F12_SA12_R01.txt,F12,1,15.0,1,1,1,0,0
offline_frozen,train,SA12/F12_SA12_R02.txt,F12,1,15.0,1,1,1,0,0
offline_frozen,train,SA12/F12_SA12_R03.txt,F12,1,15.0,1,1,1,0,0
offline_frozen,train,SA12/F12_SA12_R04.txt,F12,1,15.0,1,1,1,0,0
offline_frozen,train,SA12/F12_SA12_R05.txt,F12,1,15.0,1,1,1,0,0
offline_frozen,train,SA12/F13_SA12_R01.txt,F13,1,15.0,1,1,1,0,0
offline_frozen,train,SA12/F13_SA12_R02.txt,F13,1,15.0,1,1,1,0,0
offline_frozen,train,SA12/F13_SA12_R03.txt,F13,1,15.0,1,1,1,0,0
offline_frozen,train,SA12/F13_SA12_R04.txt,F13,1,15.0,1,1,1,0,0
offline_frozen,train,SA12/F13_SA12_R05.txt,F13,1,15.0,1,1,1,0,0
offline_frozen,train,SA12/F14_SA12_R01.txt,F14,1,15.0,1,1,1,0,0
offline_frozen,train,SA12/F14_SA12_R02.txt,F14,1,15.0,1,1,1,0,0
offline_frozen,train,SA12/F14_SA12_R03.txt,F14,1,15.0,1,0,0,0,1
offline_frozen,train,SA12/F14_SA12_R04.txt,F14,1,15.0,1,1,1,0,0
offline_frozen,train,SA12/F14_SA12_R05.txt,F14,1,15.0,1,0,0,0,1
offline_frozen,train,SA12/F15_SA12_R01.txt,F15,1,15.0,1,1,1,0,0
offline_frozen,train,SA12/F15_SA12_R02.txt,F15,1,15.0,1,1,1,0,0
offline_frozen,train,SA12/F15_SA12_R03.txt,F15,1,15.0,1,1,1,0,0
offline_frozen,train,SA12/F15_SA12_R04.txt,F15,1,15.0,1,1,1,0,0
offline_frozen,train,SA12/F15_SA12_R05.txt,F15,1,15.0,1,1,1,0,0
offline_frozen,train,SA14/D01_SA14_R01.txt,D01,0,99.995,0,0,0,0,0
offline_frozen,train,SA14/D02_SA14_R01.txt,D02,0,100.0,0,0,0,0,0
offline_frozen,train,SA14/D03_SA14_R01.txt,D03,0,100.0,0,0,0,0,0
offline_frozen,train,SA14/D04_SA14_R01.txt,D04,0,99.995,0,0,0,0,0
offline_frozen,train,SA14/D05_SA14_R01.txt,D05,0,25.0,0,0,0,0,0
offline_frozen,train,SA14/D05_SA14_R02.txt,D05,0,25.0,0,0,0,0,0
offline_frozen,train,SA14/D05_SA14_R03.txt,D05,0,25.0,0,0,0,0,0
offline_frozen,train,SA14/D05_SA14_R04.txt,D05,0,25.0,0,0,0,0,0
offline_frozen,train,SA14/D05_SA14_R05.txt,D05,0,24.995,0,0,0,0,0
offline_frozen,train,SA14/D06_SA14_R01.txt,D06,0,25.0,0,0,0,0,0
offline_frozen,train,SA14/D06_SA14_R02.txt,D06,0,24.995,0,0,0,0,0
offline_frozen,train,SA14/D06_SA14_R03.txt,D06,0,25.0,0,0,0,0,0
offline_frozen,train,SA14/D06_SA14_R04.txt,D06,0,25.0,0,0,0,0,0
offline_frozen,train,SA14/D06_SA14_R05.txt,D06,0,25.0,0,0,0,0,0
offline_frozen,train,SA14/D07_SA14_R01.txt,D07,0,12.0,0,0,0,0,0
offline_frozen,train,SA14/D07_SA14_R02.txt,D07,0,12.0,0,0,0,0,0
offline_frozen,train,SA14/D07_SA14_R03.txt,D07,0,12.0,0,0,0,0,0
offline_frozen,train,SA14/D07_SA14_R04.txt,D07,0,12.0,0,0,0,0,0
offline_frozen,train,SA14/D07_SA14_R05.txt,D07,0,12.0,0,0,0,0,0
offline_frozen,train,SA14/D08_SA14_R01.txt,D08,0,12.0,0,0,0,0,0
offline_frozen,train,SA14/D08_SA14_R02.txt,D08,0,12.0,0,0,0,0,0
offline_frozen,train,SA14/D08_SA14_R03.txt,D08,0,12.0,0,0,0,0,0
offline_frozen,train,SA14/D08_SA14_R04.txt,D08,0,12.0,0,0,0,0,0
offline_frozen,train,SA14/D08_SA14_R05.txt,D08,0,12.0,0,0,0,0,0
offline_frozen,train,SA14/D09_SA14_R01.txt,D09,0,12.0,0,0,0,0,0
offline_frozen,train,SA14/D09_SA14_R02.txt,D09,0,12.0,0,0,0,0,0
offline_frozen,train,SA14/D09_SA14_R03.txt,D09,0,12.0,0,0,0,0,0
offline_frozen,train,SA14/D09_SA14_R04.txt,D09,0,12.0,0,0,0,0,0
offline_frozen,train,SA14/D09_SA14_R05.txt,D09,0,12.0,0,0,0,0,0
offline_frozen,train,SA14/D10_SA14_R01.txt,D10,0,12.0,0,0,0,0,0
offline_frozen,train,SA14/D10_SA14_R02.txt,D10,0,12.0,0,0,0,0,0
offline_frozen,train,SA14/D10_SA14_R03.txt,D10,0,12.0,0,0,0,0,0
offline_frozen,train,SA14/D10_SA14_R04.txt,D10,0,12.0,0,0,0,0,0
offline_frozen,train,SA14/D10_SA14_R05.txt,D10,0,12.0,0,0,0,0,0
offline_frozen,train,SA14/D11_SA14_R01.txt,D11,0,11.995,0,0,0,0,0
offline_frozen,train,SA14/D11_SA14_R02.txt,D11,0,12.0,0,0,0,0,0
offline_frozen,train,SA14/D11_SA14_R03.txt,D11,0,12.0,0,0,0,0,0
offline_frozen,train,SA14/D11_SA14_R04.txt,D11,0,12.0,0,0,0,0,0
offline_frozen,train,SA14/D11_SA14_R05.txt,D11,0,12.0,0,0,0,0,0
offline_frozen,train,SA14/D12_SA14_R01.txt,D12,0,12.0,0,0,0,0,0
offline_frozen,train,SA14/D12_SA14_R02.txt,D12,0,12.0,0,0,0,0,0
offline_frozen,train,SA14/D12_SA14_R03.txt,D12,0,12.0,0,0,0,0,0
offline_frozen,train,SA14/D12_SA14_R04.txt,D12,0,12.0,0,0,0,0,0
offline_frozen,train,SA14/D12_SA14_R05.txt,D12,0,12.0,0,0,0,0,0
offline_frozen,train,SA14/D13_SA14_R01.txt,D13,0,12.0,0,0,0,0,0
offline_frozen,train,SA14/D13_SA14_R02.txt,D13,0,12.0,0,0,0,0,0
offline_frozen,train,SA14/D13_SA14_R03.txt,D13,0,12.0,0,0,0,0,0
offline_frozen,train,SA14/D13_SA14_R04.txt,D13,0,12.0,0,0,0,0,0
offline_frozen,train,SA14/D13_SA14_R05.txt,D13,0,12.0,0,0,0,0,0
offline_frozen,train,SA14/D14_SA14_R01.txt,D14,0,12.0,0,0,0,0,0
offline_frozen,train,SA14/D14_SA14_R02.txt,D14,0,12.0,0,0,0,0,0
offline_frozen,train,SA14/D14_SA14_R03.txt,D14,0,12.0,0,0,0,0,0
offline_frozen,train,SA14/D14_SA14_R04.txt,D14,0,12.0,0,0,0,0,0
offline_frozen,train,SA14/D14_SA14_R05.txt,D14,0,12.0,0,0,0,0,0
offline_frozen,train,SA14/D15_SA14_R01.txt,D15,0,12.0,0,0,0,0,0
offline_frozen,train,SA14/D15_SA14_R02.txt,D15,0,12.0,0,0,0,0,0
offline_frozen,train,SA14/D15_SA14_R03.txt,D15,0,12.0,0,0,0,0,0
offline_frozen,train,SA14/D15_SA14_R04.txt,D15,0,12.0,0,0,0,0,0
offline_frozen,train,SA14/D15_SA14_R05.txt,D15,0,12.0,0,0,0,0,0
offline_frozen,train,SA14/D16_SA14_R01.txt,D16,0,11.995,0,0,0,0,0
offline_frozen,train,SA14/D16_SA14_R02.txt,D16,0,12.0,0,0,0,0,0
offline_frozen,train,SA14/D16_SA14_R03.txt,D16,0,12.0,0,0,0,0,0
offline_frozen,train,SA14/D16_SA14_R04.txt,D16,0,12.0,0,0,0,0,0
offline_frozen,train,SA14/D16_SA14_R05.txt,D16,0,12.0,0,0,0,0,0
offline_frozen,train,SA14/D17_SA14_R01.txt,D17,0,24.995,0,0,0,0,0
offline_frozen,train,SA14/D17_SA14_R02.txt,D17,0,25.0,0,0,0,0,0
offline_frozen,train,SA14/D17_SA14_R03.txt,D17,0,25.0,0,0,0,0,0
offline_frozen,train,SA14/D17_SA14_R04.txt,D17,0,25.0,0,0,0,0,0
offline_frozen,train,SA14/D17_SA14_R05.txt,D17,0,25.0,0,0,0,0,0
offline_frozen,train,SA14/D18_SA14_R01.txt,D18,0,12.0,0,0,0,0,0
offline_frozen,train,SA14/D18_SA14_R02.txt,D18,0,12.0,0,0,0,0,0
offline_frozen,train,SA14/D18_SA14_R03.txt,D18,0,12.0,0,0,0,0,0
offline_frozen,train,SA14/D18_SA14_R04.txt,D18,0,12.0,0,0,0,0,0
offline_frozen,train,SA14/D18_SA14_R05.txt,D18,0,12.0,0,0,0,0,0
offline_frozen,train,SA14/D19_SA14_R01.txt,D19,0,12.0,0,0,0,0,0
offline_frozen,train,SA14/D19_SA14_R02.txt,D19,0,12.0,0,0,0,0,0
offline_frozen,train,SA14/D19_SA14_R03.txt,D19,0,12.0,0,0,0,0,0
offline_frozen,train,SA14/D19_SA14_R04.txt,D19,0,12.0,0,0,0,0,0
offline_frozen,train,SA14/D19_SA14_R05.txt,D19,0,12.0,0,0,0,0,0
offline_frozen,train,SA14/F01_SA14_R01.txt,F01,1,14.995,0,0,0,1,0
offline_frozen,train,SA14/F01_SA14_R02.txt,F01,1,14.91,1,1,1,0,0
offline_frozen,train,SA14/F01_SA14_R03.txt,F01,1,15.0,1,1,1,0,0
offline_frozen,train,SA14/F01_SA14_R04.txt,F01,1,15.0,1,1,1,0,0
offline_frozen,train,SA14/F01_SA14_R05.txt,F01,1,15.0,1,1,1,0,0
offline_frozen,train,SA14/F02_SA14_R01.txt,F02,1,15.0,1,0,0,0,1
offline_frozen,train,SA14/F02_SA14_R02.txt,F02,1,15.0,1,0,0,0,1
offline_frozen,train,SA14/F02_SA14_R03.txt,F02,1,15.0,1,1,1,0,0
offline_frozen,train,SA14/F02_SA14_R04.txt,F02,1,15.0,1,1,1,0,0
offline_frozen,train,SA14/F02_SA14_R05.txt,F02,1,15.0,1,1,1,0,0
offline_frozen,train,SA14/F03_SA14_R01.txt,F03,1,15.0,1,1,1,0,0
offline_frozen,train,SA14/F03_SA14_R02.txt,F03,1,15.0,1,1,1,0,0
offline_frozen,train,SA14/F03_SA14_R03.txt,F03,1,15.0,1,1,1,0,0
offline_frozen,train,SA14/F03_SA14_R04.txt,F03,1,15.0,1,1,1,0,0
offline_frozen,train,SA14/F03_SA14_R05.txt,F03,1,15.0,1,1,1,0,0
offline_frozen,train,SA14/F04_SA14_R01.txt,F04,1,15.0,1,1,1,0,0
offline_frozen,train,SA14/F04_SA14_R02.txt,F04,1,15.0,1,1,1,0,0
offline_frozen,train,SA14/F04_SA14_R03.txt,F04,1,15.0,1,1,1,0,0
offline_frozen,train,SA14/F04_SA14_R04.txt,F04,1,15.0,1,1,1,0,0
offline_frozen,train,SA14/F04_SA14_R05.txt,F04,1,14.995,1,1,1,0,0
offline_frozen,train,SA14/F05_SA14_R01.txt,F05,1,15.0,1,1,1,0,0
offline_frozen,train,SA14/F05_SA14_R02.txt,F05,1,15.0,1,1,1,0,0
offline_frozen,train,SA14/F05_SA14_R03.txt,F05,1,15.0,1,0,0,0,1
offline_frozen,train,SA14/F05_SA14_R04.txt,F05,1,15.0,1,1,1,0,0
offline_frozen,train,SA14/F05_SA14_R05.txt,F05,1,15.0,1,1,1,0,0
offline_frozen,train,SA14/F06_SA14_R01.txt,F06,1,14.995,1,1,1,0,0
offline_frozen,train,SA14/F06_SA14_R02.txt,F06,1,14.905,1,1,1,0,0
offline_frozen,train,SA14/F06_SA14_R03.txt,F06,1,15.0,1,1,1,0,0
offline_frozen,train,SA14/F06_SA14_R04.txt,F06,1,15.0,1,1,1,0,0
offline_frozen,train,SA14/F06_SA14_R05.txt,F06,1,15.0,1,1,1,0,0
offline_frozen,train,SA14/F07_SA14_R01.txt,F07,1,15.0,1,1,1,0,0
offline_frozen,train,SA14/F07_SA14_R02.txt,F07,1,15.0,1,1,0,0,1
offline_frozen,train,SA14/F07_SA14_R03.txt,F07,1,15.0,1,1,1,0,0
offline_frozen,train,SA14/F07_SA14_R04.txt,F07,1,15.0,1,1,1,0,0
offline_frozen,train,SA14/F07_SA14_R05.txt,F07,1,15.0,1,0,0,0,1
offline_frozen,train,SA14/F08_SA14_R01.txt,F08,1,15.0,1,1,1,0,0
offline_frozen,train,SA14/F08_SA14_R02.txt,F08,1,15.0,1,1,1,0,0
offline_frozen,train,SA14/F08_SA14_R03.txt,F08,1,15.0,1,1,1,0,0
offline_frozen,train,SA14/F08_SA14_R04.txt,F08,1,15.0,1,1,1,0,0
offline_frozen,train,SA14/F08_SA14_R05.txt,F08,1,14.995,1,1,1,0,0
offline_frozen,train,SA14/F09_SA14_R01.txt,F09,1,15.0,1,1,1,0,0
offline_frozen,train,SA14/F09_SA14_R02.txt,F09,1,15.0,1,1,1,0,0
offline_frozen,train,SA14/F09_SA14_R03.txt,F09,1,15.0,1,1,1,0,0
offline_frozen,train,SA14/F09_SA14_R04.txt,F09,1,15.0,1,1,1,0,0
offline_frozen,train,SA14/F09_SA14_R05.txt,F09,1,15.0,1,1,1,0,0
offline_frozen,train,SA14/F10_SA14_R01.txt,F10,1,15.0,1,1,1,0,0
offline_frozen,train,SA14/F10_SA14_R02.txt,F10,1,15.0,1,1,1,0,0
offline_frozen,train,SA14/F10_SA14_R03.txt,F10,1,15.0,1,2,1,0,0
offline_frozen,train,SA14/F10_SA14_R04.txt,F10,1,15.0,1,1,1,0,0
offline_frozen,train,SA14/F10_SA14_R05.txt,F10,1,15.0,1,1,1,0,0
offline_frozen,train,SA14/F11_SA14_R01.txt,F11,1,14.995,1,0,0,0,1
offline_frozen,train,SA14/F11_SA14_R02.txt,F11,1,14.91,1,0,0,0,1
offline_frozen,train,SA14/F11_SA14_R03.txt,F11,1,15.0,1,0,0,0,1
offline_frozen,train,SA14/F11_SA14_R04.txt,F11,1,15.0,0,0,0,1,0
offline_frozen,train,SA14/F11_SA14_R05.txt,F11,1,15.0,1,0,0,0,1
offline_frozen,train,SA14/F12_SA14_R01.txt,F12,1,14.995,1,0,0,0,1
offline_frozen,train,SA14/F12_SA14_R02.txt,F12,1,15.0,1,1,1,0,0
offline_frozen,train,SA14/F12_SA14_R03.txt,F12,1,15.0,1,0,0,0,1
offline_frozen,train,SA14/F12_SA14_R04.txt,F12,1,15.0,1,0,0,0,1
offline_frozen,train,SA14/F12_SA14_R05.txt,F12,1,15.0,1,0,0,0,1
offline_frozen,train,SA14/F13_SA14_R01.txt,F13,1,15.0,1,1,1,0,0
offline_frozen,train,SA14/F13_SA14_R02.txt,F13,1,15.0,1,0,0,0,1
offline_frozen,train,SA14/F13_SA14_R03.txt,F13,1,15.0,1,1,1,0,0
offline_frozen,train,SA14/F13_SA14_R04.txt,F13,1,15.0,0,0,0,1,0
offline_frozen,train,SA14/F13_SA14_R05.txt,F13,1,15.0,1,1,1,0,0
offline_frozen,train,SA14/F14_SA14_R01.txt,F14,1,15.0,1,1,1,0,0
offline_frozen,train,SA14/F14_SA14_R02.txt,F14,1,15.0,1,1,1,0,0
offline_frozen,train,SA14/F14_SA14_R03.txt,F14,1,15.0,1,1,1,0,0
offline_frozen,train,SA14/F14_SA14_R04.txt,F14,1,15.0,1,1,1,0,0
offline_frozen,train,SA14/F14_SA14_R05.txt,F14,1,15.0,1,1,1,0,0
offline_frozen,train,SA14/F15_SA14_R01.txt,F15,1,15.0,1,1,1,0,0
offline_frozen,train,SA14/F15_SA14_R02.txt,F15,1,15.0,1,1,1,0,0
offline_frozen,train,SA14/F15_SA14_R03.txt,F15,1,15.0,1,1,1,0,0
offline_frozen,train,SA14/F15_SA14_R04.txt,F15,1,15.0,1,1,1,0,0
offline_frozen,train,SA14/F15_SA14_R05.txt,F15,1,15.0,1,1,1,0,0
offline_frozen,train,SA15/D01_SA15_R01.txt,D01,0,99.995,0,0,0,0,0
offline_frozen,train,SA15/D02_SA15_R01.txt,D02,0,100.0,0,0,0,0,0
offline_frozen,train,SA15/D03_SA15_R01.txt,D03,0,100.0,0,0,0,0,0
offline_frozen,train,SA15/D04_SA15_R01.txt,D04,0,100.0,0,0,0,0,0
offline_frozen,train,SA15/D05_SA15_R01.txt,D05,0,25.0,0,0,0,0,0
offline_frozen,train,SA15/D05_SA15_R02.txt,D05,0,25.0,0,0,0,0,0
offline_frozen,train,SA15/D05_SA15_R03.txt,D05,0,25.0,0,0,0,0,0
offline_frozen,train,SA15/D05_SA15_R04.txt,D05,0,25.0,0,0,0,0,0
offline_frozen,train,SA15/D05_SA15_R05.txt,D05,0,25.0,0,0,0,0,0
offline_frozen,train,SA15/D06_SA15_R01.txt,D06,0,24.995,0,0,0,0,0
offline_frozen,train,SA15/D06_SA15_R02.txt,D06,0,25.0,0,0,0,0,0
offline_frozen,train,SA15/D06_SA15_R03.txt,D06,0,25.0,0,0,0,0,0
offline_frozen,train,SA15/D06_SA15_R04.txt,D06,0,25.0,0,0,0,0,0
offline_frozen,train,SA15/D06_SA15_R05.txt,D06,0,25.0,0,0,0,0,0
offline_frozen,train,SA15/D07_SA15_R01.txt,D07,0,12.0,0,0,0,0,0
offline_frozen,train,SA15/D07_SA15_R02.txt,D07,0,12.0,0,0,0,0,0
offline_frozen,train,SA15/D07_SA15_R03.txt,D07,0,12.0,0,0,0,0,0
offline_frozen,train,SA15/D07_SA15_R04.txt,D07,0,12.0,0,0,0,0,0
offline_frozen,train,SA15/D07_SA15_R05.txt,D07,0,12.0,0,0,0,0,0
offline_frozen,train,SA15/D08_SA15_R01.txt,D08,0,12.0,0,0,0,0,0
offline_frozen,train,SA15/D08_SA15_R02.txt,D08,0,12.0,0,0,0,0,0
offline_frozen,train,SA15/D08_SA15_R03.txt,D08,0,12.0,0,0,0,0,0
offline_frozen,train,SA15/D08_SA15_R04.txt,D08,0,12.0,0,0,0,0,0
offline_frozen,train,SA15/D08_SA15_R05.txt,D08,0,12.0,0,0,0,0,0
offline_frozen,train,SA15/D09_SA15_R01.txt,D09,0,12.0,0,0,0,0,0
offline_frozen,train,SA15/D09_SA15_R02.txt,D09,0,12.0,0,0,0,0,0
offline_frozen,train,SA15/D09_SA15_R03.txt,D09,0,12.0,0,0,0,0,0
offline_frozen,train,SA15/D09_SA15_R04.txt,D09,0,12.0,0,0,0,0,0
offline_frozen,train,SA15/D09_SA15_R05.txt,D09,0,12.0,0,0,0,0,0
offline_frozen,train,SA15/D10_SA15_R01.txt,D10,0,12.0,0,0,0,0,0
offline_frozen,train,SA15/D10_SA15_R02.txt,D10,0,12.0,0,0,0,0,0
offline_frozen,train,SA15/D10_SA15_R03.txt,D10,0,12.0,0,0,0,0,0
offline_frozen,train,SA15/D10_SA15_R04.txt,D10,0,12.0,0,0,0,0,0
offline_frozen,train,SA15/D10_SA15_R05.txt,D10,0,12.0,0,0,0,0,0
offline_frozen,train,SA15/D11_SA15_R01.txt,D11,0,11.995,0,0,0,0,0
offline_frozen,train,SA15/D11_SA15_R02.txt,D11,0,12.0,0,0,0,0,0
offline_frozen,train,SA15/D11_SA15_R03.txt,D11,0,12.0,0,0,0,0,0
offline_frozen,train,SA15/D11_SA15_R04.txt,D11,0,12.0,0,0,0,0,0
offline_frozen,train,SA15/D11_SA15_R05.txt,D11,0,12.0,0,0,0,0,0
offline_frozen,train,SA15/D12_SA15_R01.txt,D12,0,12.0,0,0,0,0,0
offline_frozen,train,SA15/D12_SA15_R02.txt,D12,0,12.0,0,0,0,0,0
offline_frozen,train,SA15/D12_SA15_R03.txt,D12,0,12.0,0,0,0,0,0
offline_frozen,train,SA15/D12_SA15_R04.txt,D12,0,11.995,0,0,0,0,0
offline_frozen,train,SA15/D12_SA15_R05.txt,D12,0,12.0,0,0,0,0,0
offline_frozen,train,SA15/D13_SA15_R01.txt,D13,0,12.0,0,0,0,0,0
offline_frozen,train,SA15/D13_SA15_R02.txt,D13,0,12.0,0,0,0,0,0
offline_frozen,train,SA15/D13_SA15_R03.txt,D13,0,12.0,0,0,0,0,0
offline_frozen,train,SA15/D13_SA15_R04.txt,D13,0,12.0,0,0,0,0,0
offline_frozen,train,SA15/D13_SA15_R05.txt,D13,0,12.0,0,0,0,0,0
offline_frozen,train,SA15/D14_SA15_R01.txt,D14,0,12.0,0,0,0,0,0
offline_frozen,train,SA15/D14_SA15_R02.txt,D14,0,12.0,0,0,0,0,0
offline_frozen,train,SA15/D14_SA15_R03.txt,D14,0,12.0,0,0,0,0,0
offline_frozen,train,SA15/D14_SA15_R04.txt,D14,0,12.0,0,0,0,0,0
offline_frozen,train,SA15/D14_SA15_R05.txt,D14,0,12.0,0,0,0,0,0
offline_frozen,train,SA15/D15_SA15_R01.txt,D15,0,12.0,0,0,0,0,0
offline_frozen,train,SA15/D15_SA15_R02.txt,D15,0,12.0,0,0,0,0,0
offline_frozen,train,SA15/D15_SA15_R03.txt,D15,0,12.0,0,0,0,0,0
offline_frozen,train,SA15/D15_SA15_R04.txt,D15,0,12.0,0,0,0,0,0
offline_frozen,train,SA15/D15_SA15_R05.txt,D15,0,12.0,0,0,0,0,0
offline_frozen,train,SA15/D16_SA15_R01.txt,D16,0,11.995,0,0,0,0,0
offline_frozen,train,SA15/D16_SA15_R02.txt,D16,0,12.0,0,0,0,0,0
offline_frozen,train,SA15/D16_SA15_R03.txt,D16,0,12.0,0,0,0,0,0
offline_frozen,train,SA15/D16_SA15_R04.txt,D16,0,12.0,0,0,0,0,0
offline_frozen,train,SA15/D16_SA15_R05.txt,D16,0,12.0,0,0,0,0,0
offline_frozen,train,SA15/D18_SA15_R01.txt,D18,0,12.0,0,0,0,0,0
offline_frozen,train,SA15/D18_SA15_R02.txt,D18,0,12.0,0,0,0,0,0
offline_frozen,train,SA15/D18_SA15_R03.txt,D18,0,12.0,0,0,0,0,0
offline_frozen,train,SA15/D18_SA15_R04.txt,D18,0,12.0,0,0,0,0,0
offline_frozen,train,SA15/D18_SA15_R05.txt,D18,0,12.0,0,0,0,0,0
offline_frozen,train,SA15/D19_SA15_R01.txt,D19,0,12.0,0,0,0,0,0
offline_frozen,train,SA15/D19_SA15_R02.txt,D19,0,12.0,0,0,0,0,0
offline_frozen,train,SA15/D19_SA15_R03.txt,D19,0,12.0,0,0,0,0,0
offline_frozen,train,SA15/D19_SA15_R04.txt,D19,0,12.0,0,0,0,0,0
offline_frozen,train,SA15/D19_SA15_R05.txt,D19,0,12.0,0,0,0,0,0
offline_frozen,train,SA15/F01_SA15_R01.txt,F01,1,14.995,1,1,1,0,0
offline_frozen,train,SA15/F01_SA15_R02.txt,F01,1,15.0,1,1,1,0,0
offline_frozen,train,SA15/F01_SA15_R03.txt,F01,1,15.0,1,1,1,0,0
offline_frozen,train,SA15/F01_SA15_R04.txt,F01,1,15.0,1,1,1,0,0
offline_frozen,train,SA15/F01_SA15_R05.txt,F01,1,15.0,1,1,1,0,0
offline_frozen,train,SA15/F02_SA15_R01.txt,F02,1,15.0,1,1,1,0,0
offline_frozen,train,SA15/F02_SA15_R02.txt,F02,1,15.0,1,1,1,0,0
offline_frozen,train,SA15/F02_SA15_R03.txt,F02,1,15.0,1,1,1,0,0
offline_frozen,train,SA15/F02_SA15_R04.txt,F02,1,15.0,1,1,1,0,0
offline_frozen,train,SA15/F02_SA15_R05.txt,F02,1,15.0,1,1,1,0,0
offline_frozen,train,SA15/F03_SA15_R01.txt,F03,1,15.0,1,1,1,0,0
offline_frozen,train,SA15/F03_SA15_R02.txt,F03,1,15.0,1,1,1,0,0
offline_frozen,train,SA15/F03_SA15_R03.txt,F03,1,15.0,1,1,1,0,0
offline_frozen,train,SA15/F03_SA15_R04.txt,F03,1,15.0,1,1,1,0,0
offline_frozen,train,SA15/F03_SA15_R05.txt,F03,1,15.0,1,1,1,0,0
offline_frozen,train,SA15/F04_SA15_R01.txt,F04,1,15.0,1,1,1,0,0
offline_frozen,train,SA15/F04_SA15_R02.txt,F04,1,15.0,1,1,1,0,0
offline_frozen,train,SA15/F04_SA15_R03.txt,F04,1,15.0,1,1,1,0,0
offline_frozen,train,SA15/F04_SA15_R04.txt,F04,1,15.0,0,0,0,1,0
offline_frozen,train,SA15/F04_SA15_R05.txt,F04,1,15.0,0,0,0,1,0
offline_frozen,train,SA15/F05_SA15_R01.txt,F05,1,15.0,1,1,0,0,1
offline_frozen,train,SA15/F05_SA15_R02.txt,F05,1,15.0,1,1,1,0,0
offline_frozen,train,SA15/F05_SA15_R03.txt,F05,1,15.0,1,1,1,0,0
offline_frozen,train,SA15/F05_SA15_R04.txt,F05,1,15.0,1,1,1,0,0
offline_frozen,train,SA15/F05_SA15_R05.txt,F05,1,15.0,1,1,1,0,0
offline_frozen,train,SA15/F06_SA15_R01.txt,F06,1,14.995,1,1,1,0,0
offline_frozen,train,SA15/F06_SA15_R02.txt,F06,1,15.0,1,1,1,0,0
offline_frozen,train,SA15/F06_SA15_R03.txt,F06,1,15.0,1,1,1,0,0
offline_frozen,train,SA15/F06_SA15_R04.txt,F06,1,15.0,1,1,1,0,0
offline_frozen,train,SA15/F06_SA15_R05.txt,F06,1,15.0,1,1,1,0,0
offline_frozen,train,SA15/F07_SA15_R01.txt,F07,1,15.0,1,1,1,0,0
offline_frozen,train,SA15/F07_SA15_R02.txt,F07,1,15.0,1,1,1,0,0
offline_frozen,train,SA15/F07_SA15_R03.txt,F07,1,15.0,1,1,1,0,0
offline_frozen,train,SA15/F07_SA15_R04.txt,F07,1,15.0,1,1,1,0,0
offline_frozen,train,SA15/F07_SA15_R05.txt,F07,1,15.0,1,1,1,0,0
offline_frozen,train,SA15/F08_SA15_R01.txt,F08,1,14.995,1,1,1,0,0
offline_frozen,train,SA15/F08_SA15_R02.txt,F08,1,15.0,1,0,0,0,1
offline_frozen,train,SA15/F08_SA15_R03.txt,F08,1,15.0,1,0,0,0,1
offline_frozen,train,SA15/F08_SA15_R04.txt,F08,1,15.0,1,0,0,0,1
offline_frozen,train,SA15/F08_SA15_R05.txt,F08,1,15.0,1,1,1,0,0
offline_frozen,train,SA15/F09_SA15_R01.txt,F09,1,15.0,1,1,1,0,0
offline_frozen,train,SA15/F09_SA15_R02.txt,F09,1,15.0,1,1,1,0,0
offline_frozen,train,SA15/F09_SA15_R03.txt,F09,1,15.0,1,1,1,0,0
offline_frozen,train,SA15/F09_SA15_R04.txt,F09,1,15.0,1,1,1,0,0
offline_frozen,train,SA15/F09_SA15_R05.txt,F09,1,15.0,1,1,1,0,0
offline_frozen,train,SA15/F10_SA15_R01.txt,F10,1,15.0,1,1,1,0,0
offline_frozen,train,SA15/F10_SA15_R02.txt,F10,1,15.0,1,1,1,0,0
offline_frozen,train,SA15/F10_SA15_R03.txt,F10,1,15.0,1,1,1,0,0
offline_frozen,train,SA15/F10_SA15_R04.txt,F10,1,15.0,1,1,1,0,0
offline_frozen,train,SA15/F10_SA15_R05.txt,F10,1,15.0,1,1,1,0,0
offline_frozen,train,SA15/F11_SA15_R01.txt,F11,1,14.995,1,0,0,0,1
offline_frozen,train,SA15/F11_SA15_R02.txt,F11,1,15.0,1,1,1,0,0
offline_frozen,train,SA15/F11_SA15_R03.txt,F11,1,15.0,1,1,1,0,0
offline_frozen,train,SA15/F11_SA15_R04.txt,F11,1,15.0,1,0,0,0,1
offline_frozen,train,SA15/F11_SA15_R05.txt,F11,1,15.0,1,1,1,0,0
offline_frozen,train,SA15/F12_SA15_R01.txt,F12,1,15.0,1,1,1,0,0
offline_frozen,train,SA15/F12_SA15_R02.txt,F12,1,15.0,1,1,1,0,0
offline_frozen,train,SA15/F12_SA15_R03.txt,F12,1,15.0,1,1,1,0,0
offline_frozen,train,SA15/F12_SA15_R04.txt,F12,1,15.0,1,1,1,0,0
offline_frozen,train,SA15/F12_SA15_R05.txt,F12,1,15.0,1,1,1,0,0
offline_frozen,train,SA15/F13_SA15_R01.txt,F13,1,15.0,1,1,1,0,0
offline_frozen,train,SA15/F13_SA15_R02.txt,F13,1,15.0,1,1,1,0,0
offline_frozen,train,SA15/F13_SA15_R03.txt,F13,1,15.0,1,1,1,0,0
offline_frozen,train,SA15/F13_SA15_R04.txt,F13,1,15.0,1,0,0,0,1
offline_frozen,train,SA15/F13_SA15_R05.txt,F13,1,15.0,1,1,1,0,0
offline_frozen,train,SA15/F14_SA15_R01.txt,F14,1,15.0,1,1,1,0,0
offline_frozen,train,SA15/F14_SA15_R02.txt,F14,1,15.0,1,1,1,0,0
offline_frozen,train,SA15/F14_SA15_R03.txt,F14,1,15.0,1,1,1,0,0
offline_frozen,train,SA15/F14_SA15_R04.txt,F14,1,15.0,1,0,0,0,1
offline_frozen,train,SA15/F14_SA15_R05.txt,F14,1,15.0,1,1,1,0,0
offline_frozen,train,SA15/F15_SA15_R01.txt,F15,1,15.0,1,1,1,0,0
offline_frozen,train,SA15/F15_SA15_R02.txt,F15,1,15.0,1,0,0,0,1
offline_frozen,train,SA15/F15_SA15_R03.txt,F15,1,15.0,1,0,0,0,1
offline_frozen,train,SA15/F15_SA15_R04.txt,F15,1,15.0,1,1,1,0,0
offline_frozen,train,SA15/F15_SA15_R05.txt,F15,1,15.0,1,1,1,0,0
offline_frozen,train,SA16/D01_SA16_R01.txt,D01,0,99.995,0,0,0,0,0
offline_frozen,train,SA16/D02_SA16_R01.txt,D02,0,100.0,0,0,0,0,0
offline_frozen,train,SA16/D03_SA16_R01.txt,D03,0,100.0,0,0,0,0,0
offline_frozen,train,SA16/D04_SA16_R01.txt,D04,0,100.0,0,0,0,0,0
offline_frozen,train,SA16/D05_SA16_R01.txt,D05,0,25.0,0,0,0,0,0
offline_frozen,train,SA16/D05_SA16_R02.txt,D05,0,25.0,0,0,0,0,0
offline_frozen,train,SA16/D05_SA16_R03.txt,D05,0,25.0,0,0,0,0,0
offline_frozen,train,SA16/D05_SA16_R04.txt,D05,0,25.0,0,0,0,0,0
offline_frozen,train,SA16/D05_SA16_R05.txt,D05,0,25.0,0,0,0,0,0
offline_frozen,train,SA16/D06_SA16_R01.txt,D06,0,24.995,0,0,0,0,0
offline_frozen,train,SA16/D06_SA16_R02.txt,D06,0,25.0,0,0,0,0,0
offline_frozen,train,SA16/D06_SA16_R03.txt,D06,0,25.0,0,0,0,0,0
offline_frozen,train,SA16/D06_SA16_R04.txt,D06,0,25.0,0,0,0,0,0
offline_frozen,train,SA16/D06_SA16_R05.txt,D06,0,25.0,0,0,0,0,0
offline_frozen,train,SA16/D07_SA16_R01.txt,D07,0,12.0,0,0,0,0,0
offline_frozen,train,SA16/D07_SA16_R02.txt,D07,0,12.0,0,0,0,0,0
offline_frozen,train,SA16/D07_SA16_R03.txt,D07,0,12.0,0,0,0,0,0
offline_frozen,train,SA16/D07_SA16_R04.txt,D07,0,12.0,0,0,0,0,0
offline_frozen,train,SA16/D07_SA16_R05.txt,D07,0,12.0,0,0,0,0,0
offline_frozen,train,SA16/D08_SA16_R01.txt,D08,0,12.0,0,0,0,0,0
offline_frozen,train,SA16/D08_SA16_R02.txt,D08,0,12.0,0,0,0,0,0
offline_frozen,train,SA16/D08_SA16_R03.txt,D08,0,12.0,0,0,0,0,0
offline_frozen,train,SA16/D08_SA16_R04.txt,D08,0,12.0,0,0,0,0,0
offline_frozen,train,SA16/D08_SA16_R05.txt,D08,0,12.0,0,0,0,0,0
offline_frozen,train,SA16/D09_SA16_R01.txt,D09,0,12.0,0,0,0,0,0
offline_frozen,train,SA16/D09_SA16_R02.txt,D09,0,12.0,0,0,0,0,0
offline_frozen,train,SA16/D09_SA16_R03.txt,D09,0,12.0,0,0,0,0,0
offline_frozen,train,SA16/D09_SA16_R04.txt,D09,0,12.0,0,0,0,0,0
offline_frozen,train,SA16/D09_SA16_R05.txt,D09,0,12.0,0,0,0,0,0
offline_frozen,train,SA16/D10_SA16_R01.txt,D10,0,12.0,0,0,0,0,0
offline_frozen,train,SA16/D10_SA16_R02.txt,D10,0,12.0,0,0,0,0,0
offline_frozen,train,SA16/D10_SA16_R03.txt,D10,0,12.0,0,0,0,0,0
offline_frozen,train,SA16/D10_SA16_R04.txt,D10,0,12.0,0,0,0,0,0
offline_frozen,train,SA16/D10_SA16_R05.txt,D10,0,12.0,0,0,0,0,0
offline_frozen,train,SA16/D11_SA16_R01.txt,D11,0,11.995,0,0,0,0,0
offline_frozen,train,SA16/D11_SA16_R02.txt,D11,0,12.0,0,0,0,0,0
offline_frozen,train,SA16/D11_SA16_R03.txt,D11,0,12.0,0,0,0,0,0
offline_frozen,train,SA16/D11_SA16_R04.txt,D11,0,12.0,0,0,0,0,0
offline_frozen,train,SA16/D11_SA16_R05.txt,D11,0,12.0,0,0,0,0,0
offline_frozen,train,SA16/D12_SA16_R01.txt,D12,0,12.0,0,0,0,0,0
offline_frozen,train,SA16/D12_SA16_R02.txt,D12,0,12.0,0,0,0,0,0
offline_frozen,train,SA16/D12_SA16_R03.txt,D12,0,12.0,0,0,0,0,0
offline_frozen,train,SA16/D12_SA16_R04.txt,D12,0,12.0,0,0,0,0,0
offline_frozen,train,SA16/D12_SA16_R05.txt,D12,0,12.0,0,0,0,0,0
offline_frozen,train,SA16/D13_SA16_R01.txt,D13,0,12.0,0,0,0,0,0
offline_frozen,train,SA16/D13_SA16_R02.txt,D13,0,12.0,0,0,0,0,0
offline_frozen,train,SA16/D13_SA16_R03.txt,D13,0,12.0,0,0,0,0,0
offline_frozen,train,SA16/D13_SA16_R04.txt,D13,0,12.0,0,0,0,0,0
offline_frozen,train,SA16/D13_SA16_R05.txt,D13,0,12.0,0,0,0,0,0
offline_frozen,train,SA16/D14_SA16_R01.txt,D14,0,12.0,0,0,0,0,0
offline_frozen,train,SA16/D14_SA16_R02.txt,D14,0,12.0,0,0,0,0,0
offline_frozen,train,SA16/D14_SA16_R03.txt,D14,0,12.0,0,0,0,0,0
offline_frozen,train,SA16/D14_SA16_R04.txt,D14,0,12.0,0,0,0,0,0
offline_frozen,train,SA16/D14_SA16_R05.txt,D14,0,12.0,0,0,0,0,0
offline_frozen,train,SA16/D15_SA16_R01.txt,D15,0,12.0,0,0,0,0,0
offline_frozen,train,SA16/D15_SA16_R02.txt,D15,0,12.0,0,0,0,0,0
offline_frozen,train,SA16/D15_SA16_R03.txt,D15,0,12.0,0,0,0,0,0
offline_frozen,train,SA16/D15_SA16_R04.txt,D15,0,12.0,0,0,0,0,0
offline_frozen,train,SA16/D15_SA16_R05.txt,D15,0,12.0,0,0,0,0,0
offline_frozen,train,SA16/D16_SA16_R01.txt,D16,0,11.995,0,0,0,0,0
offline_frozen,train,SA16/D16_SA16_R02.txt,D16,0,12.0,0,0,0,0,0
offline_frozen,train,SA16/D16_SA16_R03.txt,D16,0,12.0,0,0,0,0,0
offline_frozen,train,SA16/D16_SA16_R04.txt,D16,0,12.0,0,0,0,0,0
offline_frozen,train,SA16/D16_SA16_R05.txt,D16,0,12.0,0,0,0,0,0
offline_frozen,train,SA16/D17_SA16_R01.txt,D17,0,24.995,0,0,0,0,0
offline_frozen,train,SA16/D17_SA16_R02.txt,D17,0,25.0,0,0,0,0,0
offline_frozen,train,SA16/D17_SA16_R03.txt,D17,0,25.0,0,0,0,0,0
offline_frozen,train,SA16/D17_SA16_R04.txt,D17,0,25.0,0,0,0,0,0
offline_frozen,train,SA16/D17_SA16_R05.txt,D17,0,25.0,0,0,0,0,0
offline_frozen,train,SA16/D18_SA16_R01.txt,D18,0,12.0,0,0,0,0,0
offline_frozen,train,SA16/D18_SA16_R02.txt,D18,0,12.0,0,0,0,0,0
offline_frozen,train,SA16/D18_SA16_R03.txt,D18,0,12.0,0,0,0,0,0
offline_frozen,train,SA16/D18_SA16_R04.txt,D18,0,12.0,0,0,0,0,0
offline_frozen,train,SA16/D18_SA16_R05.txt,D18,0,12.0,0,0,0,0,0
offline_frozen,train,SA16/D19_SA16_R01.txt,D19,0,12.0,0,0,0,0,0
offline_frozen,train,SA16/D19_SA16_R02.txt,D19,0,12.0,0,0,0,0,0
offline_frozen,train,SA16/D19_SA16_R03.txt,D19,0,12.0,0,0,0,0,0
offline_frozen,train,SA16/D19_SA16_R04.txt,D19,0,12.0,0,0,0,0,0
offline_frozen,train,SA16/D19_SA16_R05.txt,D19,0,12.0,0,0,0,0,0
offline_frozen,train,SA16/F01_SA16_R01.txt,F01,1,15.0,1,2,1,0,0
offline_frozen,train,SA16/F01_SA16_R02.txt,F01,1,15.0,1,1,1,0,0
offline_frozen,train,SA16/F01_SA16_R03.txt,F01,1,15.0,1,1,1,0,0
offline_frozen,train,SA16/F01_SA16_R04.txt,F01,1,15.0,1,1,1,0,0
offline_frozen,train,SA16/F01_SA16_R05.txt,F01,1,15.0,0,0,0,1,0
offline_frozen,train,SA16/F02_SA16_R01.txt,F02,1,14.995,1,1,1,0,0
offline_frozen,train,SA16/F02_SA16_R02.txt,F02,1,15.0,1,1,1,0,0
offline_frozen,train,SA16/F02_SA16_R03.txt,F02,1,15.0,1,1,1,0,0
offline_frozen,train,SA16/F02_SA16_R04.txt,F02,1,15.0,1,1,1,0,0
offline_frozen,train,SA16/F02_SA16_R05.txt,F02,1,15.0,1,1,1,0,0
offline_frozen,train,SA16/F03_SA16_R01.txt,F03,1,15.0,1,1,1,0,0
offline_frozen,train,SA16/F03_SA16_R02.txt,F03,1,15.0,1,1,1,0,0
offline_frozen,train,SA16/F03_SA16_R03.txt,F03,1,15.0,1,1,1,0,0
offline_frozen,train,SA16/F03_SA16_R04.txt,F03,1,15.0,1,1,1,0,0
offline_frozen,train,SA16/F03_SA16_R05.txt,F03,1,15.0,1,1,1,0,0
offline_frozen,train,SA16/F04_SA16_R01.txt,F04,1,14.995,1,1,1,0,0
offline_frozen,train,SA16/F04_SA16_R02.txt,F04,1,15.0,1,1,1,0,0
offline_frozen,train,SA16/F04_SA16_R03.txt,F04,1,15.0,1,1,1,0,0
offline_frozen,train,SA16/F04_SA16_R04.txt,F04,1,15.0,1,1,1,0,0
offline_frozen,train,SA16/F04_SA16_R05.txt,F04,1,15.0,1,1,1,0,0
offline_frozen,train,SA16/F05_SA16_R01.txt,F05,1,15.0,1,1,1,0,0
offline_frozen,train,SA16/F05_SA16_R02.txt,F05,1,15.0,1,1,1,0,0
offline_frozen,train,SA16/F05_SA16_R03.txt,F05,1,15.0,1,1,1,0,0
offline_frozen,train,SA16/F05_SA16_R04.txt,F05,1,15.0,0,0,0,1,0
offline_frozen,train,SA16/F05_SA16_R05.txt,F05,1,15.0,1,1,1,0,0
offline_frozen,train,SA16/F06_SA16_R01.txt,F06,1,14.995,1,2,1,0,0
offline_frozen,train,SA16/F06_SA16_R02.txt,F06,1,15.0,1,1,1,0,0
offline_frozen,train,SA16/F06_SA16_R03.txt,F06,1,15.0,1,1,1,0,0
offline_frozen,train,SA16/F06_SA16_R04.txt,F06,1,15.0,1,1,1,0,0
offline_frozen,train,SA16/F06_SA16_R05.txt,F06,1,15.0,1,1,1,0,0
offline_frozen,train,SA16/F07_SA16_R01.txt,F07,1,15.0,1,1,1,0,0
offline_frozen,train,SA16/F07_SA16_R02.txt,F07,1,15.0,1,1,1,0,0
offline_frozen,train,SA16/F07_SA16_R03.txt,F07,1,15.0,1,1,1,0,0
offline_frozen,train,SA16/F07_SA16_R04.txt,F07,1,15.0,1,2,1,0,0
offline_frozen,train,SA16/F07_SA16_R05.txt,F07,1,15.0,1,2,1,0,0
offline_frozen,train,SA16/F08_SA16_R01.txt,F08,1,15.0,1,1,1,0,0
offline_frozen,train,SA16/F08_SA16_R02.txt,F08,1,15.0,1,1,1,0,0
offline_frozen,train,SA16/F08_SA16_R03.txt,F08,1,15.0,1,1,1,0,0
offline_frozen,train,SA16/F08_SA16_R04.txt,F08,1,15.0,1,1,1,0,0
offline_frozen,train,SA16/F08_SA16_R05.txt,F08,1,15.0,1,1,1,0,0
offline_frozen,train,SA16/F09_SA16_R01.txt,F09,1,15.0,1,1,1,0,0
offline_frozen,train,SA16/F09_SA16_R02.txt,F09,1,15.0,1,1,1,0,0
offline_frozen,train,SA16/F09_SA16_R03.txt,F09,1,15.0,1,1,1,0,0
offline_frozen,train,SA16/F09_SA16_R04.txt,F09,1,15.0,1,1,1,0,0
offline_frozen,train,SA16/F09_SA16_R05.txt,F09,1,15.0,1,1,1,0,0
offline_frozen,train,SA16/F10_SA16_R01.txt,F10,1,15.0,1,1,1,0,0
offline_frozen,train,SA16/F10_SA16_R02.txt,F10,1,15.0,1,1,1,0,0
offline_frozen,train,SA16/F10_SA16_R03.txt,F10,1,15.0,1,1,1,0,0
offline_frozen,train,SA16/F10_SA16_R04.txt,F10,1,15.0,1,1,1,0,0
offline_frozen,train,SA16/F10_SA16_R05.txt,F10,1,15.0,1,1,1,0,0
offline_frozen,train,SA16/F11_SA16_R01.txt,F11,1,14.995,1,1,1,0,0
offline_frozen,train,SA16/F11_SA16_R02.txt,F11,1,15.0,1,1,1,0,0
offline_frozen,train,SA16/F11_SA16_R03.txt,F11,1,15.0,1,1,1,0,0
offline_frozen,train,SA16/F11_SA16_R04.txt,F11,1,15.0,1,1,1,0,0
offline_frozen,train,SA16/F11_SA16_R05.txt,F11,1,15.0,1,1,1,0,0
offline_frozen,train,SA16/F12_SA16_R01.txt,F12,1,15.0,1,1,1,0,0
offline_frozen,train,SA16/F12_SA16_R02.txt,F12,1,15.0,1,1,1,0,0
offline_frozen,train,SA16/F12_SA16_R03.txt,F12,1,15.0,1,1,1,0,0
offline_frozen,train,SA16/F12_SA16_R04.txt,F12,1,15.0,1,1,1,0,0
offline_frozen,train,SA16/F12_SA16_R05.txt,F12,1,15.0,1,1,1,0,0
offline_frozen,train,SA16/F13_SA16_R01.txt,F13,1,15.0,1,1,1,0,0
offline_frozen,train,SA16/F13_SA16_R02.txt,F13,1,15.0,1,1,1,0,0
offline_frozen,train,SA16/F13_SA16_R03.txt,F13,1,15.0,1,1,1,0,0
offline_frozen,train,SA16/F13_SA16_R04.txt,F13,1,15.0,1,1,1,0,0
offline_frozen,train,SA16/F13_SA16_R05.txt,F13,1,15.0,1,1,1,0,0
offline_frozen,train,SA16/F14_SA16_R01.txt,F14,1,15.0,1,1,1,0,0
offline_frozen,train,SA16/F14_SA16_R02.txt,F14,1,15.0,1,1,1,0,0
offline_frozen,train,SA16/F14_SA16_R03.txt,F14,1,15.0,1,1,1,0,0
offline_frozen,train,SA16/F14_SA16_R04.txt,F14,1,15.0,1,1,1,0,0
offline_frozen,train,SA16/F14_SA16_R05.txt,F14,1,15.0,1,1,1,0,0
offline_frozen,train,SA16/F15_SA16_R01.txt,F15,1,15.0,1,1,1,0,0
offline_frozen,train,SA16/F15_SA16_R02.txt,F15,1,15.0,1,1,1,0,0
offline_frozen,train,SA16/F15_SA16_R03.txt,F15,1,15.0,1,1,1,0,0
offline_frozen,train,SA16/F15_SA16_R04.txt,F15,1,15.0,1,1,1,0,0
offline_frozen,train,SA16/F15_SA16_R05.txt,F15,1,15.0,1,1,1,0,0
offline_frozen,train,SA18/D01_SA18_R01.txt,D01,0,99.995,0,0,0,0,0
offline_frozen,train,SA18/D02_SA18_R01.txt,D02,0,100.0,0,0,0,0,0
offline_frozen,train,SA18/D03_SA18_R01.txt,D03,0,100.0,0,0,0,0,0
offline_frozen,train,SA18/D04_SA18_R01.txt,D04,0,100.0,0,0,0,0,0
offline_frozen,train,SA18/D05_SA18_R01.txt,D05,0,25.0,0,0,0,0,0
offline_frozen,train,SA18/D05_SA18_R02.txt,D05,0,25.0,0,0,0,0,0
offline_frozen,train,SA18/D05_SA18_R03.txt,D05,0,25.0,0,0,0,0,0
offline_frozen,train,SA18/D05_SA18_R04.txt,D05,0,25.0,0,0,0,0,0
offline_frozen,train,SA18/D05_SA18_R05.txt,D05,0,25.0,0,0,0,0,0
offline_frozen,train,SA18/D06_SA18_R01.txt,D06,0,24.995,0,0,0,0,0
offline_frozen,train,SA18/D06_SA18_R02.txt,D06,0,25.0,0,0,0,0,0
offline_frozen,train,SA18/D06_SA18_R03.txt,D06,0,25.0,0,0,0,0,0
offline_frozen,train,SA18/D06_SA18_R04.txt,D06,0,25.0,0,0,0,0,0
offline_frozen,train,SA18/D06_SA18_R05.txt,D06,0,25.0,0,0,0,0,0
offline_frozen,train,SA18/D07_SA18_R01.txt,D07,0,12.0,0,0,0,0,0
offline_frozen,train,SA18/D07_SA18_R02.txt,D07,0,12.0,0,0,0,0,0
offline_frozen,train,SA18/D07_SA18_R03.txt,D07,0,12.0,0,0,0,0,0
offline_frozen,train,SA18/D07_SA18_R04.txt,D07,0,12.0,0,0,0,0,0
offline_frozen,train,SA18/D07_SA18_R05.txt,D07,0,12.0,0,0,0,0,0
offline_frozen,train,SA18/D08_SA18_R01.txt,D08,0,12.0,0,0,0,0,0
offline_frozen,train,SA18/D08_SA18_R02.txt,D08,0,12.0,0,0,0,0,0
offline_frozen,train,SA18/D08_SA18_R03.txt,D08,0,12.0,0,0,0,0,0
offline_frozen,train,SA18/D08_SA18_R04.txt,D08,0,12.0,0,0,0,0,0
offline_frozen,train,SA18/D08_SA18_R05.txt,D08,0,12.0,0,0,0,0,0
offline_frozen,train,SA18/D09_SA18_R01.txt,D09,0,12.0,0,0,0,0,0
offline_frozen,train,SA18/D09_SA18_R02.txt,D09,0,12.0,0,0,0,0,0
offline_frozen,train,SA18/D09_SA18_R03.txt,D09,0,12.0,0,0,0,0,0
offline_frozen,train,SA18/D09_SA18_R04.txt,D09,0,12.0,0,0,0,0,0
offline_frozen,train,SA18/D09_SA18_R05.txt,D09,0,12.0,0,0,0,0,0
offline_frozen,train,SA18/D10_SA18_R01.txt,D10,0,12.0,0,0,0,0,0
offline_frozen,train,SA18/D10_SA18_R02.txt,D10,0,12.0,0,0,0,0,0
offline_frozen,train,SA18/D10_SA18_R03.txt,D10,0,12.0,0,0,0,0,0
offline_frozen,train,SA18/D10_SA18_R04.txt,D10,0,12.0,0,0,0,0,0
offline_frozen,train,SA18/D10_SA18_R05.txt,D10,0,12.0,0,0,0,0,0
offline_frozen,train,SA18/D11_SA18_R01.txt,D11,0,11.995,0,0,0,0,0
offline_frozen,train,SA18/D11_SA18_R02.txt,D11,0,12.0,0,0,0,0,0
offline_frozen,train,SA18/D11_SA18_R03.txt,D11,0,12.0,0,0,0,0,0
offline_frozen,train,SA18/D11_SA18_R04.txt,D11,0,12.0,0,0,0,0,0
offline_frozen,train,SA18/D11_SA18_R05.txt,D11,0,12.0,0,0,0,0,0
offline_frozen,train,SA18/D12_SA18_R01.txt,D12,0,12.0,0,0,0,0,0
offline_frozen,train,SA18/D12_SA18_R02.txt,D12,0,12.0,0,0,0,0,0
offline_frozen,train,SA18/D12_SA18_R03.txt,D12,0,12.0,0,0,0,0,0
offline_frozen,train,SA18/D12_SA18_R04.txt,D12,0,12.0,0,0,0,0,0
offline_frozen,train,SA18/D12_SA18_R05.txt,D12,0,12.0,0,0,0,0,0
offline_frozen,train,SA18/D13_SA18_R01.txt,D13,0,12.0,0,0,0,0,0
offline_frozen,train,SA18/D13_SA18_R02.txt,D13,0,12.0,0,0,0,0,0
offline_frozen,train,SA18/D13_SA18_R03.txt,D13,0,12.0,0,0,0,0,0
offline_frozen,train,SA18/D13_SA18_R04.txt,D13,0,12.0,0,0,0,0,0
offline_frozen,train,SA18/D13_SA18_R05.txt,D13,0,12.0,0,0,0,0,0
offline_frozen,train,SA18/D14_SA18_R01.txt,D14,0,12.0,0,0,0,0,0
offline_frozen,train,SA18/D14_SA18_R02.txt,D14,0,12.0,0,0,0,0,0
offline_frozen,train,SA18/D14_SA18_R03.txt,D14,0,12.0,0,0,0,0,0
offline_frozen,train,SA18/D14_SA18_R04.txt,D14,0,12.0,0,0,0,0,0
offline_frozen,train,SA18/D14_SA18_R05.txt,D14,0,12.0,0,0,0,0,0
offline_frozen,train,SA18/D15_SA18_R01.txt,D15,0,12.0,0,0,0,0,0
offline_frozen,train,SA18/D15_SA18_R02.txt,D15,0,12.0,0,0,0,0,0
offline_frozen,train,SA18/D15_SA18_R03.txt,D15,0,12.0,0,0,0,0,0
offline_frozen,train,SA18/D15_SA18_R04.txt,D15,0,12.0,0,0,0,0,0
offline_frozen,train,SA18/D15_SA18_R05.txt,D15,0,12.0,0,0,0,0,0
offline_frozen,train,SA18/D16_SA18_R01.txt,D16,0,11.995,0,0,0,0,0
offline_frozen,train,SA18/D16_SA18_R02.txt,D16,0,12.0,0,0,0,0,0
offline_frozen,train,SA18/D16_SA18_R03.txt,D16,0,12.0,0,0,0,0,0
offline_frozen,train,SA18/D16_SA18_R04.txt,D16,0,12.0,0,0,0,0,0
offline_frozen,train,SA18/D16_SA18_R05.txt,D16,0,12.0,0,0,0,0,0
offline_frozen,train,SA18/D17_SA18_R01.txt,D17,0,24.995,0,0,0,0,0
offline_frozen,train,SA18/D17_SA18_R02.txt,D17,0,25.0,0,0,0,0,0
offline_frozen,train,SA18/D17_SA18_R03.txt,D17,0,25.0,0,0,0,0,0
offline_frozen,train,SA18/D17_SA18_R04.txt,D17,0,25.0,0,0,0,0,0
offline_frozen,train,SA18/D17_SA18_R05.txt,D17,0,24.995,0,0,0,0,0
offline_frozen,train,SA18/D18_SA18_R01.txt,D18,0,12.0,0,0,0,0,0
offline_frozen,train,SA18/D18_SA18_R02.txt,D18,0,12.0,0,1,0,0,0
offline_frozen,train,SA18/D18_SA18_R03.txt,D18,0,12.0,0,0,0,0,0
offline_frozen,train,SA18/D18_SA18_R04.txt,D18,0,12.0,0,0,0,0,0
offline_frozen,train,SA18/D18_SA18_R05.txt,D18,0,12.0,0,0,0,0,0
offline_frozen,train,SA18/D19_SA18_R01.txt,D19,0,12.0,0,0,0,0,0
offline_frozen,train,SA18/D19_SA18_R02.txt,D19,0,12.0,0,0,0,0,0
offline_frozen,train,SA18/D19_SA18_R03.txt,D19,0,12.0,0,0,0,0,0
offline_frozen,train,SA18/D19_SA18_R04.txt,D19,0,12.0,0,0,0,0,0
offline_frozen,train,SA18/D19_SA18_R05.txt,D19,0,12.0,0,0,0,0,0
offline_frozen,train,SA18/F01_SA18_R01.txt,F01,1,14.995,1,1,1,0,0
offline_frozen,train,SA18/F01_SA18_R02.txt,F01,1,15.0,1,1,1,0,0
offline_frozen,train,SA18/F01_SA18_R03.txt,F01,1,15.0,1,1,1,0,0
offline_frozen,train,SA18/F01_SA18_R04.txt,F01,1,15.0,1,1,1,0,0
offline_frozen,train,SA18/F01_SA18_R05.txt,F01,1,15.0,1,1,1,0,0
offline_frozen,train,SA18/F02_SA18_R01.txt,F02,1,15.0,1,1,1,0,0
offline_frozen,train,SA18/F02_SA18_R02.txt,F02,1,15.0,1,1,1,0,0
offline_frozen,train,SA18/F02_SA18_R03.txt,F02,1,15.0,1,1,1,0,0
offline_frozen,train,SA18/F02_SA18_R04.txt,F02,1,15.0,1,1,1,0,0
offline_frozen,train,SA18/F02_SA18_R05.txt,F02,1,15.0,1,1,1,0,0
offline_frozen,train,SA18/F03_SA18_R01.txt,F03,1,15.0,1,1,1,0,0
offline_frozen,train,SA18/F03_SA18_R02.txt,F03,1,15.0,1,1,1,0,0
offline_frozen,train,SA18/F03_SA18_R03.txt,F03,1,15.0,1,1,1,0,0
offline_frozen,train,SA18/F03_SA18_R04.txt,F03,1,15.0,1,1,1,0,0
offline_frozen,train,SA18/F03_SA18_R05.txt,F03,1,15.0,1,1,1,0,0
offline_frozen,train,SA18/F04_SA18_R01.txt,F04,1,15.0,1,1,1,0,0
offline_frozen,train,SA18/F04_SA18_R02.txt,F04,1,15.0,0,0,0,1,0
offline_frozen,train,SA18/F04_SA18_R03.txt,F04,1,15.0,1,1,1,0,0
offline_frozen,train,SA18/F04_SA18_R04.txt,F04,1,15.0,1,1,1,0,0
offline_frozen,train,SA18/F04_SA18_R05.txt,F04,1,15.0,1,1,1,0,0
offline_frozen,train,SA18/F05_SA18_R01.txt,F05,1,15.0,1,1,1,0,0
offline_frozen,train,SA18/F05_SA18_R02.txt,F05,1,15.0,1,1,1,0,0
offline_frozen,train,SA18/F05_SA18_R03.txt,F05,1,15.0,1,1,1,0,0
offline_frozen,train,SA18/F05_SA18_R04.txt,F05,1,15.0,1,1,1,0,0
offline_frozen,train,SA18/F05_SA18_R05.txt,F05,1,15.0,1,1,1,0,0
offline_frozen,train,SA18/F06_SA18_R01.txt,F06,1,14.995,1,1,1,0,0
offline_frozen,train,SA18/F06_SA18_R02.txt,F06,1,15.0,1,1,1,0,0
offline_frozen,train,SA18/F06_SA18_R03.txt,F06,1,15.0,1,1,1,0,0
offline_frozen,train,SA18/F06_SA18_R04.txt,F06,1,15.0,1,1,1,0,0
offline_frozen,train,SA18/F06_SA18_R05.txt,F06,1,15.0,1,1,1,0,0
offline_frozen,train,SA18/F07_SA18_R01.txt,F07,1,15.0,1,0,0,0,1
offline_frozen,train,SA18/F07_SA18_R02.txt,F07,1,15.0,1,1,1,0,0
offline_frozen,train,SA18/F07_SA18_R03.txt,F07,1,15.0,1,1,1,0,0
offline_frozen,train,SA18/F07_SA18_R04.txt,F07,1,15.0,1,1,1,0,0
offline_frozen,train,SA18/F07_SA18_R05.txt,F07,1,15.0,1,0,0,0,1
offline_frozen,train,SA18/F08_SA18_R01.txt,F08,1,15.0,1,1,1,0,0
offline_frozen,train,SA18/F08_SA18_R02.txt,F08,1,15.0,1,1,1,0,0
offline_frozen,train,SA18/F08_SA18_R03.txt,F08,1,15.0,1,1,1,0,0
offline_frozen,train,SA18/F08_SA18_R04.txt,F08,1,15.0,1,1,1,0,0
offline_frozen,train,SA18/F08_SA18_R05.txt,F08,1,15.0,1,1,1,0,0
offline_frozen,train,SA18/F09_SA18_R01.txt,F09,1,15.0,1,1,1,0,0
offline_frozen,train,SA18/F09_SA18_R02.txt,F09,1,15.0,1,1,1,0,0
offline_frozen,train,SA18/F09_SA18_R03.txt,F09,1,15.0,1,1,1,0,0
offline_frozen,train,SA18/F09_SA18_R04.txt,F09,1,15.0,1,1,1,0,0
offline_frozen,train,SA18/F09_SA18_R05.txt,F09,1,15.0,1,1,1,0,0
offline_frozen,train,SA18/F10_SA18_R01.txt,F10,1,15.0,1,0,0,0,1
offline_frozen,train,SA18/F10_SA18_R02.txt,F10,1,15.0,1,0,0,0,1
offline_frozen,train,SA18/F10_SA18_R03.txt,F10,1,15.0,1,1,1,0,0
offline_frozen,train,SA18/F10_SA18_R04.txt,F10,1,15.0,1,0,0,0,1
offline_frozen,train,SA18/F10_SA18_R05.txt,F10,1,15.0,1,0,0,0,1
offline_frozen,train,SA18/F11_SA18_R01.txt,F11,1,14.995,1,1,1,0,0
offline_frozen,train,SA18/F11_SA18_R02.txt,F11,1,15.0,1,1,1,0,0
offline_frozen,train,SA18/F11_SA18_R03.txt,F11,1,15.0,1,1,1,0,0
offline_frozen,train,SA18/F11_SA18_R04.txt,F11,1,15.0,1,1,1,0,0
offline_frozen,train,SA18/F11_SA18_R05.txt,F11,1,15.0,1,1,1,0,0
offline_frozen,train,SA18/F12_SA18_R01.txt,F12,1,15.0,1,1,1,0,0
offline_frozen,train,SA18/F12_SA18_R02.txt,F12,1,15.0,1,1,1,0,0
offline_frozen,train,SA18/F12_SA18_R03.txt,F12,1,15.0,1,1,1,0,0
offline_frozen,train,SA18/F12_SA18_R04.txt,F12,1,15.0,1,1,1,0,0
offline_frozen,train,SA18/F12_SA18_R05.txt,F12,1,15.0,1,1,1,0,0
offline_frozen,train,SA18/F13_SA18_R01.txt,F13,1,15.0,1,1,1,0,0
offline_frozen,train,SA18/F13_SA18_R02.txt,F13,1,15.0,1,1,1,0,0
offline_frozen,train,SA18/F13_SA18_R03.txt,F13,1,15.0,1,0,0,0,1
offline_frozen,train,SA18/F13_SA18_R04.txt,F13,1,15.0,1,1,1,0,0
offline_frozen,train,SA18/F13_SA18_R05.txt,F13,1,15.0,1,1,1,0,0
offline_frozen,train,SA18/F14_SA18_R01.txt,F14,1,15.0,1,1,1,0,0
offline_frozen,train,SA18/F14_SA18_R02.txt,F14,1,15.0,1,1,1,0,0
offline_frozen,train,SA18/F14_SA18_R03.txt,F14,1,15.0,1,1,1,0,0
offline_frozen,train,SA18/F14_SA18_R04.txt,F14,1,15.0,1,1,1,0,0
offline_frozen,train,SA18/F14_SA18_R05.txt,F14,1,15.0,1,1,1,0,0
offline_frozen,train,SA18/F15_SA18_R01.txt,F15,1,15.0,1,1,1,0,0
offline_frozen,train,SA18/F15_SA18_R02.txt,F15,1,15.0,1,1,1,0,0
offline_frozen,train,SA18/F15_SA18_R03.txt,F15,1,15.0,1,1,1,0,0
offline_frozen,train,SA18/F15_SA18_R04.txt,F15,1,15.0,1,1,1,0,0
offline_frozen,train,SA18/F15_SA18_R05.txt,F15,1,15.0,1,1,1,0,0
offline_frozen,train,SA20/D01_SA20_R01.txt,D01,0,99.985,0,0,0,0,0
offline_frozen,train,SA20/D02_SA20_R01.txt,D02,0,99.995,0,0,0,0,0
offline_frozen,train,SA20/D03_SA20_R01.txt,D03,0,100.0,0,0,0,0,0
offline_frozen,train,SA20/D04_SA20_R01.txt,D04,0,100.0,0,0,0,0,0
offline_frozen,train,SA20/D05_SA20_R01.txt,D05,0,25.0,0,0,0,0,0
offline_frozen,train,SA20/D05_SA20_R02.txt,D05,0,25.0,0,0,0,0,0
offline_frozen,train,SA20/D05_SA20_R03.txt,D05,0,25.0,0,0,0,0,0
offline_frozen,train,SA20/D05_SA20_R04.txt,D05,0,25.0,0,0,0,0,0
offline_frozen,train,SA20/D05_SA20_R05.txt,D05,0,25.0,0,0,0,0,0
offline_frozen,train,SA20/D06_SA20_R01.txt,D06,0,24.995,0,0,0,0,0
offline_frozen,train,SA20/D06_SA20_R03.txt,D06,0,24.99,0,0,0,0,0
offline_frozen,train,SA20/D06_SA20_R04.txt,D06,0,25.0,0,0,0,0,0
offline_frozen,train,SA20/D06_SA20_R05.txt,D06,0,25.0,0,0,0,0,0
offline_frozen,train,SA20/D07_SA20_R01.txt,D07,0,12.0,0,0,0,0,0
offline_frozen,train,SA20/D07_SA20_R02.txt,D07,0,12.0,0,0,0,0,0
offline_frozen,train,SA20/D07_SA20_R03.txt,D07,0,12.0,0,0,0,0,0
offline_frozen,train,SA20/D07_SA20_R04.txt,D07,0,12.0,0,0,0,0,0
offline_frozen,train,SA20/D07_SA20_R05.txt,D07,0,12.0,0,0,0,0,0
offline_frozen,train,SA20/D08_SA20_R01.txt,D08,0,12.0,0,0,0,0,0
offline_frozen,train,SA20/D08_SA20_R02.txt,D08,0,12.0,0,0,0,0,0
offline_frozen,train,SA20/D08_SA20_R03.txt,D08,0,12.0,0,0,0,0,0
offline_frozen,train,SA20/D08_SA20_R04.txt,D08,0,12.0,0,0,0,0,0
offline_frozen,train,SA20/D08_SA20_R05.txt,D08,0,12.0,0,0,0,0,0
offline_frozen,train,SA20/D09_SA20_R01.txt,D09,0,12.0,0,0,0,0,0
offline_frozen,train,SA20/D09_SA20_R02.txt,D09,0,12.0,0,0,0,0,0
offline_frozen,train,SA20/D09_SA20_R03.txt,D09,0,12.0,0,0,0,0,0
offline_frozen,train,SA20/D09_SA20_R04.txt,D09,0,12.0,0,0,0,0,0
offline_frozen,train,SA20/D09_SA20_R05.txt,D09,0,12.0,0,0,0,0,0
offline_frozen,train,SA20/D10_SA20_R01.txt,D10,0,12.0,0,0,0,0,0
offline_frozen,train,SA20/D10_SA20_R02.txt,D10,0,12.0,0,0,0,0,0
offline_frozen,train,SA20/D10_SA20_R03.txt,D10,0,11.97,0,0,0,0,0
offline_frozen,train,SA20/D10_SA20_R04.txt,D10,0,12.0,0,0,0,0,0
offline_frozen,train,SA20/D10_SA20_R05.txt,D10,0,12.0,0,0,0,0,0
offline_frozen,train,SA20/D11_SA20_R01.txt,D11,0,11.995,0,0,0,0,0
offline_frozen,train,SA20/D11_SA20_R02.txt,D11,0,12.0,0,0,0,0,0
offline_frozen,train,SA20/D11_SA20_R03.txt,D11,0,12.0,0,0,0,0,0
offline_frozen,train,SA20/D11_SA20_R04.txt,D11,0,12.0,0,0,0,0,0
offline_frozen,train,SA20/D11_SA20_R05.txt,D11,0,12.0,0,0,0,0,0
offline_frozen,train,SA20/D12_SA20_R01.txt,D12,0,12.0,0,0,0,0,0
offline_frozen,train,SA20/D12_SA20_R02.txt,D12,0,12.0,0,0,0,0,0
offline_frozen,train,SA20/D12_SA20_R03.txt,D12,0,12.0,0,0,0,0,0
offline_frozen,train,SA20/D12_SA20_R04.txt,D12,0,12.0,0,0,0,0,0
offline_frozen,train,SA20/D12_SA20_R05.txt,D12,0,12.0,0,0,0,0,0
offline_frozen,train,SA20/D13_SA20_R01.txt,D13,0,12.0,0,0,0,0,0
offline_frozen,train,SA20/D13_SA20_R02.txt,D13,0,11.98,0,0,0,0,0
offline_frozen,train,SA20/D13_SA20_R03.txt,D13,0,12.0,0,0,0,0,0
offline_frozen,train,SA20/D13_SA20_R04.txt,D13,0,12.0,0,0,0,0,0
offline_frozen,train,SA20/D13_SA20_R05.txt,D13,0,12.0,0,0,0,0,0
offline_frozen,train,SA20/D14_SA20_R01.txt,D14,0,12.0,0,0,0,0,0
offline_frozen,train,SA20/D14_SA20_R02.txt,D14,0,12.0,0,0,0,0,0
offline_frozen,train,SA20/D14_SA20_R03.txt,D14,0,12.0,0,0,0,0,0
offline_frozen,train,SA20/D14_SA20_R04.txt,D14,0,12.0,0,0,0,0,0
offline_frozen,train,SA20/D14_SA20_R05.txt,D14,0,12.0,0,0,0,0,0
offline_frozen,train,SA20/D15_SA20_R01.txt,D15,0,12.0,0,0,0,0,0
offline_frozen,train,SA20/D15_SA20_R02.txt,D15,0,12.0,0,0,0,0,0
offline_frozen,train,SA20/D15_SA20_R03.txt,D15,0,12.0,0,0,0,0,0
offline_frozen,train,SA20/D15_SA20_R04.txt,D15,0,12.0,0,0,0,0,0
offline_frozen,train,SA20/D15_SA20_R05.txt,D15,0,12.0,0,0,0,0,0
offline_frozen,train,SA20/D16_SA20_R01.txt,D16,0,11.995,0,0,0,0,0
offline_frozen,train,SA20/D16_SA20_R02.txt,D16,0,12.0,0,0,0,0,0
offline_frozen,train,SA20/D16_SA20_R03.txt,D16,0,12.0,0,0,0,0,0
offline_frozen,train,SA20/D16_SA20_R04.txt,D16,0,12.0,0,0,0,0,0
offline_frozen,train,SA20/D16_SA20_R05.txt,D16,0,12.0,0,0,0,0,0
offline_frozen,train,SA20/D17_SA20_R01.txt,D17,0,24.995,0,0,0,0,0
offline_frozen,train,SA20/D17_SA20_R03.txt,D17,0,25.0,0,0,0,0,0
offline_frozen,train,SA20/D17_SA20_R04.txt,D17,0,25.0,0,0,0,0,0
offline_frozen,train,SA20/D17_SA20_R05.txt,D17,0,25.0,0,0,0,0,0
offline_frozen,train,SA20/D18_SA20_R01.txt,D18,0,12.0,0,0,0,0,0
offline_frozen,train,SA20/D18_SA20_R02.txt,D18,0,12.0,0,0,0,0,0
offline_frozen,train,SA20/D18_SA20_R03.txt,D18,0,12.0,0,0,0,0,0
offline_frozen,train,SA20/D18_SA20_R04.txt,D18,0,12.0,0,0,0,0,0
offline_frozen,train,SA20/D18_SA20_R05.txt,D18,0,11.995,0,0,0,0,0
offline_frozen,train,SA20/D19_SA20_R01.txt,D19,0,12.0,0,1,0,0,0
offline_frozen,train,SA20/D19_SA20_R02.txt,D19,0,12.0,0,2,0,0,0
offline_frozen,train,SA20/D19_SA20_R03.txt,D19,0,12.0,0,1,0,0,0
offline_frozen,train,SA20/D19_SA20_R04.txt,D19,0,12.0,0,2,0,0,0
offline_frozen,train,SA20/D19_SA20_R05.txt,D19,0,12.0,0,2,0,0,0
offline_frozen,train,SA20/F01_SA20_R01.txt,F01,1,14.995,1,0,0,0,1
offline_frozen,train,SA20/F01_SA20_R02.txt,F01,1,15.0,1,1,1,0,0
offline_frozen,train,SA20/F01_SA20_R04.txt,F01,1,15.0,1,1,1,0,0
offline_frozen,train,SA20/F01_SA20_R05.txt,F01,1,15.0,1,1,1,0,0
offline_frozen,train,SA20/F02_SA20_R01.txt,F02,1,15.0,1,1,1,0,0
offline_frozen,train,SA20/F02_SA20_R02.txt,F02,1,15.0,1,1,1,0,0
offline_frozen,train,SA20/F02_SA20_R03.txt,F02,1,15.0,1,1,1,0,0
offline_frozen,train,SA20/F02_SA20_R04.txt,F02,1,15.0,1,0,0,0,1
offline_frozen,train,SA20/F02_SA20_R05.txt,F02,1,14.995,1,1,1,0,0
offline_frozen,train,SA20/F03_SA20_R01.txt,F03,1,15.0,1,0,0,0,1
offline_frozen,train,SA20/F03_SA20_R02.txt,F03,1,15.0,1,0,0,0,1
offline_frozen,train,SA20/F03_SA20_R03.txt,F03,1,15.0,1,1,1,0,0
offline_frozen,train,SA20/F03_SA20_R04.txt,F03,1,15.0,1,1,1,0,0
offline_frozen,train,SA20/F03_SA20_R05.txt,F03,1,14.995,1,1,1,0,0
offline_frozen,train,SA20/F04_SA20_R01.txt,F04,1,15.0,1,1,1,0,0
offline_frozen,train,SA20/F04_SA20_R02.txt,F04,1,15.0,1,0,0,0,1
offline_frozen,train,SA20/F04_SA20_R03.txt,F04,1,15.0,1,1,1,0,0
offline_frozen,train,SA20/F04_SA20_R04.txt,F04,1,15.0,1,0,0,0,1
offline_frozen,train,SA20/F04_SA20_R05.txt,F04,1,15.0,1,0,0,0,1
offline_frozen,train,SA20/F05_SA20_R01.txt,F05,1,15.0,1,1,0,0,1
offline_frozen,train,SA20/F05_SA20_R02.txt,F05,1,15.0,1,1,1,0,0
offline_frozen,train,SA20/F05_SA20_R03.txt,F05,1,15.0,1,1,1,0,0
offline_frozen,train,SA20/F05_SA20_R04.txt,F05,1,15.0,1,1,1,0,0
offline_frozen,train,SA20/F05_SA20_R05.txt,F05,1,15.0,1,1,1,0,0
offline_frozen,train,SA20/F06_SA20_R01.txt,F06,1,14.995,1,1,1,0,0
offline_frozen,train,SA20/F06_SA20_R02.txt,F06,1,15.0,1,1,1,0,0
offline_frozen,train,SA20/F06_SA20_R03.txt,F06,1,15.0,1,2,1,0,0
offline_frozen,train,SA20/F06_SA20_R04.txt,F06,1,15.0,1,1,1,0,0
offline_frozen,train,SA20/F06_SA20_R05.txt,F06,1,15.0,1,1,1,0,0
offline_frozen,train,SA20/F07_SA20_R01.txt,F07,1,15.0,1,1,1,0,0
offline_frozen,train,SA20/F07_SA20_R02.txt,F07,1,15.0,1,1,1,0,0
offline_frozen,train,SA20/F07_SA20_R03.txt,F07,1,15.0,1,1,1,0,0
offline_frozen,train,SA20/F07_SA20_R04.txt,F07,1,15.0,1,1,1,0,0
offline_frozen,train,SA20/F07_SA20_R05.txt,F07,1,14.995,1,1,1,0,0
offline_frozen,train,SA20/F08_SA20_R01.txt,F08,1,15.0,1,1,1,0,0
offline_frozen,train,SA20/F08_SA20_R02.txt,F08,1,15.0,1,1,1,0,0
offline_frozen,train,SA20/F08_SA20_R03.txt,F08,1,15.0,1,1,1,0,0
offline_frozen,train,SA20/F08_SA20_R04.txt,F08,1,15.0,1,1,1,0,0
offline_frozen,train,SA20/F08_SA20_R05.txt,F08,1,14.995,1,1,1,0,0
offline_frozen,train,SA20/F09_SA20_R01.txt,F09,1,15.0,1,1,1,0,0
offline_frozen,train,SA20/F09_SA20_R02.txt,F09,1,15.0,1,1,1,0,0
offline_frozen,train,SA20/F09_SA20_R03.txt,F09,1,15.0,1,1,1,0,0
offline_frozen,train,SA20/F09_SA20_R04.txt,F09,1,15.0,1,1,1,0,0
offline_frozen,train,SA20/F09_SA20_R05.txt,F09,1,15.0,1,1,1,0,0
offline_frozen,train,SA20/F10_SA20_R01.txt,F10,1,15.0,1,1,1,0,0
offline_frozen,train,SA20/F10_SA20_R02.txt,F10,1,15.0,1,1,1,0,0
offline_frozen,train,SA20/F10_SA20_R03.txt,F10,1,15.0,1,1,1,0,0
offline_frozen,train,SA20/F10_SA20_R05.txt,F10,1,15.0,1,1,1,0,0
offline_frozen,train,SA20/F11_SA20_R01.txt,F11,1,14.995,1,2,1,0,0
offline_frozen,train,SA20/F11_SA20_R02.txt,F11,1,15.0,1,0,0,0,1
offline_frozen,train,SA20/F11_SA20_R03.txt,F11,1,15.0,1,1,1,0,0
offline_frozen,train,SA20/F11_SA20_R04.txt,F11,1,15.0,1,1,1,0,0
offline_frozen,train,SA20/F11_SA20_R05.txt,F11,1,15.0,1,1,1,0,0
offline_frozen,train,SA20/F12_SA20_R01.txt,F12,1,15.0,1,1,1,0,0
offline_frozen,train,SA20/F12_SA20_R02.txt,F12,1,15.0,1,1,1,0,0
offline_frozen,train,SA20/F12_SA20_R03.txt,F12,1,15.0,1,1,1,0,0
offline_frozen,train,SA20/F12_SA20_R04.txt,F12,1,15.0,1,1,1,0,0
offline_frozen,train,SA20/F12_SA20_R05.txt,F12,1,14.995,1,0,0,0,1
offline_frozen,train,SA20/F13_SA20_R01.txt,F13,1,15.0,1,1,1,0,0
offline_frozen,train,SA20/F13_SA20_R02.txt,F13,1,15.0,1,1,1,0,0
offline_frozen,train,SA20/F13_SA20_R03.txt,F13,1,15.0,1,1,1,0,0
offline_frozen,train,SA20/F13_SA20_R04.txt,F13,1,15.0,1,1,1,0,0
offline_frozen,train,SA20/F13_SA20_R05.txt,F13,1,15.0,1,1,1,0,0
offline_frozen,train,SA20/F14_SA20_R01.txt,F14,1,15.0,1,1,1,0,0
offline_frozen,train,SA20/F14_SA20_R02.txt,F14,1,15.0,1,1,1,0,0
offline_frozen,train,SA20/F14_SA20_R03.txt,F14,1,15.0,1,1,1,0,0
offline_frozen,train,SA20/F14_SA20_R04.txt,F14,1,15.0,1,1,1,0,0
offline_frozen,train,SA20/F14_SA20_R05.txt,F14,1,15.0,1,1,1,0,0
offline_frozen,train,SA20/F15_SA20_R01.txt,F15,1,15.0,1,1,1,0,0
offline_frozen,train,SA20/F15_SA20_R02.txt,F15,1,15.0,1,1,1,0,0
offline_frozen,train,SA20/F15_SA20_R03.txt,F15,1,15.0,1,1,1,0,0
offline_frozen,train,SA20/F15_SA20_R04.txt,F15,1,15.0,1,1,1,0,0
offline_frozen,train,SA20/F15_SA20_R05.txt,F15,1,15.0,1,1,1,0,0
offline_frozen,train,SA21/D01_SA21_R01.txt,D01,0,99.995,0,0,0,0,0
offline_frozen,train,SA21/D02_SA21_R01.txt,D02,0,100.0,0,0,0,0,0
offline_frozen,train,SA21/D03_SA21_R01.txt,D03,0,100.0,0,0,0,0,0
offline_frozen,train,SA21/D04_SA21_R01.txt,D04,0,100.0,0,0,0,0,0
offline_frozen,train,SA21/D05_SA21_R01.txt,D05,0,25.0,0,0,0,0,0
offline_frozen,train,SA21/D05_SA21_R02.txt,D05,0,24.995,0,0,0,0,0
offline_frozen,train,SA21/D05_SA21_R03.txt,D05,0,24.995,0,0,0,0,0
offline_frozen,train,SA21/D05_SA21_R04.txt,D05,0,25.0,0,0,0,0,0
offline_frozen,train,SA21/D05_SA21_R05.txt,D05,0,25.0,0,0,0,0,0
offline_frozen,train,SA21/D06_SA21_R01.txt,D06,0,25.0,0,0,0,0,0
offline_frozen,train,SA21/D06_SA21_R02.txt,D06,0,25.0,0,0,0,0,0
offline_frozen,train,SA21/D06_SA21_R03.txt,D06,0,25.0,0,0,0,0,0
offline_frozen,train,SA21/D06_SA21_R04.txt,D06,0,25.0,0,0,0,0,0
offline_frozen,train,SA21/D06_SA21_R05.txt,D06,0,25.0,0,0,0,0,0
offline_frozen,train,SA21/D07_SA21_R01.txt,D07,0,12.0,0,0,0,0,0
offline_frozen,train,SA21/D07_SA21_R02.txt,D07,0,12.0,0,0,0,0,0
offline_frozen,train,SA21/D07_SA21_R03.txt,D07,0,12.0,0,0,0,0,0
offline_frozen,train,SA21/D07_SA21_R04.txt,D07,0,12.0,0,0,0,0,0
offline_frozen,train,SA21/D07_SA21_R05.txt,D07,0,12.0,0,0,0,0,0
offline_frozen,train,SA21/D08_SA21_R01.txt,D08,0,12.0,0,0,0,0,0
offline_frozen,train,SA21/D08_SA21_R02.txt,D08,0,12.0,0,0,0,0,0
offline_frozen,train,SA21/D08_SA21_R03.txt,D08,0,12.0,0,0,0,0,0
offline_frozen,train,SA21/D08_SA21_R04.txt,D08,0,12.0,0,0,0,0,0
offline_frozen,train,SA21/D08_SA21_R05.txt,D08,0,12.0,0,0,0,0,0
offline_frozen,train,SA21/D09_SA21_R01.txt,D09,0,12.0,0,0,0,0,0
offline_frozen,train,SA21/D09_SA21_R02.txt,D09,0,12.0,0,0,0,0,0
offline_frozen,train,SA21/D09_SA21_R03.txt,D09,0,12.0,0,0,0,0,0
offline_frozen,train,SA21/D09_SA21_R04.txt,D09,0,12.0,0,0,0,0,0
offline_frozen,train,SA21/D09_SA21_R05.txt,D09,0,12.0,0,0,0,0,0
offline_frozen,train,SA21/D10_SA21_R01.txt,D10,0,12.0,0,0,0,0,0
offline_frozen,train,SA21/D10_SA21_R02.txt,D10,0,12.0,0,0,0,0,0
offline_frozen,train,SA21/D10_SA21_R03.txt,D10,0,12.0,0,0,0,0,0
offline_frozen,train,SA21/D10_SA21_R04.txt,D10,0,12.0,0,0,0,0,0
offline_frozen,train,SA21/D10_SA21_R05.txt,D10,0,12.0,0,0,0,0,0
offline_frozen,train,SA21/D11_SA21_R01.txt,D11,0,11.995,0,0,0,0,0
offline_frozen,train,SA21/D11_SA21_R02.txt,D11,0,12.0,0,0,0,0,0
offline_frozen,train,SA21/D11_SA21_R03.txt,D11,0,12.0,0,0,0,0,0
offline_frozen,train,SA21/D11_SA21_R04.txt,D11,0,12.0,0,0,0,0,0
offline_frozen,train,SA21/D11_SA21_R05.txt,D11,0,12.0,0,0,0,0,0
offline_frozen,train,SA21/D12_SA21_R01.txt,D12,0,12.0,0,0,0,0,0
offline_frozen,train,SA21/D12_SA21_R02.txt,D12,0,12.0,0,0,0,0,0
offline_frozen,train,SA21/D12_SA21_R03.txt,D12,0,12.0,0,0,0,0,0
offline_frozen,train,SA21/D12_SA21_R04.txt,D12,0,12.0,0,0,0,0,0
offline_frozen,train,SA21/D12_SA21_R05.txt,D12,0,12.0,0,0,0,0,0
offline_frozen,train,SA21/D13_SA21_R01.txt,D13,0,12.0,0,0,0,0,0
offline_frozen,train,SA21/D13_SA21_R02.txt,D13,0,12.0,0,0,0,0,0
offline_frozen,train,SA21/D13_SA21_R03.txt,D13,0,12.0,0,0,0,0,0
offline_frozen,train,SA21/D13_SA21_R04.txt,D13,0,12.0,0,0,0,0,0
offline_frozen,train,SA21/D13_SA21_R05.txt,D13,0,12.0,0,0,0,0,0
offline_frozen,train,SA21/D14_SA21_R01.txt,D14,0,12.0,0,0,0,0,0
offline_frozen,train,SA21/D14_SA21_R02.txt,D14,0,12.0,0,0,0,0,0
offline_frozen,train,SA21/D14_SA21_R03.txt,D14,0,12.0,0,0,0,0,0
offline_frozen,train,SA21/D14_SA21_R04.txt,D14,0,12.0,0,0,0,0,0
offline_frozen,train,SA21/D14_SA21_R05.txt,D14,0,12.0,0,0,0,0,0
offline_frozen,train,SA21/D15_SA21_R01.txt,D15,0,12.0,0,0,0,0,0
offline_frozen,train,SA21/D15_SA21_R02.txt,D15,0,12.0,0,0,0,0,0
offline_frozen,train,SA21/D15_SA21_R03.txt,D15,0,12.0,0,0,0,0,0
offline_frozen,train,SA21/D15_SA21_R04.txt,D15,0,12.0,0,0,0,0,0
offline_frozen,train,SA21/D15_SA21_R05.txt,D15,0,12.0,0,0,0,0,0
offline_frozen,train,SA21/D16_SA21_R01.txt,D16,0,11.995,0,0,0,0,0
offline_frozen,train,SA21/D16_SA21_R02.txt,D16,0,12.0,0,0,0,0,0
offline_frozen,train,SA21/D16_SA21_R03.txt,D16,0,12.0,0,0,0,0,0
offline_frozen,train,SA21/D16_SA21_R04.txt,D16,0,12.0,0,0,0,0,0
offline_frozen,train,SA21/D16_SA21_R05.txt,D16,0,12.0,0,0,0,0,0
offline_frozen,train,SA21/D17_SA21_R01.txt,D17,0,25.0,0,0,0,0,0
offline_frozen,train,SA21/D17_SA21_R02.txt,D17,0,25.0,0,0,0,0,0
offline_frozen,train,SA21/D17_SA21_R03.txt,D17,0,25.0,0,0,0,0,0
offline_frozen,train,SA21/D17_SA21_R04.txt,D17,0,25.0,0,0,0,0,0
offline_frozen,train,SA21/D17_SA21_R05.txt,D17,0,24.995,0,0,0,0,0
offline_frozen,train,SA21/D18_SA21_R01.txt,D18,0,12.0,0,0,0,0,0
offline_frozen,train,SA21/D18_SA21_R02.txt,D18,0,12.0,0,0,0,0,0
offline_frozen,train,SA21/D18_SA21_R03.txt,D18,0,12.0,0,0,0,0,0
offline_frozen,train,SA21/D18_SA21_R04.txt,D18,0,12.0,0,0,0,0,0
offline_frozen,train,SA21/D18_SA21_R05.txt,D18,0,12.0,0,0,0,0,0
offline_frozen,train,SA21/D19_SA21_R01.txt,D19,0,12.0,0,0,0,0,0
offline_frozen,train,SA21/D19_SA21_R02.txt,D19,0,12.0,0,0,0,0,0
offline_frozen,train,SA21/D19_SA21_R03.txt,D19,0,12.0,0,0,0,0,0
offline_frozen,train,SA21/D19_SA21_R04.txt,D19,0,12.0,0,0,0,0,0
offline_frozen,train,SA21/D19_SA21_R05.txt,D19,0,12.0,0,0,0,0,0
offline_frozen,train,SA21/F01_SA21_R01.txt,F01,1,15.0,1,1,1,0,0
offline_frozen,train,SA21/F01_SA21_R02.txt,F01,1,15.0,1,1,1,0,0
offline_frozen,train,SA21/F01_SA21_R03.txt,F01,1,15.0,0,1,0,1,0
offline_frozen,train,SA21/F01_SA21_R04.txt,F01,1,15.0,1,1,1,0,0
offline_frozen,train,SA21/F01_SA21_R05.txt,F01,1,15.0,1,1,1,0,0
offline_frozen,train,SA21/F02_SA21_R01.txt,F02,1,15.0,1,1,1,0,0
offline_frozen,train,SA21/F02_SA21_R02.txt,F02,1,15.0,1,1,1,0,0
offline_frozen,train,SA21/F02_SA21_R03.txt,F02,1,15.0,1,1,1,0,0
offline_frozen,train,SA21/F02_SA21_R04.txt,F02,1,15.0,1,1,1,0,0
offline_frozen,train,SA21/F02_SA21_R05.txt,F02,1,15.0,1,1,1,0,0
offline_frozen,train,SA21/F03_SA21_R01.txt,F03,1,15.0,1,1,1,0,0
offline_frozen,train,SA21/F03_SA21_R02.txt,F03,1,15.0,1,1,1,0,0
offline_frozen,train,SA21/F03_SA21_R03.txt,F03,1,15.0,1,0,0,0,1
offline_frozen,train,SA21/F03_SA21_R04.txt,F03,1,15.0,1,2,1,0,0
offline_frozen,train,SA21/F03_SA21_R05.txt,F03,1,15.0,1,1,1,0,0
offline_frozen,train,SA21/F04_SA21_R01.txt,F04,1,15.0,1,1,1,0,0
offline_frozen,train,SA21/F04_SA21_R02.txt,F04,1,15.0,1,1,1,0,0
offline_frozen,train,SA21/F04_SA21_R03.txt,F04,1,15.0,1,1,1,0,0
offline_frozen,train,SA21/F04_SA21_R04.txt,F04,1,15.0,1,1,1,0,0
offline_frozen,train,SA21/F04_SA21_R05.txt,F04,1,15.0,1,1,1,0,0
offline_frozen,train,SA21/F05_SA21_R01.txt,F05,1,15.0,1,1,1,0,0
offline_frozen,train,SA21/F05_SA21_R02.txt,F05,1,15.0,1,1,1,0,0
offline_frozen,train,SA21/F05_SA21_R03.txt,F05,1,15.0,1,1,1,0,0
offline_frozen,train,SA21/F05_SA21_R04.txt,F05,1,15.0,1,1,1,0,0
offline_frozen,train,SA21/F05_SA21_R05.txt,F05,1,15.0,1,1,1,0,0
offline_frozen,train,SA21/F06_SA21_R01.txt,F06,1,15.0,1,1,1,0,0
offline_frozen,train,SA21/F06_SA21_R02.txt,F06,1,15.0,1,1,1,0,0
offline_frozen,train,SA21/F06_SA21_R03.txt,F06,1,15.0,1,1,1,0,0
offline_frozen,train,SA21/F06_SA21_R04.txt,F06,1,15.0,1,1,1,0,0
offline_frozen,train,SA21/F06_SA21_R05.txt,F06,1,15.0,1,1,1,0,0
offline_frozen,train,SA21/F07_SA21_R01.txt,F07,1,15.0,1,1,1,0,0
offline_frozen,train,SA21/F07_SA21_R02.txt,F07,1,15.0,1,1,1,0,0
offline_frozen,train,SA21/F07_SA21_R03.txt,F07,1,15.0,1,0,0,0,1
offline_frozen,train,SA21/F07_SA21_R04.txt,F07,1,15.0,1,0,0,0,1
offline_frozen,train,SA21/F07_SA21_R05.txt,F07,1,15.0,1,1,1,0,0
offline_frozen,train,SA21/F08_SA21_R01.txt,F08,1,15.0,1,1,1,0,0
offline_frozen,train,SA21/F08_SA21_R02.txt,F08,1,15.0,1,1,1,0,0
offline_frozen,train,SA21/F08_SA21_R03.txt,F08,1,15.0,1,1,1,0,0
offline_frozen,train,SA21/F08_SA21_R04.txt,F08,1,15.0,1,1,1,0,0
offline_frozen,train,SA21/F08_SA21_R05.txt,F08,1,15.0,1,1,1,0,0
offline_frozen,train,SA21/F09_SA21_R01.txt,F09,1,15.0,1,1,1,0,0
offline_frozen,train,SA21/F09_SA21_R02.txt,F09,1,15.0,1,1,1,0,0
offline_frozen,train,SA21/F09_SA21_R03.txt,F09,1,15.0,1,1,1,0,0
offline_frozen,train,SA21/F09_SA21_R04.txt,F09,1,15.0,1,1,1,0,0
offline_frozen,train,SA21/F09_SA21_R05.txt,F09,1,15.0,1,1,1,0,0
offline_frozen,train,SA21/F10_SA21_R01.txt,F10,1,15.0,1,1,1,0,0
offline_frozen,train,SA21/F10_SA21_R02.txt,F10,1,15.0,1,1,1,0,0
offline_frozen,train,SA21/F10_SA21_R03.txt,F10,1,15.0,1,1,1,0,0
offline_frozen,train,SA21/F10_SA21_R04.txt,F10,1,15.0,1,1,1,0,0
offline_frozen,train,SA21/F10_SA21_R05.txt,F10,1,15.0,1,1,1,0,0
offline_frozen,train,SA21/F11_SA21_R01.txt,F11,1,14.995,1,1,1,0,0
offline_frozen,train,SA21/F11_SA21_R02.txt,F11,1,15.0,1,1,1,0,0
offline_frozen,train,SA21/F11_SA21_R03.txt,F11,1,15.0,1,1,1,0,0
offline_frozen,train,SA21/F11_SA21_R04.txt,F11,1,15.0,1,1,1,0,0
offline_frozen,train,SA21/F11_SA21_R05.txt,F11,1,15.0,0,0,0,1,0
offline_frozen,train,SA21/F12_SA21_R01.txt,F12,1,15.0,1,1,1,0,0
offline_frozen,train,SA21/F12_SA21_R02.txt,F12,1,15.0,1,1,1,0,0
offline_frozen,train,SA21/F12_SA21_R03.txt,F12,1,15.0,1,1,1,0,0
offline_frozen,train,SA21/F12_SA21_R04.txt,F12,1,15.0,1,1,1,0,0
offline_frozen,train,SA21/F12_SA21_R05.txt,F12,1,15.0,1,1,1,0,0
offline_frozen,train,SA21/F13_SA21_R01.txt,F13,1,15.0,1,1,1,0,0
offline_frozen,train,SA21/F13_SA21_R02.txt,F13,1,15.0,1,1,1,0,0
offline_frozen,train,SA21/F13_SA21_R03.txt,F13,1,15.0,1,1,1,0,0
offline_frozen,train,SA21/F13_SA21_R04.txt,F13,1,15.0,1,0,0,0,1
offline_frozen,train,SA21/F13_SA21_R05.txt,F13,1,15.0,1,1,1,0,0
offline_frozen,train,SA21/F14_SA21_R01.txt,F14,1,15.0,1,1,1,0,0
offline_frozen,train,SA21/F14_SA21_R02.txt,F14,1,15.0,1,1,1,0,0
offline_frozen,train,SA21/F14_SA21_R03.txt,F14,1,15.0,1,1,1,0,0
offline_frozen,train,SA21/F14_SA21_R04.txt,F14,1,15.0,1,1,1,0,0
offline_frozen,train,SA21/F14_SA21_R05.txt,F14,1,15.0,1,1,1,0,0
offline_frozen,train,SA21/F15_SA21_R01.txt,F15,1,15.0,1,1,1,0,0
offline_frozen,train,SA21/F15_SA21_R02.txt,F15,1,15.0,1,1,1,0,0
offline_frozen,train,SA21/F15_SA21_R03.txt,F15,1,15.0,1,0,0,0,1
offline_frozen,train,SA21/F15_SA21_R04.txt,F15,1,15.0,1,1,1,0,0
offline_frozen,train,SA21/F15_SA21_R05.txt,F15,1,15.0,1,1,1,0,0
offline_frozen,train,SA22/D01_SA22_R01.txt,D01,0,99.995,0,0,0,0,0
offline_frozen,train,SA22/D02_SA22_R01.txt,D02,0,99.995,0,0,0,0,0
offline_frozen,train,SA22/D03_SA22_R01.txt,D03,0,100.0,0,32,0,0,0
offline_frozen,train,SA22/D04_SA22_R01.txt,D04,0,99.985,0,50,0,0,0
offline_frozen,train,SA22/D05_SA22_R01.txt,D05,0,25.0,0,0,0,0,0
offline_frozen,train,SA22/D05_SA22_R02.txt,D05,0,25.0,0,0,0,0,0
offline_frozen,train,SA22/D05_SA22_R03.txt,D05,0,25.0,0,0,0,0,0
offline_frozen,train,SA22/D05_SA22_R04.txt,D05,0,25.0,0,0,0,0,0
offline_frozen,train,SA22/D05_SA22_R05.txt,D05,0,25.0,0,0,0,0,0
offline_frozen,train,SA22/D06_SA22_R01.txt,D06,0,24.995,0,3,0,0,0
offline_frozen,train,SA22/D06_SA22_R02.txt,D06,0,25.0,0,3,0,0,0
offline_frozen,train,SA22/D06_SA22_R03.txt,D06,0,25.0,0,5,0,0,0
offline_frozen,train,SA22/D06_SA22_R04.txt,D06,0,25.0,0,2,0,0,0
offline_frozen,train,SA22/D06_SA22_R05.txt,D06,0,25.0,0,3,0,0,0
offline_frozen,train,SA22/D07_SA22_R01.txt,D07,0,11.995,0,0,0,0,0
offline_frozen,train,SA22/D07_SA22_R02.txt,D07,0,12.0,0,0,0,0,0
offline_frozen,train,SA22/D07_SA22_R03.txt,D07,0,12.0,0,0,0,0,0
offline_frozen,train,SA22/D07_SA22_R04.txt,D07,0,12.0,0,0,0,0,0
offline_frozen,train,SA22/D07_SA22_R05.txt,D07,0,12.0,0,0,0,0,0
offline_frozen,train,SA22/D08_SA22_R01.txt,D08,0,12.0,0,0,0,0,0
offline_frozen,train,SA22/D08_SA22_R02.txt,D08,0,12.0,0,0,0,0,0
offline_frozen,train,SA22/D08_SA22_R03.txt,D08,0,12.0,0,0,0,0,0
offline_frozen,train,SA22/D08_SA22_R04.txt,D08,0,12.0,0,0,0,0,0
offline_frozen,train,SA22/D08_SA22_R05.txt,D08,0,11.99,0,0,0,0,0
offline_frozen,train,SA22/D09_SA22_R01.txt,D09,0,11.995,0,0,0,0,0
offline_frozen,train,SA22/D09_SA22_R02.txt,D09,0,12.0,0,0,0,0,0
offline_frozen,train,SA22/D09_SA22_R03.txt,D09,0,12.0,0,0,0,0,0
offline_frozen,train,SA22/D09_SA22_R04.txt,D09,0,12.0,0,0,0,0,0
offline_frozen,train,SA22/D09_SA22_R05.txt,D09,0,12.0,0,0,0,0,0
offline_frozen,train,SA22/D10_SA22_R01.txt,D10,0,12.0,0,0,0,0,0
offline_frozen,train,SA22/D10_SA22_R02.txt,D10,0,12.0,0,0,0,0,0
offline_frozen,train,SA22/D10_SA22_R03.txt,D10,0,12.0,0,0,0,0,0
offline_frozen,train,SA22/D10_SA22_R04.txt,D10,0,12.0,0,0,0,0,0
offline_frozen,train,SA22/D10_SA22_R05.txt,D10,0,12.0,0,0,0,0,0
offline_frozen,train,SA22/D11_SA22_R01.txt,D11,0,11.995,0,0,0,0,0
offline_frozen,train,SA22/D11_SA22_R02.txt,D11,0,12.0,0,0,0,0,0
offline_frozen,train,SA22/D11_SA22_R03.txt,D11,0,12.0,0,0,0,0,0
offline_frozen,train,SA22/D11_SA22_R04.txt,D11,0,12.0,0,0,0,0,0
offline_frozen,train,SA22/D11_SA22_R05.txt,D11,0,12.0,0,0,0,0,0
offline_frozen,train,SA22/D12_SA22_R01.txt,D12,0,12.0,0,0,0,0,0
offline_frozen,train,SA22/D12_SA22_R02.txt,D12,0,12.0,0,0,0,0,0
offline_frozen,train,SA22/D12_SA22_R03.txt,D12,0,12.0,0,0,0,0,0
offline_frozen,train,SA22/D12_SA22_R04.txt,D12,0,12.0,0,0,0,0,0
offline_frozen,train,SA22/D12_SA22_R05.txt,D12,0,12.0,0,0,0,0,0
offline_frozen,train,SA22/D13_SA22_R01.txt,D13,0,12.0,0,0,0,0,0
offline_frozen,train,SA22/D13_SA22_R02.txt,D13,0,12.0,0,0,0,0,0
offline_frozen,train,SA22/D13_SA22_R03.txt,D13,0,12.0,0,0,0,0,0
offline_frozen,train,SA22/D13_SA22_R04.txt,D13,0,12.0,0,1,0,0,0
offline_frozen,train,SA22/D13_SA22_R05.txt,D13,0,12.0,0,0,0,0,0
offline_frozen,train,SA22/D14_SA22_R01.txt,D14,0,12.0,0,0,0,0,0
offline_frozen,train,SA22/D14_SA22_R02.txt,D14,0,12.0,0,0,0,0,0
offline_frozen,train,SA22/D14_SA22_R03.txt,D14,0,12.0,0,0,0,0,0
offline_frozen,train,SA22/D14_SA22_R04.txt,D14,0,12.0,0,0,0,0,0
offline_frozen,train,SA22/D14_SA22_R05.txt,D14,0,12.0,0,0,0,0,0
offline_frozen,train,SA22/D15_SA22_R01.txt,D15,0,12.0,0,0,0,0,0
offline_frozen,train,SA22/D15_SA22_R02.txt,D15,0,12.0,0,0,0,0,0
offline_frozen,train,SA22/D15_SA22_R03.txt,D15,0,12.0,0,0,0,0,0
offline_frozen,train,SA22/D15_SA22_R04.txt,D15,0,12.0,0,0,0,0,0
offline_frozen,train,SA22/D15_SA22_R05.txt,D15,0,11.995,0,0,0,0,0
offline_frozen,train,SA22/D16_SA22_R01.txt,D16,0,11.995,0,0,0,0,0
offline_frozen,train,SA22/D16_SA22_R02.txt,D16,0,12.0,0,0,0,0,0
offline_frozen,train,SA22/D16_SA22_R03.txt,D16,0,12.0,0,0,0,0,0
offline_frozen,train,SA22/D16_SA22_R04.txt,D16,0,12.0,0,0,0,0,0
offline_frozen,train,SA22/D16_SA22_R05.txt,D16,0,12.0,0,0,0,0,0
offline_frozen,train,SA22/D17_SA22_R01.txt,D17,0,24.995,0,0,0,0,0
offline_frozen,train,SA22/D17_SA22_R02.txt,D17,0,25.0,0,0,0,0,0
offline_frozen,train,SA22/D17_SA22_R03.txt,D17,0,25.0,0,0,0,0,0
offline_frozen,train,SA22/D17_SA22_R04.txt,D17,0,24.995,0,0,0,0,0
offline_frozen,train,SA22/D17_SA22_R05.txt,D17,0,25.0,0,0,0,0,0
offline_frozen,train,SA22/D18_SA22_R01.txt,D18,0,11.97,0,0,0,0,0
offline_frozen,train,SA22/D18_SA22_R02.txt,D18,0,12.0,0,0,0,0,0
offline_frozen,train,SA22/D18_SA22_R03.txt,D18,0,12.0,0,0,0,0,0
offline_frozen,train,SA22/D18_SA22_R04.txt,D18,0,12.0,0,0,0,0,0
offline_frozen,train,SA22/D18_SA22_R05.txt,D18,0,12.0,0,1,0,0,0
offline_frozen,train,SA22/D19_SA22_R01.txt,D19,0,12.0,0,0,0,0,0
offline_frozen,train,SA22/D19_SA22_R02.txt,D19,0,12.0,0,0,0,0,0
offline_frozen,train,SA22/D19_SA22_R03.txt,D19,0,12.0,0,0,0,0,0
offline_frozen,train,SA22/D19_SA22_R04.txt,D19,0,12.0,0,0,0,0,0
offline_frozen,train,SA22/D19_SA22_R05.txt,D19,0,12.0,0,0,0,0,0
offline_frozen,train,SA22/F01_SA22_R01.txt,F01,1,14.995,1,1,1,0,0
offline_frozen,train,SA22/F01_SA22_R02.txt,F01,1,15.0,1,1,1,0,0
offline_frozen,train,SA22/F01_SA22_R03.txt,F01,1,15.0,1,1,1,0,0
offline_frozen,train,SA22/F01_SA22_R04.txt,F01,1,15.0,1,1,1,0,0
offline_frozen,train,SA22/F01_SA22_R05.txt,F01,1,15.0,1,1,1,0,0
offline_frozen,train,SA22/F02_SA22_R01.txt,F02,1,15.0,1,1,1,0,0
offline_frozen,train,SA22/F02_SA22_R02.txt,F02,1,15.0,1,1,1,0,0
offline_frozen,train,SA22/F02_SA22_R03.txt,F02,1,15.0,1,1,1,0,0
offline_frozen,train,SA22/F02_SA22_R04.txt,F02,1,15.0,1,1,1,0,0
offline_frozen,train,SA22/F02_SA22_R05.txt,F02,1,15.0,0,0,0,1,0
offline_frozen,train,SA22/F03_SA22_R01.txt,F03,1,15.0,1,1,1,0,0
offline_frozen,train,SA22/F03_SA22_R02.txt,F03,1,15.0,1,1,1,0,0
offline_frozen,train,SA22/F03_SA22_R03.txt,F03,1,15.0,1,1,1,0,0
offline_frozen,train,SA22/F03_SA22_R04.txt,F03,1,14.985,1,2,1,0,0
offline_frozen,train,SA22/F03_SA22_R05.txt,F03,1,15.0,1,1,1,0,0
offline_frozen,train,SA22/F04_SA22_R01.txt,F04,1,15.0,1,0,0,0,1
offline_frozen,train,SA22/F04_SA22_R02.txt,F04,1,15.0,1,1,1,0,0
offline_frozen,train,SA22/F04_SA22_R03.txt,F04,1,15.0,1,1,1,0,0
offline_frozen,train,SA22/F04_SA22_R04.txt,F04,1,15.0,1,1,1,0,0
offline_frozen,train,SA22/F04_SA22_R05.txt,F04,1,15.0,1,1,1,0,0
offline_frozen,train,SA22/F05_SA22_R01.txt,F05,1,15.0,1,1,1,0,0
offline_frozen,train,SA22/F05_SA22_R02.txt,F05,1,15.0,1,2,1,0,0
offline_frozen,train,SA22/F05_SA22_R03.txt,F05,1,15.0,1,1,1,0,0
offline_frozen,train,SA22/F05_SA22_R04.txt,F05,1,15.0,1,1,1,0,0
offline_frozen,train,SA22/F05_SA22_R05.txt,F05,1,14.995,1,1,1,0,0
offline_frozen,train,SA22/F06_SA22_R01.txt,F06,1,14.995,1,1,1,0,0
offline_frozen,train,SA22/F06_SA22_R02.txt,F06,1,15.0,1,1,1,0,0
offline_frozen,train,SA22/F06_SA22_R03.txt,F06,1,15.0,1,0,0,0,1
offline_frozen,train,SA22/F06_SA22_R04.txt,F06,1,15.0,1,1,1,0,0
offline_frozen,train,SA22/F06_SA22_R05.txt,F06,1,14.995,1,1,1,0,0
offline_frozen,train,SA22/F07_SA22_R01.txt,F07,1,15.0,1,1,1,0,0
offline_frozen,train,SA22/F07_SA22_R02.txt,F07,1,15.0,1,1,1,0,0
offline_frozen,train,SA22/F07_SA22_R03.txt,F07,1,15.0,1,1,1,0,0
offline_frozen,train,SA22/F07_SA22_R04.txt,F07,1,15.0,1,1,1,0,0
offline_frozen,train,SA22/F07_SA22_R05.txt,F07,1,14.995,1,1,1,0,0
offline_frozen,train,SA22/F08_SA22_R01.txt,F08,1,15.0,1,1,1,0,0
offline_frozen,train,SA22/F08_SA22_R02.txt,F08,1,15.0,1,1,1,0,0
offline_frozen,train,SA22/F08_SA22_R03.txt,F08,1,15.0,1,1,1,0,0
offline_frozen,train,SA22/F08_SA22_R04.txt,F08,1,15.0,1,0,0,0,1
offline_frozen,train,SA22/F08_SA22_R05.txt,F08,1,15.0,1,1,1,0,0
offline_frozen,train,SA22/F09_SA22_R01.txt,F09,1,15.0,1,1,1,0,0
offline_frozen,train,SA22/F09_SA22_R02.txt,F09,1,15.0,1,1,1,0,0
offline_frozen,train,SA22/F09_SA22_R03.txt,F09,1,15.0,1,1,1,0,0
offline_frozen,train,SA22/F09_SA22_R04.txt,F09,1,15.0,1,0,0,0,1
offline_frozen,train,SA22/F09_SA22_R05.txt,F09,1,15.0,1,0,0,0,1
offline_frozen,train,SA22/F10_SA22_R01.txt,F10,1,15.0,1,1,1,0,0
offline_frozen,train,SA22/F10_SA22_R02.txt,F10,1,15.0,1,1,1,0,0
offline_frozen,train,SA22/F10_SA22_R03.txt,F10,1,15.0,1,1,1,0,0
offline_frozen,train,SA22/F10_SA22_R04.txt,F10,1,15.0,1,1,1,0,0
offline_frozen,train,SA22/F10_SA22_R05.txt,F10,1,15.0,1,1,1,0,0
offline_frozen,train,SA22/F11_SA22_R01.txt,F11,1,14.995,1,1,1,0,0
offline_frozen,train,SA22/F11_SA22_R02.txt,F11,1,15.0,1,0,0,0,1
offline_frozen,train,SA22/F11_SA22_R03.txt,F11,1,15.0,1,1,1,0,0
offline_frozen,train,SA22/F11_SA22_R04.txt,F11,1,15.0,1,1,1,0,0
offline_frozen,train,SA22/F11_SA22_R05.txt,F11,1,15.0,1,1,1,0,0
offline_frozen,train,SA22/F12_SA22_R01.txt,F12,1,15.0,1,1,1,0,0
offline_frozen,train,SA22/F12_SA22_R02.txt,F12,1,15.0,1,0,0,0,1
offline_frozen,train,SA22/F12_SA22_R03.txt,F12,1,15.0,1,1,1,0,0
offline_frozen,train,SA22/F12_SA22_R04.txt,F12,1,15.0,1,1,1,0,0
offline_frozen,train,SA22/F12_SA22_R05.txt,F12,1,15.0,1,1,1,0,0
offline_frozen,train,SA22/F13_SA22_R01.txt,F13,1,15.0,1,0,0,0,1
offline_frozen,train,SA22/F13_SA22_R02.txt,F13,1,15.0,1,1,1,0,0
offline_frozen,train,SA22/F13_SA22_R03.txt,F13,1,15.0,1,1,1,0,0
offline_frozen,train,SA22/F13_SA22_R04.txt,F13,1,15.0,1,1,1,0,0
offline_frozen,train,SA22/F13_SA22_R05.txt,F13,1,15.0,1,1,1,0,0
offline_frozen,train,SA22/F14_SA22_R01.txt,F14,1,15.0,1,1,1,0,0
offline_frozen,train,SA22/F14_SA22_R02.txt,F14,1,14.995,1,0,0,0,1
offline_frozen,train,SA22/F14_SA22_R03.txt,F14,1,15.0,1,1,1,0,0
offline_frozen,train,SA22/F14_SA22_R04.txt,F14,1,15.0,1,1,1,0,0
offline_frozen,train,SA22/F14_SA22_R05.txt,F14,1,15.0,1,0,0,0,1
offline_frozen,train,SA22/F15_SA22_R01.txt,F15,1,14.455,1,0,0,0,1
offline_frozen,train,SA22/F15_SA22_R02.txt,F15,1,15.0,1,1,1,0,0
offline_frozen,train,SA22/F15_SA22_R03.txt,F15,1,15.0,1,1,1,0,0
offline_frozen,train,SA22/F15_SA22_R04.txt,F15,1,15.0,1,1,1,0,0
offline_frozen,train,SA22/F15_SA22_R05.txt,F15,1,14.995,1,0,0,0,1
offline_frozen,train,SE02/D01_SE02_R01.txt,D01,0,99.995,0,0,0,0,0
offline_frozen,train,SE02/D02_SE02_R01.txt,D02,0,100.0,0,0,0,0,0
offline_frozen,train,SE02/D03_SE02_R01.txt,D03,0,100.0,0,0,0,0,0
offline_frozen,train,SE02/D05_SE02_R01.txt,D05,0,25.0,0,0,0,0,0
offline_frozen,train,SE02/D05_SE02_R02.txt,D05,0,24.995,0,0,0,0,0
offline_frozen,train,SE02/D05_SE02_R03.txt,D05,0,25.0,0,0,0,0,0
offline_frozen,train,SE02/D05_SE02_R04.txt,D05,0,25.0,0,0,0,0,0
offline_frozen,train,SE02/D05_SE02_R05.txt,D05,0,25.0,0,0,0,0,0
offline_frozen,train,SE02/D07_SE02_R01.txt,D07,0,12.0,0,0,0,0,0
offline_frozen,train,SE02/D07_SE02_R02.txt,D07,0,12.0,0,0,0,0,0
offline_frozen,train,SE02/D07_SE02_R03.txt,D07,0,12.0,0,0,0,0,0
offline_frozen,train,SE02/D07_SE02_R04.txt,D07,0,12.0,0,0,0,0,0
offline_frozen,train,SE02/D07_SE02_R05.txt,D07,0,12.0,0,0,0,0,0
offline_frozen,train,SE02/D08_SE02_R01.txt,D08,0,12.0,0,0,0,0,0
offline_frozen,train,SE02/D08_SE02_R02.txt,D08,0,12.0,0,0,0,0,0
offline_frozen,train,SE02/D08_SE02_R03.txt,D08,0,12.0,0,0,0,0,0
offline_frozen,train,SE02/D08_SE02_R04.txt,D08,0,12.005,0,0,0,0,0
offline_frozen,train,SE02/D08_SE02_R05.txt,D08,0,12.0,0,0,0,0,0
offline_frozen,train,SE02/D11_SE02_R01.txt,D11,0,12.0,0,0,0,0,0
offline_frozen,train,SE02/D11_SE02_R02.txt,D11,0,12.0,0,0,0,0,0
offline_frozen,train,SE02/D11_SE02_R03.txt,D11,0,12.0,0,0,0,0,0
offline_frozen,train,SE02/D11_SE02_R04.txt,D11,0,12.0,0,0,0,0,0
offline_frozen,train,SE02/D11_SE02_R05.txt,D11,0,12.0,0,0,0,0,0
offline_frozen,train,SE02/D12_SE02_R01.txt,D12,0,12.0,0,0,0,0,0
offline_frozen,train,SE02/D12_SE02_R02.txt,D12,0,12.0,0,0,0,0,0
offline_frozen,train,SE02/D12_SE02_R03.txt,D12,0,12.0,0,0,0,0,0
offline_frozen,train,SE02/D12_SE02_R04.txt,D12,0,12.005,0,0,0,0,0
offline_frozen,train,SE02/D12_SE02_R05.txt,D12,0,12.0,0,0,0,0,0
offline_frozen,train,SE02/D14_SE02_R01.txt,D14,0,12.0,0,0,0,0,0
offline_frozen,train,SE02/D14_SE02_R02.txt,D14,0,12.0,0,1,0,0,0
offline_frozen,train,SE02/D14_SE02_R03.txt,D14,0,12.0,0,0,0,0,0
offline_frozen,train,SE02/D14_SE02_R04.txt,D14,0,12.0,0,0,0,0,0
offline_frozen,train,SE02/D14_SE02_R05.txt,D14,0,12.0,0,0,0,0,0
offline_frozen,train,SE02/D15_SE02_R01.txt,D15,0,12.0,0,0,0,0,0
offline_frozen,train,SE02/D15_SE02_R02.txt,D15,0,12.0,0,0,0,0,0
offline_frozen,train,SE02/D15_SE02_R03.txt,D15,0,12.0,0,0,0,0,0
offline_frozen,train,SE02/D15_SE02_R04.txt,D15,0,12.0,0,0,0,0,0
offline_frozen,train,SE02/D15_SE02_R05.txt,D15,0,12.0,0,0,0,0,0
offline_frozen,train,SE02/D16_SE02_R01.txt,D16,0,11.995,0,0,0,0,0
offline_frozen,train,SE02/D16_SE02_R02.txt,D16,0,12.005,0,0,0,0,0
offline_frozen,train,SE02/D16_SE02_R03.txt,D16,0,12.005,0,0,0,0,0
offline_frozen,train,SE02/D16_SE02_R04.txt,D16,0,11.995,0,0,0,0,0
offline_frozen,train,SE02/D16_SE02_R05.txt,D16,0,12.0,0,0,0,0,0
offline_frozen,train,SE02/D17_SE02_R01.txt,D17,0,16.02,0,0,0,0,0
offline_frozen,train,SE02/D17_SE02_R02.txt,D17,0,16.02,0,0,0,0,0
offline_frozen,train,SE02/D17_SE02_R03.txt,D17,0,16.025,0,0,0,0,0
offline_frozen,train,SE02/D17_SE02_R04.txt,D17,0,16.02,0,0,0,0,0
offline_frozen,train,SE02/D17_SE02_R05.txt,D17,0,18.035,0,0,0,0,0
offline_frozen,train,SE03/D01_SE03_R01.txt,D01,0,99.995,0,0,0,0,0
offline_frozen,train,SE03/D02_SE03_R01.txt,D02,0,100.005,0,0,0,0,0
offline_frozen,train,SE03/D03_SE03_R01.txt,D03,0,100.0,0,0,0,0,0
offline_frozen,train,SE03/D04_SE03_R01.txt,D04,0,110.03,0,0,0,0,0
offline_frozen,train,SE03/D05_SE03_R01.txt,D05,0,24.995,0,0,0,0,0
offline_frozen,train,SE03/D05_SE03_R02.txt,D05,0,25.0,0,0,0,0,0
offline_frozen,train,SE03/D05_SE03_R03.txt,D05,0,24.995,0,0,0,0,0
offline_frozen,train,SE03/D05_SE03_R04.txt,D05,0,25.005,0,0,0,0,0
offline_frozen,train,SE03/D05_SE03_R05.txt,D05,0,25.0,0,0,0,0,0
offline_frozen,train,SE03/D07_SE03_R01.txt,D07,0,12.0,0,0,0,0,0
offline_frozen,train,SE03/D07_SE03_R02.txt,D07,0,12.0,0,0,0,0,0
offline_frozen,train,SE03/D07_SE03_R03.txt,D07,0,12.0,0,0,0,0,0
offline_frozen,train,SE03/D07_SE03_R04.txt,D07,0,12.0,0,0,0,0,0
offline_frozen,train,SE03/D07_SE03_R05.txt,D07,0,12.0,0,0,0,0,0
offline_frozen,train,SE03/D08_SE03_R01.txt,D08,0,12.0,0,0,0,0,0
offline_frozen,train,SE03/D08_SE03_R02.txt,D08,0,12.0,0,0,0,0,0
offline_frozen,train,SE03/D08_SE03_R03.txt,D08,0,11.995,0,0,0,0,0
offline_frozen,train,SE03/D08_SE03_R04.txt,D08,0,12.0,0,0,0,0,0
offline_frozen,train,SE03/D08_SE03_R05.txt,D08,0,12.0,0,0,0,0,0
offline_frozen,train,SE03/D09_SE03_R01.txt,D09,0,12.005,0,0,0,0,0
offline_frozen,train,SE03/D09_SE03_R02.txt,D09,0,12.0,0,0,0,0,0
offline_frozen,train,SE03/D09_SE03_R03.txt,D09,0,12.0,0,0,0,0,0
offline_frozen,train,SE03/D09_SE03_R04.txt,D09,0,12.0,0,0,0,0,0
offline_frozen,train,SE03/D09_SE03_R05.txt,D09,0,12.0,0,0,0,0,0
offline_frozen,train,SE03/D10_SE03_R01.txt,D10,0,12.0,0,0,0,0,0
offline_frozen,train,SE03/D10_SE03_R02.txt,D10,0,11.995,0,0,0,0,0
offline_frozen,train,SE03/D10_SE03_R03.txt,D10,0,11.995,0,0,0,0,0
offline_frozen,train,SE03/D10_SE03_R04.txt,D10,0,12.005,0,0,0,0,0
offline_frozen,train,SE03/D10_SE03_R05.txt,D10,0,12.0,0,0,0,0,0
offline_frozen,train,SE03/D11_SE03_R01.txt,D11,0,11.995,0,0,0,0,0
offline_frozen,train,SE03/D11_SE03_R02.txt,D11,0,12.005,0,0,0,0,0
offline_frozen,train,SE03/D11_SE03_R03.txt,D11,0,12.0,0,0,0,0,0
offline_frozen,train,SE03/D11_SE03_R04.txt,D11,0,12.0,0,0,0,0,0
offline_frozen,train,SE03/D11_SE03_R05.txt,D11,0,12.0,0,0,0,0,0
offline_frozen,train,SE03/D12_SE03_R01.txt,D12,0,12.0,0,0,0,0,0
offline_frozen,train,SE03/D12_SE03_R02.txt,D12,0,12.0,0,0,0,0,0
offline_frozen,train,SE03/D12_SE03_R03.txt,D12,0,12.0,0,0,0,0,0
offline_frozen,train,SE03/D12_SE03_R04.txt,D12,0,12.0,0,0,0,0,0
offline_frozen,train,SE03/D12_SE03_R05.txt,D12,0,12.0,0,0,0,0,0
offline_frozen,train,SE03/D14_SE03_R01.txt,D14,0,12.0,0,0,0,0,0
offline_frozen,train,SE03/D14_SE03_R02.txt,D14,0,12.0,0,0,0,0,0
offline_frozen,train,SE03/D14_SE03_R03.txt,D14,0,12.0,0,0,0,0,0
offline_frozen,train,SE03/D14_SE03_R04.txt,D14,0,12.0,0,0,0,0,0
offline_frozen,train,SE03/D14_SE03_R05.txt,D14,0,12.0,0,0,0,0,0
offline_frozen,train,SE03/D15_SE03_R01.txt,D15,0,12.0,0,0,0,0,0
offline_frozen,train,SE03/D15_SE03_R02.txt,D15,0,12.0,0,0,0,0,0
offline_frozen,train,SE03/D15_SE03_R03.txt,D15,0,12.0,0,0,0,0,0
offline_frozen,train,SE03/D15_SE03_R04.txt,D15,0,12.0,0,0,0,0,0
offline_frozen,train,SE03/D15_SE03_R05.txt,D15,0,12.0,0,0,0,0,0
offline_frozen,train,SE03/D16_SE03_R01.txt,D16,0,12.0,0,0,0,0,0
offline_frozen,train,SE03/D16_SE03_R02.txt,D16,0,12.0,0,0,0,0,0
offline_frozen,train,SE03/D16_SE03_R03.txt,D16,0,12.0,0,0,0,0,0
offline_frozen,train,SE03/D16_SE03_R04.txt,D16,0,12.0,0,0,0,0,0
offline_frozen,train,SE03/D16_SE03_R05.txt,D16,0,12.0,0,0,0,0,0
offline_frozen,train,SE03/D17_SE03_R01.txt,D17,0,23.03,0,0,0,0,0
offline_frozen,train,SE03/D17_SE03_R02.txt,D17,0,21.025,0,0,0,0,0
offline_frozen,train,SE03/D17_SE03_R03.txt,D17,0,25.025,0,0,0,0,0
offline_frozen,train,SE03/D17_SE03_R04.txt,D17,0,25.055,0,0,0,0,0
offline_frozen,train,SE03/D17_SE03_R05.txt,D17,0,24.03,0,0,0,0,0
offline_frozen,train,SE05/D01_SE05_R01.txt,D01,0,99.995,0,0,0,0,0
offline_frozen,train,SE05/D02_SE05_R01.txt,D02,0,100.005,0,0,0,0,0
offline_frozen,train,SE05/D03_SE05_R01.txt,D03,0,100.0,0,0,0,0,0
offline_frozen,train,SE05/D04_SE05_R01.txt,D04,0,100.0,0,14,0,0,0
offline_frozen,train,SE05/D05_SE05_R01.txt,D05,0,25.005,0,0,0,0,0
offline_frozen,train,SE05/D05_SE05_R02.txt,D05,0,25.0,0,0,0,0,0
offline_frozen,train,SE05/D05_SE05_R03.txt,D05,0,25.0,0,0,0,0,0
offline_frozen,train,SE05/D05_SE05_R04.txt,D05,0,25.0,0,0,0,0,0
offline_frozen,train,SE05/D05_SE05_R05.txt,D05,0,25.0,0,0,0,0,0
offline_frozen,train,SE05/D07_SE05_R01.txt,D07,0,11.995,0,0,0,0,0
offline_frozen,train,SE05/D07_SE05_R02.txt,D07,0,12.0,0,0,0,0,0
offline_frozen,train,SE05/D07_SE05_R03.txt,D07,0,12.0,0,0,0,0,0
offline_frozen,train,SE05/D07_SE05_R04.txt,D07,0,12.0,0,0,0,0,0
offline_frozen,train,SE05/D07_SE05_R05.txt,D07,0,11.995,0,0,0,0,0
offline_frozen,train,SE05/D08_SE05_R01.txt,D08,0,12.0,0,0,0,0,0
offline_frozen,train,SE05/D08_SE05_R02.txt,D08,0,12.0,0,0,0,0,0
offline_frozen,train,SE05/D08_SE05_R03.txt,D08,0,12.005,0,0,0,0,0
offline_frozen,train,SE05/D08_SE05_R04.txt,D08,0,12.0,0,0,0,0,0
offline_frozen,train,SE05/D08_SE05_R05.txt,D08,0,12.0,0,0,0,0,0
offline_frozen,train,SE05/D09_SE05_R01.txt,D09,0,12.0,0,0,0,0,0
offline_frozen,train,SE05/D09_SE05_R02.txt,D09,0,12.0,0,0,0,0,0
offline_frozen,train,SE05/D09_SE05_R03.txt,D09,0,12.0,0,0,0,0,0
offline_frozen,train,SE05/D09_SE05_R04.txt,D09,0,12.0,0,0,0,0,0
offline_frozen,train,SE05/D09_SE05_R05.txt,D09,0,12.0,0,0,0,0,0
offline_frozen,train,SE05/D10_SE05_R01.txt,D10,0,12.0,0,0,0,0,0
offline_frozen,train,SE05/D10_SE05_R02.txt,D10,0,12.0,0,0,0,0,0
offline_frozen,train,SE05/D10_SE05_R03.txt,D10,0,12.0,0,0,0,0,0
offline_frozen,train,SE05/D10_SE05_R04.txt,D10,0,12.0,0,0,0,0,0
offline_frozen,train,SE05/D10_SE05_R05.txt,D10,0,12.0,0,0,0,0,0
offline_frozen,train,SE05/D11_SE05_R01.txt,D11,0,11.995,0,0,0,0,0
offline_frozen,train,SE05/D11_SE05_R02.txt,D11,0,12.0,0,0,0,0,0
offline_frozen,train,SE05/D11_SE05_R03.txt,D11,0,12.0,0,0,0,0,0
offline_frozen,train,SE05/D11_SE05_R04.txt,D11,0,12.0,0,0,0,0,0
offline_frozen,train,SE05/D11_SE05_R05.txt,D11,0,12.0,0,0,0,0,0
offline_frozen,train,SE05/D12_SE05_R01.txt,D12,0,12.0,0,0,0,0,0
offline_frozen,train,SE05/D12_SE05_R02.txt,D12,0,12.0,0,0,0,0,0
offline_frozen,train,SE05/D12_SE05_R03.txt,D12,0,12.0,0,0,0,0,0
offline_frozen,train,SE05/D12_SE05_R04.txt,D12,0,12.0,0,0,0,0,0
offline_frozen,train,SE05/D12_SE05_R05.txt,D12,0,12.0,0,0,0,0,0
offline_frozen,train,SE05/D14_SE05_R01.txt,D14,0,12.0,0,0,0,0,0
offline_frozen,train,SE05/D14_SE05_R02.txt,D14,0,12.0,0,0,0,0,0
offline_frozen,train,SE05/D14_SE05_R03.txt,D14,0,12.0,0,0,0,0,0
offline_frozen,train,SE05/D14_SE05_R04.txt,D14,0,12.0,0,0,0,0,0
offline_frozen,train,SE05/D14_SE05_R05.txt,D14,0,12.0,0,0,0,0,0
offline_frozen,train,SE05/D15_SE05_R01.txt,D15,0,12.0,0,0,0,0,0
offline_frozen,train,SE05/D15_SE05_R02.txt,D15,0,12.0,0,0,0,0,0
offline_frozen,train,SE05/D15_SE05_R03.txt,D15,0,12.0,0,0,0,0,0
offline_frozen,train,SE05/D15_SE05_R04.txt,D15,0,12.0,0,0,0,0,0
offline_frozen,train,SE05/D15_SE05_R05.txt,D15,0,12.0,0,0,0,0,0
offline_frozen,train,SE05/D16_SE05_R01.txt,D16,0,11.995,0,0,0,0,0
offline_frozen,train,SE05/D16_SE05_R02.txt,D16,0,12.0,0,0,0,0,0
offline_frozen,train,SE05/D16_SE05_R03.txt,D16,0,12.0,0,0,0,0,0
offline_frozen,train,SE05/D16_SE05_R04.txt,D16,0,12.0,0,0,0,0,0
offline_frozen,train,SE05/D16_SE05_R05.txt,D16,0,12.0,0,0,0,0,0
offline_frozen,train,SE05/D17_SE05_R01.txt,D17,0,20.03,0,0,0,0,0
offline_frozen,train,SE05/D17_SE05_R02.txt,D17,0,25.035,0,0,0,0,0
offline_frozen,train,SE05/D17_SE05_R03.txt,D17,0,17.02,0,0,0,0,0
offline_frozen,train,SE05/D17_SE05_R04.txt,D17,0,17.025,0,0,0,0,0
offline_frozen,train,SE05/D17_SE05_R05.txt,D17,0,19.02,0,0,0,0,0
offline_frozen,train,SE06/D01_SE06_R01.txt,D01,0,99.995,0,0,0,0,0
offline_frozen,train,SE06/D02_SE06_R01.txt,D02,0,100.0,0,0,0,0,0
offline_frozen,train,SE06/D03_SE06_R01.txt,D03,0,99.995,0,0,0,0,0
offline_frozen,train,SE06/D04_SE06_R01.txt,D04,0,100.0,0,0,0,0,0
offline_frozen,train,SE06/D05_SE06_R01.txt,D05,0,25.0,0,0,0,0,0
offline_frozen,train,SE06/D05_SE06_R02.txt,D05,0,25.0,0,0,0,0,0
offline_frozen,train,SE06/D05_SE06_R03.txt,D05,0,25.0,0,0,0,0,0
offline_frozen,train,SE06/D05_SE06_R04.txt,D05,0,25.0,0,0,0,0,0
offline_frozen,train,SE06/D05_SE06_R05.txt,D05,0,25.0,0,0,0,0,0
offline_frozen,train,SE06/D06_SE06_R01.txt,D06,0,24.995,0,0,0,0,0
offline_frozen,train,SE06/D06_SE06_R02.txt,D06,0,25.0,0,0,0,0,0
offline_frozen,train,SE06/D06_SE06_R03.txt,D06,0,25.0,0,0,0,0,0
offline_frozen,train,SE06/D06_SE06_R04.txt,D06,0,25.0,0,0,0,0,0
offline_frozen,train,SE06/D06_SE06_R05.txt,D06,0,25.0,0,0,0,0,0
offline_frozen,train,SE06/D07_SE06_R01.txt,D07,0,11.995,0,0,0,0,0
offline_frozen,train,SE06/D07_SE06_R02.txt,D07,0,12.0,0,0,0,0,0
offline_frozen,train,SE06/D07_SE06_R03.txt,D07,0,12.0,0,0,0,0,0
offline_frozen,train,SE06/D07_SE06_R04.txt,D07,0,12.0,0,0,0,0,0
offline_frozen,train,SE06/D07_SE06_R05.txt,D07,0,12.0,0,0,0,0,0
offline_frozen,train,SE06/D08_SE06_R01.txt,D08,0,12.0,0,0,0,0,0
offline_frozen,train,SE06/D08_SE06_R02.txt,D08,0,12.0,0,0,0,0,0
offline_frozen,train,SE06/D08_SE06_R03.txt,D08,0,12.0,0,0,0,0,0
offline_frozen,train,SE06/D08_SE06_R04.txt,D08,0,12.0,0,0,0,0,0
offline_frozen,train,SE06/D08_SE06_R05.txt,D08,0,12.0,0,0,0,0,0
offline_frozen,train,SE06/D09_SE06_R01.txt,D09,0,12.0,0,0,0,0,0
offline_frozen,train,SE06/D09_SE06_R02.txt,D09,0,12.0,0,0,0,0,0
offline_frozen,train,SE06/D09_SE06_R03.txt,D09,0,12.0,0,0,0,0,0
offline_frozen,train,SE06/D09_SE06_R04.txt,D09,0,12.0,0,0,0,0,0
offline_frozen,train,SE06/D09_SE06_R05.txt,D09,0,12.0,0,0,0,0,0
offline_frozen,train,SE06/D10_SE06_R01.txt,D10,0,12.0,0,0,0,0,0
offline_frozen,train,SE06/D10_SE06_R02.txt,D10,0,12.0,0,0,0,0,0
offline_frozen,train,SE06/D10_SE06_R03.txt,D10,0,12.0,0,0,0,0,0
offline_frozen,train,SE06/D10_SE06_R04.txt,D10,0,12.0,0,0,0,0,0
offline_frozen,train,SE06/D10_SE06_R05.txt,D10,0,12.0,0,0,0,0,0
offline_frozen,train,SE06/D11_SE06_R01.txt,D11,0,12.02,0,0,0,0,0
offline_frozen,train,SE06/D11_SE06_R02.txt,D11,0,12.0,0,0,0,0,0
offline_frozen,train,SE06/D11_SE06_R03.txt,D11,0,12.0,0,0,0,0,0
offline_frozen,train,SE06/D11_SE06_R04.txt,D11,0,12.0,0,0,0,0,0
offline_frozen,train,SE06/D11_SE06_R05.txt,D11,0,12.0,0,0,0,0,0
offline_frozen,train,SE06/D12_SE06_R01.txt,D12,0,12.0,0,0,0,0,0
offline_frozen,train,SE06/D12_SE06_R02.txt,D12,0,12.0,0,0,0,0,0
offline_frozen,train,SE06/D12_SE06_R03.txt,D12,0,12.0,0,0,0,0,0
offline_frozen,train,SE06/D12_SE06_R04.txt,D12,0,12.0,0,0,0,0,0
offline_frozen,train,SE06/D12_SE06_R05.txt,D12,0,12.0,0,0,0,0,0
offline_frozen,train,SE06/D13_SE06_R01.txt,D13,0,12.0,0,0,0,0,0
offline_frozen,train,SE06/D13_SE06_R02.txt,D13,0,12.0,0,0,0,0,0
offline_frozen,train,SE06/D13_SE06_R03.txt,D13,0,12.0,0,0,0,0,0
offline_frozen,train,SE06/D13_SE06_R04.txt,D13,0,12.0,0,0,0,0,0
offline_frozen,train,SE06/D13_SE06_R05.txt,D13,0,12.0,0,0,0,0,0
offline_frozen,train,SE06/D14_SE06_R01.txt,D14,0,12.0,0,0,0,0,0
offline_frozen,train,SE06/D14_SE06_R02.txt,D14,0,12.0,0,0,0,0,0
offline_frozen,train,SE06/D14_SE06_R03.txt,D14,0,12.0,0,0,0,0,0
offline_frozen,train,SE06/D14_SE06_R04.txt,D14,0,12.0,0,0,0,0,0
offline_frozen,train,SE06/D14_SE06_R05.txt,D14,0,12.0,0,0,0,0,0
offline_frozen,train,SE06/D15_SE06_R01.txt,D15,0,12.0,0,0,0,0,0
offline_frozen,train,SE06/D15_SE06_R02.txt,D15,0,12.0,0,0,0,0,0
offline_frozen,train,SE06/D15_SE06_R03.txt,D15,0,12.0,0,0,0,0,0
offline_frozen,train,SE06/D15_SE06_R04.txt,D15,0,12.0,0,0,0,0,0
offline_frozen,train,SE06/D15_SE06_R05.txt,D15,0,12.0,0,0,0,0,0
offline_frozen,train,SE06/D16_SE06_R01.txt,D16,0,11.995,0,0,0,0,0
offline_frozen,train,SE06/D16_SE06_R02.txt,D16,0,12.0,0,0,0,0,0
offline_frozen,train,SE06/D16_SE06_R03.txt,D16,0,12.0,0,0,0,0,0
offline_frozen,train,SE06/D16_SE06_R04.txt,D16,0,12.0,0,0,0,0,0
offline_frozen,train,SE06/D16_SE06_R05.txt,D16,0,12.0,0,0,0,0,0
offline_frozen,train,SE06/D17_SE06_R01.txt,D17,0,24.995,0,0,0,0,0
offline_frozen,train,SE06/D17_SE06_R02.txt,D17,0,25.0,0,0,0,0,0
offline_frozen,train,SE06/D17_SE06_R03.txt,D17,0,25.0,0,0,0,0,0
offline_frozen,train,SE06/D17_SE06_R04.txt,D17,0,25.0,0,0,0,0,0
offline_frozen,train,SE06/D17_SE06_R05.txt,D17,0,25.0,0,0,0,0,0
offline_frozen,train,SE06/D18_SE06_R01.txt,D18,0,12.0,0,0,0,0,0
offline_frozen,train,SE06/D18_SE06_R02.txt,D18,0,12.0,0,0,0,0,0
offline_frozen,train,SE06/D18_SE06_R03.txt,D18,0,12.0,0,0,0,0,0
offline_frozen,train,SE06/D18_SE06_R04.txt,D18,0,12.0,0,0,0,0,0
offline_frozen,train,SE06/D18_SE06_R05.txt,D18,0,12.0,0,0,0,0,0
offline_frozen,train,SE06/D19_SE06_R01.txt,D19,0,12.0,0,0,0,0,0
offline_frozen,train,SE06/D19_SE06_R02.txt,D19,0,12.0,0,0,0,0,0
offline_frozen,train,SE06/D19_SE06_R03.txt,D19,0,12.0,0,0,0,0,0
offline_frozen,train,SE06/D19_SE06_R04.txt,D19,0,12.0,0,0,0,0,0
offline_frozen,train,SE06/D19_SE06_R05.txt,D19,0,12.0,0,0,0,0,0
offline_frozen,train,SE06/F01_SE06_R01.txt,F01,1,15.0,1,0,0,0,1
offline_frozen,train,SE06/F01_SE06_R02.txt,F01,1,15.0,1,1,1,0,0
offline_frozen,train,SE06/F01_SE06_R03.txt,F01,1,15.0,1,0,0,0,1
offline_frozen,train,SE06/F01_SE06_R04.txt,F01,1,15.0,1,0,0,0,1
offline_frozen,train,SE06/F01_SE06_R05.txt,F01,1,15.0,1,0,0,0,1
offline_frozen,train,SE06/F02_SE06_R01.txt,F02,1,15.0,1,1,1,0,0
offline_frozen,train,SE06/F02_SE06_R02.txt,F02,1,15.0,1,1,1,0,0
offline_frozen,train,SE06/F02_SE06_R03.txt,F02,1,15.0,1,1,1,0,0
offline_frozen,train,SE06/F02_SE06_R04.txt,F02,1,15.0,1,2,1,0,0
offline_frozen,train,SE06/F02_SE06_R05.txt,F02,1,15.0,1,0,0,0,1
offline_frozen,train,SE06/F03_SE06_R01.txt,F03,1,15.0,1,1,1,0,0
offline_frozen,train,SE06/F03_SE06_R02.txt,F03,1,15.0,1,1,1,0,0
offline_frozen,train,SE06/F03_SE06_R03.txt,F03,1,15.0,1,1,1,0,0
offline_frozen,train,SE06/F03_SE06_R04.txt,F03,1,15.0,1,1,1,0,0
offline_frozen,train,SE06/F03_SE06_R05.txt,F03,1,15.0,1,1,1,0,0
offline_frozen,train,SE06/F04_SE06_R01.txt,F04,1,15.0,1,0,0,0,1
offline_frozen,train,SE06/F04_SE06_R02.txt,F04,1,15.0,1,0,0,0,1
offline_frozen,train,SE06/F04_SE06_R03.txt,F04,1,15.0,1,0,0,0,1
offline_frozen,train,SE06/F04_SE06_R04.txt,F04,1,15.0,1,0,0,0,1
offline_frozen,train,SE06/F04_SE06_R05.txt,F04,1,15.0,1,0,0,0,1
offline_frozen,train,SE06/F05_SE06_R01.txt,F05,1,15.0,1,1,1,0,0
offline_frozen,train,SE06/F05_SE06_R02.txt,F05,1,15.0,1,1,0,0,1
offline_frozen,train,SE06/F05_SE06_R03.txt,F05,1,15.0,1,1,1,0,0
offline_frozen,train,SE06/F05_SE06_R04.txt,F05,1,15.0,1,1,1,0,0
offline_frozen,train,SE06/F05_SE06_R05.txt,F05,1,15.0,1,1,1,0,0
offline_frozen,train,SE06/F06_SE06_R01.txt,F06,1,14.995,1,1,1,0,0
offline_frozen,train,SE06/F06_SE06_R02.txt,F06,1,15.0,1,1,1,0,0
offline_frozen,train,SE06/F06_SE06_R03.txt,F06,1,15.0,1,1,1,0,0
offline_frozen,train,SE06/F06_SE06_R04.txt,F06,1,15.0,1,1,1,0,0
offline_frozen,train,SE06/F06_SE06_R05.txt,F06,1,15.0,1,0,0,0,1
offline_frozen,train,SE06/F07_SE06_R01.txt,F07,1,15.0,1,1,1,0,0
offline_frozen,train,SE06/F07_SE06_R02.txt,F07,1,15.0,1,1,1,0,0
offline_frozen,train,SE06/F07_SE06_R03.txt,F07,1,15.0,1,1,1,0,0
offline_frozen,train,SE06/F07_SE06_R04.txt,F07,1,15.0,1,0,0,0,1
offline_frozen,train,SE06/F07_SE06_R05.txt,F07,1,14.995,1,0,0,0,1
offline_frozen,train,SE06/F08_SE06_R01.txt,F08,1,15.0,1,1,1,0,0
offline_frozen,train,SE06/F08_SE06_R02.txt,F08,1,15.0,1,0,0,0,1
offline_frozen,train,SE06/F08_SE06_R03.txt,F08,1,15.0,1,0,0,0,1
offline_frozen,train,SE06/F08_SE06_R04.txt,F08,1,15.0,1,0,0,0,1
offline_frozen,train,SE06/F08_SE06_R05.txt,F08,1,15.0,1,0,0,0,1
offline_frozen,train,SE06/F09_SE06_R01.txt,F09,1,14.995,1,1,1,0,0
offline_frozen,train,SE06/F09_SE06_R02.txt,F09,1,15.0,1,0,0,0,1
offline_frozen,train,SE06/F09_SE06_R03.txt,F09,1,15.0,1,0,0,0,1
offline_frozen,train,SE06/F09_SE06_R04.txt,F09,1,15.0,1,0,0,0,1
offline_frozen,train,SE06/F09_SE06_R05.txt,F09,1,15.0,1,1,1,0,0
offline_frozen,train,SE06/F10_SE06_R01.txt,F10,1,15.0,1,0,0,0,1
offline_frozen,train,SE06/F10_SE06_R02.txt,F10,1,15.0,0,0,0,1,0
offline_frozen,train,SE06/F10_SE06_R03.txt,F10,1,15.0,1,0,0,0,1
offline_frozen,train,SE06/F10_SE06_R04.txt,F10,1,15.0,0,0,0,1,0
offline_frozen,train,SE06/F10_SE06_R05.txt,F10,1,15.0,1,0,0,0,1
offline_frozen,train,SE06/F11_SE06_R01.txt,F11,1,14.995,1,1,1,0,0
offline_frozen,train,SE06/F11_SE06_R02.txt,F11,1,15.0,1,2,1,0,0
offline_frozen,train,SE06/F11_SE06_R03.txt,F11,1,15.0,1,1,1,0,0
offline_frozen,train,SE06/F11_SE06_R04.txt,F11,1,15.0,1,0,0,0,1
offline_frozen,train,SE06/F11_SE06_R05.txt,F11,1,14.995,1,1,1,0,0
offline_frozen,train,SE06/F12_SE06_R01.txt,F12,1,15.0,1,0,0,0,1
offline_frozen,train,SE06/F12_SE06_R02.txt,F12,1,15.0,1,0,0,0,1
offline_frozen,train,SE06/F12_SE06_R03.txt,F12,1,15.0,1,1,1,0,0
offline_frozen,train,SE06/F12_SE06_R04.txt,F12,1,15.0,1,0,0,0,1
offline_frozen,train,SE06/F12_SE06_R05.txt,F12,1,15.0,1,1,1,0,0
offline_frozen,train,SE06/F13_SE06_R01.txt,F13,1,15.0,1,0,0,0,1
offline_frozen,train,SE06/F13_SE06_R02.txt,F13,1,14.995,1,0,0,0,1
offline_frozen,train,SE06/F13_SE06_R03.txt,F13,1,15.0,1,0,0,0,1
offline_frozen,train,SE06/F13_SE06_R04.txt,F13,1,15.0,1,0,0,0,1
offline_frozen,train,SE06/F13_SE06_R05.txt,F13,1,15.0,1,0,0,0,1
offline_frozen,train,SE06/F14_SE06_R01.txt,F14,1,15.0,1,0,0,0,1
offline_frozen,train,SE06/F14_SE06_R02.txt,F14,1,15.0,1,0,0,0,1
offline_frozen,train,SE06/F14_SE06_R03.txt,F14,1,15.0,1,0,0,0,1
offline_frozen,train,SE06/F14_SE06_R04.txt,F14,1,15.0,1,0,0,0,1
offline_frozen,train,SE06/F14_SE06_R05.txt,F14,1,15.0,1,0,0,0,1
offline_frozen,train,SE06/F15_SE06_R01.txt,F15,1,15.0,1,1,1,0,0
offline_frozen,train,SE06/F15_SE06_R02.txt,F15,1,15.0,1,0,0,0,1
offline_frozen,train,SE06/F15_SE06_R03.txt,F15,1,15.0,1,0,0,0,1
offline_frozen,train,SE06/F15_SE06_R04.txt,F15,1,15.0,1,0,0,0,1
offline_frozen,train,SE06/F15_SE06_R05.txt,F15,1,15.0,1,1,1,0,0
offline_frozen,train,SE07/D01_SE07_R01.txt,D01,0,99.995,0,0,0,0,0
offline_frozen,train,SE07/D02_SE07_R01.txt,D02,0,99.995,0,0,0,0,0
offline_frozen,train,SE07/D03_SE07_R01.txt,D03,0,99.975,0,0,0,0,0
offline_frozen,train,SE07/D04_SE07_R01.txt,D04,0,99.985,0,8,0,0,0
offline_frozen,train,SE07/D05_SE07_R01.txt,D05,0,24.995,0,0,0,0,0
offline_frozen,train,SE07/D05_SE07_R02.txt,D05,0,24.995,0,0,0,0,0
offline_frozen,train,SE07/D05_SE07_R03.txt,D05,0,24.995,0,0,0,0,0
offline_frozen,train,SE07/D05_SE07_R04.txt,D05,0,24.995,0,0,0,0,0
offline_frozen,train,SE07/D05_SE07_R05.txt,D05,0,24.995,0,0,0,0,0
offline_frozen,train,SE07/D07_SE07_R01.txt,D07,0,12.0,0,0,0,0,0
offline_frozen,train,SE07/D07_SE07_R02.txt,D07,0,12.0,0,0,0,0,0
offline_frozen,train,SE07/D07_SE07_R03.txt,D07,0,12.0,0,0,0,0,0
offline_frozen,train,SE07/D07_SE07_R04.txt,D07,0,12.0,0,0,0,0,0
offline_frozen,train,SE07/D07_SE07_R05.txt,D07,0,12.0,0,0,0,0,0
offline_frozen,train,SE07/D08_SE07_R01.txt,D08,0,12.0,0,0,0,0,0
offline_frozen,train,SE07/D08_SE07_R02.txt,D08,0,12.0,0,0,0,0,0
offline_frozen,train,SE07/D08_SE07_R03.txt,D08,0,11.995,0,0,0,0,0
offline_frozen,train,SE07/D08_SE07_R04.txt,D08,0,12.0,0,0,0,0,0
offline_frozen,train,SE07/D08_SE07_R05.txt,D08,0,12.0,0,0,0,0,0
offline_frozen,train,SE07/D09_SE07_R01.txt,D09,0,12.0,0,0,0,0,0
offline_frozen,train,SE07/D09_SE07_R02.txt,D09,0,12.0,0,0,0,0,0
offline_frozen,train,SE07/D09_SE07_R03.txt,D09,0,12.0,0,0,0,0,0
offline_frozen,train,SE07/D09_SE07_R04.txt,D09,0,12.0,0,0,0,0,0
offline_frozen,train,SE07/D09_SE07_R05.txt,D09,0,12.0,0,0,0,0,0
offline_frozen,train,SE07/D10_SE07_R01.txt,D10,0,12.0,0,0,0,0,0
offline_frozen,train,SE07/D10_SE07_R02.txt,D10,0,12.0,0,0,0,0,0
offline_frozen,train,SE07/D10_SE07_R03.txt,D10,0,12.0,0,0,0,0,0
offline_frozen,train,SE07/D10_SE07_R04.txt,D10,0,12.0,0,0,0,0,0
offline_frozen,train,SE07/D10_SE07_R05.txt,D10,0,12.0,0,0,0,0,0
offline_frozen,train,SE07/D11_SE07_R01.txt,D11,0,12.0,0,0,0,0,0
offline_frozen,train,SE07/D11_SE07_R02.txt,D11,0,12.0,0,0,0,0,0
offline_frozen,train,SE07/D11_SE07_R03.txt,D11,0,12.0,0,0,0,0,0
offline_frozen,train,SE07/D11_SE07_R04.txt,D11,0,12.0,0,0,0,0,0
offline_frozen,train,SE07/D11_SE07_R05.txt,D11,0,12.0,0,0,0,0,0
offline_frozen,train,SE07/D12_SE07_R01.txt,D12,0,12.0,0,0,0,0,0
offline_frozen,train,SE07/D12_SE07_R02.txt,D12,0,12.0,0,0,0,0,0
offline_frozen,train,SE07/D12_SE07_R03.txt,D12,0,12.0,0,0,0,0,0
offline_frozen,train,SE07/D12_SE07_R04.txt,D12,0,12.0,0,0,0,0,0
offline_frozen,train,SE07/D12_SE07_R05.txt,D12,0,12.0,0,0,0,0,0
offline_frozen,train,SE07/D14_SE07_R01.txt,D14,0,12.0,0,0,0,0,0
offline_frozen,train,SE07/D14_SE07_R02.txt,D14,0,12.0,0,0,0,0,0
offline_frozen,train,SE07/D14_SE07_R03.txt,D14,0,12.0,0,0,0,0,0
offline_frozen,train,SE07/D14_SE07_R04.txt,D14,0,12.0,0,0,0,0,0
offline_frozen,train,SE07/D14_SE07_R05.txt,D14,0,12.0,0,0,0,0,0
offline_frozen,train,SE07/D15_SE07_R01.txt,D15,0,12.0,0,0,0,0,0
offline_frozen,train,SE07/D15_SE07_R02.txt,D15,0,12.0,0,0,0,0,0
offline_frozen,train,SE07/D15_SE07_R03.txt,D15,0,12.0,0,0,0,0,0
offline_frozen,train,SE07/D15_SE07_R04.txt,D15,0,12.0,0,0,0,0,0
offline_frozen,train,SE07/D15_SE07_R05.txt,D15,0,12.0,0,0,0,0,0
offline_frozen,train,SE07/D16_SE07_R01.txt,D16,0,12.0,0,0,0,0,0
offline_frozen,train,SE07/D16_SE07_R02.txt,D16,0,12.0,0,0,0,0,0
offline_frozen,train,SE07/D16_SE07_R03.txt,D16,0,12.0,0,0,0,0,0
offline_frozen,train,SE07/D16_SE07_R04.txt,D16,0,12.0,0,0,0,0,0
offline_frozen,train,SE07/D16_SE07_R05.txt,D16,0,12.0,0,0,0,0,0
offline_frozen,train,SE07/D17_SE07_R01.txt,D17,0,24.995,0,0,0,0,0
offline_frozen,train,SE07/D17_SE07_R02.txt,D17,0,24.995,0,0,0,0,0
offline_frozen,train,SE07/D17_SE07_R03.txt,D17,0,24.995,0,0,0,0,0
offline_frozen,train,SE07/D17_SE07_R04.txt,D17,0,24.995,0,0,0,0,0
offline_frozen,train,SE07/D17_SE07_R05.txt,D17,0,24.995,0,0,0,0,0
offline_frozen,train,SE10/D01_SE10_R01.txt,D01,0,99.995,0,0,0,0,0
offline_frozen,train,SE10/D02_SE10_R01.txt,D02,0,100.0,0,0,0,0,0
offline_frozen,train,SE10/D03_SE10_R01.txt,D03,0,100.0,0,1,0,0,0
offline_frozen,train,SE10/D04_SE10_R01.txt,D04,0,100.0,0,0,0,0,0
offline_frozen,train,SE10/D05_SE10_R01.txt,D05,0,25.0,0,0,0,0,0
offline_frozen,train,SE10/D05_SE10_R02.txt,D05,0,25.0,0,0,0,0,0
offline_frozen,train,SE10/D05_SE10_R03.txt,D05,0,25.0,0,0,0,0,0
offline_frozen,train,SE10/D05_SE10_R04.txt,D05,0,25.0,0,0,0,0,0
offline_frozen,train,SE10/D05_SE10_R05.txt,D05,0,25.0,0,0,0,0,0
offline_frozen,train,SE10/D07_SE10_R01.txt,D07,0,12.0,0,0,0,0,0
offline_frozen,train,SE10/D07_SE10_R02.txt,D07,0,11.995,0,0,0,0,0
offline_frozen,train,SE10/D07_SE10_R03.txt,D07,0,12.0,0,0,0,0,0
offline_frozen,train,SE10/D07_SE10_R04.txt,D07,0,12.0,0,0,0,0,0
offline_frozen,train,SE10/D07_SE10_R05.txt,D07,0,12.0,0,0,0,0,0
offline_frozen,train,SE10/D08_SE10_R01.txt,D08,0,12.0,0,0,0,0,0
offline_frozen,train,SE10/D08_SE10_R02.txt,D08,0,12.0,0,0,0,0,0
offline_frozen,train,SE10/D08_SE10_R03.txt,D08,0,12.0,0,0,0,0,0
offline_frozen,train,SE10/D08_SE10_R04.txt,D08,0,12.0,0,0,0,0,0
offline_frozen,train,SE10/D08_SE10_R05.txt,D08,0,12.0,0,0,0,0,0
offline_frozen,train,SE10/D09_SE10_R01.txt,D09,0,12.0,0,0,0,0,0
offline_frozen,train,SE10/D09_SE10_R02.txt,D09,0,12.0,0,0,0,0,0
offline_frozen,train,SE10/D09_SE10_R03.txt,D09,0,12.0,0,0,0,0,0
offline_frozen,train,SE10/D09_SE10_R04.txt,D09,0,12.0,0,0,0,0,0
offline_frozen,train,SE10/D09_SE10_R05.txt,D09,0,12.0,0,0,0,0,0
offline_frozen,train,SE10/D10_SE10_R01.txt,D10,0,12.0,0,0,0,0,0
offline_frozen,train,SE10/D10_SE10_R02.txt,D10,0,12.0,0,0,0,0,0
offline_frozen,train,SE10/D10_SE10_R03.txt,D10,0,12.0,0,0,0,0,0
offline_frozen,train,SE10/D10_SE10_R04.txt,D10,0,12.0,0,0,0,0,0
offline_frozen,train,SE10/D10_SE10_R05.txt,D10,0,12.0,0,0,0,0,0
offline_frozen,train,SE10/D11_SE10_R01.txt,D11,0,11.995,0,0,0,0,0
offline_frozen,train,SE10/D11_SE10_R02.txt,D11,0,12.0,0,0,0,0,0
offline_frozen,train,SE10/D11_SE10_R03.txt,D11,0,12.0,0,0,0,0,0
offline_frozen,train,SE10/D11_SE10_R04.txt,D11,0,12.0,0,0,0,0,0
offline_frozen,train,SE10/D11_SE10_R05.txt,D11,0,12.0,0,0,0,0,0
offline_frozen,train,SE10/D12_SE10_R01.txt,D12,0,12.0,0,0,0,0,0
offline_frozen,train,SE10/D12_SE10_R02.txt,D12,0,12.0,0,0,0,0,0
offline_frozen,train,SE10/D12_SE10_R03.txt,D12,0,12.0,0,0,0,0,0
offline_frozen,train,SE10/D12_SE10_R04.txt,D12,0,12.0,0,0,0,0,0
offline_frozen,train,SE10/D12_SE10_R05.txt,D12,0,12.0,0,0,0,0,0
offline_frozen,train,SE10/D14_SE10_R01.txt,D14,0,12.0,0,0,0,0,0
offline_frozen,train,SE10/D14_SE10_R02.txt,D14,0,12.0,0,0,0,0,0
offline_frozen,train,SE10/D14_SE10_R03.txt,D14,0,12.0,0,0,0,0,0
offline_frozen,train,SE10/D14_SE10_R04.txt,D14,0,12.0,0,0,0,0,0
offline_frozen,train,SE10/D14_SE10_R05.txt,D14,0,12.0,0,0,0,0,0
offline_frozen,train,SE10/D15_SE10_R01.txt,D15,0,12.0,0,0,0,0,0
offline_frozen,train,SE10/D15_SE10_R02.txt,D15,0,12.0,0,0,0,0,0
offline_frozen,train,SE10/D15_SE10_R03.txt,D15,0,12.0,0,0,0,0,0
offline_frozen,train,SE10/D15_SE10_R04.txt,D15,0,12.0,0,0,0,0,0
offline_frozen,train,SE10/D15_SE10_R05.txt,D15,0,12.0,0,0,0,0,0
offline_frozen,train,SE10/D16_SE10_R01.txt,D16,0,11.995,0,0,0,0,0
offline_frozen,train,SE10/D16_SE10_R02.txt,D16,0,12.0,0,0,0,0,0
offline_frozen,train,SE10/D16_SE10_R03.txt,D16,0,12.0,0,0,0,0,0
offline_frozen,train,SE10/D16_SE10_R04.txt,D16,0,12.0,0,0,0,0,0
offline_frozen,train,SE10/D16_SE10_R05.txt,D16,0,12.0,0,0,0,0,0
offline_frozen,train,SE10/D17_SE10_R01.txt,D17,0,25.0,0,0,0,0,0
offline_frozen,train,SE10/D17_SE10_R02.txt,D17,0,25.0,0,0,0,0,0
offline_frozen,train,SE10/D17_SE10_R03.txt,D17,0,25.0,0,0,0,0,0
offline_frozen,train,SE10/D17_SE10_R04.txt,D17,0,25.0,0,0,0,0,0
offline_frozen,train,SE10/D17_SE10_R05.txt,D17,0,25.0,0,0,0,0,0
offline_frozen,train,SE12/D01_SE12_R01.txt,D01,0,99.99,0,0,0,0,0
offline_frozen,train,SE12/D02_SE12_R01.txt,D02,0,100.0,0,0,0,0,0
offline_frozen,train,SE12/D03_SE12_R01.txt,D03,0,100.0,0,0,0,0,0
offline_frozen,train,SE12/D04_SE12_R01.txt,D04,0,99.98,0,0,0,0,0
offline_frozen,train,SE12/D05_SE12_R01.txt,D05,0,25.0,0,0,0,0,0
offline_frozen,train,SE12/D05_SE12_R02.txt,D05,0,24.965,0,0,0,0,0
offline_frozen,train,SE12/D05_SE12_R03.txt,D05,0,25.0,0,0,0,0,0
offline_frozen,train,SE12/D05_SE12_R04.txt,D05,0,25.0,0,0,0,0,0
offline_frozen,train,SE12/D05_SE12_R05.txt,D05,0,25.0,0,0,0,0,0
offline_frozen,train,SE12/D07_SE12_R01.txt,D07,0,11.995,0,0,0,0,0
offline_frozen,train,SE12/D07_SE12_R02.txt,D07,0,12.0,0,0,0,0,0
offline_frozen,train,SE12/D07_SE12_R03.txt,D07,0,12.0,0,0,0,0,0
offline_frozen,train,SE12/D07_SE12_R04.txt,D07,0,12.0,0,0,0,0,0
offline_frozen,train,SE12/D07_SE12_R05.txt,D07,0,12.0,0,0,0,0,0
offline_frozen,train,SE12/D08_SE12_R01.txt,D08,0,12.0,0,0,0,0,0
offline_frozen,train,SE12/D08_SE12_R02.txt,D08,0,12.0,0,0,0,0,0
offline_frozen,train,SE12/D08_SE12_R03.txt,D08,0,12.0,0,0,0,0,0
offline_frozen,train,SE12/D08_SE12_R04.txt,D08,0,12.0,0,0,0,0,0
offline_frozen,train,SE12/D08_SE12_R05.txt,D08,0,12.0,0,0,0,0,0
offline_frozen,train,SE12/D09_SE12_R01.txt,D09,0,12.0,0,0,0,0,0
offline_frozen,train,SE12/D09_SE12_R02.txt,D09,0,12.0,0,0,0,0,0
offline_frozen,train,SE12/D09_SE12_R03.txt,D09,0,12.0,0,0,0,0,0
offline_frozen,train,SE12/D09_SE12_R04.txt,D09,0,12.0,0,0,0,0,0
offline_frozen,train,SE12/D09_SE12_R05.txt,D09,0,12.0,0,0,0,0,0
offline_frozen,train,SE12/D10_SE12_R01.txt,D10,0,12.0,0,0,0,0,0
offline_frozen,train,SE12/D10_SE12_R02.txt,D10,0,12.0,0,0,0,0,0
offline_frozen,train,SE12/D10_SE12_R03.txt,D10,0,12.0,0,0,0,0,0
offline_frozen,train,SE12/D10_SE12_R04.txt,D10,0,12.0,0,0,0,0,0
offline_frozen,train,SE12/D10_SE12_R05.txt,D10,0,12.0,0,0,0,0,0
offline_frozen,train,SE12/D11_SE12_R01.txt,D11,0,11.995,0,0,0,0,0
offline_frozen,train,SE12/D11_SE12_R02.txt,D11,0,12.0,0,0,0,0,0
offline_frozen,train,SE12/D11_SE12_R03.txt,D11,0,12.0,0,0,0,0,0
offline_frozen,train,SE12/D11_SE12_R04.txt,D11,0,12.0,0,0,0,0,0
offline_frozen,train,SE12/D11_SE12_R05.txt,D11,0,12.0,0,0,0,0,0
offline_frozen,train,SE12/D12_SE12_R01.txt,D12,0,11.995,0,0,0,0,0
offline_frozen,train,SE12/D12_SE12_R02.txt,D12,0,12.0,0,0,0,0,0
offline_frozen,train,SE12/D12_SE12_R03.txt,D12,0,12.0,0,0,0,0,0
offline_frozen,train,SE12/D12_SE12_R04.txt,D12,0,12.0,0,0,0,0,0
offline_frozen,train,SE12/D12_SE12_R05.txt,D12,0,12.0,0,0,0,0,0
offline_frozen,train,SE12/D14_SE12_R01.txt,D14,0,12.0,0,0,0,0,0
offline_frozen,train,SE12/D14_SE12_R02.txt,D14,0,12.0,0,0,0,0,0
offline_frozen,train,SE12/D14_SE12_R03.txt,D14,0,12.0,0,0,0,0,0
offline_frozen,train,SE12/D14_SE12_R04.txt,D14,0,12.0,0,0,0,0,0
offline_frozen,train,SE12/D14_SE12_R05.txt,D14,0,12.0,0,0,0,0,0
offline_frozen,train,SE12/D15_SE12_R01.txt,D15,0,12.0,0,0,0,0,0
offline_frozen,train,SE12/D15_SE12_R02.txt,D15,0,12.0,0,0,0,0,0
offline_frozen,train,SE12/D15_SE12_R03.txt,D15,0,12.0,0,0,0,0,0
offline_frozen,train,SE12/D15_SE12_R04.txt,D15,0,12.0,0,0,0,0,0
offline_frozen,train,SE12/D15_SE12_R05.txt,D15,0,12.0,0,0,0,0,0
offline_frozen,train,SE12/D16_SE12_R01.txt,D16,0,11.995,0,0,0,0,0
offline_frozen,train,SE12/D16_SE12_R02.txt,D16,0,12.0,0,0,0,0,0
offline_frozen,train,SE12/D16_SE12_R03.txt,D16,0,11.99,0,0,0,0,0
offline_frozen,train,SE12/D16_SE12_R04.txt,D16,0,12.0,0,0,0,0,0
offline_frozen,train,SE12/D16_SE12_R05.txt,D16,0,12.0,0,0,0,0,0
offline_frozen,train,SE12/D17_SE12_R01.txt,D17,0,25.0,0,0,0,0,0
offline_frozen,train,SE12/D17_SE12_R02.txt,D17,0,25.0,0,0,0,0,0
offline_frozen,train,SE12/D17_SE12_R03.txt,D17,0,24.985,0,0,0,0,0
offline_frozen,train,SE12/D17_SE12_R04.txt,D17,0,25.0,0,0,0,0,0
offline_frozen,train,SE12/D17_SE12_R05.txt,D17,0,25.0,0,0,0,0,0
offline_frozen,train,SE14/D01_SE14_R01.txt,D01,0,99.995,0,0,0,0,0
offline_frozen,train,SE14/D02_SE14_R01.txt,D02,0,100.0,0,0,0,0,0
offline_frozen,train,SE14/D03_SE14_R01.txt,D03,0,99.95,0,0,0,0,0
offline_frozen,train,SE14/D04_SE14_R01.txt,D04,0,99.975,0,0,0,0,0
offline_frozen,train,SE14/D05_SE14_R01.txt,D05,0,25.0,0,0,0,0,0
offline_frozen,train,SE14/D05_SE14_R02.txt,D05,0,25.0,0,0,0,0,0
offline_frozen,train,SE14/D05_SE14_R03.txt,D05,0,25.0,0,0,0,0,0
offline_frozen,train,SE14/D05_SE14_R04.txt,D05,0,25.0,0,0,0,0,0
offline_frozen,train,SE14/D05_SE14_R05.txt,D05,0,25.0,0,0,0,0,0
offline_frozen,train,SE14/D07_SE14_R01.txt,D07,0,11.995,0,0,0,0,0
offline_frozen,train,SE14/D07_SE14_R02.txt,D07,0,12.0,0,0,0,0,0
offline_frozen,train,SE14/D07_SE14_R03.txt,D07,0,12.0,0,0,0,0,0
offline_frozen,train,SE14/D07_SE14_R05.txt,D07,0,12.0,0,0,0,0,0
offline_frozen,train,SE14/D07_SE14_R06.txt,D07,0,12.0,0,0,0,0,0
offline_frozen,train,SE14/D08_SE14_R01.txt,D08,0,12.0,0,0,0,0,0
offline_frozen,train,SE14/D08_SE14_R02.txt,D08,0,12.0,0,0,0,0,0
offline_frozen,train,SE14/D08_SE14_R03.txt,D08,0,12.0,0,0,0,0,0
offline_frozen,train,SE14/D08_SE14_R04.txt,D08,0,12.0,0,0,0,0,0
offline_frozen,train,SE14/D08_SE14_R05.txt,D08,0,12.0,0,0,0,0,0
offline_frozen,train,SE14/D09_SE14_R01.txt,D09,0,12.0,0,0,0,0,0
offline_frozen,train,SE14/D09_SE14_R02.txt,D09,0,12.0,0,0,0,0,0
offline_frozen,train,SE14/D09_SE14_R03.txt,D09,0,12.0,0,0,0,0,0
offline_frozen,train,SE14/D09_SE14_R04.txt,D09,0,12.0,0,0,0,0,0
offline_frozen,train,SE14/D09_SE14_R05.txt,D09,0,12.0,0,0,0,0,0
offline_frozen,train,SE14/D10_SE14_R01.txt,D10,0,12.0,0,0,0,0,0
offline_frozen,train,SE14/D10_SE14_R02.txt,D10,0,12.0,0,0,0,0,0
offline_frozen,train,SE14/D10_SE14_R03.txt,D10,0,12.0,0,0,0,0,0
offline_frozen,train,SE14/D10_SE14_R04.txt,D10,0,12.0,0,0,0,0,0
offline_frozen,train,SE14/D10_SE14_R05.txt,D10,0,12.0,0,0,0,0,0
offline_frozen,train,SE14/D11_SE14_R01.txt,D11,0,11.995,0,0,0,0,0
offline_frozen,train,SE14/D11_SE14_R02.txt,D11,0,12.0,0,0,0,0,0
offline_frozen,train,SE14/D11_SE14_R03.txt,D11,0,12.0,0,0,0,0,0
offline_frozen,train,SE14/D11_SE14_R04.txt,D11,0,12.0,0,0,0,0,0
offline_frozen,train,SE14/D11_SE14_R05.txt,D11,0,12.0,0,0,0,0,0
offline_frozen,train,SE14/D12_SE14_R01.txt,D12,0,12.0,0,0,0,0,0
offline_frozen,train,SE14/D12_SE14_R02.txt,D12,0,12.0,0,0,0,0,0
offline_frozen,train,SE14/D12_SE14_R03.txt,D12,0,12.0,0,0,0,0,0
offline_frozen,train,SE14/D12_SE14_R04.txt,D12,0,12.0,0,0,0,0,0
offline_frozen,train,SE14/D12_SE14_R05.txt,D12,0,12.0,0,0,0,0,0
offline_frozen,train,SE14/D14_SE14_R01.txt,D14,0,12.0,0,0,0,0,0
offline_frozen,train,SE14/D14_SE14_R02.txt,D14,0,12.0,0,0,0,0,0
offline_frozen,train,SE14/D14_SE14_R03.txt,D14,0,11.995,0,0,0,0,0
offline_frozen,train,SE14/D14_SE14_R04.txt,D14,0,12.0,0,0,0,0,0
offline_frozen,train,SE14/D14_SE14_R05.txt,D14,0,12.0,0,0,0,0,0
offline_frozen,train,SE14/D15_SE14_R01.txt,D15,0,12.0,0,0,0,0,0
offline_frozen,train,SE14/D15_SE14_R02.txt,D15,0,12.0,0,0,0,0,0
offline_frozen,train,SE14/D15_SE14_R03.txt,D15,0,12.0,0,0,0,0,0
offline_frozen,train,SE14/D15_SE14_R04.txt,D15,0,11.97,0,0,0,0,0
offline_frozen,train,SE14/D15_SE14_R05.txt,D15,0,12.0,0,0,0,0,0
offline_frozen,train,SE14/D16_SE14_R01.txt,D16,0,12.0,0,0,0,0,0
offline_frozen,train,SE14/D16_SE14_R02.txt,D16,0,12.0,0,0,0,0,0
offline_frozen,train,SE14/D16_SE14_R03.txt,D16,0,12.0,0,0,0,0,0
offline_frozen,train,SE14/D16_SE14_R04.txt,D16,0,12.0,0,0,0,0,0
offline_frozen,train,SE14/D16_SE14_R05.txt,D16,0,12.0,0,0,0,0,0
offline_frozen,train,SE14/D17_SE14_R01.txt,D17,0,25.0,0,0,0,0,0
offline_frozen,train,SE14/D17_SE14_R02.txt,D17,0,25.0,0,0,0,0,0
offline_frozen,train,SE14/D17_SE14_R03.txt,D17,0,25.0,0,0,0,0,0
offline_frozen,train,SE14/D17_SE14_R04.txt,D17,0,25.0,0,0,0,0,0
offline_frozen,train,SE14/D17_SE14_R05.txt,D17,0,25.0,0,0,0,0,0
offline_frozen,train,SE15/D01_SE15_R01.txt,D01,0,99.995,0,0,0,0,0
offline_frozen,train,SE15/D02_SE15_R01.txt,D02,0,100.0,0,0,0,0,0
offline_frozen,train,SE15/D03_SE15_R01.txt,D03,0,100.0,0,0,0,0,0
offline_frozen,train,SE15/D05_SE15_R01.txt,D05,0,25.0,0,0,0,0,0
offline_frozen,train,SE15/D05_SE15_R02.txt,D05,0,25.0,0,0,0,0,0
offline_frozen,train,SE15/D05_SE15_R03.txt,D05,0,25.0,0,0,0,0,0
offline_frozen,train,SE15/D05_SE15_R04.txt,D05,0,25.0,0,0,0,0,0
offline_frozen,train,SE15/D05_SE15_R05.txt,D05,0,25.0,0,0,0,0,0
offline_frozen,train,SE15/D07_SE15_R01.txt,D07,0,11.995,0,0,0,0,0
offline_frozen,train,SE15/D07_SE15_R02.txt,D07,0,12.0,0,0,0,0,0
offline_frozen,train,SE15/D07_SE15_R03.txt,D07,0,12.0,0,0,0,0,0
offline_frozen,train,SE15/D07_SE15_R04.txt,D07,0,12.0,0,0,0,0,0
offline_frozen,train,SE15/D07_SE15_R05.txt,D07,0,12.0,0,0,0,0,0
offline_frozen,train,SE15/D08_SE15_R01.txt,D08,0,12.0,0,0,0,0,0
offline_frozen,train,SE15/D08_SE15_R02.txt,D08,0,12.0,0,0,0,0,0
offline_frozen,train,SE15/D08_SE15_R03.txt,D08,0,12.0,0,0,0,0,0
offline_frozen,train,SE15/D08_SE15_R04.txt,D08,0,12.0,0,0,0,0,0
offline_frozen,train,SE15/D08_SE15_R05.txt,D08,0,12.0,0,0,0,0,0
offline_frozen,train,SE15/D09_SE15_R01.txt,D09,0,12.0,0,0,0,0,0
offline_frozen,train,SE15/D09_SE15_R02.txt,D09,0,12.0,0,0,0,0,0
offline_frozen,train,SE15/D09_SE15_R03.txt,D09,0,12.0,0,0,0,0,0
offline_frozen,train,SE15/D09_SE15_R04.txt,D09,0,12.0,0,0,0,0,0
offline_frozen,train,SE15/D09_SE15_R05.txt,D09,0,12.0,0,0,0,0,0
offline_frozen,train,SE15/D10_SE15_R01.txt,D10,0,12.0,0,0,0,0,0
offline_frozen,train,SE15/D10_SE15_R02.txt,D10,0,12.0,0,0,0,0,0
offline_frozen,train,SE15/D10_SE15_R03.txt,D10,0,12.0,0,0,0,0,0
offline_frozen,train,SE15/D10_SE15_R04.txt,D10,0,12.0,0,0,0,0,0
offline_frozen,train,SE15/D10_SE15_R05.txt,D10,0,12.0,0,0,0,0,0
offline_frozen,train,SE15/D11_SE15_R01.txt,D11,0,12.0,0,0,0,0,0
offline_frozen,train,SE15/D11_SE15_R02.txt,D11,0,12.0,0,0,0,0,0
offline_frozen,train,SE15/D11_SE15_R03.txt,D11,0,12.0,0,0,0,0,0
offline_frozen,train,SE15/D11_SE15_R04.txt,D11,0,12.0,0,0,0,0,0
offline_frozen,train,SE15/D11_SE15_R05.txt,D11,0,12.0,0,0,0,0,0
offline_frozen,train,SE15/D12_SE15_R01.txt,D12,0,11.995,0,0,0,0,0
offline_frozen,train,SE15/D12_SE15_R02.txt,D12,0,12.0,0,0,0,0,0
offline_frozen,train,SE15/D12_SE15_R03.txt,D12,0,12.0,0,0,0,0,0
offline_frozen,train,SE15/D12_SE15_R04.txt,D12,0,12.0,0,0,0,0,0
offline_frozen,train,SE15/D12_SE15_R05.txt,D12,0,12.0,0,0,0,0,0
offline_frozen,train,SE15/D14_SE15_R01.txt,D14,0,12.0,0,0,0,0,0
offline_frozen,train,SE15/D14_SE15_R02.txt,D14,0,12.0,0,0,0,0,0
offline_frozen,train,SE15/D14_SE15_R03.txt,D14,0,12.0,0,0,0,0,0
offline_frozen,train,SE15/D14_SE15_R04.txt,D14,0,12.0,0,0,0,0,0
offline_frozen,train,SE15/D14_SE15_R05.txt,D14,0,12.0,0,0,0,0,0
offline_frozen,train,SE15/D15_SE15_R01.txt,D15,0,12.0,0,0,0,0,0
offline_frozen,train,SE15/D15_SE15_R02.txt,D15,0,12.0,0,0,0,0,0
offline_frozen,train,SE15/D15_SE15_R03.txt,D15,0,12.0,0,0,0,0,0
offline_frozen,train,SE15/D15_SE15_R04.txt,D15,0,12.0,0,0,0,0,0
offline_frozen,train,SE15/D15_SE15_R05.txt,D15,0,12.0,0,0,0,0,0
offline_frozen,train,SE15/D16_SE15_R01.txt,D16,0,11.995,0,0,0,0,0
offline_frozen,train,SE15/D16_SE15_R02.txt,D16,0,12.0,0,0,0,0,0
offline_frozen,train,SE15/D16_SE15_R03.txt,D16,0,12.0,0,0,0,0,0
offline_frozen,train,SE15/D16_SE15_R04.txt,D16,0,12.0,0,0,0,0,0
offline_frozen,train,SE15/D16_SE15_R05.txt,D16,0,12.0,0,0,0,0,0
offline_frozen,train,SE15/D17_SE15_R01.txt,D17,0,24.995,0,0,0,0,0
offline_frozen,train,SE15/D17_SE15_R02.txt,D17,0,25.0,0,0,0,0,0
offline_frozen,train,SE15/D17_SE15_R03.txt,D17,0,25.0,0,0,0,0,0
offline_frozen,train,SE15/D17_SE15_R04.txt,D17,0,25.0,0,0,0,0,0
offline_frozen,train,SE15/D17_SE15_R05.txt,D17,0,25.0,0,0,0,0,0
offline_frozen,validation,SA05/D01_SA05_R01.txt,D01,0,99.995,0,0,0,0,0
offline_frozen,validation,SA05/D02_SA05_R01.txt,D02,0,99.995,0,0,0,0,0
offline_frozen,validation,SA05/D03_SA05_R01.txt,D03,0,100.0,0,0,0,0,0
offline_frozen,validation,SA05/D04_SA05_R01.txt,D04,0,100.0,0,1,0,0,0
offline_frozen,validation,SA05/D05_SA05_R01.txt,D05,0,25.0,0,0,0,0,0
offline_frozen,validation,SA05/D05_SA05_R02.txt,D05,0,25.0,0,0,0,0,0
offline_frozen,validation,SA05/D05_SA05_R03.txt,D05,0,25.0,0,0,0,0,0
offline_frozen,validation,SA05/D05_SA05_R04.txt,D05,0,25.0,0,0,0,0,0
offline_frozen,validation,SA05/D05_SA05_R05.txt,D05,0,25.0,0,0,0,0,0
offline_frozen,validation,SA05/D06_SA05_R01.txt,D06,0,24.995,0,0,0,0,0
offline_frozen,validation,SA05/D06_SA05_R02.txt,D06,0,25.0,0,0,0,0,0
offline_frozen,validation,SA05/D06_SA05_R03.txt,D06,0,25.0,0,0,0,0,0
offline_frozen,validation,SA05/D06_SA05_R04.txt,D06,0,25.0,0,0,0,0,0
offline_frozen,validation,SA05/D06_SA05_R05.txt,D06,0,25.0,0,0,0,0,0
offline_frozen,validation,SA05/D07_SA05_R01.txt,D07,0,12.0,0,0,0,0,0
offline_frozen,validation,SA05/D07_SA05_R02.txt,D07,0,12.0,0,0,0,0,0
offline_frozen,validation,SA05/D07_SA05_R03.txt,D07,0,12.0,0,0,0,0,0
offline_frozen,validation,SA05/D07_SA05_R04.txt,D07,0,12.0,0,0,0,0,0
offline_frozen,validation,SA05/D07_SA05_R05.txt,D07,0,12.0,0,0,0,0,0
offline_frozen,validation,SA05/D08_SA05_R01.txt,D08,0,12.0,0,0,0,0,0
offline_frozen,validation,SA05/D08_SA05_R02.txt,D08,0,12.0,0,0,0,0,0
offline_frozen,validation,SA05/D08_SA05_R03.txt,D08,0,12.0,0,0,0,0,0
offline_frozen,validation,SA05/D08_SA05_R04.txt,D08,0,12.0,0,0,0,0,0
offline_frozen,validation,SA05/D08_SA05_R05.txt,D08,0,12.0,0,0,0,0,0
offline_frozen,validation,SA05/D09_SA05_R01.txt,D09,0,12.0,0,0,0,0,0
offline_frozen,validation,SA05/D09_SA05_R02.txt,D09,0,12.0,0,0,0,0,0
offline_frozen,validation,SA05/D09_SA05_R03.txt,D09,0,12.0,0,0,0,0,0
offline_frozen,validation,SA05/D09_SA05_R04.txt,D09,0,12.0,0,0,0,0,0
offline_frozen,validation,SA05/D09_SA05_R05.txt,D09,0,12.0,0,0,0,0,0
offline_frozen,validation,SA05/D10_SA05_R01.txt,D10,0,12.0,0,0,0,0,0
offline_frozen,validation,SA05/D10_SA05_R02.txt,D10,0,12.0,0,0,0,0,0
offline_frozen,validation,SA05/D10_SA05_R03.txt,D10,0,12.0,0,0,0,0,0
offline_frozen,validation,SA05/D10_SA05_R04.txt,D10,0,12.0,0,0,0,0,0
offline_frozen,validation,SA05/D10_SA05_R05.txt,D10,0,12.0,0,0,0,0,0
offline_frozen,validation,SA05/D11_SA05_R01.txt,D11,0,11.995,0,0,0,0,0
offline_frozen,validation,SA05/D11_SA05_R02.txt,D11,0,12.0,0,0,0,0,0
offline_frozen,validation,SA05/D11_SA05_R03.txt,D11,0,12.0,0,0,0,0,0
offline_frozen,validation,SA05/D11_SA05_R04.txt,D11,0,12.0,0,0,0,0,0
offline_frozen,validation,SA05/D11_SA05_R05.txt,D11,0,12.0,0,0,0,0,0
offline_frozen,validation,SA05/D12_SA05_R01.txt,D12,0,12.0,0,0,0,0,0
offline_frozen,validation,SA05/D12_SA05_R02.txt,D12,0,12.0,0,0,0,0,0
offline_frozen,validation,SA05/D12_SA05_R03.txt,D12,0,12.0,0,0,0,0,0
offline_frozen,validation,SA05/D12_SA05_R04.txt,D12,0,12.0,0,0,0,0,0
offline_frozen,validation,SA05/D12_SA05_R05.txt,D12,0,12.0,0,0,0,0,0
offline_frozen,validation,SA05/D13_SA05_R01.txt,D13,0,12.0,0,0,0,0,0
offline_frozen,validation,SA05/D13_SA05_R02.txt,D13,0,12.0,0,0,0,0,0
offline_frozen,validation,SA05/D13_SA05_R03.txt,D13,0,12.0,0,0,0,0,0
offline_frozen,validation,SA05/D13_SA05_R04.txt,D13,0,12.0,0,0,0,0,0
offline_frozen,validation,SA05/D13_SA05_R05.txt,D13,0,12.0,0,0,0,0,0
offline_frozen,validation,SA05/D14_SA05_R01.txt,D14,0,12.0,0,0,0,0,0
offline_frozen,validation,SA05/D14_SA05_R02.txt,D14,0,12.0,0,0,0,0,0
offline_frozen,validation,SA05/D14_SA05_R03.txt,D14,0,12.0,0,0,0,0,0
offline_frozen,validation,SA05/D14_SA05_R04.txt,D14,0,12.0,0,0,0,0,0
offline_frozen,validation,SA05/D14_SA05_R05.txt,D14,0,12.0,0,0,0,0,0
offline_frozen,validation,SA05/D15_SA05_R01.txt,D15,0,12.0,0,0,0,0,0
offline_frozen,validation,SA05/D15_SA05_R02.txt,D15,0,12.0,0,0,0,0,0
offline_frozen,validation,SA05/D15_SA05_R03.txt,D15,0,12.0,0,0,0,0,0
offline_frozen,validation,SA05/D15_SA05_R04.txt,D15,0,12.0,0,0,0,0,0
offline_frozen,validation,SA05/D15_SA05_R05.txt,D15,0,12.0,0,0,0,0,0
offline_frozen,validation,SA05/D16_SA05_R01.txt,D16,0,11.995,0,0,0,0,0
offline_frozen,validation,SA05/D16_SA05_R02.txt,D16,0,12.0,0,0,0,0,0
offline_frozen,validation,SA05/D16_SA05_R03.txt,D16,0,12.0,0,0,0,0,0
offline_frozen,validation,SA05/D16_SA05_R04.txt,D16,0,12.0,0,0,0,0,0
offline_frozen,validation,SA05/D16_SA05_R05.txt,D16,0,12.0,0,0,0,0,0
offline_frozen,validation,SA05/D17_SA05_R01.txt,D17,0,24.995,0,0,0,0,0
offline_frozen,validation,SA05/D17_SA05_R02.txt,D17,0,25.0,0,0,0,0,0
offline_frozen,validation,SA05/D17_SA05_R03.txt,D17,0,25.0,0,0,0,0,0
offline_frozen,validation,SA05/D17_SA05_R04.txt,D17,0,25.0,0,0,0,0,0
offline_frozen,validation,SA05/D17_SA05_R05.txt,D17,0,25.0,0,0,0,0,0
offline_frozen,validation,SA05/D18_SA05_R01.txt,D18,0,12.0,0,0,0,0,0
offline_frozen,validation,SA05/D18_SA05_R02.txt,D18,0,12.0,0,0,0,0,0
offline_frozen,validation,SA05/D18_SA05_R03.txt,D18,0,12.0,0,0,0,0,0
offline_frozen,validation,SA05/D18_SA05_R04.txt,D18,0,12.0,0,0,0,0,0
offline_frozen,validation,SA05/D18_SA05_R05.txt,D18,0,12.0,0,0,0,0,0
offline_frozen,validation,SA05/D19_SA05_R01.txt,D19,0,12.0,0,0,0,0,0
offline_frozen,validation,SA05/D19_SA05_R02.txt,D19,0,12.0,0,0,0,0,0
offline_frozen,validation,SA05/D19_SA05_R03.txt,D19,0,12.0,0,0,0,0,0
offline_frozen,validation,SA05/D19_SA05_R04.txt,D19,0,12.0,0,0,0,0,0
offline_frozen,validation,SA05/D19_SA05_R05.txt,D19,0,12.0,0,0,0,0,0
offline_frozen,validation,SA05/F01_SA05_R01.txt,F01,1,14.995,0,0,0,1,0
offline_frozen,validation,SA05/F01_SA05_R02.txt,F01,1,15.0,1,0,0,0,1
offline_frozen,validation,SA05/F01_SA05_R03.txt,F01,1,15.0,1,1,1,0,0
offline_frozen,validation,SA05/F01_SA05_R04.txt,F01,1,15.0,1,0,0,0,1
offline_frozen,validation,SA05/F01_SA05_R05.txt,F01,1,15.0,1,0,0,0,1
offline_frozen,validation,SA05/F02_SA05_R01.txt,F02,1,15.0,1,1,1,0,0
offline_frozen,validation,SA05/F02_SA05_R02.txt,F02,1,15.0,1,1,1,0,0
offline_frozen,validation,SA05/F02_SA05_R03.txt,F02,1,15.0,1,1,1,0,0
offline_frozen,validation,SA05/F02_SA05_R04.txt,F02,1,15.0,1,0,0,0,1
offline_frozen,validation,SA05/F02_SA05_R05.txt,F02,1,15.0,1,1,1,0,0
offline_frozen,validation,SA05/F03_SA05_R01.txt,F03,1,15.0,1,1,1,0,0
offline_frozen,validation,SA05/F03_SA05_R02.txt,F03,1,15.0,1,1,1,0,0
offline_frozen,validation,SA05/F03_SA05_R03.txt,F03,1,15.0,1,1,1,0,0
offline_frozen,validation,SA05/F03_SA05_R04.txt,F03,1,15.0,1,1,1,0,0
offline_frozen,validation,SA05/F03_SA05_R05.txt,F03,1,15.0,1,1,1,0,0
offline_frozen,validation,SA05/F04_SA05_R01.txt,F04,1,15.0,1,1,1,0,0
offline_frozen,validation,SA05/F04_SA05_R02.txt,F04,1,15.0,1,1,1,0,0
offline_frozen,validation,SA05/F04_SA05_R03.txt,F04,1,15.0,1,1,1,0,0
offline_frozen,validation,SA05/F04_SA05_R04.txt,F04,1,15.0,1,0,0,0,1
offline_frozen,validation,SA05/F04_SA05_R05.txt,F04,1,15.0,0,1,0,1,0
offline_frozen,validation,SA05/F05_SA05_R01.txt,F05,1,15.0,1,1,1,0,0
offline_frozen,validation,SA05/F05_SA05_R02.txt,F05,1,15.0,1,1,1,0,0
offline_frozen,validation,SA05/F05_SA05_R03.txt,F05,1,15.0,1,1,1,0,0
offline_frozen,validation,SA05/F05_SA05_R04.txt,F05,1,15.0,1,0,0,0,1
offline_frozen,validation,SA05/F05_SA05_R05.txt,F05,1,15.0,1,1,1,0,0
offline_frozen,validation,SA05/F06_SA05_R01.txt,F06,1,14.995,0,0,0,1,0
offline_frozen,validation,SA05/F06_SA05_R02.txt,F06,1,15.0,1,1,1,0,0
offline_frozen,validation,SA05/F06_SA05_R03.txt,F06,1,15.0,1,0,0,0,1
offline_frozen,validation,SA05/F06_SA05_R04.txt,F06,1,15.0,1,1,1,0,0
offline_frozen,validation,SA05/F06_SA05_R05.txt,F06,1,15.0,1,0,0,0,1
offline_frozen,validation,SA05/F07_SA05_R01.txt,F07,1,15.0,1,1,1,0,0
offline_frozen,validation,SA05/F07_SA05_R02.txt,F07,1,15.0,1,1,1,0,0
offline_frozen,validation,SA05/F07_SA05_R03.txt,F07,1,15.0,1,1,1,0,0
offline_frozen,validation,SA05/F07_SA05_R04.txt,F07,1,15.0,1,1,1,0,0
offline_frozen,validation,SA05/F07_SA05_R05.txt,F07,1,15.0,1,1,1,0,0
offline_frozen,validation,SA05/F08_SA05_R01.txt,F08,1,15.0,1,1,1,0,0
offline_frozen,validation,SA05/F08_SA05_R02.txt,F08,1,15.0,1,1,1,0,0
offline_frozen,validation,SA05/F08_SA05_R03.txt,F08,1,15.0,1,1,1,0,0
offline_frozen,validation,SA05/F08_SA05_R04.txt,F08,1,15.0,1,0,0,0,1
offline_frozen,validation,SA05/F08_SA05_R05.txt,F08,1,15.0,1,0,0,0,1
offline_frozen,validation,SA05/F09_SA05_R01.txt,F09,1,15.0,1,1,1,0,0
offline_frozen,validation,SA05/F09_SA05_R02.txt,F09,1,15.0,1,1,1,0,0
offline_frozen,validation,SA05/F09_SA05_R03.txt,F09,1,15.0,1,1,1,0,0
offline_frozen,validation,SA05/F09_SA05_R04.txt,F09,1,15.0,1,1,1,0,0
offline_frozen,validation,SA05/F09_SA05_R05.txt,F09,1,15.0,1,1,1,0,0
offline_frozen,validation,SA05/F10_SA05_R01.txt,F10,1,15.0,1,1,1,0,0
offline_frozen,validation,SA05/F10_SA05_R02.txt,F10,1,15.0,1,1,1,0,0
offline_frozen,validation,SA05/F10_SA05_R03.txt,F10,1,15.0,1,1,1,0,0
offline_frozen,validation,SA05/F10_SA05_R04.txt,F10,1,15.0,1,1,1,0,0
offline_frozen,validation,SA05/F10_SA05_R05.txt,F10,1,15.0,1,1,1,0,0
offline_frozen,validation,SA05/F11_SA05_R01.txt,F11,1,15.0,1,1,1,0,0
offline_frozen,validation,SA05/F11_SA05_R02.txt,F11,1,15.0,1,1,1,0,0
offline_frozen,validation,SA05/F11_SA05_R03.txt,F11,1,15.0,1,1,1,0,0
offline_frozen,validation,SA05/F11_SA05_R04.txt,F11,1,15.0,0,0,0,1,0
offline_frozen,validation,SA05/F11_SA05_R05.txt,F11,1,15.0,1,1,1,0,0
offline_frozen,validation,SA05/F12_SA05_R01.txt,F12,1,15.0,1,1,1,0,0
offline_frozen,validation,SA05/F12_SA05_R02.txt,F12,1,15.0,1,1,1,0,0
offline_frozen,validation,SA05/F12_SA05_R03.txt,F12,1,15.0,1,1,1,0,0
offline_frozen,validation,SA05/F12_SA05_R04.txt,F12,1,15.0,1,1,1,0,0
offline_frozen,validation,SA05/F12_SA05_R05.txt,F12,1,15.0,1,1,1,0,0
offline_frozen,validation,SA05/F13_SA05_R01.txt,F13,1,15.0,1,0,0,0,1
offline_frozen,validation,SA05/F13_SA05_R02.txt,F13,1,15.0,1,1,1,0,0
offline_frozen,validation,SA05/F13_SA05_R03.txt,F13,1,15.0,1,1,1,0,0
offline_frozen,validation,SA05/F13_SA05_R04.txt,F13,1,14.995,1,0,0,0,1
offline_frozen,validation,SA05/F13_SA05_R05.txt,F13,1,14.995,1,0,0,0,1
offline_frozen,validation,SA05/F14_SA05_R01.txt,F14,1,15.0,1,0,0,0,1
offline_frozen,validation,SA05/F14_SA05_R02.txt,F14,1,15.0,1,1,1,0,0
offline_frozen,validation,SA05/F14_SA05_R03.txt,F14,1,15.0,1,1,1,0,0
offline_frozen,validation,SA05/F14_SA05_R04.txt,F14,1,15.0,1,1,1,0,0
offline_frozen,validation,SA05/F14_SA05_R05.txt,F14,1,15.0,1,1,1,0,0
offline_frozen,validation,SA05/F15_SA05_R01.txt,F15,1,15.0,1,0,0,0,1
offline_frozen,validation,SA05/F15_SA05_R02.txt,F15,1,15.0,1,1,1,0,0
offline_frozen,validation,SA05/F15_SA05_R03.txt,F15,1,15.0,1,0,0,0,1
offline_frozen,validation,SA05/F15_SA05_R04.txt,F15,1,15.0,1,0,0,0,1
offline_frozen,validation,SA05/F15_SA05_R05.txt,F15,1,15.0,1,0,0,0,1
offline_frozen,validation,SA08/D01_SA08_R01.txt,D01,0,99.995,0,0,0,0,0
offline_frozen,validation,SA08/D02_SA08_R01.txt,D02,0,99.995,0,0,0,0,0
offline_frozen,validation,SA08/D03_SA08_R01.txt,D03,0,100.0,0,0,0,0,0
offline_frozen,validation,SA08/D04_SA08_R01.txt,D04,0,100.0,0,0,0,0,0
offline_frozen,validation,SA08/D05_SA08_R01.txt,D05,0,25.0,0,0,0,0,0
offline_frozen,validation,SA08/D05_SA08_R02.txt,D05,0,25.0,0,0,0,0,0
offline_frozen,validation,SA08/D05_SA08_R03.txt,D05,0,25.0,0,0,0,0,0
offline_frozen,validation,SA08/D05_SA08_R04.txt,D05,0,25.0,0,0,0,0,0
offline_frozen,validation,SA08/D05_SA08_R05.txt,D05,0,25.0,0,0,0,0,0
offline_frozen,validation,SA08/D06_SA08_R01.txt,D06,0,24.995,0,1,0,0,0
offline_frozen,validation,SA08/D06_SA08_R02.txt,D06,0,25.0,0,1,0,0,0
offline_frozen,validation,SA08/D06_SA08_R03.txt,D06,0,25.0,0,1,0,0,0
offline_frozen,validation,SA08/D06_SA08_R04.txt,D06,0,25.0,0,2,0,0,0
offline_frozen,validation,SA08/D06_SA08_R05.txt,D06,0,25.0,0,1,0,0,0
offline_frozen,validation,SA08/D07_SA08_R01.txt,D07,0,12.0,0,0,0,0,0
offline_frozen,validation,SA08/D07_SA08_R02.txt,D07,0,12.0,0,0,0,0,0
offline_frozen,validation,SA08/D07_SA08_R03.txt,D07,0,12.0,0,0,0,0,0
offline_frozen,validation,SA08/D07_SA08_R04.txt,D07,0,12.0,0,0,0,0,0
offline_frozen,validation,SA08/D07_SA08_R05.txt,D07,0,12.0,0,0,0,0,0
offline_frozen,validation,SA08/D08_SA08_R01.txt,D08,0,12.0,0,0,0,0,0
offline_frozen,validation,SA08/D08_SA08_R02.txt,D08,0,12.0,0,0,0,0,0
offline_frozen,validation,SA08/D08_SA08_R03.txt,D08,0,12.0,0,0,0,0,0
offline_frozen,validation,SA08/D08_SA08_R04.txt,D08,0,12.0,0,0,0,0,0
offline_frozen,validation,SA08/D08_SA08_R05.txt,D08,0,12.0,0,0,0,0,0
offline_frozen,validation,SA08/D09_SA08_R01.txt,D09,0,12.0,0,0,0,0,0
offline_frozen,validation,SA08/D09_SA08_R02.txt,D09,0,12.0,0,0,0,0,0
offline_frozen,validation,SA08/D09_SA08_R03.txt,D09,0,12.0,0,0,0,0,0
offline_frozen,validation,SA08/D09_SA08_R04.txt,D09,0,11.995,0,0,0,0,0
offline_frozen,validation,SA08/D09_SA08_R05.txt,D09,0,12.0,0,0,0,0,0
offline_frozen,validation,SA08/D10_SA08_R01.txt,D10,0,12.0,0,0,0,0,0
offline_frozen,validation,SA08/D10_SA08_R02.txt,D10,0,12.0,0,0,0,0,0
offline_frozen,validation,SA08/D10_SA08_R03.txt,D10,0,12.0,0,0,0,0,0
offline_frozen,validation,SA08/D10_SA08_R04.txt,D10,0,12.0,0,0,0,0,0
offline_frozen,validation,SA08/D10_SA08_R05.txt,D10,0,12.0,0,0,0,0,0
offline_frozen,validation,SA08/D11_SA08_R01.txt,D11,0,11.995,0,0,0,0,0
offline_frozen,validation,SA08/D11_SA08_R02.txt,D11,0,12.0,0,0,0,0,0
offline_frozen,validation,SA08/D11_SA08_R03.txt,D11,0,12.0,0,0,0,0,0
offline_frozen,validation,SA08/D11_SA08_R04.txt,D11,0,12.0,0,0,0,0,0
offline_frozen,validation,SA08/D11_SA08_R05.txt,D11,0,12.0,0,0,0,0,0
offline_frozen,validation,SA08/D12_SA08_R01.txt,D12,0,12.0,0,0,0,0,0
offline_frozen,validation,SA08/D12_SA08_R02.txt,D12,0,12.0,0,0,0,0,0
offline_frozen,validation,SA08/D12_SA08_R03.txt,D12,0,12.0,0,0,0,0,0
offline_frozen,validation,SA08/D12_SA08_R04.txt,D12,0,12.0,0,0,0,0,0
offline_frozen,validation,SA08/D12_SA08_R05.txt,D12,0,12.0,0,0,0,0,0
offline_frozen,validation,SA08/D13_SA08_R01.txt,D13,0,12.0,0,0,0,0,0
offline_frozen,validation,SA08/D13_SA08_R02.txt,D13,0,12.0,0,0,0,0,0
offline_frozen,validation,SA08/D13_SA08_R03.txt,D13,0,12.0,0,0,0,0,0
offline_frozen,validation,SA08/D13_SA08_R04.txt,D13,0,12.0,0,0,0,0,0
offline_frozen,validation,SA08/D13_SA08_R05.txt,D13,0,12.0,0,0,0,0,0
offline_frozen,validation,SA08/D14_SA08_R01.txt,D14,0,12.0,0,0,0,0,0
offline_frozen,validation,SA08/D14_SA08_R02.txt,D14,0,12.0,0,0,0,0,0
offline_frozen,validation,SA08/D14_SA08_R03.txt,D14,0,12.0,0,0,0,0,0
offline_frozen,validation,SA08/D14_SA08_R04.txt,D14,0,12.0,0,0,0,0,0
offline_frozen,validation,SA08/D14_SA08_R05.txt,D14,0,12.0,0,0,0,0,0
offline_frozen,validation,SA08/D15_SA08_R01.txt,D15,0,12.0,0,0,0,0,0
offline_frozen,validation,SA08/D15_SA08_R02.txt,D15,0,12.0,0,0,0,0,0
offline_frozen,validation,SA08/D15_SA08_R03.txt,D15,0,12.0,0,0,0,0,0
offline_frozen,validation,SA08/D15_SA08_R04.txt,D15,0,12.0,0,0,0,0,0
offline_frozen,validation,SA08/D15_SA08_R05.txt,D15,0,12.0,0,0,0,0,0
offline_frozen,validation,SA08/D16_SA08_R01.txt,D16,0,11.995,0,0,0,0,0
offline_frozen,validation,SA08/D16_SA08_R02.txt,D16,0,12.0,0,0,0,0,0
offline_frozen,validation,SA08/D16_SA08_R03.txt,D16,0,12.0,0,0,0,0,0
offline_frozen,validation,SA08/D16_SA08_R04.txt,D16,0,12.0,0,0,0,0,0
offline_frozen,validation,SA08/D16_SA08_R05.txt,D16,0,12.0,0,0,0,0,0
offline_frozen,validation,SA08/D17_SA08_R01.txt,D17,0,25.0,0,0,0,0,0
offline_frozen,validation,SA08/D17_SA08_R02.txt,D17,0,25.0,0,0,0,0,0
offline_frozen,validation,SA08/D17_SA08_R03.txt,D17,0,25.0,0,0,0,0,0
offline_frozen,validation,SA08/D17_SA08_R04.txt,D17,0,25.0,0,0,0,0,0
offline_frozen,validation,SA08/D17_SA08_R05.txt,D17,0,24.995,0,0,0,0,0
offline_frozen,validation,SA08/D18_SA08_R01.txt,D18,0,12.0,0,0,0,0,0
offline_frozen,validation,SA08/D18_SA08_R02.txt,D18,0,12.0,0,0,0,0,0
offline_frozen,validation,SA08/D18_SA08_R03.txt,D18,0,12.0,0,0,0,0,0
offline_frozen,validation,SA08/D18_SA08_R04.txt,D18,0,12.0,0,0,0,0,0
offline_frozen,validation,SA08/D18_SA08_R05.txt,D18,0,12.0,0,0,0,0,0
offline_frozen,validation,SA08/D19_SA08_R01.txt,D19,0,12.0,0,1,0,0,0
offline_frozen,validation,SA08/D19_SA08_R02.txt,D19,0,12.0,0,2,0,0,0
offline_frozen,validation,SA08/D19_SA08_R03.txt,D19,0,12.0,0,2,0,0,0
offline_frozen,validation,SA08/D19_SA08_R04.txt,D19,0,12.0,0,2,0,0,0
offline_frozen,validation,SA08/D19_SA08_R05.txt,D19,0,12.0,0,2,0,0,0
offline_frozen,validation,SA08/F01_SA08_R01.txt,F01,1,14.995,1,1,1,0,0
offline_frozen,validation,SA08/F01_SA08_R02.txt,F01,1,15.0,1,1,1,0,0
offline_frozen,validation,SA08/F01_SA08_R03.txt,F01,1,15.0,1,1,1,0,0
offline_frozen,validation,SA08/F01_SA08_R04.txt,F01,1,15.0,1,0,0,0,1
offline_frozen,validation,SA08/F01_SA08_R05.txt,F01,1,15.0,1,0,0,0,1
offline_frozen,validation,SA08/F02_SA08_R01.txt,F02,1,15.0,1,1,1,0,0
offline_frozen,validation,SA08/F02_SA08_R02.txt,F02,1,15.0,1,1,1,0,0
offline_frozen,validation,SA08/F02_SA08_R03.txt,F02,1,15.0,1,0,0,0,1
offline_frozen,validation,SA08/F02_SA08_R04.txt,F02,1,15.0,1,1,1,0,0
offline_frozen,validation,SA08/F02_SA08_R05.txt,F02,1,15.0,1,1,1,0,0
offline_frozen,validation,SA08/F03_SA08_R01.txt,F03,1,15.0,1,1,1,0,0
offline_frozen,validation,SA08/F03_SA08_R02.txt,F03,1,15.0,1,1,1,0,0
offline_frozen,validation,SA08/F03_SA08_R03.txt,F03,1,15.0,1,1,1,0,0
offline_frozen,validation,SA08/F03_SA08_R04.txt,F03,1,15.0,1,1,1,0,0
offline_frozen,validation,SA08/F03_SA08_R05.txt,F03,1,15.0,1,1,1,0,0
offline_frozen,validation,SA08/F04_SA08_R01.txt,F04,1,15.0,1,1,1,0,0
offline_frozen,validation,SA08/F04_SA08_R02.txt,F04,1,15.0,1,1,1,0,0
offline_frozen,validation,SA08/F04_SA08_R03.txt,F04,1,15.0,1,1,1,0,0
offline_frozen,validation,SA08/F04_SA08_R04.txt,F04,1,15.0,1,1,1,0,0
offline_frozen,validation,SA08/F04_SA08_R05.txt,F04,1,15.0,1,1,1,0,0
offline_frozen,validation,SA08/F05_SA08_R01.txt,F05,1,15.0,1,1,1,0,0
offline_frozen,validation,SA08/F05_SA08_R02.txt,F05,1,15.0,1,1,1,0,0
offline_frozen,validation,SA08/F05_SA08_R03.txt,F05,1,15.0,1,0,0,0,1
offline_frozen,validation,SA08/F05_SA08_R04.txt,F05,1,15.0,1,1,1,0,0
offline_frozen,validation,SA08/F05_SA08_R05.txt,F05,1,15.0,1,1,1,0,0
offline_frozen,validation,SA08/F06_SA08_R01.txt,F06,1,14.995,1,1,1,0,0
offline_frozen,validation,SA08/F06_SA08_R02.txt,F06,1,15.0,1,1,1,0,0
offline_frozen,validation,SA08/F06_SA08_R03.txt,F06,1,15.0,1,1,1,0,0
offline_frozen,validation,SA08/F06_SA08_R04.txt,F06,1,15.0,1,1,1,0,0
offline_frozen,validation,SA08/F06_SA08_R05.txt,F06,1,15.0,1,1,1,0,0
offline_frozen,validation,SA08/F07_SA08_R01.txt,F07,1,15.0,1,1,1,0,0
offline_frozen,validation,SA08/F07_SA08_R02.txt,F07,1,15.0,1,1,1,0,0
offline_frozen,validation,SA08/F07_SA08_R03.txt,F07,1,15.0,1,0,0,0,1
offline_frozen,validation,SA08/F07_SA08_R04.txt,F07,1,15.0,1,1,1,0,0
offline_frozen,validation,SA08/F07_SA08_R05.txt,F07,1,15.0,1,1,1,0,0
offline_frozen,validation,SA08/F08_SA08_R01.txt,F08,1,15.0,1,1,1,0,0
offline_frozen,validation,SA08/F08_SA08_R02.txt,F08,1,15.0,1,1,1,0,0
offline_frozen,validation,SA08/F08_SA08_R03.txt,F08,1,15.0,1,1,1,0,0
offline_frozen,validation,SA08/F08_SA08_R04.txt,F08,1,15.0,1,1,1,0,0
offline_frozen,validation,SA08/F08_SA08_R05.txt,F08,1,15.0,1,1,1,0,0
offline_frozen,validation,SA08/F09_SA08_R01.txt,F09,1,15.0,1,1,1,0,0
offline_frozen,validation,SA08/F09_SA08_R02.txt,F09,1,15.0,1,0,0,0,1
offline_frozen,validation,SA08/F09_SA08_R03.txt,F09,1,15.0,1,1,1,0,0
offline_frozen,validation,SA08/F09_SA08_R04.txt,F09,1,15.0,1,1,1,0,0
offline_frozen,validation,SA08/F09_SA08_R05.txt,F09,1,15.0,1,1,1,0,0
offline_frozen,validation,SA08/F10_SA08_R01.txt,F10,1,15.0,1,1,1,0,0
offline_frozen,validation,SA08/F10_SA08_R02.txt,F10,1,15.0,1,1,1,0,0
offline_frozen,validation,SA08/F10_SA08_R03.txt,F10,1,15.0,1,1,1,0,0
offline_frozen,validation,SA08/F10_SA08_R04.txt,F10,1,15.0,1,1,1,0,0
offline_frozen,validation,SA08/F10_SA08_R05.txt,F10,1,15.0,1,1,1,0,0
offline_frozen,validation,SA08/F11_SA08_R01.txt,F11,1,14.995,1,1,1,0,0
offline_frozen,validation,SA08/F11_SA08_R02.txt,F11,1,15.0,1,1,1,0,0
offline_frozen,validation,SA08/F11_SA08_R03.txt,F11,1,15.0,1,1,1,0,0
offline_frozen,validation,SA08/F11_SA08_R04.txt,F11,1,15.0,1,1,1,0,0
offline_frozen,validation,SA08/F11_SA08_R05.txt,F11,1,15.0,1,1,1,0,0
offline_frozen,validation,SA08/F12_SA08_R01.txt,F12,1,15.0,1,1,1,0,0
offline_frozen,validation,SA08/F12_SA08_R02.txt,F12,1,15.0,1,1,1,0,0
offline_frozen,validation,SA08/F12_SA08_R03.txt,F12,1,15.0,1,1,1,0,0
offline_frozen,validation,SA08/F12_SA08_R04.txt,F12,1,15.0,1,1,1,0,0
offline_frozen,validation,SA08/F12_SA08_R05.txt,F12,1,15.0,1,1,1,0,0
offline_frozen,validation,SA08/F13_SA08_R01.txt,F13,1,15.0,1,0,0,0,1
offline_frozen,validation,SA08/F13_SA08_R02.txt,F13,1,15.0,1,1,1,0,0
offline_frozen,validation,SA08/F13_SA08_R03.txt,F13,1,15.0,1,1,1,0,0
offline_frozen,validation,SA08/F13_SA08_R04.txt,F13,1,15.0,1,1,1,0,0
offline_frozen,validation,SA08/F13_SA08_R05.txt,F13,1,15.0,1,0,0,0,1
offline_frozen,validation,SA08/F14_SA08_R01.txt,F14,1,15.0,1,1,1,0,0
offline_frozen,validation,SA08/F14_SA08_R02.txt,F14,1,15.0,1,1,1,0,0
offline_frozen,validation,SA08/F14_SA08_R03.txt,F14,1,15.0,1,0,0,0,1
offline_frozen,validation,SA08/F14_SA08_R04.txt,F14,1,15.0,1,1,1,0,0
offline_frozen,validation,SA08/F14_SA08_R05.txt,F14,1,15.0,1,1,1,0,0
offline_frozen,validation,SA08/F15_SA08_R01.txt,F15,1,15.0,1,1,1,0,0
offline_frozen,validation,SA08/F15_SA08_R02.txt,F15,1,15.0,1,1,1,0,0
offline_frozen,validation,SA08/F15_SA08_R03.txt,F15,1,15.0,1,1,1,0,0
offline_frozen,validation,SA08/F15_SA08_R04.txt,F15,1,15.0,1,1,1,0,0
offline_frozen,validation,SA08/F15_SA08_R05.txt,F15,1,15.0,1,1,1,0,0
offline_frozen,validation,SA09/D01_SA09_R01.txt,D01,0,99.995,0,0,0,0,0
offline_frozen,validation,SA09/D02_SA09_R01.txt,D02,0,99.995,0,0,0,0,0
offline_frozen,validation,SA09/D03_SA09_R01.txt,D03,0,100.0,0,0,0,0,0
offline_frozen,validation,SA09/D04_SA09_R01.txt,D04,0,100.0,0,0,0,0,0
offline_frozen,validation,SA09/D05_SA09_R01.txt,D05,0,25.0,0,0,0,0,0
offline_frozen,validation,SA09/D05_SA09_R02.txt,D05,0,25.0,0,0,0,0,0
offline_frozen,validation,SA09/D05_SA09_R03.txt,D05,0,25.0,0,0,0,0,0
offline_frozen,validation,SA09/D05_SA09_R04.txt,D05,0,25.0,0,0,0,0,0
offline_frozen,validation,SA09/D05_SA09_R05.txt,D05,0,25.0,0,0,0,0,0
offline_frozen,validation,SA09/D06_SA09_R01.txt,D06,0,24.995,0,0,0,0,0
offline_frozen,validation,SA09/D06_SA09_R02.txt,D06,0,25.0,0,0,0,0,0
offline_frozen,validation,SA09/D06_SA09_R03.txt,D06,0,25.0,0,0,0,0,0
offline_frozen,validation,SA09/D06_SA09_R04.txt,D06,0,24.995,0,0,0,0,0
offline_frozen,validation,SA09/D06_SA09_R05.txt,D06,0,25.0,0,1,0,0,0
offline_frozen,validation,SA09/D07_SA09_R01.txt,D07,0,12.0,0,0,0,0,0
offline_frozen,validation,SA09/D07_SA09_R02.txt,D07,0,12.0,0,0,0,0,0
offline_frozen,validation,SA09/D07_SA09_R03.txt,D07,0,12.0,0,0,0,0,0
offline_frozen,validation,SA09/D07_SA09_R04.txt,D07,0,12.0,0,0,0,0,0
offline_frozen,validation,SA09/D07_SA09_R05.txt,D07,0,12.0,0,0,0,0,0
offline_frozen,validation,SA09/D08_SA09_R01.txt,D08,0,12.0,0,0,0,0,0
offline_frozen,validation,SA09/D08_SA09_R02.txt,D08,0,12.0,0,0,0,0,0
offline_frozen,validation,SA09/D08_SA09_R03.txt,D08,0,12.0,0,0,0,0,0
offline_frozen,validation,SA09/D08_SA09_R04.txt,D08,0,12.0,0,0,0,0,0
offline_frozen,validation,SA09/D08_SA09_R05.txt,D08,0,12.0,0,0,0,0,0
offline_frozen,validation,SA09/D09_SA09_R01.txt,D09,0,12.0,0,0,0,0,0
offline_frozen,validation,SA09/D09_SA09_R02.txt,D09,0,12.0,0,0,0,0,0
offline_frozen,validation,SA09/D09_SA09_R03.txt,D09,0,12.0,0,0,0,0,0
offline_frozen,validation,SA09/D09_SA09_R04.txt,D09,0,12.0,0,0,0,0,0
offline_frozen,validation,SA09/D09_SA09_R05.txt,D09,0,12.0,0,0,0,0,0
offline_frozen,validation,SA09/D10_SA09_R01.txt,D10,0,12.0,0,0,0,0,0
offline_frozen,validation,SA09/D10_SA09_R02.txt,D10,0,12.0,0,0,0,0,0
offline_frozen,validation,SA09/D10_SA09_R03.txt,D10,0,12.0,0,0,0,0,0
offline_frozen,validation,SA09/D10_SA09_R04.txt,D10,0,12.0,0,0,0,0,0
offline_frozen,validation,SA09/D10_SA09_R05.txt,D10,0,12.0,0,0,0,0,0
offline_frozen,validation,SA09/D11_SA09_R01.txt,D11,0,11.995,0,0,0,0,0
offline_frozen,validation,SA09/D11_SA09_R02.txt,D11,0,12.0,0,0,0,0,0
offline_frozen,validation,SA09/D11_SA09_R03.txt,D11,0,12.0,0,0,0,0,0
offline_frozen,validation,SA09/D11_SA09_R04.txt,D11,0,12.0,0,0,0,0,0
offline_frozen,validation,SA09/D11_SA09_R05.txt,D11,0,12.0,0,0,0,0,0
offline_frozen,validation,SA09/D12_SA09_R01.txt,D12,0,12.0,0,0,0,0,0
offline_frozen,validation,SA09/D12_SA09_R02.txt,D12,0,12.0,0,0,0,0,0
offline_frozen,validation,SA09/D12_SA09_R03.txt,D12,0,12.0,0,0,0,0,0
offline_frozen,validation,SA09/D12_SA09_R04.txt,D12,0,12.0,0,0,0,0,0
offline_frozen,validation,SA09/D12_SA09_R05.txt,D12,0,12.0,0,0,0,0,0
offline_frozen,validation,SA09/D13_SA09_R01.txt,D13,0,12.0,0,0,0,0,0
offline_frozen,validation,SA09/D13_SA09_R02.txt,D13,0,12.0,0,0,0,0,0
offline_frozen,validation,SA09/D13_SA09_R03.txt,D13,0,12.0,0,0,0,0,0
offline_frozen,validation,SA09/D13_SA09_R04.txt,D13,0,12.0,0,0,0,0,0
offline_frozen,validation,SA09/D13_SA09_R05.txt,D13,0,11.995,0,0,0,0,0
offline_frozen,validation,SA09/D14_SA09_R01.txt,D14,0,12.0,0,0,0,0,0
offline_frozen,validation,SA09/D14_SA09_R02.txt,D14,0,12.0,0,0,0,0,0
offline_frozen,validation,SA09/D14_SA09_R03.txt,D14,0,12.0,0,0,0,0,0
offline_frozen,validation,SA09/D14_SA09_R04.txt,D14,0,12.0,0,0,0,0,0
offline_frozen,validation,SA09/D14_SA09_R05.txt,D14,0,12.0,0,0,0,0,0
offline_frozen,validation,SA09/D15_SA09_R01.txt,D15,0,12.0,0,0,0,0,0
offline_frozen,validation,SA09/D15_SA09_R02.txt,D15,0,12.0,0,0,0,0,0
offline_frozen,validation,SA09/D15_SA09_R03.txt,D15,0,12.0,0,0,0,0,0
offline_frozen,validation,SA09/D15_SA09_R04.txt,D15,0,12.0,0,0,0,0,0
offline_frozen,validation,SA09/D15_SA09_R05.txt,D15,0,12.0,0,0,0,0,0
offline_frozen,validation,SA09/D16_SA09_R01.txt,D16,0,11.995,0,0,0,0,0
offline_frozen,validation,SA09/D16_SA09_R02.txt,D16,0,12.0,0,0,0,0,0
offline_frozen,validation,SA09/D16_SA09_R03.txt,D16,0,11.995,0,0,0,0,0
offline_frozen,validation,SA09/D16_SA09_R04.txt,D16,0,12.0,0,0,0,0,0
offline_frozen,validation,SA09/D16_SA09_R05.txt,D16,0,12.0,0,0,0,0,0
offline_frozen,validation,SA09/D17_SA09_R01.txt,D17,0,24.995,0,0,0,0,0
offline_frozen,validation,SA09/D17_SA09_R02.txt,D17,0,25.0,0,0,0,0,0
offline_frozen,validation,SA09/D17_SA09_R03.txt,D17,0,25.0,0,0,0,0,0
offline_frozen,validation,SA09/D17_SA09_R04.txt,D17,0,25.0,0,0,0,0,0
offline_frozen,validation,SA09/D17_SA09_R05.txt,D17,0,25.0,0,0,0,0,0
offline_frozen,validation,SA09/D18_SA09_R01.txt,D18,0,11.995,0,0,0,0,0
offline_frozen,validation,SA09/D18_SA09_R02.txt,D18,0,12.0,0,0,0,0,0
offline_frozen,validation,SA09/D18_SA09_R03.txt,D18,0,12.0,0,0,0,0,0
offline_frozen,validation,SA09/D18_SA09_R04.txt,D18,0,12.0,0,0,0,0,0
offline_frozen,validation,SA09/D18_SA09_R05.txt,D18,0,12.0,0,0,0,0,0
offline_frozen,validation,SA09/D19_SA09_R01.txt,D19,0,12.0,0,0,0,0,0
offline_frozen,validation,SA09/D19_SA09_R02.txt,D19,0,12.0,0,0,0,0,0
offline_frozen,validation,SA09/D19_SA09_R03.txt,D19,0,12.0,0,0,0,0,0
offline_frozen,validation,SA09/D19_SA09_R04.txt,D19,0,12.0,0,0,0,0,0
offline_frozen,validation,SA09/D19_SA09_R05.txt,D19,0,12.0,0,0,0,0,0
offline_frozen,validation,SA09/F01_SA09_R01.txt,F01,1,15.0,1,1,1,0,0
offline_frozen,validation,SA09/F01_SA09_R02.txt,F01,1,15.0,1,1,1,0,0
offline_frozen,validation,SA09/F01_SA09_R03.txt,F01,1,15.0,1,0,0,0,1
offline_frozen,validation,SA09/F01_SA09_R04.txt,F01,1,15.0,1,1,1,0,0
offline_frozen,validation,SA09/F01_SA09_R05.txt,F01,1,15.0,1,1,1,0,0
offline_frozen,validation,SA09/F02_SA09_R01.txt,F02,1,15.0,1,1,1,0,0
offline_frozen,validation,SA09/F02_SA09_R02.txt,F02,1,15.0,1,1,1,0,0
offline_frozen,validation,SA09/F02_SA09_R03.txt,F02,1,15.0,1,1,1,0,0
offline_frozen,validation,SA09/F02_SA09_R04.txt,F02,1,15.0,1,1,1,0,0
offline_frozen,validation,SA09/F02_SA09_R05.txt,F02,1,14.995,1,1,1,0,0
offline_frozen,validation,SA09/F03_SA09_R01.txt,F03,1,15.0,1,1,1,0,0
offline_frozen,validation,SA09/F03_SA09_R02.txt,F03,1,15.0,1,0,0,0,1
offline_frozen,validation,SA09/F03_SA09_R03.txt,F03,1,15.0,1,1,1,0,0
offline_frozen,validation,SA09/F03_SA09_R04.txt,F03,1,15.0,1,1,1,0,0
offline_frozen,validation,SA09/F03_SA09_R05.txt,F03,1,15.0,1,1,1,0,0
offline_frozen,validation,SA09/F04_SA09_R01.txt,F04,1,15.0,1,1,1,0,0
offline_frozen,validation,SA09/F04_SA09_R02.txt,F04,1,15.0,1,1,1,0,0
offline_frozen,validation,SA09/F04_SA09_R03.txt,F04,1,15.0,1,1,1,0,0
offline_frozen,validation,SA09/F04_SA09_R04.txt,F04,1,15.0,1,1,1,0,0
offline_frozen,validation,SA09/F04_SA09_R05.txt,F04,1,15.0,1,1,1,0,0
offline_frozen,validation,SA09/F05_SA09_R01.txt,F05,1,15.0,1,1,1,0,0
offline_frozen,validation,SA09/F05_SA09_R02.txt,F05,1,15.0,1,1,1,0,0
offline_frozen,validation,SA09/F05_SA09_R03.txt,F05,1,15.0,1,1,1,0,0
offline_frozen,validation,SA09/F05_SA09_R04.txt,F05,1,15.0,1,1,1,0,0
offline_frozen,validation,SA09/F05_SA09_R05.txt,F05,1,15.0,1,1,1,0,0
offline_frozen,validation,SA09/F06_SA09_R01.txt,F06,1,15.0,1,1,1,0,0
offline_frozen,validation,SA09/F06_SA09_R02.txt,F06,1,15.0,1,1,1,0,0
offline_frozen,validation,SA09/F06_SA09_R03.txt,F06,1,15.0,1,1,1,0,0
offline_frozen,validation,SA09/F06_SA09_R04.txt,F06,1,15.0,1,1,1,0,0
offline_frozen,validation,SA09/F06_SA09_R05.txt,F06,1,15.0,1,0,0,0,1
offline_frozen,validation,SA09/F07_SA09_R01.txt,F07,1,14.995,1,0,0,0,1
offline_frozen,validation,SA09/F07_SA09_R02.txt,F07,1,15.0,1,0,0,0,1
offline_frozen,validation,SA09/F07_SA09_R03.txt,F07,1,15.0,1,1,1,0,0
offline_frozen,validation,SA09/F07_SA09_R04.txt,F07,1,15.0,1,1,1,0,0
offline_frozen,validation,SA09/F07_SA09_R05.txt,F07,1,15.0,1,1,1,0,0
offline_frozen,validation,SA09/F08_SA09_R01.txt,F08,1,15.0,1,0,0,0,1
offline_frozen,validation,SA09/F08_SA09_R02.txt,F08,1,15.0,1,1,1,0,0
offline_frozen,validation,SA09/F08_SA09_R03.txt,F08,1,15.0,1,1,1,0,0
offline_frozen,validation,SA09/F08_SA09_R04.txt,F08,1,15.0,1,1,1,0,0
offline_frozen,validation,SA09/F08_SA09_R05.txt,F08,1,15.0,1,0,0,0,1
offline_frozen,validation,SA09/F09_SA09_R01.txt,F09,1,15.0,1,1,1,0,0
offline_frozen,validation,SA09/F09_SA09_R02.txt,F09,1,15.0,1,1,1,0,0
offline_frozen,validation,SA09/F09_SA09_R03.txt,F09,1,15.0,1,1,1,0,0
offline_frozen,validation,SA09/F09_SA09_R04.txt,F09,1,15.0,1,1,1,0,0
offline_frozen,validation,SA09/F09_SA09_R05.txt,F09,1,15.0,1,1,1,0,0
offline_frozen,validation,SA09/F10_SA09_R01.txt,F10,1,15.0,1,1,1,0,0
offline_frozen,validation,SA09/F10_SA09_R02.txt,F10,1,15.0,1,0,0,0,1
offline_frozen,validation,SA09/F10_SA09_R03.txt,F10,1,15.0,1,1,1,0,0
offline_frozen,validation,SA09/F10_SA09_R04.txt,F10,1,15.0,1,0,0,0,1
offline_frozen,validation,SA09/F10_SA09_R05.txt,F10,1,15.0,1,1,1,0,0
offline_frozen,validation,SA09/F11_SA09_R01.txt,F11,1,14.995,1,1,1,0,0
offline_frozen,validation,SA09/F11_SA09_R02.txt,F11,1,15.0,1,1,1,0,0
offline_frozen,validation,SA09/F11_SA09_R03.txt,F11,1,15.0,1,1,1,0,0
offline_frozen,validation,SA09/F11_SA09_R04.txt,F11,1,15.0,1,1,1,0,0
offline_frozen,validation,SA09/F11_SA09_R05.txt,F11,1,15.0,1,1,1,0,0
offline_frozen,validation,SA09/F12_SA09_R01.txt,F12,1,15.0,1,1,1,0,0
offline_frozen,validation,SA09/F12_SA09_R02.txt,F12,1,15.0,1,1,1,0,0
offline_frozen,validation,SA09/F12_SA09_R03.txt,F12,1,15.0,1,1,1,0,0
offline_frozen,validation,SA09/F12_SA09_R04.txt,F12,1,15.0,1,1,1,0,0
offline_frozen,validation,SA09/F12_SA09_R05.txt,F12,1,15.0,1,1,1,0,0
offline_frozen,validation,SA09/F13_SA09_R01.txt,F13,1,15.0,1,1,1,0,0
offline_frozen,validation,SA09/F13_SA09_R02.txt,F13,1,15.0,1,1,1,0,0
offline_frozen,validation,SA09/F13_SA09_R03.txt,F13,1,15.0,1,1,1,0,0
offline_frozen,validation,SA09/F13_SA09_R04.txt,F13,1,15.0,1,0,0,0,1
offline_frozen,validation,SA09/F13_SA09_R05.txt,F13,1,15.0,1,1,1,0,0
offline_frozen,validation,SA09/F14_SA09_R01.txt,F14,1,15.0,1,1,1,0,0
offline_frozen,validation,SA09/F14_SA09_R02.txt,F14,1,15.0,1,1,1,0,0
offline_frozen,validation,SA09/F14_SA09_R03.txt,F14,1,15.0,1,1,1,0,0
offline_frozen,validation,SA09/F14_SA09_R04.txt,F14,1,15.0,1,1,1,0,0
offline_frozen,validation,SA09/F14_SA09_R05.txt,F14,1,15.0,1,1,1,0,0
offline_frozen,validation,SA09/F15_SA09_R01.txt,F15,1,15.0,1,1,1,0,0
offline_frozen,validation,SA09/F15_SA09_R02.txt,F15,1,15.0,1,1,1,0,0
offline_frozen,validation,SA09/F15_SA09_R03.txt,F15,1,15.0,1,1,1,0,0
offline_frozen,validation,SA09/F15_SA09_R04.txt,F15,1,15.0,1,1,1,0,0
offline_frozen,validation,SA09/F15_SA09_R05.txt,F15,1,15.0,1,1,1,0,0
offline_frozen,validation,SA13/D01_SA13_R01.txt,D01,0,99.995,0,0,0,0,0
offline_frozen,validation,SA13/D02_SA13_R01.txt,D02,0,100.0,0,0,0,0,0
offline_frozen,validation,SA13/D03_SA13_R01.txt,D03,0,100.0,0,0,0,0,0
offline_frozen,validation,SA13/D04_SA13_R01.txt,D04,0,100.0,0,0,0,0,0
offline_frozen,validation,SA13/D05_SA13_R01.txt,D05,0,25.0,0,0,0,0,0
offline_frozen,validation,SA13/D05_SA13_R02.txt,D05,0,25.0,0,0,0,0,0
offline_frozen,validation,SA13/D05_SA13_R03.txt,D05,0,25.0,0,0,0,0,0
offline_frozen,validation,SA13/D05_SA13_R04.txt,D05,0,25.0,0,0,0,0,0
offline_frozen,validation,SA13/D05_SA13_R05.txt,D05,0,25.0,0,0,0,0,0
offline_frozen,validation,SA13/D06_SA13_R01.txt,D06,0,24.995,0,0,0,0,0
offline_frozen,validation,SA13/D06_SA13_R02.txt,D06,0,25.0,0,1,0,0,0
offline_frozen,validation,SA13/D06_SA13_R03.txt,D06,0,25.0,0,0,0,0,0
offline_frozen,validation,SA13/D06_SA13_R04.txt,D06,0,25.0,0,0,0,0,0
offline_frozen,validation,SA13/D06_SA13_R05.txt,D06,0,25.0,0,1,0,0,0
offline_frozen,validation,SA13/D07_SA13_R01.txt,D07,0,12.0,0,0,0,0,0
offline_frozen,validation,SA13/D07_SA13_R02.txt,D07,0,12.0,0,0,0,0,0
offline_frozen,validation,SA13/D07_SA13_R03.txt,D07,0,12.0,0,0,0,0,0
offline_frozen,validation,SA13/D07_SA13_R04.txt,D07,0,12.0,0,0,0,0,0
offline_frozen,validation,SA13/D07_SA13_R05.txt,D07,0,12.0,0,0,0,0,0
offline_frozen,validation,SA13/D08_SA13_R01.txt,D08,0,12.0,0,0,0,0,0
offline_frozen,validation,SA13/D08_SA13_R02.txt,D08,0,12.0,0,0,0,0,0
offline_frozen,validation,SA13/D08_SA13_R03.txt,D08,0,12.0,0,0,0,0,0
offline_frozen,validation,SA13/D08_SA13_R04.txt,D08,0,12.0,0,0,0,0,0
offline_frozen,validation,SA13/D08_SA13_R05.txt,D08,0,12.0,0,0,0,0,0
offline_frozen,validation,SA13/D09_SA13_R01.txt,D09,0,12.0,0,0,0,0,0
offline_frozen,validation,SA13/D09_SA13_R02.txt,D09,0,12.0,0,0,0,0,0
offline_frozen,validation,SA13/D09_SA13_R03.txt,D09,0,12.0,0,0,0,0,0
offline_frozen,validation,SA13/D09_SA13_R04.txt,D09,0,12.0,0,0,0,0,0
offline_frozen,validation,SA13/D09_SA13_R05.txt,D09,0,12.0,0,0,0,0,0
offline_frozen,validation,SA13/D10_SA13_R01.txt,D10,0,12.0,0,0,0,0,0
offline_frozen,validation,SA13/D10_SA13_R02.txt,D10,0,12.0,0,0,0,0,0
offline_frozen,validation,SA13/D10_SA13_R03.txt,D10,0,11.995,0,0,0,0,0
offline_frozen,validation,SA13/D10_SA13_R04.txt,D10,0,12.0,0,0,0,0,0
offline_frozen,validation,SA13/D10_SA13_R05.txt,D10,0,12.0,0,0,0,0,0
offline_frozen,validation,SA13/D11_SA13_R01.txt,D11,0,11.995,0,0,0,0,0
offline_frozen,validation,SA13/D11_SA13_R02.txt,D11,0,12.0,0,0,0,0,0
offline_frozen,validation,SA13/D11_SA13_R03.txt,D11,0,12.0,0,0,0,0,0
offline_frozen,validation,SA13/D11_SA13_R04.txt,D11,0,12.0,0,0,0,0,0
offline_frozen,validation,SA13/D11_SA13_R05.txt,D11,0,12.0,0,0,0,0,0
offline_frozen,validation,SA13/D12_SA13_R01.txt,D12,0,12.0,0,0,0,0,0
offline_frozen,validation,SA13/D12_SA13_R02.txt,D12,0,12.0,0,0,0,0,0
offline_frozen,validation,SA13/D12_SA13_R03.txt,D12,0,12.0,0,0,0,0,0
offline_frozen,validation,SA13/D12_SA13_R04.txt,D12,0,12.0,0,0,0,0,0
offline_frozen,validation,SA13/D12_SA13_R05.txt,D12,0,12.0,0,0,0,0,0
offline_frozen,validation,SA13/D13_SA13_R01.txt,D13,0,12.0,0,0,0,0,0
offline_frozen,validation,SA13/D13_SA13_R02.txt,D13,0,12.0,0,0,0,0,0
offline_frozen,validation,SA13/D13_SA13_R03.txt,D13,0,12.0,0,0,0,0,0
offline_frozen,validation,SA13/D13_SA13_R04.txt,D13,0,12.0,0,0,0,0,0
offline_frozen,validation,SA13/D13_SA13_R05.txt,D13,0,12.0,0,0,0,0,0
offline_frozen,validation,SA13/D14_SA13_R01.txt,D14,0,12.0,0,0,0,0,0
offline_frozen,validation,SA13/D14_SA13_R02.txt,D14,0,12.0,0,0,0,0,0
offline_frozen,validation,SA13/D14_SA13_R03.txt,D14,0,12.0,0,0,0,0,0
offline_frozen,validation,SA13/D14_SA13_R04.txt,D14,0,12.0,0,0,0,0,0
offline_frozen,validation,SA13/D14_SA13_R05.txt,D14,0,12.0,0,0,0,0,0
offline_frozen,validation,SA13/D15_SA13_R01.txt,D15,0,12.0,0,0,0,0,0
offline_frozen,validation,SA13/D15_SA13_R02.txt,D15,0,12.0,0,0,0,0,0
offline_frozen,validation,SA13/D15_SA13_R03.txt,D15,0,12.0,0,0,0,0,0
offline_frozen,validation,SA13/D15_SA13_R04.txt,D15,0,12.0,0,0,0,0,0
offline_frozen,validation,SA13/D15_SA13_R05.txt,D15,0,12.0,0,0,0,0,0
offline_frozen,validation,SA13/D16_SA13_R01.txt,D16,0,11.995,0,0,0,0,0
offline_frozen,validation,SA13/D16_SA13_R02.txt,D16,0,12.0,0,0,0,0,0
offline_frozen,validation,SA13/D16_SA13_R03.txt,D16,0,12.0,0,0,0,0,0
offline_frozen,validation,SA13/D16_SA13_R04.txt,D16,0,12.0,0,0,0,0,0
offline_frozen,validation,SA13/D16_SA13_R05.txt,D16,0,12.0,0,0,0,0,0
offline_frozen,validation,SA13/D17_SA13_R01.txt,D17,0,24.995,0,0,0,0,0
offline_frozen,validation,SA13/D17_SA13_R02.txt,D17,0,25.0,0,0,0,0,0
offline_frozen,validation,SA13/D17_SA13_R03.txt,D17,0,25.0,0,0,0,0,0
offline_frozen,validation,SA13/D17_SA13_R04.txt,D17,0,25.0,0,0,0,0,0
offline_frozen,validation,SA13/D17_SA13_R05.txt,D17,0,25.0,0,0,0,0,0
offline_frozen,validation,SA13/D18_SA13_R01.txt,D18,0,12.0,0,1,0,0,0
offline_frozen,validation,SA13/D18_SA13_R02.txt,D18,0,12.0,0,0,0,0,0
offline_frozen,validation,SA13/D18_SA13_R03.txt,D18,0,12.0,0,0,0,0,0
offline_frozen,validation,SA13/D18_SA13_R04.txt,D18,0,12.0,0,0,0,0,0
offline_frozen,validation,SA13/D18_SA13_R05.txt,D18,0,12.0,0,0,0,0,0
offline_frozen,validation,SA13/D19_SA13_R01.txt,D19,0,12.0,0,0,0,0,0
offline_frozen,validation,SA13/D19_SA13_R02.txt,D19,0,12.0,0,0,0,0,0
offline_frozen,validation,SA13/D19_SA13_R03.txt,D19,0,12.0,0,0,0,0,0
offline_frozen,validation,SA13/D19_SA13_R04.txt,D19,0,12.0,0,0,0,0,0
offline_frozen,validation,SA13/D19_SA13_R05.txt,D19,0,12.0,0,0,0,0,0
offline_frozen,validation,SA13/F01_SA13_R01.txt,F01,1,15.0,1,1,1,0,0
offline_frozen,validation,SA13/F01_SA13_R02.txt,F01,1,15.0,1,2,1,0,0
offline_frozen,validation,SA13/F01_SA13_R03.txt,F01,1,15.0,1,1,1,0,0
offline_frozen,validation,SA13/F01_SA13_R04.txt,F01,1,15.0,1,1,1,0,0
offline_frozen,validation,SA13/F01_SA13_R05.txt,F01,1,14.995,1,1,1,0,0
offline_frozen,validation,SA13/F02_SA13_R01.txt,F02,1,15.0,1,1,1,0,0
offline_frozen,validation,SA13/F02_SA13_R02.txt,F02,1,15.0,1,1,1,0,0
offline_frozen,validation,SA13/F02_SA13_R03.txt,F02,1,15.0,1,1,1,0,0
offline_frozen,validation,SA13/F02_SA13_R04.txt,F02,1,15.0,1,1,1,0,0
offline_frozen,validation,SA13/F02_SA13_R05.txt,F02,1,15.0,1,1,1,0,0
offline_frozen,validation,SA13/F03_SA13_R01.txt,F03,1,15.0,1,1,1,0,0
offline_frozen,validation,SA13/F03_SA13_R02.txt,F03,1,15.0,1,1,1,0,0
offline_frozen,validation,SA13/F03_SA13_R03.txt,F03,1,15.0,1,1,1,0,0
offline_frozen,validation,SA13/F03_SA13_R04.txt,F03,1,15.0,1,1,0,0,1
offline_frozen,validation,SA13/F03_SA13_R05.txt,F03,1,15.0,1,1,1,0,0
offline_frozen,validation,SA13/F04_SA13_R01.txt,F04,1,15.0,1,1,1,0,0
offline_frozen,validation,SA13/F04_SA13_R02.txt,F04,1,15.0,1,1,1,0,0
offline_frozen,validation,SA13/F04_SA13_R03.txt,F04,1,15.0,1,1,1,0,0
offline_frozen,validation,SA13/F04_SA13_R04.txt,F04,1,15.0,1,1,1,0,0
offline_frozen,validation,SA13/F04_SA13_R05.txt,F04,1,15.0,1,1,1,0,0
offline_frozen,validation,SA13/F05_SA13_R01.txt,F05,1,15.0,1,1,1,0,0
offline_frozen,validation,SA13/F05_SA13_R02.txt,F05,1,15.0,1,2,1,0,0
offline_frozen,validation,SA13/F05_SA13_R03.txt,F05,1,15.0,1,1,1,0,0
offline_frozen,validation,SA13/F05_SA13_R04.txt,F05,1,15.0,1,1,1,0,0
offline_frozen,validation,SA13/F05_SA13_R05.txt,F05,1,15.0,1,2,1,0,0
offline_frozen,validation,SA13/F06_SA13_R01.txt,F06,1,15.0,1,1,1,0,0
offline_frozen,validation,SA13/F06_SA13_R02.txt,F06,1,15.0,1,1,1,0,0
offline_frozen,validation,SA13/F06_SA13_R03.txt,F06,1,15.0,1,1,1,0,0
offline_frozen,validation,SA13/F06_SA13_R04.txt,F06,1,14.995,1,1,1,0,0
offline_frozen,validation,SA13/F06_SA13_R05.txt,F06,1,15.0,1,1,1,0,0
offline_frozen,validation,SA13/F07_SA13_R01.txt,F07,1,15.0,1,1,1,0,0
offline_frozen,validation,SA13/F07_SA13_R02.txt,F07,1,15.0,1,1,1,0,0
offline_frozen,validation,SA13/F07_SA13_R03.txt,F07,1,15.0,1,1,1,0,0
offline_frozen,validation,SA13/F07_SA13_R04.txt,F07,1,15.0,1,2,1,0,0
offline_frozen,validation,SA13/F07_SA13_R05.txt,F07,1,15.0,1,1,1,0,0
offline_frozen,validation,SA13/F08_SA13_R01.txt,F08,1,14.995,1,1,1,0,0
offline_frozen,validation,SA13/F08_SA13_R02.txt,F08,1,15.0,1,1,1,0,0
offline_frozen,validation,SA13/F08_SA13_R03.txt,F08,1,15.0,1,1,1,0,0
offline_frozen,validation,SA13/F08_SA13_R04.txt,F08,1,15.0,1,1,1,0,0
offline_frozen,validation,SA13/F08_SA13_R05.txt,F08,1,14.995,1,1,1,0,0
offline_frozen,validation,SA13/F09_SA13_R01.txt,F09,1,15.0,1,1,1,0,0
offline_frozen,validation,SA13/F09_SA13_R02.txt,F09,1,15.0,1,1,1,0,0
offline_frozen,validation,SA13/F09_SA13_R03.txt,F09,1,15.0,1,1,1,0,0
offline_frozen,validation,SA13/F09_SA13_R04.txt,F09,1,15.0,1,1,1,0,0
offline_frozen,validation,SA13/F09_SA13_R05.txt,F09,1,15.0,1,1,1,0,0
offline_frozen,validation,SA13/F10_SA13_R01.txt,F10,1,15.0,1,1,1,0,0
offline_frozen,validation,SA13/F10_SA13_R02.txt,F10,1,15.0,1,1,1,0,0
offline_frozen,validation,SA13/F10_SA13_R03.txt,F10,1,15.0,1,1,1,0,0
offline_frozen,validation,SA13/F10_SA13_R04.txt,F10,1,15.0,1,1,1,0,0
offline_frozen,validation,SA13/F10_SA13_R05.txt,F10,1,15.0,1,1,1,0,0
offline_frozen,validation,SA13/F11_SA13_R01.txt,F11,1,15.0,1,1,1,0,0
offline_frozen,validation,SA13/F11_SA13_R02.txt,F11,1,14.995,1,1,1,0,0
offline_frozen,validation,SA13/F11_SA13_R03.txt,F11,1,15.0,1,0,0,0,1
offline_frozen,validation,SA13/F11_SA13_R04.txt,F11,1,15.0,1,1,1,0,0
offline_frozen,validation,SA13/F11_SA13_R05.txt,F11,1,15.0,1,1,1,0,0
offline_frozen,validation,SA13/F12_SA13_R01.txt,F12,1,15.0,1,1,1,0,0
offline_frozen,validation,SA13/F12_SA13_R02.txt,F12,1,15.0,1,1,1,0,0
offline_frozen,validation,SA13/F12_SA13_R03.txt,F12,1,15.0,1,1,1,0,0
offline_frozen,validation,SA13/F12_SA13_R04.txt,F12,1,15.0,1,1,1,0,0
offline_frozen,validation,SA13/F12_SA13_R05.txt,F12,1,15.0,1,1,1,0,0
offline_frozen,validation,SA13/F13_SA13_R01.txt,F13,1,15.0,1,1,1,0,0
offline_frozen,validation,SA13/F13_SA13_R02.txt,F13,1,15.0,1,1,1,0,0
offline_frozen,validation,SA13/F13_SA13_R03.txt,F13,1,15.0,1,1,1,0,0
offline_frozen,validation,SA13/F13_SA13_R04.txt,F13,1,15.0,1,1,1,0,0
offline_frozen,validation,SA13/F13_SA13_R05.txt,F13,1,15.0,1,1,1,0,0
offline_frozen,validation,SA13/F14_SA13_R01.txt,F14,1,15.0,1,1,1,0,0
offline_frozen,validation,SA13/F14_SA13_R02.txt,F14,1,15.0,1,1,1,0,0
offline_frozen,validation,SA13/F14_SA13_R03.txt,F14,1,15.0,1,0,0,0,1
offline_frozen,validation,SA13/F14_SA13_R04.txt,F14,1,15.0,1,1,1,0,0
offline_frozen,validation,SA13/F14_SA13_R05.txt,F14,1,15.0,1,1,1,0,0
offline_frozen,validation,SA13/F15_SA13_R01.txt,F15,1,15.0,1,1,1,0,0
offline_frozen,validation,SA13/F15_SA13_R02.txt,F15,1,15.0,1,1,1,0,0
offline_frozen,validation,SA13/F15_SA13_R03.txt,F15,1,15.0,1,1,1,0,0
offline_frozen,validation,SA13/F15_SA13_R04.txt,F15,1,15.0,1,1,1,0,0
offline_frozen,validation,SA13/F15_SA13_R05.txt,F15,1,15.0,1,1,1,0,0
offline_frozen,validation,SA19/D01_SA19_R01.txt,D01,0,99.995,0,0,0,0,0
offline_frozen,validation,SA19/D02_SA19_R01.txt,D02,0,100.0,0,0,0,0,0
offline_frozen,validation,SA19/D03_SA19_R01.txt,D03,0,100.0,0,0,0,0,0
offline_frozen,validation,SA19/D04_SA19_R01.txt,D04,0,100.0,0,0,0,0,0
offline_frozen,validation,SA19/D05_SA19_R01.txt,D05,0,25.0,0,0,0,0,0
offline_frozen,validation,SA19/D05_SA19_R02.txt,D05,0,25.0,0,0,0,0,0
offline_frozen,validation,SA19/D05_SA19_R03.txt,D05,0,25.0,0,0,0,0,0
offline_frozen,validation,SA19/D05_SA19_R04.txt,D05,0,25.0,0,0,0,0,0
offline_frozen,validation,SA19/D05_SA19_R05.txt,D05,0,25.0,0,0,0,0,0
offline_frozen,validation,SA19/D06_SA19_R01.txt,D06,0,25.0,0,0,0,0,0
offline_frozen,validation,SA19/D06_SA19_R02.txt,D06,0,25.0,0,0,0,0,0
offline_frozen,validation,SA19/D06_SA19_R03.txt,D06,0,24.995,0,0,0,0,0
offline_frozen,validation,SA19/D06_SA19_R04.txt,D06,0,25.0,0,1,0,0,0
offline_frozen,validation,SA19/D06_SA19_R05.txt,D06,0,25.0,0,0,0,0,0
offline_frozen,validation,SA19/D07_SA19_R01.txt,D07,0,11.995,0,0,0,0,0
offline_frozen,validation,SA19/D07_SA19_R02.txt,D07,0,12.0,0,0,0,0,0
offline_frozen,validation,SA19/D07_SA19_R03.txt,D07,0,12.0,0,0,0,0,0
offline_frozen,validation,SA19/D07_SA19_R04.txt,D07,0,12.0,0,0,0,0,0
offline_frozen,validation,SA19/D07_SA19_R05.txt,D07,0,12.0,0,0,0,0,0
offline_frozen,validation,SA19/D08_SA19_R01.txt,D08,0,11.995,0,0,0,0,0
offline_frozen,validation,SA19/D08_SA19_R02.txt,D08,0,12.0,0,0,0,0,0
offline_frozen,validation,SA19/D08_SA19_R03.txt,D08,0,12.0,0,0,0,0,0
offline_frozen,validation,SA19/D08_SA19_R04.txt,D08,0,12.0,0,0,0,0,0
offline_frozen,validation,SA19/D08_SA19_R05.txt,D08,0,12.0,0,0,0,0,0
offline_frozen,validation,SA19/D09_SA19_R01.txt,D09,0,11.99,0,0,0,0,0
offline_frozen,validation,SA19/D09_SA19_R02.txt,D09,0,12.0,0,0,0,0,0
offline_frozen,validation,SA19/D09_SA19_R03.txt,D09,0,12.0,0,0,0,0,0
offline_frozen,validation,SA19/D09_SA19_R04.txt,D09,0,12.0,0,0,0,0,0
offline_frozen,validation,SA19/D09_SA19_R05.txt,D09,0,12.0,0,0,0,0,0
offline_frozen,validation,SA19/D10_SA19_R01.txt,D10,0,12.0,0,0,0,0,0
offline_frozen,validation,SA19/D10_SA19_R02.txt,D10,0,12.0,0,0,0,0,0
offline_frozen,validation,SA19/D10_SA19_R03.txt,D10,0,12.0,0,0,0,0,0
offline_frozen,validation,SA19/D10_SA19_R04.txt,D10,0,12.0,0,0,0,0,0
offline_frozen,validation,SA19/D10_SA19_R05.txt,D10,0,12.0,0,0,0,0,0
offline_frozen,validation,SA19/D11_SA19_R01.txt,D11,0,11.995,0,0,0,0,0
offline_frozen,validation,SA19/D11_SA19_R02.txt,D11,0,12.0,0,0,0,0,0
offline_frozen,validation,SA19/D11_SA19_R03.txt,D11,0,12.0,0,0,0,0,0
offline_frozen,validation,SA19/D11_SA19_R04.txt,D11,0,12.0,0,0,0,0,0
offline_frozen,validation,SA19/D11_SA19_R05.txt,D11,0,12.0,0,0,0,0,0
offline_frozen,validation,SA19/D12_SA19_R01.txt,D12,0,12.0,0,0,0,0,0
offline_frozen,validation,SA19/D12_SA19_R02.txt,D12,0,12.0,0,0,0,0,0
offline_frozen,validation,SA19/D12_SA19_R03.txt,D12,0,12.0,0,0,0,0,0
offline_frozen,validation,SA19/D12_SA19_R04.txt,D12,0,12.0,0,0,0,0,0
offline_frozen,validation,SA19/D12_SA19_R05.txt,D12,0,12.0,0,0,0,0,0
offline_frozen,validation,SA19/D13_SA19_R01.txt,D13,0,12.0,0,0,0,0,0
offline_frozen,validation,SA19/D13_SA19_R02.txt,D13,0,12.0,0,0,0,0,0
offline_frozen,validation,SA19/D13_SA19_R03.txt,D13,0,12.0,0,0,0,0,0
offline_frozen,validation,SA19/D13_SA19_R04.txt,D13,0,12.0,0,0,0,0,0
offline_frozen,validation,SA19/D13_SA19_R05.txt,D13,0,12.0,0,0,0,0,0
offline_frozen,validation,SA19/D14_SA19_R01.txt,D14,0,12.0,0,0,0,0,0
offline_frozen,validation,SA19/D14_SA19_R02.txt,D14,0,12.0,0,0,0,0,0
offline_frozen,validation,SA19/D14_SA19_R03.txt,D14,0,12.0,0,0,0,0,0
offline_frozen,validation,SA19/D14_SA19_R04.txt,D14,0,12.0,0,0,0,0,0
offline_frozen,validation,SA19/D14_SA19_R05.txt,D14,0,12.0,0,0,0,0,0
offline_frozen,validation,SA19/D15_SA19_R01.txt,D15,0,12.0,0,0,0,0,0
offline_frozen,validation,SA19/D15_SA19_R02.txt,D15,0,12.0,0,0,0,0,0
offline_frozen,validation,SA19/D15_SA19_R03.txt,D15,0,12.0,0,0,0,0,0
offline_frozen,validation,SA19/D15_SA19_R04.txt,D15,0,12.0,0,0,0,0,0
offline_frozen,validation,SA19/D15_SA19_R05.txt,D15,0,12.0,0,0,0,0,0
offline_frozen,validation,SA19/D16_SA19_R01.txt,D16,0,11.975,0,0,0,0,0
offline_frozen,validation,SA19/D16_SA19_R02.txt,D16,0,12.0,0,0,0,0,0
offline_frozen,validation,SA19/D16_SA19_R03.txt,D16,0,12.0,0,0,0,0,0
offline_frozen,validation,SA19/D16_SA19_R04.txt,D16,0,12.0,0,0,0,0,0
offline_frozen,validation,SA19/D16_SA19_R05.txt,D16,0,12.0,0,0,0,0,0
offline_frozen,validation,SA19/D17_SA19_R01.txt,D17,0,25.0,0,0,0,0,0
offline_frozen,validation,SA19/D17_SA19_R02.txt,D17,0,24.995,0,0,0,0,0
offline_frozen,validation,SA19/D17_SA19_R03.txt,D17,0,25.0,0,0,0,0,0
offline_frozen,validation,SA19/D17_SA19_R04.txt,D17,0,25.0,0,0,0,0,0
offline_frozen,validation,SA19/D17_SA19_R05.txt,D17,0,24.995,0,0,0,0,0
offline_frozen,validation,SA19/D18_SA19_R01.txt,D18,0,11.99,0,1,0,0,0
offline_frozen,validation,SA19/D18_SA19_R02.txt,D18,0,12.0,0,0,0,0,0
offline_frozen,validation,SA19/D18_SA19_R03.txt,D18,0,12.0,0,0,0,0,0
offline_frozen,validation,SA19/D18_SA19_R04.txt,D18,0,12.0,0,1,0,0,0
offline_frozen,validation,SA19/D18_SA19_R05.txt,D18,0,12.0,0,1,0,0,0
offline_frozen,validation,SA19/D19_SA19_R01.txt,D19,0,12.0,0,0,0,0,0
offline_frozen,validation,SA19/D19_SA19_R02.txt,D19,0,12.0,0,0,0,0,0
offline_frozen,validation,SA19/D19_SA19_R03.txt,D19,0,12.0,0,0,0,0,0
offline_frozen,validation,SA19/D19_SA19_R04.txt,D19,0,12.0,0,0,0,0,0
offline_frozen,validation,SA19/D19_SA19_R05.txt,D19,0,12.0,0,0,0,0,0
offline_frozen,validation,SA19/F01_SA19_R01.txt,F01,1,14.995,1,1,1,0,0
offline_frozen,validation,SA19/F01_SA19_R02.txt,F01,1,15.0,1,1,1,0,0
offline_frozen,validation,SA19/F01_SA19_R03.txt,F01,1,15.0,1,1,1,0,0
offline_frozen,validation,SA19/F01_SA19_R04.txt,F01,1,15.0,1,0,0,0,1
offline_frozen,validation,SA19/F01_SA19_R05.txt,F01,1,15.0,1,0,0,0,1
offline_frozen,validation,SA19/F02_SA19_R01.txt,F02,1,15.0,1,1,1,0,0
offline_frozen,validation,SA19/F02_SA19_R02.txt,F02,1,15.0,1,1,1,0,0
offline_frozen,validation,SA19/F02_SA19_R03.txt,F02,1,15.0,1,1,1,0,0
offline_frozen,validation,SA19/F02_SA19_R04.txt,F02,1,15.0,1,1,1,0,0
offline_frozen,validation,SA19/F02_SA19_R05.txt,F02,1,15.0,1,0,0,0,1
offline_frozen,validation,SA19/F03_SA19_R01.txt,F03,1,15.0,1,1,1,0,0
offline_frozen,validation,SA19/F03_SA19_R02.txt,F03,1,15.0,1,0,0,0,1
offline_frozen,validation,SA19/F03_SA19_R03.txt,F03,1,14.995,1,1,1,0,0
offline_frozen,validation,SA19/F03_SA19_R04.txt,F03,1,15.0,1,1,1,0,0
offline_frozen,validation,SA19/F03_SA19_R05.txt,F03,1,15.0,1,1,1,0,0
offline_frozen,validation,SA19/F04_SA19_R01.txt,F04,1,15.0,1,1,1,0,0
offline_frozen,validation,SA19/F04_SA19_R02.txt,F04,1,15.0,1,1,1,0,0
offline_frozen,validation,SA19/F04_SA19_R03.txt,F04,1,14.985,1,1,1,0,0
offline_frozen,validation,SA19/F04_SA19_R04.txt,F04,1,15.0,1,1,1,0,0
offline_frozen,validation,SA19/F04_SA19_R05.txt,F04,1,15.0,1,1,1,0,0
offline_frozen,validation,SA19/F05_SA19_R01.txt,F05,1,15.0,1,1,1,0,0
offline_frozen,validation,SA19/F05_SA19_R02.txt,F05,1,15.0,1,1,1,0,0
offline_frozen,validation,SA19/F05_SA19_R03.txt,F05,1,14.995,1,1,1,0,0
offline_frozen,validation,SA19/F05_SA19_R04.txt,F05,1,15.0,1,1,1,0,0
offline_frozen,validation,SA19/F05_SA19_R05.txt,F05,1,15.0,1,1,1,0,0
offline_frozen,validation,SA19/F06_SA19_R01.txt,F06,1,14.995,1,1,1,0,0
offline_frozen,validation,SA19/F06_SA19_R02.txt,F06,1,15.0,1,0,0,0,1
offline_frozen,validation,SA19/F06_SA19_R03.txt,F06,1,15.0,1,1,1,0,0
offline_frozen,validation,SA19/F06_SA19_R04.txt,F06,1,15.0,1,1,1,0,0
offline_frozen,validation,SA19/F06_SA19_R05.txt,F06,1,15.0,1,1,1,0,0
offline_frozen,validation,SA19/F07_SA19_R01.txt,F07,1,14.995,1,0,0,0,1
offline_frozen,validation,SA19/F07_SA19_R02.txt,F07,1,15.0,1,1,1,0,0
offline_frozen,validation,SA19/F07_SA19_R03.txt,F07,1,15.0,1,0,0,0,1
offline_frozen,validation,SA19/F07_SA19_R04.txt,F07,1,15.0,1,1,1,0,0
offline_frozen,validation,SA19/F07_SA19_R05.txt,F07,1,14.995,1,1,1,0,0
offline_frozen,validation,SA19/F08_SA19_R01.txt,F08,1,14.99,1,0,0,0,1
offline_frozen,validation,SA19/F08_SA19_R02.txt,F08,1,15.0,0,0,0,1,0
offline_frozen,validation,SA19/F08_SA19_R03.txt,F08,1,15.0,1,1,1,0,0
offline_frozen,validation,SA19/F08_SA19_R04.txt,F08,1,15.0,1,1,1,0,0
offline_frozen,validation,SA19/F08_SA19_R05.txt,F08,1,15.0,1,1,1,0,0
offline_frozen,validation,SA19/F09_SA19_R01.txt,F09,1,15.0,1,1,1,0,0
offline_frozen,validation,SA19/F09_SA19_R02.txt,F09,1,15.0,1,1,1,0,0
offline_frozen,validation,SA19/F09_SA19_R03.txt,F09,1,15.0,1,1,1,0,0
offline_frozen,validation,SA19/F09_SA19_R04.txt,F09,1,15.0,1,1,1,0,0
offline_frozen,validation,SA19/F09_SA19_R05.txt,F09,1,15.0,1,0,0,0,1
offline_frozen,validation,SA19/F10_SA19_R01.txt,F10,1,15.0,1,1,1,0,0
offline_frozen,validation,SA19/F10_SA19_R02.txt,F10,1,15.0,1,1,1,0,0
offline_frozen,validation,SA19/F10_SA19_R03.txt,F10,1,15.0,1,1,1,0,0
offline_frozen,validation,SA19/F10_SA19_R04.txt,F10,1,15.0,1,1,1,0,0
offline_frozen,validation,SA19/F10_SA19_R05.txt,F10,1,15.0,1,1,1,0,0
offline_frozen,validation,SA19/F11_SA19_R01.txt,F11,1,14.995,1,1,1,0,0
offline_frozen,validation,SA19/F11_SA19_R02.txt,F11,1,15.0,1,1,1,0,0
offline_frozen,validation,SA19/F11_SA19_R03.txt,F11,1,15.0,1,1,1,0,0
offline_frozen,validation,SA19/F11_SA19_R04.txt,F11,1,15.0,1,1,1,0,0
offline_frozen,validation,SA19/F11_SA19_R05.txt,F11,1,14.995,1,1,1,0,0
offline_frozen,validation,SA19/F12_SA19_R01.txt,F12,1,15.0,1,1,1,0,0
offline_frozen,validation,SA19/F12_SA19_R02.txt,F12,1,15.0,1,1,1,0,0
offline_frozen,validation,SA19/F12_SA19_R03.txt,F12,1,15.0,1,1,1,0,0
offline_frozen,validation,SA19/F12_SA19_R04.txt,F12,1,14.985,1,1,1,0,0
offline_frozen,validation,SA19/F12_SA19_R05.txt,F12,1,15.0,1,1,1,0,0
offline_frozen,validation,SA19/F13_SA19_R01.txt,F13,1,15.0,1,0,0,0,1
offline_frozen,validation,SA19/F13_SA19_R02.txt,F13,1,15.0,1,0,0,0,1
offline_frozen,validation,SA19/F13_SA19_R03.txt,F13,1,15.0,1,0,0,0,1
offline_frozen,validation,SA19/F13_SA19_R04.txt,F13,1,15.0,1,1,1,0,0
offline_frozen,validation,SA19/F13_SA19_R05.txt,F13,1,15.0,1,1,1,0,0
offline_frozen,validation,SA19/F14_SA19_R01.txt,F14,1,15.0,1,1,1,0,0
offline_frozen,validation,SA19/F14_SA19_R02.txt,F14,1,15.0,1,1,1,0,0
offline_frozen,validation,SA19/F14_SA19_R03.txt,F14,1,15.0,1,1,1,0,0
offline_frozen,validation,SA19/F14_SA19_R04.txt,F14,1,15.0,1,1,1,0,0
offline_frozen,validation,SA19/F14_SA19_R05.txt,F14,1,15.0,1,1,1,0,0
offline_frozen,validation,SA19/F15_SA19_R01.txt,F15,1,15.0,1,1,1,0,0
offline_frozen,validation,SA19/F15_SA19_R02.txt,F15,1,15.0,1,1,1,0,0
offline_frozen,validation,SA19/F15_SA19_R03.txt,F15,1,15.0,1,1,1,0,0
offline_frozen,validation,SA19/F15_SA19_R04.txt,F15,1,15.0,1,1,1,0,0
offline_frozen,validation,SA19/F15_SA19_R05.txt,F15,1,15.0,1,1,1,0,0
offline_frozen,validation,SE08/D01_SE08_R01.txt,D01,0,99.995,0,0,0,0,0
offline_frozen,validation,SE08/D02_SE08_R01.txt,D02,0,100.0,0,0,0,0,0
offline_frozen,validation,SE08/D03_SE08_R01.txt,D03,0,100.0,0,0,0,0,0
offline_frozen,validation,SE08/D04_SE08_R01.txt,D04,0,100.0,0,0,0,0,0
offline_frozen,validation,SE08/D05_SE08_R01.txt,D05,0,24.995,0,0,0,0,0
offline_frozen,validation,SE08/D05_SE08_R02.txt,D05,0,24.995,0,0,0,0,0
offline_frozen,validation,SE08/D05_SE08_R03.txt,D05,0,24.995,0,0,0,0,0
offline_frozen,validation,SE08/D05_SE08_R04.txt,D05,0,24.995,0,0,0,0,0
offline_frozen,validation,SE08/D05_SE08_R05.txt,D05,0,25.0,0,0,0,0,0
offline_frozen,validation,SE08/D07_SE08_R01.txt,D07,0,12.0,0,0,0,0,0
offline_frozen,validation,SE08/D07_SE08_R02.txt,D07,0,12.0,0,0,0,0,0
offline_frozen,validation,SE08/D07_SE08_R03.txt,D07,0,12.0,0,0,0,0,0
offline_frozen,validation,SE08/D07_SE08_R04.txt,D07,0,11.995,0,0,0,0,0
offline_frozen,validation,SE08/D07_SE08_R05.txt,D07,0,12.0,0,0,0,0,0
offline_frozen,validation,SE08/D08_SE08_R01.txt,D08,0,11.995,0,0,0,0,0
offline_frozen,validation,SE08/D08_SE08_R02.txt,D08,0,11.995,0,0,0,0,0
offline_frozen,validation,SE08/D08_SE08_R03.txt,D08,0,12.0,0,0,0,0,0
offline_frozen,validation,SE08/D08_SE08_R04.txt,D08,0,12.0,0,0,0,0,0
offline_frozen,validation,SE08/D08_SE08_R05.txt,D08,0,12.0,0,0,0,0,0
offline_frozen,validation,SE08/D09_SE08_R01.txt,D09,0,12.0,0,0,0,0,0
offline_frozen,validation,SE08/D09_SE08_R02.txt,D09,0,12.0,0,0,0,0,0
offline_frozen,validation,SE08/D09_SE08_R03.txt,D09,0,12.0,0,0,0,0,0
offline_frozen,validation,SE08/D09_SE08_R04.txt,D09,0,12.0,0,0,0,0,0
offline_frozen,validation,SE08/D09_SE08_R05.txt,D09,0,12.0,0,0,0,0,0
offline_frozen,validation,SE08/D10_SE08_R01.txt,D10,0,12.0,0,0,0,0,0
offline_frozen,validation,SE08/D10_SE08_R02.txt,D10,0,12.0,0,0,0,0,0
offline_frozen,validation,SE08/D10_SE08_R03.txt,D10,0,12.0,0,0,0,0,0
offline_frozen,validation,SE08/D10_SE08_R04.txt,D10,0,12.0,0,0,0,0,0
offline_frozen,validation,SE08/D10_SE08_R05.txt,D10,0,12.0,0,0,0,0,0
offline_frozen,validation,SE08/D11_SE08_R01.txt,D11,0,12.0,0,0,0,0,0
offline_frozen,validation,SE08/D11_SE08_R02.txt,D11,0,12.0,0,0,0,0,0
offline_frozen,validation,SE08/D11_SE08_R03.txt,D11,0,12.0,0,0,0,0,0
offline_frozen,validation,SE08/D11_SE08_R04.txt,D11,0,12.0,0,0,0,0,0
offline_frozen,validation,SE08/D11_SE08_R05.txt,D11,0,12.0,0,0,0,0,0
offline_frozen,validation,SE08/D12_SE08_R01.txt,D12,0,12.0,0,0,0,0,0
offline_frozen,validation,SE08/D12_SE08_R02.txt,D12,0,12.0,0,0,0,0,0
offline_frozen,validation,SE08/D12_SE08_R03.txt,D12,0,12.0,0,0,0,0,0
offline_frozen,validation,SE08/D12_SE08_R04.txt,D12,0,12.0,0,0,0,0,0
offline_frozen,validation,SE08/D12_SE08_R05.txt,D12,0,12.0,0,0,0,0,0
offline_frozen,validation,SE08/D14_SE08_R01.txt,D14,0,12.0,0,0,0,0,0
offline_frozen,validation,SE08/D14_SE08_R02.txt,D14,0,12.0,0,0,0,0,0
offline_frozen,validation,SE08/D14_SE08_R03.txt,D14,0,12.0,0,0,0,0,0
offline_frozen,validation,SE08/D14_SE08_R04.txt,D14,0,12.0,0,0,0,0,0
offline_frozen,validation,SE08/D14_SE08_R05.txt,D14,0,12.0,0,1,0,0,0
offline_frozen,validation,SE08/D15_SE08_R01.txt,D15,0,12.0,0,0,0,0,0
offline_frozen,validation,SE08/D15_SE08_R02.txt,D15,0,12.0,0,0,0,0,0
offline_frozen,validation,SE08/D15_SE08_R03.txt,D15,0,12.0,0,0,0,0,0
offline_frozen,validation,SE08/D15_SE08_R04.txt,D15,0,12.0,0,0,0,0,0
offline_frozen,validation,SE08/D15_SE08_R05.txt,D15,0,12.0,0,0,0,0,0
offline_frozen,validation,SE08/D16_SE08_R01.txt,D16,0,12.0,0,0,0,0,0
offline_frozen,validation,SE08/D16_SE08_R02.txt,D16,0,12.0,0,0,0,0,0
offline_frozen,validation,SE08/D16_SE08_R03.txt,D16,0,12.0,0,0,0,0,0
offline_frozen,validation,SE08/D16_SE08_R04.txt,D16,0,12.0,0,0,0,0,0
offline_frozen,validation,SE08/D16_SE08_R05.txt,D16,0,12.0,0,0,0,0,0
offline_frozen,validation,SE08/D17_SE08_R01.txt,D17,0,24.995,0,0,0,0,0
offline_frozen,validation,SE08/D17_SE08_R02.txt,D17,0,24.995,0,0,0,0,0
offline_frozen,validation,SE08/D17_SE08_R03.txt,D17,0,24.995,0,0,0,0,0
offline_frozen,validation,SE08/D17_SE08_R04.txt,D17,0,24.995,0,0,0,0,0
offline_frozen,validation,SE08/D17_SE08_R05.txt,D17,0,24.995,0,0,0,0,0
offline_frozen,validation,SE09/D01_SE09_R01.txt,D01,0,99.925,0,0,0,0,0
offline_frozen,validation,SE09/D02_SE09_R01.txt,D02,0,100.0,0,0,0,0,0
offline_frozen,validation,SE09/D03_SE09_R01.txt,D03,0,100.0,0,0,0,0,0
offline_frozen,validation,SE09/D04_SE09_R01.txt,D04,0,100.0,0,0,0,0,0
offline_frozen,validation,SE09/D05_SE09_R01.txt,D05,0,25.0,0,0,0,0,0
offline_frozen,validation,SE09/D05_SE09_R02.txt,D05,0,25.0,0,0,0,0,0
offline_frozen,validation,SE09/D05_SE09_R03.txt,D05,0,25.0,0,0,0,0,0
offline_frozen,validation,SE09/D05_SE09_R04.txt,D05,0,25.0,0,0,0,0,0
offline_frozen,validation,SE09/D05_SE09_R05.txt,D05,0,25.0,0,0,0,0,0
offline_frozen,validation,SE09/D07_SE09_R01.txt,D07,0,12.0,0,0,0,0,0
offline_frozen,validation,SE09/D07_SE09_R02.txt,D07,0,11.995,0,0,0,0,0
offline_frozen,validation,SE09/D07_SE09_R03.txt,D07,0,12.0,0,0,0,0,0
offline_frozen,validation,SE09/D07_SE09_R04.txt,D07,0,12.0,0,0,0,0,0
offline_frozen,validation,SE09/D07_SE09_R05.txt,D07,0,12.0,0,0,0,0,0
offline_frozen,validation,SE09/D08_SE09_R01.txt,D08,0,12.0,0,0,0,0,0
offline_frozen,validation,SE09/D08_SE09_R02.txt,D08,0,12.0,0,0,0,0,0
offline_frozen,validation,SE09/D08_SE09_R03.txt,D08,0,12.0,0,0,0,0,0
offline_frozen,validation,SE09/D08_SE09_R04.txt,D08,0,12.0,0,0,0,0,0
offline_frozen,validation,SE09/D08_SE09_R05.txt,D08,0,12.0,0,0,0,0,0
offline_frozen,validation,SE09/D09_SE09_R01.txt,D09,0,12.0,0,0,0,0,0
offline_frozen,validation,SE09/D09_SE09_R02.txt,D09,0,12.0,0,0,0,0,0
offline_frozen,validation,SE09/D09_SE09_R03.txt,D09,0,12.0,0,0,0,0,0
offline_frozen,validation,SE09/D09_SE09_R04.txt,D09,0,12.0,0,0,0,0,0
offline_frozen,validation,SE09/D09_SE09_R05.txt,D09,0,12.0,0,0,0,0,0
offline_frozen,validation,SE09/D10_SE09_R01.txt,D10,0,12.0,0,0,0,0,0
offline_frozen,validation,SE09/D10_SE09_R02.txt,D10,0,12.0,0,0,0,0,0
offline_frozen,validation,SE09/D10_SE09_R03.txt,D10,0,12.0,0,0,0,0,0
offline_frozen,validation,SE09/D10_SE09_R04.txt,D10,0,12.0,0,0,0,0,0
offline_frozen,validation,SE09/D10_SE09_R05.txt,D10,0,12.0,0,0,0,0,0
offline_frozen,validation,SE09/D11_SE09_R01.txt,D11,0,11.995,0,0,0,0,0
offline_frozen,validation,SE09/D11_SE09_R02.txt,D11,0,12.0,0,0,0,0,0
offline_frozen,validation,SE09/D11_SE09_R03.txt,D11,0,12.0,0,0,0,0,0
offline_frozen,validation,SE09/D11_SE09_R04.txt,D11,0,12.0,0,0,0,0,0
offline_frozen,validation,SE09/D11_SE09_R05.txt,D11,0,12.0,0,0,0,0,0
offline_frozen,validation,SE09/D12_SE09_R01.txt,D12,0,12.0,0,0,0,0,0
offline_frozen,validation,SE09/D12_SE09_R02.txt,D12,0,12.0,0,0,0,0,0
offline_frozen,validation,SE09/D12_SE09_R03.txt,D12,0,12.0,0,0,0,0,0
offline_frozen,validation,SE09/D12_SE09_R04.txt,D12,0,12.0,0,0,0,0,0
offline_frozen,validation,SE09/D12_SE09_R05.txt,D12,0,12.0,0,0,0,0,0
offline_frozen,validation,SE09/D14_SE09_R01.txt,D14,0,12.0,0,0,0,0,0
offline_frozen,validation,SE09/D14_SE09_R02.txt,D14,0,12.0,0,0,0,0,0
offline_frozen,validation,SE09/D14_SE09_R03.txt,D14,0,12.0,0,0,0,0,0
offline_frozen,validation,SE09/D14_SE09_R04.txt,D14,0,12.0,0,0,0,0,0
offline_frozen,validation,SE09/D14_SE09_R05.txt,D14,0,12.0,0,0,0,0,0
offline_frozen,validation,SE09/D15_SE09_R01.txt,D15,0,12.0,0,0,0,0,0
offline_frozen,validation,SE09/D15_SE09_R02.txt,D15,0,12.0,0,0,0,0,0
offline_frozen,validation,SE09/D15_SE09_R03.txt,D15,0,12.0,0,0,0,0,0
offline_frozen,validation,SE09/D15_SE09_R04.txt,D15,0,12.0,0,0,0,0,0
offline_frozen,validation,SE09/D15_SE09_R05.txt,D15,0,12.0,0,0,0,0,0
offline_frozen,validation,SE09/D16_SE09_R01.txt,D16,0,11.995,0,0,0,0,0
offline_frozen,validation,SE09/D16_SE09_R02.txt,D16,0,12.0,0,0,0,0,0
offline_frozen,validation,SE09/D16_SE09_R03.txt,D16,0,12.0,0,0,0,0,0
offline_frozen,validation,SE09/D16_SE09_R04.txt,D16,0,12.0,0,0,0,0,0
offline_frozen,validation,SE09/D16_SE09_R05.txt,D16,0,12.0,0,0,0,0,0
offline_frozen,validation,SE09/D17_SE09_R01.txt,D17,0,25.0,0,0,0,0,0
offline_frozen,validation,SE09/D17_SE09_R02.txt,D17,0,25.0,0,0,0,0,0
offline_frozen,validation,SE09/D17_SE09_R03.txt,D17,0,25.0,0,0,0,0,0
offline_frozen,validation,SE09/D17_SE09_R04.txt,D17,0,25.0,0,0,0,0,0
offline_frozen,validation,SE09/D17_SE09_R05.txt,D17,0,25.0,0,0,0,0,0
offline_frozen,validation,SE11/D01_SE11_R01.txt,D01,0,99.995,0,0,0,0,0
offline_frozen,validation,SE11/D02_SE11_R01.txt,D02,0,100.0,0,0,0,0,0
offline_frozen,validation,SE11/D03_SE11_R01.txt,D03,0,100.0,0,0,0,0,0
offline_frozen,validation,SE11/D04_SE11_R01.txt,D04,0,100.0,0,13,0,0,0
offline_frozen,validation,SE11/D05_SE11_R01.txt,D05,0,25.0,0,0,0,0,0
offline_frozen,validation,SE11/D05_SE11_R02.txt,D05,0,25.0,0,0,0,0,0
offline_frozen,validation,SE11/D05_SE11_R03.txt,D05,0,25.0,0,0,0,0,0
offline_frozen,validation,SE11/D05_SE11_R04.txt,D05,0,25.0,0,0,0,0,0
offline_frozen,validation,SE11/D05_SE11_R05.txt,D05,0,25.0,0,0,0,0,0
offline_frozen,validation,SE11/D07_SE11_R01.txt,D07,0,11.995,0,0,0,0,0
offline_frozen,validation,SE11/D07_SE11_R02.txt,D07,0,12.0,0,0,0,0,0
offline_frozen,validation,SE11/D07_SE11_R03.txt,D07,0,11.995,0,0,0,0,0
offline_frozen,validation,SE11/D07_SE11_R04.txt,D07,0,12.0,0,0,0,0,0
offline_frozen,validation,SE11/D07_SE11_R05.txt,D07,0,12.0,0,0,0,0,0
offline_frozen,validation,SE11/D08_SE11_R01.txt,D08,0,12.0,0,0,0,0,0
offline_frozen,validation,SE11/D08_SE11_R02.txt,D08,0,12.0,0,0,0,0,0
offline_frozen,validation,SE11/D08_SE11_R03.txt,D08,0,12.0,0,0,0,0,0
offline_frozen,validation,SE11/D08_SE11_R04.txt,D08,0,12.0,0,0,0,0,0
offline_frozen,validation,SE11/D08_SE11_R05.txt,D08,0,12.0,0,0,0,0,0
offline_frozen,validation,SE11/D09_SE11_R01.txt,D09,0,12.0,0,0,0,0,0
offline_frozen,validation,SE11/D09_SE11_R02.txt,D09,0,12.0,0,0,0,0,0
offline_frozen,validation,SE11/D09_SE11_R03.txt,D09,0,12.0,0,0,0,0,0
offline_frozen,validation,SE11/D09_SE11_R04.txt,D09,0,12.0,0,0,0,0,0
offline_frozen,validation,SE11/D09_SE11_R05.txt,D09,0,12.0,0,0,0,0,0
offline_frozen,validation,SE11/D10_SE11_R01.txt,D10,0,12.0,0,0,0,0,0
offline_frozen,validation,SE11/D10_SE11_R02.txt,D10,0,12.0,0,0,0,0,0
offline_frozen,validation,SE11/D10_SE11_R03.txt,D10,0,12.0,0,0,0,0,0
offline_frozen,validation,SE11/D10_SE11_R04.txt,D10,0,12.0,0,0,0,0,0
offline_frozen,validation,SE11/D10_SE11_R05.txt,D10,0,12.0,0,0,0,0,0
offline_frozen,validation,SE11/D11_SE11_R01.txt,D11,0,11.995,0,0,0,0,0
offline_frozen,validation,SE11/D11_SE11_R02.txt,D11,0,12.0,0,0,0,0,0
offline_frozen,validation,SE11/D11_SE11_R03.txt,D11,0,12.0,0,0,0,0,0
offline_frozen,validation,SE11/D11_SE11_R04.txt,D11,0,12.0,0,0,0,0,0
offline_frozen,validation,SE11/D11_SE11_R05.txt,D11,0,12.0,0,0,0,0,0
offline_frozen,validation,SE11/D12_SE11_R01.txt,D12,0,12.0,0,0,0,0,0
offline_frozen,validation,SE11/D12_SE11_R02.txt,D12,0,12.0,0,0,0,0,0
offline_frozen,validation,SE11/D12_SE11_R03.txt,D12,0,12.0,0,0,0,0,0
offline_frozen,validation,SE11/D12_SE11_R04.txt,D12,0,12.0,0,0,0,0,0
offline_frozen,validation,SE11/D12_SE11_R05.txt,D12,0,12.0,0,0,0,0,0
offline_frozen,validation,SE11/D14_SE11_R01.txt,D14,0,12.0,0,0,0,0,0
offline_frozen,validation,SE11/D14_SE11_R02.txt,D14,0,12.0,0,0,0,0,0
offline_frozen,validation,SE11/D14_SE11_R03.txt,D14,0,12.0,0,0,0,0,0
offline_frozen,validation,SE11/D14_SE11_R04.txt,D14,0,12.0,0,0,0,0,0
offline_frozen,validation,SE11/D14_SE11_R05.txt,D14,0,12.0,0,0,0,0,0
offline_frozen,validation,SE11/D15_SE11_R01.txt,D15,0,12.0,0,0,0,0,0
offline_frozen,validation,SE11/D15_SE11_R02.txt,D15,0,12.0,0,0,0,0,0
offline_frozen,validation,SE11/D15_SE11_R03.txt,D15,0,12.0,0,0,0,0,0
offline_frozen,validation,SE11/D15_SE11_R04.txt,D15,0,12.0,0,0,0,0,0
offline_frozen,validation,SE11/D15_SE11_R05.txt,D15,0,12.0,0,0,0,0,0
offline_frozen,validation,SE11/D16_SE11_R01.txt,D16,0,11.995,0,0,0,0,0
offline_frozen,validation,SE11/D16_SE11_R02.txt,D16,0,12.0,0,0,0,0,0
offline_frozen,validation,SE11/D16_SE11_R03.txt,D16,0,12.0,0,0,0,0,0
offline_frozen,validation,SE11/D16_SE11_R04.txt,D16,0,12.0,0,0,0,0,0
offline_frozen,validation,SE11/D16_SE11_R05.txt,D16,0,12.0,0,0,0,0,0
offline_frozen,validation,SE11/D17_SE11_R01.txt,D17,0,24.995,0,0,0,0,0
offline_frozen,validation,SE11/D17_SE11_R02.txt,D17,0,25.0,0,0,0,0,0
offline_frozen,validation,SE11/D17_SE11_R03.txt,D17,0,25.0,0,0,0,0,0
offline_frozen,validation,SE11/D17_SE11_R04.txt,D17,0,25.0,0,0,0,0,0
offline_frozen,validation,SE11/D17_SE11_R05.txt,D17,0,25.0,0,0,0,0,0
