scenario,split,model,activity_code,error_type,total,errors,rate
original,train,logistic_regression,D01,FP,4356,0,0.0
original,train,logistic_regression,D02,FP,4375,0,0.0
original,train,logistic_regression,D03,FP,4374,0,0.0
original,train,logistic_regression,D04,FP,3994,0,0.0
original,train,logistic_regression,D05,FP,5373,2,0.0003722315280104225
original,train,logistic_regression,D06,FP,3368,1,0.0002969121140142518
original,train,logistic_regression,D07,FP,2522,0,0.0
original,train,logistic_regression,D08,FP,2526,0,0.0
original,train,logistic_regression,D09,FP,2412,0,0.0
original,train,logistic_regression,D10,FP,2412,4,0.001658374792703151
original,train,logistic_regression,D11,FP,2512,9,0.0035828025477707007
original,train,logistic_regression,D12,FP,2526,0,0.0
original,train,logistic_regression,D13,FP,1609,17,0.010565568676196395
original,train,logistic_regression,D14,FP,2529,6,0.002372479240806643
original,train,logistic_regression,D15,FP,2527,0,0.0
original,train,logistic_regression,D16,FP,2510,0,0.0
original,train,logistic_regression,D17,FP,4921,0,0.0
original,train,logistic_regression,D18,FP,1606,11,0.00684931506849315
original,train,logistic_regression,D19,FP,1610,15,0.009316770186335404
original,train,logistic_regression,F01,FN,69,0,0.0
original,train,logistic_regression,F02,FN,70,0,0.0
original,train,logistic_regression,F03,FN,70,0,0.0
original,train,logistic_regression,F04,FN,70,0,0.0
original,train,logistic_regression,F05,FN,70,0,0.0
original,train,logistic_regression,F06,FN,70,0,0.0
original,train,logistic_regression,F07,FN,70,3,0.04285714285714286
original,train,logistic_regression,F08,FN,70,1,0.014285714285714285
original,train,logistic_regression,F09,FN,70,0,0.0
original,train,logistic_regression,F10,FN,69,4,0.057971014492753624
original,train,logistic_regression,F11,FN,70,0,0.0
original,train,logistic_regression,F12,FN,70,0,0.0
original,train,logistic_regression,F13,FN,70,3,0.04285714285714286
original,train,logistic_regression,F14,FN,70,0,0.0
original,train,logistic_regression,F15,FN,70,0,0.0
original,train,decision_tree,D01,FP,4356,0,0.0
original,train,decision_tree,D02,FP,4375,1,0.00022857142857142857
original,train,decision_tree,D03,FP,4374,12,0.0027434842249657062
original,train,decision_tree,D04,FP,3994,230,0.05758637956935403
original,train,decision_tree,D05,FP,5373,0,0.0
original,train,decision_tree,D06,FP,3368,13,0.003859857482185273
original,train,decision_tree,D07,FP,2522,0,0.0
original,train,decision_tree,D08,FP,2526,0,0.0
original,train,decision_tree,D09,FP,2412,0,0.0
original,train,decision_tree,D10,FP,2412,2,0.0008291873963515755
original,train,decision_tree,D11,FP,2512,20,0.007961783439490446
original,train,decision_tree,D12,FP,2526,0,0.0
original,train,decision_tree,D13,FP,1609,27,0.01678060907395898
original,train,decision_tree,D14,FP,2529,8,0.0031633056544088573
original,train,decision_tree,D15,FP,2527,0,0.0
original,train,decision_tree,D16,FP,2510,0,0.0
original,train,decision_tree,D17,FP,4921,0,0.0
original,train,decision_tree,D18,FP,1606,21,0.013075965130759652
original,train,decision_tree,D19,FP,1610,39,0.02422360248447205
original,train,decision_tree,F01,FN,69,2,0.028985507246376812
original,train,decision_tree,F02,FN,70,0,0.0
original,train,decision_tree,F03,FN,70,0,0.0
original,train,decision_tree,F04,FN,70,0,0.0
original,train,decision_tree,F05,FN,70,0,0.0
original,train,decision_tree,F06,FN,70,0,0.0
original,train,decision_tree,F07,FN,70,3,0.04285714285714286
original,train,decision_tree,F08,FN,70,1,0.014285714285714285
original,train,decision_tree,F09,FN,70,0,0.0
original,train,decision_tree,F10,FN,69,2,0.028985507246376812
original,train,decision_tree,F11,FN,70,0,0.0
original,train,decision_tree,F12,FN,70,0,0.0
original,train,decision_tree,F13,FN,70,3,0.04285714285714286
original,train,decision_tree,F14,FN,70,1,0.014285714285714285
original,train,decision_tree,F15,FN,70,1,0.014285714285714285
original,train,baseline,D01,FP,4356,0,0.0
original,train,baseline,D02,FP,4375,0,0.0
original,train,baseline,D03,FP,4374,1421,0.3248742569730224
original,train,baseline,D04,FP,3994,2892,0.7240861291937907
original,train,baseline,D05,FP,5373,6,0.0011166945840312675
original,train,baseline,D06,FP,3368,633,0.18794536817102137
original,train,baseline,D07,FP,2522,0,0.0
original,train,baseline,D08,FP,2526,10,0.00395882818685669
original,train,baseline,D09,FP,2412,0,0.0
original,train,baseline,D10,FP,2412,6,0.0024875621890547263
original,train,baseline,D11,FP,2512,30,0.01194267515923567
original,train,baseline,D12,FP,2526,0,0.0
original,train,baseline,D13,FP,1609,0,0.0
original,train,baseline,D14,FP,2529,0,0.0
original,train,baseline,D15,FP,2527,0,0.0
original,train,baseline,D16,FP,2510,0,0.0
original,train,baseline,D17,FP,4921,0,0.0
original,train,baseline,D18,FP,1606,115,0.07160647571606475
original,train,baseline,D19,FP,1610,463,0.2875776397515528
original,train,baseline,F01,FN,69,3,0.043478260869565216
original,train,baseline,F02,FN,70,0,0.0
original,train,baseline,F03,FN,70,1,0.014285714285714285
original,train,baseline,F04,FN,70,0,0.0
original,train,baseline,F05,FN,70,0,0.0
original,train,baseline,F06,FN,70,3,0.04285714285714286
original,train,baseline,F07,FN,70,7,0.1
original,train,baseline,F08,FN,70,6,0.08571428571428572
original,train,baseline,F09,FN,70,2,0.02857142857142857
original,train,baseline,F10,FN,69,8,0.11594202898550725
original,train,baseline,F11,FN,70,10,0.14285714285714285
original,train,baseline,F12,FN,70,3,0.04285714285714286
original,train,baseline,F13,FN,70,17,0.24285714285714285
original,train,baseline,F14,FN,70,6,0.08571428571428572
original,train,baseline,F15,FN,70,5,0.07142857142857142
original,train,C2,D01,FP,4356,0,0.0
original,train,C2,D02,FP,4375,0,0.0
original,train,C2,D03,FP,4374,39,0.008916323731138546
original,train,C2,D04,FP,3994,434,0.10866299449173761
original,train,C2,D05,FP,5373,0,0.0
original,train,C2,D06,FP,3368,49,0.014548693586698337
original,train,C2,D07,FP,2522,0,0.0
original,train,C2,D08,FP,2526,27,0.010688836104513063
original,train,C2,D09,FP,2412,6,0.0024875621890547263
original,train,C2,D10,FP,2412,81,0.033582089552238806
original,train,C2,D11,FP,2512,37,0.014729299363057325
original,train,C2,D12,FP,2526,24,0.009501187648456057
original,train,C2,D13,FP,1609,66,0.041019266625233065
original,train,C2,D14,FP,2529,185,0.07315144325820483
original,train,C2,D15,FP,2527,41,0.016224772457459437
original,train,C2,D16,FP,2510,0,0.0
original,train,C2,D17,FP,4921,4,0.000812842918106076
original,train,C2,D18,FP,1606,132,0.0821917808219178
original,train,C2,D19,FP,1610,78,0.0484472049689441
original,train,C2,F01,FN,69,0,0.0
original,train,C2,F02,FN,70,1,0.014285714285714285
original,train,C2,F03,FN,70,0,0.0
original,train,C2,F04,FN,70,0,0.0
original,train,C2,F05,FN,70,0,0.0
original,train,C2,F06,FN,70,0,0.0
original,train,C2,F07,FN,70,3,0.04285714285714286
original,train,C2,F08,FN,70,0,0.0
original,train,C2,F09,FN,70,0,0.0
original,train,C2,F10,FN,69,0,0.0
original,train,C2,F11,FN,70,6,0.08571428571428572
original,train,C2,F12,FN,70,0,0.0
original,train,C2,F13,FN,70,1,0.014285714285714285
original,train,C2,F14,FN,70,3,0.04285714285714286
original,train,C2,F15,FN,70,0,0.0
original,train,C8,D01,FP,4356,0,0.0
original,train,C8,D02,FP,4375,0,0.0
original,train,C8,D03,FP,4374,2,0.0004572473708276177
original,train,C8,D04,FP,3994,497,0.12443665498247371
original,train,C8,D05,FP,5373,0,0.0
original,train,C8,D06,FP,3368,46,0.013657957244655582
original,train,C8,D07,FP,2522,0,0.0
original,train,C8,D08,FP,2526,0,0.0
original,train,C8,D09,FP,2412,1,0.00041459369817578774
original,train,C8,D10,FP,2412,1,0.00041459369817578774
original,train,C8,D11,FP,2512,1,0.0003980891719745223
original,train,C8,D12,FP,2526,1,0.000395882818685669
original,train,C8,D13,FP,1609,40,0.024860161591050343
original,train,C8,D14,FP,2529,72,0.028469750889679714
original,train,C8,D15,FP,2527,0,0.0
original,train,C8,D16,FP,2510,0,0.0
original,train,C8,D17,FP,4921,4,0.000812842918106076
original,train,C8,D18,FP,1606,76,0.047322540473225407
original,train,C8,D19,FP,1610,23,0.014285714285714285
original,train,C8,F01,FN,69,3,0.043478260869565216
original,train,C8,F02,FN,70,0,0.0
original,train,C8,F03,FN,70,0,0.0
original,train,C8,F04,FN,70,0,0.0
original,train,C8,F05,FN,70,0,0.0
original,train,C8,F06,FN,70,0,0.0
original,train,C8,F07,FN,70,3,0.04285714285714286
original,train,C8,F08,FN,70,2,0.02857142857142857
original,train,C8,F09,FN,70,0,0.0
original,train,C8,F10,FN,69,4,0.057971014492753624
original,train,C8,F11,FN,70,0,0.0
original,train,C8,F12,FN,70,0,0.0
original,train,C8,F13,FN,70,4,0.05714285714285714
original,train,C8,F14,FN,70,7,0.1
original,train,C8,F15,FN,70,0,0.0
original,validation,logistic_regression,D01,FP,1584,0,0.0
original,validation,logistic_regression,D02,FP,1589,0,0.0
original,validation,logistic_regression,D03,FP,1592,1,0.000628140703517588
original,validation,logistic_regression,D04,FP,1592,0,0.0
original,validation,logistic_regression,D05,FP,1956,0,0.0
original,validation,logistic_regression,D06,FP,1219,1,0.0008203445447087777
original,validation,logistic_regression,D07,FP,915,0,0.0
original,validation,logistic_regression,D08,FP,917,0,0.0
original,validation,logistic_regression,D09,FP,918,0,0.0
original,validation,logistic_regression,D10,FP,919,0,0.0
original,validation,logistic_regression,D11,FP,913,1,0.001095290251916758
original,validation,logistic_regression,D12,FP,920,0,0.0
original,validation,logistic_regression,D13,FP,574,13,0.02264808362369338
original,validation,logistic_regression,D14,FP,920,12,0.013043478260869565
original,validation,logistic_regression,D15,FP,920,0,0.0
original,validation,logistic_regression,D16,FP,912,0,0.0
original,validation,logistic_regression,D17,FP,1948,7,0.003593429158110883
original,validation,logistic_regression,D18,FP,573,0,0.0
original,validation,logistic_regression,D19,FP,575,2,0.0034782608695652175
original,validation,logistic_regression,F01,FN,25,0,0.0
original,validation,logistic_regression,F02,FN,25,0,0.0
original,validation,logistic_regression,F03,FN,25,1,0.04
original,validation,logistic_regression,F04,FN,25,0,0.0
original,validation,logistic_regression,F05,FN,25,1,0.04
original,validation,logistic_regression,F06,FN,25,0,0.0
original,validation,logistic_regression,F07,FN,25,0,0.0
original,validation,logistic_regression,F08,FN,25,0,0.0
original,validation,logistic_regression,F09,FN,25,0,0.0
original,validation,logistic_regression,F10,FN,25,0,0.0
original,validation,logistic_regression,F11,FN,25,0,0.0
original,validation,logistic_regression,F12,FN,25,0,0.0
original,validation,logistic_regression,F13,FN,25,0,0.0
original,validation,logistic_regression,F14,FN,25,0,0.0
original,validation,logistic_regression,F15,FN,25,0,0.0
original,validation,decision_tree,D01,FP,1584,0,0.0
original,validation,decision_tree,D02,FP,1589,0,0.0
original,validation,decision_tree,D03,FP,1592,2,0.001256281407035176
original,validation,decision_tree,D04,FP,1592,47,0.029522613065326633
original,validation,decision_tree,D05,FP,1956,0,0.0
original,validation,decision_tree,D06,FP,1219,5,0.004101722723543888
original,validation,decision_tree,D07,FP,915,0,0.0
original,validation,decision_tree,D08,FP,917,0,0.0
original,validation,decision_tree,D09,FP,918,0,0.0
original,validation,decision_tree,D10,FP,919,0,0.0
original,validation,decision_tree,D11,FP,913,5,0.00547645125958379
original,validation,decision_tree,D12,FP,920,0,0.0
original,validation,decision_tree,D13,FP,574,15,0.02613240418118467
original,validation,decision_tree,D14,FP,920,12,0.013043478260869565
original,validation,decision_tree,D15,FP,920,0,0.0
original,validation,decision_tree,D16,FP,912,0,0.0
original,validation,decision_tree,D17,FP,1948,0,0.0
original,validation,decision_tree,D18,FP,573,11,0.019197207678883072
original,validation,decision_tree,D19,FP,575,4,0.006956521739130435
original,validation,decision_tree,F01,FN,25,0,0.0
original,validation,decision_tree,F02,FN,25,0,0.0
original,validation,decision_tree,F03,FN,25,1,0.04
original,validation,decision_tree,F04,FN,25,0,0.0
original,validation,decision_tree,F05,FN,25,0,0.0
original,validation,decision_tree,F06,FN,25,0,0.0
original,validation,decision_tree,F07,FN,25,0,0.0
original,validation,decision_tree,F08,FN,25,0,0.0
original,validation,decision_tree,F09,FN,25,0,0.0
original,validation,decision_tree,F10,FN,25,0,0.0
original,validation,decision_tree,F11,FN,25,0,0.0
original,validation,decision_tree,F12,FN,25,0,0.0
original,validation,decision_tree,F13,FN,25,0,0.0
original,validation,decision_tree,F14,FN,25,0,0.0
original,validation,decision_tree,F15,FN,25,0,0.0
original,validation,baseline,D01,FP,1584,0,0.0
original,validation,baseline,D02,FP,1589,0,0.0
original,validation,baseline,D03,FP,1592,345,0.21670854271356785
original,validation,baseline,D04,FP,1592,1203,0.7556532663316583
original,validation,baseline,D05,FP,1956,0,0.0
original,validation,baseline,D06,FP,1219,269,0.2206726825266612
original,validation,baseline,D07,FP,915,0,0.0
original,validation,baseline,D08,FP,917,0,0.0
original,validation,baseline,D09,FP,918,0,0.0
original,validation,baseline,D10,FP,919,0,0.0
original,validation,baseline,D11,FP,913,13,0.014238773274917854
original,validation,baseline,D12,FP,920,0,0.0
original,validation,baseline,D13,FP,574,0,0.0
original,validation,baseline,D14,FP,920,0,0.0
original,validation,baseline,D15,FP,920,0,0.0
original,validation,baseline,D16,FP,912,0,0.0
original,validation,baseline,D17,FP,1948,0,0.0
original,validation,baseline,D18,FP,573,52,0.09075043630017451
original,validation,baseline,D19,FP,575,153,0.26608695652173914
original,validation,baseline,F01,FN,25,1,0.04
original,validation,baseline,F02,FN,25,0,0.0
original,validation,baseline,F03,FN,25,1,0.04
original,validation,baseline,F04,FN,25,0,0.0
original,validation,baseline,F05,FN,25,0,0.0
original,validation,baseline,F06,FN,25,1,0.04
original,validation,baseline,F07,FN,25,4,0.16
original,validation,baseline,F08,FN,25,1,0.04
original,validation,baseline,F09,FN,25,2,0.08
original,validation,baseline,F10,FN,25,1,0.04
original,validation,baseline,F11,FN,25,2,0.08
original,validation,baseline,F12,FN,25,2,0.08
original,validation,baseline,F13,FN,25,10,0.4
original,validation,baseline,F14,FN,25,0,0.0
original,validation,baseline,F15,FN,25,1,0.04
original,validation,C2,D01,FP,1584,0,0.0
original,validation,C2,D02,FP,1589,19,0.01195720578980491
original,validation,C2,D03,FP,1592,13,0.008165829145728644
original,validation,C2,D04,FP,1592,56,0.035175879396984924
original,validation,C2,D05,FP,1956,0,0.0
original,validation,C2,D06,FP,1219,0,0.0
original,validation,C2,D07,FP,915,0,0.0
original,validation,C2,D08,FP,917,20,0.021810250817884406
original,validation,C2,D09,FP,918,20,0.02178649237472767
original,validation,C2,D10,FP,919,30,0.03264417845484222
original,validation,C2,D11,FP,913,2,0.002190580503833516
original,validation,C2,D12,FP,920,4,0.004347826086956522
original,validation,C2,D13,FP,574,43,0.07491289198606271
original,validation,C2,D14,FP,920,90,0.09782608695652174
original,validation,C2,D15,FP,920,0,0.0
original,validation,C2,D16,FP,912,0,0.0
original,validation,C2,D17,FP,1948,0,0.0
original,validation,C2,D18,FP,573,44,0.07678883071553229
original,validation,C2,D19,FP,575,17,0.029565217391304348
original,validation,C2,F01,FN,25,0,0.0
original,validation,C2,F02,FN,25,0,0.0
original,validation,C2,F03,FN,25,1,0.04
original,validation,C2,F04,FN,25,0,0.0
original,validation,C2,F05,FN,25,1,0.04
original,validation,C2,F06,FN,25,0,0.0
original,validation,C2,F07,FN,25,0,0.0
original,validation,C2,F08,FN,25,0,0.0
original,validation,C2,F09,FN,25,0,0.0
original,validation,C2,F10,FN,25,0,0.0
original,validation,C2,F11,FN,25,2,0.08
original,validation,C2,F12,FN,25,0,0.0
original,validation,C2,F13,FN,25,1,0.04
original,validation,C2,F14,FN,25,0,0.0
original,validation,C2,F15,FN,25,0,0.0
original,validation,C8,D01,FP,1584,0,0.0
original,validation,C8,D02,FP,1589,0,0.0
original,validation,C8,D03,FP,1592,1,0.000628140703517588
original,validation,C8,D04,FP,1592,226,0.14195979899497488
original,validation,C8,D05,FP,1956,0,0.0
original,validation,C8,D06,FP,1219,1,0.0008203445447087777
original,validation,C8,D07,FP,915,0,0.0
original,validation,C8,D08,FP,917,0,0.0
original,validation,C8,D09,FP,918,0,0.0
original,validation,C8,D10,FP,919,2,0.002176278563656148
original,validation,C8,D11,FP,913,0,0.0
original,validation,C8,D12,FP,920,0,0.0
original,validation,C8,D13,FP,574,28,0.04878048780487805
original,validation,C8,D14,FP,920,54,0.058695652173913045
original,validation,C8,D15,FP,920,0,0.0
original,validation,C8,D16,FP,912,0,0.0
original,validation,C8,D17,FP,1948,0,0.0
original,validation,C8,D18,FP,573,25,0.04363001745200698
original,validation,C8,D19,FP,575,2,0.0034782608695652175
original,validation,C8,F01,FN,25,0,0.0
original,validation,C8,F02,FN,25,0,0.0
original,validation,C8,F03,FN,25,1,0.04
original,validation,C8,F04,FN,25,0,0.0
original,validation,C8,F05,FN,25,0,0.0
original,validation,C8,F06,FN,25,0,0.0
original,validation,C8,F07,FN,25,0,0.0
original,validation,C8,F08,FN,25,0,0.0
original,validation,C8,F09,FN,25,0,0.0
original,validation,C8,F10,FN,25,0,0.0
original,validation,C8,F11,FN,25,0,0.0
original,validation,C8,F12,FN,25,0,0.0
original,validation,C8,F13,FN,25,4,0.16
original,validation,C8,F14,FN,25,0,0.0
original,validation,C8,F15,FN,25,0,0.0
original,test,logistic_regression,D01,FP,1744,0,0.0
original,test,logistic_regression,D02,FP,1752,0,0.0
original,test,logistic_regression,D03,FP,1751,0,0.0
original,test,logistic_regression,D04,FP,1751,0,0.0
original,test,logistic_regression,D05,FP,1956,0,0.0
original,test,logistic_regression,D06,FP,1174,0,0.0
original,test,logistic_regression,D07,FP,916,0,0.0
original,test,logistic_regression,D08,FP,920,0,0.0
original,test,logistic_regression,D09,FP,920,0,0.0
original,test,logistic_regression,D10,FP,919,0,0.0
original,test,logistic_regression,D11,FP,900,2,0.0022222222222222222
original,test,logistic_regression,D12,FP,917,0,0.0
original,test,logistic_regression,D13,FP,574,8,0.013937282229965157
original,test,logistic_regression,D14,FP,917,1,0.0010905125408942203
original,test,logistic_regression,D15,FP,900,0,0.0
original,test,logistic_regression,D16,FP,894,0,0.0
original,test,logistic_regression,D17,FP,1870,0,0.0
original,test,logistic_regression,D18,FP,574,0,0.0
original,test,logistic_regression,D19,FP,574,1,0.0017421602787456446
original,test,logistic_regression,F01,FN,25,0,0.0
original,test,logistic_regression,F02,FN,25,1,0.04
original,test,logistic_regression,F03,FN,25,0,0.0
original,test,logistic_regression,F04,FN,25,0,0.0
original,test,logistic_regression,F05,FN,25,5,0.2
original,test,logistic_regression,F06,FN,25,0,0.0
original,test,logistic_regression,F07,FN,25,0,0.0
original,test,logistic_regression,F08,FN,25,0,0.0
original,test,logistic_regression,F09,FN,25,0,0.0
original,test,logistic_regression,F10,FN,25,1,0.04
original,test,logistic_regression,F11,FN,25,0,0.0
original,test,logistic_regression,F12,FN,25,0,0.0
original,test,logistic_regression,F13,FN,25,2,0.08
original,test,logistic_regression,F14,FN,25,1,0.04
original,test,logistic_regression,F15,FN,25,1,0.04
original,test,decision_tree,D01,FP,1744,0,0.0
original,test,decision_tree,D02,FP,1752,0,0.0
original,test,decision_tree,D03,FP,1751,0,0.0
original,test,decision_tree,D04,FP,1751,2,0.001142204454597373
original,test,decision_tree,D05,FP,1956,0,0.0
original,test,decision_tree,D06,FP,1174,0,0.0
original,test,decision_tree,D07,FP,916,0,0.0
original,test,decision_tree,D08,FP,920,0,0.0
original,test,decision_tree,D09,FP,920,0,0.0
original,test,decision_tree,D10,FP,919,0,0.0
original,test,decision_tree,D11,FP,900,2,0.0022222222222222222
original,test,decision_tree,D12,FP,917,0,0.0
original,test,decision_tree,D13,FP,574,12,0.020905923344947737
original,test,decision_tree,D14,FP,917,0,0.0
original,test,decision_tree,D15,FP,900,0,0.0
original,test,decision_tree,D16,FP,894,0,0.0
original,test,decision_tree,D17,FP,1870,0,0.0
original,test,decision_tree,D18,FP,574,10,0.017421602787456445
original,test,decision_tree,D19,FP,574,0,0.0
original,test,decision_tree,F01,FN,25,0,0.0
original,test,decision_tree,F02,FN,25,1,0.04
original,test,decision_tree,F03,FN,25,0,0.0
original,test,decision_tree,F04,FN,25,0,0.0
original,test,decision_tree,F05,FN,25,5,0.2
original,test,decision_tree,F06,FN,25,0,0.0
original,test,decision_tree,F07,FN,25,0,0.0
original,test,decision_tree,F08,FN,25,1,0.04
original,test,decision_tree,F09,FN,25,0,0.0
original,test,decision_tree,F10,FN,25,0,0.0
original,test,decision_tree,F11,FN,25,2,0.08
original,test,decision_tree,F12,FN,25,0,0.0
original,test,decision_tree,F13,FN,25,2,0.08
original,test,decision_tree,F14,FN,25,2,0.08
original,test,decision_tree,F15,FN,25,0,0.0
original,test,baseline,D01,FP,1744,0,0.0
original,test,baseline,D02,FP,1752,0,0.0
original,test,baseline,D03,FP,1751,427,0.24386065105653912
original,test,baseline,D04,FP,1751,1476,0.8429468874928612
original,test,baseline,D05,FP,1956,0,0.0
original,test,baseline,D06,FP,1174,193,0.1643952299829642
original,test,baseline,D07,FP,916,0,0.0
original,test,baseline,D08,FP,920,4,0.004347826086956522
original,test,baseline,D09,FP,920,0,0.0
original,test,baseline,D10,FP,919,0,0.0
original,test,baseline,D11,FP,900,8,0.008888888888888889
original,test,baseline,D12,FP,917,0,0.0
original,test,baseline,D13,FP,574,0,0.0
original,test,baseline,D14,FP,917,0,0.0
original,test,baseline,D15,FP,900,0,0.0
original,test,baseline,D16,FP,894,0,0.0
original,test,baseline,D17,FP,1870,0,0.0
original,test,baseline,D18,FP,574,37,0.06445993031358885
original,test,baseline,D19,FP,574,151,0.26306620209059234
original,test,baseline,F01,FN,25,0,0.0
original,test,baseline,F02,FN,25,0,0.0
original,test,baseline,F03,FN,25,2,0.08
original,test,baseline,F04,FN,25,0,0.0
original,test,baseline,F05,FN,25,0,0.0
original,test,baseline,F06,FN,25,0,0.0
original,test,baseline,F07,FN,25,2,0.08
original,test,baseline,F08,FN,25,4,0.16
original,test,baseline,F09,FN,25,4,0.16
original,test,baseline,F10,FN,25,4,0.16
original,test,baseline,F11,FN,25,2,0.08
original,test,baseline,F12,FN,25,1,0.04
original,test,baseline,F13,FN,25,6,0.24
original,test,baseline,F14,FN,25,5,0.2
original,test,baseline,F15,FN,25,6,0.24
original,test,C2,D01,FP,1744,0,0.0
original,test,C2,D02,FP,1752,0,0.0
original,test,C2,D03,FP,1751,304,0.1736150770988007
original,test,C2,D04,FP,1751,605,0.3455168475157053
original,test,C2,D05,FP,1956,0,0.0
original,test,C2,D06,FP,1174,13,0.011073253833049404
original,test,C2,D07,FP,916,0,0.0
original,test,C2,D08,FP,920,2,0.002173913043478261
original,test,C2,D09,FP,920,2,0.002173913043478261
original,test,C2,D10,FP,919,10,0.01088139281828074
original,test,C2,D11,FP,900,0,0.0
original,test,C2,D12,FP,917,0,0.0
original,test,C2,D13,FP,574,25,0.04355400696864112
original,test,C2,D14,FP,917,47,0.05125408942202835
original,test,C2,D15,FP,900,0,0.0
original,test,C2,D16,FP,894,0,0.0
original,test,C2,D17,FP,1870,0,0.0
original,test,C2,D18,FP,574,32,0.05574912891986063
original,test,C2,D19,FP,574,0,0.0
original,test,C2,F01,FN,25,0,0.0
original,test,C2,F02,FN,25,1,0.04
original,test,C2,F03,FN,25,0,0.0
original,test,C2,F04,FN,25,0,0.0
original,test,C2,F05,FN,25,5,0.2
original,test,C2,F06,FN,25,0,0.0
original,test,C2,F07,FN,25,0,0.0
original,test,C2,F08,FN,25,0,0.0
original,test,C2,F09,FN,25,0,0.0
original,test,C2,F10,FN,25,0,0.0
original,test,C2,F11,FN,25,11,0.44
original,test,C2,F12,FN,25,0,0.0
original,test,C2,F13,FN,25,1,0.04
original,test,C2,F14,FN,25,0,0.0
original,test,C2,F15,FN,25,0,0.0
original,test,C8,D01,FP,1744,0,0.0
original,test,C8,D02,FP,1752,0,0.0
original,test,C8,D03,FP,1751,8,0.004568817818389492
original,test,C8,D04,FP,1751,305,0.17418617932609937
original,test,C8,D05,FP,1956,0,0.0
original,test,C8,D06,FP,1174,18,0.015332197614991482
original,test,C8,D07,FP,916,0,0.0
original,test,C8,D08,FP,920,0,0.0
original,test,C8,D09,FP,920,0,0.0
original,test,C8,D10,FP,919,4,0.004352557127312296
original,test,C8,D11,FP,900,0,0.0
original,test,C8,D12,FP,917,0,0.0
original,test,C8,D13,FP,574,16,0.027874564459930314
original,test,C8,D14,FP,917,13,0.014176663031624863
original,test,C8,D15,FP,900,0,0.0
original,test,C8,D16,FP,894,0,0.0
original,test,C8,D17,FP,1870,0,0.0
original,test,C8,D18,FP,574,18,0.0313588850174216
original,test,C8,D19,FP,574,0,0.0
original,test,C8,F01,FN,25,0,0.0
original,test,C8,F02,FN,25,0,0.0
original,test,C8,F03,FN,25,0,0.0
original,test,C8,F04,FN,25,0,0.0
original,test,C8,F05,FN,25,5,0.2
original,test,C8,F06,FN,25,0,0.0
original,test,C8,F07,FN,25,0,0.0
original,test,C8,F08,FN,25,1,0.04
original,test,C8,F09,FN,25,0,0.0
original,test,C8,F10,FN,25,0,0.0
original,test,C8,F11,FN,25,1,0.04
original,test,C8,F12,FN,25,0,0.0
original,test,C8,F13,FN,25,1,0.04
original,test,C8,F14,FN,25,6,0.24
original,test,C8,F15,FN,25,2,0.08
random_00,validation,logistic_regression,D01,FP,1584,0,0.0
random_00,validation,logistic_regression,D02,FP,1589,0,0.0
random_00,validation,logistic_regression,D03,FP,1592,1,0.000628140703517588
random_00,validation,logistic_regression,D04,FP,1592,0,0.0
random_00,validation,logistic_regression,D05,FP,1956,0,0.0
random_00,validation,logistic_regression,D06,FP,1219,1,0.0008203445447087777
random_00,validation,logistic_regression,D07,FP,915,0,0.0
random_00,validation,logistic_regression,D08,FP,917,0,0.0
random_00,validation,logistic_regression,D09,FP,918,0,0.0
random_00,validation,logistic_regression,D10,FP,919,0,0.0
random_00,validation,logistic_regression,D11,FP,913,1,0.001095290251916758
random_00,validation,logistic_regression,D12,FP,920,0,0.0
random_00,validation,logistic_regression,D13,FP,574,13,0.02264808362369338
random_00,validation,logistic_regression,D14,FP,920,12,0.013043478260869565
random_00,validation,logistic_regression,D15,FP,920,0,0.0
random_00,validation,logistic_regression,D16,FP,912,0,0.0
random_00,validation,logistic_regression,D17,FP,1948,7,0.003593429158110883
random_00,validation,logistic_regression,D18,FP,573,0,0.0
random_00,validation,logistic_regression,D19,FP,575,2,0.0034782608695652175
random_00,validation,logistic_regression,F01,FN,25,0,0.0
random_00,validation,logistic_regression,F02,FN,25,0,0.0
random_00,validation,logistic_regression,F03,FN,25,1,0.04
random_00,validation,logistic_regression,F04,FN,25,0,0.0
random_00,validation,logistic_regression,F05,FN,25,1,0.04
random_00,validation,logistic_regression,F06,FN,25,0,0.0
random_00,validation,logistic_regression,F07,FN,25,0,0.0
random_00,validation,logistic_regression,F08,FN,25,0,0.0
random_00,validation,logistic_regression,F09,FN,25,0,0.0
random_00,validation,logistic_regression,F10,FN,25,0,0.0
random_00,validation,logistic_regression,F11,FN,25,0,0.0
random_00,validation,logistic_regression,F12,FN,25,0,0.0
random_00,validation,logistic_regression,F13,FN,25,0,0.0
random_00,validation,logistic_regression,F14,FN,25,0,0.0
random_00,validation,logistic_regression,F15,FN,25,0,0.0
random_00,validation,decision_tree,D01,FP,1584,0,0.0
random_00,validation,decision_tree,D02,FP,1589,0,0.0
random_00,validation,decision_tree,D03,FP,1592,2,0.001256281407035176
random_00,validation,decision_tree,D04,FP,1592,47,0.029522613065326633
random_00,validation,decision_tree,D05,FP,1956,0,0.0
random_00,validation,decision_tree,D06,FP,1219,5,0.004101722723543888
random_00,validation,decision_tree,D07,FP,915,0,0.0
random_00,validation,decision_tree,D08,FP,917,0,0.0
random_00,validation,decision_tree,D09,FP,918,0,0.0
random_00,validation,decision_tree,D10,FP,919,0,0.0
random_00,validation,decision_tree,D11,FP,913,5,0.00547645125958379
random_00,validation,decision_tree,D12,FP,920,0,0.0
random_00,validation,decision_tree,D13,FP,574,15,0.02613240418118467
random_00,validation,decision_tree,D14,FP,920,12,0.013043478260869565
random_00,validation,decision_tree,D15,FP,920,0,0.0
random_00,validation,decision_tree,D16,FP,912,0,0.0
random_00,validation,decision_tree,D17,FP,1948,0,0.0
random_00,validation,decision_tree,D18,FP,573,11,0.019197207678883072
random_00,validation,decision_tree,D19,FP,575,4,0.006956521739130435
random_00,validation,decision_tree,F01,FN,25,0,0.0
random_00,validation,decision_tree,F02,FN,25,0,0.0
random_00,validation,decision_tree,F03,FN,25,1,0.04
random_00,validation,decision_tree,F04,FN,25,0,0.0
random_00,validation,decision_tree,F05,FN,25,0,0.0
random_00,validation,decision_tree,F06,FN,25,0,0.0
random_00,validation,decision_tree,F07,FN,25,0,0.0
random_00,validation,decision_tree,F08,FN,25,0,0.0
random_00,validation,decision_tree,F09,FN,25,0,0.0
random_00,validation,decision_tree,F10,FN,25,0,0.0
random_00,validation,decision_tree,F11,FN,25,0,0.0
random_00,validation,decision_tree,F12,FN,25,0,0.0
random_00,validation,decision_tree,F13,FN,25,0,0.0
random_00,validation,decision_tree,F14,FN,25,0,0.0
random_00,validation,decision_tree,F15,FN,25,0,0.0
random_00,validation,baseline,D01,FP,1584,0,0.0
random_00,validation,baseline,D02,FP,1589,0,0.0
random_00,validation,baseline,D03,FP,1592,345,0.21670854271356785
random_00,validation,baseline,D04,FP,1592,1203,0.7556532663316583
random_00,validation,baseline,D05,FP,1956,0,0.0
random_00,validation,baseline,D06,FP,1219,269,0.2206726825266612
random_00,validation,baseline,D07,FP,915,0,0.0
random_00,validation,baseline,D08,FP,917,0,0.0
random_00,validation,baseline,D09,FP,918,0,0.0
random_00,validation,baseline,D10,FP,919,0,0.0
random_00,validation,baseline,D11,FP,913,13,0.014238773274917854
random_00,validation,baseline,D12,FP,920,0,0.0
random_00,validation,baseline,D13,FP,574,0,0.0
random_00,validation,baseline,D14,FP,920,0,0.0
random_00,validation,baseline,D15,FP,920,0,0.0
random_00,validation,baseline,D16,FP,912,0,0.0
random_00,validation,baseline,D17,FP,1948,0,0.0
random_00,validation,baseline,D18,FP,573,52,0.09075043630017451
random_00,validation,baseline,D19,FP,575,153,0.26608695652173914
random_00,validation,baseline,F01,FN,25,1,0.04
random_00,validation,baseline,F02,FN,25,0,0.0
random_00,validation,baseline,F03,FN,25,1,0.04
random_00,validation,baseline,F04,FN,25,0,0.0
random_00,validation,baseline,F05,FN,25,0,0.0
random_00,validation,baseline,F06,FN,25,1,0.04
random_00,validation,baseline,F07,FN,25,4,0.16
random_00,validation,baseline,F08,FN,25,1,0.04
random_00,validation,baseline,F09,FN,25,2,0.08
random_00,validation,baseline,F10,FN,25,1,0.04
random_00,validation,baseline,F11,FN,25,2,0.08
random_00,validation,baseline,F12,FN,25,2,0.08
random_00,validation,baseline,F13,FN,25,10,0.4
random_00,validation,baseline,F14,FN,25,0,0.0
random_00,validation,baseline,F15,FN,25,1,0.04
random_00,validation,C2,D01,FP,1584,404,0.255050505050505
random_00,validation,C2,D02,FP,1589,1000,0.6293266205160478
random_00,validation,C2,D03,FP,1592,1291,0.8109296482412061
random_00,validation,C2,D04,FP,1592,1394,0.8756281407035176
random_00,validation,C2,D05,FP,1956,671,0.3430470347648262
random_00,validation,C2,D06,FP,1219,318,0.2608695652173913
random_00,validation,C2,D07,FP,915,5,0.00546448087431694
random_00,validation,C2,D08,FP,917,130,0.14176663031624864
random_00,validation,C2,D09,FP,918,42,0.0457516339869281
random_00,validation,C2,D10,FP,919,122,0.13275299238302501
random_00,validation,C2,D11,FP,913,86,0.09419496166484119
random_00,validation,C2,D12,FP,920,4,0.004347826086956522
random_00,validation,C2,D13,FP,574,25,0.04355400696864112
random_00,validation,C2,D14,FP,920,53,0.057608695652173914
random_00,validation,C2,D15,FP,920,5,0.005434782608695652
random_00,validation,C2,D16,FP,912,0,0.0
random_00,validation,C2,D17,FP,1948,31,0.01591375770020534
random_00,validation,C2,D18,FP,573,196,0.34205933682373474
random_00,validation,C2,D19,FP,575,149,0.2591304347826087
random_00,validation,C2,F01,FN,25,2,0.08
random_00,validation,C2,F02,FN,25,2,0.08
random_00,validation,C2,F03,FN,25,1,0.04
random_00,validation,C2,F04,FN,25,0,0.0
random_00,validation,C2,F05,FN,25,0,0.0
random_00,validation,C2,F06,FN,25,0,0.0
random_00,validation,C2,F07,FN,25,0,0.0
random_00,validation,C2,F08,FN,25,0,0.0
random_00,validation,C2,F09,FN,25,1,0.04
random_00,validation,C2,F10,FN,25,1,0.04
random_00,validation,C2,F11,FN,25,1,0.04
random_00,validation,C2,F12,FN,25,1,0.04
random_00,validation,C2,F13,FN,25,2,0.08
random_00,validation,C2,F14,FN,25,0,0.0
random_00,validation,C2,F15,FN,25,2,0.08
random_00,validation,C8,D01,FP,1584,0,0.0
random_00,validation,C8,D02,FP,1589,161,0.1013215859030837
random_00,validation,C8,D03,FP,1592,1209,0.7594221105527639
random_00,validation,C8,D04,FP,1592,1426,0.8957286432160804
random_00,validation,C8,D05,FP,1956,14,0.007157464212678937
random_00,validation,C8,D06,FP,1219,254,0.20836751435602954
random_00,validation,C8,D07,FP,915,0,0.0
random_00,validation,C8,D08,FP,917,12,0.013086150490730643
random_00,validation,C8,D09,FP,918,0,0.0
random_00,validation,C8,D10,FP,919,29,0.031556039173014146
random_00,validation,C8,D11,FP,913,17,0.018619934282584884
random_00,validation,C8,D12,FP,920,1,0.0010869565217391304
random_00,validation,C8,D13,FP,574,38,0.06620209059233449
random_00,validation,C8,D14,FP,920,24,0.02608695652173913
random_00,validation,C8,D15,FP,920,0,0.0
random_00,validation,C8,D16,FP,912,2,0.0021929824561403508
random_00,validation,C8,D17,FP,1948,0,0.0
random_00,validation,C8,D18,FP,573,51,0.08900523560209424
random_00,validation,C8,D19,FP,575,113,0.19652173913043477
random_00,validation,C8,F01,FN,25,1,0.04
random_00,validation,C8,F02,FN,25,0,0.0
random_00,validation,C8,F03,FN,25,1,0.04
random_00,validation,C8,F04,FN,25,0,0.0
random_00,validation,C8,F05,FN,25,0,0.0
random_00,validation,C8,F06,FN,25,0,0.0
random_00,validation,C8,F07,FN,25,0,0.0
random_00,validation,C8,F08,FN,25,1,0.04
random_00,validation,C8,F09,FN,25,0,0.0
random_00,validation,C8,F10,FN,25,2,0.08
random_00,validation,C8,F11,FN,25,0,0.0
random_00,validation,C8,F12,FN,25,0,0.0
random_00,validation,C8,F13,FN,25,2,0.08
random_00,validation,C8,F14,FN,25,0,0.0
random_00,validation,C8,F15,FN,25,0,0.0
random_00,test,logistic_regression,D01,FP,1744,0,0.0
random_00,test,logistic_regression,D02,FP,1752,0,0.0
random_00,test,logistic_regression,D03,FP,1751,0,0.0
random_00,test,logistic_regression,D04,FP,1751,0,0.0
random_00,test,logistic_regression,D05,FP,1956,0,0.0
random_00,test,logistic_regression,D06,FP,1174,0,0.0
random_00,test,logistic_regression,D07,FP,916,0,0.0
random_00,test,logistic_regression,D08,FP,920,0,0.0
random_00,test,logistic_regression,D09,FP,920,0,0.0
random_00,test,logistic_regression,D10,FP,919,0,0.0
random_00,test,logistic_regression,D11,FP,900,2,0.0022222222222222222
random_00,test,logistic_regression,D12,FP,917,0,0.0
random_00,test,logistic_regression,D13,FP,574,8,0.013937282229965157
random_00,test,logistic_regression,D14,FP,917,1,0.0010905125408942203
random_00,test,logistic_regression,D15,FP,900,0,0.0
random_00,test,logistic_regression,D16,FP,894,0,0.0
random_00,test,logistic_regression,D17,FP,1870,0,0.0
random_00,test,logistic_regression,D18,FP,574,0,0.0
random_00,test,logistic_regression,D19,FP,574,1,0.0017421602787456446
random_00,test,logistic_regression,F01,FN,25,0,0.0
random_00,test,logistic_regression,F02,FN,25,1,0.04
random_00,test,logistic_regression,F03,FN,25,0,0.0
random_00,test,logistic_regression,F04,FN,25,0,0.0
random_00,test,logistic_regression,F05,FN,25,5,0.2
random_00,test,logistic_regression,F06,FN,25,0,0.0
random_00,test,logistic_regression,F07,FN,25,0,0.0
random_00,test,logistic_regression,F08,FN,25,0,0.0
random_00,test,logistic_regression,F09,FN,25,0,0.0
random_00,test,logistic_regression,F10,FN,25,1,0.04
random_00,test,logistic_regression,F11,FN,25,0,0.0
random_00,test,logistic_regression,F12,FN,25,0,0.0
random_00,test,logistic_regression,F13,FN,25,2,0.08
random_00,test,logistic_regression,F14,FN,25,1,0.04
random_00,test,logistic_regression,F15,FN,25,1,0.04
random_00,test,decision_tree,D01,FP,1744,0,0.0
random_00,test,decision_tree,D02,FP,1752,0,0.0
random_00,test,decision_tree,D03,FP,1751,0,0.0
random_00,test,decision_tree,D04,FP,1751,2,0.001142204454597373
random_00,test,decision_tree,D05,FP,1956,0,0.0
random_00,test,decision_tree,D06,FP,1174,0,0.0
random_00,test,decision_tree,D07,FP,916,0,0.0
random_00,test,decision_tree,D08,FP,920,0,0.0
random_00,test,decision_tree,D09,FP,920,0,0.0
random_00,test,decision_tree,D10,FP,919,0,0.0
random_00,test,decision_tree,D11,FP,900,2,0.0022222222222222222
random_00,test,decision_tree,D12,FP,917,0,0.0
random_00,test,decision_tree,D13,FP,574,12,0.020905923344947737
random_00,test,decision_tree,D14,FP,917,0,0.0
random_00,test,decision_tree,D15,FP,900,0,0.0
random_00,test,decision_tree,D16,FP,894,0,0.0
random_00,test,decision_tree,D17,FP,1870,0,0.0
random_00,test,decision_tree,D18,FP,574,10,0.017421602787456445
random_00,test,decision_tree,D19,FP,574,0,0.0
random_00,test,decision_tree,F01,FN,25,0,0.0
random_00,test,decision_tree,F02,FN,25,1,0.04
random_00,test,decision_tree,F03,FN,25,0,0.0
random_00,test,decision_tree,F04,FN,25,0,0.0
random_00,test,decision_tree,F05,FN,25,5,0.2
random_00,test,decision_tree,F06,FN,25,0,0.0
random_00,test,decision_tree,F07,FN,25,0,0.0
random_00,test,decision_tree,F08,FN,25,1,0.04
random_00,test,decision_tree,F09,FN,25,0,0.0
random_00,test,decision_tree,F10,FN,25,0,0.0
random_00,test,decision_tree,F11,FN,25,2,0.08
random_00,test,decision_tree,F12,FN,25,0,0.0
random_00,test,decision_tree,F13,FN,25,2,0.08
random_00,test,decision_tree,F14,FN,25,2,0.08
random_00,test,decision_tree,F15,FN,25,0,0.0
random_00,test,baseline,D01,FP,1744,0,0.0
random_00,test,baseline,D02,FP,1752,0,0.0
random_00,test,baseline,D03,FP,1751,427,0.24386065105653912
random_00,test,baseline,D04,FP,1751,1476,0.8429468874928612
random_00,test,baseline,D05,FP,1956,0,0.0
random_00,test,baseline,D06,FP,1174,193,0.1643952299829642
random_00,test,baseline,D07,FP,916,0,0.0
random_00,test,baseline,D08,FP,920,4,0.004347826086956522
random_00,test,baseline,D09,FP,920,0,0.0
random_00,test,baseline,D10,FP,919,0,0.0
random_00,test,baseline,D11,FP,900,8,0.008888888888888889
random_00,test,baseline,D12,FP,917,0,0.0
random_00,test,baseline,D13,FP,574,0,0.0
random_00,test,baseline,D14,FP,917,0,0.0
random_00,test,baseline,D15,FP,900,0,0.0
random_00,test,baseline,D16,FP,894,0,0.0
random_00,test,baseline,D17,FP,1870,0,0.0
random_00,test,baseline,D18,FP,574,37,0.06445993031358885
random_00,test,baseline,D19,FP,574,151,0.26306620209059234
random_00,test,baseline,F01,FN,25,0,0.0
random_00,test,baseline,F02,FN,25,0,0.0
random_00,test,baseline,F03,FN,25,2,0.08
random_00,test,baseline,F04,FN,25,0,0.0
random_00,test,baseline,F05,FN,25,0,0.0
random_00,test,baseline,F06,FN,25,0,0.0
random_00,test,baseline,F07,FN,25,2,0.08
random_00,test,baseline,F08,FN,25,4,0.16
random_00,test,baseline,F09,FN,25,4,0.16
random_00,test,baseline,F10,FN,25,4,0.16
random_00,test,baseline,F11,FN,25,2,0.08
random_00,test,baseline,F12,FN,25,1,0.04
random_00,test,baseline,F13,FN,25,6,0.24
random_00,test,baseline,F14,FN,25,5,0.2
random_00,test,baseline,F15,FN,25,6,0.24
random_00,test,C2,D01,FP,1744,399,0.22878440366972477
random_00,test,C2,D02,FP,1752,1020,0.5821917808219178
random_00,test,C2,D03,FP,1751,1404,0.8018275271273558
random_00,test,C2,D04,FP,1751,1561,0.8914905768132496
random_00,test,C2,D05,FP,1956,662,0.33844580777096117
random_00,test,C2,D06,FP,1174,309,0.2632027257240204
random_00,test,C2,D07,FP,916,14,0.015283842794759825
random_00,test,C2,D08,FP,920,127,0.13804347826086957
random_00,test,C2,D09,FP,920,42,0.04565217391304348
random_00,test,C2,D10,FP,919,114,0.12404787812840043
random_00,test,C2,D11,FP,900,83,0.09222222222222222
random_00,test,C2,D12,FP,917,0,0.0
random_00,test,C2,D13,FP,574,6,0.010452961672473868
random_00,test,C2,D14,FP,917,21,0.022900763358778626
random_00,test,C2,D15,FP,900,16,0.017777777777777778
random_00,test,C2,D16,FP,894,0,0.0
random_00,test,C2,D17,FP,1870,51,0.02727272727272727
random_00,test,C2,D18,FP,574,190,0.3310104529616725
random_00,test,C2,D19,FP,574,143,0.24912891986062718
random_00,test,C2,F01,FN,25,0,0.0
random_00,test,C2,F02,FN,25,0,0.0
random_00,test,C2,F03,FN,25,0,0.0
random_00,test,C2,F04,FN,25,0,0.0
random_00,test,C2,F05,FN,25,0,0.0
random_00,test,C2,F06,FN,25,0,0.0
random_00,test,C2,F07,FN,25,0,0.0
random_00,test,C2,F08,FN,25,2,0.08
random_00,test,C2,F09,FN,25,3,0.12
random_00,test,C2,F10,FN,25,2,0.08
random_00,test,C2,F11,FN,25,2,0.08
random_00,test,C2,F12,FN,25,0,0.0
random_00,test,C2,F13,FN,25,1,0.04
random_00,test,C2,F14,FN,25,2,0.08
random_00,test,C2,F15,FN,25,4,0.16
random_00,test,C8,D01,FP,1744,0,0.0
random_00,test,C8,D02,FP,1752,64,0.0365296803652968
random_00,test,C8,D03,FP,1751,1253,0.7155910908052542
random_00,test,C8,D04,FP,1751,1583,0.9040548258138207
random_00,test,C8,D05,FP,1956,0,0.0
random_00,test,C8,D06,FP,1174,229,0.1950596252129472
random_00,test,C8,D07,FP,916,0,0.0
random_00,test,C8,D08,FP,920,5,0.005434782608695652
random_00,test,C8,D09,FP,920,0,0.0
random_00,test,C8,D10,FP,919,12,0.013057671381936888
random_00,test,C8,D11,FP,900,10,0.011111111111111112
random_00,test,C8,D12,FP,917,0,0.0
random_00,test,C8,D13,FP,574,28,0.04878048780487805
random_00,test,C8,D14,FP,917,4,0.004362050163576881
random_00,test,C8,D15,FP,900,0,0.0
random_00,test,C8,D16,FP,894,2,0.0022371364653243847
random_00,test,C8,D17,FP,1870,0,0.0
random_00,test,C8,D18,FP,574,52,0.09059233449477352
random_00,test,C8,D19,FP,574,97,0.16898954703832753
random_00,test,C8,F01,FN,25,0,0.0
random_00,test,C8,F02,FN,25,0,0.0
random_00,test,C8,F03,FN,25,0,0.0
random_00,test,C8,F04,FN,25,0,0.0
random_00,test,C8,F05,FN,25,0,0.0
random_00,test,C8,F06,FN,25,0,0.0
random_00,test,C8,F07,FN,25,1,0.04
random_00,test,C8,F08,FN,25,2,0.08
random_00,test,C8,F09,FN,25,0,0.0
random_00,test,C8,F10,FN,25,2,0.08
random_00,test,C8,F11,FN,25,0,0.0
random_00,test,C8,F12,FN,25,0,0.0
random_00,test,C8,F13,FN,25,2,0.08
random_00,test,C8,F14,FN,25,2,0.08
random_00,test,C8,F15,FN,25,0,0.0
random_01,validation,logistic_regression,D01,FP,1584,0,0.0
random_01,validation,logistic_regression,D02,FP,1589,0,0.0
random_01,validation,logistic_regression,D03,FP,1592,1,0.000628140703517588
random_01,validation,logistic_regression,D04,FP,1592,0,0.0
random_01,validation,logistic_regression,D05,FP,1956,0,0.0
random_01,validation,logistic_regression,D06,FP,1219,1,0.0008203445447087777
random_01,validation,logistic_regression,D07,FP,915,0,0.0
random_01,validation,logistic_regression,D08,FP,917,0,0.0
random_01,validation,logistic_regression,D09,FP,918,0,0.0
random_01,validation,logistic_regression,D10,FP,919,0,0.0
random_01,validation,logistic_regression,D11,FP,913,1,0.001095290251916758
random_01,validation,logistic_regression,D12,FP,920,0,0.0
random_01,validation,logistic_regression,D13,FP,574,13,0.02264808362369338
random_01,validation,logistic_regression,D14,FP,920,12,0.013043478260869565
random_01,validation,logistic_regression,D15,FP,920,0,0.0
random_01,validation,logistic_regression,D16,FP,912,0,0.0
random_01,validation,logistic_regression,D17,FP,1948,7,0.003593429158110883
random_01,validation,logistic_regression,D18,FP,573,0,0.0
random_01,validation,logistic_regression,D19,FP,575,2,0.0034782608695652175
random_01,validation,logistic_regression,F01,FN,25,0,0.0
random_01,validation,logistic_regression,F02,FN,25,0,0.0
random_01,validation,logistic_regression,F03,FN,25,1,0.04
random_01,validation,logistic_regression,F04,FN,25,0,0.0
random_01,validation,logistic_regression,F05,FN,25,1,0.04
random_01,validation,logistic_regression,F06,FN,25,0,0.0
random_01,validation,logistic_regression,F07,FN,25,0,0.0
random_01,validation,logistic_regression,F08,FN,25,0,0.0
random_01,validation,logistic_regression,F09,FN,25,0,0.0
random_01,validation,logistic_regression,F10,FN,25,0,0.0
random_01,validation,logistic_regression,F11,FN,25,0,0.0
random_01,validation,logistic_regression,F12,FN,25,0,0.0
random_01,validation,logistic_regression,F13,FN,25,0,0.0
random_01,validation,logistic_regression,F14,FN,25,0,0.0
random_01,validation,logistic_regression,F15,FN,25,0,0.0
random_01,validation,decision_tree,D01,FP,1584,0,0.0
random_01,validation,decision_tree,D02,FP,1589,0,0.0
random_01,validation,decision_tree,D03,FP,1592,2,0.001256281407035176
random_01,validation,decision_tree,D04,FP,1592,47,0.029522613065326633
random_01,validation,decision_tree,D05,FP,1956,0,0.0
random_01,validation,decision_tree,D06,FP,1219,5,0.004101722723543888
random_01,validation,decision_tree,D07,FP,915,0,0.0
random_01,validation,decision_tree,D08,FP,917,0,0.0
random_01,validation,decision_tree,D09,FP,918,0,0.0
random_01,validation,decision_tree,D10,FP,919,0,0.0
random_01,validation,decision_tree,D11,FP,913,5,0.00547645125958379
random_01,validation,decision_tree,D12,FP,920,0,0.0
random_01,validation,decision_tree,D13,FP,574,15,0.02613240418118467
random_01,validation,decision_tree,D14,FP,920,12,0.013043478260869565
random_01,validation,decision_tree,D15,FP,920,0,0.0
random_01,validation,decision_tree,D16,FP,912,0,0.0
random_01,validation,decision_tree,D17,FP,1948,0,0.0
random_01,validation,decision_tree,D18,FP,573,11,0.019197207678883072
random_01,validation,decision_tree,D19,FP,575,4,0.006956521739130435
random_01,validation,decision_tree,F01,FN,25,0,0.0
random_01,validation,decision_tree,F02,FN,25,0,0.0
random_01,validation,decision_tree,F03,FN,25,1,0.04
random_01,validation,decision_tree,F04,FN,25,0,0.0
random_01,validation,decision_tree,F05,FN,25,0,0.0
random_01,validation,decision_tree,F06,FN,25,0,0.0
random_01,validation,decision_tree,F07,FN,25,0,0.0
random_01,validation,decision_tree,F08,FN,25,0,0.0
random_01,validation,decision_tree,F09,FN,25,0,0.0
random_01,validation,decision_tree,F10,FN,25,0,0.0
random_01,validation,decision_tree,F11,FN,25,0,0.0
random_01,validation,decision_tree,F12,FN,25,0,0.0
random_01,validation,decision_tree,F13,FN,25,0,0.0
random_01,validation,decision_tree,F14,FN,25,0,0.0
random_01,validation,decision_tree,F15,FN,25,0,0.0
random_01,validation,baseline,D01,FP,1584,0,0.0
random_01,validation,baseline,D02,FP,1589,0,0.0
random_01,validation,baseline,D03,FP,1592,345,0.21670854271356785
random_01,validation,baseline,D04,FP,1592,1203,0.7556532663316583
random_01,validation,baseline,D05,FP,1956,0,0.0
random_01,validation,baseline,D06,FP,1219,269,0.2206726825266612
random_01,validation,baseline,D07,FP,915,0,0.0
random_01,validation,baseline,D08,FP,917,0,0.0
random_01,validation,baseline,D09,FP,918,0,0.0
random_01,validation,baseline,D10,FP,919,0,0.0
random_01,validation,baseline,D11,FP,913,13,0.014238773274917854
random_01,validation,baseline,D12,FP,920,0,0.0
random_01,validation,baseline,D13,FP,574,0,0.0
random_01,validation,baseline,D14,FP,920,0,0.0
random_01,validation,baseline,D15,FP,920,0,0.0
random_01,validation,baseline,D16,FP,912,0,0.0
random_01,validation,baseline,D17,FP,1948,0,0.0
random_01,validation,baseline,D18,FP,573,52,0.09075043630017451
random_01,validation,baseline,D19,FP,575,153,0.26608695652173914
random_01,validation,baseline,F01,FN,25,1,0.04
random_01,validation,baseline,F02,FN,25,0,0.0
random_01,validation,baseline,F03,FN,25,1,0.04
random_01,validation,baseline,F04,FN,25,0,0.0
random_01,validation,baseline,F05,FN,25,0,0.0
random_01,validation,baseline,F06,FN,25,1,0.04
random_01,validation,baseline,F07,FN,25,4,0.16
random_01,validation,baseline,F08,FN,25,1,0.04
random_01,validation,baseline,F09,FN,25,2,0.08
random_01,validation,baseline,F10,FN,25,1,0.04
random_01,validation,baseline,F11,FN,25,2,0.08
random_01,validation,baseline,F12,FN,25,2,0.08
random_01,validation,baseline,F13,FN,25,10,0.4
random_01,validation,baseline,F14,FN,25,0,0.0
random_01,validation,baseline,F15,FN,25,1,0.04
random_01,validation,C2,D01,FP,1584,397,0.25063131313131315
random_01,validation,C2,D02,FP,1589,980,0.6167400881057269
random_01,validation,C2,D03,FP,1592,1280,0.8040201005025126
random_01,validation,C2,D04,FP,1592,1398,0.878140703517588
random_01,validation,C2,D05,FP,1956,658,0.33640081799591004
random_01,validation,C2,D06,FP,1219,320,0.26251025430680885
random_01,validation,C2,D07,FP,915,3,0.003278688524590164
random_01,validation,C2,D08,FP,917,138,0.1504907306434024
random_01,validation,C2,D09,FP,918,32,0.034858387799564274
random_01,validation,C2,D10,FP,919,130,0.14145810663764963
random_01,validation,C2,D11,FP,913,92,0.10076670317634173
random_01,validation,C2,D12,FP,920,4,0.004347826086956522
random_01,validation,C2,D13,FP,574,21,0.036585365853658534
random_01,validation,C2,D14,FP,920,53,0.057608695652173914
random_01,validation,C2,D15,FP,920,2,0.002173913043478261
random_01,validation,C2,D16,FP,912,0,0.0
random_01,validation,C2,D17,FP,1948,33,0.016940451745379878
random_01,validation,C2,D18,FP,573,210,0.36649214659685864
random_01,validation,C2,D19,FP,575,163,0.28347826086956524
random_01,validation,C2,F01,FN,25,1,0.04
random_01,validation,C2,F02,FN,25,1,0.04
random_01,validation,C2,F03,FN,25,0,0.0
random_01,validation,C2,F04,FN,25,1,0.04
random_01,validation,C2,F05,FN,25,0,0.0
random_01,validation,C2,F06,FN,25,0,0.0
random_01,validation,C2,F07,FN,25,0,0.0
random_01,validation,C2,F08,FN,25,0,0.0
random_01,validation,C2,F09,FN,25,0,0.0
random_01,validation,C2,F10,FN,25,1,0.04
random_01,validation,C2,F11,FN,25,0,0.0
random_01,validation,C2,F12,FN,25,2,0.08
random_01,validation,C2,F13,FN,25,3,0.12
random_01,validation,C2,F14,FN,25,1,0.04
random_01,validation,C2,F15,FN,25,1,0.04
random_01,validation,C8,D01,FP,1584,0,0.0
random_01,validation,C8,D02,FP,1589,154,0.09691629955947137
random_01,validation,C8,D03,FP,1592,1210,0.7600502512562815
random_01,validation,C8,D04,FP,1592,1434,0.9007537688442211
random_01,validation,C8,D05,FP,1956,6,0.003067484662576687
random_01,validation,C8,D06,FP,1219,257,0.21082854799015588
random_01,validation,C8,D07,FP,915,0,0.0
random_01,validation,C8,D08,FP,917,6,0.006543075245365322
random_01,validation,C8,D09,FP,918,0,0.0
random_01,validation,C8,D10,FP,919,27,0.029379760609358
random_01,validation,C8,D11,FP,913,21,0.023001095290251915
random_01,validation,C8,D12,FP,920,0,0.0
random_01,validation,C8,D13,FP,574,32,0.05574912891986063
random_01,validation,C8,D14,FP,920,28,0.030434782608695653
random_01,validation,C8,D15,FP,920,0,0.0
random_01,validation,C8,D16,FP,912,1,0.0010964912280701754
random_01,validation,C8,D17,FP,1948,1,0.000513347022587269
random_01,validation,C8,D18,FP,573,53,0.0924956369982548
random_01,validation,C8,D19,FP,575,118,0.20521739130434782
random_01,validation,C8,F01,FN,25,2,0.08
random_01,validation,C8,F02,FN,25,0,0.0
random_01,validation,C8,F03,FN,25,1,0.04
random_01,validation,C8,F04,FN,25,0,0.0
random_01,validation,C8,F05,FN,25,0,0.0
random_01,validation,C8,F06,FN,25,0,0.0
random_01,validation,C8,F07,FN,25,0,0.0
random_01,validation,C8,F08,FN,25,0,0.0
random_01,validation,C8,F09,FN,25,0,0.0
random_01,validation,C8,F10,FN,25,0,0.0
random_01,validation,C8,F11,FN,25,0,0.0
random_01,validation,C8,F12,FN,25,0,0.0
random_01,validation,C8,F13,FN,25,3,0.12
random_01,validation,C8,F14,FN,25,1,0.04
random_01,validation,C8,F15,FN,25,0,0.0
random_01,test,logistic_regression,D01,FP,1744,0,0.0
random_01,test,logistic_regression,D02,FP,1752,0,0.0
random_01,test,logistic_regression,D03,FP,1751,0,0.0
random_01,test,logistic_regression,D04,FP,1751,0,0.0
random_01,test,logistic_regression,D05,FP,1956,0,0.0
random_01,test,logistic_regression,D06,FP,1174,0,0.0
random_01,test,logistic_regression,D07,FP,916,0,0.0
random_01,test,logistic_regression,D08,FP,920,0,0.0
random_01,test,logistic_regression,D09,FP,920,0,0.0
random_01,test,logistic_regression,D10,FP,919,0,0.0
random_01,test,logistic_regression,D11,FP,900,2,0.0022222222222222222
random_01,test,logistic_regression,D12,FP,917,0,0.0
random_01,test,logistic_regression,D13,FP,574,8,0.013937282229965157
random_01,test,logistic_regression,D14,FP,917,1,0.0010905125408942203
random_01,test,logistic_regression,D15,FP,900,0,0.0
random_01,test,logistic_regression,D16,FP,894,0,0.0
random_01,test,logistic_regression,D17,FP,1870,0,0.0
random_01,test,logistic_regression,D18,FP,574,0,0.0
random_01,test,logistic_regression,D19,FP,574,1,0.0017421602787456446
random_01,test,logistic_regression,F01,FN,25,0,0.0
random_01,test,logistic_regression,F02,FN,25,1,0.04
random_01,test,logistic_regression,F03,FN,25,0,0.0
random_01,test,logistic_regression,F04,FN,25,0,0.0
random_01,test,logistic_regression,F05,FN,25,5,0.2
random_01,test,logistic_regression,F06,FN,25,0,0.0
random_01,test,logistic_regression,F07,FN,25,0,0.0
random_01,test,logistic_regression,F08,FN,25,0,0.0
random_01,test,logistic_regression,F09,FN,25,0,0.0
random_01,test,logistic_regression,F10,FN,25,1,0.04
random_01,test,logistic_regression,F11,FN,25,0,0.0
random_01,test,logistic_regression,F12,FN,25,0,0.0
random_01,test,logistic_regression,F13,FN,25,2,0.08
random_01,test,logistic_regression,F14,FN,25,1,0.04
random_01,test,logistic_regression,F15,FN,25,1,0.04
random_01,test,decision_tree,D01,FP,1744,0,0.0
random_01,test,decision_tree,D02,FP,1752,0,0.0
random_01,test,decision_tree,D03,FP,1751,0,0.0
random_01,test,decision_tree,D04,FP,1751,2,0.001142204454597373
random_01,test,decision_tree,D05,FP,1956,0,0.0
random_01,test,decision_tree,D06,FP,1174,0,0.0
random_01,test,decision_tree,D07,FP,916,0,0.0
random_01,test,decision_tree,D08,FP,920,0,0.0
random_01,test,decision_tree,D09,FP,920,0,0.0
random_01,test,decision_tree,D10,FP,919,0,0.0
random_01,test,decision_tree,D11,FP,900,2,0.0022222222222222222
random_01,test,decision_tree,D12,FP,917,0,0.0
random_01,test,decision_tree,D13,FP,574,12,0.020905923344947737
random_01,test,decision_tree,D14,FP,917,0,0.0
random_01,test,decision_tree,D15,FP,900,0,0.0
random_01,test,decision_tree,D16,FP,894,0,0.0
random_01,test,decision_tree,D17,FP,1870,0,0.0
random_01,test,decision_tree,D18,FP,574,10,0.017421602787456445
random_01,test,decision_tree,D19,FP,574,0,0.0
random_01,test,decision_tree,F01,FN,25,0,0.0
random_01,test,decision_tree,F02,FN,25,1,0.04
random_01,test,decision_tree,F03,FN,25,0,0.0
random_01,test,decision_tree,F04,FN,25,0,0.0
random_01,test,decision_tree,F05,FN,25,5,0.2
random_01,test,decision_tree,F06,FN,25,0,0.0
random_01,test,decision_tree,F07,FN,25,0,0.0
random_01,test,decision_tree,F08,FN,25,1,0.04
random_01,test,decision_tree,F09,FN,25,0,0.0
random_01,test,decision_tree,F10,FN,25,0,0.0
random_01,test,decision_tree,F11,FN,25,2,0.08
random_01,test,decision_tree,F12,FN,25,0,0.0
random_01,test,decision_tree,F13,FN,25,2,0.08
random_01,test,decision_tree,F14,FN,25,2,0.08
random_01,test,decision_tree,F15,FN,25,0,0.0
random_01,test,baseline,D01,FP,1744,0,0.0
random_01,test,baseline,D02,FP,1752,0,0.0
random_01,test,baseline,D03,FP,1751,427,0.24386065105653912
random_01,test,baseline,D04,FP,1751,1476,0.8429468874928612
random_01,test,baseline,D05,FP,1956,0,0.0
random_01,test,baseline,D06,FP,1174,193,0.1643952299829642
random_01,test,baseline,D07,FP,916,0,0.0
random_01,test,baseline,D08,FP,920,4,0.004347826086956522
random_01,test,baseline,D09,FP,920,0,0.0
random_01,test,baseline,D10,FP,919,0,0.0
random_01,test,baseline,D11,FP,900,8,0.008888888888888889
random_01,test,baseline,D12,FP,917,0,0.0
random_01,test,baseline,D13,FP,574,0,0.0
random_01,test,baseline,D14,FP,917,0,0.0
random_01,test,baseline,D15,FP,900,0,0.0
random_01,test,baseline,D16,FP,894,0,0.0
random_01,test,baseline,D17,FP,1870,0,0.0
random_01,test,baseline,D18,FP,574,37,0.06445993031358885
random_01,test,baseline,D19,FP,574,151,0.26306620209059234
random_01,test,baseline,F01,FN,25,0,0.0
random_01,test,baseline,F02,FN,25,0,0.0
random_01,test,baseline,F03,FN,25,2,0.08
random_01,test,baseline,F04,FN,25,0,0.0
random_01,test,baseline,F05,FN,25,0,0.0
random_01,test,baseline,F06,FN,25,0,0.0
random_01,test,baseline,F07,FN,25,2,0.08
random_01,test,baseline,F08,FN,25,4,0.16
random_01,test,baseline,F09,FN,25,4,0.16
random_01,test,baseline,F10,FN,25,4,0.16
random_01,test,baseline,F11,FN,25,2,0.08
random_01,test,baseline,F12,FN,25,1,0.04
random_01,test,baseline,F13,FN,25,6,0.24
random_01,test,baseline,F14,FN,25,5,0.2
random_01,test,baseline,F15,FN,25,6,0.24
random_01,test,C2,D01,FP,1744,419,0.24025229357798164
random_01,test,C2,D02,FP,1752,989,0.5644977168949772
random_01,test,C2,D03,FP,1751,1421,0.8115362649914335
random_01,test,C2,D04,FP,1751,1552,0.8863506567675614
random_01,test,C2,D05,FP,1956,605,0.30930470347648265
random_01,test,C2,D06,FP,1174,307,0.2614991482112436
random_01,test,C2,D07,FP,916,13,0.014192139737991267
random_01,test,C2,D08,FP,920,117,0.12717391304347825
random_01,test,C2,D09,FP,920,41,0.04456521739130435
random_01,test,C2,D10,FP,919,125,0.13601741022850924
random_01,test,C2,D11,FP,900,80,0.08888888888888889
random_01,test,C2,D12,FP,917,0,0.0
random_01,test,C2,D13,FP,574,13,0.02264808362369338
random_01,test,C2,D14,FP,917,16,0.017448200654307525
random_01,test,C2,D15,FP,900,18,0.02
random_01,test,C2,D16,FP,894,0,0.0
random_01,test,C2,D17,FP,1870,43,0.022994652406417113
random_01,test,C2,D18,FP,574,179,0.3118466898954704
random_01,test,C2,D19,FP,574,151,0.26306620209059234
random_01,test,C2,F01,FN,25,0,0.0
random_01,test,C2,F02,FN,25,0,0.0
random_01,test,C2,F03,FN,25,0,0.0
random_01,test,C2,F04,FN,25,0,0.0
random_01,test,C2,F05,FN,25,0,0.0
random_01,test,C2,F06,FN,25,1,0.04
random_01,test,C2,F07,FN,25,1,0.04
random_01,test,C2,F08,FN,25,2,0.08
random_01,test,C2,F09,FN,25,1,0.04
random_01,test,C2,F10,FN,25,1,0.04
random_01,test,C2,F11,FN,25,3,0.12
random_01,test,C2,F12,FN,25,3,0.12
random_01,test,C2,F13,FN,25,4,0.16
random_01,test,C2,F14,FN,25,1,0.04
random_01,test,C2,F15,FN,25,2,0.08
random_01,test,C8,D01,FP,1744,0,0.0
random_01,test,C8,D02,FP,1752,54,0.030821917808219176
random_01,test,C8,D03,FP,1751,1262,0.7207310108509423
random_01,test,C8,D04,FP,1751,1590,0.9080525414049114
random_01,test,C8,D05,FP,1956,0,0.0
random_01,test,C8,D06,FP,1174,228,0.19420783645655879
random_01,test,C8,D07,FP,916,0,0.0
random_01,test,C8,D08,FP,920,13,0.014130434782608696
random_01,test,C8,D09,FP,920,0,0.0
random_01,test,C8,D10,FP,919,16,0.017410228509249184
random_01,test,C8,D11,FP,900,9,0.01
random_01,test,C8,D12,FP,917,0,0.0
random_01,test,C8,D13,FP,574,24,0.041811846689895474
random_01,test,C8,D14,FP,917,5,0.0054525627044711015
random_01,test,C8,D15,FP,900,0,0.0
random_01,test,C8,D16,FP,894,1,0.0011185682326621924
random_01,test,C8,D17,FP,1870,0,0.0
random_01,test,C8,D18,FP,574,49,0.08536585365853659
random_01,test,C8,D19,FP,574,106,0.18466898954703834
random_01,test,C8,F01,FN,25,0,0.0
random_01,test,C8,F02,FN,25,0,0.0
random_01,test,C8,F03,FN,25,0,0.0
random_01,test,C8,F04,FN,25,0,0.0
random_01,test,C8,F05,FN,25,0,0.0
random_01,test,C8,F06,FN,25,0,0.0
random_01,test,C8,F07,FN,25,0,0.0
random_01,test,C8,F08,FN,25,0,0.0
random_01,test,C8,F09,FN,25,0,0.0
random_01,test,C8,F10,FN,25,0,0.0
random_01,test,C8,F11,FN,25,1,0.04
random_01,test,C8,F12,FN,25,0,0.0
random_01,test,C8,F13,FN,25,4,0.16
random_01,test,C8,F14,FN,25,3,0.12
random_01,test,C8,F15,FN,25,3,0.12
random_02,validation,logistic_regression,D01,FP,1584,0,0.0
random_02,validation,logistic_regression,D02,FP,1589,0,0.0
random_02,validation,logistic_regression,D03,FP,1592,1,0.000628140703517588
random_02,validation,logistic_regression,D04,FP,1592,0,0.0
random_02,validation,logistic_regression,D05,FP,1956,0,0.0
random_02,validation,logistic_regression,D06,FP,1219,1,0.0008203445447087777
random_02,validation,logistic_regression,D07,FP,915,0,0.0
random_02,validation,logistic_regression,D08,FP,917,0,0.0
random_02,validation,logistic_regression,D09,FP,918,0,0.0
random_02,validation,logistic_regression,D10,FP,919,0,0.0
random_02,validation,logistic_regression,D11,FP,913,1,0.001095290251916758
random_02,validation,logistic_regression,D12,FP,920,0,0.0
random_02,validation,logistic_regression,D13,FP,574,13,0.02264808362369338
random_02,validation,logistic_regression,D14,FP,920,12,0.013043478260869565
random_02,validation,logistic_regression,D15,FP,920,0,0.0
random_02,validation,logistic_regression,D16,FP,912,0,0.0
random_02,validation,logistic_regression,D17,FP,1948,7,0.003593429158110883
random_02,validation,logistic_regression,D18,FP,573,0,0.0
random_02,validation,logistic_regression,D19,FP,575,2,0.0034782608695652175
random_02,validation,logistic_regression,F01,FN,25,0,0.0
random_02,validation,logistic_regression,F02,FN,25,0,0.0
random_02,validation,logistic_regression,F03,FN,25,1,0.04
random_02,validation,logistic_regression,F04,FN,25,0,0.0
random_02,validation,logistic_regression,F05,FN,25,1,0.04
random_02,validation,logistic_regression,F06,FN,25,0,0.0
random_02,validation,logistic_regression,F07,FN,25,0,0.0
random_02,validation,logistic_regression,F08,FN,25,0,0.0
random_02,validation,logistic_regression,F09,FN,25,0,0.0
random_02,validation,logistic_regression,F10,FN,25,0,0.0
random_02,validation,logistic_regression,F11,FN,25,0,0.0
random_02,validation,logistic_regression,F12,FN,25,0,0.0
random_02,validation,logistic_regression,F13,FN,25,0,0.0
random_02,validation,logistic_regression,F14,FN,25,0,0.0
random_02,validation,logistic_regression,F15,FN,25,0,0.0
random_02,validation,decision_tree,D01,FP,1584,0,0.0
random_02,validation,decision_tree,D02,FP,1589,0,0.0
random_02,validation,decision_tree,D03,FP,1592,2,0.001256281407035176
random_02,validation,decision_tree,D04,FP,1592,47,0.029522613065326633
random_02,validation,decision_tree,D05,FP,1956,0,0.0
random_02,validation,decision_tree,D06,FP,1219,5,0.004101722723543888
random_02,validation,decision_tree,D07,FP,915,0,0.0
random_02,validation,decision_tree,D08,FP,917,0,0.0
random_02,validation,decision_tree,D09,FP,918,0,0.0
random_02,validation,decision_tree,D10,FP,919,0,0.0
random_02,validation,decision_tree,D11,FP,913,5,0.00547645125958379
random_02,validation,decision_tree,D12,FP,920,0,0.0
random_02,validation,decision_tree,D13,FP,574,15,0.02613240418118467
random_02,validation,decision_tree,D14,FP,920,12,0.013043478260869565
random_02,validation,decision_tree,D15,FP,920,0,0.0
random_02,validation,decision_tree,D16,FP,912,0,0.0
random_02,validation,decision_tree,D17,FP,1948,0,0.0
random_02,validation,decision_tree,D18,FP,573,11,0.019197207678883072
random_02,validation,decision_tree,D19,FP,575,4,0.006956521739130435
random_02,validation,decision_tree,F01,FN,25,0,0.0
random_02,validation,decision_tree,F02,FN,25,0,0.0
random_02,validation,decision_tree,F03,FN,25,1,0.04
random_02,validation,decision_tree,F04,FN,25,0,0.0
random_02,validation,decision_tree,F05,FN,25,0,0.0
random_02,validation,decision_tree,F06,FN,25,0,0.0
random_02,validation,decision_tree,F07,FN,25,0,0.0
random_02,validation,decision_tree,F08,FN,25,0,0.0
random_02,validation,decision_tree,F09,FN,25,0,0.0
random_02,validation,decision_tree,F10,FN,25,0,0.0
random_02,validation,decision_tree,F11,FN,25,0,0.0
random_02,validation,decision_tree,F12,FN,25,0,0.0
random_02,validation,decision_tree,F13,FN,25,0,0.0
random_02,validation,decision_tree,F14,FN,25,0,0.0
random_02,validation,decision_tree,F15,FN,25,0,0.0
random_02,validation,baseline,D01,FP,1584,0,0.0
random_02,validation,baseline,D02,FP,1589,0,0.0
random_02,validation,baseline,D03,FP,1592,345,0.21670854271356785
random_02,validation,baseline,D04,FP,1592,1203,0.7556532663316583
random_02,validation,baseline,D05,FP,1956,0,0.0
random_02,validation,baseline,D06,FP,1219,269,0.2206726825266612
random_02,validation,baseline,D07,FP,915,0,0.0
random_02,validation,baseline,D08,FP,917,0,0.0
random_02,validation,baseline,D09,FP,918,0,0.0
random_02,validation,baseline,D10,FP,919,0,0.0
random_02,validation,baseline,D11,FP,913,13,0.014238773274917854
random_02,validation,baseline,D12,FP,920,0,0.0
random_02,validation,baseline,D13,FP,574,0,0.0
random_02,validation,baseline,D14,FP,920,0,0.0
random_02,validation,baseline,D15,FP,920,0,0.0
random_02,validation,baseline,D16,FP,912,0,0.0
random_02,validation,baseline,D17,FP,1948,0,0.0
random_02,validation,baseline,D18,FP,573,52,0.09075043630017451
random_02,validation,baseline,D19,FP,575,153,0.26608695652173914
random_02,validation,baseline,F01,FN,25,1,0.04
random_02,validation,baseline,F02,FN,25,0,0.0
random_02,validation,baseline,F03,FN,25,1,0.04
random_02,validation,baseline,F04,FN,25,0,0.0
random_02,validation,baseline,F05,FN,25,0,0.0
random_02,validation,baseline,F06,FN,25,1,0.04
random_02,validation,baseline,F07,FN,25,4,0.16
random_02,validation,baseline,F08,FN,25,1,0.04
random_02,validation,baseline,F09,FN,25,2,0.08
random_02,validation,baseline,F10,FN,25,1,0.04
random_02,validation,baseline,F11,FN,25,2,0.08
random_02,validation,baseline,F12,FN,25,2,0.08
random_02,validation,baseline,F13,FN,25,10,0.4
random_02,validation,baseline,F14,FN,25,0,0.0
random_02,validation,baseline,F15,FN,25,1,0.04
random_02,validation,C2,D01,FP,1584,365,0.23042929292929293
random_02,validation,C2,D02,FP,1589,998,0.6280679672750157
random_02,validation,C2,D03,FP,1592,1302,0.8178391959798995
random_02,validation,C2,D04,FP,1592,1394,0.8756281407035176
random_02,validation,C2,D05,FP,1956,640,0.32719836400818
random_02,validation,C2,D06,FP,1219,318,0.2608695652173913
random_02,validation,C2,D07,FP,915,2,0.002185792349726776
random_02,validation,C2,D08,FP,917,134,0.14612868047982552
random_02,validation,C2,D09,FP,918,32,0.034858387799564274
random_02,validation,C2,D10,FP,919,132,0.14363438520130578
random_02,validation,C2,D11,FP,913,86,0.09419496166484119
random_02,validation,C2,D12,FP,920,3,0.003260869565217391
random_02,validation,C2,D13,FP,574,28,0.04878048780487805
random_02,validation,C2,D14,FP,920,49,0.05326086956521739
random_02,validation,C2,D15,FP,920,4,0.004347826086956522
random_02,validation,C2,D16,FP,912,0,0.0
random_02,validation,C2,D17,FP,1948,37,0.018993839835728953
random_02,validation,C2,D18,FP,573,200,0.34904013961605584
random_02,validation,C2,D19,FP,575,155,0.26956521739130435
random_02,validation,C2,F01,FN,25,1,0.04
random_02,validation,C2,F02,FN,25,0,0.0
random_02,validation,C2,F03,FN,25,1,0.04
random_02,validation,C2,F04,FN,25,0,0.0
random_02,validation,C2,F05,FN,25,0,0.0
random_02,validation,C2,F06,FN,25,2,0.08
random_02,validation,C2,F07,FN,25,1,0.04
random_02,validation,C2,F08,FN,25,0,0.0
random_02,validation,C2,F09,FN,25,1,0.04
random_02,validation,C2,F10,FN,25,0,0.0
random_02,validation,C2,F11,FN,25,0,0.0
random_02,validation,C2,F12,FN,25,0,0.0
random_02,validation,C2,F13,FN,25,3,0.12
random_02,validation,C2,F14,FN,25,1,0.04
random_02,validation,C2,F15,FN,25,2,0.08
random_02,validation,C8,D01,FP,1584,0,0.0
random_02,validation,C8,D02,FP,1589,150,0.09439899307740718
random_02,validation,C8,D03,FP,1592,1228,0.7713567839195979
random_02,validation,C8,D04,FP,1592,1426,0.8957286432160804
random_02,validation,C8,D05,FP,1956,6,0.003067484662576687
random_02,validation,C8,D06,FP,1219,255,0.20918785890073832
random_02,validation,C8,D07,FP,915,0,0.0
random_02,validation,C8,D08,FP,917,10,0.010905125408942203
random_02,validation,C8,D09,FP,918,0,0.0
random_02,validation,C8,D10,FP,919,38,0.041349292709466814
random_02,validation,C8,D11,FP,913,20,0.02190580503833516
random_02,validation,C8,D12,FP,920,1,0.0010869565217391304
random_02,validation,C8,D13,FP,574,36,0.0627177700348432
random_02,validation,C8,D14,FP,920,31,0.03369565217391304
random_02,validation,C8,D15,FP,920,0,0.0
random_02,validation,C8,D16,FP,912,5,0.005482456140350877
random_02,validation,C8,D17,FP,1948,1,0.000513347022587269
random_02,validation,C8,D18,FP,573,52,0.09075043630017451
random_02,validation,C8,D19,FP,575,115,0.2
random_02,validation,C8,F01,FN,25,1,0.04
random_02,validation,C8,F02,FN,25,0,0.0
random_02,validation,C8,F03,FN,25,1,0.04
random_02,validation,C8,F04,FN,25,0,0.0
random_02,validation,C8,F05,FN,25,0,0.0
random_02,validation,C8,F06,FN,25,0,0.0
random_02,validation,C8,F07,FN,25,0,0.0
random_02,validation,C8,F08,FN,25,0,0.0
random_02,validation,C8,F09,FN,25,0,0.0
random_02,validation,C8,F10,FN,25,1,0.04
random_02,validation,C8,F11,FN,25,0,0.0
random_02,validation,C8,F12,FN,25,0,0.0
random_02,validation,C8,F13,FN,25,3,0.12
random_02,validation,C8,F14,FN,25,2,0.08
random_02,validation,C8,F15,FN,25,1,0.04
random_02,test,logistic_regression,D01,FP,1744,0,0.0
random_02,test,logistic_regression,D02,FP,1752,0,0.0
random_02,test,logistic_regression,D03,FP,1751,0,0.0
random_02,test,logistic_regression,D04,FP,1751,0,0.0
random_02,test,logistic_regression,D05,FP,1956,0,0.0
random_02,test,logistic_regression,D06,FP,1174,0,0.0
random_02,test,logistic_regression,D07,FP,916,0,0.0
random_02,test,logistic_regression,D08,FP,920,0,0.0
random_02,test,logistic_regression,D09,FP,920,0,0.0
random_02,test,logistic_regression,D10,FP,919,0,0.0
random_02,test,logistic_regression,D11,FP,900,2,0.0022222222222222222
random_02,test,logistic_regression,D12,FP,917,0,0.0
random_02,test,logistic_regression,D13,FP,574,8,0.013937282229965157
random_02,test,logistic_regression,D14,FP,917,1,0.0010905125408942203
random_02,test,logistic_regression,D15,FP,900,0,0.0
random_02,test,logistic_regression,D16,FP,894,0,0.0
random_02,test,logistic_regression,D17,FP,1870,0,0.0
random_02,test,logistic_regression,D18,FP,574,0,0.0
random_02,test,logistic_regression,D19,FP,574,1,0.0017421602787456446
random_02,test,logistic_regression,F01,FN,25,0,0.0
random_02,test,logistic_regression,F02,FN,25,1,0.04
random_02,test,logistic_regression,F03,FN,25,0,0.0
random_02,test,logistic_regression,F04,FN,25,0,0.0
random_02,test,logistic_regression,F05,FN,25,5,0.2
random_02,test,logistic_regression,F06,FN,25,0,0.0
random_02,test,logistic_regression,F07,FN,25,0,0.0
random_02,test,logistic_regression,F08,FN,25,0,0.0
random_02,test,logistic_regression,F09,FN,25,0,0.0
random_02,test,logistic_regression,F10,FN,25,1,0.04
random_02,test,logistic_regression,F11,FN,25,0,0.0
random_02,test,logistic_regression,F12,FN,25,0,0.0
random_02,test,logistic_regression,F13,FN,25,2,0.08
random_02,test,logistic_regression,F14,FN,25,1,0.04
random_02,test,logistic_regression,F15,FN,25,1,0.04
random_02,test,decision_tree,D01,FP,1744,0,0.0
random_02,test,decision_tree,D02,FP,1752,0,0.0
random_02,test,decision_tree,D03,FP,1751,0,0.0
random_02,test,decision_tree,D04,FP,1751,2,0.001142204454597373
random_02,test,decision_tree,D05,FP,1956,0,0.0
random_02,test,decision_tree,D06,FP,1174,0,0.0
random_02,test,decision_tree,D07,FP,916,0,0.0
random_02,test,decision_tree,D08,FP,920,0,0.0
random_02,test,decision_tree,D09,FP,920,0,0.0
random_02,test,decision_tree,D10,FP,919,0,0.0
random_02,test,decision_tree,D11,FP,900,2,0.0022222222222222222
random_02,test,decision_tree,D12,FP,917,0,0.0
random_02,test,decision_tree,D13,FP,574,12,0.020905923344947737
random_02,test,decision_tree,D14,FP,917,0,0.0
random_02,test,decision_tree,D15,FP,900,0,0.0
random_02,test,decision_tree,D16,FP,894,0,0.0
random_02,test,decision_tree,D17,FP,1870,0,0.0
random_02,test,decision_tree,D18,FP,574,10,0.017421602787456445
random_02,test,decision_tree,D19,FP,574,0,0.0
random_02,test,decision_tree,F01,FN,25,0,0.0
random_02,test,decision_tree,F02,FN,25,1,0.04
random_02,test,decision_tree,F03,FN,25,0,0.0
random_02,test,decision_tree,F04,FN,25,0,0.0
random_02,test,decision_tree,F05,FN,25,5,0.2
random_02,test,decision_tree,F06,FN,25,0,0.0
random_02,test,decision_tree,F07,FN,25,0,0.0
random_02,test,decision_tree,F08,FN,25,1,0.04
random_02,test,decision_tree,F09,FN,25,0,0.0
random_02,test,decision_tree,F10,FN,25,0,0.0
random_02,test,decision_tree,F11,FN,25,2,0.08
random_02,test,decision_tree,F12,FN,25,0,0.0
random_02,test,decision_tree,F13,FN,25,2,0.08
random_02,test,decision_tree,F14,FN,25,2,0.08
random_02,test,decision_tree,F15,FN,25,0,0.0
random_02,test,baseline,D01,FP,1744,0,0.0
random_02,test,baseline,D02,FP,1752,0,0.0
random_02,test,baseline,D03,FP,1751,427,0.24386065105653912
random_02,test,baseline,D04,FP,1751,1476,0.8429468874928612
random_02,test,baseline,D05,FP,1956,0,0.0
random_02,test,baseline,D06,FP,1174,193,0.1643952299829642
random_02,test,baseline,D07,FP,916,0,0.0
random_02,test,baseline,D08,FP,920,4,0.004347826086956522
random_02,test,baseline,D09,FP,920,0,0.0
random_02,test,baseline,D10,FP,919,0,0.0
random_02,test,baseline,D11,FP,900,8,0.008888888888888889
random_02,test,baseline,D12,FP,917,0,0.0
random_02,test,baseline,D13,FP,574,0,0.0
random_02,test,baseline,D14,FP,917,0,0.0
random_02,test,baseline,D15,FP,900,0,0.0
random_02,test,baseline,D16,FP,894,0,0.0
random_02,test,baseline,D17,FP,1870,0,0.0
random_02,test,baseline,D18,FP,574,37,0.06445993031358885
random_02,test,baseline,D19,FP,574,151,0.26306620209059234
random_02,test,baseline,F01,FN,25,0,0.0
random_02,test,baseline,F02,FN,25,0,0.0
random_02,test,baseline,F03,FN,25,2,0.08
random_02,test,baseline,F04,FN,25,0,0.0
random_02,test,baseline,F05,FN,25,0,0.0
random_02,test,baseline,F06,FN,25,0,0.0
random_02,test,baseline,F07,FN,25,2,0.08
random_02,test,baseline,F08,FN,25,4,0.16
random_02,test,baseline,F09,FN,25,4,0.16
random_02,test,baseline,F10,FN,25,4,0.16
random_02,test,baseline,F11,FN,25,2,0.08
random_02,test,baseline,F12,FN,25,1,0.04
random_02,test,baseline,F13,FN,25,6,0.24
random_02,test,baseline,F14,FN,25,5,0.2
random_02,test,baseline,F15,FN,25,6,0.24
random_02,test,C2,D01,FP,1744,402,0.2305045871559633
random_02,test,C2,D02,FP,1752,996,0.5684931506849316
random_02,test,C2,D03,FP,1751,1428,0.8155339805825242
random_02,test,C2,D04,FP,1751,1577,0.9006282124500286
random_02,test,C2,D05,FP,1956,631,0.3225971370143149
random_02,test,C2,D06,FP,1174,311,0.26490630323679726
random_02,test,C2,D07,FP,916,11,0.012008733624454149
random_02,test,C2,D08,FP,920,114,0.12391304347826088
random_02,test,C2,D09,FP,920,40,0.043478260869565216
random_02,test,C2,D10,FP,919,112,0.12187159956474429
random_02,test,C2,D11,FP,900,74,0.08222222222222222
random_02,test,C2,D12,FP,917,0,0.0
random_02,test,C2,D13,FP,574,8,0.013937282229965157
random_02,test,C2,D14,FP,917,20,0.021810250817884406
random_02,test,C2,D15,FP,900,20,0.022222222222222223
random_02,test,C2,D16,FP,894,0,0.0
random_02,test,C2,D17,FP,1870,46,0.02459893048128342
random_02,test,C2,D18,FP,574,207,0.3606271777003484
random_02,test,C2,D19,FP,574,140,0.24390243902439024
random_02,test,C2,F01,FN,25,0,0.0
random_02,test,C2,F02,FN,25,0,0.0
random_02,test,C2,F03,FN,25,0,0.0
random_02,test,C2,F04,FN,25,0,0.0
random_02,test,C2,F05,FN,25,0,0.0
random_02,test,C2,F06,FN,25,0,0.0
random_02,test,C2,F07,FN,25,2,0.08
random_02,test,C2,F08,FN,25,5,0.2
random_02,test,C2,F09,FN,25,2,0.08
random_02,test,C2,F10,FN,25,1,0.04
random_02,test,C2,F11,FN,25,1,0.04
random_02,test,C2,F12,FN,25,1,0.04
random_02,test,C2,F13,FN,25,4,0.16
random_02,test,C2,F14,FN,25,1,0.04
random_02,test,C2,F15,FN,25,3,0.12
random_02,test,C8,D01,FP,1744,0,0.0
random_02,test,C8,D02,FP,1752,54,0.030821917808219176
random_02,test,C8,D03,FP,1751,1260,0.7195888063963449
random_02,test,C8,D04,FP,1751,1600,0.9137635636778983
random_02,test,C8,D05,FP,1956,0,0.0
random_02,test,C8,D06,FP,1174,222,0.1890971039182283
random_02,test,C8,D07,FP,916,0,0.0
random_02,test,C8,D08,FP,920,12,0.013043478260869565
random_02,test,C8,D09,FP,920,0,0.0
random_02,test,C8,D10,FP,919,9,0.009793253536452665
random_02,test,C8,D11,FP,900,13,0.014444444444444444
random_02,test,C8,D12,FP,917,0,0.0
random_02,test,C8,D13,FP,574,27,0.047038327526132406
random_02,test,C8,D14,FP,917,8,0.008724100327153763
random_02,test,C8,D15,FP,900,0,0.0
random_02,test,C8,D16,FP,894,1,0.0011185682326621924
random_02,test,C8,D17,FP,1870,0,0.0
random_02,test,C8,D18,FP,574,55,0.09581881533101046
random_02,test,C8,D19,FP,574,104,0.18118466898954705
random_02,test,C8,F01,FN,25,0,0.0
random_02,test,C8,F02,FN,25,0,0.0
random_02,test,C8,F03,FN,25,0,0.0
random_02,test,C8,F04,FN,25,0,0.0
random_02,test,C8,F05,FN,25,0,0.0
random_02,test,C8,F06,FN,25,0,0.0
random_02,test,C8,F07,FN,25,0,0.0
random_02,test,C8,F08,FN,25,0,0.0
random_02,test,C8,F09,FN,25,0,0.0
random_02,test,C8,F10,FN,25,0,0.0
random_02,test,C8,F11,FN,25,0,0.0
random_02,test,C8,F12,FN,25,0,0.0
random_02,test,C8,F13,FN,25,2,0.08
random_02,test,C8,F14,FN,25,1,0.04
random_02,test,C8,F15,FN,25,1,0.04
random_03,validation,logistic_regression,D01,FP,1584,0,0.0
random_03,validation,logistic_regression,D02,FP,1589,0,0.0
random_03,validation,logistic_regression,D03,FP,1592,1,0.000628140703517588
random_03,validation,logistic_regression,D04,FP,1592,0,0.0
random_03,validation,logistic_regression,D05,FP,1956,0,0.0
random_03,validation,logistic_regression,D06,FP,1219,1,0.0008203445447087777
random_03,validation,logistic_regression,D07,FP,915,0,0.0
random_03,validation,logistic_regression,D08,FP,917,0,0.0
random_03,validation,logistic_regression,D09,FP,918,0,0.0
random_03,validation,logistic_regression,D10,FP,919,0,0.0
random_03,validation,logistic_regression,D11,FP,913,1,0.001095290251916758
random_03,validation,logistic_regression,D12,FP,920,0,0.0
random_03,validation,logistic_regression,D13,FP,574,13,0.02264808362369338
random_03,validation,logistic_regression,D14,FP,920,12,0.013043478260869565
random_03,validation,logistic_regression,D15,FP,920,0,0.0
random_03,validation,logistic_regression,D16,FP,912,0,0.0
random_03,validation,logistic_regression,D17,FP,1948,7,0.003593429158110883
random_03,validation,logistic_regression,D18,FP,573,0,0.0
random_03,validation,logistic_regression,D19,FP,575,2,0.0034782608695652175
random_03,validation,logistic_regression,F01,FN,25,0,0.0
random_03,validation,logistic_regression,F02,FN,25,0,0.0
random_03,validation,logistic_regression,F03,FN,25,1,0.04
random_03,validation,logistic_regression,F04,FN,25,0,0.0
random_03,validation,logistic_regression,F05,FN,25,1,0.04
random_03,validation,logistic_regression,F06,FN,25,0,0.0
random_03,validation,logistic_regression,F07,FN,25,0,0.0
random_03,validation,logistic_regression,F08,FN,25,0,0.0
random_03,validation,logistic_regression,F09,FN,25,0,0.0
random_03,validation,logistic_regression,F10,FN,25,0,0.0
random_03,validation,logistic_regression,F11,FN,25,0,0.0
random_03,validation,logistic_regression,F12,FN,25,0,0.0
random_03,validation,logistic_regression,F13,FN,25,0,0.0
random_03,validation,logistic_regression,F14,FN,25,0,0.0
random_03,validation,logistic_regression,F15,FN,25,0,0.0
random_03,validation,decision_tree,D01,FP,1584,0,0.0
random_03,validation,decision_tree,D02,FP,1589,0,0.0
random_03,validation,decision_tree,D03,FP,1592,2,0.001256281407035176
random_03,validation,decision_tree,D04,FP,1592,47,0.029522613065326633
random_03,validation,decision_tree,D05,FP,1956,0,0.0
random_03,validation,decision_tree,D06,FP,1219,5,0.004101722723543888
random_03,validation,decision_tree,D07,FP,915,0,0.0
random_03,validation,decision_tree,D08,FP,917,0,0.0
random_03,validation,decision_tree,D09,FP,918,0,0.0
random_03,validation,decision_tree,D10,FP,919,0,0.0
random_03,validation,decision_tree,D11,FP,913,5,0.00547645125958379
random_03,validation,decision_tree,D12,FP,920,0,0.0
random_03,validation,decision_tree,D13,FP,574,15,0.02613240418118467
random_03,validation,decision_tree,D14,FP,920,12,0.013043478260869565
random_03,validation,decision_tree,D15,FP,920,0,0.0
random_03,validation,decision_tree,D16,FP,912,0,0.0
random_03,validation,decision_tree,D17,FP,1948,0,0.0
random_03,validation,decision_tree,D18,FP,573,11,0.019197207678883072
random_03,validation,decision_tree,D19,FP,575,4,0.006956521739130435
random_03,validation,decision_tree,F01,FN,25,0,0.0
random_03,validation,decision_tree,F02,FN,25,0,0.0
random_03,validation,decision_tree,F03,FN,25,1,0.04
random_03,validation,decision_tree,F04,FN,25,0,0.0
random_03,validation,decision_tree,F05,FN,25,0,0.0
random_03,validation,decision_tree,F06,FN,25,0,0.0
random_03,validation,decision_tree,F07,FN,25,0,0.0
random_03,validation,decision_tree,F08,FN,25,0,0.0
random_03,validation,decision_tree,F09,FN,25,0,0.0
random_03,validation,decision_tree,F10,FN,25,0,0.0
random_03,validation,decision_tree,F11,FN,25,0,0.0
random_03,validation,decision_tree,F12,FN,25,0,0.0
random_03,validation,decision_tree,F13,FN,25,0,0.0
random_03,validation,decision_tree,F14,FN,25,0,0.0
random_03,validation,decision_tree,F15,FN,25,0,0.0
random_03,validation,baseline,D01,FP,1584,0,0.0
random_03,validation,baseline,D02,FP,1589,0,0.0
random_03,validation,baseline,D03,FP,1592,345,0.21670854271356785
random_03,validation,baseline,D04,FP,1592,1203,0.7556532663316583
random_03,validation,baseline,D05,FP,1956,0,0.0
random_03,validation,baseline,D06,FP,1219,269,0.2206726825266612
random_03,validation,baseline,D07,FP,915,0,0.0
random_03,validation,baseline,D08,FP,917,0,0.0
random_03,validation,baseline,D09,FP,918,0,0.0
random_03,validation,baseline,D10,FP,919,0,0.0
random_03,validation,baseline,D11,FP,913,13,0.014238773274917854
random_03,validation,baseline,D12,FP,920,0,0.0
random_03,validation,baseline,D13,FP,574,0,0.0
random_03,validation,baseline,D14,FP,920,0,0.0
random_03,validation,baseline,D15,FP,920,0,0.0
random_03,validation,baseline,D16,FP,912,0,0.0
random_03,validation,baseline,D17,FP,1948,0,0.0
random_03,validation,baseline,D18,FP,573,52,0.09075043630017451
random_03,validation,baseline,D19,FP,575,153,0.26608695652173914
random_03,validation,baseline,F01,FN,25,1,0.04
random_03,validation,baseline,F02,FN,25,0,0.0
random_03,validation,baseline,F03,FN,25,1,0.04
random_03,validation,baseline,F04,FN,25,0,0.0
random_03,validation,baseline,F05,FN,25,0,0.0
random_03,validation,baseline,F06,FN,25,1,0.04
random_03,validation,baseline,F07,FN,25,4,0.16
random_03,validation,baseline,F08,FN,25,1,0.04
random_03,validation,baseline,F09,FN,25,2,0.08
random_03,validation,baseline,F10,FN,25,1,0.04
random_03,validation,baseline,F11,FN,25,2,0.08
random_03,validation,baseline,F12,FN,25,2,0.08
random_03,validation,baseline,F13,FN,25,10,0.4
random_03,validation,baseline,F14,FN,25,0,0.0
random_03,validation,baseline,F15,FN,25,1,0.04
random_03,validation,C2,D01,FP,1584,392,0.2474747474747475
random_03,validation,C2,D02,FP,1589,995,0.6261799874134676
random_03,validation,C2,D03,FP,1592,1268,0.7964824120603015
random_03,validation,C2,D04,FP,1592,1389,0.8724874371859297
random_03,validation,C2,D05,FP,1956,644,0.3292433537832311
random_03,validation,C2,D06,FP,1219,321,0.26333059885151766
random_03,validation,C2,D07,FP,915,6,0.006557377049180328
random_03,validation,C2,D08,FP,917,129,0.1406761177753544
random_03,validation,C2,D09,FP,918,32,0.034858387799564274
random_03,validation,C2,D10,FP,919,118,0.12840043525571274
random_03,validation,C2,D11,FP,913,93,0.10186199342825848
random_03,validation,C2,D12,FP,920,2,0.002173913043478261
random_03,validation,C2,D13,FP,574,25,0.04355400696864112
random_03,validation,C2,D14,FP,920,38,0.041304347826086954
random_03,validation,C2,D15,FP,920,5,0.005434782608695652
random_03,validation,C2,D16,FP,912,0,0.0
random_03,validation,C2,D17,FP,1948,32,0.01642710472279261
random_03,validation,C2,D18,FP,573,199,0.3472949389179756
random_03,validation,C2,D19,FP,575,161,0.28
random_03,validation,C2,F01,FN,25,2,0.08
random_03,validation,C2,F02,FN,25,2,0.08
random_03,validation,C2,F03,FN,25,2,0.08
random_03,validation,C2,F04,FN,25,0,0.0
random_03,validation,C2,F05,FN,25,0,0.0
random_03,validation,C2,F06,FN,25,0,0.0
random_03,validation,C2,F07,FN,25,0,0.0
random_03,validation,C2,F08,FN,25,1,0.04
random_03,validation,C2,F09,FN,25,0,0.0
random_03,validation,C2,F10,FN,25,1,0.04
random_03,validation,C2,F11,FN,25,1,0.04
random_03,validation,C2,F12,FN,25,2,0.08
random_03,validation,C2,F13,FN,25,4,0.16
random_03,validation,C2,F14,FN,25,2,0.08
random_03,validation,C2,F15,FN,25,0,0.0
random_03,validation,C8,D01,FP,1584,0,0.0
random_03,validation,C8,D02,FP,1589,162,0.10195091252359975
random_03,validation,C8,D03,FP,1592,1207,0.7581658291457286
random_03,validation,C8,D04,FP,1592,1430,0.8982412060301508
random_03,validation,C8,D05,FP,1956,6,0.003067484662576687
random_03,validation,C8,D06,FP,1219,257,0.21082854799015588
random_03,validation,C8,D07,FP,915,0,0.0
random_03,validation,C8,D08,FP,917,9,0.009814612868047983
random_03,validation,C8,D09,FP,918,0,0.0
random_03,validation,C8,D10,FP,919,19,0.020674646354733407
random_03,validation,C8,D11,FP,913,16,0.017524644030668127
random_03,validation,C8,D12,FP,920,1,0.0010869565217391304
random_03,validation,C8,D13,FP,574,37,0.06445993031358885
random_03,validation,C8,D14,FP,920,33,0.035869565217391305
random_03,validation,C8,D15,FP,920,0,0.0
random_03,validation,C8,D16,FP,912,2,0.0021929824561403508
random_03,validation,C8,D17,FP,1948,0,0.0
random_03,validation,C8,D18,FP,573,60,0.10471204188481675
random_03,validation,C8,D19,FP,575,120,0.20869565217391303
random_03,validation,C8,F01,FN,25,0,0.0
random_03,validation,C8,F02,FN,25,0,0.0
random_03,validation,C8,F03,FN,25,1,0.04
random_03,validation,C8,F04,FN,25,0,0.0
random_03,validation,C8,F05,FN,25,0,0.0
random_03,validation,C8,F06,FN,25,0,0.0
random_03,validation,C8,F07,FN,25,0,0.0
random_03,validation,C8,F08,FN,25,0,0.0
random_03,validation,C8,F09,FN,25,0,0.0
random_03,validation,C8,F10,FN,25,1,0.04
random_03,validation,C8,F11,FN,25,0,0.0
random_03,validation,C8,F12,FN,25,0,0.0
random_03,validation,C8,F13,FN,25,2,0.08
random_03,validation,C8,F14,FN,25,1,0.04
random_03,validation,C8,F15,FN,25,0,0.0
random_03,test,logistic_regression,D01,FP,1744,0,0.0
random_03,test,logistic_regression,D02,FP,1752,0,0.0
random_03,test,logistic_regression,D03,FP,1751,0,0.0
random_03,test,logistic_regression,D04,FP,1751,0,0.0
random_03,test,logistic_regression,D05,FP,1956,0,0.0
random_03,test,logistic_regression,D06,FP,1174,0,0.0
random_03,test,logistic_regression,D07,FP,916,0,0.0
random_03,test,logistic_regression,D08,FP,920,0,0.0
random_03,test,logistic_regression,D09,FP,920,0,0.0
random_03,test,logistic_regression,D10,FP,919,0,0.0
random_03,test,logistic_regression,D11,FP,900,2,0.0022222222222222222
random_03,test,logistic_regression,D12,FP,917,0,0.0
random_03,test,logistic_regression,D13,FP,574,8,0.013937282229965157
random_03,test,logistic_regression,D14,FP,917,1,0.0010905125408942203
random_03,test,logistic_regression,D15,FP,900,0,0.0
random_03,test,logistic_regression,D16,FP,894,0,0.0
random_03,test,logistic_regression,D17,FP,1870,0,0.0
random_03,test,logistic_regression,D18,FP,574,0,0.0
random_03,test,logistic_regression,D19,FP,574,1,0.0017421602787456446
random_03,test,logistic_regression,F01,FN,25,0,0.0
random_03,test,logistic_regression,F02,FN,25,1,0.04
random_03,test,logistic_regression,F03,FN,25,0,0.0
random_03,test,logistic_regression,F04,FN,25,0,0.0
random_03,test,logistic_regression,F05,FN,25,5,0.2
random_03,test,logistic_regression,F06,FN,25,0,0.0
random_03,test,logistic_regression,F07,FN,25,0,0.0
random_03,test,logistic_regression,F08,FN,25,0,0.0
random_03,test,logistic_regression,F09,FN,25,0,0.0
random_03,test,logistic_regression,F10,FN,25,1,0.04
random_03,test,logistic_regression,F11,FN,25,0,0.0
random_03,test,logistic_regression,F12,FN,25,0,0.0
random_03,test,logistic_regression,F13,FN,25,2,0.08
random_03,test,logistic_regression,F14,FN,25,1,0.04
random_03,test,logistic_regression,F15,FN,25,1,0.04
random_03,test,decision_tree,D01,FP,1744,0,0.0
random_03,test,decision_tree,D02,FP,1752,0,0.0
random_03,test,decision_tree,D03,FP,1751,0,0.0
random_03,test,decision_tree,D04,FP,1751,2,0.001142204454597373
random_03,test,decision_tree,D05,FP,1956,0,0.0
random_03,test,decision_tree,D06,FP,1174,0,0.0
random_03,test,decision_tree,D07,FP,916,0,0.0
random_03,test,decision_tree,D08,FP,920,0,0.0
random_03,test,decision_tree,D09,FP,920,0,0.0
random_03,test,decision_tree,D10,FP,919,0,0.0
random_03,test,decision_tree,D11,FP,900,2,0.0022222222222222222
random_03,test,decision_tree,D12,FP,917,0,0.0
random_03,test,decision_tree,D13,FP,574,12,0.020905923344947737
random_03,test,decision_tree,D14,FP,917,0,0.0
random_03,test,decision_tree,D15,FP,900,0,0.0
random_03,test,decision_tree,D16,FP,894,0,0.0
random_03,test,decision_tree,D17,FP,1870,0,0.0
random_03,test,decision_tree,D18,FP,574,10,0.017421602787456445
random_03,test,decision_tree,D19,FP,574,0,0.0
random_03,test,decision_tree,F01,FN,25,0,0.0
random_03,test,decision_tree,F02,FN,25,1,0.04
random_03,test,decision_tree,F03,FN,25,0,0.0
random_03,test,decision_tree,F04,FN,25,0,0.0
random_03,test,decision_tree,F05,FN,25,5,0.2
random_03,test,decision_tree,F06,FN,25,0,0.0
random_03,test,decision_tree,F07,FN,25,0,0.0
random_03,test,decision_tree,F08,FN,25,1,0.04
random_03,test,decision_tree,F09,FN,25,0,0.0
random_03,test,decision_tree,F10,FN,25,0,0.0
random_03,test,decision_tree,F11,FN,25,2,0.08
random_03,test,decision_tree,F12,FN,25,0,0.0
random_03,test,decision_tree,F13,FN,25,2,0.08
random_03,test,decision_tree,F14,FN,25,2,0.08
random_03,test,decision_tree,F15,FN,25,0,0.0
random_03,test,baseline,D01,FP,1744,0,0.0
random_03,test,baseline,D02,FP,1752,0,0.0
random_03,test,baseline,D03,FP,1751,427,0.24386065105653912
random_03,test,baseline,D04,FP,1751,1476,0.8429468874928612
random_03,test,baseline,D05,FP,1956,0,0.0
random_03,test,baseline,D06,FP,1174,193,0.1643952299829642
random_03,test,baseline,D07,FP,916,0,0.0
random_03,test,baseline,D08,FP,920,4,0.004347826086956522
random_03,test,baseline,D09,FP,920,0,0.0
random_03,test,baseline,D10,FP,919,0,0.0
random_03,test,baseline,D11,FP,900,8,0.008888888888888889
random_03,test,baseline,D12,FP,917,0,0.0
random_03,test,baseline,D13,FP,574,0,0.0
random_03,test,baseline,D14,FP,917,0,0.0
random_03,test,baseline,D15,FP,900,0,0.0
random_03,test,baseline,D16,FP,894,0,0.0
random_03,test,baseline,D17,FP,1870,0,0.0
random_03,test,baseline,D18,FP,574,37,0.06445993031358885
random_03,test,baseline,D19,FP,574,151,0.26306620209059234
random_03,test,baseline,F01,FN,25,0,0.0
random_03,test,baseline,F02,FN,25,0,0.0
random_03,test,baseline,F03,FN,25,2,0.08
random_03,test,baseline,F04,FN,25,0,0.0
random_03,test,baseline,F05,FN,25,0,0.0
random_03,test,baseline,F06,FN,25,0,0.0
random_03,test,baseline,F07,FN,25,2,0.08
random_03,test,baseline,F08,FN,25,4,0.16
random_03,test,baseline,F09,FN,25,4,0.16
random_03,test,baseline,F10,FN,25,4,0.16
random_03,test,baseline,F11,FN,25,2,0.08
random_03,test,baseline,F12,FN,25,1,0.04
random_03,test,baseline,F13,FN,25,6,0.24
random_03,test,baseline,F14,FN,25,5,0.2
random_03,test,baseline,F15,FN,25,6,0.24
random_03,test,C2,D01,FP,1744,378,0.21674311926605505
random_03,test,C2,D02,FP,1752,1021,0.5827625570776256
random_03,test,C2,D03,FP,1751,1402,0.8006853226727584
random_03,test,C2,D04,FP,1751,1576,0.9000571102227298
random_03,test,C2,D05,FP,1956,641,0.3277096114519427
random_03,test,C2,D06,FP,1174,310,0.26405451448040884
random_03,test,C2,D07,FP,916,14,0.015283842794759825
random_03,test,C2,D08,FP,920,132,0.14347826086956522
random_03,test,C2,D09,FP,920,39,0.042391304347826085
random_03,test,C2,D10,FP,919,123,0.1338411316648531
random_03,test,C2,D11,FP,900,94,0.10444444444444445
random_03,test,C2,D12,FP,917,0,0.0
random_03,test,C2,D13,FP,574,9,0.0156794425087108
random_03,test,C2,D14,FP,917,22,0.023991275899672846
random_03,test,C2,D15,FP,900,11,0.012222222222222223
random_03,test,C2,D16,FP,894,0,0.0
random_03,test,C2,D17,FP,1870,53,0.028342245989304814
random_03,test,C2,D18,FP,574,196,0.34146341463414637
random_03,test,C2,D19,FP,574,150,0.2613240418118467
random_03,test,C2,F01,FN,25,1,0.04
random_03,test,C2,F02,FN,25,0,0.0
random_03,test,C2,F03,FN,25,1,0.04
random_03,test,C2,F04,FN,25,0,0.0
random_03,test,C2,F05,FN,25,1,0.04
random_03,test,C2,F06,FN,25,0,0.0
random_03,test,C2,F07,FN,25,1,0.04
random_03,test,C2,F08,FN,25,3,0.12
random_03,test,C2,F09,FN,25,2,0.08
random_03,test,C2,F10,FN,25,2,0.08
random_03,test,C2,F11,FN,25,1,0.04
random_03,test,C2,F12,FN,25,1,0.04
random_03,test,C2,F13,FN,25,4,0.16
random_03,test,C2,F14,FN,25,1,0.04
random_03,test,C2,F15,FN,25,1,0.04
random_03,test,C8,D01,FP,1744,0,0.0
random_03,test,C8,D02,FP,1752,60,0.03424657534246575
random_03,test,C8,D03,FP,1751,1254,0.7161621930325528
random_03,test,C8,D04,FP,1751,1621,0.9257567104511708
random_03,test,C8,D05,FP,1956,0,0.0
random_03,test,C8,D06,FP,1174,225,0.19165247018739354
random_03,test,C8,D07,FP,916,0,0.0
random_03,test,C8,D08,FP,920,12,0.013043478260869565
random_03,test,C8,D09,FP,920,0,0.0
random_03,test,C8,D10,FP,919,14,0.015233949945593036
random_03,test,C8,D11,FP,900,13,0.014444444444444444
random_03,test,C8,D12,FP,917,0,0.0
random_03,test,C8,D13,FP,574,31,0.05400696864111498
random_03,test,C8,D14,FP,917,6,0.006543075245365322
random_03,test,C8,D15,FP,900,0,0.0
random_03,test,C8,D16,FP,894,0,0.0
random_03,test,C8,D17,FP,1870,0,0.0
random_03,test,C8,D18,FP,574,48,0.08362369337979095
random_03,test,C8,D19,FP,574,106,0.18466898954703834
random_03,test,C8,F01,FN,25,0,0.0
random_03,test,C8,F02,FN,25,0,0.0
random_03,test,C8,F03,FN,25,0,0.0
random_03,test,C8,F04,FN,25,0,0.0
random_03,test,C8,F05,FN,25,1,0.04
random_03,test,C8,F06,FN,25,0,0.0
random_03,test,C8,F07,FN,25,0,0.0
random_03,test,C8,F08,FN,25,2,0.08
random_03,test,C8,F09,FN,25,0,0.0
random_03,test,C8,F10,FN,25,0,0.0
random_03,test,C8,F11,FN,25,0,0.0
random_03,test,C8,F12,FN,25,0,0.0
random_03,test,C8,F13,FN,25,2,0.08
random_03,test,C8,F14,FN,25,2,0.08
random_03,test,C8,F15,FN,25,0,0.0
random_04,validation,logistic_regression,D01,FP,1584,0,0.0
random_04,validation,logistic_regression,D02,FP,1589,0,0.0
random_04,validation,logistic_regression,D03,FP,1592,1,0.000628140703517588
random_04,validation,logistic_regression,D04,FP,1592,0,0.0
random_04,validation,logistic_regression,D05,FP,1956,0,0.0
random_04,validation,logistic_regression,D06,FP,1219,1,0.0008203445447087777
random_04,validation,logistic_regression,D07,FP,915,0,0.0
random_04,validation,logistic_regression,D08,FP,917,0,0.0
random_04,validation,logistic_regression,D09,FP,918,0,0.0
random_04,validation,logistic_regression,D10,FP,919,0,0.0
random_04,validation,logistic_regression,D11,FP,913,1,0.001095290251916758
random_04,validation,logistic_regression,D12,FP,920,0,0.0
random_04,validation,logistic_regression,D13,FP,574,13,0.02264808362369338
random_04,validation,logistic_regression,D14,FP,920,12,0.013043478260869565
random_04,validation,logistic_regression,D15,FP,920,0,0.0
random_04,validation,logistic_regression,D16,FP,912,0,0.0
random_04,validation,logistic_regression,D17,FP,1948,7,0.003593429158110883
random_04,validation,logistic_regression,D18,FP,573,0,0.0
random_04,validation,logistic_regression,D19,FP,575,2,0.0034782608695652175
random_04,validation,logistic_regression,F01,FN,25,0,0.0
random_04,validation,logistic_regression,F02,FN,25,0,0.0
random_04,validation,logistic_regression,F03,FN,25,1,0.04
random_04,validation,logistic_regression,F04,FN,25,0,0.0
random_04,validation,logistic_regression,F05,FN,25,1,0.04
random_04,validation,logistic_regression,F06,FN,25,0,0.0
random_04,validation,logistic_regression,F07,FN,25,0,0.0
random_04,validation,logistic_regression,F08,FN,25,0,0.0
random_04,validation,logistic_regression,F09,FN,25,0,0.0
random_04,validation,logistic_regression,F10,FN,25,0,0.0
random_04,validation,logistic_regression,F11,FN,25,0,0.0
random_04,validation,logistic_regression,F12,FN,25,0,0.0
random_04,validation,logistic_regression,F13,FN,25,0,0.0
random_04,validation,logistic_regression,F14,FN,25,0,0.0
random_04,validation,logistic_regression,F15,FN,25,0,0.0
random_04,validation,decision_tree,D01,FP,1584,0,0.0
random_04,validation,decision_tree,D02,FP,1589,0,0.0
random_04,validation,decision_tree,D03,FP,1592,2,0.001256281407035176
random_04,validation,decision_tree,D04,FP,1592,47,0.029522613065326633
random_04,validation,decision_tree,D05,FP,1956,0,0.0
random_04,validation,decision_tree,D06,FP,1219,5,0.004101722723543888
random_04,validation,decision_tree,D07,FP,915,0,0.0
random_04,validation,decision_tree,D08,FP,917,0,0.0
random_04,validation,decision_tree,D09,FP,918,0,0.0
random_04,validation,decision_tree,D10,FP,919,0,0.0
random_04,validation,decision_tree,D11,FP,913,5,0.00547645125958379
random_04,validation,decision_tree,D12,FP,920,0,0.0
random_04,validation,decision_tree,D13,FP,574,15,0.02613240418118467
random_04,validation,decision_tree,D14,FP,920,12,0.013043478260869565
random_04,validation,decision_tree,D15,FP,920,0,0.0
random_04,validation,decision_tree,D16,FP,912,0,0.0
random_04,validation,decision_tree,D17,FP,1948,0,0.0
random_04,validation,decision_tree,D18,FP,573,11,0.019197207678883072
random_04,validation,decision_tree,D19,FP,575,4,0.006956521739130435
random_04,validation,decision_tree,F01,FN,25,0,0.0
random_04,validation,decision_tree,F02,FN,25,0,0.0
random_04,validation,decision_tree,F03,FN,25,1,0.04
random_04,validation,decision_tree,F04,FN,25,0,0.0
random_04,validation,decision_tree,F05,FN,25,0,0.0
random_04,validation,decision_tree,F06,FN,25,0,0.0
random_04,validation,decision_tree,F07,FN,25,0,0.0
random_04,validation,decision_tree,F08,FN,25,0,0.0
random_04,validation,decision_tree,F09,FN,25,0,0.0
random_04,validation,decision_tree,F10,FN,25,0,0.0
random_04,validation,decision_tree,F11,FN,25,0,0.0
random_04,validation,decision_tree,F12,FN,25,0,0.0
random_04,validation,decision_tree,F13,FN,25,0,0.0
random_04,validation,decision_tree,F14,FN,25,0,0.0
random_04,validation,decision_tree,F15,FN,25,0,0.0
random_04,validation,baseline,D01,FP,1584,0,0.0
random_04,validation,baseline,D02,FP,1589,0,0.0
random_04,validation,baseline,D03,FP,1592,345,0.21670854271356785
random_04,validation,baseline,D04,FP,1592,1203,0.7556532663316583
random_04,validation,baseline,D05,FP,1956,0,0.0
random_04,validation,baseline,D06,FP,1219,269,0.2206726825266612
random_04,validation,baseline,D07,FP,915,0,0.0
random_04,validation,baseline,D08,FP,917,0,0.0
random_04,validation,baseline,D09,FP,918,0,0.0
random_04,validation,baseline,D10,FP,919,0,0.0
random_04,validation,baseline,D11,FP,913,13,0.014238773274917854
random_04,validation,baseline,D12,FP,920,0,0.0
random_04,validation,baseline,D13,FP,574,0,0.0
random_04,validation,baseline,D14,FP,920,0,0.0
random_04,validation,baseline,D15,FP,920,0,0.0
random_04,validation,baseline,D16,FP,912,0,0.0
random_04,validation,baseline,D17,FP,1948,0,0.0
random_04,validation,baseline,D18,FP,573,52,0.09075043630017451
random_04,validation,baseline,D19,FP,575,153,0.26608695652173914
random_04,validation,baseline,F01,FN,25,1,0.04
random_04,validation,baseline,F02,FN,25,0,0.0
random_04,validation,baseline,F03,FN,25,1,0.04
random_04,validation,baseline,F04,FN,25,0,0.0
random_04,validation,baseline,F05,FN,25,0,0.0
random_04,validation,baseline,F06,FN,25,1,0.04
random_04,validation,baseline,F07,FN,25,4,0.16
random_04,validation,baseline,F08,FN,25,1,0.04
random_04,validation,baseline,F09,FN,25,2,0.08
random_04,validation,baseline,F10,FN,25,1,0.04
random_04,validation,baseline,F11,FN,25,2,0.08
random_04,validation,baseline,F12,FN,25,2,0.08
random_04,validation,baseline,F13,FN,25,10,0.4
random_04,validation,baseline,F14,FN,25,0,0.0
random_04,validation,baseline,F15,FN,25,1,0.04
random_04,validation,C2,D01,FP,1584,380,0.2398989898989899
random_04,validation,C2,D02,FP,1589,1009,0.6349905601006922
random_04,validation,C2,D03,FP,1592,1274,0.800251256281407
random_04,validation,C2,D04,FP,1592,1390,0.8731155778894473
random_04,validation,C2,D05,FP,1956,643,0.3287321063394683
random_04,validation,C2,D06,FP,1219,314,0.2575881870385562
random_04,validation,C2,D07,FP,915,7,0.007650273224043716
random_04,validation,C2,D08,FP,917,122,0.13304252998909488
random_04,validation,C2,D09,FP,918,28,0.030501089324618737
random_04,validation,C2,D10,FP,919,133,0.14472252448313383
random_04,validation,C2,D11,FP,913,86,0.09419496166484119
random_04,validation,C2,D12,FP,920,4,0.004347826086956522
random_04,validation,C2,D13,FP,574,31,0.05400696864111498
random_04,validation,C2,D14,FP,920,41,0.04456521739130435
random_04,validation,C2,D15,FP,920,4,0.004347826086956522
random_04,validation,C2,D16,FP,912,0,0.0
random_04,validation,C2,D17,FP,1948,28,0.014373716632443531
random_04,validation,C2,D18,FP,573,172,0.30017452006980805
random_04,validation,C2,D19,FP,575,156,0.271304347826087
random_04,validation,C2,F01,FN,25,0,0.0
random_04,validation,C2,F02,FN,25,2,0.08
random_04,validation,C2,F03,FN,25,1,0.04
random_04,validation,C2,F04,FN,25,0,0.0
random_04,validation,C2,F05,FN,25,0,0.0
random_04,validation,C2,F06,FN,25,0,0.0
random_04,validation,C2,F07,FN,25,0,0.0
random_04,validation,C2,F08,FN,25,2,0.08
random_04,validation,C2,F09,FN,25,1,0.04
random_04,validation,C2,F10,FN,25,1,0.04
random_04,validation,C2,F11,FN,25,1,0.04
random_04,validation,C2,F12,FN,25,1,0.04
random_04,validation,C2,F13,FN,25,3,0.12
random_04,validation,C2,F14,FN,25,1,0.04
random_04,validation,C2,F15,FN,25,2,0.08
random_04,validation,C8,D01,FP,1584,0,0.0
random_04,validation,C8,D02,FP,1589,159,0.1000629326620516
random_04,validation,C8,D03,FP,1592,1217,0.7644472361809045
random_04,validation,C8,D04,FP,1592,1436,0.9020100502512562
random_04,validation,C8,D05,FP,1956,6,0.003067484662576687
random_04,validation,C8,D06,FP,1219,260,0.2132895816242822
random_04,validation,C8,D07,FP,915,0,0.0
random_04,validation,C8,D08,FP,917,11,0.011995637949836423
random_04,validation,C8,D09,FP,918,0,0.0
random_04,validation,C8,D10,FP,919,27,0.029379760609358
random_04,validation,C8,D11,FP,913,19,0.0208105147864184
random_04,validation,C8,D12,FP,920,0,0.0
random_04,validation,C8,D13,FP,574,37,0.06445993031358885
random_04,validation,C8,D14,FP,920,29,0.03152173913043478
random_04,validation,C8,D15,FP,920,0,0.0
random_04,validation,C8,D16,FP,912,1,0.0010964912280701754
random_04,validation,C8,D17,FP,1948,0,0.0
random_04,validation,C8,D18,FP,573,46,0.08027923211169284
random_04,validation,C8,D19,FP,575,113,0.19652173913043477
random_04,validation,C8,F01,FN,25,0,0.0
random_04,validation,C8,F02,FN,25,0,0.0
random_04,validation,C8,F03,FN,25,1,0.04
random_04,validation,C8,F04,FN,25,0,0.0
random_04,validation,C8,F05,FN,25,0,0.0
random_04,validation,C8,F06,FN,25,0,0.0
random_04,validation,C8,F07,FN,25,0,0.0
random_04,validation,C8,F08,FN,25,0,0.0
random_04,validation,C8,F09,FN,25,0,0.0
random_04,validation,C8,F10,FN,25,1,0.04
random_04,validation,C8,F11,FN,25,0,0.0
random_04,validation,C8,F12,FN,25,0,0.0
random_04,validation,C8,F13,FN,25,5,0.2
random_04,validation,C8,F14,FN,25,0,0.0
random_04,validation,C8,F15,FN,25,0,0.0
random_04,test,logistic_regression,D01,FP,1744,0,0.0
random_04,test,logistic_regression,D02,FP,1752,0,0.0
random_04,test,logistic_regression,D03,FP,1751,0,0.0
random_04,test,logistic_regression,D04,FP,1751,0,0.0
random_04,test,logistic_regression,D05,FP,1956,0,0.0
random_04,test,logistic_regression,D06,FP,1174,0,0.0
random_04,test,logistic_regression,D07,FP,916,0,0.0
random_04,test,logistic_regression,D08,FP,920,0,0.0
random_04,test,logistic_regression,D09,FP,920,0,0.0
random_04,test,logistic_regression,D10,FP,919,0,0.0
random_04,test,logistic_regression,D11,FP,900,2,0.0022222222222222222
random_04,test,logistic_regression,D12,FP,917,0,0.0
random_04,test,logistic_regression,D13,FP,574,8,0.013937282229965157
random_04,test,logistic_regression,D14,FP,917,1,0.0010905125408942203
random_04,test,logistic_regression,D15,FP,900,0,0.0
random_04,test,logistic_regression,D16,FP,894,0,0.0
random_04,test,logistic_regression,D17,FP,1870,0,0.0
random_04,test,logistic_regression,D18,FP,574,0,0.0
random_04,test,logistic_regression,D19,FP,574,1,0.0017421602787456446
random_04,test,logistic_regression,F01,FN,25,0,0.0
random_04,test,logistic_regression,F02,FN,25,1,0.04
random_04,test,logistic_regression,F03,FN,25,0,0.0
random_04,test,logistic_regression,F04,FN,25,0,0.0
random_04,test,logistic_regression,F05,FN,25,5,0.2
random_04,test,logistic_regression,F06,FN,25,0,0.0
random_04,test,logistic_regression,F07,FN,25,0,0.0
random_04,test,logistic_regression,F08,FN,25,0,0.0
random_04,test,logistic_regression,F09,FN,25,0,0.0
random_04,test,logistic_regression,F10,FN,25,1,0.04
random_04,test,logistic_regression,F11,FN,25,0,0.0
random_04,test,logistic_regression,F12,FN,25,0,0.0
random_04,test,logistic_regression,F13,FN,25,2,0.08
random_04,test,logistic_regression,F14,FN,25,1,0.04
random_04,test,logistic_regression,F15,FN,25,1,0.04
random_04,test,decision_tree,D01,FP,1744,0,0.0
random_04,test,decision_tree,D02,FP,1752,0,0.0
random_04,test,decision_tree,D03,FP,1751,0,0.0
random_04,test,decision_tree,D04,FP,1751,2,0.001142204454597373
random_04,test,decision_tree,D05,FP,1956,0,0.0
random_04,test,decision_tree,D06,FP,1174,0,0.0
random_04,test,decision_tree,D07,FP,916,0,0.0
random_04,test,decision_tree,D08,FP,920,0,0.0
random_04,test,decision_tree,D09,FP,920,0,0.0
random_04,test,decision_tree,D10,FP,919,0,0.0
random_04,test,decision_tree,D11,FP,900,2,0.0022222222222222222
random_04,test,decision_tree,D12,FP,917,0,0.0
random_04,test,decision_tree,D13,FP,574,12,0.020905923344947737
random_04,test,decision_tree,D14,FP,917,0,0.0
random_04,test,decision_tree,D15,FP,900,0,0.0
random_04,test,decision_tree,D16,FP,894,0,0.0
random_04,test,decision_tree,D17,FP,1870,0,0.0
random_04,test,decision_tree,D18,FP,574,10,0.017421602787456445
random_04,test,decision_tree,D19,FP,574,0,0.0
random_04,test,decision_tree,F01,FN,25,0,0.0
random_04,test,decision_tree,F02,FN,25,1,0.04
random_04,test,decision_tree,F03,FN,25,0,0.0
random_04,test,decision_tree,F04,FN,25,0,0.0
random_04,test,decision_tree,F05,FN,25,5,0.2
random_04,test,decision_tree,F06,FN,25,0,0.0
random_04,test,decision_tree,F07,FN,25,0,0.0
random_04,test,decision_tree,F08,FN,25,1,0.04
random_04,test,decision_tree,F09,FN,25,0,0.0
random_04,test,decision_tree,F10,FN,25,0,0.0
random_04,test,decision_tree,F11,FN,25,2,0.08
random_04,test,decision_tree,F12,FN,25,0,0.0
random_04,test,decision_tree,F13,FN,25,2,0.08
random_04,test,decision_tree,F14,FN,25,2,0.08
random_04,test,decision_tree,F15,FN,25,0,0.0
random_04,test,baseline,D01,FP,1744,0,0.0
random_04,test,baseline,D02,FP,1752,0,0.0
random_04,test,baseline,D03,FP,1751,427,0.24386065105653912
random_04,test,baseline,D04,FP,1751,1476,0.8429468874928612
random_04,test,baseline,D05,FP,1956,0,0.0
random_04,test,baseline,D06,FP,1174,193,0.1643952299829642
random_04,test,baseline,D07,FP,916,0,0.0
random_04,test,baseline,D08,FP,920,4,0.004347826086956522
random_04,test,baseline,D09,FP,920,0,0.0
random_04,test,baseline,D10,FP,919,0,0.0
random_04,test,baseline,D11,FP,900,8,0.008888888888888889
random_04,test,baseline,D12,FP,917,0,0.0
random_04,test,baseline,D13,FP,574,0,0.0
random_04,test,baseline,D14,FP,917,0,0.0
random_04,test,baseline,D15,FP,900,0,0.0
random_04,test,baseline,D16,FP,894,0,0.0
random_04,test,baseline,D17,FP,1870,0,0.0
random_04,test,baseline,D18,FP,574,37,0.06445993031358885
random_04,test,baseline,D19,FP,574,151,0.26306620209059234
random_04,test,baseline,F01,FN,25,0,0.0
random_04,test,baseline,F02,FN,25,0,0.0
random_04,test,baseline,F03,FN,25,2,0.08
random_04,test,baseline,F04,FN,25,0,0.0
random_04,test,baseline,F05,FN,25,0,0.0
random_04,test,baseline,F06,FN,25,0,0.0
random_04,test,baseline,F07,FN,25,2,0.08
random_04,test,baseline,F08,FN,25,4,0.16
random_04,test,baseline,F09,FN,25,4,0.16
random_04,test,baseline,F10,FN,25,4,0.16
random_04,test,baseline,F11,FN,25,2,0.08
random_04,test,baseline,F12,FN,25,1,0.04
random_04,test,baseline,F13,FN,25,6,0.24
random_04,test,baseline,F14,FN,25,5,0.2
random_04,test,baseline,F15,FN,25,6,0.24
random_04,test,C2,D01,FP,1744,411,0.2356651376146789
random_04,test,C2,D02,FP,1752,989,0.5644977168949772
random_04,test,C2,D03,FP,1751,1398,0.7984009137635637
random_04,test,C2,D04,FP,1751,1553,0.88692175899486
random_04,test,C2,D05,FP,1956,629,0.3215746421267894
random_04,test,C2,D06,FP,1174,286,0.24361158432708688
random_04,test,C2,D07,FP,916,17,0.018558951965065504
random_04,test,C2,D08,FP,920,128,0.1391304347826087
random_04,test,C2,D09,FP,920,31,0.03369565217391304
random_04,test,C2,D10,FP,919,119,0.1294885745375408
random_04,test,C2,D11,FP,900,91,0.10111111111111111
random_04,test,C2,D12,FP,917,0,0.0
random_04,test,C2,D13,FP,574,12,0.020905923344947737
random_04,test,C2,D14,FP,917,17,0.018538713195201745
random_04,test,C2,D15,FP,900,13,0.014444444444444444
random_04,test,C2,D16,FP,894,0,0.0
random_04,test,C2,D17,FP,1870,39,0.02085561497326203
random_04,test,C2,D18,FP,574,197,0.343205574912892
random_04,test,C2,D19,FP,574,145,0.25261324041811845
random_04,test,C2,F01,FN,25,1,0.04
random_04,test,C2,F02,FN,25,0,0.0
random_04,test,C2,F03,FN,25,2,0.08
random_04,test,C2,F04,FN,25,0,0.0
random_04,test,C2,F05,FN,25,0,0.0
random_04,test,C2,F06,FN,25,0,0.0
random_04,test,C2,F07,FN,25,0,0.0
random_04,test,C2,F08,FN,25,3,0.12
random_04,test,C2,F09,FN,25,1,0.04
random_04,test,C2,F10,FN,25,0,0.0
random_04,test,C2,F11,FN,25,3,0.12
random_04,test,C2,F12,FN,25,1,0.04
random_04,test,C2,F13,FN,25,2,0.08
random_04,test,C2,F14,FN,25,5,0.2
random_04,test,C2,F15,FN,25,2,0.08
random_04,test,C8,D01,FP,1744,0,0.0
random_04,test,C8,D02,FP,1752,53,0.030251141552511414
random_04,test,C8,D03,FP,1751,1241,0.7087378640776699
random_04,test,C8,D04,FP,1751,1595,0.910908052541405
random_04,test,C8,D05,FP,1956,0,0.0
random_04,test,C8,D06,FP,1174,208,0.17717206132879046
random_04,test,C8,D07,FP,916,0,0.0
random_04,test,C8,D08,FP,920,12,0.013043478260869565
random_04,test,C8,D09,FP,920,0,0.0
random_04,test,C8,D10,FP,919,14,0.015233949945593036
random_04,test,C8,D11,FP,900,14,0.015555555555555555
random_04,test,C8,D12,FP,917,0,0.0
random_04,test,C8,D13,FP,574,28,0.04878048780487805
random_04,test,C8,D14,FP,917,6,0.006543075245365322
random_04,test,C8,D15,FP,900,0,0.0
random_04,test,C8,D16,FP,894,1,0.0011185682326621924
random_04,test,C8,D17,FP,1870,0,0.0
random_04,test,C8,D18,FP,574,48,0.08362369337979095
random_04,test,C8,D19,FP,574,102,0.17770034843205576
random_04,test,C8,F01,FN,25,1,0.04
random_04,test,C8,F02,FN,25,0,0.0
random_04,test,C8,F03,FN,25,0,0.0
random_04,test,C8,F04,FN,25,0,0.0
random_04,test,C8,F05,FN,25,0,0.0
random_04,test,C8,F06,FN,25,0,0.0
random_04,test,C8,F07,FN,25,0,0.0
random_04,test,C8,F08,FN,25,0,0.0
random_04,test,C8,F09,FN,25,0,0.0
random_04,test,C8,F10,FN,25,0,0.0
random_04,test,C8,F11,FN,25,1,0.04
random_04,test,C8,F12,FN,25,0,0.0
random_04,test,C8,F13,FN,25,1,0.04
random_04,test,C8,F14,FN,25,5,0.2
random_04,test,C8,F15,FN,25,1,0.04
random_05,validation,logistic_regression,D01,FP,1584,0,0.0
random_05,validation,logistic_regression,D02,FP,1589,0,0.0
random_05,validation,logistic_regression,D03,FP,1592,1,0.000628140703517588
random_05,validation,logistic_regression,D04,FP,1592,0,0.0
random_05,validation,logistic_regression,D05,FP,1956,0,0.0
random_05,validation,logistic_regression,D06,FP,1219,1,0.0008203445447087777
random_05,validation,logistic_regression,D07,FP,915,0,0.0
random_05,validation,logistic_regression,D08,FP,917,0,0.0
random_05,validation,logistic_regression,D09,FP,918,0,0.0
random_05,validation,logistic_regression,D10,FP,919,0,0.0
random_05,validation,logistic_regression,D11,FP,913,1,0.001095290251916758
random_05,validation,logistic_regression,D12,FP,920,0,0.0
random_05,validation,logistic_regression,D13,FP,574,13,0.02264808362369338
random_05,validation,logistic_regression,D14,FP,920,12,0.013043478260869565
random_05,validation,logistic_regression,D15,FP,920,0,0.0
random_05,validation,logistic_regression,D16,FP,912,0,0.0
random_05,validation,logistic_regression,D17,FP,1948,7,0.003593429158110883
random_05,validation,logistic_regression,D18,FP,573,0,0.0
random_05,validation,logistic_regression,D19,FP,575,2,0.0034782608695652175
random_05,validation,logistic_regression,F01,FN,25,0,0.0
random_05,validation,logistic_regression,F02,FN,25,0,0.0
random_05,validation,logistic_regression,F03,FN,25,1,0.04
random_05,validation,logistic_regression,F04,FN,25,0,0.0
random_05,validation,logistic_regression,F05,FN,25,1,0.04
random_05,validation,logistic_regression,F06,FN,25,0,0.0
random_05,validation,logistic_regression,F07,FN,25,0,0.0
random_05,validation,logistic_regression,F08,FN,25,0,0.0
random_05,validation,logistic_regression,F09,FN,25,0,0.0
random_05,validation,logistic_regression,F10,FN,25,0,0.0
random_05,validation,logistic_regression,F11,FN,25,0,0.0
random_05,validation,logistic_regression,F12,FN,25,0,0.0
random_05,validation,logistic_regression,F13,FN,25,0,0.0
random_05,validation,logistic_regression,F14,FN,25,0,0.0
random_05,validation,logistic_regression,F15,FN,25,0,0.0
random_05,validation,decision_tree,D01,FP,1584,0,0.0
random_05,validation,decision_tree,D02,FP,1589,0,0.0
random_05,validation,decision_tree,D03,FP,1592,2,0.001256281407035176
random_05,validation,decision_tree,D04,FP,1592,47,0.029522613065326633
random_05,validation,decision_tree,D05,FP,1956,0,0.0
random_05,validation,decision_tree,D06,FP,1219,5,0.004101722723543888
random_05,validation,decision_tree,D07,FP,915,0,0.0
random_05,validation,decision_tree,D08,FP,917,0,0.0
random_05,validation,decision_tree,D09,FP,918,0,0.0
random_05,validation,decision_tree,D10,FP,919,0,0.0
random_05,validation,decision_tree,D11,FP,913,5,0.00547645125958379
random_05,validation,decision_tree,D12,FP,920,0,0.0
random_05,validation,decision_tree,D13,FP,574,15,0.02613240418118467
random_05,validation,decision_tree,D14,FP,920,12,0.013043478260869565
random_05,validation,decision_tree,D15,FP,920,0,0.0
random_05,validation,decision_tree,D16,FP,912,0,0.0
random_05,validation,decision_tree,D17,FP,1948,0,0.0
random_05,validation,decision_tree,D18,FP,573,11,0.019197207678883072
random_05,validation,decision_tree,D19,FP,575,4,0.006956521739130435
random_05,validation,decision_tree,F01,FN,25,0,0.0
random_05,validation,decision_tree,F02,FN,25,0,0.0
random_05,validation,decision_tree,F03,FN,25,1,0.04
random_05,validation,decision_tree,F04,FN,25,0,0.0
random_05,validation,decision_tree,F05,FN,25,0,0.0
random_05,validation,decision_tree,F06,FN,25,0,0.0
random_05,validation,decision_tree,F07,FN,25,0,0.0
random_05,validation,decision_tree,F08,FN,25,0,0.0
random_05,validation,decision_tree,F09,FN,25,0,0.0
random_05,validation,decision_tree,F10,FN,25,0,0.0
random_05,validation,decision_tree,F11,FN,25,0,0.0
random_05,validation,decision_tree,F12,FN,25,0,0.0
random_05,validation,decision_tree,F13,FN,25,0,0.0
random_05,validation,decision_tree,F14,FN,25,0,0.0
random_05,validation,decision_tree,F15,FN,25,0,0.0
random_05,validation,baseline,D01,FP,1584,0,0.0
random_05,validation,baseline,D02,FP,1589,0,0.0
random_05,validation,baseline,D03,FP,1592,345,0.21670854271356785
random_05,validation,baseline,D04,FP,1592,1203,0.7556532663316583
random_05,validation,baseline,D05,FP,1956,0,0.0
random_05,validation,baseline,D06,FP,1219,269,0.2206726825266612
random_05,validation,baseline,D07,FP,915,0,0.0
random_05,validation,baseline,D08,FP,917,0,0.0
random_05,validation,baseline,D09,FP,918,0,0.0
random_05,validation,baseline,D10,FP,919,0,0.0
random_05,validation,baseline,D11,FP,913,13,0.014238773274917854
random_05,validation,baseline,D12,FP,920,0,0.0
random_05,validation,baseline,D13,FP,574,0,0.0
random_05,validation,baseline,D14,FP,920,0,0.0
random_05,validation,baseline,D15,FP,920,0,0.0
random_05,validation,baseline,D16,FP,912,0,0.0
random_05,validation,baseline,D17,FP,1948,0,0.0
random_05,validation,baseline,D18,FP,573,52,0.09075043630017451
random_05,validation,baseline,D19,FP,575,153,0.26608695652173914
random_05,validation,baseline,F01,FN,25,1,0.04
random_05,validation,baseline,F02,FN,25,0,0.0
random_05,validation,baseline,F03,FN,25,1,0.04
random_05,validation,baseline,F04,FN,25,0,0.0
random_05,validation,baseline,F05,FN,25,0,0.0
random_05,validation,baseline,F06,FN,25,1,0.04
random_05,validation,baseline,F07,FN,25,4,0.16
random_05,validation,baseline,F08,FN,25,1,0.04
random_05,validation,baseline,F09,FN,25,2,0.08
random_05,validation,baseline,F10,FN,25,1,0.04
random_05,validation,baseline,F11,FN,25,2,0.08
random_05,validation,baseline,F12,FN,25,2,0.08
random_05,validation,baseline,F13,FN,25,10,0.4
random_05,validation,baseline,F14,FN,25,0,0.0
random_05,validation,baseline,F15,FN,25,1,0.04
random_05,validation,C2,D01,FP,1584,391,0.24684343434343434
random_05,validation,C2,D02,FP,1589,982,0.6179987413467589
random_05,validation,C2,D03,FP,1592,1309,0.8222361809045227
random_05,validation,C2,D04,FP,1592,1417,0.8900753768844221
random_05,validation,C2,D05,FP,1956,639,0.3266871165644172
random_05,validation,C2,D06,FP,1219,313,0.25676784249384743
random_05,validation,C2,D07,FP,915,6,0.006557377049180328
random_05,validation,C2,D08,FP,917,130,0.14176663031624864
random_05,validation,C2,D09,FP,918,32,0.034858387799564274
random_05,validation,C2,D10,FP,919,114,0.12404787812840043
random_05,validation,C2,D11,FP,913,69,0.0755750273822563
random_05,validation,C2,D12,FP,920,1,0.0010869565217391304
random_05,validation,C2,D13,FP,574,18,0.0313588850174216
random_05,validation,C2,D14,FP,920,48,0.05217391304347826
random_05,validation,C2,D15,FP,920,7,0.007608695652173913
random_05,validation,C2,D16,FP,912,0,0.0
random_05,validation,C2,D17,FP,1948,33,0.016940451745379878
random_05,validation,C2,D18,FP,573,202,0.3525305410122164
random_05,validation,C2,D19,FP,575,160,0.2782608695652174
random_05,validation,C2,F01,FN,25,4,0.16
random_05,validation,C2,F02,FN,25,1,0.04
random_05,validation,C2,F03,FN,25,2,0.08
random_05,validation,C2,F04,FN,25,1,0.04
random_05,validation,C2,F05,FN,25,0,0.0
random_05,validation,C2,F06,FN,25,0,0.0
random_05,validation,C2,F07,FN,25,1,0.04
random_05,validation,C2,F08,FN,25,1,0.04
random_05,validation,C2,F09,FN,25,1,0.04
random_05,validation,C2,F10,FN,25,0,0.0
random_05,validation,C2,F11,FN,25,1,0.04
random_05,validation,C2,F12,FN,25,0,0.0
random_05,validation,C2,F13,FN,25,2,0.08
random_05,validation,C2,F14,FN,25,2,0.08
random_05,validation,C2,F15,FN,25,0,0.0
random_05,validation,C8,D01,FP,1584,0,0.0
random_05,validation,C8,D02,FP,1589,155,0.09754562617998741
random_05,validation,C8,D03,FP,1592,1224,0.7688442211055276
random_05,validation,C8,D04,FP,1592,1438,0.9032663316582915
random_05,validation,C8,D05,FP,1956,8,0.00408997955010225
random_05,validation,C8,D06,FP,1219,251,0.2059064807219032
random_05,validation,C8,D07,FP,915,0,0.0
random_05,validation,C8,D08,FP,917,15,0.016357688113413305
random_05,validation,C8,D09,FP,918,0,0.0
random_05,validation,C8,D10,FP,919,27,0.029379760609358
random_05,validation,C8,D11,FP,913,17,0.018619934282584884
random_05,validation,C8,D12,FP,920,0,0.0
random_05,validation,C8,D13,FP,574,38,0.06620209059233449
random_05,validation,C8,D14,FP,920,33,0.035869565217391305
random_05,validation,C8,D15,FP,920,0,0.0
random_05,validation,C8,D16,FP,912,2,0.0021929824561403508
random_05,validation,C8,D17,FP,1948,1,0.000513347022587269
random_05,validation,C8,D18,FP,573,57,0.09947643979057591
random_05,validation,C8,D19,FP,575,116,0.20173913043478262
random_05,validation,C8,F01,FN,25,0,0.0
random_05,validation,C8,F02,FN,25,0,0.0
random_05,validation,C8,F03,FN,25,1,0.04
random_05,validation,C8,F04,FN,25,1,0.04
random_05,validation,C8,F05,FN,25,0,0.0
random_05,validation,C8,F06,FN,25,0,0.0
random_05,validation,C8,F07,FN,25,0,0.0
random_05,validation,C8,F08,FN,25,1,0.04
random_05,validation,C8,F09,FN,25,0,0.0
random_05,validation,C8,F10,FN,25,0,0.0
random_05,validation,C8,F11,FN,25,0,0.0
random_05,validation,C8,F12,FN,25,0,0.0
random_05,validation,C8,F13,FN,25,3,0.12
random_05,validation,C8,F14,FN,25,1,0.04
random_05,validation,C8,F15,FN,25,0,0.0
random_05,test,logistic_regression,D01,FP,1744,0,0.0
random_05,test,logistic_regression,D02,FP,1752,0,0.0
random_05,test,logistic_regression,D03,FP,1751,0,0.0
random_05,test,logistic_regression,D04,FP,1751,0,0.0
random_05,test,logistic_regression,D05,FP,1956,0,0.0
random_05,test,logistic_regression,D06,FP,1174,0,0.0
random_05,test,logistic_regression,D07,FP,916,0,0.0
random_05,test,logistic_regression,D08,FP,920,0,0.0
random_05,test,logistic_regression,D09,FP,920,0,0.0
random_05,test,logistic_regression,D10,FP,919,0,0.0
random_05,test,logistic_regression,D11,FP,900,2,0.0022222222222222222
random_05,test,logistic_regression,D12,FP,917,0,0.0
random_05,test,logistic_regression,D13,FP,574,8,0.013937282229965157
random_05,test,logistic_regression,D14,FP,917,1,0.0010905125408942203
random_05,test,logistic_regression,D15,FP,900,0,0.0
random_05,test,logistic_regression,D16,FP,894,0,0.0
random_05,test,logistic_regression,D17,FP,1870,0,0.0
random_05,test,logistic_regression,D18,FP,574,0,0.0
random_05,test,logistic_regression,D19,FP,574,1,0.0017421602787456446
random_05,test,logistic_regression,F01,FN,25,0,0.0
random_05,test,logistic_regression,F02,FN,25,1,0.04
random_05,test,logistic_regression,F03,FN,25,0,0.0
random_05,test,logistic_regression,F04,FN,25,0,0.0
random_05,test,logistic_regression,F05,FN,25,5,0.2
random_05,test,logistic_regression,F06,FN,25,0,0.0
random_05,test,logistic_regression,F07,FN,25,0,0.0
random_05,test,logistic_regression,F08,FN,25,0,0.0
random_05,test,logistic_regression,F09,FN,25,0,0.0
random_05,test,logistic_regression,F10,FN,25,1,0.04
random_05,test,logistic_regression,F11,FN,25,0,0.0
random_05,test,logistic_regression,F12,FN,25,0,0.0
random_05,test,logistic_regression,F13,FN,25,2,0.08
random_05,test,logistic_regression,F14,FN,25,1,0.04
random_05,test,logistic_regression,F15,FN,25,1,0.04
random_05,test,decision_tree,D01,FP,1744,0,0.0
random_05,test,decision_tree,D02,FP,1752,0,0.0
random_05,test,decision_tree,D03,FP,1751,0,0.0
random_05,test,decision_tree,D04,FP,1751,2,0.001142204454597373
random_05,test,decision_tree,D05,FP,1956,0,0.0
random_05,test,decision_tree,D06,FP,1174,0,0.0
random_05,test,decision_tree,D07,FP,916,0,0.0
random_05,test,decision_tree,D08,FP,920,0,0.0
random_05,test,decision_tree,D09,FP,920,0,0.0
random_05,test,decision_tree,D10,FP,919,0,0.0
random_05,test,decision_tree,D11,FP,900,2,0.0022222222222222222
random_05,test,decision_tree,D12,FP,917,0,0.0
random_05,test,decision_tree,D13,FP,574,12,0.020905923344947737
random_05,test,decision_tree,D14,FP,917,0,0.0
random_05,test,decision_tree,D15,FP,900,0,0.0
random_05,test,decision_tree,D16,FP,894,0,0.0
random_05,test,decision_tree,D17,FP,1870,0,0.0
random_05,test,decision_tree,D18,FP,574,10,0.017421602787456445
random_05,test,decision_tree,D19,FP,574,0,0.0
random_05,test,decision_tree,F01,FN,25,0,0.0
random_05,test,decision_tree,F02,FN,25,1,0.04
random_05,test,decision_tree,F03,FN,25,0,0.0
random_05,test,decision_tree,F04,FN,25,0,0.0
random_05,test,decision_tree,F05,FN,25,5,0.2
random_05,test,decision_tree,F06,FN,25,0,0.0
random_05,test,decision_tree,F07,FN,25,0,0.0
random_05,test,decision_tree,F08,FN,25,1,0.04
random_05,test,decision_tree,F09,FN,25,0,0.0
random_05,test,decision_tree,F10,FN,25,0,0.0
random_05,test,decision_tree,F11,FN,25,2,0.08
random_05,test,decision_tree,F12,FN,25,0,0.0
random_05,test,decision_tree,F13,FN,25,2,0.08
random_05,test,decision_tree,F14,FN,25,2,0.08
random_05,test,decision_tree,F15,FN,25,0,0.0
random_05,test,baseline,D01,FP,1744,0,0.0
random_05,test,baseline,D02,FP,1752,0,0.0
random_05,test,baseline,D03,FP,1751,427,0.24386065105653912
random_05,test,baseline,D04,FP,1751,1476,0.8429468874928612
random_05,test,baseline,D05,FP,1956,0,0.0
random_05,test,baseline,D06,FP,1174,193,0.1643952299829642
random_05,test,baseline,D07,FP,916,0,0.0
random_05,test,baseline,D08,FP,920,4,0.004347826086956522
random_05,test,baseline,D09,FP,920,0,0.0
random_05,test,baseline,D10,FP,919,0,0.0
random_05,test,baseline,D11,FP,900,8,0.008888888888888889
random_05,test,baseline,D12,FP,917,0,0.0
random_05,test,baseline,D13,FP,574,0,0.0
random_05,test,baseline,D14,FP,917,0,0.0
random_05,test,baseline,D15,FP,900,0,0.0
random_05,test,baseline,D16,FP,894,0,0.0
random_05,test,baseline,D17,FP,1870,0,0.0
random_05,test,baseline,D18,FP,574,37,0.06445993031358885
random_05,test,baseline,D19,FP,574,151,0.26306620209059234
random_05,test,baseline,F01,FN,25,0,0.0
random_05,test,baseline,F02,FN,25,0,0.0
random_05,test,baseline,F03,FN,25,2,0.08
random_05,test,baseline,F04,FN,25,0,0.0
random_05,test,baseline,F05,FN,25,0,0.0
random_05,test,baseline,F06,FN,25,0,0.0
random_05,test,baseline,F07,FN,25,2,0.08
random_05,test,baseline,F08,FN,25,4,0.16
random_05,test,baseline,F09,FN,25,4,0.16
random_05,test,baseline,F10,FN,25,4,0.16
random_05,test,baseline,F11,FN,25,2,0.08
random_05,test,baseline,F12,FN,25,1,0.04
random_05,test,baseline,F13,FN,25,6,0.24
random_05,test,baseline,F14,FN,25,5,0.2
random_05,test,baseline,F15,FN,25,6,0.24
random_05,test,C2,D01,FP,1744,430,0.24655963302752293
random_05,test,C2,D02,FP,1752,1009,0.5759132420091324
random_05,test,C2,D03,FP,1751,1394,0.7961165048543689
random_05,test,C2,D04,FP,1751,1539,0.8789263278126784
random_05,test,C2,D05,FP,1956,679,0.34713701431492844
random_05,test,C2,D06,FP,1174,297,0.25298126064735943
random_05,test,C2,D07,FP,916,11,0.012008733624454149
random_05,test,C2,D08,FP,920,130,0.14130434782608695
random_05,test,C2,D09,FP,920,41,0.04456521739130435
random_05,test,C2,D10,FP,919,138,0.1501632208922742
random_05,test,C2,D11,FP,900,84,0.09333333333333334
random_05,test,C2,D12,FP,917,0,0.0
random_05,test,C2,D13,FP,574,10,0.017421602787456445
random_05,test,C2,D14,FP,917,19,0.020719738276990186
random_05,test,C2,D15,FP,900,10,0.011111111111111112
random_05,test,C2,D16,FP,894,0,0.0
random_05,test,C2,D17,FP,1870,44,0.023529411764705882
random_05,test,C2,D18,FP,574,173,0.30139372822299654
random_05,test,C2,D19,FP,574,158,0.27526132404181186
random_05,test,C2,F01,FN,25,0,0.0
random_05,test,C2,F02,FN,25,1,0.04
random_05,test,C2,F03,FN,25,0,0.0
random_05,test,C2,F04,FN,25,1,0.04
random_05,test,C2,F05,FN,25,0,0.0
random_05,test,C2,F06,FN,25,1,0.04
random_05,test,C2,F07,FN,25,1,0.04
random_05,test,C2,F08,FN,25,1,0.04
random_05,test,C2,F09,FN,25,2,0.08
random_05,test,C2,F10,FN,25,4,0.16
random_05,test,C2,F11,FN,25,1,0.04
random_05,test,C2,F12,FN,25,1,0.04
random_05,test,C2,F13,FN,25,1,0.04
random_05,test,C2,F14,FN,25,3,0.12
random_05,test,C2,F15,FN,25,5,0.2
random_05,test,C8,D01,FP,1744,0,0.0
random_05,test,C8,D02,FP,1752,59,0.03367579908675799
random_05,test,C8,D03,FP,1751,1240,0.7081667618503712
random_05,test,C8,D04,FP,1751,1587,0.9063392347230155
random_05,test,C8,D05,FP,1956,0,0.0
random_05,test,C8,D06,FP,1174,220,0.18739352640545145
random_05,test,C8,D07,FP,916,0,0.0
random_05,test,C8,D08,FP,920,11,0.011956521739130435
random_05,test,C8,D09,FP,920,0,0.0
random_05,test,C8,D10,FP,919,14,0.015233949945593036
random_05,test,C8,D11,FP,900,15,0.016666666666666666
random_05,test,C8,D12,FP,917,1,0.0010905125408942203
random_05,test,C8,D13,FP,574,27,0.047038327526132406
random_05,test,C8,D14,FP,917,4,0.004362050163576881
random_05,test,C8,D15,FP,900,0,0.0
random_05,test,C8,D16,FP,894,1,0.0011185682326621924
random_05,test,C8,D17,FP,1870,0,0.0
random_05,test,C8,D18,FP,574,47,0.08188153310104529
random_05,test,C8,D19,FP,574,112,0.1951219512195122
random_05,test,C8,F01,FN,25,0,0.0
random_05,test,C8,F02,FN,25,0,0.0
random_05,test,C8,F03,FN,25,0,0.0
random_05,test,C8,F04,FN,25,1,0.04
random_05,test,C8,F05,FN,25,0,0.0
random_05,test,C8,F06,FN,25,0,0.0
random_05,test,C8,F07,FN,25,0,0.0
random_05,test,C8,F08,FN,25,2,0.08
random_05,test,C8,F09,FN,25,0,0.0
random_05,test,C8,F10,FN,25,2,0.08
random_05,test,C8,F11,FN,25,0,0.0
random_05,test,C8,F12,FN,25,0,0.0
random_05,test,C8,F13,FN,25,2,0.08
random_05,test,C8,F14,FN,25,3,0.12
random_05,test,C8,F15,FN,25,4,0.16
random_06,validation,logistic_regression,D01,FP,1584,0,0.0
random_06,validation,logistic_regression,D02,FP,1589,0,0.0
random_06,validation,logistic_regression,D03,FP,1592,1,0.000628140703517588
random_06,validation,logistic_regression,D04,FP,1592,0,0.0
random_06,validation,logistic_regression,D05,FP,1956,0,0.0
random_06,validation,logistic_regression,D06,FP,1219,1,0.0008203445447087777
random_06,validation,logistic_regression,D07,FP,915,0,0.0
random_06,validation,logistic_regression,D08,FP,917,0,0.0
random_06,validation,logistic_regression,D09,FP,918,0,0.0
random_06,validation,logistic_regression,D10,FP,919,0,0.0
random_06,validation,logistic_regression,D11,FP,913,1,0.001095290251916758
random_06,validation,logistic_regression,D12,FP,920,0,0.0
random_06,validation,logistic_regression,D13,FP,574,13,0.02264808362369338
random_06,validation,logistic_regression,D14,FP,920,12,0.013043478260869565
random_06,validation,logistic_regression,D15,FP,920,0,0.0
random_06,validation,logistic_regression,D16,FP,912,0,0.0
random_06,validation,logistic_regression,D17,FP,1948,7,0.003593429158110883
random_06,validation,logistic_regression,D18,FP,573,0,0.0
random_06,validation,logistic_regression,D19,FP,575,2,0.0034782608695652175
random_06,validation,logistic_regression,F01,FN,25,0,0.0
random_06,validation,logistic_regression,F02,FN,25,0,0.0
random_06,validation,logistic_regression,F03,FN,25,1,0.04
random_06,validation,logistic_regression,F04,FN,25,0,0.0
random_06,validation,logistic_regression,F05,FN,25,1,0.04
random_06,validation,logistic_regression,F06,FN,25,0,0.0
random_06,validation,logistic_regression,F07,FN,25,0,0.0
random_06,validation,logistic_regression,F08,FN,25,0,0.0
random_06,validation,logistic_regression,F09,FN,25,0,0.0
random_06,validation,logistic_regression,F10,FN,25,0,0.0
random_06,validation,logistic_regression,F11,FN,25,0,0.0
random_06,validation,logistic_regression,F12,FN,25,0,0.0
random_06,validation,logistic_regression,F13,FN,25,0,0.0
random_06,validation,logistic_regression,F14,FN,25,0,0.0
random_06,validation,logistic_regression,F15,FN,25,0,0.0
random_06,validation,decision_tree,D01,FP,1584,0,0.0
random_06,validation,decision_tree,D02,FP,1589,0,0.0
random_06,validation,decision_tree,D03,FP,1592,2,0.001256281407035176
random_06,validation,decision_tree,D04,FP,1592,47,0.029522613065326633
random_06,validation,decision_tree,D05,FP,1956,0,0.0
random_06,validation,decision_tree,D06,FP,1219,5,0.004101722723543888
random_06,validation,decision_tree,D07,FP,915,0,0.0
random_06,validation,decision_tree,D08,FP,917,0,0.0
random_06,validation,decision_tree,D09,FP,918,0,0.0
random_06,validation,decision_tree,D10,FP,919,0,0.0
random_06,validation,decision_tree,D11,FP,913,5,0.00547645125958379
random_06,validation,decision_tree,D12,FP,920,0,0.0
random_06,validation,decision_tree,D13,FP,574,15,0.02613240418118467
random_06,validation,decision_tree,D14,FP,920,12,0.013043478260869565
random_06,validation,decision_tree,D15,FP,920,0,0.0
random_06,validation,decision_tree,D16,FP,912,0,0.0
random_06,validation,decision_tree,D17,FP,1948,0,0.0
random_06,validation,decision_tree,D18,FP,573,11,0.019197207678883072
random_06,validation,decision_tree,D19,FP,575,4,0.006956521739130435
random_06,validation,decision_tree,F01,FN,25,0,0.0
random_06,validation,decision_tree,F02,FN,25,0,0.0
random_06,validation,decision_tree,F03,FN,25,1,0.04
random_06,validation,decision_tree,F04,FN,25,0,0.0
random_06,validation,decision_tree,F05,FN,25,0,0.0
random_06,validation,decision_tree,F06,FN,25,0,0.0
random_06,validation,decision_tree,F07,FN,25,0,0.0
random_06,validation,decision_tree,F08,FN,25,0,0.0
random_06,validation,decision_tree,F09,FN,25,0,0.0
random_06,validation,decision_tree,F10,FN,25,0,0.0
random_06,validation,decision_tree,F11,FN,25,0,0.0
random_06,validation,decision_tree,F12,FN,25,0,0.0
random_06,validation,decision_tree,F13,FN,25,0,0.0
random_06,validation,decision_tree,F14,FN,25,0,0.0
random_06,validation,decision_tree,F15,FN,25,0,0.0
random_06,validation,baseline,D01,FP,1584,0,0.0
random_06,validation,baseline,D02,FP,1589,0,0.0
random_06,validation,baseline,D03,FP,1592,345,0.21670854271356785
random_06,validation,baseline,D04,FP,1592,1203,0.7556532663316583
random_06,validation,baseline,D05,FP,1956,0,0.0
random_06,validation,baseline,D06,FP,1219,269,0.2206726825266612
random_06,validation,baseline,D07,FP,915,0,0.0
random_06,validation,baseline,D08,FP,917,0,0.0
random_06,validation,baseline,D09,FP,918,0,0.0
random_06,validation,baseline,D10,FP,919,0,0.0
random_06,validation,baseline,D11,FP,913,13,0.014238773274917854
random_06,validation,baseline,D12,FP,920,0,0.0
random_06,validation,baseline,D13,FP,574,0,0.0
random_06,validation,baseline,D14,FP,920,0,0.0
random_06,validation,baseline,D15,FP,920,0,0.0
random_06,validation,baseline,D16,FP,912,0,0.0
random_06,validation,baseline,D17,FP,1948,0,0.0
random_06,validation,baseline,D18,FP,573,52,0.09075043630017451
random_06,validation,baseline,D19,FP,575,153,0.26608695652173914
random_06,validation,baseline,F01,FN,25,1,0.04
random_06,validation,baseline,F02,FN,25,0,0.0
random_06,validation,baseline,F03,FN,25,1,0.04
random_06,validation,baseline,F04,FN,25,0,0.0
random_06,validation,baseline,F05,FN,25,0,0.0
random_06,validation,baseline,F06,FN,25,1,0.04
random_06,validation,baseline,F07,FN,25,4,0.16
random_06,validation,baseline,F08,FN,25,1,0.04
random_06,validation,baseline,F09,FN,25,2,0.08
random_06,validation,baseline,F10,FN,25,1,0.04
random_06,validation,baseline,F11,FN,25,2,0.08
random_06,validation,baseline,F12,FN,25,2,0.08
random_06,validation,baseline,F13,FN,25,10,0.4
random_06,validation,baseline,F14,FN,25,0,0.0
random_06,validation,baseline,F15,FN,25,1,0.04
random_06,validation,C2,D01,FP,1584,398,0.25126262626262624
random_06,validation,C2,D02,FP,1589,982,0.6179987413467589
random_06,validation,C2,D03,FP,1592,1273,0.7996231155778895
random_06,validation,C2,D04,FP,1592,1397,0.8775125628140703
random_06,validation,C2,D05,FP,1956,653,0.3338445807770961
random_06,validation,C2,D06,FP,1219,319,0.2616899097621001
random_06,validation,C2,D07,FP,915,2,0.002185792349726776
random_06,validation,C2,D08,FP,917,137,0.14940021810250817
random_06,validation,C2,D09,FP,918,31,0.03376906318082789
random_06,validation,C2,D10,FP,919,125,0.13601741022850924
random_06,validation,C2,D11,FP,913,84,0.09200438116100766
random_06,validation,C2,D12,FP,920,3,0.003260869565217391
random_06,validation,C2,D13,FP,574,22,0.03832752613240418
random_06,validation,C2,D14,FP,920,41,0.04456521739130435
random_06,validation,C2,D15,FP,920,4,0.004347826086956522
random_06,validation,C2,D16,FP,912,0,0.0
random_06,validation,C2,D17,FP,1948,33,0.016940451745379878
random_06,validation,C2,D18,FP,573,189,0.3298429319371728
random_06,validation,C2,D19,FP,575,158,0.2747826086956522
random_06,validation,C2,F01,FN,25,2,0.08
random_06,validation,C2,F02,FN,25,2,0.08
random_06,validation,C2,F03,FN,25,1,0.04
random_06,validation,C2,F04,FN,25,1,0.04
random_06,validation,C2,F05,FN,25,1,0.04
random_06,validation,C2,F06,FN,25,0,0.0
random_06,validation,C2,F07,FN,25,0,0.0
random_06,validation,C2,F08,FN,25,0,0.0
random_06,validation,C2,F09,FN,25,1,0.04
random_06,validation,C2,F10,FN,25,0,0.0
random_06,validation,C2,F11,FN,25,1,0.04
random_06,validation,C2,F12,FN,25,1,0.04
random_06,validation,C2,F13,FN,25,2,0.08
random_06,validation,C2,F14,FN,25,0,0.0
random_06,validation,C2,F15,FN,25,3,0.12
random_06,validation,C8,D01,FP,1584,0,0.0
random_06,validation,C8,D02,FP,1589,150,0.09439899307740718
random_06,validation,C8,D03,FP,1592,1208,0.7587939698492462
random_06,validation,C8,D04,FP,1592,1429,0.8976130653266332
random_06,validation,C8,D05,FP,1956,6,0.003067484662576687
random_06,validation,C8,D06,FP,1219,251,0.2059064807219032
random_06,validation,C8,D07,FP,915,0,0.0
random_06,validation,C8,D08,FP,917,11,0.011995637949836423
random_06,validation,C8,D09,FP,918,0,0.0
random_06,validation,C8,D10,FP,919,26,0.028291621327529923
random_06,validation,C8,D11,FP,913,19,0.0208105147864184
random_06,validation,C8,D12,FP,920,1,0.0010869565217391304
random_06,validation,C8,D13,FP,574,34,0.059233449477351915
random_06,validation,C8,D14,FP,920,33,0.035869565217391305
random_06,validation,C8,D15,FP,920,0,0.0
random_06,validation,C8,D16,FP,912,1,0.0010964912280701754
random_06,validation,C8,D17,FP,1948,0,0.0
random_06,validation,C8,D18,FP,573,52,0.09075043630017451
random_06,validation,C8,D19,FP,575,112,0.19478260869565217
random_06,validation,C8,F01,FN,25,0,0.0
random_06,validation,C8,F02,FN,25,0,0.0
random_06,validation,C8,F03,FN,25,1,0.04
random_06,validation,C8,F04,FN,25,0,0.0
random_06,validation,C8,F05,FN,25,1,0.04
random_06,validation,C8,F06,FN,25,0,0.0
random_06,validation,C8,F07,FN,25,0,0.0
random_06,validation,C8,F08,FN,25,1,0.04
random_06,validation,C8,F09,FN,25,0,0.0
random_06,validation,C8,F10,FN,25,1,0.04
random_06,validation,C8,F11,FN,25,0,0.0
random_06,validation,C8,F12,FN,25,0,0.0
random_06,validation,C8,F13,FN,25,3,0.12
random_06,validation,C8,F14,FN,25,0,0.0
random_06,validation,C8,F15,FN,25,1,0.04
random_06,test,logistic_regression,D01,FP,1744,0,0.0
random_06,test,logistic_regression,D02,FP,1752,0,0.0
random_06,test,logistic_regression,D03,FP,1751,0,0.0
random_06,test,logistic_regression,D04,FP,1751,0,0.0
random_06,test,logistic_regression,D05,FP,1956,0,0.0
random_06,test,logistic_regression,D06,FP,1174,0,0.0
random_06,test,logistic_regression,D07,FP,916,0,0.0
random_06,test,logistic_regression,D08,FP,920,0,0.0
random_06,test,logistic_regression,D09,FP,920,0,0.0
random_06,test,logistic_regression,D10,FP,919,0,0.0
random_06,test,logistic_regression,D11,FP,900,2,0.0022222222222222222
random_06,test,logistic_regression,D12,FP,917,0,0.0
random_06,test,logistic_regression,D13,FP,574,8,0.013937282229965157
random_06,test,logistic_regression,D14,FP,917,1,0.0010905125408942203
random_06,test,logistic_regression,D15,FP,900,0,0.0
random_06,test,logistic_regression,D16,FP,894,0,0.0
random_06,test,logistic_regression,D17,FP,1870,0,0.0
random_06,test,logistic_regression,D18,FP,574,0,0.0
random_06,test,logistic_regression,D19,FP,574,1,0.0017421602787456446
random_06,test,logistic_regression,F01,FN,25,0,0.0
random_06,test,logistic_regression,F02,FN,25,1,0.04
random_06,test,logistic_regression,F03,FN,25,0,0.0
random_06,test,logistic_regression,F04,FN,25,0,0.0
random_06,test,logistic_regression,F05,FN,25,5,0.2
random_06,test,logistic_regression,F06,FN,25,0,0.0
random_06,test,logistic_regression,F07,FN,25,0,0.0
random_06,test,logistic_regression,F08,FN,25,0,0.0
random_06,test,logistic_regression,F09,FN,25,0,0.0
random_06,test,logistic_regression,F10,FN,25,1,0.04
random_06,test,logistic_regression,F11,FN,25,0,0.0
random_06,test,logistic_regression,F12,FN,25,0,0.0
random_06,test,logistic_regression,F13,FN,25,2,0.08
random_06,test,logistic_regression,F14,FN,25,1,0.04
random_06,test,logistic_regression,F15,FN,25,1,0.04
random_06,test,decision_tree,D01,FP,1744,0,0.0
random_06,test,decision_tree,D02,FP,1752,0,0.0
random_06,test,decision_tree,D03,FP,1751,0,0.0
random_06,test,decision_tree,D04,FP,1751,2,0.001142204454597373
random_06,test,decision_tree,D05,FP,1956,0,0.0
random_06,test,decision_tree,D06,FP,1174,0,0.0
random_06,test,decision_tree,D07,FP,916,0,0.0
random_06,test,decision_tree,D08,FP,920,0,0.0
random_06,test,decision_tree,D09,FP,920,0,0.0
random_06,test,decision_tree,D10,FP,919,0,0.0
random_06,test,decision_tree,D11,FP,900,2,0.0022222222222222222
random_06,test,decision_tree,D12,FP,917,0,0.0
random_06,test,decision_tree,D13,FP,574,12,0.020905923344947737
random_06,test,decision_tree,D14,FP,917,0,0.0
random_06,test,decision_tree,D15,FP,900,0,0.0
random_06,test,decision_tree,D16,FP,894,0,0.0
random_06,test,decision_tree,D17,FP,1870,0,0.0
random_06,test,decision_tree,D18,FP,574,10,0.017421602787456445
random_06,test,decision_tree,D19,FP,574,0,0.0
random_06,test,decision_tree,F01,FN,25,0,0.0
random_06,test,decision_tree,F02,FN,25,1,0.04
random_06,test,decision_tree,F03,FN,25,0,0.0
random_06,test,decision_tree,F04,FN,25,0,0.0
random_06,test,decision_tree,F05,FN,25,5,0.2
random_06,test,decision_tree,F06,FN,25,0,0.0
random_06,test,decision_tree,F07,FN,25,0,0.0
random_06,test,decision_tree,F08,FN,25,1,0.04
random_06,test,decision_tree,F09,FN,25,0,0.0
random_06,test,decision_tree,F10,FN,25,0,0.0
random_06,test,decision_tree,F11,FN,25,2,0.08
random_06,test,decision_tree,F12,FN,25,0,0.0
random_06,test,decision_tree,F13,FN,25,2,0.08
random_06,test,decision_tree,F14,FN,25,2,0.08
random_06,test,decision_tree,F15,FN,25,0,0.0
random_06,test,baseline,D01,FP,1744,0,0.0
random_06,test,baseline,D02,FP,1752,0,0.0
random_06,test,baseline,D03,FP,1751,427,0.24386065105653912
random_06,test,baseline,D04,FP,1751,1476,0.8429468874928612
random_06,test,baseline,D05,FP,1956,0,0.0
random_06,test,baseline,D06,FP,1174,193,0.1643952299829642
random_06,test,baseline,D07,FP,916,0,0.0
random_06,test,baseline,D08,FP,920,4,0.004347826086956522
random_06,test,baseline,D09,FP,920,0,0.0
random_06,test,baseline,D10,FP,919,0,0.0
random_06,test,baseline,D11,FP,900,8,0.008888888888888889
random_06,test,baseline,D12,FP,917,0,0.0
random_06,test,baseline,D13,FP,574,0,0.0
random_06,test,baseline,D14,FP,917,0,0.0
random_06,test,baseline,D15,FP,900,0,0.0
random_06,test,baseline,D16,FP,894,0,0.0
random_06,test,baseline,D17,FP,1870,0,0.0
random_06,test,baseline,D18,FP,574,37,0.06445993031358885
random_06,test,baseline,D19,FP,574,151,0.26306620209059234
random_06,test,baseline,F01,FN,25,0,0.0
random_06,test,baseline,F02,FN,25,0,0.0
random_06,test,baseline,F03,FN,25,2,0.08
random_06,test,baseline,F04,FN,25,0,0.0
random_06,test,baseline,F05,FN,25,0,0.0
random_06,test,baseline,F06,FN,25,0,0.0
random_06,test,baseline,F07,FN,25,2,0.08
random_06,test,baseline,F08,FN,25,4,0.16
random_06,test,baseline,F09,FN,25,4,0.16
random_06,test,baseline,F10,FN,25,4,0.16
random_06,test,baseline,F11,FN,25,2,0.08
random_06,test,baseline,F12,FN,25,1,0.04
random_06,test,baseline,F13,FN,25,6,0.24
random_06,test,baseline,F14,FN,25,5,0.2
random_06,test,baseline,F15,FN,25,6,0.24
random_06,test,C2,D01,FP,1744,394,0.22591743119266056
random_06,test,C2,D02,FP,1752,984,0.5616438356164384
random_06,test,C2,D03,FP,1751,1424,0.8132495716733296
random_06,test,C2,D04,FP,1751,1562,0.8920616790405482
random_06,test,C2,D05,FP,1956,632,0.3231083844580777
random_06,test,C2,D06,FP,1174,309,0.2632027257240204
random_06,test,C2,D07,FP,916,9,0.009825327510917031
random_06,test,C2,D08,FP,920,131,0.1423913043478261
random_06,test,C2,D09,FP,920,32,0.034782608695652174
random_06,test,C2,D10,FP,919,122,0.13275299238302501
random_06,test,C2,D11,FP,900,85,0.09444444444444444
random_06,test,C2,D12,FP,917,0,0.0
random_06,test,C2,D13,FP,574,12,0.020905923344947737
random_06,test,C2,D14,FP,917,20,0.021810250817884406
random_06,test,C2,D15,FP,900,13,0.014444444444444444
random_06,test,C2,D16,FP,894,0,0.0
random_06,test,C2,D17,FP,1870,47,0.025133689839572194
random_06,test,C2,D18,FP,574,181,0.3153310104529617
random_06,test,C2,D19,FP,574,150,0.2613240418118467
random_06,test,C2,F01,FN,25,0,0.0
random_06,test,C2,F02,FN,25,0,0.0
random_06,test,C2,F03,FN,25,3,0.12
random_06,test,C2,F04,FN,25,0,0.0
random_06,test,C2,F05,FN,25,1,0.04
random_06,test,C2,F06,FN,25,1,0.04
random_06,test,C2,F07,FN,25,3,0.12
random_06,test,C2,F08,FN,25,2,0.08
random_06,test,C2,F09,FN,25,3,0.12
random_06,test,C2,F10,FN,25,1,0.04
random_06,test,C2,F11,FN,25,0,0.0
random_06,test,C2,F12,FN,25,3,0.12
random_06,test,C2,F13,FN,25,4,0.16
random_06,test,C2,F14,FN,25,2,0.08
random_06,test,C2,F15,FN,25,2,0.08
random_06,test,C8,D01,FP,1744,0,0.0
random_06,test,C8,D02,FP,1752,46,0.026255707762557076
random_06,test,C8,D03,FP,1751,1273,0.7270131353512279
random_06,test,C8,D04,FP,1751,1597,0.9120502569960023
random_06,test,C8,D05,FP,1956,0,0.0
random_06,test,C8,D06,FP,1174,228,0.19420783645655879
random_06,test,C8,D07,FP,916,0,0.0
random_06,test,C8,D08,FP,920,11,0.011956521739130435
random_06,test,C8,D09,FP,920,0,0.0
random_06,test,C8,D10,FP,919,10,0.01088139281828074
random_06,test,C8,D11,FP,900,15,0.016666666666666666
random_06,test,C8,D12,FP,917,0,0.0
random_06,test,C8,D13,FP,574,32,0.05574912891986063
random_06,test,C8,D14,FP,917,5,0.0054525627044711015
random_06,test,C8,D15,FP,900,0,0.0
random_06,test,C8,D16,FP,894,1,0.0011185682326621924
random_06,test,C8,D17,FP,1870,0,0.0
random_06,test,C8,D18,FP,574,49,0.08536585365853659
random_06,test,C8,D19,FP,574,104,0.18118466898954705
random_06,test,C8,F01,FN,25,0,0.0
random_06,test,C8,F02,FN,25,0,0.0
random_06,test,C8,F03,FN,25,0,0.0
random_06,test,C8,F04,FN,25,0,0.0
random_06,test,C8,F05,FN,25,1,0.04
random_06,test,C8,F06,FN,25,0,0.0
random_06,test,C8,F07,FN,25,0,0.0
random_06,test,C8,F08,FN,25,0,0.0
random_06,test,C8,F09,FN,25,0,0.0
random_06,test,C8,F10,FN,25,2,0.08
random_06,test,C8,F11,FN,25,0,0.0
random_06,test,C8,F12,FN,25,0,0.0
random_06,test,C8,F13,FN,25,2,0.08
random_06,test,C8,F14,FN,25,6,0.24
random_06,test,C8,F15,FN,25,2,0.08
random_07,validation,logistic_regression,D01,FP,1584,0,0.0
random_07,validation,logistic_regression,D02,FP,1589,0,0.0
random_07,validation,logistic_regression,D03,FP,1592,1,0.000628140703517588
random_07,validation,logistic_regression,D04,FP,1592,0,0.0
random_07,validation,logistic_regression,D05,FP,1956,0,0.0
random_07,validation,logistic_regression,D06,FP,1219,1,0.0008203445447087777
random_07,validation,logistic_regression,D07,FP,915,0,0.0
random_07,validation,logistic_regression,D08,FP,917,0,0.0
random_07,validation,logistic_regression,D09,FP,918,0,0.0
random_07,validation,logistic_regression,D10,FP,919,0,0.0
random_07,validation,logistic_regression,D11,FP,913,1,0.001095290251916758
random_07,validation,logistic_regression,D12,FP,920,0,0.0
random_07,validation,logistic_regression,D13,FP,574,13,0.02264808362369338
random_07,validation,logistic_regression,D14,FP,920,12,0.013043478260869565
random_07,validation,logistic_regression,D15,FP,920,0,0.0
random_07,validation,logistic_regression,D16,FP,912,0,0.0
random_07,validation,logistic_regression,D17,FP,1948,7,0.003593429158110883
random_07,validation,logistic_regression,D18,FP,573,0,0.0
random_07,validation,logistic_regression,D19,FP,575,2,0.0034782608695652175
random_07,validation,logistic_regression,F01,FN,25,0,0.0
random_07,validation,logistic_regression,F02,FN,25,0,0.0
random_07,validation,logistic_regression,F03,FN,25,1,0.04
random_07,validation,logistic_regression,F04,FN,25,0,0.0
random_07,validation,logistic_regression,F05,FN,25,1,0.04
random_07,validation,logistic_regression,F06,FN,25,0,0.0
random_07,validation,logistic_regression,F07,FN,25,0,0.0
random_07,validation,logistic_regression,F08,FN,25,0,0.0
random_07,validation,logistic_regression,F09,FN,25,0,0.0
random_07,validation,logistic_regression,F10,FN,25,0,0.0
random_07,validation,logistic_regression,F11,FN,25,0,0.0
random_07,validation,logistic_regression,F12,FN,25,0,0.0
random_07,validation,logistic_regression,F13,FN,25,0,0.0
random_07,validation,logistic_regression,F14,FN,25,0,0.0
random_07,validation,logistic_regression,F15,FN,25,0,0.0
random_07,validation,decision_tree,D01,FP,1584,0,0.0
random_07,validation,decision_tree,D02,FP,1589,0,0.0
random_07,validation,decision_tree,D03,FP,1592,2,0.001256281407035176
random_07,validation,decision_tree,D04,FP,1592,47,0.029522613065326633
random_07,validation,decision_tree,D05,FP,1956,0,0.0
random_07,validation,decision_tree,D06,FP,1219,5,0.004101722723543888
random_07,validation,decision_tree,D07,FP,915,0,0.0
random_07,validation,decision_tree,D08,FP,917,0,0.0
random_07,validation,decision_tree,D09,FP,918,0,0.0
random_07,validation,decision_tree,D10,FP,919,0,0.0
random_07,validation,decision_tree,D11,FP,913,5,0.00547645125958379
random_07,validation,decision_tree,D12,FP,920,0,0.0
random_07,validation,decision_tree,D13,FP,574,15,0.02613240418118467
random_07,validation,decision_tree,D14,FP,920,12,0.013043478260869565
random_07,validation,decision_tree,D15,FP,920,0,0.0
random_07,validation,decision_tree,D16,FP,912,0,0.0
random_07,validation,decision_tree,D17,FP,1948,0,0.0
random_07,validation,decision_tree,D18,FP,573,11,0.019197207678883072
random_07,validation,decision_tree,D19,FP,575,4,0.006956521739130435
random_07,validation,decision_tree,F01,FN,25,0,0.0
random_07,validation,decision_tree,F02,FN,25,0,0.0
random_07,validation,decision_tree,F03,FN,25,1,0.04
random_07,validation,decision_tree,F04,FN,25,0,0.0
random_07,validation,decision_tree,F05,FN,25,0,0.0
random_07,validation,decision_tree,F06,FN,25,0,0.0
random_07,validation,decision_tree,F07,FN,25,0,0.0
random_07,validation,decision_tree,F08,FN,25,0,0.0
random_07,validation,decision_tree,F09,FN,25,0,0.0
random_07,validation,decision_tree,F10,FN,25,0,0.0
random_07,validation,decision_tree,F11,FN,25,0,0.0
random_07,validation,decision_tree,F12,FN,25,0,0.0
random_07,validation,decision_tree,F13,FN,25,0,0.0
random_07,validation,decision_tree,F14,FN,25,0,0.0
random_07,validation,decision_tree,F15,FN,25,0,0.0
random_07,validation,baseline,D01,FP,1584,0,0.0
random_07,validation,baseline,D02,FP,1589,0,0.0
random_07,validation,baseline,D03,FP,1592,345,0.21670854271356785
random_07,validation,baseline,D04,FP,1592,1203,0.7556532663316583
random_07,validation,baseline,D05,FP,1956,0,0.0
random_07,validation,baseline,D06,FP,1219,269,0.2206726825266612
random_07,validation,baseline,D07,FP,915,0,0.0
random_07,validation,baseline,D08,FP,917,0,0.0
random_07,validation,baseline,D09,FP,918,0,0.0
random_07,validation,baseline,D10,FP,919,0,0.0
random_07,validation,baseline,D11,FP,913,13,0.014238773274917854
random_07,validation,baseline,D12,FP,920,0,0.0
random_07,validation,baseline,D13,FP,574,0,0.0
random_07,validation,baseline,D14,FP,920,0,0.0
random_07,validation,baseline,D15,FP,920,0,0.0
random_07,validation,baseline,D16,FP,912,0,0.0
random_07,validation,baseline,D17,FP,1948,0,0.0
random_07,validation,baseline,D18,FP,573,52,0.09075043630017451
random_07,validation,baseline,D19,FP,575,153,0.26608695652173914
random_07,validation,baseline,F01,FN,25,1,0.04
random_07,validation,baseline,F02,FN,25,0,0.0
random_07,validation,baseline,F03,FN,25,1,0.04
random_07,validation,baseline,F04,FN,25,0,0.0
random_07,validation,baseline,F05,FN,25,0,0.0
random_07,validation,baseline,F06,FN,25,1,0.04
random_07,validation,baseline,F07,FN,25,4,0.16
random_07,validation,baseline,F08,FN,25,1,0.04
random_07,validation,baseline,F09,FN,25,2,0.08
random_07,validation,baseline,F10,FN,25,1,0.04
random_07,validation,baseline,F11,FN,25,2,0.08
random_07,validation,baseline,F12,FN,25,2,0.08
random_07,validation,baseline,F13,FN,25,10,0.4
random_07,validation,baseline,F14,FN,25,0,0.0
random_07,validation,baseline,F15,FN,25,1,0.04
random_07,validation,C2,D01,FP,1584,400,0.25252525252525254
random_07,validation,C2,D02,FP,1589,996,0.6268093140339837
random_07,validation,C2,D03,FP,1592,1254,0.7876884422110553
random_07,validation,C2,D04,FP,1592,1399,0.8787688442211056
random_07,validation,C2,D05,FP,1956,661,0.3379345603271984
random_07,validation,C2,D06,FP,1219,327,0.2682526661197703
random_07,validation,C2,D07,FP,915,6,0.006557377049180328
random_07,validation,C2,D08,FP,917,130,0.14176663031624864
random_07,validation,C2,D09,FP,918,37,0.04030501089324619
random_07,validation,C2,D10,FP,919,129,0.14036996735582155
random_07,validation,C2,D11,FP,913,84,0.09200438116100766
random_07,validation,C2,D12,FP,920,4,0.004347826086956522
random_07,validation,C2,D13,FP,574,30,0.05226480836236934
random_07,validation,C2,D14,FP,920,43,0.04673913043478261
random_07,validation,C2,D15,FP,920,5,0.005434782608695652
random_07,validation,C2,D16,FP,912,0,0.0
random_07,validation,C2,D17,FP,1948,30,0.015400410677618069
random_07,validation,C2,D18,FP,573,192,0.33507853403141363
random_07,validation,C2,D19,FP,575,157,0.27304347826086955
random_07,validation,C2,F01,FN,25,0,0.0
random_07,validation,C2,F02,FN,25,1,0.04
random_07,validation,C2,F03,FN,25,0,0.0
random_07,validation,C2,F04,FN,25,0,0.0
random_07,validation,C2,F05,FN,25,0,0.0
random_07,validation,C2,F06,FN,25,1,0.04
random_07,validation,C2,F07,FN,25,1,0.04
random_07,validation,C2,F08,FN,25,0,0.0
random_07,validation,C2,F09,FN,25,2,0.08
random_07,validation,C2,F10,FN,25,0,0.0
random_07,validation,C2,F11,FN,25,0,0.0
random_07,validation,C2,F12,FN,25,1,0.04
random_07,validation,C2,F13,FN,25,3,0.12
random_07,validation,C2,F14,FN,25,2,0.08
random_07,validation,C2,F15,FN,25,3,0.12
random_07,validation,C8,D01,FP,1584,0,0.0
random_07,validation,C8,D02,FP,1589,152,0.09565764631843927
random_07,validation,C8,D03,FP,1592,1201,0.7543969849246231
random_07,validation,C8,D04,FP,1592,1433,0.9001256281407035
random_07,validation,C8,D05,FP,1956,7,0.0035787321063394683
random_07,validation,C8,D06,FP,1219,258,0.21164889253486463
random_07,validation,C8,D07,FP,915,0,0.0
random_07,validation,C8,D08,FP,917,10,0.010905125408942203
random_07,validation,C8,D09,FP,918,0,0.0
random_07,validation,C8,D10,FP,919,32,0.03482045701849837
random_07,validation,C8,D11,FP,913,22,0.024096385542168676
random_07,validation,C8,D12,FP,920,1,0.0010869565217391304
random_07,validation,C8,D13,FP,574,36,0.0627177700348432
random_07,validation,C8,D14,FP,920,36,0.0391304347826087
random_07,validation,C8,D15,FP,920,0,0.0
random_07,validation,C8,D16,FP,912,2,0.0021929824561403508
random_07,validation,C8,D17,FP,1948,0,0.0
random_07,validation,C8,D18,FP,573,48,0.08376963350785341
random_07,validation,C8,D19,FP,575,120,0.20869565217391303
random_07,validation,C8,F01,FN,25,0,0.0
random_07,validation,C8,F02,FN,25,0,0.0
random_07,validation,C8,F03,FN,25,1,0.04
random_07,validation,C8,F04,FN,25,0,0.0
random_07,validation,C8,F05,FN,25,0,0.0
random_07,validation,C8,F06,FN,25,0,0.0
random_07,validation,C8,F07,FN,25,0,0.0
random_07,validation,C8,F08,FN,25,0,0.0
random_07,validation,C8,F09,FN,25,0,0.0
random_07,validation,C8,F10,FN,25,1,0.04
random_07,validation,C8,F11,FN,25,0,0.0
random_07,validation,C8,F12,FN,25,0,0.0
random_07,validation,C8,F13,FN,25,2,0.08
random_07,validation,C8,F14,FN,25,0,0.0
random_07,validation,C8,F15,FN,25,0,0.0
random_07,test,logistic_regression,D01,FP,1744,0,0.0
random_07,test,logistic_regression,D02,FP,1752,0,0.0
random_07,test,logistic_regression,D03,FP,1751,0,0.0
random_07,test,logistic_regression,D04,FP,1751,0,0.0
random_07,test,logistic_regression,D05,FP,1956,0,0.0
random_07,test,logistic_regression,D06,FP,1174,0,0.0
random_07,test,logistic_regression,D07,FP,916,0,0.0
random_07,test,logistic_regression,D08,FP,920,0,0.0
random_07,test,logistic_regression,D09,FP,920,0,0.0
random_07,test,logistic_regression,D10,FP,919,0,0.0
random_07,test,logistic_regression,D11,FP,900,2,0.0022222222222222222
random_07,test,logistic_regression,D12,FP,917,0,0.0
random_07,test,logistic_regression,D13,FP,574,8,0.013937282229965157
random_07,test,logistic_regression,D14,FP,917,1,0.0010905125408942203
random_07,test,logistic_regression,D15,FP,900,0,0.0
random_07,test,logistic_regression,D16,FP,894,0,0.0
random_07,test,logistic_regression,D17,FP,1870,0,0.0
random_07,test,logistic_regression,D18,FP,574,0,0.0
random_07,test,logistic_regression,D19,FP,574,1,0.0017421602787456446
random_07,test,logistic_regression,F01,FN,25,0,0.0
random_07,test,logistic_regression,F02,FN,25,1,0.04
random_07,test,logistic_regression,F03,FN,25,0,0.0
random_07,test,logistic_regression,F04,FN,25,0,0.0
random_07,test,logistic_regression,F05,FN,25,5,0.2
random_07,test,logistic_regression,F06,FN,25,0,0.0
random_07,test,logistic_regression,F07,FN,25,0,0.0
random_07,test,logistic_regression,F08,FN,25,0,0.0
random_07,test,logistic_regression,F09,FN,25,0,0.0
random_07,test,logistic_regression,F10,FN,25,1,0.04
random_07,test,logistic_regression,F11,FN,25,0,0.0
random_07,test,logistic_regression,F12,FN,25,0,0.0
random_07,test,logistic_regression,F13,FN,25,2,0.08
random_07,test,logistic_regression,F14,FN,25,1,0.04
random_07,test,logistic_regression,F15,FN,25,1,0.04
random_07,test,decision_tree,D01,FP,1744,0,0.0
random_07,test,decision_tree,D02,FP,1752,0,0.0
random_07,test,decision_tree,D03,FP,1751,0,0.0
random_07,test,decision_tree,D04,FP,1751,2,0.001142204454597373
random_07,test,decision_tree,D05,FP,1956,0,0.0
random_07,test,decision_tree,D06,FP,1174,0,0.0
random_07,test,decision_tree,D07,FP,916,0,0.0
random_07,test,decision_tree,D08,FP,920,0,0.0
random_07,test,decision_tree,D09,FP,920,0,0.0
random_07,test,decision_tree,D10,FP,919,0,0.0
random_07,test,decision_tree,D11,FP,900,2,0.0022222222222222222
random_07,test,decision_tree,D12,FP,917,0,0.0
random_07,test,decision_tree,D13,FP,574,12,0.020905923344947737
random_07,test,decision_tree,D14,FP,917,0,0.0
random_07,test,decision_tree,D15,FP,900,0,0.0
random_07,test,decision_tree,D16,FP,894,0,0.0
random_07,test,decision_tree,D17,FP,1870,0,0.0
random_07,test,decision_tree,D18,FP,574,10,0.017421602787456445
random_07,test,decision_tree,D19,FP,574,0,0.0
random_07,test,decision_tree,F01,FN,25,0,0.0
random_07,test,decision_tree,F02,FN,25,1,0.04
random_07,test,decision_tree,F03,FN,25,0,0.0
random_07,test,decision_tree,F04,FN,25,0,0.0
random_07,test,decision_tree,F05,FN,25,5,0.2
random_07,test,decision_tree,F06,FN,25,0,0.0
random_07,test,decision_tree,F07,FN,25,0,0.0
random_07,test,decision_tree,F08,FN,25,1,0.04
random_07,test,decision_tree,F09,FN,25,0,0.0
random_07,test,decision_tree,F10,FN,25,0,0.0
random_07,test,decision_tree,F11,FN,25,2,0.08
random_07,test,decision_tree,F12,FN,25,0,0.0
random_07,test,decision_tree,F13,FN,25,2,0.08
random_07,test,decision_tree,F14,FN,25,2,0.08
random_07,test,decision_tree,F15,FN,25,0,0.0
random_07,test,baseline,D01,FP,1744,0,0.0
random_07,test,baseline,D02,FP,1752,0,0.0
random_07,test,baseline,D03,FP,1751,427,0.24386065105653912
random_07,test,baseline,D04,FP,1751,1476,0.8429468874928612
random_07,test,baseline,D05,FP,1956,0,0.0
random_07,test,baseline,D06,FP,1174,193,0.1643952299829642
random_07,test,baseline,D07,FP,916,0,0.0
random_07,test,baseline,D08,FP,920,4,0.004347826086956522
random_07,test,baseline,D09,FP,920,0,0.0
random_07,test,baseline,D10,FP,919,0,0.0
random_07,test,baseline,D11,FP,900,8,0.008888888888888889
random_07,test,baseline,D12,FP,917,0,0.0
random_07,test,baseline,D13,FP,574,0,0.0
random_07,test,baseline,D14,FP,917,0,0.0
random_07,test,baseline,D15,FP,900,0,0.0
random_07,test,baseline,D16,FP,894,0,0.0
random_07,test,baseline,D17,FP,1870,0,0.0
random_07,test,baseline,D18,FP,574,37,0.06445993031358885
random_07,test,baseline,D19,FP,574,151,0.26306620209059234
random_07,test,baseline,F01,FN,25,0,0.0
random_07,test,baseline,F02,FN,25,0,0.0
random_07,test,baseline,F03,FN,25,2,0.08
random_07,test,baseline,F04,FN,25,0,0.0
random_07,test,baseline,F05,FN,25,0,0.0
random_07,test,baseline,F06,FN,25,0,0.0
random_07,test,baseline,F07,FN,25,2,0.08
random_07,test,baseline,F08,FN,25,4,0.16
random_07,test,baseline,F09,FN,25,4,0.16
random_07,test,baseline,F10,FN,25,4,0.16
random_07,test,baseline,F11,FN,25,2,0.08
random_07,test,baseline,F12,FN,25,1,0.04
random_07,test,baseline,F13,FN,25,6,0.24
random_07,test,baseline,F14,FN,25,5,0.2
random_07,test,baseline,F15,FN,25,6,0.24
random_07,test,C2,D01,FP,1744,426,0.24426605504587157
random_07,test,C2,D02,FP,1752,1024,0.5844748858447488
random_07,test,C2,D03,FP,1751,1415,0.8081096516276414
random_07,test,C2,D04,FP,1751,1532,0.8749286122215877
random_07,test,C2,D05,FP,1956,645,0.32975460122699385
random_07,test,C2,D06,FP,1174,307,0.2614991482112436
random_07,test,C2,D07,FP,916,16,0.017467248908296942
random_07,test,C2,D08,FP,920,125,0.1358695652173913
random_07,test,C2,D09,FP,920,35,0.03804347826086957
random_07,test,C2,D10,FP,919,127,0.1381936887921654
random_07,test,C2,D11,FP,900,83,0.09222222222222222
random_07,test,C2,D12,FP,917,0,0.0
random_07,test,C2,D13,FP,574,10,0.017421602787456445
random_07,test,C2,D14,FP,917,21,0.022900763358778626
random_07,test,C2,D15,FP,900,17,0.01888888888888889
random_07,test,C2,D16,FP,894,0,0.0
random_07,test,C2,D17,FP,1870,44,0.023529411764705882
random_07,test,C2,D18,FP,574,188,0.32752613240418116
random_07,test,C2,D19,FP,574,154,0.2682926829268293
random_07,test,C2,F01,FN,25,0,0.0
random_07,test,C2,F02,FN,25,1,0.04
random_07,test,C2,F03,FN,25,0,0.0
random_07,test,C2,F04,FN,25,0,0.0
random_07,test,C2,F05,FN,25,1,0.04
random_07,test,C2,F06,FN,25,0,0.0
random_07,test,C2,F07,FN,25,2,0.08
random_07,test,C2,F08,FN,25,4,0.16
random_07,test,C2,F09,FN,25,0,0.0
random_07,test,C2,F10,FN,25,2,0.08
random_07,test,C2,F11,FN,25,2,0.08
random_07,test,C2,F12,FN,25,1,0.04
random_07,test,C2,F13,FN,25,1,0.04
random_07,test,C2,F14,FN,25,5,0.2
random_07,test,C2,F15,FN,25,1,0.04
random_07,test,C8,D01,FP,1744,0,0.0
random_07,test,C8,D02,FP,1752,48,0.0273972602739726
random_07,test,C8,D03,FP,1751,1269,0.7247287264420331
random_07,test,C8,D04,FP,1751,1583,0.9040548258138207
random_07,test,C8,D05,FP,1956,0,0.0
random_07,test,C8,D06,FP,1174,221,0.18824531516183987
random_07,test,C8,D07,FP,916,0,0.0
random_07,test,C8,D08,FP,920,10,0.010869565217391304
random_07,test,C8,D09,FP,920,0,0.0
random_07,test,C8,D10,FP,919,8,0.008705114254624592
random_07,test,C8,D11,FP,900,11,0.012222222222222223
random_07,test,C8,D12,FP,917,0,0.0
random_07,test,C8,D13,FP,574,27,0.047038327526132406
random_07,test,C8,D14,FP,917,8,0.008724100327153763
random_07,test,C8,D15,FP,900,0,0.0
random_07,test,C8,D16,FP,894,1,0.0011185682326621924
random_07,test,C8,D17,FP,1870,0,0.0
random_07,test,C8,D18,FP,574,48,0.08362369337979095
random_07,test,C8,D19,FP,574,112,0.1951219512195122
random_07,test,C8,F01,FN,25,0,0.0
random_07,test,C8,F02,FN,25,0,0.0
random_07,test,C8,F03,FN,25,0,0.0
random_07,test,C8,F04,FN,25,0,0.0
random_07,test,C8,F05,FN,25,0,0.0
random_07,test,C8,F06,FN,25,0,0.0
random_07,test,C8,F07,FN,25,0,0.0
random_07,test,C8,F08,FN,25,1,0.04
random_07,test,C8,F09,FN,25,0,0.0
random_07,test,C8,F10,FN,25,3,0.12
random_07,test,C8,F11,FN,25,0,0.0
random_07,test,C8,F12,FN,25,0,0.0
random_07,test,C8,F13,FN,25,2,0.08
random_07,test,C8,F14,FN,25,6,0.24
random_07,test,C8,F15,FN,25,1,0.04
random_08,validation,logistic_regression,D01,FP,1584,0,0.0
random_08,validation,logistic_regression,D02,FP,1589,0,0.0
random_08,validation,logistic_regression,D03,FP,1592,1,0.000628140703517588
random_08,validation,logistic_regression,D04,FP,1592,0,0.0
random_08,validation,logistic_regression,D05,FP,1956,0,0.0
random_08,validation,logistic_regression,D06,FP,1219,1,0.0008203445447087777
random_08,validation,logistic_regression,D07,FP,915,0,0.0
random_08,validation,logistic_regression,D08,FP,917,0,0.0
random_08,validation,logistic_regression,D09,FP,918,0,0.0
random_08,validation,logistic_regression,D10,FP,919,0,0.0
random_08,validation,logistic_regression,D11,FP,913,1,0.001095290251916758
random_08,validation,logistic_regression,D12,FP,920,0,0.0
random_08,validation,logistic_regression,D13,FP,574,13,0.02264808362369338
random_08,validation,logistic_regression,D14,FP,920,12,0.013043478260869565
random_08,validation,logistic_regression,D15,FP,920,0,0.0
random_08,validation,logistic_regression,D16,FP,912,0,0.0
random_08,validation,logistic_regression,D17,FP,1948,7,0.003593429158110883
random_08,validation,logistic_regression,D18,FP,573,0,0.0
random_08,validation,logistic_regression,D19,FP,575,2,0.0034782608695652175
random_08,validation,logistic_regression,F01,FN,25,0,0.0
random_08,validation,logistic_regression,F02,FN,25,0,0.0
random_08,validation,logistic_regression,F03,FN,25,1,0.04
random_08,validation,logistic_regression,F04,FN,25,0,0.0
random_08,validation,logistic_regression,F05,FN,25,1,0.04
random_08,validation,logistic_regression,F06,FN,25,0,0.0
random_08,validation,logistic_regression,F07,FN,25,0,0.0
random_08,validation,logistic_regression,F08,FN,25,0,0.0
random_08,validation,logistic_regression,F09,FN,25,0,0.0
random_08,validation,logistic_regression,F10,FN,25,0,0.0
random_08,validation,logistic_regression,F11,FN,25,0,0.0
random_08,validation,logistic_regression,F12,FN,25,0,0.0
random_08,validation,logistic_regression,F13,FN,25,0,0.0
random_08,validation,logistic_regression,F14,FN,25,0,0.0
random_08,validation,logistic_regression,F15,FN,25,0,0.0
random_08,validation,decision_tree,D01,FP,1584,0,0.0
random_08,validation,decision_tree,D02,FP,1589,0,0.0
random_08,validation,decision_tree,D03,FP,1592,2,0.001256281407035176
random_08,validation,decision_tree,D04,FP,1592,47,0.029522613065326633
random_08,validation,decision_tree,D05,FP,1956,0,0.0
random_08,validation,decision_tree,D06,FP,1219,5,0.004101722723543888
random_08,validation,decision_tree,D07,FP,915,0,0.0
random_08,validation,decision_tree,D08,FP,917,0,0.0
random_08,validation,decision_tree,D09,FP,918,0,0.0
random_08,validation,decision_tree,D10,FP,919,0,0.0
random_08,validation,decision_tree,D11,FP,913,5,0.00547645125958379
random_08,validation,decision_tree,D12,FP,920,0,0.0
random_08,validation,decision_tree,D13,FP,574,15,0.02613240418118467
random_08,validation,decision_tree,D14,FP,920,12,0.013043478260869565
random_08,validation,decision_tree,D15,FP,920,0,0.0
random_08,validation,decision_tree,D16,FP,912,0,0.0
random_08,validation,decision_tree,D17,FP,1948,0,0.0
random_08,validation,decision_tree,D18,FP,573,11,0.019197207678883072
random_08,validation,decision_tree,D19,FP,575,4,0.006956521739130435
random_08,validation,decision_tree,F01,FN,25,0,0.0
random_08,validation,decision_tree,F02,FN,25,0,0.0
random_08,validation,decision_tree,F03,FN,25,1,0.04
random_08,validation,decision_tree,F04,FN,25,0,0.0
random_08,validation,decision_tree,F05,FN,25,0,0.0
random_08,validation,decision_tree,F06,FN,25,0,0.0
random_08,validation,decision_tree,F07,FN,25,0,0.0
random_08,validation,decision_tree,F08,FN,25,0,0.0
random_08,validation,decision_tree,F09,FN,25,0,0.0
random_08,validation,decision_tree,F10,FN,25,0,0.0
random_08,validation,decision_tree,F11,FN,25,0,0.0
random_08,validation,decision_tree,F12,FN,25,0,0.0
random_08,validation,decision_tree,F13,FN,25,0,0.0
random_08,validation,decision_tree,F14,FN,25,0,0.0
random_08,validation,decision_tree,F15,FN,25,0,0.0
random_08,validation,baseline,D01,FP,1584,0,0.0
random_08,validation,baseline,D02,FP,1589,0,0.0
random_08,validation,baseline,D03,FP,1592,345,0.21670854271356785
random_08,validation,baseline,D04,FP,1592,1203,0.7556532663316583
random_08,validation,baseline,D05,FP,1956,0,0.0
random_08,validation,baseline,D06,FP,1219,269,0.2206726825266612
random_08,validation,baseline,D07,FP,915,0,0.0
random_08,validation,baseline,D08,FP,917,0,0.0
random_08,validation,baseline,D09,FP,918,0,0.0
random_08,validation,baseline,D10,FP,919,0,0.0
random_08,validation,baseline,D11,FP,913,13,0.014238773274917854
random_08,validation,baseline,D12,FP,920,0,0.0
random_08,validation,baseline,D13,FP,574,0,0.0
random_08,validation,baseline,D14,FP,920,0,0.0
random_08,validation,baseline,D15,FP,920,0,0.0
random_08,validation,baseline,D16,FP,912,0,0.0
random_08,validation,baseline,D17,FP,1948,0,0.0
random_08,validation,baseline,D18,FP,573,52,0.09075043630017451
random_08,validation,baseline,D19,FP,575,153,0.26608695652173914
random_08,validation,baseline,F01,FN,25,1,0.04
random_08,validation,baseline,F02,FN,25,0,0.0
random_08,validation,baseline,F03,FN,25,1,0.04
random_08,validation,baseline,F04,FN,25,0,0.0
random_08,validation,baseline,F05,FN,25,0,0.0
random_08,validation,baseline,F06,FN,25,1,0.04
random_08,validation,baseline,F07,FN,25,4,0.16
random_08,validation,baseline,F08,FN,25,1,0.04
random_08,validation,baseline,F09,FN,25,2,0.08
random_08,validation,baseline,F10,FN,25,1,0.04
random_08,validation,baseline,F11,FN,25,2,0.08
random_08,validation,baseline,F12,FN,25,2,0.08
random_08,validation,baseline,F13,FN,25,10,0.4
random_08,validation,baseline,F14,FN,25,0,0.0
random_08,validation,baseline,F15,FN,25,1,0.04
random_08,validation,C2,D01,FP,1584,398,0.25126262626262624
random_08,validation,C2,D02,FP,1589,998,0.6280679672750157
random_08,validation,C2,D03,FP,1592,1283,0.8059045226130653
random_08,validation,C2,D04,FP,1592,1387,0.8712311557788944
random_08,validation,C2,D05,FP,1956,652,0.3333333333333333
random_08,validation,C2,D06,FP,1219,324,0.26579163248564397
random_08,validation,C2,D07,FP,915,6,0.006557377049180328
random_08,validation,C2,D08,FP,917,131,0.14285714285714285
random_08,validation,C2,D09,FP,918,32,0.034858387799564274
random_08,validation,C2,D10,FP,919,132,0.14363438520130578
random_08,validation,C2,D11,FP,913,85,0.09309967141292443
random_08,validation,C2,D12,FP,920,2,0.002173913043478261
random_08,validation,C2,D13,FP,574,25,0.04355400696864112
random_08,validation,C2,D14,FP,920,49,0.05326086956521739
random_08,validation,C2,D15,FP,920,6,0.006521739130434782
random_08,validation,C2,D16,FP,912,0,0.0
random_08,validation,C2,D17,FP,1948,33,0.016940451745379878
random_08,validation,C2,D18,FP,573,199,0.3472949389179756
random_08,validation,C2,D19,FP,575,155,0.26956521739130435
random_08,validation,C2,F01,FN,25,1,0.04
random_08,validation,C2,F02,FN,25,0,0.0
random_08,validation,C2,F03,FN,25,0,0.0
random_08,validation,C2,F04,FN,25,0,0.0
random_08,validation,C2,F05,FN,25,0,0.0
random_08,validation,C2,F06,FN,25,1,0.04
random_08,validation,C2,F07,FN,25,0,0.0
random_08,validation,C2,F08,FN,25,2,0.08
random_08,validation,C2,F09,FN,25,2,0.08
random_08,validation,C2,F10,FN,25,3,0.12
random_08,validation,C2,F11,FN,25,1,0.04
random_08,validation,C2,F12,FN,25,1,0.04
random_08,validation,C2,F13,FN,25,1,0.04
random_08,validation,C2,F14,FN,25,3,0.12
random_08,validation,C2,F15,FN,25,1,0.04
random_08,validation,C8,D01,FP,1584,0,0.0
random_08,validation,C8,D02,FP,1589,160,0.10069225928256766
random_08,validation,C8,D03,FP,1592,1202,0.7550251256281407
random_08,validation,C8,D04,FP,1592,1429,0.8976130653266332
random_08,validation,C8,D05,FP,1956,4,0.002044989775051125
random_08,validation,C8,D06,FP,1219,252,0.20672682526661199
random_08,validation,C8,D07,FP,915,0,0.0
random_08,validation,C8,D08,FP,917,12,0.013086150490730643
random_08,validation,C8,D09,FP,918,0,0.0
random_08,validation,C8,D10,FP,919,29,0.031556039173014146
random_08,validation,C8,D11,FP,913,19,0.0208105147864184
random_08,validation,C8,D12,FP,920,0,0.0
random_08,validation,C8,D13,FP,574,40,0.06968641114982578
random_08,validation,C8,D14,FP,920,27,0.029347826086956522
random_08,validation,C8,D15,FP,920,0,0.0
random_08,validation,C8,D16,FP,912,1,0.0010964912280701754
random_08,validation,C8,D17,FP,1948,0,0.0
random_08,validation,C8,D18,FP,573,54,0.09424083769633508
random_08,validation,C8,D19,FP,575,112,0.19478260869565217
random_08,validation,C8,F01,FN,25,0,0.0
random_08,validation,C8,F02,FN,25,0,0.0
random_08,validation,C8,F03,FN,25,1,0.04
random_08,validation,C8,F04,FN,25,0,0.0
random_08,validation,C8,F05,FN,25,0,0.0
random_08,validation,C8,F06,FN,25,0,0.0
random_08,validation,C8,F07,FN,25,0,0.0
random_08,validation,C8,F08,FN,25,0,0.0
random_08,validation,C8,F09,FN,25,0,0.0
random_08,validation,C8,F10,FN,25,3,0.12
random_08,validation,C8,F11,FN,25,0,0.0
random_08,validation,C8,F12,FN,25,0,0.0
random_08,validation,C8,F13,FN,25,2,0.08
random_08,validation,C8,F14,FN,25,2,0.08
random_08,validation,C8,F15,FN,25,0,0.0
random_08,test,logistic_regression,D01,FP,1744,0,0.0
random_08,test,logistic_regression,D02,FP,1752,0,0.0
random_08,test,logistic_regression,D03,FP,1751,0,0.0
random_08,test,logistic_regression,D04,FP,1751,0,0.0
random_08,test,logistic_regression,D05,FP,1956,0,0.0
random_08,test,logistic_regression,D06,FP,1174,0,0.0
random_08,test,logistic_regression,D07,FP,916,0,0.0
random_08,test,logistic_regression,D08,FP,920,0,0.0
random_08,test,logistic_regression,D09,FP,920,0,0.0
random_08,test,logistic_regression,D10,FP,919,0,0.0
random_08,test,logistic_regression,D11,FP,900,2,0.0022222222222222222
random_08,test,logistic_regression,D12,FP,917,0,0.0
random_08,test,logistic_regression,D13,FP,574,8,0.013937282229965157
random_08,test,logistic_regression,D14,FP,917,1,0.0010905125408942203
random_08,test,logistic_regression,D15,FP,900,0,0.0
random_08,test,logistic_regression,D16,FP,894,0,0.0
random_08,test,logistic_regression,D17,FP,1870,0,0.0
random_08,test,logistic_regression,D18,FP,574,0,0.0
random_08,test,logistic_regression,D19,FP,574,1,0.0017421602787456446
random_08,test,logistic_regression,F01,FN,25,0,0.0
random_08,test,logistic_regression,F02,FN,25,1,0.04
random_08,test,logistic_regression,F03,FN,25,0,0.0
random_08,test,logistic_regression,F04,FN,25,0,0.0
random_08,test,logistic_regression,F05,FN,25,5,0.2
random_08,test,logistic_regression,F06,FN,25,0,0.0
random_08,test,logistic_regression,F07,FN,25,0,0.0
random_08,test,logistic_regression,F08,FN,25,0,0.0
random_08,test,logistic_regression,F09,FN,25,0,0.0
random_08,test,logistic_regression,F10,FN,25,1,0.04
random_08,test,logistic_regression,F11,FN,25,0,0.0
random_08,test,logistic_regression,F12,FN,25,0,0.0
random_08,test,logistic_regression,F13,FN,25,2,0.08
random_08,test,logistic_regression,F14,FN,25,1,0.04
random_08,test,logistic_regression,F15,FN,25,1,0.04
random_08,test,decision_tree,D01,FP,1744,0,0.0
random_08,test,decision_tree,D02,FP,1752,0,0.0
random_08,test,decision_tree,D03,FP,1751,0,0.0
random_08,test,decision_tree,D04,FP,1751,2,0.001142204454597373
random_08,test,decision_tree,D05,FP,1956,0,0.0
random_08,test,decision_tree,D06,FP,1174,0,0.0
random_08,test,decision_tree,D07,FP,916,0,0.0
random_08,test,decision_tree,D08,FP,920,0,0.0
random_08,test,decision_tree,D09,FP,920,0,0.0
random_08,test,decision_tree,D10,FP,919,0,0.0
random_08,test,decision_tree,D11,FP,900,2,0.0022222222222222222
random_08,test,decision_tree,D12,FP,917,0,0.0
random_08,test,decision_tree,D13,FP,574,12,0.020905923344947737
random_08,test,decision_tree,D14,FP,917,0,0.0
random_08,test,decision_tree,D15,FP,900,0,0.0
random_08,test,decision_tree,D16,FP,894,0,0.0
random_08,test,decision_tree,D17,FP,1870,0,0.0
random_08,test,decision_tree,D18,FP,574,10,0.017421602787456445
random_08,test,decision_tree,D19,FP,574,0,0.0
random_08,test,decision_tree,F01,FN,25,0,0.0
random_08,test,decision_tree,F02,FN,25,1,0.04
random_08,test,decision_tree,F03,FN,25,0,0.0
random_08,test,decision_tree,F04,FN,25,0,0.0
random_08,test,decision_tree,F05,FN,25,5,0.2
random_08,test,decision_tree,F06,FN,25,0,0.0
random_08,test,decision_tree,F07,FN,25,0,0.0
random_08,test,decision_tree,F08,FN,25,1,0.04
random_08,test,decision_tree,F09,FN,25,0,0.0
random_08,test,decision_tree,F10,FN,25,0,0.0
random_08,test,decision_tree,F11,FN,25,2,0.08
random_08,test,decision_tree,F12,FN,25,0,0.0
random_08,test,decision_tree,F13,FN,25,2,0.08
random_08,test,decision_tree,F14,FN,25,2,0.08
random_08,test,decision_tree,F15,FN,25,0,0.0
random_08,test,baseline,D01,FP,1744,0,0.0
random_08,test,baseline,D02,FP,1752,0,0.0
random_08,test,baseline,D03,FP,1751,427,0.24386065105653912
random_08,test,baseline,D04,FP,1751,1476,0.8429468874928612
random_08,test,baseline,D05,FP,1956,0,0.0
random_08,test,baseline,D06,FP,1174,193,0.1643952299829642
random_08,test,baseline,D07,FP,916,0,0.0
random_08,test,baseline,D08,FP,920,4,0.004347826086956522
random_08,test,baseline,D09,FP,920,0,0.0
random_08,test,baseline,D10,FP,919,0,0.0
random_08,test,baseline,D11,FP,900,8,0.008888888888888889
random_08,test,baseline,D12,FP,917,0,0.0
random_08,test,baseline,D13,FP,574,0,0.0
random_08,test,baseline,D14,FP,917,0,0.0
random_08,test,baseline,D15,FP,900,0,0.0
random_08,test,baseline,D16,FP,894,0,0.0
random_08,test,baseline,D17,FP,1870,0,0.0
random_08,test,baseline,D18,FP,574,37,0.06445993031358885
random_08,test,baseline,D19,FP,574,151,0.26306620209059234
random_08,test,baseline,F01,FN,25,0,0.0
random_08,test,baseline,F02,FN,25,0,0.0
random_08,test,baseline,F03,FN,25,2,0.08
random_08,test,baseline,F04,FN,25,0,0.0
random_08,test,baseline,F05,FN,25,0,0.0
random_08,test,baseline,F06,FN,25,0,0.0
random_08,test,baseline,F07,FN,25,2,0.08
random_08,test,baseline,F08,FN,25,4,0.16
random_08,test,baseline,F09,FN,25,4,0.16
random_08,test,baseline,F10,FN,25,4,0.16
random_08,test,baseline,F11,FN,25,2,0.08
random_08,test,baseline,F12,FN,25,1,0.04
random_08,test,baseline,F13,FN,25,6,0.24
random_08,test,baseline,F14,FN,25,5,0.2
random_08,test,baseline,F15,FN,25,6,0.24
random_08,test,C2,D01,FP,1744,408,0.23394495412844038
random_08,test,C2,D02,FP,1752,993,0.5667808219178082
random_08,test,C2,D03,FP,1751,1429,0.816105082809823
random_08,test,C2,D04,FP,1751,1554,0.8874928612221588
random_08,test,C2,D05,FP,1956,624,0.31901840490797545
random_08,test,C2,D06,FP,1174,306,0.2606473594548552
random_08,test,C2,D07,FP,916,13,0.014192139737991267
random_08,test,C2,D08,FP,920,116,0.12608695652173912
random_08,test,C2,D09,FP,920,37,0.04021739130434782
random_08,test,C2,D10,FP,919,123,0.1338411316648531
random_08,test,C2,D11,FP,900,89,0.09888888888888889
random_08,test,C2,D12,FP,917,0,0.0
random_08,test,C2,D13,FP,574,9,0.0156794425087108
random_08,test,C2,D14,FP,917,18,0.019629225736095966
random_08,test,C2,D15,FP,900,15,0.016666666666666666
random_08,test,C2,D16,FP,894,0,0.0
random_08,test,C2,D17,FP,1870,54,0.028877005347593583
random_08,test,C2,D18,FP,574,198,0.34494773519163763
random_08,test,C2,D19,FP,574,148,0.2578397212543554
random_08,test,C2,F01,FN,25,0,0.0
random_08,test,C2,F02,FN,25,0,0.0
random_08,test,C2,F03,FN,25,0,0.0
random_08,test,C2,F04,FN,25,0,0.0
random_08,test,C2,F05,FN,25,0,0.0
random_08,test,C2,F06,FN,25,0,0.0
random_08,test,C2,F07,FN,25,0,0.0
random_08,test,C2,F08,FN,25,2,0.08
random_08,test,C2,F09,FN,25,2,0.08
random_08,test,C2,F10,FN,25,2,0.08
random_08,test,C2,F11,FN,25,3,0.12
random_08,test,C2,F12,FN,25,2,0.08
random_08,test,C2,F13,FN,25,1,0.04
random_08,test,C2,F14,FN,25,1,0.04
random_08,test,C2,F15,FN,25,0,0.0
random_08,test,C8,D01,FP,1744,0,0.0
random_08,test,C8,D02,FP,1752,58,0.033105022831050226
random_08,test,C8,D03,FP,1751,1257,0.7178754997144489
random_08,test,C8,D04,FP,1751,1610,0.9194745859508852
random_08,test,C8,D05,FP,1956,0,0.0
random_08,test,C8,D06,FP,1174,213,0.18143100511073254
random_08,test,C8,D07,FP,916,0,0.0
random_08,test,C8,D08,FP,920,15,0.016304347826086956
random_08,test,C8,D09,FP,920,0,0.0
random_08,test,C8,D10,FP,919,12,0.013057671381936888
random_08,test,C8,D11,FP,900,13,0.014444444444444444
random_08,test,C8,D12,FP,917,1,0.0010905125408942203
random_08,test,C8,D13,FP,574,29,0.050522648083623695
random_08,test,C8,D14,FP,917,1,0.0010905125408942203
random_08,test,C8,D15,FP,900,0,0.0
random_08,test,C8,D16,FP,894,0,0.0
random_08,test,C8,D17,FP,1870,0,0.0
random_08,test,C8,D18,FP,574,50,0.08710801393728224
random_08,test,C8,D19,FP,574,112,0.1951219512195122
random_08,test,C8,F01,FN,25,0,0.0
random_08,test,C8,F02,FN,25,0,0.0
random_08,test,C8,F03,FN,25,0,0.0
random_08,test,C8,F04,FN,25,0,0.0
random_08,test,C8,F05,FN,25,0,0.0
random_08,test,C8,F06,FN,25,0,0.0
random_08,test,C8,F07,FN,25,1,0.04
random_08,test,C8,F08,FN,25,1,0.04
random_08,test,C8,F09,FN,25,1,0.04
random_08,test,C8,F10,FN,25,2,0.08
random_08,test,C8,F11,FN,25,0,0.0
random_08,test,C8,F12,FN,25,0,0.0
random_08,test,C8,F13,FN,25,4,0.16
random_08,test,C8,F14,FN,25,5,0.2
random_08,test,C8,F15,FN,25,3,0.12
random_09,validation,logistic_regression,D01,FP,1584,0,0.0
random_09,validation,logistic_regression,D02,FP,1589,0,0.0
random_09,validation,logistic_regression,D03,FP,1592,1,0.000628140703517588
random_09,validation,logistic_regression,D04,FP,1592,0,0.0
random_09,validation,logistic_regression,D05,FP,1956,0,0.0
random_09,validation,logistic_regression,D06,FP,1219,1,0.0008203445447087777
random_09,validation,logistic_regression,D07,FP,915,0,0.0
random_09,validation,logistic_regression,D08,FP,917,0,0.0
random_09,validation,logistic_regression,D09,FP,918,0,0.0
random_09,validation,logistic_regression,D10,FP,919,0,0.0
random_09,validation,logistic_regression,D11,FP,913,1,0.001095290251916758
random_09,validation,logistic_regression,D12,FP,920,0,0.0
random_09,validation,logistic_regression,D13,FP,574,13,0.02264808362369338
random_09,validation,logistic_regression,D14,FP,920,12,0.013043478260869565
random_09,validation,logistic_regression,D15,FP,920,0,0.0
random_09,validation,logistic_regression,D16,FP,912,0,0.0
random_09,validation,logistic_regression,D17,FP,1948,7,0.003593429158110883
random_09,validation,logistic_regression,D18,FP,573,0,0.0
random_09,validation,logistic_regression,D19,FP,575,2,0.0034782608695652175
random_09,validation,logistic_regression,F01,FN,25,0,0.0
random_09,validation,logistic_regression,F02,FN,25,0,0.0
random_09,validation,logistic_regression,F03,FN,25,1,0.04
random_09,validation,logistic_regression,F04,FN,25,0,0.0
random_09,validation,logistic_regression,F05,FN,25,1,0.04
random_09,validation,logistic_regression,F06,FN,25,0,0.0
random_09,validation,logistic_regression,F07,FN,25,0,0.0
random_09,validation,logistic_regression,F08,FN,25,0,0.0
random_09,validation,logistic_regression,F09,FN,25,0,0.0
random_09,validation,logistic_regression,F10,FN,25,0,0.0
random_09,validation,logistic_regression,F11,FN,25,0,0.0
random_09,validation,logistic_regression,F12,FN,25,0,0.0
random_09,validation,logistic_regression,F13,FN,25,0,0.0
random_09,validation,logistic_regression,F14,FN,25,0,0.0
random_09,validation,logistic_regression,F15,FN,25,0,0.0
random_09,validation,decision_tree,D01,FP,1584,0,0.0
random_09,validation,decision_tree,D02,FP,1589,0,0.0
random_09,validation,decision_tree,D03,FP,1592,2,0.001256281407035176
random_09,validation,decision_tree,D04,FP,1592,47,0.029522613065326633
random_09,validation,decision_tree,D05,FP,1956,0,0.0
random_09,validation,decision_tree,D06,FP,1219,5,0.004101722723543888
random_09,validation,decision_tree,D07,FP,915,0,0.0
random_09,validation,decision_tree,D08,FP,917,0,0.0
random_09,validation,decision_tree,D09,FP,918,0,0.0
random_09,validation,decision_tree,D10,FP,919,0,0.0
random_09,validation,decision_tree,D11,FP,913,5,0.00547645125958379
random_09,validation,decision_tree,D12,FP,920,0,0.0
random_09,validation,decision_tree,D13,FP,574,15,0.02613240418118467
random_09,validation,decision_tree,D14,FP,920,12,0.013043478260869565
random_09,validation,decision_tree,D15,FP,920,0,0.0
random_09,validation,decision_tree,D16,FP,912,0,0.0
random_09,validation,decision_tree,D17,FP,1948,0,0.0
random_09,validation,decision_tree,D18,FP,573,11,0.019197207678883072
random_09,validation,decision_tree,D19,FP,575,4,0.006956521739130435
random_09,validation,decision_tree,F01,FN,25,0,0.0
random_09,validation,decision_tree,F02,FN,25,0,0.0
random_09,validation,decision_tree,F03,FN,25,1,0.04
random_09,validation,decision_tree,F04,FN,25,0,0.0
random_09,validation,decision_tree,F05,FN,25,0,0.0
random_09,validation,decision_tree,F06,FN,25,0,0.0
random_09,validation,decision_tree,F07,FN,25,0,0.0
random_09,validation,decision_tree,F08,FN,25,0,0.0
random_09,validation,decision_tree,F09,FN,25,0,0.0
random_09,validation,decision_tree,F10,FN,25,0,0.0
random_09,validation,decision_tree,F11,FN,25,0,0.0
random_09,validation,decision_tree,F12,FN,25,0,0.0
random_09,validation,decision_tree,F13,FN,25,0,0.0
random_09,validation,decision_tree,F14,FN,25,0,0.0
random_09,validation,decision_tree,F15,FN,25,0,0.0
random_09,validation,baseline,D01,FP,1584,0,0.0
random_09,validation,baseline,D02,FP,1589,0,0.0
random_09,validation,baseline,D03,FP,1592,345,0.21670854271356785
random_09,validation,baseline,D04,FP,1592,1203,0.7556532663316583
random_09,validation,baseline,D05,FP,1956,0,0.0
random_09,validation,baseline,D06,FP,1219,269,0.2206726825266612
random_09,validation,baseline,D07,FP,915,0,0.0
random_09,validation,baseline,D08,FP,917,0,0.0
random_09,validation,baseline,D09,FP,918,0,0.0
random_09,validation,baseline,D10,FP,919,0,0.0
random_09,validation,baseline,D11,FP,913,13,0.014238773274917854
random_09,validation,baseline,D12,FP,920,0,0.0
random_09,validation,baseline,D13,FP,574,0,0.0
random_09,validation,baseline,D14,FP,920,0,0.0
random_09,validation,baseline,D15,FP,920,0,0.0
random_09,validation,baseline,D16,FP,912,0,0.0
random_09,validation,baseline,D17,FP,1948,0,0.0
random_09,validation,baseline,D18,FP,573,52,0.09075043630017451
random_09,validation,baseline,D19,FP,575,153,0.26608695652173914
random_09,validation,baseline,F01,FN,25,1,0.04
random_09,validation,baseline,F02,FN,25,0,0.0
random_09,validation,baseline,F03,FN,25,1,0.04
random_09,validation,baseline,F04,FN,25,0,0.0
random_09,validation,baseline,F05,FN,25,0,0.0
random_09,validation,baseline,F06,FN,25,1,0.04
random_09,validation,baseline,F07,FN,25,4,0.16
random_09,validation,baseline,F08,FN,25,1,0.04
random_09,validation,baseline,F09,FN,25,2,0.08
random_09,validation,baseline,F10,FN,25,1,0.04
random_09,validation,baseline,F11,FN,25,2,0.08
random_09,validation,baseline,F12,FN,25,2,0.08
random_09,validation,baseline,F13,FN,25,10,0.4
random_09,validation,baseline,F14,FN,25,0,0.0
random_09,validation,baseline,F15,FN,25,1,0.04
random_09,validation,C2,D01,FP,1584,421,0.2657828282828283
random_09,validation,C2,D02,FP,1589,1008,0.6343612334801763
random_09,validation,C2,D03,FP,1592,1282,0.8052763819095478
random_09,validation,C2,D04,FP,1592,1404,0.8819095477386935
random_09,validation,C2,D05,FP,1956,612,0.3128834355828221
random_09,validation,C2,D06,FP,1219,327,0.2682526661197703
random_09,validation,C2,D07,FP,915,2,0.002185792349726776
random_09,validation,C2,D08,FP,917,147,0.16030534351145037
random_09,validation,C2,D09,FP,918,27,0.029411764705882353
random_09,validation,C2,D10,FP,919,129,0.14036996735582155
random_09,validation,C2,D11,FP,913,76,0.0832420591456736
random_09,validation,C2,D12,FP,920,2,0.002173913043478261
random_09,validation,C2,D13,FP,574,25,0.04355400696864112
random_09,validation,C2,D14,FP,920,48,0.05217391304347826
random_09,validation,C2,D15,FP,920,2,0.002173913043478261
random_09,validation,C2,D16,FP,912,0,0.0
random_09,validation,C2,D17,FP,1948,30,0.015400410677618069
random_09,validation,C2,D18,FP,573,199,0.3472949389179756
random_09,validation,C2,D19,FP,575,154,0.2678260869565217
random_09,validation,C2,F01,FN,25,1,0.04
random_09,validation,C2,F02,FN,25,1,0.04
random_09,validation,C2,F03,FN,25,0,0.0
random_09,validation,C2,F04,FN,25,1,0.04
random_09,validation,C2,F05,FN,25,0,0.0
random_09,validation,C2,F06,FN,25,0,0.0
random_09,validation,C2,F07,FN,25,0,0.0
random_09,validation,C2,F08,FN,25,1,0.04
random_09,validation,C2,F09,FN,25,0,0.0
random_09,validation,C2,F10,FN,25,1,0.04
random_09,validation,C2,F11,FN,25,3,0.12
random_09,validation,C2,F12,FN,25,1,0.04
random_09,validation,C2,F13,FN,25,1,0.04
random_09,validation,C2,F14,FN,25,1,0.04
random_09,validation,C2,F15,FN,25,1,0.04
random_09,validation,C8,D01,FP,1584,0,0.0
random_09,validation,C8,D02,FP,1589,156,0.09817495280050346
random_09,validation,C8,D03,FP,1592,1209,0.7594221105527639
random_09,validation,C8,D04,FP,1592,1437,0.9026381909547738
random_09,validation,C8,D05,FP,1956,7,0.0035787321063394683
random_09,validation,C8,D06,FP,1219,262,0.21493027071369974
random_09,validation,C8,D07,FP,915,0,0.0
random_09,validation,C8,D08,FP,917,11,0.011995637949836423
random_09,validation,C8,D09,FP,918,0,0.0
random_09,validation,C8,D10,FP,919,23,0.025027203482045703
random_09,validation,C8,D11,FP,913,15,0.01642935377875137
random_09,validation,C8,D12,FP,920,0,0.0
random_09,validation,C8,D13,FP,574,33,0.05749128919860627
random_09,validation,C8,D14,FP,920,27,0.029347826086956522
random_09,validation,C8,D15,FP,920,0,0.0
random_09,validation,C8,D16,FP,912,2,0.0021929824561403508
random_09,validation,C8,D17,FP,1948,1,0.000513347022587269
random_09,validation,C8,D18,FP,573,57,0.09947643979057591
random_09,validation,C8,D19,FP,575,116,0.20173913043478262
random_09,validation,C8,F01,FN,25,0,0.0
random_09,validation,C8,F02,FN,25,0,0.0
random_09,validation,C8,F03,FN,25,1,0.04
random_09,validation,C8,F04,FN,25,0,0.0
random_09,validation,C8,F05,FN,25,0,0.0
random_09,validation,C8,F06,FN,25,0,0.0
random_09,validation,C8,F07,FN,25,0,0.0
random_09,validation,C8,F08,FN,25,0,0.0
random_09,validation,C8,F09,FN,25,0,0.0
random_09,validation,C8,F10,FN,25,1,0.04
random_09,validation,C8,F11,FN,25,0,0.0
random_09,validation,C8,F12,FN,25,0,0.0
random_09,validation,C8,F13,FN,25,2,0.08
random_09,validation,C8,F14,FN,25,1,0.04
random_09,validation,C8,F15,FN,25,0,0.0
random_09,test,logistic_regression,D01,FP,1744,0,0.0
random_09,test,logistic_regression,D02,FP,1752,0,0.0
random_09,test,logistic_regression,D03,FP,1751,0,0.0
random_09,test,logistic_regression,D04,FP,1751,0,0.0
random_09,test,logistic_regression,D05,FP,1956,0,0.0
random_09,test,logistic_regression,D06,FP,1174,0,0.0
random_09,test,logistic_regression,D07,FP,916,0,0.0
random_09,test,logistic_regression,D08,FP,920,0,0.0
random_09,test,logistic_regression,D09,FP,920,0,0.0
random_09,test,logistic_regression,D10,FP,919,0,0.0
random_09,test,logistic_regression,D11,FP,900,2,0.0022222222222222222
random_09,test,logistic_regression,D12,FP,917,0,0.0
random_09,test,logistic_regression,D13,FP,574,8,0.013937282229965157
random_09,test,logistic_regression,D14,FP,917,1,0.0010905125408942203
random_09,test,logistic_regression,D15,FP,900,0,0.0
random_09,test,logistic_regression,D16,FP,894,0,0.0
random_09,test,logistic_regression,D17,FP,1870,0,0.0
random_09,test,logistic_regression,D18,FP,574,0,0.0
random_09,test,logistic_regression,D19,FP,574,1,0.0017421602787456446
random_09,test,logistic_regression,F01,FN,25,0,0.0
random_09,test,logistic_regression,F02,FN,25,1,0.04
random_09,test,logistic_regression,F03,FN,25,0,0.0
random_09,test,logistic_regression,F04,FN,25,0,0.0
random_09,test,logistic_regression,F05,FN,25,5,0.2
random_09,test,logistic_regression,F06,FN,25,0,0.0
random_09,test,logistic_regression,F07,FN,25,0,0.0
random_09,test,logistic_regression,F08,FN,25,0,0.0
random_09,test,logistic_regression,F09,FN,25,0,0.0
random_09,test,logistic_regression,F10,FN,25,1,0.04
random_09,test,logistic_regression,F11,FN,25,0,0.0
random_09,test,logistic_regression,F12,FN,25,0,0.0
random_09,test,logistic_regression,F13,FN,25,2,0.08
random_09,test,logistic_regression,F14,FN,25,1,0.04
random_09,test,logistic_regression,F15,FN,25,1,0.04
random_09,test,decision_tree,D01,FP,1744,0,0.0
random_09,test,decision_tree,D02,FP,1752,0,0.0
random_09,test,decision_tree,D03,FP,1751,0,0.0
random_09,test,decision_tree,D04,FP,1751,2,0.001142204454597373
random_09,test,decision_tree,D05,FP,1956,0,0.0
random_09,test,decision_tree,D06,FP,1174,0,0.0
random_09,test,decision_tree,D07,FP,916,0,0.0
random_09,test,decision_tree,D08,FP,920,0,0.0
random_09,test,decision_tree,D09,FP,920,0,0.0
random_09,test,decision_tree,D10,FP,919,0,0.0
random_09,test,decision_tree,D11,FP,900,2,0.0022222222222222222
random_09,test,decision_tree,D12,FP,917,0,0.0
random_09,test,decision_tree,D13,FP,574,12,0.020905923344947737
random_09,test,decision_tree,D14,FP,917,0,0.0
random_09,test,decision_tree,D15,FP,900,0,0.0
random_09,test,decision_tree,D16,FP,894,0,0.0
random_09,test,decision_tree,D17,FP,1870,0,0.0
random_09,test,decision_tree,D18,FP,574,10,0.017421602787456445
random_09,test,decision_tree,D19,FP,574,0,0.0
random_09,test,decision_tree,F01,FN,25,0,0.0
random_09,test,decision_tree,F02,FN,25,1,0.04
random_09,test,decision_tree,F03,FN,25,0,0.0
random_09,test,decision_tree,F04,FN,25,0,0.0
random_09,test,decision_tree,F05,FN,25,5,0.2
random_09,test,decision_tree,F06,FN,25,0,0.0
random_09,test,decision_tree,F07,FN,25,0,0.0
random_09,test,decision_tree,F08,FN,25,1,0.04
random_09,test,decision_tree,F09,FN,25,0,0.0
random_09,test,decision_tree,F10,FN,25,0,0.0
random_09,test,decision_tree,F11,FN,25,2,0.08
random_09,test,decision_tree,F12,FN,25,0,0.0
random_09,test,decision_tree,F13,FN,25,2,0.08
random_09,test,decision_tree,F14,FN,25,2,0.08
random_09,test,decision_tree,F15,FN,25,0,0.0
random_09,test,baseline,D01,FP,1744,0,0.0
random_09,test,baseline,D02,FP,1752,0,0.0
random_09,test,baseline,D03,FP,1751,427,0.24386065105653912
random_09,test,baseline,D04,FP,1751,1476,0.8429468874928612
random_09,test,baseline,D05,FP,1956,0,0.0
random_09,test,baseline,D06,FP,1174,193,0.1643952299829642
random_09,test,baseline,D07,FP,916,0,0.0
random_09,test,baseline,D08,FP,920,4,0.004347826086956522
random_09,test,baseline,D09,FP,920,0,0.0
random_09,test,baseline,D10,FP,919,0,0.0
random_09,test,baseline,D11,FP,900,8,0.008888888888888889
random_09,test,baseline,D12,FP,917,0,0.0
random_09,test,baseline,D13,FP,574,0,0.0
random_09,test,baseline,D14,FP,917,0,0.0
random_09,test,baseline,D15,FP,900,0,0.0
random_09,test,baseline,D16,FP,894,0,0.0
random_09,test,baseline,D17,FP,1870,0,0.0
random_09,test,baseline,D18,FP,574,37,0.06445993031358885
random_09,test,baseline,D19,FP,574,151,0.26306620209059234
random_09,test,baseline,F01,FN,25,0,0.0
random_09,test,baseline,F02,FN,25,0,0.0
random_09,test,baseline,F03,FN,25,2,0.08
random_09,test,baseline,F04,FN,25,0,0.0
random_09,test,baseline,F05,FN,25,0,0.0
random_09,test,baseline,F06,FN,25,0,0.0
random_09,test,baseline,F07,FN,25,2,0.08
random_09,test,baseline,F08,FN,25,4,0.16
random_09,test,baseline,F09,FN,25,4,0.16
random_09,test,baseline,F10,FN,25,4,0.16
random_09,test,baseline,F11,FN,25,2,0.08
random_09,test,baseline,F12,FN,25,1,0.04
random_09,test,baseline,F13,FN,25,6,0.24
random_09,test,baseline,F14,FN,25,5,0.2
random_09,test,baseline,F15,FN,25,6,0.24
random_09,test,C2,D01,FP,1744,399,0.22878440366972477
random_09,test,C2,D02,FP,1752,989,0.5644977168949772
random_09,test,C2,D03,FP,1751,1440,0.8223872073101085
random_09,test,C2,D04,FP,1751,1578,0.9011993146773273
random_09,test,C2,D05,FP,1956,676,0.3456032719836401
random_09,test,C2,D06,FP,1174,297,0.25298126064735943
random_09,test,C2,D07,FP,916,9,0.009825327510917031
random_09,test,C2,D08,FP,920,122,0.13260869565217392
random_09,test,C2,D09,FP,920,38,0.041304347826086954
random_09,test,C2,D10,FP,919,131,0.1425462459194777
random_09,test,C2,D11,FP,900,86,0.09555555555555556
random_09,test,C2,D12,FP,917,0,0.0
random_09,test,C2,D13,FP,574,11,0.01916376306620209
random_09,test,C2,D14,FP,917,21,0.022900763358778626
random_09,test,C2,D15,FP,900,14,0.015555555555555555
random_09,test,C2,D16,FP,894,0,0.0
random_09,test,C2,D17,FP,1870,46,0.02459893048128342
random_09,test,C2,D18,FP,574,190,0.3310104529616725
random_09,test,C2,D19,FP,574,145,0.25261324041811845
random_09,test,C2,F01,FN,25,0,0.0
random_09,test,C2,F02,FN,25,0,0.0
random_09,test,C2,F03,FN,25,1,0.04
random_09,test,C2,F04,FN,25,0,0.0
random_09,test,C2,F05,FN,25,1,0.04
random_09,test,C2,F06,FN,25,1,0.04
random_09,test,C2,F07,FN,25,1,0.04
random_09,test,C2,F08,FN,25,1,0.04
random_09,test,C2,F09,FN,25,3,0.12
random_09,test,C2,F10,FN,25,2,0.08
random_09,test,C2,F11,FN,25,0,0.0
random_09,test,C2,F12,FN,25,0,0.0
random_09,test,C2,F13,FN,25,2,0.08
random_09,test,C2,F14,FN,25,3,0.12
random_09,test,C2,F15,FN,25,4,0.16
random_09,test,C8,D01,FP,1744,0,0.0
random_09,test,C8,D02,FP,1752,59,0.03367579908675799
random_09,test,C8,D03,FP,1751,1280,0.7310108509423187
random_09,test,C8,D04,FP,1751,1613,0.9211878926327812
random_09,test,C8,D05,FP,1956,0,0.0
random_09,test,C8,D06,FP,1174,216,0.1839863713798978
random_09,test,C8,D07,FP,916,0,0.0
random_09,test,C8,D08,FP,920,12,0.013043478260869565
random_09,test,C8,D09,FP,920,0,0.0
random_09,test,C8,D10,FP,919,10,0.01088139281828074
random_09,test,C8,D11,FP,900,13,0.014444444444444444
random_09,test,C8,D12,FP,917,0,0.0
random_09,test,C8,D13,FP,574,28,0.04878048780487805
random_09,test,C8,D14,FP,917,6,0.006543075245365322
random_09,test,C8,D15,FP,900,0,0.0
random_09,test,C8,D16,FP,894,0,0.0
random_09,test,C8,D17,FP,1870,0,0.0
random_09,test,C8,D18,FP,574,53,0.09233449477351917
random_09,test,C8,D19,FP,574,107,0.18641114982578397
random_09,test,C8,F01,FN,25,0,0.0
random_09,test,C8,F02,FN,25,0,0.0
random_09,test,C8,F03,FN,25,0,0.0
random_09,test,C8,F04,FN,25,0,0.0
random_09,test,C8,F05,FN,25,1,0.04
random_09,test,C8,F06,FN,25,0,0.0
random_09,test,C8,F07,FN,25,0,0.0
random_09,test,C8,F08,FN,25,2,0.08
random_09,test,C8,F09,FN,25,1,0.04
random_09,test,C8,F10,FN,25,1,0.04
random_09,test,C8,F11,FN,25,0,0.0
random_09,test,C8,F12,FN,25,0,0.0
random_09,test,C8,F13,FN,25,3,0.12
random_09,test,C8,F14,FN,25,4,0.16
random_09,test,C8,F15,FN,25,2,0.08
