model,window_id,trial_index,path,subject_id,activity_id,trial_number,label,split,start_sample,end_sample_exclusive,peak_sample,score,threshold
logistic_regression,13906,660,SA05/D13_SA05_R01.txt,SA05,D13,1,0,validation,500,700,-1,0.9214447875108295,0.815113492694416
logistic_regression,13907,660,SA05/D13_SA05_R01.txt,SA05,D13,1,0,validation,600,800,-1,0.8951461596640148,0.815113492694416
logistic_regression,13926,661,SA05/D13_SA05_R02.txt,SA05,D13,2,0,validation,200,400,-1,0.8245105680952293,0.815113492694416
logistic_regression,13927,661,SA05/D13_SA05_R02.txt,SA05,D13,2,0,validation,300,500,-1,0.9434099819438272,0.815113492694416
logistic_regression,13950,662,SA05/D13_SA05_R03.txt,SA05,D13,3,0,validation,300,500,-1,0.9425100514747534,0.815113492694416
logistic_regression,13956,662,SA05/D13_SA05_R03.txt,SA05,D13,3,0,validation,900,1100,-1,0.826374286518218,0.815113492694416
logistic_regression,13957,662,SA05/D13_SA05_R03.txt,SA05,D13,3,0,validation,1000,1200,-1,0.8364694234735129,0.815113492694416
logistic_regression,13973,663,SA05/D13_SA05_R04.txt,SA05,D13,4,0,validation,300,500,-1,0.8857906168968976,0.815113492694416
logistic_regression,13974,663,SA05/D13_SA05_R04.txt,SA05,D13,4,0,validation,400,600,-1,0.8883793401783925,0.815113492694416
logistic_regression,13981,663,SA05/D13_SA05_R04.txt,SA05,D13,4,0,validation,1100,1300,-1,0.855662661617231,0.815113492694416
logistic_regression,13982,663,SA05/D13_SA05_R04.txt,SA05,D13,4,0,validation,1200,1400,-1,0.8788501373078461,0.815113492694416
logistic_regression,13997,664,SA05/D13_SA05_R05.txt,SA05,D13,5,0,validation,400,600,-1,0.8760431357944289,0.815113492694416
logistic_regression,22062,1090,SA08/D06_SA08_R04.txt,SA08,D06,4,0,validation,1300,1500,-1,0.92938891294087,0.815113492694416
logistic_regression,22616,1112,SA08/D11_SA08_R01.txt,SA08,D11,1,0,validation,1000,1200,-1,0.8345644540747227,0.815113492694416
logistic_regression,22940,1126,SA08/D13_SA08_R05.txt,SA08,D13,5,0,validation,1300,1500,-1,0.8730903440696224,0.815113492694416
logistic_regression,22957,1127,SA08/D14_SA08_R01.txt,SA08,D14,1,0,validation,700,900,-1,0.8892896536755384,0.815113492694416
logistic_regression,22979,1128,SA08/D14_SA08_R02.txt,SA08,D14,2,0,validation,600,800,-1,0.8808386394220008,0.815113492694416
logistic_regression,22980,1128,SA08/D14_SA08_R02.txt,SA08,D14,2,0,validation,700,900,-1,0.8412532572511655,0.815113492694416
logistic_regression,23001,1129,SA08/D14_SA08_R03.txt,SA08,D14,3,0,validation,500,700,-1,0.9502765330997024,0.815113492694416
logistic_regression,23047,1131,SA08/D14_SA08_R05.txt,SA08,D14,5,0,validation,500,700,-1,0.9619214122516195,0.815113492694416
logistic_regression,23058,1131,SA08/D14_SA08_R05.txt,SA08,D14,5,0,validation,1600,1800,-1,0.8862050581744784,0.815113492694416
logistic_regression,23683,1153,SA08/D19_SA08_R02.txt,SA08,D19,2,0,validation,700,900,-1,0.8378090158177306,0.815113492694416
logistic_regression,23735,1155,SA08/D19_SA08_R04.txt,SA08,D19,4,0,validation,1300,1500,-1,0.8361662963069844,0.815113492694416
logistic_regression,36150,1850,SA13/D03_SA13_R01.txt,SA13,D03,1,0,validation,0,200,-1,0.8600932743347842,0.815113492694416
logistic_regression,38671,1940,SA13/F03_SA13_R04.txt,SA13,F03,4,1,validation,46,246,146,0.006136064092256883,0.815113492694416
logistic_regression,38682,1951,SA13/F05_SA13_R05.txt,SA13,F05,5,1,validation,406,606,506,0.2107201590847176,0.815113492694416
logistic_regression,86673,4069,SE08/D14_SE08_R02.txt,SE08,D14,2,0,validation,500,700,-1,0.8840606839833053,0.815113492694416
logistic_regression,86695,4070,SE08/D14_SE08_R03.txt,SE08,D14,3,0,validation,400,600,-1,0.9257238015724727,0.815113492694416
logistic_regression,86696,4070,SE08/D14_SE08_R03.txt,SE08,D14,3,0,validation,500,700,-1,0.8821815478968971,0.815113492694416
logistic_regression,86719,4071,SE08/D14_SE08_R04.txt,SE08,D14,4,0,validation,500,700,-1,0.8936822166509046,0.815113492694416
logistic_regression,86754,4072,SE08/D14_SE08_R05.txt,SE08,D14,5,0,validation,1700,1900,-1,0.8277497379675579,0.815113492694416
logistic_regression,87047,4084,SE08/D17_SE08_R02.txt,SE08,D17,2,0,validation,900,1100,-1,0.8669143964212437,0.815113492694416
logistic_regression,87049,4084,SE08/D17_SE08_R02.txt,SE08,D17,2,0,validation,1100,1300,-1,0.8415971897020973,0.815113492694416
logistic_regression,87050,4084,SE08/D17_SE08_R02.txt,SE08,D17,2,0,validation,1200,1400,-1,0.908205968785832,0.815113492694416
logistic_regression,87094,4085,SE08/D17_SE08_R03.txt,SE08,D17,3,0,validation,800,1000,-1,0.8821880782296678,0.815113492694416
logistic_regression,87095,4085,SE08/D17_SE08_R03.txt,SE08,D17,3,0,validation,900,1100,-1,0.9522046159472929,0.815113492694416
logistic_regression,87097,4085,SE08/D17_SE08_R03.txt,SE08,D17,3,0,validation,1100,1300,-1,0.8401738917092386,0.815113492694416
logistic_regression,87098,4085,SE08/D17_SE08_R03.txt,SE08,D17,3,0,validation,1200,1400,-1,0.8965091583477882,0.815113492694416
logistic_regression,88975,4127,SE09/D14_SE09_R01.txt,SE09,D14,1,0,validation,1700,1900,-1,0.8509815372293715,0.815113492694416
decision_tree,12325,618,SA05/D03_SA05_R01.txt,SA05,D03,1,0,validation,0,200,-1,0.9977003328440758,0.7705231308225133
decision_tree,12642,619,SA05/D04_SA05_R01.txt,SA05,D04,1,0,validation,11800,12000,-1,0.7705231308225133,0.7705231308225133
decision_tree,13906,660,SA05/D13_SA05_R01.txt,SA05,D13,1,0,validation,500,700,-1,0.9977003328440758,0.7705231308225133
decision_tree,13907,660,SA05/D13_SA05_R01.txt,SA05,D13,1,0,validation,600,800,-1,0.9977003328440758,0.7705231308225133
decision_tree,13926,661,SA05/D13_SA05_R02.txt,SA05,D13,2,0,validation,200,400,-1,0.7705231308225133,0.7705231308225133
decision_tree,13927,661,SA05/D13_SA05_R02.txt,SA05,D13,2,0,validation,300,500,-1,0.7705231308225133,0.7705231308225133
decision_tree,13928,661,SA05/D13_SA05_R02.txt,SA05,D13,2,0,validation,400,600,-1,0.7705231308225133,0.7705231308225133
decision_tree,13950,662,SA05/D13_SA05_R03.txt,SA05,D13,3,0,validation,300,500,-1,0.7705231308225133,0.7705231308225133
decision_tree,13951,662,SA05/D13_SA05_R03.txt,SA05,D13,3,0,validation,400,600,-1,0.7705231308225133,0.7705231308225133
decision_tree,13957,662,SA05/D13_SA05_R03.txt,SA05,D13,3,0,validation,1000,1200,-1,0.7705231308225133,0.7705231308225133
decision_tree,13958,662,SA05/D13_SA05_R03.txt,SA05,D13,3,0,validation,1100,1300,-1,0.7705231308225133,0.7705231308225133
decision_tree,13973,663,SA05/D13_SA05_R04.txt,SA05,D13,4,0,validation,300,500,-1,0.7705231308225133,0.7705231308225133
decision_tree,13974,663,SA05/D13_SA05_R04.txt,SA05,D13,4,0,validation,400,600,-1,0.7705231308225133,0.7705231308225133
decision_tree,13997,664,SA05/D13_SA05_R05.txt,SA05,D13,5,0,validation,400,600,-1,0.7705231308225133,0.7705231308225133
decision_tree,13998,664,SA05/D13_SA05_R05.txt,SA05,D13,5,0,validation,500,700,-1,0.7705231308225133,0.7705231308225133
decision_tree,14706,689,SA05/D18_SA05_R05.txt,SA05,D18,5,0,validation,1000,1200,-1,0.7705231308225133,0.7705231308225133
decision_tree,14707,689,SA05/D18_SA05_R05.txt,SA05,D18,5,0,validation,1100,1300,-1,0.7705231308225133,0.7705231308225133
decision_tree,21917,1087,SA08/D06_SA08_R01.txt,SA08,D06,1,0,validation,1400,1600,-1,0.7705231308225133,0.7705231308225133
decision_tree,22004,1089,SA08/D06_SA08_R03.txt,SA08,D06,3,0,validation,400,600,-1,0.7705231308225133,0.7705231308225133
decision_tree,22058,1090,SA08/D06_SA08_R04.txt,SA08,D06,4,0,validation,900,1100,-1,0.8602542448217624,0.7705231308225133
decision_tree,22059,1090,SA08/D06_SA08_R04.txt,SA08,D06,4,0,validation,1000,1200,-1,0.8602542448217624,0.7705231308225133
decision_tree,22615,1112,SA08/D11_SA08_R01.txt,SA08,D11,1,0,validation,900,1100,-1,0.7705231308225133,0.7705231308225133
decision_tree,22616,1112,SA08/D11_SA08_R01.txt,SA08,D11,1,0,validation,1000,1200,-1,0.7705231308225133,0.7705231308225133
decision_tree,22617,1112,SA08/D11_SA08_R01.txt,SA08,D11,1,0,validation,1100,1300,-1,0.7705231308225133,0.7705231308225133
decision_tree,22641,1113,SA08/D11_SA08_R02.txt,SA08,D11,2,0,validation,1300,1500,-1,0.7705231308225133,0.7705231308225133
decision_tree,22642,1113,SA08/D11_SA08_R02.txt,SA08,D11,2,0,validation,1400,1600,-1,0.7705231308225133,0.7705231308225133
decision_tree,22909,1125,SA08/D13_SA08_R04.txt,SA08,D13,4,0,validation,500,700,-1,0.7705231308225133,0.7705231308225133
decision_tree,22910,1125,SA08/D13_SA08_R04.txt,SA08,D13,4,0,validation,600,800,-1,0.7705231308225133,0.7705231308225133
decision_tree,23001,1129,SA08/D14_SA08_R03.txt,SA08,D14,3,0,validation,500,700,-1,0.7705231308225133,0.7705231308225133
decision_tree,23002,1129,SA08/D14_SA08_R03.txt,SA08,D14,3,0,validation,600,800,-1,0.7705231308225133,0.7705231308225133
decision_tree,23047,1131,SA08/D14_SA08_R05.txt,SA08,D14,5,0,validation,500,700,-1,0.9977003328440758,0.7705231308225133
decision_tree,23048,1131,SA08/D14_SA08_R05.txt,SA08,D14,5,0,validation,600,800,-1,0.9977003328440758,0.7705231308225133
decision_tree,23057,1131,SA08/D14_SA08_R05.txt,SA08,D14,5,0,validation,1500,1700,-1,0.9977003328440758,0.7705231308225133
decision_tree,23058,1131,SA08/D14_SA08_R05.txt,SA08,D14,5,0,validation,1600,1800,-1,0.9977003328440758,0.7705231308225133
decision_tree,23734,1155,SA08/D19_SA08_R04.txt,SA08,D19,4,0,validation,1200,1400,-1,0.7705231308225133,0.7705231308225133
decision_tree,23735,1155,SA08/D19_SA08_R04.txt,SA08,D19,4,0,validation,1300,1500,-1,0.7705231308225133,0.7705231308225133
decision_tree,23748,1156,SA08/D19_SA08_R05.txt,SA08,D19,5,0,validation,300,500,-1,0.7705231308225133,0.7705231308225133
decision_tree,23749,1156,SA08/D19_SA08_R05.txt,SA08,D19,5,0,validation,400,600,-1,0.7705231308225133,0.7705231308225133
decision_tree,36150,1850,SA13/D03_SA13_R01.txt,SA13,D03,1,0,validation,0,200,-1,0.9977003328440758,0.7705231308225133
decision_tree,36412,1851,SA13/D04_SA13_R01.txt,SA13,D04,1,0,validation,6300,6500,-1,0.7705231308225133,0.7705231308225133
decision_tree,36413,1851,SA13/D04_SA13_R01.txt,SA13,D04,1,0,validation,6400,6600,-1,0.7705231308225133,0.7705231308225133
decision_tree,36416,1851,SA13/D04_SA13_R01.txt,SA13,D04,1,0,validation,6700,6900,-1,0.7705231308225133,0.7705231308225133
decision_tree,36417,1851,SA13/D04_SA13_R01.txt,SA13,D04,1,0,validation,6800,7000,-1,0.7705231308225133,0.7705231308225133
decision_tree,36418,1851,SA13/D04_SA13_R01.txt,SA13,D04,1,0,validation,6900,7100,-1,0.7705231308225133,0.7705231308225133
decision_tree,36419,1851,SA13/D04_SA13_R01.txt,SA13,D04,1,0,validation,7000,7200,-1,0.7705231308225133,0.7705231308225133
decision_tree,36421,1851,SA13/D04_SA13_R01.txt,SA13,D04,1,0,validation,7200,7400,-1,0.7705231308225133,0.7705231308225133
decision_tree,36422,1851,SA13/D04_SA13_R01.txt,SA13,D04,1,0,validation,7300,7500,-1,0.7705231308225133,0.7705231308225133
decision_tree,36423,1851,SA13/D04_SA13_R01.txt,SA13,D04,1,0,validation,7400,7600,-1,0.7705231308225133,0.7705231308225133
decision_tree,36424,1851,SA13/D04_SA13_R01.txt,SA13,D04,1,0,validation,7500,7700,-1,0.7705231308225133,0.7705231308225133
decision_tree,36425,1851,SA13/D04_SA13_R01.txt,SA13,D04,1,0,validation,7600,7800,-1,0.7705231308225133,0.7705231308225133
decision_tree,36426,1851,SA13/D04_SA13_R01.txt,SA13,D04,1,0,validation,7700,7900,-1,0.9977003328440758,0.7705231308225133
decision_tree,36427,1851,SA13/D04_SA13_R01.txt,SA13,D04,1,0,validation,7800,8000,-1,0.9977003328440758,0.7705231308225133
decision_tree,36430,1851,SA13/D04_SA13_R01.txt,SA13,D04,1,0,validation,8100,8300,-1,0.7705231308225133,0.7705231308225133
decision_tree,36431,1851,SA13/D04_SA13_R01.txt,SA13,D04,1,0,validation,8200,8400,-1,0.7705231308225133,0.7705231308225133
decision_tree,36439,1851,SA13/D04_SA13_R01.txt,SA13,D04,1,0,validation,9000,9200,-1,0.7705231308225133,0.7705231308225133
decision_tree,36440,1851,SA13/D04_SA13_R01.txt,SA13,D04,1,0,validation,9100,9300,-1,0.7705231308225133,0.7705231308225133
decision_tree,36441,1851,SA13/D04_SA13_R01.txt,SA13,D04,1,0,validation,9200,9400,-1,0.7705231308225133,0.7705231308225133
decision_tree,36442,1851,SA13/D04_SA13_R01.txt,SA13,D04,1,0,validation,9300,9500,-1,0.7705231308225133,0.7705231308225133
decision_tree,36443,1851,SA13/D04_SA13_R01.txt,SA13,D04,1,0,validation,9400,9600,-1,0.7705231308225133,0.7705231308225133
decision_tree,36444,1851,SA13/D04_SA13_R01.txt,SA13,D04,1,0,validation,9500,9700,-1,0.7705231308225133,0.7705231308225133
decision_tree,36445,1851,SA13/D04_SA13_R01.txt,SA13,D04,1,0,validation,9600,9800,-1,0.7705231308225133,0.7705231308225133
decision_tree,36446,1851,SA13/D04_SA13_R01.txt,SA13,D04,1,0,validation,9700,9900,-1,0.7705231308225133,0.7705231308225133
decision_tree,36450,1851,SA13/D04_SA13_R01.txt,SA13,D04,1,0,validation,10100,10300,-1,0.7705231308225133,0.7705231308225133
decision_tree,36451,1851,SA13/D04_SA13_R01.txt,SA13,D04,1,0,validation,10200,10400,-1,0.7705231308225133,0.7705231308225133
decision_tree,36459,1851,SA13/D04_SA13_R01.txt,SA13,D04,1,0,validation,11000,11200,-1,0.7705231308225133,0.7705231308225133
decision_tree,36460,1851,SA13/D04_SA13_R01.txt,SA13,D04,1,0,validation,11100,11300,-1,0.7705231308225133,0.7705231308225133
decision_tree,36466,1851,SA13/D04_SA13_R01.txt,SA13,D04,1,0,validation,11700,11900,-1,0.7705231308225133,0.7705231308225133
decision_tree,36467,1851,SA13/D04_SA13_R01.txt,SA13,D04,1,0,validation,11800,12000,-1,0.7705231308225133,0.7705231308225133
decision_tree,36478,1851,SA13/D04_SA13_R01.txt,SA13,D04,1,0,validation,12900,13100,-1,0.7705231308225133,0.7705231308225133
decision_tree,36481,1851,SA13/D04_SA13_R01.txt,SA13,D04,1,0,validation,13200,13400,-1,0.7705231308225133,0.7705231308225133
decision_tree,36483,1851,SA13/D04_SA13_R01.txt,SA13,D04,1,0,validation,13400,13600,-1,0.7705231308225133,0.7705231308225133
decision_tree,36484,1851,SA13/D04_SA13_R01.txt,SA13,D04,1,0,validation,13500,13700,-1,0.7705231308225133,0.7705231308225133
decision_tree,36502,1851,SA13/D04_SA13_R01.txt,SA13,D04,1,0,validation,15300,15500,-1,0.7705231308225133,0.7705231308225133
decision_tree,36503,1851,SA13/D04_SA13_R01.txt,SA13,D04,1,0,validation,15400,15600,-1,0.7705231308225133,0.7705231308225133
decision_tree,36504,1851,SA13/D04_SA13_R01.txt,SA13,D04,1,0,validation,15500,15700,-1,0.7705231308225133,0.7705231308225133
decision_tree,36508,1851,SA13/D04_SA13_R01.txt,SA13,D04,1,0,validation,15900,16100,-1,0.7705231308225133,0.7705231308225133
decision_tree,36533,1851,SA13/D04_SA13_R01.txt,SA13,D04,1,0,validation,18400,18600,-1,0.7705231308225133,0.7705231308225133
decision_tree,36534,1851,SA13/D04_SA13_R01.txt,SA13,D04,1,0,validation,18500,18700,-1,0.7705231308225133,0.7705231308225133
decision_tree,36535,1851,SA13/D04_SA13_R01.txt,SA13,D04,1,0,validation,18600,18800,-1,0.7705231308225133,0.7705231308225133
decision_tree,36540,1851,SA13/D04_SA13_R01.txt,SA13,D04,1,0,validation,19100,19300,-1,0.7705231308225133,0.7705231308225133
decision_tree,36547,1851,SA13/D04_SA13_R01.txt,SA13,D04,1,0,validation,19800,20000,-1,0.7705231308225133,0.7705231308225133
decision_tree,36949,1860,SA13/D06_SA13_R04.txt,SA13,D06,4,0,validation,1000,1200,-1,0.7705231308225133,0.7705231308225133
decision_tree,38435,1917,SA13/D18_SA13_R01.txt,SA13,D18,1,0,validation,700,900,-1,0.7705231308225133,0.7705231308225133
decision_tree,38436,1917,SA13/D18_SA13_R01.txt,SA13,D18,1,0,validation,800,1000,-1,0.7705231308225133,0.7705231308225133
decision_tree,38671,1940,SA13/F03_SA13_R04.txt,SA13,F03,4,1,validation,46,246,146,0.0029779867376308294,0.7705231308225133
decision_tree,56018,2835,SA19/D18_SA19_R01.txt,SA19,D18,1,0,validation,600,800,-1,0.7705231308225133,0.7705231308225133
decision_tree,56019,2835,SA19/D18_SA19_R01.txt,SA19,D18,1,0,validation,700,900,-1,0.7705231308225133,0.7705231308225133
decision_tree,56042,2836,SA19/D18_SA19_R02.txt,SA19,D18,2,0,validation,800,1000,-1,0.7705231308225133,0.7705231308225133
decision_tree,56086,2838,SA19/D18_SA19_R04.txt,SA19,D18,4,0,validation,600,800,-1,0.9977003328440758,0.7705231308225133
decision_tree,56087,2838,SA19/D18_SA19_R04.txt,SA19,D18,4,0,validation,700,900,-1,0.9977003328440758,0.7705231308225133
decision_tree,56110,2839,SA19/D18_SA19_R05.txt,SA19,D18,5,0,validation,700,900,-1,0.9977003328440758,0.7705231308225133
decision_tree,56111,2839,SA19/D18_SA19_R05.txt,SA19,D18,5,0,validation,800,1000,-1,0.9977003328440758,0.7705231308225133
decision_tree,86695,4070,SE08/D14_SE08_R03.txt,SE08,D14,3,0,validation,400,600,-1,0.7705231308225133,0.7705231308225133
decision_tree,86696,4070,SE08/D14_SE08_R03.txt,SE08,D14,3,0,validation,500,700,-1,0.7705231308225133,0.7705231308225133
decision_tree,86719,4071,SE08/D14_SE08_R04.txt,SE08,D14,4,0,validation,500,700,-1,0.7705231308225133,0.7705231308225133
decision_tree,86720,4071,SE08/D14_SE08_R04.txt,SE08,D14,4,0,validation,600,800,-1,0.7705231308225133,0.7705231308225133
decision_tree,86754,4072,SE08/D14_SE08_R05.txt,SE08,D14,5,0,validation,1700,1900,-1,0.7705231308225133,0.7705231308225133
decision_tree,86755,4072,SE08/D14_SE08_R05.txt,SE08,D14,5,0,validation,1800,2000,-1,0.7705231308225133,0.7705231308225133
decision_tree,92518,4209,SE11/D04_SE11_R01.txt,SE11,D04,1,0,validation,5800,6000,-1,0.7705231308225133,0.7705231308225133
decision_tree,92519,4209,SE11/D04_SE11_R01.txt,SE11,D04,1,0,validation,5900,6100,-1,0.7705231308225133,0.7705231308225133
decision_tree,92539,4209,SE11/D04_SE11_R01.txt,SE11,D04,1,0,validation,7900,8100,-1,0.7705231308225133,0.7705231308225133
decision_tree,92540,4209,SE11/D04_SE11_R01.txt,SE11,D04,1,0,validation,8000,8200,-1,0.7705231308225133,0.7705231308225133
baseline,12325,618,SA05/D03_SA05_R01.txt,SA05,D03,1,0,validation,0,200,-1,2.57857608795166,2.209465980529785
baseline,12326,618,SA05/D03_SA05_R01.txt,SA05,D03,1,0,validation,100,300,-1,2.3550188541412354,2.209465980529785
baseline,12327,618,SA05/D03_SA05_R01.txt,SA05,D03,1,0,validation,200,400,-1,2.4100422859191895,2.209465980529785
baseline,12328,618,SA05/D03_SA05_R01.txt,SA05,D03,1,0,validation,300,500,-1,2.4100422859191895,2.209465980529785
baseline,12329,618,SA05/D03_SA05_R01.txt,SA05,D03,1,0,validation,400,600,-1,2.3824195861816406,2.209465980529785
baseline,12330,618,SA05/D03_SA05_R01.txt,SA05,D03,1,0,validation,500,700,-1,2.3824195861816406,2.209465980529785
baseline,12331,618,SA05/D03_SA05_R01.txt,SA05,D03,1,0,validation,600,800,-1,2.2496039867401123,2.209465980529785
baseline,12332,618,SA05/D03_SA05_R01.txt,SA05,D03,1,0,validation,700,900,-1,2.3501389026641846,2.209465980529785
baseline,12333,618,SA05/D03_SA05_R01.txt,SA05,D03,1,0,validation,800,1000,-1,2.445612668991089,2.209465980529785
baseline,12334,618,SA05/D03_SA05_R01.txt,SA05,D03,1,0,validation,900,1100,-1,2.4657857418060303,2.209465980529785
baseline,12335,618,SA05/D03_SA05_R01.txt,SA05,D03,1,0,validation,1000,1200,-1,2.4657857418060303,2.209465980529785
baseline,12336,618,SA05/D03_SA05_R01.txt,SA05,D03,1,0,validation,1100,1300,-1,2.279806137084961,2.209465980529785
baseline,12337,618,SA05/D03_SA05_R01.txt,SA05,D03,1,0,validation,1200,1400,-1,2.224163770675659,2.209465980529785
baseline,12338,618,SA05/D03_SA05_R01.txt,SA05,D03,1,0,validation,1300,1500,-1,2.224163770675659,2.209465980529785
baseline,12340,618,SA05/D03_SA05_R01.txt,SA05,D03,1,0,validation,1500,1700,-1,2.219072103500366,2.209465980529785
baseline,12341,618,SA05/D03_SA05_R01.txt,SA05,D03,1,0,validation,1600,1800,-1,2.278402805328369,2.209465980529785
baseline,12342,618,SA05/D03_SA05_R01.txt,SA05,D03,1,0,validation,1700,1900,-1,2.278402805328369,2.209465980529785
baseline,12343,618,SA05/D03_SA05_R01.txt,SA05,D03,1,0,validation,1800,2000,-1,2.3310790061950684,2.209465980529785
baseline,12344,618,SA05/D03_SA05_R01.txt,SA05,D03,1,0,validation,1900,2100,-1,2.3310790061950684,2.209465980529785
baseline,12345,618,SA05/D03_SA05_R01.txt,SA05,D03,1,0,validation,2000,2200,-1,2.379635810852051,2.209465980529785
baseline,12346,618,SA05/D03_SA05_R01.txt,SA05,D03,1,0,validation,2100,2300,-1,2.379635810852051,2.209465980529785
baseline,12347,618,SA05/D03_SA05_R01.txt,SA05,D03,1,0,validation,2200,2400,-1,2.3151891231536865,2.209465980529785
baseline,12348,618,SA05/D03_SA05_R01.txt,SA05,D03,1,0,validation,2300,2500,-1,2.236762762069702,2.209465980529785
baseline,12349,618,SA05/D03_SA05_R01.txt,SA05,D03,1,0,validation,2400,2600,-1,2.365802764892578,2.209465980529785
baseline,12350,618,SA05/D03_SA05_R01.txt,SA05,D03,1,0,validation,2500,2700,-1,2.365802764892578,2.209465980529785
baseline,12351,618,SA05/D03_SA05_R01.txt,SA05,D03,1,0,validation,2600,2800,-1,2.2699403762817383,2.209465980529785
baseline,12352,618,SA05/D03_SA05_R01.txt,SA05,D03,1,0,validation,2700,2900,-1,2.2699403762817383,2.209465980529785
baseline,12353,618,SA05/D03_SA05_R01.txt,SA05,D03,1,0,validation,2800,3000,-1,2.3655693531036377,2.209465980529785
baseline,12354,618,SA05/D03_SA05_R01.txt,SA05,D03,1,0,validation,2900,3100,-1,2.3655693531036377,2.209465980529785
baseline,12355,618,SA05/D03_SA05_R01.txt,SA05,D03,1,0,validation,3000,3200,-1,2.3364439010620117,2.209465980529785
baseline,12356,618,SA05/D03_SA05_R01.txt,SA05,D03,1,0,validation,3100,3300,-1,2.615534543991089,2.209465980529785
baseline,12357,618,SA05/D03_SA05_R01.txt,SA05,D03,1,0,validation,3200,3400,-1,2.615534543991089,2.209465980529785
baseline,12358,618,SA05/D03_SA05_R01.txt,SA05,D03,1,0,validation,3300,3500,-1,2.43679141998291,2.209465980529785
baseline,12359,618,SA05/D03_SA05_R01.txt,SA05,D03,1,0,validation,3400,3600,-1,2.43679141998291,2.209465980529785
baseline,12360,618,SA05/D03_SA05_R01.txt,SA05,D03,1,0,validation,3500,3700,-1,2.373878002166748,2.209465980529785
baseline,12361,618,SA05/D03_SA05_R01.txt,SA05,D03,1,0,validation,3600,3800,-1,2.489518404006958,2.209465980529785
baseline,12362,618,SA05/D03_SA05_R01.txt,SA05,D03,1,0,validation,3700,3900,-1,2.489518404006958,2.209465980529785
baseline,12363,618,SA05/D03_SA05_R01.txt,SA05,D03,1,0,validation,3800,4000,-1,2.424747943878174,2.209465980529785
baseline,12364,618,SA05/D03_SA05_R01.txt,SA05,D03,1,0,validation,3900,4100,-1,2.366307258605957,2.209465980529785
baseline,12365,618,SA05/D03_SA05_R01.txt,SA05,D03,1,0,validation,4000,4200,-1,2.366307258605957,2.209465980529785
baseline,12366,618,SA05/D03_SA05_R01.txt,SA05,D03,1,0,validation,4100,4300,-1,2.2355048656463623,2.209465980529785
baseline,12367,618,SA05/D03_SA05_R01.txt,SA05,D03,1,0,validation,4200,4400,-1,2.3297533988952637,2.209465980529785
baseline,12368,618,SA05/D03_SA05_R01.txt,SA05,D03,1,0,validation,4300,4500,-1,2.3297533988952637,2.209465980529785
baseline,12369,618,SA05/D03_SA05_R01.txt,SA05,D03,1,0,validation,4400,4600,-1,2.392915964126587,2.209465980529785
baseline,12370,618,SA05/D03_SA05_R01.txt,SA05,D03,1,0,validation,4500,4700,-1,2.394892692565918,2.209465980529785
baseline,12371,618,SA05/D03_SA05_R01.txt,SA05,D03,1,0,validation,4600,4800,-1,2.394892692565918,2.209465980529785
baseline,12372,618,SA05/D03_SA05_R01.txt,SA05,D03,1,0,validation,4700,4900,-1,2.3933825492858887,2.209465980529785
baseline,12373,618,SA05/D03_SA05_R01.txt,SA05,D03,1,0,validation,4800,5000,-1,2.424467086791992,2.209465980529785
baseline,12374,618,SA05/D03_SA05_R01.txt,SA05,D03,1,0,validation,4900,5100,-1,2.4398324489593506,2.209465980529785
baseline,12375,618,SA05/D03_SA05_R01.txt,SA05,D03,1,0,validation,5000,5200,-1,2.4398324489593506,2.209465980529785
baseline,12376,618,SA05/D03_SA05_R01.txt,SA05,D03,1,0,validation,5100,5300,-1,2.350874423980713,2.209465980529785
baseline,12377,618,SA05/D03_SA05_R01.txt,SA05,D03,1,0,validation,5200,5400,-1,2.3977625370025635,2.209465980529785
baseline,12378,618,SA05/D03_SA05_R01.txt,SA05,D03,1,0,validation,5300,5500,-1,2.3977625370025635,2.209465980529785
baseline,12379,618,SA05/D03_SA05_R01.txt,SA05,D03,1,0,validation,5400,5600,-1,2.3203377723693848,2.209465980529785
baseline,12380,618,SA05/D03_SA05_R01.txt,SA05,D03,1,0,validation,5500,5700,-1,2.3203377723693848,2.209465980529785
baseline,12382,618,SA05/D03_SA05_R01.txt,SA05,D03,1,0,validation,5700,5900,-1,2.252087354660034,2.209465980529785
baseline,12383,618,SA05/D03_SA05_R01.txt,SA05,D03,1,0,validation,5800,6000,-1,2.418025493621826,2.209465980529785
baseline,12384,618,SA05/D03_SA05_R01.txt,SA05,D03,1,0,validation,5900,6100,-1,2.418025493621826,2.209465980529785
baseline,12385,618,SA05/D03_SA05_R01.txt,SA05,D03,1,0,validation,6000,6200,-1,2.4513702392578125,2.209465980529785
baseline,12386,618,SA05/D03_SA05_R01.txt,SA05,D03,1,0,validation,6100,6300,-1,2.4513702392578125,2.209465980529785
baseline,12387,618,SA05/D03_SA05_R01.txt,SA05,D03,1,0,validation,6200,6400,-1,2.358567476272583,2.209465980529785
baseline,12388,618,SA05/D03_SA05_R01.txt,SA05,D03,1,0,validation,6300,6500,-1,2.4150350093841553,2.209465980529785
baseline,12389,618,SA05/D03_SA05_R01.txt,SA05,D03,1,0,validation,6400,6600,-1,2.4150350093841553,2.209465980529785
baseline,12390,618,SA05/D03_SA05_R01.txt,SA05,D03,1,0,validation,6500,6700,-1,2.336899757385254,2.209465980529785
baseline,12391,618,SA05/D03_SA05_R01.txt,SA05,D03,1,0,validation,6600,6800,-1,2.284013032913208,2.209465980529785
baseline,12392,618,SA05/D03_SA05_R01.txt,SA05,D03,1,0,validation,6700,6900,-1,2.2591099739074707,2.209465980529785
baseline,12393,618,SA05/D03_SA05_R01.txt,SA05,D03,1,0,validation,6800,7000,-1,2.251800775527954,2.209465980529785
baseline,12396,618,SA05/D03_SA05_R01.txt,SA05,D03,1,0,validation,7100,7300,-1,2.378413200378418,2.209465980529785
baseline,12397,618,SA05/D03_SA05_R01.txt,SA05,D03,1,0,validation,7200,7400,-1,2.378413200378418,2.209465980529785
baseline,12398,618,SA05/D03_SA05_R01.txt,SA05,D03,1,0,validation,7300,7500,-1,2.363590955734253,2.209465980529785
baseline,12399,618,SA05/D03_SA05_R01.txt,SA05,D03,1,0,validation,7400,7600,-1,2.436720848083496,2.209465980529785
baseline,12400,618,SA05/D03_SA05_R01.txt,SA05,D03,1,0,validation,7500,7700,-1,2.436720848083496,2.209465980529785
baseline,12401,618,SA05/D03_SA05_R01.txt,SA05,D03,1,0,validation,7600,7800,-1,2.3430984020233154,2.209465980529785
baseline,12402,618,SA05/D03_SA05_R01.txt,SA05,D03,1,0,validation,7700,7900,-1,2.3430984020233154,2.209465980529785
baseline,12403,618,SA05/D03_SA05_R01.txt,SA05,D03,1,0,validation,7800,8000,-1,2.251194953918457,2.209465980529785
baseline,12405,618,SA05/D03_SA05_R01.txt,SA05,D03,1,0,validation,8000,8200,-1,2.2911930084228516,2.209465980529785
baseline,12406,618,SA05/D03_SA05_R01.txt,SA05,D03,1,0,validation,8100,8300,-1,2.2911930084228516,2.209465980529785
baseline,12407,618,SA05/D03_SA05_R01.txt,SA05,D03,1,0,validation,8200,8400,-1,2.2269370555877686,2.209465980529785
baseline,12408,618,SA05/D03_SA05_R01.txt,SA05,D03,1,0,validation,8300,8500,-1,2.2269370555877686,2.209465980529785
baseline,12409,618,SA05/D03_SA05_R01.txt,SA05,D03,1,0,validation,8400,8600,-1,2.2784228324890137,2.209465980529785
baseline,12410,618,SA05/D03_SA05_R01.txt,SA05,D03,1,0,validation,8500,8700,-1,2.2784228324890137,2.209465980529785
baseline,12411,618,SA05/D03_SA05_R01.txt,SA05,D03,1,0,validation,8600,8800,-1,2.260897397994995,2.209465980529785
baseline,12420,618,SA05/D03_SA05_R01.txt,SA05,D03,1,0,validation,9500,9700,-1,2.2179131507873535,2.209465980529785
baseline,12421,618,SA05/D03_SA05_R01.txt,SA05,D03,1,0,validation,9600,9800,-1,2.2179131507873535,2.209465980529785
baseline,12424,618,SA05/D03_SA05_R01.txt,SA05,D03,1,0,validation,9900,10100,-1,2.2255196571350098,2.209465980529785
baseline,12425,618,SA05/D03_SA05_R01.txt,SA05,D03,1,0,validation,10000,10200,-1,2.2455592155456543,2.209465980529785
baseline,12426,618,SA05/D03_SA05_R01.txt,SA05,D03,1,0,validation,10100,10300,-1,2.2455592155456543,2.209465980529785
baseline,12428,618,SA05/D03_SA05_R01.txt,SA05,D03,1,0,validation,10300,10500,-1,2.331925392150879,2.209465980529785
baseline,12429,618,SA05/D03_SA05_R01.txt,SA05,D03,1,0,validation,10400,10600,-1,2.3706846237182617,2.209465980529785
baseline,12430,618,SA05/D03_SA05_R01.txt,SA05,D03,1,0,validation,10500,10700,-1,2.3706846237182617,2.209465980529785
baseline,12431,618,SA05/D03_SA05_R01.txt,SA05,D03,1,0,validation,10600,10800,-1,2.3416974544525146,2.209465980529785
baseline,12432,618,SA05/D03_SA05_R01.txt,SA05,D03,1,0,validation,10700,10900,-1,2.3416974544525146,2.209465980529785
baseline,12433,618,SA05/D03_SA05_R01.txt,SA05,D03,1,0,validation,10800,11000,-1,2.3144659996032715,2.209465980529785
baseline,12434,618,SA05/D03_SA05_R01.txt,SA05,D03,1,0,validation,10900,11100,-1,2.2363204956054688,2.209465980529785
baseline,12435,618,SA05/D03_SA05_R01.txt,SA05,D03,1,0,validation,11000,11200,-1,2.311199426651001,2.209465980529785
baseline,12436,618,SA05/D03_SA05_R01.txt,SA05,D03,1,0,validation,11100,11300,-1,2.311199426651001,2.209465980529785
baseline,12437,618,SA05/D03_SA05_R01.txt,SA05,D03,1,0,validation,11200,11400,-1,2.263545274734497,2.209465980529785
baseline,12438,618,SA05/D03_SA05_R01.txt,SA05,D03,1,0,validation,11300,11500,-1,2.263545274734497,2.209465980529785
baseline,12440,618,SA05/D03_SA05_R01.txt,SA05,D03,1,0,validation,11500,11700,-1,2.4449236392974854,2.209465980529785
baseline,12441,618,SA05/D03_SA05_R01.txt,SA05,D03,1,0,validation,11600,11800,-1,2.4449236392974854,2.209465980529785
baseline,12442,618,SA05/D03_SA05_R01.txt,SA05,D03,1,0,validation,11700,11900,-1,2.317901134490967,2.209465980529785
baseline,12443,618,SA05/D03_SA05_R01.txt,SA05,D03,1,0,validation,11800,12000,-1,2.317901134490967,2.209465980529785
baseline,12446,618,SA05/D03_SA05_R01.txt,SA05,D03,1,0,validation,12100,12300,-1,2.285097599029541,2.209465980529785
baseline,12447,618,SA05/D03_SA05_R01.txt,SA05,D03,1,0,validation,12200,12400,-1,2.285097599029541,2.209465980529785
baseline,12450,618,SA05/D03_SA05_R01.txt,SA05,D03,1,0,validation,12500,12700,-1,2.2898762226104736,2.209465980529785
baseline,12451,618,SA05/D03_SA05_R01.txt,SA05,D03,1,0,validation,12600,12800,-1,2.2898762226104736,2.209465980529785
baseline,12453,618,SA05/D03_SA05_R01.txt,SA05,D03,1,0,validation,12800,13000,-1,2.350102663040161,2.209465980529785
baseline,12454,618,SA05/D03_SA05_R01.txt,SA05,D03,1,0,validation,12900,13100,-1,2.350102663040161,2.209465980529785
baseline,12458,618,SA05/D03_SA05_R01.txt,SA05,D03,1,0,validation,13300,13500,-1,2.2106428146362305,2.209465980529785
baseline,12459,618,SA05/D03_SA05_R01.txt,SA05,D03,1,0,validation,13400,13600,-1,2.2106428146362305,2.209465980529785
baseline,12462,618,SA05/D03_SA05_R01.txt,SA05,D03,1,0,validation,13700,13900,-1,2.2152695655822754,2.209465980529785
baseline,12463,618,SA05/D03_SA05_R01.txt,SA05,D03,1,0,validation,13800,14000,-1,2.2152695655822754,2.209465980529785
baseline,12489,618,SA05/D03_SA05_R01.txt,SA05,D03,1,0,validation,16400,16600,-1,2.2136645317077637,2.209465980529785
baseline,12490,618,SA05/D03_SA05_R01.txt,SA05,D03,1,0,validation,16500,16700,-1,2.2136645317077637,2.209465980529785
baseline,12496,618,SA05/D03_SA05_R01.txt,SA05,D03,1,0,validation,17100,17300,-1,2.3498969078063965,2.209465980529785
baseline,12497,618,SA05/D03_SA05_R01.txt,SA05,D03,1,0,validation,17200,17400,-1,2.3498969078063965,2.209465980529785
baseline,12498,618,SA05/D03_SA05_R01.txt,SA05,D03,1,0,validation,17300,17500,-1,2.346259117126465,2.209465980529785
baseline,12499,618,SA05/D03_SA05_R01.txt,SA05,D03,1,0,validation,17400,17600,-1,2.3122854232788086,2.209465980529785
baseline,12500,618,SA05/D03_SA05_R01.txt,SA05,D03,1,0,validation,17500,17700,-1,2.3122854232788086,2.209465980529785
baseline,12501,618,SA05/D03_SA05_R01.txt,SA05,D03,1,0,validation,17600,17800,-1,2.234121561050415,2.209465980529785
baseline,12502,618,SA05/D03_SA05_R01.txt,SA05,D03,1,0,validation,17700,17900,-1,2.2634027004241943,2.209465980529785
baseline,12503,618,SA05/D03_SA05_R01.txt,SA05,D03,1,0,validation,17800,18000,-1,2.2634027004241943,2.209465980529785
baseline,12504,618,SA05/D03_SA05_R01.txt,SA05,D03,1,0,validation,17900,18100,-1,2.3397910594940186,2.209465980529785
baseline,12505,618,SA05/D03_SA05_R01.txt,SA05,D03,1,0,validation,18000,18200,-1,2.3397910594940186,2.209465980529785
baseline,12506,618,SA05/D03_SA05_R01.txt,SA05,D03,1,0,validation,18100,18300,-1,2.240229606628418,2.209465980529785
baseline,12507,618,SA05/D03_SA05_R01.txt,SA05,D03,1,0,validation,18200,18400,-1,2.241349697113037,2.209465980529785
baseline,12508,618,SA05/D03_SA05_R01.txt,SA05,D03,1,0,validation,18300,18500,-1,2.3278589248657227,2.209465980529785
baseline,12509,618,SA05/D03_SA05_R01.txt,SA05,D03,1,0,validation,18400,18600,-1,2.3278589248657227,2.209465980529785
baseline,12512,618,SA05/D03_SA05_R01.txt,SA05,D03,1,0,validation,18700,18900,-1,2.281820774078369,2.209465980529785
baseline,12513,618,SA05/D03_SA05_R01.txt,SA05,D03,1,0,validation,18800,19000,-1,2.365969657897949,2.209465980529785
baseline,12514,618,SA05/D03_SA05_R01.txt,SA05,D03,1,0,validation,18900,19100,-1,2.365969657897949,2.209465980529785
baseline,12515,618,SA05/D03_SA05_R01.txt,SA05,D03,1,0,validation,19000,19200,-1,2.2892165184020996,2.209465980529785
baseline,12516,618,SA05/D03_SA05_R01.txt,SA05,D03,1,0,validation,19100,19300,-1,2.2892165184020996,2.209465980529785
baseline,12517,618,SA05/D03_SA05_R01.txt,SA05,D03,1,0,validation,19200,19400,-1,2.2961323261260986,2.209465980529785
baseline,12518,618,SA05/D03_SA05_R01.txt,SA05,D03,1,0,validation,19300,19500,-1,2.3908650875091553,2.209465980529785
baseline,12519,618,SA05/D03_SA05_R01.txt,SA05,D03,1,0,validation,19400,19600,-1,2.3908650875091553,2.209465980529785
baseline,12520,618,SA05/D03_SA05_R01.txt,SA05,D03,1,0,validation,19500,19700,-1,2.3421406745910645,2.209465980529785
baseline,12521,618,SA05/D03_SA05_R01.txt,SA05,D03,1,0,validation,19600,19800,-1,2.3421406745910645,2.209465980529785
baseline,12522,618,SA05/D03_SA05_R01.txt,SA05,D03,1,0,validation,19700,19900,-1,2.3010897636413574,2.209465980529785
baseline,12523,618,SA05/D03_SA05_R01.txt,SA05,D03,1,0,validation,19800,20000,-1,2.3306336402893066,2.209465980529785
baseline,12525,619,SA05/D04_SA05_R01.txt,SA05,D04,1,0,validation,100,300,-1,2.7932488918304443,2.209465980529785
baseline,12526,619,SA05/D04_SA05_R01.txt,SA05,D04,1,0,validation,200,400,-1,2.826570510864258,2.209465980529785
baseline,12527,619,SA05/D04_SA05_R01.txt,SA05,D04,1,0,validation,300,500,-1,3.02140474319458,2.209465980529785
baseline,12528,619,SA05/D04_SA05_R01.txt,SA05,D04,1,0,validation,400,600,-1,3.02140474319458,2.209465980529785
baseline,12529,619,SA05/D04_SA05_R01.txt,SA05,D04,1,0,validation,500,700,-1,3.1140217781066895,2.209465980529785
baseline,12530,619,SA05/D04_SA05_R01.txt,SA05,D04,1,0,validation,600,800,-1,3.1140217781066895,2.209465980529785
baseline,12531,619,SA05/D04_SA05_R01.txt,SA05,D04,1,0,validation,700,900,-1,3.0416829586029053,2.209465980529785
baseline,12532,619,SA05/D04_SA05_R01.txt,SA05,D04,1,0,validation,800,1000,-1,3.157269239425659,2.209465980529785
baseline,12533,619,SA05/D04_SA05_R01.txt,SA05,D04,1,0,validation,900,1100,-1,3.157269239425659,2.209465980529785
baseline,12534,619,SA05/D04_SA05_R01.txt,SA05,D04,1,0,validation,1000,1200,-1,3.104442834854126,2.209465980529785
baseline,12535,619,SA05/D04_SA05_R01.txt,SA05,D04,1,0,validation,1100,1300,-1,3.1118931770324707,2.209465980529785
baseline,12536,619,SA05/D04_SA05_R01.txt,SA05,D04,1,0,validation,1200,1400,-1,3.1118931770324707,2.209465980529785
baseline,12537,619,SA05/D04_SA05_R01.txt,SA05,D04,1,0,validation,1300,1500,-1,3.063465118408203,2.209465980529785
baseline,12538,619,SA05/D04_SA05_R01.txt,SA05,D04,1,0,validation,1400,1600,-1,3.0673584938049316,2.209465980529785
baseline,12539,619,SA05/D04_SA05_R01.txt,SA05,D04,1,0,validation,1500,1700,-1,3.0673584938049316,2.209465980529785
baseline,12540,619,SA05/D04_SA05_R01.txt,SA05,D04,1,0,validation,1600,1800,-1,2.8168416023254395,2.209465980529785
baseline,12541,619,SA05/D04_SA05_R01.txt,SA05,D04,1,0,validation,1700,1900,-1,2.787698745727539,2.209465980529785
baseline,12542,619,SA05/D04_SA05_R01.txt,SA05,D04,1,0,validation,1800,2000,-1,2.787698745727539,2.209465980529785
baseline,12543,619,SA05/D04_SA05_R01.txt,SA05,D04,1,0,validation,1900,2100,-1,2.679619789123535,2.209465980529785
baseline,12544,619,SA05/D04_SA05_R01.txt,SA05,D04,1,0,validation,2000,2200,-1,2.781817674636841,2.209465980529785
baseline,12545,619,SA05/D04_SA05_R01.txt,SA05,D04,1,0,validation,2100,2300,-1,3.00917911529541,2.209465980529785
baseline,12546,619,SA05/D04_SA05_R01.txt,SA05,D04,1,0,validation,2200,2400,-1,3.00917911529541,2.209465980529785
baseline,12547,619,SA05/D04_SA05_R01.txt,SA05,D04,1,0,validation,2300,2500,-1,3.0185954570770264,2.209465980529785
baseline,12548,619,SA05/D04_SA05_R01.txt,SA05,D04,1,0,validation,2400,2600,-1,3.0259335041046143,2.209465980529785
baseline,12549,619,SA05/D04_SA05_R01.txt,SA05,D04,1,0,validation,2500,2700,-1,3.0259335041046143,2.209465980529785
baseline,12550,619,SA05/D04_SA05_R01.txt,SA05,D04,1,0,validation,2600,2800,-1,2.864210844039917,2.209465980529785
baseline,12551,619,SA05/D04_SA05_R01.txt,SA05,D04,1,0,validation,2700,2900,-1,3.14892840385437,2.209465980529785
baseline,12552,619,SA05/D04_SA05_R01.txt,SA05,D04,1,0,validation,2800,3000,-1,3.14892840385437,2.209465980529785
baseline,12553,619,SA05/D04_SA05_R01.txt,SA05,D04,1,0,validation,2900,3100,-1,3.2319791316986084,2.209465980529785
baseline,12554,619,SA05/D04_SA05_R01.txt,SA05,D04,1,0,validation,3000,3200,-1,3.2319791316986084,2.209465980529785
baseline,12555,619,SA05/D04_SA05_R01.txt,SA05,D04,1,0,validation,3100,3300,-1,3.0290608406066895,2.209465980529785
baseline,12556,619,SA05/D04_SA05_R01.txt,SA05,D04,1,0,validation,3200,3400,-1,3.074425458908081,2.209465980529785
baseline,12557,619,SA05/D04_SA05_R01.txt,SA05,D04,1,0,validation,3300,3500,-1,3.2204697132110596,2.209465980529785
baseline,12558,619,SA05/D04_SA05_R01.txt,SA05,D04,1,0,validation,3400,3600,-1,3.2204697132110596,2.209465980529785
baseline,12559,619,SA05/D04_SA05_R01.txt,SA05,D04,1,0,validation,3500,3700,-1,3.1217422485351562,2.209465980529785
baseline,12560,619,SA05/D04_SA05_R01.txt,SA05,D04,1,0,validation,3600,3800,-1,3.1217422485351562,2.209465980529785
baseline,12561,619,SA05/D04_SA05_R01.txt,SA05,D04,1,0,validation,3700,3900,-1,2.9829330444335938,2.209465980529785
baseline,12562,619,SA05/D04_SA05_R01.txt,SA05,D04,1,0,validation,3800,4000,-1,2.6939003467559814,2.209465980529785
baseline,12563,619,SA05/D04_SA05_R01.txt,SA05,D04,1,0,validation,3900,4100,-1,2.8944008350372314,2.209465980529785
baseline,12564,619,SA05/D04_SA05_R01.txt,SA05,D04,1,0,validation,4000,4200,-1,2.8944008350372314,2.209465980529785
baseline,12565,619,SA05/D04_SA05_R01.txt,SA05,D04,1,0,validation,4100,4300,-1,2.9765594005584717,2.209465980529785
baseline,12566,619,SA05/D04_SA05_R01.txt,SA05,D04,1,0,validation,4200,4400,-1,3.0143685340881348,2.209465980529785
baseline,12567,619,SA05/D04_SA05_R01.txt,SA05,D04,1,0,validation,4300,4500,-1,3.0143685340881348,2.209465980529785
baseline,12568,619,SA05/D04_SA05_R01.txt,SA05,D04,1,0,validation,4400,4600,-1,2.9752368927001953,2.209465980529785
baseline,12569,619,SA05/D04_SA05_R01.txt,SA05,D04,1,0,validation,4500,4700,-1,2.9752368927001953,2.209465980529785
baseline,12570,619,SA05/D04_SA05_R01.txt,SA05,D04,1,0,validation,4600,4800,-1,2.9226131439208984,2.209465980529785
baseline,12571,619,SA05/D04_SA05_R01.txt,SA05,D04,1,0,validation,4700,4900,-1,2.948188304901123,2.209465980529785
baseline,12572,619,SA05/D04_SA05_R01.txt,SA05,D04,1,0,validation,4800,5000,-1,2.948188304901123,2.209465980529785
baseline,12573,619,SA05/D04_SA05_R01.txt,SA05,D04,1,0,validation,4900,5100,-1,2.8097455501556396,2.209465980529785
baseline,12574,619,SA05/D04_SA05_R01.txt,SA05,D04,1,0,validation,5000,5200,-1,2.7711479663848877,2.209465980529785
baseline,12575,619,SA05/D04_SA05_R01.txt,SA05,D04,1,0,validation,5100,5300,-1,2.930288791656494,2.209465980529785
baseline,12576,619,SA05/D04_SA05_R01.txt,SA05,D04,1,0,validation,5200,5400,-1,2.930288791656494,2.209465980529785
baseline,12577,619,SA05/D04_SA05_R01.txt,SA05,D04,1,0,validation,5300,5500,-1,2.812687873840332,2.209465980529785
baseline,12578,619,SA05/D04_SA05_R01.txt,SA05,D04,1,0,validation,5400,5600,-1,2.9603216648101807,2.209465980529785
baseline,12579,619,SA05/D04_SA05_R01.txt,SA05,D04,1,0,validation,5500,5700,-1,2.9603216648101807,2.209465980529785
baseline,12580,619,SA05/D04_SA05_R01.txt,SA05,D04,1,0,validation,5600,5800,-1,3.0754616260528564,2.209465980529785
baseline,12581,619,SA05/D04_SA05_R01.txt,SA05,D04,1,0,validation,5700,5900,-1,3.0754616260528564,2.209465980529785
baseline,12582,619,SA05/D04_SA05_R01.txt,SA05,D04,1,0,validation,5800,6000,-1,2.9874775409698486,2.209465980529785
baseline,12583,619,SA05/D04_SA05_R01.txt,SA05,D04,1,0,validation,5900,6100,-1,2.9087865352630615,2.209465980529785
baseline,12584,619,SA05/D04_SA05_R01.txt,SA05,D04,1,0,validation,6000,6200,-1,3.078612804412842,2.209465980529785
baseline,12585,619,SA05/D04_SA05_R01.txt,SA05,D04,1,0,validation,6100,6300,-1,3.078612804412842,2.209465980529785
baseline,12586,619,SA05/D04_SA05_R01.txt,SA05,D04,1,0,validation,6200,6400,-1,2.811741828918457,2.209465980529785
baseline,12587,619,SA05/D04_SA05_R01.txt,SA05,D04,1,0,validation,6300,6500,-1,2.811741828918457,2.209465980529785
baseline,12588,619,SA05/D04_SA05_R01.txt,SA05,D04,1,0,validation,6400,6600,-1,2.699711322784424,2.209465980529785
baseline,12589,619,SA05/D04_SA05_R01.txt,SA05,D04,1,0,validation,6500,6700,-1,2.7300565242767334,2.209465980529785
baseline,12590,619,SA05/D04_SA05_R01.txt,SA05,D04,1,0,validation,6600,6800,-1,2.7300565242767334,2.209465980529785
baseline,12591,619,SA05/D04_SA05_R01.txt,SA05,D04,1,0,validation,6700,6900,-1,2.7021214962005615,2.209465980529785
baseline,12592,619,SA05/D04_SA05_R01.txt,SA05,D04,1,0,validation,6800,7000,-1,2.8283333778381348,2.209465980529785
baseline,12593,619,SA05/D04_SA05_R01.txt,SA05,D04,1,0,validation,6900,7100,-1,2.8283333778381348,2.209465980529785
baseline,12594,619,SA05/D04_SA05_R01.txt,SA05,D04,1,0,validation,7000,7200,-1,3.168461799621582,2.209465980529785
baseline,12595,619,SA05/D04_SA05_R01.txt,SA05,D04,1,0,validation,7100,7300,-1,3.168461799621582,2.209465980529785
baseline,12596,619,SA05/D04_SA05_R01.txt,SA05,D04,1,0,validation,7200,7400,-1,2.908498525619507,2.209465980529785
baseline,12597,619,SA05/D04_SA05_R01.txt,SA05,D04,1,0,validation,7300,7500,-1,3.148482084274292,2.209465980529785
baseline,12598,619,SA05/D04_SA05_R01.txt,SA05,D04,1,0,validation,7400,7600,-1,3.148482084274292,2.209465980529785
baseline,12599,619,SA05/D04_SA05_R01.txt,SA05,D04,1,0,validation,7500,7700,-1,3.0859053134918213,2.209465980529785
baseline,12600,619,SA05/D04_SA05_R01.txt,SA05,D04,1,0,validation,7600,7800,-1,3.118720293045044,2.209465980529785
baseline,12601,619,SA05/D04_SA05_R01.txt,SA05,D04,1,0,validation,7700,7900,-1,3.118720293045044,2.209465980529785
baseline,12602,619,SA05/D04_SA05_R01.txt,SA05,D04,1,0,validation,7800,8000,-1,3.1076290607452393,2.209465980529785
baseline,12603,619,SA05/D04_SA05_R01.txt,SA05,D04,1,0,validation,7900,8100,-1,3.17041277885437,2.209465980529785
baseline,12604,619,SA05/D04_SA05_R01.txt,SA05,D04,1,0,validation,8000,8200,-1,3.17041277885437,2.209465980529785
baseline,12605,619,SA05/D04_SA05_R01.txt,SA05,D04,1,0,validation,8100,8300,-1,3.0625903606414795,2.209465980529785
baseline,12606,619,SA05/D04_SA05_R01.txt,SA05,D04,1,0,validation,8200,8400,-1,3.080838203430176,2.209465980529785
baseline,12607,619,SA05/D04_SA05_R01.txt,SA05,D04,1,0,validation,8300,8500,-1,3.080838203430176,2.209465980529785
baseline,12608,619,SA05/D04_SA05_R01.txt,SA05,D04,1,0,validation,8400,8600,-1,2.8831896781921387,2.209465980529785
baseline,12609,619,SA05/D04_SA05_R01.txt,SA05,D04,1,0,validation,8500,8700,-1,2.8831896781921387,2.209465980529785
baseline,12610,619,SA05/D04_SA05_R01.txt,SA05,D04,1,0,validation,8600,8800,-1,2.7685396671295166,2.209465980529785
baseline,12611,619,SA05/D04_SA05_R01.txt,SA05,D04,1,0,validation,8700,8900,-1,2.7502174377441406,2.209465980529785
baseline,12612,619,SA05/D04_SA05_R01.txt,SA05,D04,1,0,validation,8800,9000,-1,2.9441211223602295,2.209465980529785
baseline,12613,619,SA05/D04_SA05_R01.txt,SA05,D04,1,0,validation,8900,9100,-1,2.9441211223602295,2.209465980529785
baseline,12614,619,SA05/D04_SA05_R01.txt,SA05,D04,1,0,validation,9000,9200,-1,3.278506278991699,2.209465980529785
baseline,12615,619,SA05/D04_SA05_R01.txt,SA05,D04,1,0,validation,9100,9300,-1,3.278506278991699,2.209465980529785
baseline,12616,619,SA05/D04_SA05_R01.txt,SA05,D04,1,0,validation,9200,9400,-1,3.248762607574463,2.209465980529785
baseline,12617,619,SA05/D04_SA05_R01.txt,SA05,D04,1,0,validation,9300,9500,-1,3.248762607574463,2.209465980529785
baseline,12618,619,SA05/D04_SA05_R01.txt,SA05,D04,1,0,validation,9400,9600,-1,3.1129109859466553,2.209465980529785
baseline,12619,619,SA05/D04_SA05_R01.txt,SA05,D04,1,0,validation,9500,9700,-1,3.0172555446624756,2.209465980529785
baseline,12620,619,SA05/D04_SA05_R01.txt,SA05,D04,1,0,validation,9600,9800,-1,3.0172555446624756,2.209465980529785
baseline,12621,619,SA05/D04_SA05_R01.txt,SA05,D04,1,0,validation,9700,9900,-1,2.960206985473633,2.209465980529785
baseline,12622,619,SA05/D04_SA05_R01.txt,SA05,D04,1,0,validation,9800,10000,-1,3.0796704292297363,2.209465980529785
baseline,12623,619,SA05/D04_SA05_R01.txt,SA05,D04,1,0,validation,9900,10100,-1,3.2359848022460938,2.209465980529785
baseline,12624,619,SA05/D04_SA05_R01.txt,SA05,D04,1,0,validation,10000,10200,-1,3.2359848022460938,2.209465980529785
baseline,12625,619,SA05/D04_SA05_R01.txt,SA05,D04,1,0,validation,10100,10300,-1,3.159306287765503,2.209465980529785
baseline,12626,619,SA05/D04_SA05_R01.txt,SA05,D04,1,0,validation,10200,10400,-1,3.202552556991577,2.209465980529785
baseline,12627,619,SA05/D04_SA05_R01.txt,SA05,D04,1,0,validation,10300,10500,-1,3.202552556991577,2.209465980529785
baseline,12628,619,SA05/D04_SA05_R01.txt,SA05,D04,1,0,validation,10400,10600,-1,3.0828685760498047,2.209465980529785
baseline,12629,619,SA05/D04_SA05_R01.txt,SA05,D04,1,0,validation,10500,10700,-1,3.0828685760498047,2.209465980529785
baseline,12630,619,SA05/D04_SA05_R01.txt,SA05,D04,1,0,validation,10600,10800,-1,3.0321614742279053,2.209465980529785
baseline,12631,619,SA05/D04_SA05_R01.txt,SA05,D04,1,0,validation,10700,10900,-1,3.1145527362823486,2.209465980529785
baseline,12632,619,SA05/D04_SA05_R01.txt,SA05,D04,1,0,validation,10800,11000,-1,3.1145527362823486,2.209465980529785
baseline,12633,619,SA05/D04_SA05_R01.txt,SA05,D04,1,0,validation,10900,11100,-1,3.0531766414642334,2.209465980529785
baseline,12634,619,SA05/D04_SA05_R01.txt,SA05,D04,1,0,validation,11000,11200,-1,2.748181104660034,2.209465980529785
baseline,12635,619,SA05/D04_SA05_R01.txt,SA05,D04,1,0,validation,11100,11300,-1,2.802138090133667,2.209465980529785
baseline,12636,619,SA05/D04_SA05_R01.txt,SA05,D04,1,0,validation,11200,11400,-1,2.8146698474884033,2.209465980529785
baseline,12637,619,SA05/D04_SA05_R01.txt,SA05,D04,1,0,validation,11300,11500,-1,3.1093332767486572,2.209465980529785
baseline,12638,619,SA05/D04_SA05_R01.txt,SA05,D04,1,0,validation,11400,11600,-1,3.1093332767486572,2.209465980529785
baseline,12639,619,SA05/D04_SA05_R01.txt,SA05,D04,1,0,validation,11500,11700,-1,3.285788059234619,2.209465980529785
baseline,12640,619,SA05/D04_SA05_R01.txt,SA05,D04,1,0,validation,11600,11800,-1,3.285788059234619,2.209465980529785
baseline,12641,619,SA05/D04_SA05_R01.txt,SA05,D04,1,0,validation,11700,11900,-1,3.083235740661621,2.209465980529785
baseline,12642,619,SA05/D04_SA05_R01.txt,SA05,D04,1,0,validation,11800,12000,-1,3.1448447704315186,2.209465980529785
baseline,12643,619,SA05/D04_SA05_R01.txt,SA05,D04,1,0,validation,11900,12100,-1,3.1448447704315186,2.209465980529785
baseline,12644,619,SA05/D04_SA05_R01.txt,SA05,D04,1,0,validation,12000,12200,-1,3.144488573074341,2.209465980529785
baseline,12645,619,SA05/D04_SA05_R01.txt,SA05,D04,1,0,validation,12100,12300,-1,3.167815923690796,2.209465980529785
baseline,12646,619,SA05/D04_SA05_R01.txt,SA05,D04,1,0,validation,12200,12400,-1,3.167815923690796,2.209465980529785
baseline,12647,619,SA05/D04_SA05_R01.txt,SA05,D04,1,0,validation,12300,12500,-1,3.098676919937134,2.209465980529785
baseline,12648,619,SA05/D04_SA05_R01.txt,SA05,D04,1,0,validation,12400,12600,-1,3.1012978553771973,2.209465980529785
baseline,12649,619,SA05/D04_SA05_R01.txt,SA05,D04,1,0,validation,12500,12700,-1,3.1012978553771973,2.209465980529785
baseline,12650,619,SA05/D04_SA05_R01.txt,SA05,D04,1,0,validation,12600,12800,-1,3.125807285308838,2.209465980529785
baseline,12651,619,SA05/D04_SA05_R01.txt,SA05,D04,1,0,validation,12700,12900,-1,3.239022731781006,2.209465980529785
baseline,12652,619,SA05/D04_SA05_R01.txt,SA05,D04,1,0,validation,12800,13000,-1,3.239022731781006,2.209465980529785
baseline,12653,619,SA05/D04_SA05_R01.txt,SA05,D04,1,0,validation,12900,13100,-1,2.8236825466156006,2.209465980529785
baseline,12654,619,SA05/D04_SA05_R01.txt,SA05,D04,1,0,validation,13000,13200,-1,2.9825925827026367,2.209465980529785
baseline,12655,619,SA05/D04_SA05_R01.txt,SA05,D04,1,0,validation,13100,13300,-1,2.9825925827026367,2.209465980529785
baseline,12656,619,SA05/D04_SA05_R01.txt,SA05,D04,1,0,validation,13200,13400,-1,2.8429269790649414,2.209465980529785
baseline,12657,619,SA05/D04_SA05_R01.txt,SA05,D04,1,0,validation,13300,13500,-1,2.8429269790649414,2.209465980529785
baseline,12658,619,SA05/D04_SA05_R01.txt,SA05,D04,1,0,validation,13400,13600,-1,2.888929605484009,2.209465980529785
baseline,12659,619,SA05/D04_SA05_R01.txt,SA05,D04,1,0,validation,13500,13700,-1,3.2170026302337646,2.209465980529785
baseline,12660,619,SA05/D04_SA05_R01.txt,SA05,D04,1,0,validation,13600,13800,-1,3.2170026302337646,2.209465980529785
baseline,12661,619,SA05/D04_SA05_R01.txt,SA05,D04,1,0,validation,13700,13900,-1,3.0620689392089844,2.209465980529785
baseline,12662,619,SA05/D04_SA05_R01.txt,SA05,D04,1,0,validation,13800,14000,-1,3.284649610519409,2.209465980529785
baseline,12663,619,SA05/D04_SA05_R01.txt,SA05,D04,1,0,validation,13900,14100,-1,3.284649610519409,2.209465980529785
baseline,12664,619,SA05/D04_SA05_R01.txt,SA05,D04,1,0,validation,14000,14200,-1,3.173729658126831,2.209465980529785
baseline,12665,619,SA05/D04_SA05_R01.txt,SA05,D04,1,0,validation,14100,14300,-1,3.210787296295166,2.209465980529785
baseline,12666,619,SA05/D04_SA05_R01.txt,SA05,D04,1,0,validation,14200,14400,-1,3.210787296295166,2.209465980529785
baseline,12667,619,SA05/D04_SA05_R01.txt,SA05,D04,1,0,validation,14300,14500,-1,3.457000255584717,2.209465980529785
baseline,12668,619,SA05/D04_SA05_R01.txt,SA05,D04,1,0,validation,14400,14600,-1,3.457000255584717,2.209465980529785
baseline,12669,619,SA05/D04_SA05_R01.txt,SA05,D04,1,0,validation,14500,14700,-1,3.234048366546631,2.209465980529785
baseline,12670,619,SA05/D04_SA05_R01.txt,SA05,D04,1,0,validation,14600,14800,-1,3.234048366546631,2.209465980529785
baseline,12671,619,SA05/D04_SA05_R01.txt,SA05,D04,1,0,validation,14700,14900,-1,3.144395589828491,2.209465980529785
baseline,12672,619,SA05/D04_SA05_R01.txt,SA05,D04,1,0,validation,14800,15000,-1,3.1885902881622314,2.209465980529785
baseline,12673,619,SA05/D04_SA05_R01.txt,SA05,D04,1,0,validation,14900,15100,-1,3.1885902881622314,2.209465980529785
baseline,12674,619,SA05/D04_SA05_R01.txt,SA05,D04,1,0,validation,15000,15200,-1,3.1600751876831055,2.209465980529785
baseline,12675,619,SA05/D04_SA05_R01.txt,SA05,D04,1,0,validation,15100,15300,-1,3.1984622478485107,2.209465980529785
baseline,12676,619,SA05/D04_SA05_R01.txt,SA05,D04,1,0,validation,15200,15400,-1,3.1984622478485107,2.209465980529785
baseline,12677,619,SA05/D04_SA05_R01.txt,SA05,D04,1,0,validation,15300,15500,-1,2.9148664474487305,2.209465980529785
baseline,12678,619,SA05/D04_SA05_R01.txt,SA05,D04,1,0,validation,15400,15600,-1,2.878110885620117,2.209465980529785
baseline,12679,619,SA05/D04_SA05_R01.txt,SA05,D04,1,0,validation,15500,15700,-1,2.8759617805480957,2.209465980529785
baseline,12680,619,SA05/D04_SA05_R01.txt,SA05,D04,1,0,validation,15600,15800,-1,2.979008197784424,2.209465980529785
baseline,12681,619,SA05/D04_SA05_R01.txt,SA05,D04,1,0,validation,15700,15900,-1,3.0281484127044678,2.209465980529785
baseline,12682,619,SA05/D04_SA05_R01.txt,SA05,D04,1,0,validation,15800,16000,-1,3.052415609359741,2.209465980529785
baseline,12683,619,SA05/D04_SA05_R01.txt,SA05,D04,1,0,validation,15900,16100,-1,3.2489545345306396,2.209465980529785
baseline,12684,619,SA05/D04_SA05_R01.txt,SA05,D04,1,0,validation,16000,16200,-1,3.2489545345306396,2.209465980529785
baseline,12685,619,SA05/D04_SA05_R01.txt,SA05,D04,1,0,validation,16100,16300,-1,3.269510269165039,2.209465980529785
baseline,12686,619,SA05/D04_SA05_R01.txt,SA05,D04,1,0,validation,16200,16400,-1,3.269510269165039,2.209465980529785
baseline,12687,619,SA05/D04_SA05_R01.txt,SA05,D04,1,0,validation,16300,16500,-1,3.2111639976501465,2.209465980529785
baseline,12688,619,SA05/D04_SA05_R01.txt,SA05,D04,1,0,validation,16400,16600,-1,3.400980234146118,2.209465980529785
baseline,12689,619,SA05/D04_SA05_R01.txt,SA05,D04,1,0,validation,16500,16700,-1,3.400980234146118,2.209465980529785
baseline,12690,619,SA05/D04_SA05_R01.txt,SA05,D04,1,0,validation,16600,16800,-1,3.301861524581909,2.209465980529785
baseline,12691,619,SA05/D04_SA05_R01.txt,SA05,D04,1,0,validation,16700,16900,-1,3.1759018898010254,2.209465980529785
baseline,12692,619,SA05/D04_SA05_R01.txt,SA05,D04,1,0,validation,16800,17000,-1,3.2500734329223633,2.209465980529785
baseline,12693,619,SA05/D04_SA05_R01.txt,SA05,D04,1,0,validation,16900,17100,-1,3.2500734329223633,2.209465980529785
baseline,12694,619,SA05/D04_SA05_R01.txt,SA05,D04,1,0,validation,17000,17200,-1,3.2235612869262695,2.209465980529785
baseline,12695,619,SA05/D04_SA05_R01.txt,SA05,D04,1,0,validation,17100,17300,-1,3.0783531665802,2.209465980529785
baseline,12696,619,SA05/D04_SA05_R01.txt,SA05,D04,1,0,validation,17200,17400,-1,3.1140828132629395,2.209465980529785
baseline,12697,619,SA05/D04_SA05_R01.txt,SA05,D04,1,0,validation,17300,17500,-1,3.1140828132629395,2.209465980529785
baseline,12698,619,SA05/D04_SA05_R01.txt,SA05,D04,1,0,validation,17400,17600,-1,3.0189781188964844,2.209465980529785
baseline,12699,619,SA05/D04_SA05_R01.txt,SA05,D04,1,0,validation,17500,17700,-1,3.107793092727661,2.209465980529785
baseline,12700,619,SA05/D04_SA05_R01.txt,SA05,D04,1,0,validation,17600,17800,-1,3.107793092727661,2.209465980529785
baseline,12701,619,SA05/D04_SA05_R01.txt,SA05,D04,1,0,validation,17700,17900,-1,2.9247992038726807,2.209465980529785
baseline,12702,619,SA05/D04_SA05_R01.txt,SA05,D04,1,0,validation,17800,18000,-1,3.0846095085144043,2.209465980529785
baseline,12703,619,SA05/D04_SA05_R01.txt,SA05,D04,1,0,validation,17900,18100,-1,3.0846095085144043,2.209465980529785
baseline,12704,619,SA05/D04_SA05_R01.txt,SA05,D04,1,0,validation,18000,18200,-1,3.192474126815796,2.209465980529785
baseline,12705,619,SA05/D04_SA05_R01.txt,SA05,D04,1,0,validation,18100,18300,-1,3.192474126815796,2.209465980529785
baseline,12706,619,SA05/D04_SA05_R01.txt,SA05,D04,1,0,validation,18200,18400,-1,3.1612071990966797,2.209465980529785
baseline,12707,619,SA05/D04_SA05_R01.txt,SA05,D04,1,0,validation,18300,18500,-1,3.1044578552246094,2.209465980529785
baseline,12708,619,SA05/D04_SA05_R01.txt,SA05,D04,1,0,validation,18400,18600,-1,3.2154462337493896,2.209465980529785
baseline,12709,619,SA05/D04_SA05_R01.txt,SA05,D04,1,0,validation,18500,18700,-1,3.2154462337493896,2.209465980529785
baseline,12710,619,SA05/D04_SA05_R01.txt,SA05,D04,1,0,validation,18600,18800,-1,3.007056951522827,2.209465980529785
baseline,12711,619,SA05/D04_SA05_R01.txt,SA05,D04,1,0,validation,18700,18900,-1,3.007056951522827,2.209465980529785
baseline,12712,619,SA05/D04_SA05_R01.txt,SA05,D04,1,0,validation,18800,19000,-1,2.976071834564209,2.209465980529785
baseline,12713,619,SA05/D04_SA05_R01.txt,SA05,D04,1,0,validation,18900,19100,-1,3.125986099243164,2.209465980529785
baseline,12714,619,SA05/D04_SA05_R01.txt,SA05,D04,1,0,validation,19000,19200,-1,3.205662250518799,2.209465980529785
baseline,12715,619,SA05/D04_SA05_R01.txt,SA05,D04,1,0,validation,19100,19300,-1,3.205662250518799,2.209465980529785
baseline,12716,619,SA05/D04_SA05_R01.txt,SA05,D04,1,0,validation,19200,19400,-1,3.0867185592651367,2.209465980529785
baseline,12717,619,SA05/D04_SA05_R01.txt,SA05,D04,1,0,validation,19300,19500,-1,3.0867185592651367,2.209465980529785
baseline,12718,619,SA05/D04_SA05_R01.txt,SA05,D04,1,0,validation,19400,19600,-1,3.1468281745910645,2.209465980529785
baseline,12719,619,SA05/D04_SA05_R01.txt,SA05,D04,1,0,validation,19500,19700,-1,3.1468281745910645,2.209465980529785
baseline,12720,619,SA05/D04_SA05_R01.txt,SA05,D04,1,0,validation,19600,19800,-1,3.125002145767212,2.209465980529785
baseline,12721,619,SA05/D04_SA05_R01.txt,SA05,D04,1,0,validation,19700,19900,-1,3.0205724239349365,2.209465980529785
baseline,12722,619,SA05/D04_SA05_R01.txt,SA05,D04,1,0,validation,19800,20000,-1,3.0205724239349365,2.209465980529785
baseline,12974,625,SA05/D06_SA05_R01.txt,SA05,D06,1,0,validation,600,800,-1,2.880443811416626,2.209465980529785
baseline,12975,625,SA05/D06_SA05_R01.txt,SA05,D06,1,0,validation,700,900,-1,2.880443811416626,2.209465980529785
baseline,12976,625,SA05/D06_SA05_R01.txt,SA05,D06,1,0,validation,800,1000,-1,2.9571425914764404,2.209465980529785
baseline,12977,625,SA05/D06_SA05_R01.txt,SA05,D06,1,0,validation,900,1100,-1,2.9571425914764404,2.209465980529785
baseline,12978,625,SA05/D06_SA05_R01.txt,SA05,D06,1,0,validation,1000,1200,-1,2.7169482707977295,2.209465980529785
baseline,12979,625,SA05/D06_SA05_R01.txt,SA05,D06,1,0,validation,1100,1300,-1,2.5188040733337402,2.209465980529785
baseline,12985,625,SA05/D06_SA05_R01.txt,SA05,D06,1,0,validation,1700,1900,-1,2.490837812423706,2.209465980529785
baseline,12986,625,SA05/D06_SA05_R01.txt,SA05,D06,1,0,validation,1800,2000,-1,2.490837812423706,2.209465980529785
baseline,12988,625,SA05/D06_SA05_R01.txt,SA05,D06,1,0,validation,2000,2200,-1,2.3478291034698486,2.209465980529785
baseline,12989,625,SA05/D06_SA05_R01.txt,SA05,D06,1,0,validation,2100,2300,-1,2.3478291034698486,2.209465980529785
baseline,13024,626,SA05/D06_SA05_R02.txt,SA05,D06,2,0,validation,800,1000,-1,3.080216646194458,2.209465980529785
baseline,13025,626,SA05/D06_SA05_R02.txt,SA05,D06,2,0,validation,900,1100,-1,3.080216646194458,2.209465980529785
baseline,13026,626,SA05/D06_SA05_R02.txt,SA05,D06,2,0,validation,1000,1200,-1,2.891087770462036,2.209465980529785
baseline,13027,626,SA05/D06_SA05_R02.txt,SA05,D06,2,0,validation,1100,1300,-1,2.9106054306030273,2.209465980529785
baseline,13028,626,SA05/D06_SA05_R02.txt,SA05,D06,2,0,validation,1200,1400,-1,2.9106054306030273,2.209465980529785
baseline,13029,626,SA05/D06_SA05_R02.txt,SA05,D06,2,0,validation,1300,1500,-1,2.645664930343628,2.209465980529785
baseline,13071,627,SA05/D06_SA05_R03.txt,SA05,D06,3,0,validation,600,800,-1,2.622797727584839,2.209465980529785
baseline,13072,627,SA05/D06_SA05_R03.txt,SA05,D06,3,0,validation,700,900,-1,3.0906155109405518,2.209465980529785
baseline,13073,627,SA05/D06_SA05_R03.txt,SA05,D06,3,0,validation,800,1000,-1,3.155517578125,2.209465980529785
baseline,13074,627,SA05/D06_SA05_R03.txt,SA05,D06,3,0,validation,900,1100,-1,3.155517578125,2.209465980529785
baseline,13075,627,SA05/D06_SA05_R03.txt,SA05,D06,3,0,validation,1000,1200,-1,3.010082244873047,2.209465980529785
baseline,13076,627,SA05/D06_SA05_R03.txt,SA05,D06,3,0,validation,1100,1300,-1,2.777726650238037,2.209465980529785
baseline,13077,627,SA05/D06_SA05_R03.txt,SA05,D06,3,0,validation,1200,1400,-1,2.777726650238037,2.209465980529785
baseline,13121,628,SA05/D06_SA05_R04.txt,SA05,D06,4,0,validation,700,900,-1,3.2448389530181885,2.209465980529785
baseline,13122,628,SA05/D06_SA05_R04.txt,SA05,D06,4,0,validation,800,1000,-1,3.2448389530181885,2.209465980529785
baseline,13123,628,SA05/D06_SA05_R04.txt,SA05,D06,4,0,validation,900,1100,-1,3.1038360595703125,2.209465980529785
baseline,13124,628,SA05/D06_SA05_R04.txt,SA05,D06,4,0,validation,1000,1200,-1,2.7958736419677734,2.209465980529785
baseline,13125,628,SA05/D06_SA05_R04.txt,SA05,D06,4,0,validation,1100,1300,-1,2.8009417057037354,2.209465980529785
baseline,13126,628,SA05/D06_SA05_R04.txt,SA05,D06,4,0,validation,1200,1400,-1,2.8009417057037354,2.209465980529785
baseline,13171,629,SA05/D06_SA05_R05.txt,SA05,D06,5,0,validation,800,1000,-1,2.754739999771118,2.209465980529785
baseline,13172,629,SA05/D06_SA05_R05.txt,SA05,D06,5,0,validation,900,1100,-1,3.111999988555908,2.209465980529785
baseline,13173,629,SA05/D06_SA05_R05.txt,SA05,D06,5,0,validation,1000,1200,-1,3.111999988555908,2.209465980529785
baseline,13174,629,SA05/D06_SA05_R05.txt,SA05,D06,5,0,validation,1100,1300,-1,2.8228659629821777,2.209465980529785
baseline,13175,629,SA05/D06_SA05_R05.txt,SA05,D06,5,0,validation,1200,1400,-1,2.898041248321533,2.209465980529785
baseline,13176,629,SA05/D06_SA05_R05.txt,SA05,D06,5,0,validation,1300,1500,-1,2.898041248321533,2.209465980529785
baseline,13701,651,SA05/D11_SA05_R02.txt,SA05,D11,2,0,validation,700,900,-1,2.3415913581848145,2.209465980529785
baseline,13702,651,SA05/D11_SA05_R02.txt,SA05,D11,2,0,validation,800,1000,-1,2.3415913581848145,2.209465980529785
baseline,13703,651,SA05/D11_SA05_R02.txt,SA05,D11,2,0,validation,900,1100,-1,2.2873871326446533,2.209465980529785
baseline,13724,652,SA05/D11_SA05_R03.txt,SA05,D11,3,0,validation,700,900,-1,2.290879011154175,2.209465980529785
baseline,13725,652,SA05/D11_SA05_R03.txt,SA05,D11,3,0,validation,800,1000,-1,2.290879011154175,2.209465980529785
baseline,13772,654,SA05/D11_SA05_R05.txt,SA05,D11,5,0,validation,900,1100,-1,2.2174930572509766,2.209465980529785
baseline,13773,654,SA05/D11_SA05_R05.txt,SA05,D11,5,0,validation,1000,1200,-1,2.2174930572509766,2.209465980529785
baseline,14615,685,SA05/D18_SA05_R01.txt,SA05,D18,1,0,validation,1100,1300,-1,2.2799267768859863,2.209465980529785
baseline,14616,685,SA05/D18_SA05_R01.txt,SA05,D18,1,0,validation,1200,1400,-1,2.2799267768859863,2.209465980529785
baseline,14637,686,SA05/D18_SA05_R02.txt,SA05,D18,2,0,validation,1000,1200,-1,2.3555192947387695,2.209465980529785
baseline,14638,686,SA05/D18_SA05_R02.txt,SA05,D18,2,0,validation,1100,1300,-1,2.3710315227508545,2.209465980529785
baseline,14639,686,SA05/D18_SA05_R02.txt,SA05,D18,2,0,validation,1200,1400,-1,2.3710315227508545,2.209465980529785
baseline,14663,687,SA05/D18_SA05_R03.txt,SA05,D18,3,0,validation,1300,1500,-1,2.215392589569092,2.209465980529785
baseline,14664,687,SA05/D18_SA05_R03.txt,SA05,D18,3,0,validation,1400,1600,-1,2.215392589569092,2.209465980529785
baseline,14685,688,SA05/D18_SA05_R04.txt,SA05,D18,4,0,validation,1200,1400,-1,2.422866106033325,2.209465980529785
baseline,14686,688,SA05/D18_SA05_R04.txt,SA05,D18,4,0,validation,1300,1500,-1,2.5084736347198486,2.209465980529785
baseline,14687,688,SA05/D18_SA05_R04.txt,SA05,D18,4,0,validation,1400,1600,-1,2.5084736347198486,2.209465980529785
baseline,14706,689,SA05/D18_SA05_R05.txt,SA05,D18,5,0,validation,1000,1200,-1,2.6171369552612305,2.209465980529785
baseline,14707,689,SA05/D18_SA05_R05.txt,SA05,D18,5,0,validation,1100,1300,-1,2.6171369552612305,2.209465980529785
baseline,14708,689,SA05/D18_SA05_R05.txt,SA05,D18,5,0,validation,1200,1400,-1,2.4197793006896973,2.209465980529785
baseline,14722,690,SA05/D19_SA05_R01.txt,SA05,D19,1,0,validation,300,500,-1,3.159865140914917,2.209465980529785
baseline,14723,690,SA05/D19_SA05_R01.txt,SA05,D19,1,0,validation,400,600,-1,3.159865140914917,2.209465980529785
baseline,14724,690,SA05/D19_SA05_R01.txt,SA05,D19,1,0,validation,500,700,-1,2.779923439025879,2.209465980529785
baseline,14725,690,SA05/D19_SA05_R01.txt,SA05,D19,1,0,validation,600,800,-1,2.286418914794922,2.209465980529785
baseline,14728,690,SA05/D19_SA05_R01.txt,SA05,D19,1,0,validation,900,1100,-1,3.3177149295806885,2.209465980529785
baseline,14729,690,SA05/D19_SA05_R01.txt,SA05,D19,1,0,validation,1000,1200,-1,3.3177149295806885,2.209465980529785
baseline,14730,690,SA05/D19_SA05_R01.txt,SA05,D19,1,0,validation,1100,1300,-1,3.0508296489715576,2.209465980529785
baseline,14745,691,SA05/D19_SA05_R02.txt,SA05,D19,2,0,validation,300,500,-1,2.9057512283325195,2.209465980529785
baseline,14746,691,SA05/D19_SA05_R02.txt,SA05,D19,2,0,validation,400,600,-1,3.1378304958343506,2.209465980529785
baseline,14747,691,SA05/D19_SA05_R02.txt,SA05,D19,2,0,validation,500,700,-1,3.1378304958343506,2.209465980529785
baseline,14748,691,SA05/D19_SA05_R02.txt,SA05,D19,2,0,validation,600,800,-1,2.765761375427246,2.209465980529785
baseline,14752,691,SA05/D19_SA05_R02.txt,SA05,D19,2,0,validation,1000,1200,-1,3.365659236907959,2.209465980529785
baseline,14753,691,SA05/D19_SA05_R02.txt,SA05,D19,2,0,validation,1100,1300,-1,3.365659236907959,2.209465980529785
baseline,14754,691,SA05/D19_SA05_R02.txt,SA05,D19,2,0,validation,1200,1400,-1,3.1308107376098633,2.209465980529785
baseline,14766,692,SA05/D19_SA05_R03.txt,SA05,D19,3,0,validation,100,300,-1,3.1102383136749268,2.209465980529785
baseline,14767,692,SA05/D19_SA05_R03.txt,SA05,D19,3,0,validation,200,400,-1,3.1684277057647705,2.209465980529785
baseline,14768,692,SA05/D19_SA05_R03.txt,SA05,D19,3,0,validation,300,500,-1,3.1684277057647705,2.209465980529785
baseline,14769,692,SA05/D19_SA05_R03.txt,SA05,D19,3,0,validation,400,600,-1,2.7789580821990967,2.209465980529785
baseline,14772,692,SA05/D19_SA05_R03.txt,SA05,D19,3,0,validation,700,900,-1,3.1508336067199707,2.209465980529785
baseline,14773,692,SA05/D19_SA05_R03.txt,SA05,D19,3,0,validation,800,1000,-1,3.1508336067199707,2.209465980529785
baseline,14774,692,SA05/D19_SA05_R03.txt,SA05,D19,3,0,validation,900,1100,-1,3.0991833209991455,2.209465980529785
baseline,14775,692,SA05/D19_SA05_R03.txt,SA05,D19,3,0,validation,1000,1200,-1,2.3365039825439453,2.209465980529785
baseline,14792,693,SA05/D19_SA05_R04.txt,SA05,D19,4,0,validation,400,600,-1,3.0992722511291504,2.209465980529785
baseline,14793,693,SA05/D19_SA05_R04.txt,SA05,D19,4,0,validation,500,700,-1,3.208632230758667,2.209465980529785
baseline,14794,693,SA05/D19_SA05_R04.txt,SA05,D19,4,0,validation,600,800,-1,3.208632230758667,2.209465980529785
baseline,14797,693,SA05/D19_SA05_R04.txt,SA05,D19,4,0,validation,900,1100,-1,2.6097261905670166,2.209465980529785
baseline,14798,693,SA05/D19_SA05_R04.txt,SA05,D19,4,0,validation,1000,1200,-1,3.179431915283203,2.209465980529785
baseline,14799,693,SA05/D19_SA05_R04.txt,SA05,D19,4,0,validation,1100,1300,-1,3.179431915283203,2.209465980529785
baseline,14800,693,SA05/D19_SA05_R04.txt,SA05,D19,4,0,validation,1200,1400,-1,3.1388261318206787,2.209465980529785
baseline,14815,694,SA05/D19_SA05_R05.txt,SA05,D19,5,0,validation,400,600,-1,3.0909175872802734,2.209465980529785
baseline,14816,694,SA05/D19_SA05_R05.txt,SA05,D19,5,0,validation,500,700,-1,3.0909175872802734,2.209465980529785
baseline,14817,694,SA05/D19_SA05_R05.txt,SA05,D19,5,0,validation,600,800,-1,3.1880669593811035,2.209465980529785
baseline,14818,694,SA05/D19_SA05_R05.txt,SA05,D19,5,0,validation,700,900,-1,3.1880669593811035,2.209465980529785
baseline,14823,694,SA05/D19_SA05_R05.txt,SA05,D19,5,0,validation,1200,1400,-1,2.453277587890625,2.209465980529785
baseline,14824,694,SA05/D19_SA05_R05.txt,SA05,D19,5,0,validation,1300,1500,-1,3.1914472579956055,2.209465980529785
baseline,14825,694,SA05/D19_SA05_R05.txt,SA05,D19,5,0,validation,1400,1600,-1,3.1914472579956055,2.209465980529785
baseline,14826,694,SA05/D19_SA05_R05.txt,SA05,D19,5,0,validation,1500,1700,-1,2.7587428092956543,2.209465980529785
baseline,14866,727,SA05/F07_SA05_R03.txt,SA05,F07,3,1,validation,1340,1540,1440,2.122614860534668,2.209465980529785
baseline,14887,748,SA05/F11_SA05_R04.txt,SA05,F11,4,1,validation,1300,1500,1400,1.9385942220687866,2.209465980529785
baseline,14890,751,SA05/F12_SA05_R02.txt,SA05,F12,2,1,validation,1492,1692,1592,2.091736316680908,2.209465980529785
baseline,14894,755,SA05/F13_SA05_R01.txt,SA05,F13,1,1,validation,1084,1284,1184,1.1583393812179565,2.209465980529785
baseline,14895,756,SA05/F13_SA05_R02.txt,SA05,F13,2,1,validation,1463,1663,1563,1.6113616228103638,2.209465980529785
baseline,14896,757,SA05/F13_SA05_R03.txt,SA05,F13,3,1,validation,1333,1533,1433,2.1515564918518066,2.209465980529785
baseline,14897,758,SA05/F13_SA05_R04.txt,SA05,F13,4,1,validation,1018,1218,1118,1.398394227027893,2.209465980529785
baseline,14898,759,SA05/F13_SA05_R05.txt,SA05,F13,5,1,validation,1297,1497,1397,1.7573000192642212,2.209465980529785
baseline,21277,1080,SA08/D03_SA08_R01.txt,SA08,D03,1,0,validation,1700,1900,-1,2.2154700756073,2.209465980529785
baseline,21278,1080,SA08/D03_SA08_R01.txt,SA08,D03,1,0,validation,1800,2000,-1,2.2154700756073,2.209465980529785
baseline,21460,1081,SA08/D04_SA08_R01.txt,SA08,D04,1,0,validation,100,300,-1,2.3085365295410156,2.209465980529785
baseline,21461,1081,SA08/D04_SA08_R01.txt,SA08,D04,1,0,validation,200,400,-1,2.3085365295410156,2.209465980529785
baseline,21462,1081,SA08/D04_SA08_R01.txt,SA08,D04,1,0,validation,300,500,-1,2.2950737476348877,2.209465980529785
baseline,21464,1081,SA08/D04_SA08_R01.txt,SA08,D04,1,0,validation,500,700,-1,2.269270181655884,2.209465980529785
baseline,21465,1081,SA08/D04_SA08_R01.txt,SA08,D04,1,0,validation,600,800,-1,2.269270181655884,2.209465980529785
baseline,21466,1081,SA08/D04_SA08_R01.txt,SA08,D04,1,0,validation,700,900,-1,2.259730577468872,2.209465980529785
baseline,21467,1081,SA08/D04_SA08_R01.txt,SA08,D04,1,0,validation,800,1000,-1,2.221909761428833,2.209465980529785
baseline,21468,1081,SA08/D04_SA08_R01.txt,SA08,D04,1,0,validation,900,1100,-1,2.302623748779297,2.209465980529785
baseline,21469,1081,SA08/D04_SA08_R01.txt,SA08,D04,1,0,validation,1000,1200,-1,2.302623748779297,2.209465980529785
baseline,21470,1081,SA08/D04_SA08_R01.txt,SA08,D04,1,0,validation,1100,1300,-1,2.264666795730591,2.209465980529785
baseline,21471,1081,SA08/D04_SA08_R01.txt,SA08,D04,1,0,validation,1200,1400,-1,2.22658634185791,2.209465980529785
baseline,21475,1081,SA08/D04_SA08_R01.txt,SA08,D04,1,0,validation,1600,1800,-1,2.2825820446014404,2.209465980529785
baseline,21476,1081,SA08/D04_SA08_R01.txt,SA08,D04,1,0,validation,1700,1900,-1,2.2825820446014404,2.209465980529785
baseline,21477,1081,SA08/D04_SA08_R01.txt,SA08,D04,1,0,validation,1800,2000,-1,2.294069766998291,2.209465980529785
baseline,21478,1081,SA08/D04_SA08_R01.txt,SA08,D04,1,0,validation,1900,2100,-1,2.375615119934082,2.209465980529785
baseline,21479,1081,SA08/D04_SA08_R01.txt,SA08,D04,1,0,validation,2000,2200,-1,2.375615119934082,2.209465980529785
baseline,21480,1081,SA08/D04_SA08_R01.txt,SA08,D04,1,0,validation,2100,2300,-1,2.37823748588562,2.209465980529785
baseline,21481,1081,SA08/D04_SA08_R01.txt,SA08,D04,1,0,validation,2200,2400,-1,2.37823748588562,2.209465980529785
baseline,21482,1081,SA08/D04_SA08_R01.txt,SA08,D04,1,0,validation,2300,2500,-1,2.293055772781372,2.209465980529785
baseline,21483,1081,SA08/D04_SA08_R01.txt,SA08,D04,1,0,validation,2400,2600,-1,2.287320375442505,2.209465980529785
baseline,21484,1081,SA08/D04_SA08_R01.txt,SA08,D04,1,0,validation,2500,2700,-1,2.2102301120758057,2.209465980529785
baseline,21487,1081,SA08/D04_SA08_R01.txt,SA08,D04,1,0,validation,2800,3000,-1,2.4294583797454834,2.209465980529785
baseline,21488,1081,SA08/D04_SA08_R01.txt,SA08,D04,1,0,validation,2900,3100,-1,2.4294583797454834,2.209465980529785
baseline,21489,1081,SA08/D04_SA08_R01.txt,SA08,D04,1,0,validation,3000,3200,-1,2.3217170238494873,2.209465980529785
baseline,21490,1081,SA08/D04_SA08_R01.txt,SA08,D04,1,0,validation,3100,3300,-1,2.3217170238494873,2.209465980529785
baseline,21491,1081,SA08/D04_SA08_R01.txt,SA08,D04,1,0,validation,3200,3400,-1,2.2939460277557373,2.209465980529785
baseline,21492,1081,SA08/D04_SA08_R01.txt,SA08,D04,1,0,validation,3300,3500,-1,2.255800485610962,2.209465980529785
baseline,21493,1081,SA08/D04_SA08_R01.txt,SA08,D04,1,0,validation,3400,3600,-1,2.2844316959381104,2.209465980529785
baseline,21494,1081,SA08/D04_SA08_R01.txt,SA08,D04,1,0,validation,3500,3700,-1,2.3637585639953613,2.209465980529785
baseline,21495,1081,SA08/D04_SA08_R01.txt,SA08,D04,1,0,validation,3600,3800,-1,2.3637585639953613,2.209465980529785
baseline,21500,1081,SA08/D04_SA08_R01.txt,SA08,D04,1,0,validation,4100,4300,-1,2.259491443634033,2.209465980529785
baseline,21501,1081,SA08/D04_SA08_R01.txt,SA08,D04,1,0,validation,4200,4400,-1,2.259491443634033,2.209465980529785
baseline,21502,1081,SA08/D04_SA08_R01.txt,SA08,D04,1,0,validation,4300,4500,-1,2.29659366607666,2.209465980529785
baseline,21503,1081,SA08/D04_SA08_R01.txt,SA08,D04,1,0,validation,4400,4600,-1,2.29659366607666,2.209465980529785
baseline,21504,1081,SA08/D04_SA08_R01.txt,SA08,D04,1,0,validation,4500,4700,-1,2.222829818725586,2.209465980529785
baseline,21506,1081,SA08/D04_SA08_R01.txt,SA08,D04,1,0,validation,4700,4900,-1,2.296403408050537,2.209465980529785
baseline,21507,1081,SA08/D04_SA08_R01.txt,SA08,D04,1,0,validation,4800,5000,-1,2.296403408050537,2.209465980529785
baseline,21508,1081,SA08/D04_SA08_R01.txt,SA08,D04,1,0,validation,4900,5100,-1,2.2895922660827637,2.209465980529785
baseline,21517,1081,SA08/D04_SA08_R01.txt,SA08,D04,1,0,validation,5800,6000,-1,2.2851037979125977,2.209465980529785
baseline,21518,1081,SA08/D04_SA08_R01.txt,SA08,D04,1,0,validation,5900,6100,-1,2.2851037979125977,2.209465980529785
baseline,21522,1081,SA08/D04_SA08_R01.txt,SA08,D04,1,0,validation,6300,6500,-1,2.23422908782959,2.209465980529785
baseline,21523,1081,SA08/D04_SA08_R01.txt,SA08,D04,1,0,validation,6400,6600,-1,2.23422908782959,2.209465980529785
baseline,21524,1081,SA08/D04_SA08_R01.txt,SA08,D04,1,0,validation,6500,6700,-1,2.210317611694336,2.209465980529785
baseline,21531,1081,SA08/D04_SA08_R01.txt,SA08,D04,1,0,validation,7200,7400,-1,2.226526975631714,2.209465980529785
baseline,21532,1081,SA08/D04_SA08_R01.txt,SA08,D04,1,0,validation,7300,7500,-1,2.226526975631714,2.209465980529785
baseline,21540,1081,SA08/D04_SA08_R01.txt,SA08,D04,1,0,validation,8100,8300,-1,2.2362945079803467,2.209465980529785
baseline,21541,1081,SA08/D04_SA08_R01.txt,SA08,D04,1,0,validation,8200,8400,-1,2.2362945079803467,2.209465980529785
baseline,21553,1081,SA08/D04_SA08_R01.txt,SA08,D04,1,0,validation,9400,9600,-1,2.2101099491119385,2.209465980529785
baseline,21554,1081,SA08/D04_SA08_R01.txt,SA08,D04,1,0,validation,9500,9700,-1,2.2483432292938232,2.209465980529785
baseline,21555,1081,SA08/D04_SA08_R01.txt,SA08,D04,1,0,validation,9600,9800,-1,2.291109800338745,2.209465980529785
baseline,21556,1081,SA08/D04_SA08_R01.txt,SA08,D04,1,0,validation,9700,9900,-1,2.291109800338745,2.209465980529785
baseline,21557,1081,SA08/D04_SA08_R01.txt,SA08,D04,1,0,validation,9800,10000,-1,2.5380940437316895,2.209465980529785
baseline,21558,1081,SA08/D04_SA08_R01.txt,SA08,D04,1,0,validation,9900,10100,-1,2.597290515899658,2.209465980529785
baseline,21559,1081,SA08/D04_SA08_R01.txt,SA08,D04,1,0,validation,10000,10200,-1,2.597290515899658,2.209465980529785
baseline,21560,1081,SA08/D04_SA08_R01.txt,SA08,D04,1,0,validation,10100,10300,-1,2.5397260189056396,2.209465980529785
baseline,21561,1081,SA08/D04_SA08_R01.txt,SA08,D04,1,0,validation,10200,10400,-1,2.534491777420044,2.209465980529785
baseline,21562,1081,SA08/D04_SA08_R01.txt,SA08,D04,1,0,validation,10300,10500,-1,2.436122179031372,2.209465980529785
baseline,21563,1081,SA08/D04_SA08_R01.txt,SA08,D04,1,0,validation,10400,10600,-1,2.464124917984009,2.209465980529785
baseline,21564,1081,SA08/D04_SA08_R01.txt,SA08,D04,1,0,validation,10500,10700,-1,2.464124917984009,2.209465980529785
baseline,21565,1081,SA08/D04_SA08_R01.txt,SA08,D04,1,0,validation,10600,10800,-1,2.4488749504089355,2.209465980529785
baseline,21566,1081,SA08/D04_SA08_R01.txt,SA08,D04,1,0,validation,10700,10900,-1,2.3879973888397217,2.209465980529785
baseline,21567,1081,SA08/D04_SA08_R01.txt,SA08,D04,1,0,validation,10800,11000,-1,2.3879973888397217,2.209465980529785
baseline,21568,1081,SA08/D04_SA08_R01.txt,SA08,D04,1,0,validation,10900,11100,-1,2.5474092960357666,2.209465980529785
baseline,21569,1081,SA08/D04_SA08_R01.txt,SA08,D04,1,0,validation,11000,11200,-1,2.5474092960357666,2.209465980529785
baseline,21570,1081,SA08/D04_SA08_R01.txt,SA08,D04,1,0,validation,11100,11300,-1,2.3683557510375977,2.209465980529785
baseline,21571,1081,SA08/D04_SA08_R01.txt,SA08,D04,1,0,validation,11200,11400,-1,2.2533164024353027,2.209465980529785
baseline,21573,1081,SA08/D04_SA08_R01.txt,SA08,D04,1,0,validation,11400,11600,-1,2.227617025375366,2.209465980529785
baseline,21574,1081,SA08/D04_SA08_R01.txt,SA08,D04,1,0,validation,11500,11700,-1,2.227617025375366,2.209465980529785
baseline,21575,1081,SA08/D04_SA08_R01.txt,SA08,D04,1,0,validation,11600,11800,-1,2.3889718055725098,2.209465980529785
baseline,21576,1081,SA08/D04_SA08_R01.txt,SA08,D04,1,0,validation,11700,11900,-1,2.3889718055725098,2.209465980529785
baseline,21584,1081,SA08/D04_SA08_R01.txt,SA08,D04,1,0,validation,12500,12700,-1,2.2304258346557617,2.209465980529785
baseline,21585,1081,SA08/D04_SA08_R01.txt,SA08,D04,1,0,validation,12600,12800,-1,2.3478293418884277,2.209465980529785
baseline,21586,1081,SA08/D04_SA08_R01.txt,SA08,D04,1,0,validation,12700,12900,-1,2.3478293418884277,2.209465980529785
baseline,21587,1081,SA08/D04_SA08_R01.txt,SA08,D04,1,0,validation,12800,13000,-1,2.3026185035705566,2.209465980529785
baseline,21588,1081,SA08/D04_SA08_R01.txt,SA08,D04,1,0,validation,12900,13100,-1,2.283926010131836,2.209465980529785
baseline,21589,1081,SA08/D04_SA08_R01.txt,SA08,D04,1,0,validation,13000,13200,-1,2.283926010131836,2.209465980529785
baseline,21590,1081,SA08/D04_SA08_R01.txt,SA08,D04,1,0,validation,13100,13300,-1,2.258105516433716,2.209465980529785
baseline,21591,1081,SA08/D04_SA08_R01.txt,SA08,D04,1,0,validation,13200,13400,-1,2.258105516433716,2.209465980529785
baseline,21592,1081,SA08/D04_SA08_R01.txt,SA08,D04,1,0,validation,13300,13500,-1,2.3592846393585205,2.209465980529785
baseline,21593,1081,SA08/D04_SA08_R01.txt,SA08,D04,1,0,validation,13400,13600,-1,2.3841512203216553,2.209465980529785
baseline,21594,1081,SA08/D04_SA08_R01.txt,SA08,D04,1,0,validation,13500,13700,-1,2.3841512203216553,2.209465980529785
baseline,21595,1081,SA08/D04_SA08_R01.txt,SA08,D04,1,0,validation,13600,13800,-1,2.4089457988739014,2.209465980529785
baseline,21596,1081,SA08/D04_SA08_R01.txt,SA08,D04,1,0,validation,13700,13900,-1,2.4089457988739014,2.209465980529785
baseline,21597,1081,SA08/D04_SA08_R01.txt,SA08,D04,1,0,validation,13800,14000,-1,2.3850338459014893,2.209465980529785
baseline,21598,1081,SA08/D04_SA08_R01.txt,SA08,D04,1,0,validation,13900,14100,-1,2.3850338459014893,2.209465980529785
baseline,21600,1081,SA08/D04_SA08_R01.txt,SA08,D04,1,0,validation,14100,14300,-1,2.6055471897125244,2.209465980529785
baseline,21601,1081,SA08/D04_SA08_R01.txt,SA08,D04,1,0,validation,14200,14400,-1,2.6055471897125244,2.209465980529785
baseline,21602,1081,SA08/D04_SA08_R01.txt,SA08,D04,1,0,validation,14300,14500,-1,2.3362021446228027,2.209465980529785
baseline,21603,1081,SA08/D04_SA08_R01.txt,SA08,D04,1,0,validation,14400,14600,-1,2.3362021446228027,2.209465980529785
baseline,21604,1081,SA08/D04_SA08_R01.txt,SA08,D04,1,0,validation,14500,14700,-1,2.4091107845306396,2.209465980529785
baseline,21605,1081,SA08/D04_SA08_R01.txt,SA08,D04,1,0,validation,14600,14800,-1,2.4091107845306396,2.209465980529785
baseline,21606,1081,SA08/D04_SA08_R01.txt,SA08,D04,1,0,validation,14700,14900,-1,2.2923789024353027,2.209465980529785
baseline,21607,1081,SA08/D04_SA08_R01.txt,SA08,D04,1,0,validation,14800,15000,-1,2.3407063484191895,2.209465980529785
baseline,21608,1081,SA08/D04_SA08_R01.txt,SA08,D04,1,0,validation,14900,15100,-1,2.3407063484191895,2.209465980529785
baseline,21609,1081,SA08/D04_SA08_R01.txt,SA08,D04,1,0,validation,15000,15200,-1,2.2473371028900146,2.209465980529785
baseline,21610,1081,SA08/D04_SA08_R01.txt,SA08,D04,1,0,validation,15100,15300,-1,2.2473371028900146,2.209465980529785
baseline,21611,1081,SA08/D04_SA08_R01.txt,SA08,D04,1,0,validation,15200,15400,-1,2.291872024536133,2.209465980529785
baseline,21612,1081,SA08/D04_SA08_R01.txt,SA08,D04,1,0,validation,15300,15500,-1,2.291872024536133,2.209465980529785
baseline,21613,1081,SA08/D04_SA08_R01.txt,SA08,D04,1,0,validation,15400,15600,-1,2.3080637454986572,2.209465980529785
baseline,21614,1081,SA08/D04_SA08_R01.txt,SA08,D04,1,0,validation,15500,15700,-1,2.326847553253174,2.209465980529785
baseline,21615,1081,SA08/D04_SA08_R01.txt,SA08,D04,1,0,validation,15600,15800,-1,2.326847553253174,2.209465980529785
baseline,21616,1081,SA08/D04_SA08_R01.txt,SA08,D04,1,0,validation,15700,15900,-1,2.272146701812744,2.209465980529785
baseline,21617,1081,SA08/D04_SA08_R01.txt,SA08,D04,1,0,validation,15800,16000,-1,2.2617440223693848,2.209465980529785
baseline,21618,1081,SA08/D04_SA08_R01.txt,SA08,D04,1,0,validation,15900,16100,-1,2.2617440223693848,2.209465980529785
baseline,21619,1081,SA08/D04_SA08_R01.txt,SA08,D04,1,0,validation,16000,16200,-1,2.298043966293335,2.209465980529785
baseline,21620,1081,SA08/D04_SA08_R01.txt,SA08,D04,1,0,validation,16100,16300,-1,2.3170676231384277,2.209465980529785
baseline,21621,1081,SA08/D04_SA08_R01.txt,SA08,D04,1,0,validation,16200,16400,-1,2.413304090499878,2.209465980529785
baseline,21622,1081,SA08/D04_SA08_R01.txt,SA08,D04,1,0,validation,16300,16500,-1,2.413304090499878,2.209465980529785
baseline,21623,1081,SA08/D04_SA08_R01.txt,SA08,D04,1,0,validation,16400,16600,-1,2.3646907806396484,2.209465980529785
baseline,21624,1081,SA08/D04_SA08_R01.txt,SA08,D04,1,0,validation,16500,16700,-1,2.298248767852783,2.209465980529785
baseline,21625,1081,SA08/D04_SA08_R01.txt,SA08,D04,1,0,validation,16600,16800,-1,2.257188320159912,2.209465980529785
baseline,21626,1081,SA08/D04_SA08_R01.txt,SA08,D04,1,0,validation,16700,16900,-1,2.2161121368408203,2.209465980529785
baseline,21627,1081,SA08/D04_SA08_R01.txt,SA08,D04,1,0,validation,16800,17000,-1,2.227928400039673,2.209465980529785
baseline,21628,1081,SA08/D04_SA08_R01.txt,SA08,D04,1,0,validation,16900,17100,-1,2.2477903366088867,2.209465980529785
baseline,21629,1081,SA08/D04_SA08_R01.txt,SA08,D04,1,0,validation,17000,17200,-1,2.4929683208465576,2.209465980529785
baseline,21630,1081,SA08/D04_SA08_R01.txt,SA08,D04,1,0,validation,17100,17300,-1,2.4929683208465576,2.209465980529785
baseline,21631,1081,SA08/D04_SA08_R01.txt,SA08,D04,1,0,validation,17200,17400,-1,2.4357316493988037,2.209465980529785
baseline,21632,1081,SA08/D04_SA08_R01.txt,SA08,D04,1,0,validation,17300,17500,-1,2.2996933460235596,2.209465980529785
baseline,21633,1081,SA08/D04_SA08_R01.txt,SA08,D04,1,0,validation,17400,17600,-1,2.330634117126465,2.209465980529785
baseline,21634,1081,SA08/D04_SA08_R01.txt,SA08,D04,1,0,validation,17500,17700,-1,2.330634117126465,2.209465980529785
baseline,21636,1081,SA08/D04_SA08_R01.txt,SA08,D04,1,0,validation,17700,17900,-1,2.2927677631378174,2.209465980529785
baseline,21637,1081,SA08/D04_SA08_R01.txt,SA08,D04,1,0,validation,17800,18000,-1,2.2927677631378174,2.209465980529785
baseline,21638,1081,SA08/D04_SA08_R01.txt,SA08,D04,1,0,validation,17900,18100,-1,2.2644729614257812,2.209465980529785
baseline,21639,1081,SA08/D04_SA08_R01.txt,SA08,D04,1,0,validation,18000,18200,-1,2.4078023433685303,2.209465980529785
baseline,21640,1081,SA08/D04_SA08_R01.txt,SA08,D04,1,0,validation,18100,18300,-1,2.4078023433685303,2.209465980529785
baseline,21641,1081,SA08/D04_SA08_R01.txt,SA08,D04,1,0,validation,18200,18400,-1,2.3607959747314453,2.209465980529785
baseline,21642,1081,SA08/D04_SA08_R01.txt,SA08,D04,1,0,validation,18300,18500,-1,2.4637367725372314,2.209465980529785
baseline,21643,1081,SA08/D04_SA08_R01.txt,SA08,D04,1,0,validation,18400,18600,-1,2.4637367725372314,2.209465980529785
baseline,21644,1081,SA08/D04_SA08_R01.txt,SA08,D04,1,0,validation,18500,18700,-1,2.5201163291931152,2.209465980529785
baseline,21645,1081,SA08/D04_SA08_R01.txt,SA08,D04,1,0,validation,18600,18800,-1,2.5201163291931152,2.209465980529785
baseline,21646,1081,SA08/D04_SA08_R01.txt,SA08,D04,1,0,validation,18700,18900,-1,2.4073917865753174,2.209465980529785
baseline,21647,1081,SA08/D04_SA08_R01.txt,SA08,D04,1,0,validation,18800,19000,-1,2.4073917865753174,2.209465980529785
baseline,21648,1081,SA08/D04_SA08_R01.txt,SA08,D04,1,0,validation,18900,19100,-1,2.360410451889038,2.209465980529785
baseline,21649,1081,SA08/D04_SA08_R01.txt,SA08,D04,1,0,validation,19000,19200,-1,2.3216514587402344,2.209465980529785
baseline,21650,1081,SA08/D04_SA08_R01.txt,SA08,D04,1,0,validation,19100,19300,-1,2.332062244415283,2.209465980529785
baseline,21651,1081,SA08/D04_SA08_R01.txt,SA08,D04,1,0,validation,19200,19400,-1,2.332062244415283,2.209465980529785
baseline,21652,1081,SA08/D04_SA08_R01.txt,SA08,D04,1,0,validation,19300,19500,-1,2.2846405506134033,2.209465980529785
baseline,21654,1081,SA08/D04_SA08_R01.txt,SA08,D04,1,0,validation,19500,19700,-1,2.4636898040771484,2.209465980529785
baseline,21655,1081,SA08/D04_SA08_R01.txt,SA08,D04,1,0,validation,19600,19800,-1,2.4636898040771484,2.209465980529785
baseline,21656,1081,SA08/D04_SA08_R01.txt,SA08,D04,1,0,validation,19700,19900,-1,2.3537580966949463,2.209465980529785
baseline,21657,1081,SA08/D04_SA08_R01.txt,SA08,D04,1,0,validation,19800,20000,-1,2.3537580966949463,2.209465980529785
baseline,21904,1087,SA08/D06_SA08_R01.txt,SA08,D06,1,0,validation,100,300,-1,2.3497118949890137,2.209465980529785
baseline,21905,1087,SA08/D06_SA08_R01.txt,SA08,D06,1,0,validation,200,400,-1,3.084014654159546,2.209465980529785
baseline,21906,1087,SA08/D06_SA08_R01.txt,SA08,D06,1,0,validation,300,500,-1,3.1867518424987793,2.209465980529785
baseline,21907,1087,SA08/D06_SA08_R01.txt,SA08,D06,1,0,validation,400,600,-1,3.1867518424987793,2.209465980529785
baseline,21908,1087,SA08/D06_SA08_R01.txt,SA08,D06,1,0,validation,500,700,-1,2.9454357624053955,2.209465980529785
baseline,21909,1087,SA08/D06_SA08_R01.txt,SA08,D06,1,0,validation,600,800,-1,2.9454357624053955,2.209465980529785
baseline,21910,1087,SA08/D06_SA08_R01.txt,SA08,D06,1,0,validation,700,900,-1,2.8534281253814697,2.209465980529785
baseline,21917,1087,SA08/D06_SA08_R01.txt,SA08,D06,1,0,validation,1400,1600,-1,2.3813936710357666,2.209465980529785
baseline,21918,1087,SA08/D06_SA08_R01.txt,SA08,D06,1,0,validation,1500,1700,-1,2.3813936710357666,2.209465980529785
baseline,21919,1087,SA08/D06_SA08_R01.txt,SA08,D06,1,0,validation,1600,1800,-1,2.459810733795166,2.209465980529785
baseline,21920,1087,SA08/D06_SA08_R01.txt,SA08,D06,1,0,validation,1700,1900,-1,2.599504232406616,2.209465980529785
baseline,21921,1087,SA08/D06_SA08_R01.txt,SA08,D06,1,0,validation,1800,2000,-1,2.599504232406616,2.209465980529785
baseline,21922,1087,SA08/D06_SA08_R01.txt,SA08,D06,1,0,validation,1900,2100,-1,2.640326499938965,2.209465980529785
baseline,21923,1087,SA08/D06_SA08_R01.txt,SA08,D06,1,0,validation,2000,2200,-1,2.640326499938965,2.209465980529785
baseline,21952,1088,SA08/D06_SA08_R02.txt,SA08,D06,2,0,validation,100,300,-1,2.945509195327759,2.209465980529785
baseline,21953,1088,SA08/D06_SA08_R02.txt,SA08,D06,2,0,validation,200,400,-1,3.3364853858947754,2.209465980529785
baseline,21954,1088,SA08/D06_SA08_R02.txt,SA08,D06,2,0,validation,300,500,-1,3.3364853858947754,2.209465980529785
baseline,21955,1088,SA08/D06_SA08_R02.txt,SA08,D06,2,0,validation,400,600,-1,3.047020435333252,2.209465980529785
baseline,21956,1088,SA08/D06_SA08_R02.txt,SA08,D06,2,0,validation,500,700,-1,3.1832170486450195,2.209465980529785
baseline,21957,1088,SA08/D06_SA08_R02.txt,SA08,D06,2,0,validation,600,800,-1,3.1832170486450195,2.209465980529785
baseline,21964,1088,SA08/D06_SA08_R02.txt,SA08,D06,2,0,validation,1300,1500,-1,2.2669825553894043,2.209465980529785
baseline,21965,1088,SA08/D06_SA08_R02.txt,SA08,D06,2,0,validation,1400,1600,-1,2.5039961338043213,2.209465980529785
baseline,21966,1088,SA08/D06_SA08_R02.txt,SA08,D06,2,0,validation,1500,1700,-1,2.8752100467681885,2.209465980529785
baseline,21967,1088,SA08/D06_SA08_R02.txt,SA08,D06,2,0,validation,1600,1800,-1,2.8752100467681885,2.209465980529785
baseline,21968,1088,SA08/D06_SA08_R02.txt,SA08,D06,2,0,validation,1700,1900,-1,2.6822667121887207,2.209465980529785
baseline,21969,1088,SA08/D06_SA08_R02.txt,SA08,D06,2,0,validation,1800,2000,-1,2.660883665084839,2.209465980529785
baseline,21970,1088,SA08/D06_SA08_R02.txt,SA08,D06,2,0,validation,1900,2100,-1,2.660883665084839,2.209465980529785
baseline,22003,1089,SA08/D06_SA08_R03.txt,SA08,D06,3,0,validation,300,500,-1,2.406445026397705,2.209465980529785
baseline,22004,1089,SA08/D06_SA08_R03.txt,SA08,D06,3,0,validation,400,600,-1,3.415827989578247,2.209465980529785
baseline,22005,1089,SA08/D06_SA08_R03.txt,SA08,D06,3,0,validation,500,700,-1,3.415827989578247,2.209465980529785
baseline,22006,1089,SA08/D06_SA08_R03.txt,SA08,D06,3,0,validation,600,800,-1,3.136289358139038,2.209465980529785
baseline,22007,1089,SA08/D06_SA08_R03.txt,SA08,D06,3,0,validation,700,900,-1,2.902139186859131,2.209465980529785
baseline,22008,1089,SA08/D06_SA08_R03.txt,SA08,D06,3,0,validation,800,1000,-1,2.902139186859131,2.209465980529785
baseline,22009,1089,SA08/D06_SA08_R03.txt,SA08,D06,3,0,validation,900,1100,-1,2.5423154830932617,2.209465980529785
baseline,22017,1089,SA08/D06_SA08_R03.txt,SA08,D06,3,0,validation,1700,1900,-1,2.6043701171875,2.209465980529785
baseline,22018,1089,SA08/D06_SA08_R03.txt,SA08,D06,3,0,validation,1800,2000,-1,2.698119640350342,2.209465980529785
baseline,22019,1089,SA08/D06_SA08_R03.txt,SA08,D06,3,0,validation,1900,2100,-1,2.698119640350342,2.209465980529785
baseline,22020,1089,SA08/D06_SA08_R03.txt,SA08,D06,3,0,validation,2000,2200,-1,2.6161246299743652,2.209465980529785
baseline,22021,1089,SA08/D06_SA08_R03.txt,SA08,D06,3,0,validation,2100,2300,-1,2.420365571975708,2.209465980529785
baseline,22022,1089,SA08/D06_SA08_R03.txt,SA08,D06,3,0,validation,2200,2400,-1,2.420365571975708,2.209465980529785
baseline,22055,1090,SA08/D06_SA08_R04.txt,SA08,D06,4,0,validation,600,800,-1,2.339545488357544,2.209465980529785
baseline,22056,1090,SA08/D06_SA08_R04.txt,SA08,D06,4,0,validation,700,900,-1,2.948380947113037,2.209465980529785
baseline,22057,1090,SA08/D06_SA08_R04.txt,SA08,D06,4,0,validation,800,1000,-1,3.043159246444702,2.209465980529785
baseline,22058,1090,SA08/D06_SA08_R04.txt,SA08,D06,4,0,validation,900,1100,-1,3.4802119731903076,2.209465980529785
baseline,22059,1090,SA08/D06_SA08_R04.txt,SA08,D06,4,0,validation,1000,1200,-1,3.4802119731903076,2.209465980529785
baseline,22060,1090,SA08/D06_SA08_R04.txt,SA08,D06,4,0,validation,1100,1300,-1,3.2631547451019287,2.209465980529785
baseline,22061,1090,SA08/D06_SA08_R04.txt,SA08,D06,4,0,validation,1200,1400,-1,2.939478874206543,2.209465980529785
baseline,22062,1090,SA08/D06_SA08_R04.txt,SA08,D06,4,0,validation,1300,1500,-1,2.698643684387207,2.209465980529785
baseline,22072,1090,SA08/D06_SA08_R04.txt,SA08,D06,4,0,validation,2300,2500,-1,2.585075855255127,2.209465980529785
baseline,22073,1090,SA08/D06_SA08_R04.txt,SA08,D06,4,0,validation,2400,2600,-1,2.585075855255127,2.209465980529785
baseline,22074,1090,SA08/D06_SA08_R04.txt,SA08,D06,4,0,validation,2500,2700,-1,2.7026681900024414,2.209465980529785
baseline,22075,1090,SA08/D06_SA08_R04.txt,SA08,D06,4,0,validation,2600,2800,-1,2.7026681900024414,2.209465980529785
baseline,22076,1090,SA08/D06_SA08_R04.txt,SA08,D06,4,0,validation,2700,2900,-1,2.673396587371826,2.209465980529785
baseline,22077,1090,SA08/D06_SA08_R04.txt,SA08,D06,4,0,validation,2800,3000,-1,2.6482794284820557,2.209465980529785
baseline,22103,1091,SA08/D06_SA08_R05.txt,SA08,D06,5,0,validation,500,700,-1,2.8267829418182373,2.209465980529785
baseline,22104,1091,SA08/D06_SA08_R05.txt,SA08,D06,5,0,validation,600,800,-1,2.9621238708496094,2.209465980529785
baseline,22105,1091,SA08/D06_SA08_R05.txt,SA08,D06,5,0,validation,700,900,-1,3.4255659580230713,2.209465980529785
baseline,22106,1091,SA08/D06_SA08_R05.txt,SA08,D06,5,0,validation,800,1000,-1,3.4255659580230713,2.209465980529785
baseline,22107,1091,SA08/D06_SA08_R05.txt,SA08,D06,5,0,validation,900,1100,-1,2.9683849811553955,2.209465980529785
baseline,22108,1091,SA08/D06_SA08_R05.txt,SA08,D06,5,0,validation,1000,1200,-1,2.9683849811553955,2.209465980529785
baseline,22109,1091,SA08/D06_SA08_R05.txt,SA08,D06,5,0,validation,1100,1300,-1,2.5794448852539062,2.209465980529785
baseline,22118,1091,SA08/D06_SA08_R05.txt,SA08,D06,5,0,validation,2000,2200,-1,2.5894007682800293,2.209465980529785
baseline,22119,1091,SA08/D06_SA08_R05.txt,SA08,D06,5,0,validation,2100,2300,-1,2.6031789779663086,2.209465980529785
baseline,22120,1091,SA08/D06_SA08_R05.txt,SA08,D06,5,0,validation,2200,2400,-1,2.6031789779663086,2.209465980529785
baseline,22121,1091,SA08/D06_SA08_R05.txt,SA08,D06,5,0,validation,2300,2500,-1,2.4086289405822754,2.209465980529785
baseline,22641,1113,SA08/D11_SA08_R02.txt,SA08,D11,2,0,validation,1300,1500,-1,2.2756712436676025,2.209465980529785
baseline,22642,1113,SA08/D11_SA08_R02.txt,SA08,D11,2,0,validation,1400,1600,-1,2.2756712436676025,2.209465980529785
baseline,23544,1147,SA08/D18_SA08_R01.txt,SA08,D18,1,0,validation,600,800,-1,2.6032891273498535,2.209465980529785
baseline,23545,1147,SA08/D18_SA08_R01.txt,SA08,D18,1,0,validation,700,900,-1,2.6032891273498535,2.209465980529785
baseline,23566,1148,SA08/D18_SA08_R02.txt,SA08,D18,2,0,validation,500,700,-1,2.647850513458252,2.209465980529785
baseline,23567,1148,SA08/D18_SA08_R02.txt,SA08,D18,2,0,validation,600,800,-1,2.647850513458252,2.209465980529785
baseline,23590,1149,SA08/D18_SA08_R03.txt,SA08,D18,3,0,validation,600,800,-1,2.4589526653289795,2.209465980529785
baseline,23591,1149,SA08/D18_SA08_R03.txt,SA08,D18,3,0,validation,700,900,-1,2.4589526653289795,2.209465980529785
baseline,23615,1150,SA08/D18_SA08_R04.txt,SA08,D18,4,0,validation,800,1000,-1,2.6714673042297363,2.209465980529785
baseline,23616,1150,SA08/D18_SA08_R04.txt,SA08,D18,4,0,validation,900,1100,-1,2.6714673042297363,2.209465980529785
baseline,23637,1151,SA08/D18_SA08_R05.txt,SA08,D18,5,0,validation,700,900,-1,2.3436832427978516,2.209465980529785
baseline,23638,1151,SA08/D18_SA08_R05.txt,SA08,D18,5,0,validation,800,1000,-1,2.5279831886291504,2.209465980529785
baseline,23639,1151,SA08/D18_SA08_R05.txt,SA08,D18,5,0,validation,900,1100,-1,2.5279831886291504,2.209465980529785
baseline,23655,1152,SA08/D19_SA08_R01.txt,SA08,D19,1,0,validation,200,400,-1,3.36407208442688,2.209465980529785
baseline,23656,1152,SA08/D19_SA08_R01.txt,SA08,D19,1,0,validation,300,500,-1,3.36407208442688,2.209465980529785
baseline,23657,1152,SA08/D19_SA08_R01.txt,SA08,D19,1,0,validation,400,600,-1,2.950281858444214,2.209465980529785
baseline,23663,1152,SA08/D19_SA08_R01.txt,SA08,D19,1,0,validation,1000,1200,-1,3.219263792037964,2.209465980529785
baseline,23664,1152,SA08/D19_SA08_R01.txt,SA08,D19,1,0,validation,1100,1300,-1,3.219263792037964,2.209465980529785
baseline,23665,1152,SA08/D19_SA08_R01.txt,SA08,D19,1,0,validation,1200,1400,-1,3.031219720840454,2.209465980529785
baseline,23680,1153,SA08/D19_SA08_R02.txt,SA08,D19,2,0,validation,400,600,-1,3.318955421447754,2.209465980529785
baseline,23681,1153,SA08/D19_SA08_R02.txt,SA08,D19,2,0,validation,500,700,-1,3.318955421447754,2.209465980529785
baseline,23682,1153,SA08/D19_SA08_R02.txt,SA08,D19,2,0,validation,600,800,-1,2.95647931098938,2.209465980529785
baseline,23683,1153,SA08/D19_SA08_R02.txt,SA08,D19,2,0,validation,700,900,-1,2.95647931098938,2.209465980529785
baseline,23689,1153,SA08/D19_SA08_R02.txt,SA08,D19,2,0,validation,1300,1500,-1,2.677938938140869,2.209465980529785
baseline,23690,1153,SA08/D19_SA08_R02.txt,SA08,D19,2,0,validation,1400,1600,-1,3.585775375366211,2.209465980529785
baseline,23691,1153,SA08/D19_SA08_R02.txt,SA08,D19,2,0,validation,1500,1700,-1,3.585775375366211,2.209465980529785
baseline,23692,1153,SA08/D19_SA08_R02.txt,SA08,D19,2,0,validation,1600,1800,-1,2.964016914367676,2.209465980529785
baseline,23703,1154,SA08/D19_SA08_R03.txt,SA08,D19,3,0,validation,400,600,-1,3.485858917236328,2.209465980529785
baseline,23704,1154,SA08/D19_SA08_R03.txt,SA08,D19,3,0,validation,500,700,-1,3.485858917236328,2.209465980529785
baseline,23705,1154,SA08/D19_SA08_R03.txt,SA08,D19,3,0,validation,600,800,-1,2.9438796043395996,2.209465980529785
baseline,23710,1154,SA08/D19_SA08_R03.txt,SA08,D19,3,0,validation,1100,1300,-1,3.2268524169921875,2.209465980529785
baseline,23711,1154,SA08/D19_SA08_R03.txt,SA08,D19,3,0,validation,1200,1400,-1,3.2268524169921875,2.209465980529785
baseline,23712,1154,SA08/D19_SA08_R03.txt,SA08,D19,3,0,validation,1300,1500,-1,2.9002299308776855,2.209465980529785
baseline,23725,1155,SA08/D19_SA08_R04.txt,SA08,D19,4,0,validation,300,500,-1,3.3984289169311523,2.209465980529785
baseline,23726,1155,SA08/D19_SA08_R04.txt,SA08,D19,4,0,validation,400,600,-1,3.3984289169311523,2.209465980529785
baseline,23727,1155,SA08/D19_SA08_R04.txt,SA08,D19,4,0,validation,500,700,-1,2.9616761207580566,2.209465980529785
baseline,23733,1155,SA08/D19_SA08_R04.txt,SA08,D19,4,0,validation,1100,1300,-1,3.466747760772705,2.209465980529785
baseline,23734,1155,SA08/D19_SA08_R04.txt,SA08,D19,4,0,validation,1200,1400,-1,3.466747760772705,2.209465980529785
baseline,23735,1155,SA08/D19_SA08_R04.txt,SA08,D19,4,0,validation,1300,1500,-1,3.0018274784088135,2.209465980529785
baseline,23747,1156,SA08/D19_SA08_R05.txt,SA08,D19,5,0,validation,200,400,-1,3.299410820007324,2.209465980529785
baseline,23748,1156,SA08/D19_SA08_R05.txt,SA08,D19,5,0,validation,300,500,-1,3.339951753616333,2.209465980529785
baseline,23749,1156,SA08/D19_SA08_R05.txt,SA08,D19,5,0,validation,400,600,-1,3.339951753616333,2.209465980529785
baseline,23750,1156,SA08/D19_SA08_R05.txt,SA08,D19,5,0,validation,500,700,-1,2.9616634845733643,2.209465980529785
baseline,23755,1156,SA08/D19_SA08_R05.txt,SA08,D19,5,0,validation,1000,1200,-1,3.323159694671631,2.209465980529785
baseline,23756,1156,SA08/D19_SA08_R05.txt,SA08,D19,5,0,validation,1100,1300,-1,3.323159694671631,2.209465980529785
baseline,23757,1156,SA08/D19_SA08_R05.txt,SA08,D19,5,0,validation,1200,1400,-1,2.6569366455078125,2.209465980529785
baseline,23758,1156,SA08/D19_SA08_R05.txt,SA08,D19,5,0,validation,1300,1500,-1,2.514098644256592,2.209465980529785
baseline,23800,1189,SA08/F07_SA08_R03.txt,SA08,F07,3,1,validation,1207,1407,1307,2.082500696182251,2.209465980529785
baseline,23802,1191,SA08/F07_SA08_R05.txt,SA08,F07,5,1,validation,1227,1427,1327,2.00719952583313,2.209465980529785
baseline,23828,1217,SA08/F13_SA08_R01.txt,SA08,F13,1,1,validation,884,1084,984,2.0200355052948,2.209465980529785
baseline,23832,1221,SA08/F13_SA08_R05.txt,SA08,F13,5,1,validation,1320,1520,1420,1.737983226776123,2.209465980529785
baseline,24440,1235,SA09/D04_SA09_R01.txt,SA09,D04,1,0,validation,200,400,-1,2.389028787612915,2.209465980529785
baseline,24441,1235,SA09/D04_SA09_R01.txt,SA09,D04,1,0,validation,300,500,-1,2.389028787612915,2.209465980529785
baseline,24442,1235,SA09/D04_SA09_R01.txt,SA09,D04,1,0,validation,400,600,-1,2.4788644313812256,2.209465980529785
baseline,24443,1235,SA09/D04_SA09_R01.txt,SA09,D04,1,0,validation,500,700,-1,2.4788644313812256,2.209465980529785
baseline,24444,1235,SA09/D04_SA09_R01.txt,SA09,D04,1,0,validation,600,800,-1,2.500638246536255,2.209465980529785
baseline,24445,1235,SA09/D04_SA09_R01.txt,SA09,D04,1,0,validation,700,900,-1,2.500638246536255,2.209465980529785
baseline,24446,1235,SA09/D04_SA09_R01.txt,SA09,D04,1,0,validation,800,1000,-1,2.498561143875122,2.209465980529785
baseline,24447,1235,SA09/D04_SA09_R01.txt,SA09,D04,1,0,validation,900,1100,-1,2.499675750732422,2.209465980529785
baseline,24448,1235,SA09/D04_SA09_R01.txt,SA09,D04,1,0,validation,1000,1200,-1,2.499675750732422,2.209465980529785
baseline,24449,1235,SA09/D04_SA09_R01.txt,SA09,D04,1,0,validation,1100,1300,-1,2.478574275970459,2.209465980529785
baseline,24450,1235,SA09/D04_SA09_R01.txt,SA09,D04,1,0,validation,1200,1400,-1,2.268329381942749,2.209465980529785
baseline,24451,1235,SA09/D04_SA09_R01.txt,SA09,D04,1,0,validation,1300,1500,-1,2.3228042125701904,2.209465980529785
baseline,24452,1235,SA09/D04_SA09_R01.txt,SA09,D04,1,0,validation,1400,1600,-1,2.3228042125701904,2.209465980529785
baseline,24453,1235,SA09/D04_SA09_R01.txt,SA09,D04,1,0,validation,1500,1700,-1,2.286892890930176,2.209465980529785
baseline,24454,1235,SA09/D04_SA09_R01.txt,SA09,D04,1,0,validation,1600,1800,-1,2.3696529865264893,2.209465980529785
baseline,24455,1235,SA09/D04_SA09_R01.txt,SA09,D04,1,0,validation,1700,1900,-1,2.3696529865264893,2.209465980529785
baseline,24456,1235,SA09/D04_SA09_R01.txt,SA09,D04,1,0,validation,1800,2000,-1,2.3289382457733154,2.209465980529785
baseline,24457,1235,SA09/D04_SA09_R01.txt,SA09,D04,1,0,validation,1900,2100,-1,2.291071891784668,2.209465980529785
baseline,24460,1235,SA09/D04_SA09_R01.txt,SA09,D04,1,0,validation,2200,2400,-1,2.3241403102874756,2.209465980529785
baseline,24461,1235,SA09/D04_SA09_R01.txt,SA09,D04,1,0,validation,2300,2500,-1,2.3241403102874756,2.209465980529785
baseline,24462,1235,SA09/D04_SA09_R01.txt,SA09,D04,1,0,validation,2400,2600,-1,2.377263069152832,2.209465980529785
baseline,24463,1235,SA09/D04_SA09_R01.txt,SA09,D04,1,0,validation,2500,2700,-1,2.377263069152832,2.209465980529785
baseline,24464,1235,SA09/D04_SA09_R01.txt,SA09,D04,1,0,validation,2600,2800,-1,2.319739580154419,2.209465980529785
baseline,24465,1235,SA09/D04_SA09_R01.txt,SA09,D04,1,0,validation,2700,2900,-1,2.319739580154419,2.209465980529785
baseline,24466,1235,SA09/D04_SA09_R01.txt,SA09,D04,1,0,validation,2800,3000,-1,2.3438265323638916,2.209465980529785
baseline,24467,1235,SA09/D04_SA09_R01.txt,SA09,D04,1,0,validation,2900,3100,-1,2.3438265323638916,2.209465980529785
baseline,24468,1235,SA09/D04_SA09_R01.txt,SA09,D04,1,0,validation,3000,3200,-1,2.2733943462371826,2.209465980529785
baseline,24469,1235,SA09/D04_SA09_R01.txt,SA09,D04,1,0,validation,3100,3300,-1,2.333420753479004,2.209465980529785
baseline,24470,1235,SA09/D04_SA09_R01.txt,SA09,D04,1,0,validation,3200,3400,-1,2.333420753479004,2.209465980529785
baseline,24471,1235,SA09/D04_SA09_R01.txt,SA09,D04,1,0,validation,3300,3500,-1,2.3243894577026367,2.209465980529785
baseline,24472,1235,SA09/D04_SA09_R01.txt,SA09,D04,1,0,validation,3400,3600,-1,2.3178930282592773,2.209465980529785
baseline,24473,1235,SA09/D04_SA09_R01.txt,SA09,D04,1,0,validation,3500,3700,-1,2.336878776550293,2.209465980529785
baseline,24474,1235,SA09/D04_SA09_R01.txt,SA09,D04,1,0,validation,3600,3800,-1,2.336878776550293,2.209465980529785
baseline,24475,1235,SA09/D04_SA09_R01.txt,SA09,D04,1,0,validation,3700,3900,-1,2.3351690769195557,2.209465980529785
baseline,24476,1235,SA09/D04_SA09_R01.txt,SA09,D04,1,0,validation,3800,4000,-1,2.4194388389587402,2.209465980529785
baseline,24477,1235,SA09/D04_SA09_R01.txt,SA09,D04,1,0,validation,3900,4100,-1,2.4194388389587402,2.209465980529785
baseline,24478,1235,SA09/D04_SA09_R01.txt,SA09,D04,1,0,validation,4000,4200,-1,2.369480609893799,2.209465980529785
baseline,24479,1235,SA09/D04_SA09_R01.txt,SA09,D04,1,0,validation,4100,4300,-1,2.414797067642212,2.209465980529785
baseline,24480,1235,SA09/D04_SA09_R01.txt,SA09,D04,1,0,validation,4200,4400,-1,2.414797067642212,2.209465980529785
baseline,24481,1235,SA09/D04_SA09_R01.txt,SA09,D04,1,0,validation,4300,4500,-1,2.386716365814209,2.209465980529785
baseline,24482,1235,SA09/D04_SA09_R01.txt,SA09,D04,1,0,validation,4400,4600,-1,2.3181686401367188,2.209465980529785
baseline,24483,1235,SA09/D04_SA09_R01.txt,SA09,D04,1,0,validation,4500,4700,-1,2.37821626663208,2.209465980529785
baseline,24484,1235,SA09/D04_SA09_R01.txt,SA09,D04,1,0,validation,4600,4800,-1,2.37821626663208,2.209465980529785
baseline,24485,1235,SA09/D04_SA09_R01.txt,SA09,D04,1,0,validation,4700,4900,-1,2.369922399520874,2.209465980529785
baseline,24486,1235,SA09/D04_SA09_R01.txt,SA09,D04,1,0,validation,4800,5000,-1,2.5371367931365967,2.209465980529785
baseline,24487,1235,SA09/D04_SA09_R01.txt,SA09,D04,1,0,validation,4900,5100,-1,2.5371367931365967,2.209465980529785
baseline,24489,1235,SA09/D04_SA09_R01.txt,SA09,D04,1,0,validation,5100,5300,-1,2.2470059394836426,2.209465980529785
baseline,24490,1235,SA09/D04_SA09_R01.txt,SA09,D04,1,0,validation,5200,5400,-1,2.2715206146240234,2.209465980529785
baseline,24491,1235,SA09/D04_SA09_R01.txt,SA09,D04,1,0,validation,5300,5500,-1,2.358861207962036,2.209465980529785
baseline,24492,1235,SA09/D04_SA09_R01.txt,SA09,D04,1,0,validation,5400,5600,-1,2.358861207962036,2.209465980529785
baseline,24493,1235,SA09/D04_SA09_R01.txt,SA09,D04,1,0,validation,5500,5700,-1,2.5436692237854004,2.209465980529785
baseline,24494,1235,SA09/D04_SA09_R01.txt,SA09,D04,1,0,validation,5600,5800,-1,2.5436692237854004,2.209465980529785
baseline,24495,1235,SA09/D04_SA09_R01.txt,SA09,D04,1,0,validation,5700,5900,-1,2.3814496994018555,2.209465980529785
baseline,24496,1235,SA09/D04_SA09_R01.txt,SA09,D04,1,0,validation,5800,6000,-1,2.3603360652923584,2.209465980529785
baseline,24497,1235,SA09/D04_SA09_R01.txt,SA09,D04,1,0,validation,5900,6100,-1,2.3603360652923584,2.209465980529785
baseline,24498,1235,SA09/D04_SA09_R01.txt,SA09,D04,1,0,validation,6000,6200,-1,2.263390302658081,2.209465980529785
baseline,24499,1235,SA09/D04_SA09_R01.txt,SA09,D04,1,0,validation,6100,6300,-1,2.3705108165740967,2.209465980529785
baseline,24500,1235,SA09/D04_SA09_R01.txt,SA09,D04,1,0,validation,6200,6400,-1,2.3926806449890137,2.209465980529785
baseline,24501,1235,SA09/D04_SA09_R01.txt,SA09,D04,1,0,validation,6300,6500,-1,2.3926806449890137,2.209465980529785
baseline,24502,1235,SA09/D04_SA09_R01.txt,SA09,D04,1,0,validation,6400,6600,-1,2.382268190383911,2.209465980529785
baseline,24503,1235,SA09/D04_SA09_R01.txt,SA09,D04,1,0,validation,6500,6700,-1,2.265585422515869,2.209465980529785
baseline,24504,1235,SA09/D04_SA09_R01.txt,SA09,D04,1,0,validation,6600,6800,-1,2.3447446823120117,2.209465980529785
baseline,24505,1235,SA09/D04_SA09_R01.txt,SA09,D04,1,0,validation,6700,6900,-1,2.34474515914917,2.209465980529785
baseline,24506,1235,SA09/D04_SA09_R01.txt,SA09,D04,1,0,validation,6800,7000,-1,2.3843772411346436,2.209465980529785
baseline,24507,1235,SA09/D04_SA09_R01.txt,SA09,D04,1,0,validation,6900,7100,-1,2.3843772411346436,2.209465980529785
baseline,24508,1235,SA09/D04_SA09_R01.txt,SA09,D04,1,0,validation,7000,7200,-1,2.380650043487549,2.209465980529785
baseline,24509,1235,SA09/D04_SA09_R01.txt,SA09,D04,1,0,validation,7100,7300,-1,2.380650043487549,2.209465980529785
baseline,24510,1235,SA09/D04_SA09_R01.txt,SA09,D04,1,0,validation,7200,7400,-1,2.453572988510132,2.209465980529785
baseline,24511,1235,SA09/D04_SA09_R01.txt,SA09,D04,1,0,validation,7300,7500,-1,2.453572988510132,2.209465980529785
baseline,24512,1235,SA09/D04_SA09_R01.txt,SA09,D04,1,0,validation,7400,7600,-1,2.445824146270752,2.209465980529785
baseline,24513,1235,SA09/D04_SA09_R01.txt,SA09,D04,1,0,validation,7500,7700,-1,2.434591770172119,2.209465980529785
baseline,24514,1235,SA09/D04_SA09_R01.txt,SA09,D04,1,0,validation,7600,7800,-1,2.434591770172119,2.209465980529785
baseline,24515,1235,SA09/D04_SA09_R01.txt,SA09,D04,1,0,validation,7700,7900,-1,2.350119113922119,2.209465980529785
baseline,24516,1235,SA09/D04_SA09_R01.txt,SA09,D04,1,0,validation,7800,8000,-1,2.350119113922119,2.209465980529785
baseline,24517,1235,SA09/D04_SA09_R01.txt,SA09,D04,1,0,validation,7900,8100,-1,2.257293224334717,2.209465980529785
baseline,24518,1235,SA09/D04_SA09_R01.txt,SA09,D04,1,0,validation,8000,8200,-1,2.257293224334717,2.209465980529785
baseline,24519,1235,SA09/D04_SA09_R01.txt,SA09,D04,1,0,validation,8100,8300,-1,2.2751829624176025,2.209465980529785
baseline,24520,1235,SA09/D04_SA09_R01.txt,SA09,D04,1,0,validation,8200,8400,-1,2.2751829624176025,2.209465980529785
baseline,24521,1235,SA09/D04_SA09_R01.txt,SA09,D04,1,0,validation,8300,8500,-1,2.376016139984131,2.209465980529785
baseline,24522,1235,SA09/D04_SA09_R01.txt,SA09,D04,1,0,validation,8400,8600,-1,2.376016139984131,2.209465980529785
baseline,24523,1235,SA09/D04_SA09_R01.txt,SA09,D04,1,0,validation,8500,8700,-1,2.366257905960083,2.209465980529785
baseline,24524,1235,SA09/D04_SA09_R01.txt,SA09,D04,1,0,validation,8600,8800,-1,2.327332019805908,2.209465980529785
baseline,24525,1235,SA09/D04_SA09_R01.txt,SA09,D04,1,0,validation,8700,8900,-1,2.390655755996704,2.209465980529785
baseline,24526,1235,SA09/D04_SA09_R01.txt,SA09,D04,1,0,validation,8800,9000,-1,2.390655755996704,2.209465980529785
baseline,24528,1235,SA09/D04_SA09_R01.txt,SA09,D04,1,0,validation,9000,9200,-1,2.2628018856048584,2.209465980529785
baseline,24529,1235,SA09/D04_SA09_R01.txt,SA09,D04,1,0,validation,9100,9300,-1,2.302203416824341,2.209465980529785
baseline,24530,1235,SA09/D04_SA09_R01.txt,SA09,D04,1,0,validation,9200,9400,-1,2.302203416824341,2.209465980529785
baseline,24531,1235,SA09/D04_SA09_R01.txt,SA09,D04,1,0,validation,9300,9500,-1,2.292357921600342,2.209465980529785
baseline,24532,1235,SA09/D04_SA09_R01.txt,SA09,D04,1,0,validation,9400,9600,-1,2.443636894226074,2.209465980529785
baseline,24533,1235,SA09/D04_SA09_R01.txt,SA09,D04,1,0,validation,9500,9700,-1,2.443636894226074,2.209465980529785
baseline,24534,1235,SA09/D04_SA09_R01.txt,SA09,D04,1,0,validation,9600,9800,-1,2.3685693740844727,2.209465980529785
baseline,24535,1235,SA09/D04_SA09_R01.txt,SA09,D04,1,0,validation,9700,9900,-1,2.281459093093872,2.209465980529785
baseline,24536,1235,SA09/D04_SA09_R01.txt,SA09,D04,1,0,validation,9800,10000,-1,2.2182209491729736,2.209465980529785
baseline,24537,1235,SA09/D04_SA09_R01.txt,SA09,D04,1,0,validation,9900,10100,-1,2.320176124572754,2.209465980529785
baseline,24538,1235,SA09/D04_SA09_R01.txt,SA09,D04,1,0,validation,10000,10200,-1,2.4176368713378906,2.209465980529785
baseline,24539,1235,SA09/D04_SA09_R01.txt,SA09,D04,1,0,validation,10100,10300,-1,2.4176368713378906,2.209465980529785
baseline,24540,1235,SA09/D04_SA09_R01.txt,SA09,D04,1,0,validation,10200,10400,-1,2.3654441833496094,2.209465980529785
baseline,24541,1235,SA09/D04_SA09_R01.txt,SA09,D04,1,0,validation,10300,10500,-1,2.4006526470184326,2.209465980529785
baseline,24542,1235,SA09/D04_SA09_R01.txt,SA09,D04,1,0,validation,10400,10600,-1,2.4006526470184326,2.209465980529785
baseline,24543,1235,SA09/D04_SA09_R01.txt,SA09,D04,1,0,validation,10500,10700,-1,2.3355536460876465,2.209465980529785
baseline,24544,1235,SA09/D04_SA09_R01.txt,SA09,D04,1,0,validation,10600,10800,-1,2.2769360542297363,2.209465980529785
baseline,24545,1235,SA09/D04_SA09_R01.txt,SA09,D04,1,0,validation,10700,10900,-1,2.2769360542297363,2.209465980529785
baseline,24546,1235,SA09/D04_SA09_R01.txt,SA09,D04,1,0,validation,10800,11000,-1,2.281726360321045,2.209465980529785
baseline,24547,1235,SA09/D04_SA09_R01.txt,SA09,D04,1,0,validation,10900,11100,-1,2.3171727657318115,2.209465980529785
baseline,24548,1235,SA09/D04_SA09_R01.txt,SA09,D04,1,0,validation,11000,11200,-1,2.3920023441314697,2.209465980529785
baseline,24549,1235,SA09/D04_SA09_R01.txt,SA09,D04,1,0,validation,11100,11300,-1,2.3920023441314697,2.209465980529785
baseline,24550,1235,SA09/D04_SA09_R01.txt,SA09,D04,1,0,validation,11200,11400,-1,2.3671445846557617,2.209465980529785
baseline,24551,1235,SA09/D04_SA09_R01.txt,SA09,D04,1,0,validation,11300,11500,-1,2.3671445846557617,2.209465980529785
baseline,24552,1235,SA09/D04_SA09_R01.txt,SA09,D04,1,0,validation,11400,11600,-1,2.3915226459503174,2.209465980529785
baseline,24553,1235,SA09/D04_SA09_R01.txt,SA09,D04,1,0,validation,11500,11700,-1,2.3915226459503174,2.209465980529785
baseline,24554,1235,SA09/D04_SA09_R01.txt,SA09,D04,1,0,validation,11600,11800,-1,2.373622179031372,2.209465980529785
baseline,24555,1235,SA09/D04_SA09_R01.txt,SA09,D04,1,0,validation,11700,11900,-1,2.369445562362671,2.209465980529785
baseline,24556,1235,SA09/D04_SA09_R01.txt,SA09,D04,1,0,validation,11800,12000,-1,2.369445562362671,2.209465980529785
baseline,24557,1235,SA09/D04_SA09_R01.txt,SA09,D04,1,0,validation,11900,12100,-1,2.259503126144409,2.209465980529785
baseline,24558,1235,SA09/D04_SA09_R01.txt,SA09,D04,1,0,validation,12000,12200,-1,2.260385513305664,2.209465980529785
baseline,24559,1235,SA09/D04_SA09_R01.txt,SA09,D04,1,0,validation,12100,12300,-1,2.2767539024353027,2.209465980529785
baseline,24560,1235,SA09/D04_SA09_R01.txt,SA09,D04,1,0,validation,12200,12400,-1,2.3605713844299316,2.209465980529785
baseline,24561,1235,SA09/D04_SA09_R01.txt,SA09,D04,1,0,validation,12300,12500,-1,2.485673189163208,2.209465980529785
baseline,24562,1235,SA09/D04_SA09_R01.txt,SA09,D04,1,0,validation,12400,12600,-1,2.485673189163208,2.209465980529785
baseline,24563,1235,SA09/D04_SA09_R01.txt,SA09,D04,1,0,validation,12500,12700,-1,2.408055305480957,2.209465980529785
baseline,24564,1235,SA09/D04_SA09_R01.txt,SA09,D04,1,0,validation,12600,12800,-1,2.4677484035491943,2.209465980529785
baseline,24565,1235,SA09/D04_SA09_R01.txt,SA09,D04,1,0,validation,12700,12900,-1,2.4677484035491943,2.209465980529785
baseline,24566,1235,SA09/D04_SA09_R01.txt,SA09,D04,1,0,validation,12800,13000,-1,2.4245288372039795,2.209465980529785
baseline,24567,1235,SA09/D04_SA09_R01.txt,SA09,D04,1,0,validation,12900,13100,-1,2.4115827083587646,2.209465980529785
baseline,24568,1235,SA09/D04_SA09_R01.txt,SA09,D04,1,0,validation,13000,13200,-1,2.4115827083587646,2.209465980529785
baseline,24569,1235,SA09/D04_SA09_R01.txt,SA09,D04,1,0,validation,13100,13300,-1,2.3361337184906006,2.209465980529785
baseline,24570,1235,SA09/D04_SA09_R01.txt,SA09,D04,1,0,validation,13200,13400,-1,2.2264137268066406,2.209465980529785
baseline,24571,1235,SA09/D04_SA09_R01.txt,SA09,D04,1,0,validation,13300,13500,-1,2.2115514278411865,2.209465980529785
baseline,24572,1235,SA09/D04_SA09_R01.txt,SA09,D04,1,0,validation,13400,13600,-1,2.239255428314209,2.209465980529785
baseline,24573,1235,SA09/D04_SA09_R01.txt,SA09,D04,1,0,validation,13500,13700,-1,2.584355592727661,2.209465980529785
baseline,24574,1235,SA09/D04_SA09_R01.txt,SA09,D04,1,0,validation,13600,13800,-1,2.584355592727661,2.209465980529785
baseline,24575,1235,SA09/D04_SA09_R01.txt,SA09,D04,1,0,validation,13700,13900,-1,2.3875765800476074,2.209465980529785
baseline,24576,1235,SA09/D04_SA09_R01.txt,SA09,D04,1,0,validation,13800,14000,-1,2.3875765800476074,2.209465980529785
baseline,24577,1235,SA09/D04_SA09_R01.txt,SA09,D04,1,0,validation,13900,14100,-1,2.388859510421753,2.209465980529785
baseline,24578,1235,SA09/D04_SA09_R01.txt,SA09,D04,1,0,validation,14000,14200,-1,2.3939826488494873,2.209465980529785
baseline,24579,1235,SA09/D04_SA09_R01.txt,SA09,D04,1,0,validation,14100,14300,-1,2.419182538986206,2.209465980529785
baseline,24580,1235,SA09/D04_SA09_R01.txt,SA09,D04,1,0,validation,14200,14400,-1,2.4590747356414795,2.209465980529785
baseline,24581,1235,SA09/D04_SA09_R01.txt,SA09,D04,1,0,validation,14300,14500,-1,2.4590747356414795,2.209465980529785
baseline,24582,1235,SA09/D04_SA09_R01.txt,SA09,D04,1,0,validation,14400,14600,-1,2.429997682571411,2.209465980529785
baseline,24583,1235,SA09/D04_SA09_R01.txt,SA09,D04,1,0,validation,14500,14700,-1,2.456768274307251,2.209465980529785
baseline,24584,1235,SA09/D04_SA09_R01.txt,SA09,D04,1,0,validation,14600,14800,-1,2.456768274307251,2.209465980529785
baseline,24585,1235,SA09/D04_SA09_R01.txt,SA09,D04,1,0,validation,14700,14900,-1,2.437257766723633,2.209465980529785
baseline,24586,1235,SA09/D04_SA09_R01.txt,SA09,D04,1,0,validation,14800,15000,-1,2.437257766723633,2.209465980529785
baseline,24587,1235,SA09/D04_SA09_R01.txt,SA09,D04,1,0,validation,14900,15100,-1,2.4834249019622803,2.209465980529785
baseline,24588,1235,SA09/D04_SA09_R01.txt,SA09,D04,1,0,validation,15000,15200,-1,2.539295196533203,2.209465980529785
baseline,24589,1235,SA09/D04_SA09_R01.txt,SA09,D04,1,0,validation,15100,15300,-1,2.539295196533203,2.209465980529785
baseline,24590,1235,SA09/D04_SA09_R01.txt,SA09,D04,1,0,validation,15200,15400,-1,2.4611892700195312,2.209465980529785
baseline,24591,1235,SA09/D04_SA09_R01.txt,SA09,D04,1,0,validation,15300,15500,-1,2.4611892700195312,2.209465980529785
baseline,24592,1235,SA09/D04_SA09_R01.txt,SA09,D04,1,0,validation,15400,15600,-1,2.5204107761383057,2.209465980529785
baseline,24593,1235,SA09/D04_SA09_R01.txt,SA09,D04,1,0,validation,15500,15700,-1,2.525228261947632,2.209465980529785
baseline,24594,1235,SA09/D04_SA09_R01.txt,SA09,D04,1,0,validation,15600,15800,-1,2.525228261947632,2.209465980529785
baseline,24595,1235,SA09/D04_SA09_R01.txt,SA09,D04,1,0,validation,15700,15900,-1,2.5878796577453613,2.209465980529785
baseline,24596,1235,SA09/D04_SA09_R01.txt,SA09,D04,1,0,validation,15800,16000,-1,2.5878796577453613,2.209465980529785
baseline,24597,1235,SA09/D04_SA09_R01.txt,SA09,D04,1,0,validation,15900,16100,-1,2.5656657218933105,2.209465980529785
baseline,24598,1235,SA09/D04_SA09_R01.txt,SA09,D04,1,0,validation,16000,16200,-1,2.5656657218933105,2.209465980529785
baseline,24599,1235,SA09/D04_SA09_R01.txt,SA09,D04,1,0,validation,16100,16300,-1,2.3195912837982178,2.209465980529785
baseline,24600,1235,SA09/D04_SA09_R01.txt,SA09,D04,1,0,validation,16200,16400,-1,2.2980148792266846,2.209465980529785
baseline,24601,1235,SA09/D04_SA09_R01.txt,SA09,D04,1,0,validation,16300,16500,-1,2.2980148792266846,2.209465980529785
baseline,24602,1235,SA09/D04_SA09_R01.txt,SA09,D04,1,0,validation,16400,16600,-1,2.3811452388763428,2.209465980529785
baseline,24603,1235,SA09/D04_SA09_R01.txt,SA09,D04,1,0,validation,16500,16700,-1,2.3811452388763428,2.209465980529785
baseline,24604,1235,SA09/D04_SA09_R01.txt,SA09,D04,1,0,validation,16600,16800,-1,2.4405465126037598,2.209465980529785
baseline,24605,1235,SA09/D04_SA09_R01.txt,SA09,D04,1,0,validation,16700,16900,-1,2.4405465126037598,2.209465980529785
baseline,24606,1235,SA09/D04_SA09_R01.txt,SA09,D04,1,0,validation,16800,17000,-1,2.3925561904907227,2.209465980529785
baseline,24607,1235,SA09/D04_SA09_R01.txt,SA09,D04,1,0,validation,16900,17100,-1,2.4170613288879395,2.209465980529785
baseline,24608,1235,SA09/D04_SA09_R01.txt,SA09,D04,1,0,validation,17000,17200,-1,2.4170613288879395,2.209465980529785
baseline,24609,1235,SA09/D04_SA09_R01.txt,SA09,D04,1,0,validation,17100,17300,-1,2.3140687942504883,2.209465980529785
baseline,24610,1235,SA09/D04_SA09_R01.txt,SA09,D04,1,0,validation,17200,17400,-1,2.3446600437164307,2.209465980529785
baseline,24611,1235,SA09/D04_SA09_R01.txt,SA09,D04,1,0,validation,17300,17500,-1,2.449916124343872,2.209465980529785
baseline,24612,1235,SA09/D04_SA09_R01.txt,SA09,D04,1,0,validation,17400,17600,-1,2.449916124343872,2.209465980529785
baseline,24613,1235,SA09/D04_SA09_R01.txt,SA09,D04,1,0,validation,17500,17700,-1,2.469024896621704,2.209465980529785
baseline,24614,1235,SA09/D04_SA09_R01.txt,SA09,D04,1,0,validation,17600,17800,-1,2.469024896621704,2.209465980529785
baseline,24615,1235,SA09/D04_SA09_R01.txt,SA09,D04,1,0,validation,17700,17900,-1,2.4781105518341064,2.209465980529785
baseline,24616,1235,SA09/D04_SA09_R01.txt,SA09,D04,1,0,validation,17800,18000,-1,2.4781105518341064,2.209465980529785
baseline,24617,1235,SA09/D04_SA09_R01.txt,SA09,D04,1,0,validation,17900,18100,-1,2.3224730491638184,2.209465980529785
baseline,24618,1235,SA09/D04_SA09_R01.txt,SA09,D04,1,0,validation,18000,18200,-1,2.464264392852783,2.209465980529785
baseline,24619,1235,SA09/D04_SA09_R01.txt,SA09,D04,1,0,validation,18100,18300,-1,2.477257490158081,2.209465980529785
baseline,24620,1235,SA09/D04_SA09_R01.txt,SA09,D04,1,0,validation,18200,18400,-1,2.477257490158081,2.209465980529785
baseline,24621,1235,SA09/D04_SA09_R01.txt,SA09,D04,1,0,validation,18300,18500,-1,2.632096529006958,2.209465980529785
baseline,24622,1235,SA09/D04_SA09_R01.txt,SA09,D04,1,0,validation,18400,18600,-1,2.632096529006958,2.209465980529785
baseline,24623,1235,SA09/D04_SA09_R01.txt,SA09,D04,1,0,validation,18500,18700,-1,2.5164389610290527,2.209465980529785
baseline,24624,1235,SA09/D04_SA09_R01.txt,SA09,D04,1,0,validation,18600,18800,-1,2.4876821041107178,2.209465980529785
baseline,24625,1235,SA09/D04_SA09_R01.txt,SA09,D04,1,0,validation,18700,18900,-1,2.4876821041107178,2.209465980529785
baseline,24626,1235,SA09/D04_SA09_R01.txt,SA09,D04,1,0,validation,18800,19000,-1,2.3407721519470215,2.209465980529785
baseline,24627,1235,SA09/D04_SA09_R01.txt,SA09,D04,1,0,validation,18900,19100,-1,2.375023365020752,2.209465980529785
baseline,24628,1235,SA09/D04_SA09_R01.txt,SA09,D04,1,0,validation,19000,19200,-1,2.375023365020752,2.209465980529785
baseline,24629,1235,SA09/D04_SA09_R01.txt,SA09,D04,1,0,validation,19100,19300,-1,2.3710954189300537,2.209465980529785
baseline,24630,1235,SA09/D04_SA09_R01.txt,SA09,D04,1,0,validation,19200,19400,-1,2.4592182636260986,2.209465980529785
baseline,24631,1235,SA09/D04_SA09_R01.txt,SA09,D04,1,0,validation,19300,19500,-1,2.4592182636260986,2.209465980529785
baseline,24632,1235,SA09/D04_SA09_R01.txt,SA09,D04,1,0,validation,19400,19600,-1,2.393113613128662,2.209465980529785
baseline,24633,1235,SA09/D04_SA09_R01.txt,SA09,D04,1,0,validation,19500,19700,-1,2.393113613128662,2.209465980529785
baseline,24634,1235,SA09/D04_SA09_R01.txt,SA09,D04,1,0,validation,19600,19800,-1,2.3465819358825684,2.209465980529785
baseline,24635,1235,SA09/D04_SA09_R01.txt,SA09,D04,1,0,validation,19700,19900,-1,2.431673765182495,2.209465980529785
baseline,24636,1235,SA09/D04_SA09_R01.txt,SA09,D04,1,0,validation,19800,20000,-1,2.431673765182495,2.209465980529785
baseline,24884,1241,SA09/D06_SA09_R01.txt,SA09,D06,1,0,validation,200,400,-1,2.671759605407715,2.209465980529785
baseline,24885,1241,SA09/D06_SA09_R01.txt,SA09,D06,1,0,validation,300,500,-1,2.671759605407715,2.209465980529785
baseline,24886,1241,SA09/D06_SA09_R01.txt,SA09,D06,1,0,validation,400,600,-1,2.4399547576904297,2.209465980529785
baseline,24887,1241,SA09/D06_SA09_R01.txt,SA09,D06,1,0,validation,500,700,-1,2.401714563369751,2.209465980529785
baseline,24888,1241,SA09/D06_SA09_R01.txt,SA09,D06,1,0,validation,600,800,-1,2.4016058444976807,2.209465980529785
baseline,24895,1241,SA09/D06_SA09_R01.txt,SA09,D06,1,0,validation,1300,1500,-1,2.246544599533081,2.209465980529785
baseline,24896,1241,SA09/D06_SA09_R01.txt,SA09,D06,1,0,validation,1400,1600,-1,2.246544599533081,2.209465980529785
baseline,24898,1241,SA09/D06_SA09_R01.txt,SA09,D06,1,0,validation,1600,1800,-1,2.4202473163604736,2.209465980529785
baseline,24899,1241,SA09/D06_SA09_R01.txt,SA09,D06,1,0,validation,1700,1900,-1,2.4202473163604736,2.209465980529785
baseline,24937,1242,SA09/D06_SA09_R02.txt,SA09,D06,2,0,validation,700,900,-1,2.4729483127593994,2.209465980529785
baseline,24938,1242,SA09/D06_SA09_R02.txt,SA09,D06,2,0,validation,800,1000,-1,2.6132185459136963,2.209465980529785
baseline,24939,1242,SA09/D06_SA09_R02.txt,SA09,D06,2,0,validation,900,1100,-1,2.6132185459136963,2.209465980529785
baseline,24940,1242,SA09/D06_SA09_R02.txt,SA09,D06,2,0,validation,1000,1200,-1,2.4938876628875732,2.209465980529785
baseline,24941,1242,SA09/D06_SA09_R02.txt,SA09,D06,2,0,validation,1100,1300,-1,2.4373481273651123,2.209465980529785
baseline,24942,1242,SA09/D06_SA09_R02.txt,SA09,D06,2,0,validation,1200,1400,-1,2.2656283378601074,2.209465980529785
baseline,24951,1242,SA09/D06_SA09_R02.txt,SA09,D06,2,0,validation,2100,2300,-1,2.4365792274475098,2.209465980529785
baseline,24952,1242,SA09/D06_SA09_R02.txt,SA09,D06,2,0,validation,2200,2400,-1,2.4365792274475098,2.209465980529785
baseline,24955,1242,SA09/D06_SA09_R02.txt,SA09,D06,2,0,validation,2500,2700,-1,2.471039056777954,2.209465980529785
baseline,24956,1242,SA09/D06_SA09_R02.txt,SA09,D06,2,0,validation,2600,2800,-1,2.471039056777954,2.209465980529785
baseline,24983,1243,SA09/D06_SA09_R03.txt,SA09,D06,3,0,validation,400,600,-1,2.422125816345215,2.209465980529785
baseline,24984,1243,SA09/D06_SA09_R03.txt,SA09,D06,3,0,validation,500,700,-1,2.47126841545105,2.209465980529785
baseline,24985,1243,SA09/D06_SA09_R03.txt,SA09,D06,3,0,validation,600,800,-1,2.5289084911346436,2.209465980529785
baseline,24986,1243,SA09/D06_SA09_R03.txt,SA09,D06,3,0,validation,700,900,-1,2.5289084911346436,2.209465980529785
baseline,24987,1243,SA09/D06_SA09_R03.txt,SA09,D06,3,0,validation,800,1000,-1,2.499631643295288,2.209465980529785
baseline,24988,1243,SA09/D06_SA09_R03.txt,SA09,D06,3,0,validation,900,1100,-1,2.445380210876465,2.209465980529785
baseline,24989,1243,SA09/D06_SA09_R03.txt,SA09,D06,3,0,validation,1000,1200,-1,2.2923576831817627,2.209465980529785
baseline,25001,1243,SA09/D06_SA09_R03.txt,SA09,D06,3,0,validation,2200,2400,-1,2.571817398071289,2.209465980529785
baseline,25002,1243,SA09/D06_SA09_R03.txt,SA09,D06,3,0,validation,2300,2500,-1,2.571817398071289,2.209465980529785
baseline,25034,1244,SA09/D06_SA09_R04.txt,SA09,D06,4,0,validation,600,800,-1,2.423875093460083,2.209465980529785
baseline,25035,1244,SA09/D06_SA09_R04.txt,SA09,D06,4,0,validation,700,900,-1,2.649589776992798,2.209465980529785
baseline,25036,1244,SA09/D06_SA09_R04.txt,SA09,D06,4,0,validation,800,1000,-1,2.700002670288086,2.209465980529785
baseline,25037,1244,SA09/D06_SA09_R04.txt,SA09,D06,4,0,validation,900,1100,-1,2.700002670288086,2.209465980529785
baseline,25038,1244,SA09/D06_SA09_R04.txt,SA09,D06,4,0,validation,1000,1200,-1,2.5318076610565186,2.209465980529785
baseline,25039,1244,SA09/D06_SA09_R04.txt,SA09,D06,4,0,validation,1100,1300,-1,2.5318076610565186,2.209465980529785
baseline,25053,1244,SA09/D06_SA09_R04.txt,SA09,D06,4,0,validation,2500,2700,-1,2.236257791519165,2.209465980529785
baseline,25054,1244,SA09/D06_SA09_R04.txt,SA09,D06,4,0,validation,2600,2800,-1,2.236257791519165,2.209465980529785
baseline,25082,1245,SA09/D06_SA09_R05.txt,SA09,D06,5,0,validation,600,800,-1,2.2394485473632812,2.209465980529785
baseline,25083,1245,SA09/D06_SA09_R05.txt,SA09,D06,5,0,validation,700,900,-1,2.6121997833251953,2.209465980529785
baseline,25084,1245,SA09/D06_SA09_R05.txt,SA09,D06,5,0,validation,800,1000,-1,2.6121997833251953,2.209465980529785
baseline,25085,1245,SA09/D06_SA09_R05.txt,SA09,D06,5,0,validation,900,1100,-1,2.480808734893799,2.209465980529785
baseline,25086,1245,SA09/D06_SA09_R05.txt,SA09,D06,5,0,validation,1000,1200,-1,2.4093446731567383,2.209465980529785
baseline,25087,1245,SA09/D06_SA09_R05.txt,SA09,D06,5,0,validation,1100,1300,-1,2.4093446731567383,2.209465980529785
baseline,25098,1245,SA09/D06_SA09_R05.txt,SA09,D06,5,0,validation,2200,2400,-1,2.3664159774780273,2.209465980529785
baseline,25099,1245,SA09/D06_SA09_R05.txt,SA09,D06,5,0,validation,2300,2500,-1,2.3664159774780273,2.209465980529785
baseline,25102,1245,SA09/D06_SA09_R05.txt,SA09,D06,5,0,validation,2600,2800,-1,2.274946451187134,2.209465980529785
baseline,25103,1245,SA09/D06_SA09_R05.txt,SA09,D06,5,0,validation,2700,2900,-1,2.274946451187134,2.209465980529785
baseline,25592,1266,SA09/D11_SA09_R01.txt,SA09,D11,1,0,validation,700,900,-1,2.25945782661438,2.209465980529785
baseline,25593,1266,SA09/D11_SA09_R01.txt,SA09,D11,1,0,validation,800,1000,-1,2.25945782661438,2.209465980529785
baseline,26617,1305,SA09/D18_SA09_R05.txt,SA09,D18,5,0,validation,1100,1300,-1,2.250284194946289,2.209465980529785
baseline,26618,1305,SA09/D18_SA09_R05.txt,SA09,D18,5,0,validation,1200,1400,-1,2.250284194946289,2.209465980529785
baseline,26634,1306,SA09/D19_SA09_R01.txt,SA09,D19,1,0,validation,500,700,-1,2.3260903358459473,2.209465980529785
baseline,26635,1306,SA09/D19_SA09_R01.txt,SA09,D19,1,0,validation,600,800,-1,2.3260903358459473,2.209465980529785
baseline,26641,1306,SA09/D19_SA09_R01.txt,SA09,D19,1,0,validation,1200,1400,-1,2.220461845397949,2.209465980529785
baseline,26642,1306,SA09/D19_SA09_R01.txt,SA09,D19,1,0,validation,1300,1500,-1,2.680981397628784,2.209465980529785
baseline,26643,1306,SA09/D19_SA09_R01.txt,SA09,D19,1,0,validation,1400,1600,-1,2.680981397628784,2.209465980529785
baseline,26658,1307,SA09/D19_SA09_R02.txt,SA09,D19,2,0,validation,600,800,-1,2.269407033920288,2.209465980529785
baseline,26659,1307,SA09/D19_SA09_R02.txt,SA09,D19,2,0,validation,700,900,-1,2.423306465148926,2.209465980529785
baseline,26660,1307,SA09/D19_SA09_R02.txt,SA09,D19,2,0,validation,800,1000,-1,2.423306465148926,2.209465980529785
baseline,26668,1307,SA09/D19_SA09_R02.txt,SA09,D19,2,0,validation,1600,1800,-1,2.500680446624756,2.209465980529785
baseline,26669,1307,SA09/D19_SA09_R02.txt,SA09,D19,2,0,validation,1700,1900,-1,2.500680446624756,2.209465980529785
baseline,26681,1308,SA09/D19_SA09_R03.txt,SA09,D19,3,0,validation,600,800,-1,2.4058313369750977,2.209465980529785
baseline,26682,1308,SA09/D19_SA09_R03.txt,SA09,D19,3,0,validation,700,900,-1,2.4058313369750977,2.209465980529785
baseline,26690,1308,SA09/D19_SA09_R03.txt,SA09,D19,3,0,validation,1500,1700,-1,2.5015013217926025,2.209465980529785
baseline,26691,1308,SA09/D19_SA09_R03.txt,SA09,D19,3,0,validation,1600,1800,-1,2.5015013217926025,2.209465980529785
baseline,26705,1309,SA09/D19_SA09_R04.txt,SA09,D19,4,0,validation,700,900,-1,2.391099691390991,2.209465980529785
baseline,26706,1309,SA09/D19_SA09_R04.txt,SA09,D19,4,0,validation,800,1000,-1,2.391099691390991,2.209465980529785
baseline,26713,1309,SA09/D19_SA09_R04.txt,SA09,D19,4,0,validation,1500,1700,-1,2.3148152828216553,2.209465980529785
baseline,26714,1309,SA09/D19_SA09_R04.txt,SA09,D19,4,0,validation,1600,1800,-1,2.3148152828216553,2.209465980529785
baseline,26726,1310,SA09/D19_SA09_R05.txt,SA09,D19,5,0,validation,500,700,-1,2.5438590049743652,2.209465980529785
baseline,26727,1310,SA09/D19_SA09_R05.txt,SA09,D19,5,0,validation,600,800,-1,2.5438590049743652,2.209465980529785
baseline,26733,1310,SA09/D19_SA09_R05.txt,SA09,D19,5,0,validation,1200,1400,-1,2.3063247203826904,2.209465980529785
baseline,26734,1310,SA09/D19_SA09_R05.txt,SA09,D19,5,0,validation,1300,1500,-1,2.3214826583862305,2.209465980529785
baseline,26735,1310,SA09/D19_SA09_R05.txt,SA09,D19,5,0,validation,1400,1600,-1,2.3214826583862305,2.209465980529785
baseline,26744,1311,SA09/F01_SA09_R01.txt,SA09,F01,1,1,validation,1467,1667,1567,2.1075785160064697,2.209465980529785
baseline,26782,1349,SA09/F08_SA09_R04.txt,SA09,F08,4,1,validation,1110,1310,1210,2.0119049549102783,2.209465980529785
baseline,26784,1351,SA09/F09_SA09_R01.txt,SA09,F09,1,1,validation,1118,1318,1218,2.154600143432617,2.209465980529785
baseline,26805,1372,SA09/F13_SA09_R02.txt,SA09,F13,2,1,validation,1607,1807,1707,1.603302240371704,2.209465980529785
baseline,26807,1374,SA09/F13_SA09_R04.txt,SA09,F13,4,1,validation,1704,1904,1804,1.9098601341247559,2.209465980529785
baseline,26815,1382,SA09/F15_SA09_R02.txt,SA09,F15,2,1,validation,1254,1454,1354,2.0402164459228516,2.209465980529785
baseline,36259,1850,SA13/D03_SA13_R01.txt,SA13,D03,1,0,validation,10900,11100,-1,2.2247323989868164,2.209465980529785
baseline,36260,1850,SA13/D03_SA13_R01.txt,SA13,D03,1,0,validation,11000,11200,-1,2.2247323989868164,2.209465980529785
baseline,36306,1850,SA13/D03_SA13_R01.txt,SA13,D03,1,0,validation,15600,15800,-1,2.21288800239563,2.209465980529785
baseline,36307,1850,SA13/D03_SA13_R01.txt,SA13,D03,1,0,validation,15700,15900,-1,2.21288800239563,2.209465980529785
baseline,36315,1850,SA13/D03_SA13_R01.txt,SA13,D03,1,0,validation,16500,16700,-1,2.2254679203033447,2.209465980529785
baseline,36316,1850,SA13/D03_SA13_R01.txt,SA13,D03,1,0,validation,16600,16800,-1,2.2254679203033447,2.209465980529785
baseline,36356,1851,SA13/D04_SA13_R01.txt,SA13,D04,1,0,validation,700,900,-1,2.426980495452881,2.209465980529785
baseline,36357,1851,SA13/D04_SA13_R01.txt,SA13,D04,1,0,validation,800,1000,-1,2.426980495452881,2.209465980529785
baseline,36358,1851,SA13/D04_SA13_R01.txt,SA13,D04,1,0,validation,900,1100,-1,2.3711984157562256,2.209465980529785
baseline,36359,1851,SA13/D04_SA13_R01.txt,SA13,D04,1,0,validation,1000,1200,-1,2.3711984157562256,2.209465980529785
baseline,36360,1851,SA13/D04_SA13_R01.txt,SA13,D04,1,0,validation,1100,1300,-1,2.522183895111084,2.209465980529785
baseline,36361,1851,SA13/D04_SA13_R01.txt,SA13,D04,1,0,validation,1200,1400,-1,2.522183895111084,2.209465980529785
baseline,36362,1851,SA13/D04_SA13_R01.txt,SA13,D04,1,0,validation,1300,1500,-1,2.3880112171173096,2.209465980529785
baseline,36363,1851,SA13/D04_SA13_R01.txt,SA13,D04,1,0,validation,1400,1600,-1,2.5274345874786377,2.209465980529785
baseline,36364,1851,SA13/D04_SA13_R01.txt,SA13,D04,1,0,validation,1500,1700,-1,2.842289924621582,2.209465980529785
baseline,36365,1851,SA13/D04_SA13_R01.txt,SA13,D04,1,0,validation,1600,1800,-1,2.842289924621582,2.209465980529785
baseline,36366,1851,SA13/D04_SA13_R01.txt,SA13,D04,1,0,validation,1700,1900,-1,2.722001791000366,2.209465980529785
baseline,36367,1851,SA13/D04_SA13_R01.txt,SA13,D04,1,0,validation,1800,2000,-1,2.6343886852264404,2.209465980529785
baseline,36368,1851,SA13/D04_SA13_R01.txt,SA13,D04,1,0,validation,1900,2100,-1,2.3962562084198,2.209465980529785
baseline,36369,1851,SA13/D04_SA13_R01.txt,SA13,D04,1,0,validation,2000,2200,-1,2.5490927696228027,2.209465980529785
baseline,36370,1851,SA13/D04_SA13_R01.txt,SA13,D04,1,0,validation,2100,2300,-1,2.5490927696228027,2.209465980529785
baseline,36371,1851,SA13/D04_SA13_R01.txt,SA13,D04,1,0,validation,2200,2400,-1,2.5814435482025146,2.209465980529785
baseline,36372,1851,SA13/D04_SA13_R01.txt,SA13,D04,1,0,validation,2300,2500,-1,2.5814435482025146,2.209465980529785
baseline,36373,1851,SA13/D04_SA13_R01.txt,SA13,D04,1,0,validation,2400,2600,-1,2.711477279663086,2.209465980529785
baseline,36374,1851,SA13/D04_SA13_R01.txt,SA13,D04,1,0,validation,2500,2700,-1,2.711477279663086,2.209465980529785
baseline,36375,1851,SA13/D04_SA13_R01.txt,SA13,D04,1,0,validation,2600,2800,-1,2.5404088497161865,2.209465980529785
baseline,36376,1851,SA13/D04_SA13_R01.txt,SA13,D04,1,0,validation,2700,2900,-1,2.534921407699585,2.209465980529785
baseline,36377,1851,SA13/D04_SA13_R01.txt,SA13,D04,1,0,validation,2800,3000,-1,2.467569351196289,2.209465980529785
baseline,36378,1851,SA13/D04_SA13_R01.txt,SA13,D04,1,0,validation,2900,3100,-1,2.633514404296875,2.209465980529785
baseline,36379,1851,SA13/D04_SA13_R01.txt,SA13,D04,1,0,validation,3000,3200,-1,2.633514404296875,2.209465980529785
baseline,36380,1851,SA13/D04_SA13_R01.txt,SA13,D04,1,0,validation,3100,3300,-1,2.441183567047119,2.209465980529785
baseline,36381,1851,SA13/D04_SA13_R01.txt,SA13,D04,1,0,validation,3200,3400,-1,2.441183567047119,2.209465980529785
baseline,36382,1851,SA13/D04_SA13_R01.txt,SA13,D04,1,0,validation,3300,3500,-1,2.4664194583892822,2.209465980529785
baseline,36383,1851,SA13/D04_SA13_R01.txt,SA13,D04,1,0,validation,3400,3600,-1,2.4664194583892822,2.209465980529785
baseline,36384,1851,SA13/D04_SA13_R01.txt,SA13,D04,1,0,validation,3500,3700,-1,2.4380974769592285,2.209465980529785
baseline,36385,1851,SA13/D04_SA13_R01.txt,SA13,D04,1,0,validation,3600,3800,-1,2.5655694007873535,2.209465980529785
baseline,36386,1851,SA13/D04_SA13_R01.txt,SA13,D04,1,0,validation,3700,3900,-1,2.5655694007873535,2.209465980529785
baseline,36387,1851,SA13/D04_SA13_R01.txt,SA13,D04,1,0,validation,3800,4000,-1,2.435298204421997,2.209465980529785
baseline,36388,1851,SA13/D04_SA13_R01.txt,SA13,D04,1,0,validation,3900,4100,-1,2.456415891647339,2.209465980529785
baseline,36389,1851,SA13/D04_SA13_R01.txt,SA13,D04,1,0,validation,4000,4200,-1,2.473853826522827,2.209465980529785
baseline,36390,1851,SA13/D04_SA13_R01.txt,SA13,D04,1,0,validation,4100,4300,-1,2.473853826522827,2.209465980529785
baseline,36391,1851,SA13/D04_SA13_R01.txt,SA13,D04,1,0,validation,4200,4400,-1,2.3058063983917236,2.209465980529785
baseline,36392,1851,SA13/D04_SA13_R01.txt,SA13,D04,1,0,validation,4300,4500,-1,2.336230993270874,2.209465980529785
baseline,36393,1851,SA13/D04_SA13_R01.txt,SA13,D04,1,0,validation,4400,4600,-1,2.336230993270874,2.209465980529785
baseline,36394,1851,SA13/D04_SA13_R01.txt,SA13,D04,1,0,validation,4500,4700,-1,2.3103864192962646,2.209465980529785
baseline,36395,1851,SA13/D04_SA13_R01.txt,SA13,D04,1,0,validation,4600,4800,-1,2.386211633682251,2.209465980529785
baseline,36396,1851,SA13/D04_SA13_R01.txt,SA13,D04,1,0,validation,4700,4900,-1,2.3876876831054688,2.209465980529785
baseline,36397,1851,SA13/D04_SA13_R01.txt,SA13,D04,1,0,validation,4800,5000,-1,2.3876876831054688,2.209465980529785
baseline,36398,1851,SA13/D04_SA13_R01.txt,SA13,D04,1,0,validation,4900,5100,-1,2.393009901046753,2.209465980529785
baseline,36399,1851,SA13/D04_SA13_R01.txt,SA13,D04,1,0,validation,5000,5200,-1,2.4968087673187256,2.209465980529785
baseline,36400,1851,SA13/D04_SA13_R01.txt,SA13,D04,1,0,validation,5100,5300,-1,2.4968087673187256,2.209465980529785
baseline,36401,1851,SA13/D04_SA13_R01.txt,SA13,D04,1,0,validation,5200,5400,-1,2.4830591678619385,2.209465980529785
baseline,36402,1851,SA13/D04_SA13_R01.txt,SA13,D04,1,0,validation,5300,5500,-1,2.353444814682007,2.209465980529785
baseline,36403,1851,SA13/D04_SA13_R01.txt,SA13,D04,1,0,validation,5400,5600,-1,2.479457378387451,2.209465980529785
baseline,36404,1851,SA13/D04_SA13_R01.txt,SA13,D04,1,0,validation,5500,5700,-1,2.479457378387451,2.209465980529785
baseline,36405,1851,SA13/D04_SA13_R01.txt,SA13,D04,1,0,validation,5600,5800,-1,2.4111175537109375,2.209465980529785
baseline,36406,1851,SA13/D04_SA13_R01.txt,SA13,D04,1,0,validation,5700,5900,-1,2.534092664718628,2.209465980529785
baseline,36407,1851,SA13/D04_SA13_R01.txt,SA13,D04,1,0,validation,5800,6000,-1,2.5621211528778076,2.209465980529785
baseline,36408,1851,SA13/D04_SA13_R01.txt,SA13,D04,1,0,validation,5900,6100,-1,2.5621211528778076,2.209465980529785
baseline,36409,1851,SA13/D04_SA13_R01.txt,SA13,D04,1,0,validation,6000,6200,-1,2.541996717453003,2.209465980529785
baseline,36410,1851,SA13/D04_SA13_R01.txt,SA13,D04,1,0,validation,6100,6300,-1,2.4880449771881104,2.209465980529785
baseline,36411,1851,SA13/D04_SA13_R01.txt,SA13,D04,1,0,validation,6200,6400,-1,2.561244010925293,2.209465980529785
baseline,36412,1851,SA13/D04_SA13_R01.txt,SA13,D04,1,0,validation,6300,6500,-1,2.561244010925293,2.209465980529785
baseline,36413,1851,SA13/D04_SA13_R01.txt,SA13,D04,1,0,validation,6400,6600,-1,2.642343044281006,2.209465980529785
baseline,36414,1851,SA13/D04_SA13_R01.txt,SA13,D04,1,0,validation,6500,6700,-1,2.642343044281006,2.209465980529785
baseline,36415,1851,SA13/D04_SA13_R01.txt,SA13,D04,1,0,validation,6600,6800,-1,2.7139227390289307,2.209465980529785
baseline,36416,1851,SA13/D04_SA13_R01.txt,SA13,D04,1,0,validation,6700,6900,-1,2.7139227390289307,2.209465980529785
baseline,36417,1851,SA13/D04_SA13_R01.txt,SA13,D04,1,0,validation,6800,7000,-1,2.5636606216430664,2.209465980529785
baseline,36418,1851,SA13/D04_SA13_R01.txt,SA13,D04,1,0,validation,6900,7100,-1,2.610779285430908,2.209465980529785
baseline,36419,1851,SA13/D04_SA13_R01.txt,SA13,D04,1,0,validation,7000,7200,-1,2.6528568267822266,2.209465980529785
baseline,36420,1851,SA13/D04_SA13_R01.txt,SA13,D04,1,0,validation,7100,7300,-1,2.6528568267822266,2.209465980529785
baseline,36421,1851,SA13/D04_SA13_R01.txt,SA13,D04,1,0,validation,7200,7400,-1,2.601673126220703,2.209465980529785
baseline,36422,1851,SA13/D04_SA13_R01.txt,SA13,D04,1,0,validation,7300,7500,-1,2.601673126220703,2.209465980529785
baseline,36423,1851,SA13/D04_SA13_R01.txt,SA13,D04,1,0,validation,7400,7600,-1,2.6329174041748047,2.209465980529785
baseline,36424,1851,SA13/D04_SA13_R01.txt,SA13,D04,1,0,validation,7500,7700,-1,2.6329174041748047,2.209465980529785
baseline,36425,1851,SA13/D04_SA13_R01.txt,SA13,D04,1,0,validation,7600,7800,-1,2.5372934341430664,2.209465980529785
baseline,36426,1851,SA13/D04_SA13_R01.txt,SA13,D04,1,0,validation,7700,7900,-1,2.5372934341430664,2.209465980529785
baseline,36427,1851,SA13/D04_SA13_R01.txt,SA13,D04,1,0,validation,7800,8000,-1,2.533080816268921,2.209465980529785
baseline,36428,1851,SA13/D04_SA13_R01.txt,SA13,D04,1,0,validation,7900,8100,-1,2.533080816268921,2.209465980529785
baseline,36429,1851,SA13/D04_SA13_R01.txt,SA13,D04,1,0,validation,8000,8200,-1,2.51926326751709,2.209465980529785
baseline,36430,1851,SA13/D04_SA13_R01.txt,SA13,D04,1,0,validation,8100,8300,-1,2.51926326751709,2.209465980529785
baseline,36431,1851,SA13/D04_SA13_R01.txt,SA13,D04,1,0,validation,8200,8400,-1,2.6565909385681152,2.209465980529785
baseline,36432,1851,SA13/D04_SA13_R01.txt,SA13,D04,1,0,validation,8300,8500,-1,2.6565909385681152,2.209465980529785
baseline,36433,1851,SA13/D04_SA13_R01.txt,SA13,D04,1,0,validation,8400,8600,-1,2.7222530841827393,2.209465980529785
baseline,36434,1851,SA13/D04_SA13_R01.txt,SA13,D04,1,0,validation,8500,8700,-1,2.7222530841827393,2.209465980529785
baseline,36435,1851,SA13/D04_SA13_R01.txt,SA13,D04,1,0,validation,8600,8800,-1,2.5501902103424072,2.209465980529785
baseline,36436,1851,SA13/D04_SA13_R01.txt,SA13,D04,1,0,validation,8700,8900,-1,2.5501902103424072,2.209465980529785
baseline,36437,1851,SA13/D04_SA13_R01.txt,SA13,D04,1,0,validation,8800,9000,-1,2.740989923477173,2.209465980529785
baseline,36438,1851,SA13/D04_SA13_R01.txt,SA13,D04,1,0,validation,8900,9100,-1,2.740989923477173,2.209465980529785
baseline,36439,1851,SA13/D04_SA13_R01.txt,SA13,D04,1,0,validation,9000,9200,-1,2.5524165630340576,2.209465980529785
baseline,36440,1851,SA13/D04_SA13_R01.txt,SA13,D04,1,0,validation,9100,9300,-1,2.579033613204956,2.209465980529785
baseline,36441,1851,SA13/D04_SA13_R01.txt,SA13,D04,1,0,validation,9200,9400,-1,2.723186492919922,2.209465980529785
baseline,36442,1851,SA13/D04_SA13_R01.txt,SA13,D04,1,0,validation,9300,9500,-1,2.723186492919922,2.209465980529785
baseline,36443,1851,SA13/D04_SA13_R01.txt,SA13,D04,1,0,validation,9400,9600,-1,2.44952392578125,2.209465980529785
baseline,36444,1851,SA13/D04_SA13_R01.txt,SA13,D04,1,0,validation,9500,9700,-1,2.4528231620788574,2.209465980529785
baseline,36445,1851,SA13/D04_SA13_R01.txt,SA13,D04,1,0,validation,9600,9800,-1,2.5712890625,2.209465980529785
baseline,36446,1851,SA13/D04_SA13_R01.txt,SA13,D04,1,0,validation,9700,9900,-1,2.5712890625,2.209465980529785
baseline,36447,1851,SA13/D04_SA13_R01.txt,SA13,D04,1,0,validation,9800,10000,-1,2.4401485919952393,2.209465980529785
baseline,36448,1851,SA13/D04_SA13_R01.txt,SA13,D04,1,0,validation,9900,10100,-1,2.545029878616333,2.209465980529785
baseline,36449,1851,SA13/D04_SA13_R01.txt,SA13,D04,1,0,validation,10000,10200,-1,2.545029878616333,2.209465980529785
baseline,36450,1851,SA13/D04_SA13_R01.txt,SA13,D04,1,0,validation,10100,10300,-1,2.4982192516326904,2.209465980529785
baseline,36451,1851,SA13/D04_SA13_R01.txt,SA13,D04,1,0,validation,10200,10400,-1,2.4913127422332764,2.209465980529785
baseline,36452,1851,SA13/D04_SA13_R01.txt,SA13,D04,1,0,validation,10300,10500,-1,2.4923646450042725,2.209465980529785
baseline,36453,1851,SA13/D04_SA13_R01.txt,SA13,D04,1,0,validation,10400,10600,-1,2.4923646450042725,2.209465980529785
baseline,36454,1851,SA13/D04_SA13_R01.txt,SA13,D04,1,0,validation,10500,10700,-1,2.5562117099761963,2.209465980529785
baseline,36455,1851,SA13/D04_SA13_R01.txt,SA13,D04,1,0,validation,10600,10800,-1,2.5562117099761963,2.209465980529785
baseline,36456,1851,SA13/D04_SA13_R01.txt,SA13,D04,1,0,validation,10700,10900,-1,2.5336062908172607,2.209465980529785
baseline,36457,1851,SA13/D04_SA13_R01.txt,SA13,D04,1,0,validation,10800,11000,-1,2.7655813694000244,2.209465980529785
baseline,36458,1851,SA13/D04_SA13_R01.txt,SA13,D04,1,0,validation,10900,11100,-1,2.7655813694000244,2.209465980529785
baseline,36459,1851,SA13/D04_SA13_R01.txt,SA13,D04,1,0,validation,11000,11200,-1,2.6473300457000732,2.209465980529785
baseline,36460,1851,SA13/D04_SA13_R01.txt,SA13,D04,1,0,validation,11100,11300,-1,2.6473300457000732,2.209465980529785
baseline,36461,1851,SA13/D04_SA13_R01.txt,SA13,D04,1,0,validation,11200,11400,-1,2.6877281665802,2.209465980529785
baseline,36462,1851,SA13/D04_SA13_R01.txt,SA13,D04,1,0,validation,11300,11500,-1,2.6877281665802,2.209465980529785
baseline,36463,1851,SA13/D04_SA13_R01.txt,SA13,D04,1,0,validation,11400,11600,-1,2.7959110736846924,2.209465980529785
baseline,36464,1851,SA13/D04_SA13_R01.txt,SA13,D04,1,0,validation,11500,11700,-1,2.7959110736846924,2.209465980529785
baseline,36465,1851,SA13/D04_SA13_R01.txt,SA13,D04,1,0,validation,11600,11800,-1,2.589381217956543,2.209465980529785
baseline,36466,1851,SA13/D04_SA13_R01.txt,SA13,D04,1,0,validation,11700,11900,-1,2.589381217956543,2.209465980529785
baseline,36467,1851,SA13/D04_SA13_R01.txt,SA13,D04,1,0,validation,11800,12000,-1,2.373593330383301,2.209465980529785
baseline,36468,1851,SA13/D04_SA13_R01.txt,SA13,D04,1,0,validation,11900,12100,-1,2.485898017883301,2.209465980529785
baseline,36469,1851,SA13/D04_SA13_R01.txt,SA13,D04,1,0,validation,12000,12200,-1,2.5576531887054443,2.209465980529785
baseline,36470,1851,SA13/D04_SA13_R01.txt,SA13,D04,1,0,validation,12100,12300,-1,2.5576531887054443,2.209465980529785
baseline,36471,1851,SA13/D04_SA13_R01.txt,SA13,D04,1,0,validation,12200,12400,-1,2.435447931289673,2.209465980529785
baseline,36472,1851,SA13/D04_SA13_R01.txt,SA13,D04,1,0,validation,12300,12500,-1,2.575146436691284,2.209465980529785
baseline,36473,1851,SA13/D04_SA13_R01.txt,SA13,D04,1,0,validation,12400,12600,-1,2.575146436691284,2.209465980529785
baseline,36474,1851,SA13/D04_SA13_R01.txt,SA13,D04,1,0,validation,12500,12700,-1,2.4655003547668457,2.209465980529785
baseline,36475,1851,SA13/D04_SA13_R01.txt,SA13,D04,1,0,validation,12600,12800,-1,2.479841470718384,2.209465980529785
baseline,36476,1851,SA13/D04_SA13_R01.txt,SA13,D04,1,0,validation,12700,12900,-1,2.5102133750915527,2.209465980529785
baseline,36477,1851,SA13/D04_SA13_R01.txt,SA13,D04,1,0,validation,12800,13000,-1,2.5102133750915527,2.209465980529785
baseline,36478,1851,SA13/D04_SA13_R01.txt,SA13,D04,1,0,validation,12900,13100,-1,2.6290199756622314,2.209465980529785
baseline,36479,1851,SA13/D04_SA13_R01.txt,SA13,D04,1,0,validation,13000,13200,-1,2.743011713027954,2.209465980529785
baseline,36480,1851,SA13/D04_SA13_R01.txt,SA13,D04,1,0,validation,13100,13300,-1,2.743011713027954,2.209465980529785
baseline,36481,1851,SA13/D04_SA13_R01.txt,SA13,D04,1,0,validation,13200,13400,-1,2.5412850379943848,2.209465980529785
baseline,36482,1851,SA13/D04_SA13_R01.txt,SA13,D04,1,0,validation,13300,13500,-1,2.553276300430298,2.209465980529785
baseline,36483,1851,SA13/D04_SA13_R01.txt,SA13,D04,1,0,validation,13400,13600,-1,2.553276300430298,2.209465980529785
baseline,36484,1851,SA13/D04_SA13_R01.txt,SA13,D04,1,0,validation,13500,13700,-1,2.5654289722442627,2.209465980529785
baseline,36485,1851,SA13/D04_SA13_R01.txt,SA13,D04,1,0,validation,13600,13800,-1,2.6393115520477295,2.209465980529785
baseline,36486,1851,SA13/D04_SA13_R01.txt,SA13,D04,1,0,validation,13700,13900,-1,2.6393115520477295,2.209465980529785
baseline,36487,1851,SA13/D04_SA13_R01.txt,SA13,D04,1,0,validation,13800,14000,-1,2.521193742752075,2.209465980529785
baseline,36488,1851,SA13/D04_SA13_R01.txt,SA13,D04,1,0,validation,13900,14100,-1,2.4688985347747803,2.209465980529785
baseline,36489,1851,SA13/D04_SA13_R01.txt,SA13,D04,1,0,validation,14000,14200,-1,2.5718045234680176,2.209465980529785
baseline,36490,1851,SA13/D04_SA13_R01.txt,SA13,D04,1,0,validation,14100,14300,-1,2.5718045234680176,2.209465980529785
baseline,36491,1851,SA13/D04_SA13_R01.txt,SA13,D04,1,0,validation,14200,14400,-1,2.5002191066741943,2.209465980529785
baseline,36492,1851,SA13/D04_SA13_R01.txt,SA13,D04,1,0,validation,14300,14500,-1,2.405482530593872,2.209465980529785
baseline,36493,1851,SA13/D04_SA13_R01.txt,SA13,D04,1,0,validation,14400,14600,-1,2.6205718517303467,2.209465980529785
baseline,36494,1851,SA13/D04_SA13_R01.txt,SA13,D04,1,0,validation,14500,14700,-1,2.6205718517303467,2.209465980529785
baseline,36495,1851,SA13/D04_SA13_R01.txt,SA13,D04,1,0,validation,14600,14800,-1,2.5457041263580322,2.209465980529785
baseline,36496,1851,SA13/D04_SA13_R01.txt,SA13,D04,1,0,validation,14700,14900,-1,2.365222454071045,2.209465980529785
baseline,36497,1851,SA13/D04_SA13_R01.txt,SA13,D04,1,0,validation,14800,15000,-1,2.4712471961975098,2.209465980529785
baseline,36498,1851,SA13/D04_SA13_R01.txt,SA13,D04,1,0,validation,14900,15100,-1,2.4813120365142822,2.209465980529785
baseline,36499,1851,SA13/D04_SA13_R01.txt,SA13,D04,1,0,validation,15000,15200,-1,2.640148401260376,2.209465980529785
baseline,36500,1851,SA13/D04_SA13_R01.txt,SA13,D04,1,0,validation,15100,15300,-1,2.640148401260376,2.209465980529785
baseline,36501,1851,SA13/D04_SA13_R01.txt,SA13,D04,1,0,validation,15200,15400,-1,2.579362154006958,2.209465980529785
baseline,36502,1851,SA13/D04_SA13_R01.txt,SA13,D04,1,0,validation,15300,15500,-1,2.579362154006958,2.209465980529785
baseline,36503,1851,SA13/D04_SA13_R01.txt,SA13,D04,1,0,validation,15400,15600,-1,2.590866804122925,2.209465980529785
baseline,36504,1851,SA13/D04_SA13_R01.txt,SA13,D04,1,0,validation,15500,15700,-1,2.590866804122925,2.209465980529785
baseline,36505,1851,SA13/D04_SA13_R01.txt,SA13,D04,1,0,validation,15600,15800,-1,2.6737520694732666,2.209465980529785
baseline,36506,1851,SA13/D04_SA13_R01.txt,SA13,D04,1,0,validation,15700,15900,-1,2.6737520694732666,2.209465980529785
baseline,36507,1851,SA13/D04_SA13_R01.txt,SA13,D04,1,0,validation,15800,16000,-1,2.582371473312378,2.209465980529785
baseline,36508,1851,SA13/D04_SA13_R01.txt,SA13,D04,1,0,validation,15900,16100,-1,2.5579311847686768,2.209465980529785
baseline,36509,1851,SA13/D04_SA13_R01.txt,SA13,D04,1,0,validation,16000,16200,-1,2.735769271850586,2.209465980529785
baseline,36510,1851,SA13/D04_SA13_R01.txt,SA13,D04,1,0,validation,16100,16300,-1,2.735769271850586,2.209465980529785
baseline,36511,1851,SA13/D04_SA13_R01.txt,SA13,D04,1,0,validation,16200,16400,-1,2.5627424716949463,2.209465980529785
baseline,36512,1851,SA13/D04_SA13_R01.txt,SA13,D04,1,0,validation,16300,16500,-1,2.6320064067840576,2.209465980529785
baseline,36513,1851,SA13/D04_SA13_R01.txt,SA13,D04,1,0,validation,16400,16600,-1,2.6320064067840576,2.209465980529785
baseline,36514,1851,SA13/D04_SA13_R01.txt,SA13,D04,1,0,validation,16500,16700,-1,2.546431064605713,2.209465980529785
baseline,36515,1851,SA13/D04_SA13_R01.txt,SA13,D04,1,0,validation,16600,16800,-1,2.546431064605713,2.209465980529785
baseline,36516,1851,SA13/D04_SA13_R01.txt,SA13,D04,1,0,validation,16700,16900,-1,2.643890142440796,2.209465980529785
baseline,36517,1851,SA13/D04_SA13_R01.txt,SA13,D04,1,0,validation,16800,17000,-1,2.643890142440796,2.209465980529785
baseline,36518,1851,SA13/D04_SA13_R01.txt,SA13,D04,1,0,validation,16900,17100,-1,2.6825990676879883,2.209465980529785
baseline,36519,1851,SA13/D04_SA13_R01.txt,SA13,D04,1,0,validation,17000,17200,-1,2.6825990676879883,2.209465980529785
baseline,36520,1851,SA13/D04_SA13_R01.txt,SA13,D04,1,0,validation,17100,17300,-1,2.5400390625,2.209465980529785
baseline,36521,1851,SA13/D04_SA13_R01.txt,SA13,D04,1,0,validation,17200,17400,-1,2.511613607406616,2.209465980529785
baseline,36522,1851,SA13/D04_SA13_R01.txt,SA13,D04,1,0,validation,17300,17500,-1,2.433566093444824,2.209465980529785
baseline,36523,1851,SA13/D04_SA13_R01.txt,SA13,D04,1,0,validation,17400,17600,-1,2.423111915588379,2.209465980529785
baseline,36524,1851,SA13/D04_SA13_R01.txt,SA13,D04,1,0,validation,17500,17700,-1,2.498375654220581,2.209465980529785
baseline,36525,1851,SA13/D04_SA13_R01.txt,SA13,D04,1,0,validation,17600,17800,-1,2.498375654220581,2.209465980529785
baseline,36526,1851,SA13/D04_SA13_R01.txt,SA13,D04,1,0,validation,17700,17900,-1,2.3481483459472656,2.209465980529785
baseline,36527,1851,SA13/D04_SA13_R01.txt,SA13,D04,1,0,validation,17800,18000,-1,2.5185935497283936,2.209465980529785
baseline,36528,1851,SA13/D04_SA13_R01.txt,SA13,D04,1,0,validation,17900,18100,-1,2.570289134979248,2.209465980529785
baseline,36529,1851,SA13/D04_SA13_R01.txt,SA13,D04,1,0,validation,18000,18200,-1,2.6453216075897217,2.209465980529785
baseline,36530,1851,SA13/D04_SA13_R01.txt,SA13,D04,1,0,validation,18100,18300,-1,2.6453216075897217,2.209465980529785
baseline,36531,1851,SA13/D04_SA13_R01.txt,SA13,D04,1,0,validation,18200,18400,-1,2.6089398860931396,2.209465980529785
baseline,36532,1851,SA13/D04_SA13_R01.txt,SA13,D04,1,0,validation,18300,18500,-1,2.6089398860931396,2.209465980529785
baseline,36533,1851,SA13/D04_SA13_R01.txt,SA13,D04,1,0,validation,18400,18600,-1,2.7021656036376953,2.209465980529785
baseline,36534,1851,SA13/D04_SA13_R01.txt,SA13,D04,1,0,validation,18500,18700,-1,2.7021656036376953,2.209465980529785
baseline,36535,1851,SA13/D04_SA13_R01.txt,SA13,D04,1,0,validation,18600,18800,-1,2.6919360160827637,2.209465980529785
baseline,36536,1851,SA13/D04_SA13_R01.txt,SA13,D04,1,0,validation,18700,18900,-1,2.7241427898406982,2.209465980529785
baseline,36537,1851,SA13/D04_SA13_R01.txt,SA13,D04,1,0,validation,18800,19000,-1,2.7241427898406982,2.209465980529785
baseline,36538,1851,SA13/D04_SA13_R01.txt,SA13,D04,1,0,validation,18900,19100,-1,2.6870412826538086,2.209465980529785
baseline,36539,1851,SA13/D04_SA13_R01.txt,SA13,D04,1,0,validation,19000,19200,-1,2.621553897857666,2.209465980529785
baseline,36540,1851,SA13/D04_SA13_R01.txt,SA13,D04,1,0,validation,19100,19300,-1,2.673321485519409,2.209465980529785
baseline,36541,1851,SA13/D04_SA13_R01.txt,SA13,D04,1,0,validation,19200,19400,-1,2.673321485519409,2.209465980529785
baseline,36542,1851,SA13/D04_SA13_R01.txt,SA13,D04,1,0,validation,19300,19500,-1,2.7438788414001465,2.209465980529785
baseline,36543,1851,SA13/D04_SA13_R01.txt,SA13,D04,1,0,validation,19400,19600,-1,2.7438788414001465,2.209465980529785
baseline,36544,1851,SA13/D04_SA13_R01.txt,SA13,D04,1,0,validation,19500,19700,-1,2.7622830867767334,2.209465980529785
baseline,36545,1851,SA13/D04_SA13_R01.txt,SA13,D04,1,0,validation,19600,19800,-1,2.7622830867767334,2.209465980529785
baseline,36546,1851,SA13/D04_SA13_R01.txt,SA13,D04,1,0,validation,19700,19900,-1,2.5284712314605713,2.209465980529785
baseline,36547,1851,SA13/D04_SA13_R01.txt,SA13,D04,1,0,validation,19800,20000,-1,2.694765090942383,2.209465980529785
baseline,36800,1857,SA13/D06_SA13_R01.txt,SA13,D06,1,0,validation,700,900,-1,2.363783836364746,2.209465980529785
baseline,36801,1857,SA13/D06_SA13_R01.txt,SA13,D06,1,0,validation,800,1000,-1,2.9899277687072754,2.209465980529785
baseline,36802,1857,SA13/D06_SA13_R01.txt,SA13,D06,1,0,validation,900,1100,-1,3.081733465194702,2.209465980529785
baseline,36803,1857,SA13/D06_SA13_R01.txt,SA13,D06,1,0,validation,1000,1200,-1,3.081733465194702,2.209465980529785
baseline,36804,1857,SA13/D06_SA13_R01.txt,SA13,D06,1,0,validation,1100,1300,-1,3.0081448554992676,2.209465980529785
baseline,36805,1857,SA13/D06_SA13_R01.txt,SA13,D06,1,0,validation,1200,1400,-1,2.792510747909546,2.209465980529785
baseline,36806,1857,SA13/D06_SA13_R01.txt,SA13,D06,1,0,validation,1300,1500,-1,2.7884931564331055,2.209465980529785
baseline,36807,1857,SA13/D06_SA13_R01.txt,SA13,D06,1,0,validation,1400,1600,-1,2.3246257305145264,2.209465980529785
baseline,36817,1857,SA13/D06_SA13_R01.txt,SA13,D06,1,0,validation,2400,2600,-1,2.5132057666778564,2.209465980529785
baseline,36818,1857,SA13/D06_SA13_R01.txt,SA13,D06,1,0,validation,2500,2700,-1,2.5132057666778564,2.209465980529785
baseline,36819,1857,SA13/D06_SA13_R01.txt,SA13,D06,1,0,validation,2600,2800,-1,2.4897944927215576,2.209465980529785
baseline,36820,1857,SA13/D06_SA13_R01.txt,SA13,D06,1,0,validation,2700,2900,-1,2.2829740047454834,2.209465980529785
baseline,36821,1857,SA13/D06_SA13_R01.txt,SA13,D06,1,0,validation,2800,3000,-1,2.2829740047454834,2.209465980529785
baseline,36822,1857,SA13/D06_SA13_R01.txt,SA13,D06,1,0,validation,2900,3100,-1,2.247217893600464,2.209465980529785
baseline,36823,1857,SA13/D06_SA13_R01.txt,SA13,D06,1,0,validation,3000,3200,-1,2.247217893600464,2.209465980529785
baseline,36849,1858,SA13/D06_SA13_R02.txt,SA13,D06,2,0,validation,800,1000,-1,2.445852279663086,2.209465980529785
baseline,36850,1858,SA13/D06_SA13_R02.txt,SA13,D06,2,0,validation,900,1100,-1,3.1808345317840576,2.209465980529785
baseline,36851,1858,SA13/D06_SA13_R02.txt,SA13,D06,2,0,validation,1000,1200,-1,3.1808345317840576,2.209465980529785
baseline,36852,1858,SA13/D06_SA13_R02.txt,SA13,D06,2,0,validation,1100,1300,-1,3.090420961380005,2.209465980529785
baseline,36853,1858,SA13/D06_SA13_R02.txt,SA13,D06,2,0,validation,1200,1400,-1,3.0329530239105225,2.209465980529785
baseline,36854,1858,SA13/D06_SA13_R02.txt,SA13,D06,2,0,validation,1300,1500,-1,2.922891616821289,2.209465980529785
baseline,36855,1858,SA13/D06_SA13_R02.txt,SA13,D06,2,0,validation,1400,1600,-1,2.8297510147094727,2.209465980529785
baseline,36870,1858,SA13/D06_SA13_R02.txt,SA13,D06,2,0,validation,2900,3100,-1,2.3467588424682617,2.209465980529785
baseline,36871,1858,SA13/D06_SA13_R02.txt,SA13,D06,2,0,validation,3000,3200,-1,2.475069046020508,2.209465980529785
baseline,36872,1858,SA13/D06_SA13_R02.txt,SA13,D06,2,0,validation,3100,3300,-1,2.475069046020508,2.209465980529785
baseline,36873,1858,SA13/D06_SA13_R02.txt,SA13,D06,2,0,validation,3200,3400,-1,2.4329423904418945,2.209465980529785
baseline,36899,1859,SA13/D06_SA13_R03.txt,SA13,D06,3,0,validation,900,1100,-1,2.3705501556396484,2.209465980529785
baseline,36900,1859,SA13/D06_SA13_R03.txt,SA13,D06,3,0,validation,1000,1200,-1,2.8959872722625732,2.209465980529785
baseline,36901,1859,SA13/D06_SA13_R03.txt,SA13,D06,3,0,validation,1100,1300,-1,3.064060688018799,2.209465980529785
baseline,36902,1859,SA13/D06_SA13_R03.txt,SA13,D06,3,0,validation,1200,1400,-1,3.072133779525757,2.209465980529785
baseline,36903,1859,SA13/D06_SA13_R03.txt,SA13,D06,3,0,validation,1300,1500,-1,3.072133779525757,2.209465980529785
baseline,36904,1859,SA13/D06_SA13_R03.txt,SA13,D06,3,0,validation,1400,1600,-1,3.0898261070251465,2.209465980529785
baseline,36905,1859,SA13/D06_SA13_R03.txt,SA13,D06,3,0,validation,1500,1700,-1,3.0898261070251465,2.209465980529785
baseline,36917,1859,SA13/D06_SA13_R03.txt,SA13,D06,3,0,validation,2700,2900,-1,2.4238431453704834,2.209465980529785
baseline,36918,1859,SA13/D06_SA13_R03.txt,SA13,D06,3,0,validation,2800,3000,-1,2.6016767024993896,2.209465980529785
baseline,36919,1859,SA13/D06_SA13_R03.txt,SA13,D06,3,0,validation,2900,3100,-1,2.6016767024993896,2.209465980529785
baseline,36920,1859,SA13/D06_SA13_R03.txt,SA13,D06,3,0,validation,3000,3200,-1,2.573795795440674,2.209465980529785
baseline,36921,1859,SA13/D06_SA13_R03.txt,SA13,D06,3,0,validation,3100,3300,-1,2.490779161453247,2.209465980529785
baseline,36948,1860,SA13/D06_SA13_R04.txt,SA13,D06,4,0,validation,900,1100,-1,2.353034496307373,2.209465980529785
baseline,36949,1860,SA13/D06_SA13_R04.txt,SA13,D06,4,0,validation,1000,1200,-1,3.077669143676758,2.209465980529785
baseline,36950,1860,SA13/D06_SA13_R04.txt,SA13,D06,4,0,validation,1100,1300,-1,3.077669143676758,2.209465980529785
baseline,36951,1860,SA13/D06_SA13_R04.txt,SA13,D06,4,0,validation,1200,1400,-1,3.1170036792755127,2.209465980529785
baseline,36952,1860,SA13/D06_SA13_R04.txt,SA13,D06,4,0,validation,1300,1500,-1,3.1423075199127197,2.209465980529785
baseline,36953,1860,SA13/D06_SA13_R04.txt,SA13,D06,4,0,validation,1400,1600,-1,3.1423075199127197,2.209465980529785
baseline,36954,1860,SA13/D06_SA13_R04.txt,SA13,D06,4,0,validation,1500,1700,-1,2.972817897796631,2.209465980529785
baseline,36955,1860,SA13/D06_SA13_R04.txt,SA13,D06,4,0,validation,1600,1800,-1,2.716618061065674,2.209465980529785
baseline,36965,1860,SA13/D06_SA13_R04.txt,SA13,D06,4,0,validation,2600,2800,-1,2.365285634994507,2.209465980529785
baseline,36966,1860,SA13/D06_SA13_R04.txt,SA13,D06,4,0,validation,2700,2900,-1,2.365285634994507,2.209465980529785
baseline,36967,1860,SA13/D06_SA13_R04.txt,SA13,D06,4,0,validation,2800,3000,-1,2.4318692684173584,2.209465980529785
baseline,36968,1860,SA13/D06_SA13_R04.txt,SA13,D06,4,0,validation,2900,3100,-1,2.4318692684173584,2.209465980529785
baseline,36969,1860,SA13/D06_SA13_R04.txt,SA13,D06,4,0,validation,3000,3200,-1,2.3683624267578125,2.209465980529785
baseline,36994,1861,SA13/D06_SA13_R05.txt,SA13,D06,5,0,validation,600,800,-1,2.813478469848633,2.209465980529785
baseline,36995,1861,SA13/D06_SA13_R05.txt,SA13,D06,5,0,validation,700,900,-1,3.260955572128296,2.209465980529785
baseline,36996,1861,SA13/D06_SA13_R05.txt,SA13,D06,5,0,validation,800,1000,-1,3.260955572128296,2.209465980529785
baseline,36997,1861,SA13/D06_SA13_R05.txt,SA13,D06,5,0,validation,900,1100,-1,3.20751953125,2.209465980529785
baseline,36998,1861,SA13/D06_SA13_R05.txt,SA13,D06,5,0,validation,1000,1200,-1,3.1753406524658203,2.209465980529785
baseline,36999,1861,SA13/D06_SA13_R05.txt,SA13,D06,5,0,validation,1100,1300,-1,3.0980656147003174,2.209465980529785
baseline,37000,1861,SA13/D06_SA13_R05.txt,SA13,D06,5,0,validation,1200,1400,-1,2.8436665534973145,2.209465980529785
baseline,37014,1861,SA13/D06_SA13_R05.txt,SA13,D06,5,0,validation,2600,2800,-1,2.614305257797241,2.209465980529785
baseline,37015,1861,SA13/D06_SA13_R05.txt,SA13,D06,5,0,validation,2700,2900,-1,2.614305257797241,2.209465980529785
baseline,37016,1861,SA13/D06_SA13_R05.txt,SA13,D06,5,0,validation,2800,3000,-1,2.4628684520721436,2.209465980529785
baseline,37017,1861,SA13/D06_SA13_R05.txt,SA13,D06,5,0,validation,2900,3100,-1,2.4628684520721436,2.209465980529785
baseline,37018,1861,SA13/D06_SA13_R05.txt,SA13,D06,5,0,validation,3000,3200,-1,2.372709274291992,2.209465980529785
baseline,37019,1861,SA13/D06_SA13_R05.txt,SA13,D06,5,0,validation,3100,3300,-1,2.312490463256836,2.209465980529785
baseline,38435,1917,SA13/D18_SA13_R01.txt,SA13,D18,1,0,validation,700,900,-1,2.514624834060669,2.209465980529785
baseline,38436,1917,SA13/D18_SA13_R01.txt,SA13,D18,1,0,validation,800,1000,-1,2.514624834060669,2.209465980529785
baseline,38457,1918,SA13/D18_SA13_R02.txt,SA13,D18,2,0,validation,600,800,-1,2.378735065460205,2.209465980529785
baseline,38458,1918,SA13/D18_SA13_R02.txt,SA13,D18,2,0,validation,700,900,-1,2.378735065460205,2.209465980529785
baseline,38484,1919,SA13/D18_SA13_R03.txt,SA13,D18,3,0,validation,1000,1200,-1,2.3767125606536865,2.209465980529785
baseline,38485,1919,SA13/D18_SA13_R03.txt,SA13,D18,3,0,validation,1100,1300,-1,2.3767125606536865,2.209465980529785
baseline,38505,1920,SA13/D18_SA13_R04.txt,SA13,D18,4,0,validation,800,1000,-1,2.4210164546966553,2.209465980529785
baseline,38506,1920,SA13/D18_SA13_R04.txt,SA13,D18,4,0,validation,900,1100,-1,2.4210164546966553,2.209465980529785
baseline,38531,1921,SA13/D18_SA13_R05.txt,SA13,D18,5,0,validation,1100,1300,-1,2.3254873752593994,2.209465980529785
baseline,38532,1921,SA13/D18_SA13_R05.txt,SA13,D18,5,0,validation,1200,1400,-1,2.5937411785125732,2.209465980529785
baseline,38533,1921,SA13/D18_SA13_R05.txt,SA13,D18,5,0,validation,1300,1500,-1,2.5937411785125732,2.209465980529785
baseline,38546,1922,SA13/D19_SA13_R01.txt,SA13,D19,1,0,validation,300,500,-1,2.212047576904297,2.209465980529785
baseline,38547,1922,SA13/D19_SA13_R01.txt,SA13,D19,1,0,validation,400,600,-1,2.5368127822875977,2.209465980529785
baseline,38548,1922,SA13/D19_SA13_R01.txt,SA13,D19,1,0,validation,500,700,-1,2.5368127822875977,2.209465980529785
baseline,38552,1922,SA13/D19_SA13_R01.txt,SA13,D19,1,0,validation,900,1100,-1,2.8152554035186768,2.209465980529785
baseline,38553,1922,SA13/D19_SA13_R01.txt,SA13,D19,1,0,validation,1000,1200,-1,2.913999080657959,2.209465980529785
baseline,38554,1922,SA13/D19_SA13_R01.txt,SA13,D19,1,0,validation,1100,1300,-1,2.913999080657959,2.209465980529785
baseline,38570,1923,SA13/D19_SA13_R02.txt,SA13,D19,2,0,validation,400,600,-1,2.692744016647339,2.209465980529785
baseline,38571,1923,SA13/D19_SA13_R02.txt,SA13,D19,2,0,validation,500,700,-1,3.0228724479675293,2.209465980529785
baseline,38572,1923,SA13/D19_SA13_R02.txt,SA13,D19,2,0,validation,600,800,-1,3.0228724479675293,2.209465980529785
baseline,38577,1923,SA13/D19_SA13_R02.txt,SA13,D19,2,0,validation,1100,1300,-1,2.5172948837280273,2.209465980529785
baseline,38578,1923,SA13/D19_SA13_R02.txt,SA13,D19,2,0,validation,1200,1400,-1,3.002516031265259,2.209465980529785
baseline,38579,1923,SA13/D19_SA13_R02.txt,SA13,D19,2,0,validation,1300,1500,-1,3.002516031265259,2.209465980529785
baseline,38594,1924,SA13/D19_SA13_R03.txt,SA13,D19,3,0,validation,500,700,-1,2.6894617080688477,2.209465980529785
baseline,38595,1924,SA13/D19_SA13_R03.txt,SA13,D19,3,0,validation,600,800,-1,3.0546176433563232,2.209465980529785
baseline,38596,1924,SA13/D19_SA13_R03.txt,SA13,D19,3,0,validation,700,900,-1,3.0546176433563232,2.209465980529785
baseline,38600,1924,SA13/D19_SA13_R03.txt,SA13,D19,3,0,validation,1100,1300,-1,2.4190926551818848,2.209465980529785
baseline,38601,1924,SA13/D19_SA13_R03.txt,SA13,D19,3,0,validation,1200,1400,-1,3.135833978652954,2.209465980529785
baseline,38602,1924,SA13/D19_SA13_R03.txt,SA13,D19,3,0,validation,1300,1500,-1,3.135833978652954,2.209465980529785
baseline,38618,1925,SA13/D19_SA13_R04.txt,SA13,D19,4,0,validation,600,800,-1,2.7711093425750732,2.209465980529785
baseline,38619,1925,SA13/D19_SA13_R04.txt,SA13,D19,4,0,validation,700,900,-1,3.1745965480804443,2.209465980529785
baseline,38620,1925,SA13/D19_SA13_R04.txt,SA13,D19,4,0,validation,800,1000,-1,3.1745965480804443,2.209465980529785
baseline,38625,1925,SA13/D19_SA13_R04.txt,SA13,D19,4,0,validation,1300,1500,-1,3.0834765434265137,2.209465980529785
baseline,38626,1925,SA13/D19_SA13_R04.txt,SA13,D19,4,0,validation,1400,1600,-1,3.0834765434265137,2.209465980529785
baseline,38627,1925,SA13/D19_SA13_R04.txt,SA13,D19,4,0,validation,1500,1700,-1,2.986647129058838,2.209465980529785
baseline,38640,1926,SA13/D19_SA13_R05.txt,SA13,D19,5,0,validation,500,700,-1,2.9475584030151367,2.209465980529785
baseline,38641,1926,SA13/D19_SA13_R05.txt,SA13,D19,5,0,validation,600,800,-1,2.9475584030151367,2.209465980529785
baseline,38642,1926,SA13/D19_SA13_R05.txt,SA13,D19,5,0,validation,700,900,-1,2.922046422958374,2.209465980529785
baseline,38648,1926,SA13/D19_SA13_R05.txt,SA13,D19,5,0,validation,1300,1500,-1,3.299717664718628,2.209465980529785
baseline,38649,1926,SA13/D19_SA13_R05.txt,SA13,D19,5,0,validation,1400,1600,-1,3.299717664718628,2.209465980529785
baseline,38650,1926,SA13/D19_SA13_R05.txt,SA13,D19,5,0,validation,1500,1700,-1,2.826695203781128,2.209465980529785
baseline,38671,1940,SA13/F03_SA13_R04.txt,SA13,F03,4,1,validation,46,246,146,1.3120830059051514,2.209465980529785
baseline,38686,1955,SA13/F06_SA13_R04.txt,SA13,F06,4,1,validation,1343,1543,1443,1.7257574796676636,2.209465980529785
baseline,38700,1969,SA13/F09_SA13_R03.txt,SA13,F09,3,1,validation,397,597,497,2.100754976272583,2.209465980529785
baseline,38709,1978,SA13/F11_SA13_R02.txt,SA13,F11,2,1,validation,600,800,700,1.8570525646209717,2.209465980529785
baseline,38713,1982,SA13/F12_SA13_R01.txt,SA13,F12,1,1,validation,545,745,645,2.16393780708313,2.209465980529785
baseline,53737,2768,SA19/D03_SA19_R01.txt,SA19,D03,1,0,validation,0,200,-1,2.257575511932373,2.209465980529785
baseline,53738,2768,SA19/D03_SA19_R01.txt,SA19,D03,1,0,validation,100,300,-1,2.257575511932373,2.209465980529785
baseline,53739,2768,SA19/D03_SA19_R01.txt,SA19,D03,1,0,validation,200,400,-1,2.4124808311462402,2.209465980529785
baseline,53740,2768,SA19/D03_SA19_R01.txt,SA19,D03,1,0,validation,300,500,-1,2.4124808311462402,2.209465980529785
baseline,53826,2768,SA19/D03_SA19_R01.txt,SA19,D03,1,0,validation,8900,9100,-1,2.3353447914123535,2.209465980529785
baseline,53827,2768,SA19/D03_SA19_R01.txt,SA19,D03,1,0,validation,9000,9200,-1,2.3353447914123535,2.209465980529785
baseline,53853,2768,SA19/D03_SA19_R01.txt,SA19,D03,1,0,validation,11600,11800,-1,2.7915682792663574,2.209465980529785
baseline,53854,2768,SA19/D03_SA19_R01.txt,SA19,D03,1,0,validation,11700,11900,-1,2.811738967895508,2.209465980529785
baseline,53855,2768,SA19/D03_SA19_R01.txt,SA19,D03,1,0,validation,11800,12000,-1,2.811738967895508,2.209465980529785
baseline,53856,2768,SA19/D03_SA19_R01.txt,SA19,D03,1,0,validation,11900,12100,-1,2.486297845840454,2.209465980529785
baseline,53857,2768,SA19/D03_SA19_R01.txt,SA19,D03,1,0,validation,12000,12200,-1,2.486297845840454,2.209465980529785
baseline,53870,2768,SA19/D03_SA19_R01.txt,SA19,D03,1,0,validation,13300,13500,-1,2.2406890392303467,2.209465980529785
baseline,53871,2768,SA19/D03_SA19_R01.txt,SA19,D03,1,0,validation,13400,13600,-1,2.2406890392303467,2.209465980529785
baseline,53936,2769,SA19/D04_SA19_R01.txt,SA19,D04,1,0,validation,0,200,-1,2.5114595890045166,2.209465980529785
baseline,53937,2769,SA19/D04_SA19_R01.txt,SA19,D04,1,0,validation,100,300,-1,2.5114595890045166,2.209465980529785
baseline,53938,2769,SA19/D04_SA19_R01.txt,SA19,D04,1,0,validation,200,400,-1,2.6744089126586914,2.209465980529785
baseline,53939,2769,SA19/D04_SA19_R01.txt,SA19,D04,1,0,validation,300,500,-1,2.6744089126586914,2.209465980529785
baseline,53940,2769,SA19/D04_SA19_R01.txt,SA19,D04,1,0,validation,400,600,-1,2.5676169395446777,2.209465980529785
baseline,53941,2769,SA19/D04_SA19_R01.txt,SA19,D04,1,0,validation,500,700,-1,2.5676169395446777,2.209465980529785
baseline,53942,2769,SA19/D04_SA19_R01.txt,SA19,D04,1,0,validation,600,800,-1,2.5359244346618652,2.209465980529785
baseline,53943,2769,SA19/D04_SA19_R01.txt,SA19,D04,1,0,validation,700,900,-1,2.67159104347229,2.209465980529785
baseline,53944,2769,SA19/D04_SA19_R01.txt,SA19,D04,1,0,validation,800,1000,-1,2.67159104347229,2.209465980529785
baseline,53945,2769,SA19/D04_SA19_R01.txt,SA19,D04,1,0,validation,900,1100,-1,2.588383674621582,2.209465980529785
baseline,53946,2769,SA19/D04_SA19_R01.txt,SA19,D04,1,0,validation,1000,1200,-1,2.404510736465454,2.209465980529785
baseline,53947,2769,SA19/D04_SA19_R01.txt,SA19,D04,1,0,validation,1100,1300,-1,2.6131973266601562,2.209465980529785
baseline,53948,2769,SA19/D04_SA19_R01.txt,SA19,D04,1,0,validation,1200,1400,-1,2.6131973266601562,2.209465980529785
baseline,53949,2769,SA19/D04_SA19_R01.txt,SA19,D04,1,0,validation,1300,1500,-1,2.6102287769317627,2.209465980529785
baseline,53950,2769,SA19/D04_SA19_R01.txt,SA19,D04,1,0,validation,1400,1600,-1,2.5891683101654053,2.209465980529785
baseline,53951,2769,SA19/D04_SA19_R01.txt,SA19,D04,1,0,validation,1500,1700,-1,2.5891683101654053,2.209465980529785
baseline,53952,2769,SA19/D04_SA19_R01.txt,SA19,D04,1,0,validation,1600,1800,-1,2.5600128173828125,2.209465980529785
baseline,53953,2769,SA19/D04_SA19_R01.txt,SA19,D04,1,0,validation,1700,1900,-1,2.4541220664978027,2.209465980529785
baseline,53954,2769,SA19/D04_SA19_R01.txt,SA19,D04,1,0,validation,1800,2000,-1,2.473802328109741,2.209465980529785
baseline,53955,2769,SA19/D04_SA19_R01.txt,SA19,D04,1,0,validation,1900,2100,-1,2.5417847633361816,2.209465980529785
baseline,53956,2769,SA19/D04_SA19_R01.txt,SA19,D04,1,0,validation,2000,2200,-1,2.5417847633361816,2.209465980529785
baseline,53957,2769,SA19/D04_SA19_R01.txt,SA19,D04,1,0,validation,2100,2300,-1,2.4550254344940186,2.209465980529785
baseline,53958,2769,SA19/D04_SA19_R01.txt,SA19,D04,1,0,validation,2200,2400,-1,2.5930843353271484,2.209465980529785
baseline,53959,2769,SA19/D04_SA19_R01.txt,SA19,D04,1,0,validation,2300,2500,-1,2.5930843353271484,2.209465980529785
baseline,53960,2769,SA19/D04_SA19_R01.txt,SA19,D04,1,0,validation,2400,2600,-1,2.5317909717559814,2.209465980529785
baseline,53961,2769,SA19/D04_SA19_R01.txt,SA19,D04,1,0,validation,2500,2700,-1,2.5317909717559814,2.209465980529785
baseline,53962,2769,SA19/D04_SA19_R01.txt,SA19,D04,1,0,validation,2600,2800,-1,2.5242116451263428,2.209465980529785
baseline,53963,2769,SA19/D04_SA19_R01.txt,SA19,D04,1,0,validation,2700,2900,-1,2.5242116451263428,2.209465980529785
baseline,53964,2769,SA19/D04_SA19_R01.txt,SA19,D04,1,0,validation,2800,3000,-1,2.613284111022949,2.209465980529785
baseline,53965,2769,SA19/D04_SA19_R01.txt,SA19,D04,1,0,validation,2900,3100,-1,2.613284111022949,2.209465980529785
baseline,53966,2769,SA19/D04_SA19_R01.txt,SA19,D04,1,0,validation,3000,3200,-1,2.5412235260009766,2.209465980529785
baseline,53967,2769,SA19/D04_SA19_R01.txt,SA19,D04,1,0,validation,3100,3300,-1,2.6339776515960693,2.209465980529785
baseline,53968,2769,SA19/D04_SA19_R01.txt,SA19,D04,1,0,validation,3200,3400,-1,2.6339776515960693,2.209465980529785
baseline,53969,2769,SA19/D04_SA19_R01.txt,SA19,D04,1,0,validation,3300,3500,-1,2.42303466796875,2.209465980529785
baseline,53970,2769,SA19/D04_SA19_R01.txt,SA19,D04,1,0,validation,3400,3600,-1,2.645536184310913,2.209465980529785
baseline,53971,2769,SA19/D04_SA19_R01.txt,SA19,D04,1,0,validation,3500,3700,-1,2.645536184310913,2.209465980529785
baseline,53972,2769,SA19/D04_SA19_R01.txt,SA19,D04,1,0,validation,3600,3800,-1,2.4796109199523926,2.209465980529785
baseline,53973,2769,SA19/D04_SA19_R01.txt,SA19,D04,1,0,validation,3700,3900,-1,2.4796109199523926,2.209465980529785
baseline,53974,2769,SA19/D04_SA19_R01.txt,SA19,D04,1,0,validation,3800,4000,-1,2.5385560989379883,2.209465980529785
baseline,53975,2769,SA19/D04_SA19_R01.txt,SA19,D04,1,0,validation,3900,4100,-1,2.608328104019165,2.209465980529785
baseline,53976,2769,SA19/D04_SA19_R01.txt,SA19,D04,1,0,validation,4000,4200,-1,2.608328104019165,2.209465980529785
baseline,53977,2769,SA19/D04_SA19_R01.txt,SA19,D04,1,0,validation,4100,4300,-1,2.5261478424072266,2.209465980529785
baseline,53978,2769,SA19/D04_SA19_R01.txt,SA19,D04,1,0,validation,4200,4400,-1,2.6212239265441895,2.209465980529785
baseline,53979,2769,SA19/D04_SA19_R01.txt,SA19,D04,1,0,validation,4300,4500,-1,2.6212239265441895,2.209465980529785
baseline,53980,2769,SA19/D04_SA19_R01.txt,SA19,D04,1,0,validation,4400,4600,-1,2.589869260787964,2.209465980529785
baseline,53981,2769,SA19/D04_SA19_R01.txt,SA19,D04,1,0,validation,4500,4700,-1,2.702974319458008,2.209465980529785
baseline,53982,2769,SA19/D04_SA19_R01.txt,SA19,D04,1,0,validation,4600,4800,-1,2.702974319458008,2.209465980529785
baseline,53983,2769,SA19/D04_SA19_R01.txt,SA19,D04,1,0,validation,4700,4900,-1,2.8015949726104736,2.209465980529785
baseline,53984,2769,SA19/D04_SA19_R01.txt,SA19,D04,1,0,validation,4800,5000,-1,2.8015949726104736,2.209465980529785
baseline,53985,2769,SA19/D04_SA19_R01.txt,SA19,D04,1,0,validation,4900,5100,-1,2.5277459621429443,2.209465980529785
baseline,53986,2769,SA19/D04_SA19_R01.txt,SA19,D04,1,0,validation,5000,5200,-1,2.5277459621429443,2.209465980529785
baseline,53987,2769,SA19/D04_SA19_R01.txt,SA19,D04,1,0,validation,5100,5300,-1,2.5921168327331543,2.209465980529785
baseline,53988,2769,SA19/D04_SA19_R01.txt,SA19,D04,1,0,validation,5200,5400,-1,2.5921168327331543,2.209465980529785
baseline,53989,2769,SA19/D04_SA19_R01.txt,SA19,D04,1,0,validation,5300,5500,-1,2.5026767253875732,2.209465980529785
baseline,53990,2769,SA19/D04_SA19_R01.txt,SA19,D04,1,0,validation,5400,5600,-1,2.675440549850464,2.209465980529785
baseline,53991,2769,SA19/D04_SA19_R01.txt,SA19,D04,1,0,validation,5500,5700,-1,2.675440549850464,2.209465980529785
baseline,53992,2769,SA19/D04_SA19_R01.txt,SA19,D04,1,0,validation,5600,5800,-1,2.4677412509918213,2.209465980529785
baseline,53993,2769,SA19/D04_SA19_R01.txt,SA19,D04,1,0,validation,5700,5900,-1,2.642949104309082,2.209465980529785
baseline,53994,2769,SA19/D04_SA19_R01.txt,SA19,D04,1,0,validation,5800,6000,-1,2.642949104309082,2.209465980529785
baseline,53995,2769,SA19/D04_SA19_R01.txt,SA19,D04,1,0,validation,5900,6100,-1,2.5796587467193604,2.209465980529785
baseline,53996,2769,SA19/D04_SA19_R01.txt,SA19,D04,1,0,validation,6000,6200,-1,2.5796587467193604,2.209465980529785
baseline,53997,2769,SA19/D04_SA19_R01.txt,SA19,D04,1,0,validation,6100,6300,-1,2.665212869644165,2.209465980529785
baseline,53998,2769,SA19/D04_SA19_R01.txt,SA19,D04,1,0,validation,6200,6400,-1,2.665212869644165,2.209465980529785
baseline,53999,2769,SA19/D04_SA19_R01.txt,SA19,D04,1,0,validation,6300,6500,-1,2.553152561187744,2.209465980529785
baseline,54000,2769,SA19/D04_SA19_R01.txt,SA19,D04,1,0,validation,6400,6600,-1,2.495626449584961,2.209465980529785
baseline,54001,2769,SA19/D04_SA19_R01.txt,SA19,D04,1,0,validation,6500,6700,-1,2.5830371379852295,2.209465980529785
baseline,54002,2769,SA19/D04_SA19_R01.txt,SA19,D04,1,0,validation,6600,6800,-1,2.5830371379852295,2.209465980529785
baseline,54003,2769,SA19/D04_SA19_R01.txt,SA19,D04,1,0,validation,6700,6900,-1,2.4587385654449463,2.209465980529785
baseline,54004,2769,SA19/D04_SA19_R01.txt,SA19,D04,1,0,validation,6800,7000,-1,2.5718374252319336,2.209465980529785
baseline,54005,2769,SA19/D04_SA19_R01.txt,SA19,D04,1,0,validation,6900,7100,-1,2.5718374252319336,2.209465980529785
baseline,54006,2769,SA19/D04_SA19_R01.txt,SA19,D04,1,0,validation,7000,7200,-1,2.629808187484741,2.209465980529785
baseline,54007,2769,SA19/D04_SA19_R01.txt,SA19,D04,1,0,validation,7100,7300,-1,2.629808187484741,2.209465980529785
baseline,54008,2769,SA19/D04_SA19_R01.txt,SA19,D04,1,0,validation,7200,7400,-1,2.3769989013671875,2.209465980529785
baseline,54009,2769,SA19/D04_SA19_R01.txt,SA19,D04,1,0,validation,7300,7500,-1,2.5332860946655273,2.209465980529785
baseline,54010,2769,SA19/D04_SA19_R01.txt,SA19,D04,1,0,validation,7400,7600,-1,2.5332860946655273,2.209465980529785
baseline,54011,2769,SA19/D04_SA19_R01.txt,SA19,D04,1,0,validation,7500,7700,-1,2.4794702529907227,2.209465980529785
baseline,54012,2769,SA19/D04_SA19_R01.txt,SA19,D04,1,0,validation,7600,7800,-1,2.3312747478485107,2.209465980529785
baseline,54013,2769,SA19/D04_SA19_R01.txt,SA19,D04,1,0,validation,7700,7900,-1,2.647063970565796,2.209465980529785
baseline,54014,2769,SA19/D04_SA19_R01.txt,SA19,D04,1,0,validation,7800,8000,-1,2.647063970565796,2.209465980529785
baseline,54015,2769,SA19/D04_SA19_R01.txt,SA19,D04,1,0,validation,7900,8100,-1,2.597846746444702,2.209465980529785
baseline,54016,2769,SA19/D04_SA19_R01.txt,SA19,D04,1,0,validation,8000,8200,-1,2.5312750339508057,2.209465980529785
baseline,54017,2769,SA19/D04_SA19_R01.txt,SA19,D04,1,0,validation,8100,8300,-1,2.5912015438079834,2.209465980529785
baseline,54018,2769,SA19/D04_SA19_R01.txt,SA19,D04,1,0,validation,8200,8400,-1,2.5912015438079834,2.209465980529785
baseline,54019,2769,SA19/D04_SA19_R01.txt,SA19,D04,1,0,validation,8300,8500,-1,2.5624775886535645,2.209465980529785
baseline,54020,2769,SA19/D04_SA19_R01.txt,SA19,D04,1,0,validation,8400,8600,-1,2.5234310626983643,2.209465980529785
baseline,54021,2769,SA19/D04_SA19_R01.txt,SA19,D04,1,0,validation,8500,8700,-1,2.5234310626983643,2.209465980529785
baseline,54022,2769,SA19/D04_SA19_R01.txt,SA19,D04,1,0,validation,8600,8800,-1,2.4901604652404785,2.209465980529785
baseline,54023,2769,SA19/D04_SA19_R01.txt,SA19,D04,1,0,validation,8700,8900,-1,2.4901604652404785,2.209465980529785
baseline,54024,2769,SA19/D04_SA19_R01.txt,SA19,D04,1,0,validation,8800,9000,-1,2.572448968887329,2.209465980529785
baseline,54025,2769,SA19/D04_SA19_R01.txt,SA19,D04,1,0,validation,8900,9100,-1,2.6072804927825928,2.209465980529785
baseline,54026,2769,SA19/D04_SA19_R01.txt,SA19,D04,1,0,validation,9000,9200,-1,2.6072804927825928,2.209465980529785
baseline,54027,2769,SA19/D04_SA19_R01.txt,SA19,D04,1,0,validation,9100,9300,-1,2.5829200744628906,2.209465980529785
baseline,54028,2769,SA19/D04_SA19_R01.txt,SA19,D04,1,0,validation,9200,9400,-1,2.5829200744628906,2.209465980529785
baseline,54029,2769,SA19/D04_SA19_R01.txt,SA19,D04,1,0,validation,9300,9500,-1,2.6015007495880127,2.209465980529785
baseline,54030,2769,SA19/D04_SA19_R01.txt,SA19,D04,1,0,validation,9400,9600,-1,2.6015007495880127,2.209465980529785
baseline,54031,2769,SA19/D04_SA19_R01.txt,SA19,D04,1,0,validation,9500,9700,-1,2.6239373683929443,2.209465980529785
baseline,54032,2769,SA19/D04_SA19_R01.txt,SA19,D04,1,0,validation,9600,9800,-1,2.6239373683929443,2.209465980529785
baseline,54033,2769,SA19/D04_SA19_R01.txt,SA19,D04,1,0,validation,9700,9900,-1,2.565537452697754,2.209465980529785
baseline,54034,2769,SA19/D04_SA19_R01.txt,SA19,D04,1,0,validation,9800,10000,-1,2.565537452697754,2.209465980529785
baseline,54035,2769,SA19/D04_SA19_R01.txt,SA19,D04,1,0,validation,9900,10100,-1,2.419832468032837,2.209465980529785
baseline,54036,2769,SA19/D04_SA19_R01.txt,SA19,D04,1,0,validation,10000,10200,-1,2.5367496013641357,2.209465980529785
baseline,54037,2769,SA19/D04_SA19_R01.txt,SA19,D04,1,0,validation,10100,10300,-1,2.5367496013641357,2.209465980529785
baseline,54038,2769,SA19/D04_SA19_R01.txt,SA19,D04,1,0,validation,10200,10400,-1,2.4028899669647217,2.209465980529785
baseline,54039,2769,SA19/D04_SA19_R01.txt,SA19,D04,1,0,validation,10300,10500,-1,2.2647273540496826,2.209465980529785
baseline,54040,2769,SA19/D04_SA19_R01.txt,SA19,D04,1,0,validation,10400,10600,-1,2.4752626419067383,2.209465980529785
baseline,54041,2769,SA19/D04_SA19_R01.txt,SA19,D04,1,0,validation,10500,10700,-1,2.6195285320281982,2.209465980529785
baseline,54042,2769,SA19/D04_SA19_R01.txt,SA19,D04,1,0,validation,10600,10800,-1,2.6195285320281982,2.209465980529785
baseline,54043,2769,SA19/D04_SA19_R01.txt,SA19,D04,1,0,validation,10700,10900,-1,2.324378490447998,2.209465980529785
baseline,54044,2769,SA19/D04_SA19_R01.txt,SA19,D04,1,0,validation,10800,11000,-1,2.6018929481506348,2.209465980529785
baseline,54045,2769,SA19/D04_SA19_R01.txt,SA19,D04,1,0,validation,10900,11100,-1,2.6018929481506348,2.209465980529785
baseline,54046,2769,SA19/D04_SA19_R01.txt,SA19,D04,1,0,validation,11000,11200,-1,2.5358173847198486,2.209465980529785
baseline,54047,2769,SA19/D04_SA19_R01.txt,SA19,D04,1,0,validation,11100,11300,-1,2.5237412452697754,2.209465980529785
baseline,54048,2769,SA19/D04_SA19_R01.txt,SA19,D04,1,0,validation,11200,11400,-1,2.4246678352355957,2.209465980529785
baseline,54049,2769,SA19/D04_SA19_R01.txt,SA19,D04,1,0,validation,11300,11500,-1,2.467846393585205,2.209465980529785
baseline,54050,2769,SA19/D04_SA19_R01.txt,SA19,D04,1,0,validation,11400,11600,-1,2.467846393585205,2.209465980529785
baseline,54051,2769,SA19/D04_SA19_R01.txt,SA19,D04,1,0,validation,11500,11700,-1,2.417004108428955,2.209465980529785
baseline,54052,2769,SA19/D04_SA19_R01.txt,SA19,D04,1,0,validation,11600,11800,-1,2.5809099674224854,2.209465980529785
baseline,54053,2769,SA19/D04_SA19_R01.txt,SA19,D04,1,0,validation,11700,11900,-1,2.5809099674224854,2.209465980529785
baseline,54054,2769,SA19/D04_SA19_R01.txt,SA19,D04,1,0,validation,11800,12000,-1,2.51155686378479,2.209465980529785
baseline,54055,2769,SA19/D04_SA19_R01.txt,SA19,D04,1,0,validation,11900,12100,-1,2.549887180328369,2.209465980529785
baseline,54056,2769,SA19/D04_SA19_R01.txt,SA19,D04,1,0,validation,12000,12200,-1,2.549887180328369,2.209465980529785
baseline,54057,2769,SA19/D04_SA19_R01.txt,SA19,D04,1,0,validation,12100,12300,-1,2.522031784057617,2.209465980529785
baseline,54058,2769,SA19/D04_SA19_R01.txt,SA19,D04,1,0,validation,12200,12400,-1,2.4155993461608887,2.209465980529785
baseline,54059,2769,SA19/D04_SA19_R01.txt,SA19,D04,1,0,validation,12300,12500,-1,2.443068504333496,2.209465980529785
baseline,54060,2769,SA19/D04_SA19_R01.txt,SA19,D04,1,0,validation,12400,12600,-1,2.443068504333496,2.209465980529785
baseline,54061,2769,SA19/D04_SA19_R01.txt,SA19,D04,1,0,validation,12500,12700,-1,2.4196043014526367,2.209465980529785
baseline,54062,2769,SA19/D04_SA19_R01.txt,SA19,D04,1,0,validation,12600,12800,-1,2.517345428466797,2.209465980529785
baseline,54063,2769,SA19/D04_SA19_R01.txt,SA19,D04,1,0,validation,12700,12900,-1,2.517345428466797,2.209465980529785
baseline,54064,2769,SA19/D04_SA19_R01.txt,SA19,D04,1,0,validation,12800,13000,-1,2.447902202606201,2.209465980529785
baseline,54065,2769,SA19/D04_SA19_R01.txt,SA19,D04,1,0,validation,12900,13100,-1,2.553724765777588,2.209465980529785
baseline,54066,2769,SA19/D04_SA19_R01.txt,SA19,D04,1,0,validation,13000,13200,-1,2.553724765777588,2.209465980529785
baseline,54067,2769,SA19/D04_SA19_R01.txt,SA19,D04,1,0,validation,13100,13300,-1,2.566477060317993,2.209465980529785
baseline,54068,2769,SA19/D04_SA19_R01.txt,SA19,D04,1,0,validation,13200,13400,-1,2.566477060317993,2.209465980529785
baseline,54069,2769,SA19/D04_SA19_R01.txt,SA19,D04,1,0,validation,13300,13500,-1,2.4671363830566406,2.209465980529785
baseline,54070,2769,SA19/D04_SA19_R01.txt,SA19,D04,1,0,validation,13400,13600,-1,2.4671363830566406,2.209465980529785
baseline,54071,2769,SA19/D04_SA19_R01.txt,SA19,D04,1,0,validation,13500,13700,-1,2.3650057315826416,2.209465980529785
baseline,54072,2769,SA19/D04_SA19_R01.txt,SA19,D04,1,0,validation,13600,13800,-1,2.435229778289795,2.209465980529785
baseline,54073,2769,SA19/D04_SA19_R01.txt,SA19,D04,1,0,validation,13700,13900,-1,2.560293674468994,2.209465980529785
baseline,54074,2769,SA19/D04_SA19_R01.txt,SA19,D04,1,0,validation,13800,14000,-1,2.5942623615264893,2.209465980529785
baseline,54075,2769,SA19/D04_SA19_R01.txt,SA19,D04,1,0,validation,13900,14100,-1,2.5942623615264893,2.209465980529785
baseline,54076,2769,SA19/D04_SA19_R01.txt,SA19,D04,1,0,validation,14000,14200,-1,2.527247428894043,2.209465980529785
baseline,54077,2769,SA19/D04_SA19_R01.txt,SA19,D04,1,0,validation,14100,14300,-1,2.527247428894043,2.209465980529785
baseline,54078,2769,SA19/D04_SA19_R01.txt,SA19,D04,1,0,validation,14200,14400,-1,2.505490303039551,2.209465980529785
baseline,54079,2769,SA19/D04_SA19_R01.txt,SA19,D04,1,0,validation,14300,14500,-1,2.4924678802490234,2.209465980529785
baseline,54080,2769,SA19/D04_SA19_R01.txt,SA19,D04,1,0,validation,14400,14600,-1,2.803767204284668,2.209465980529785
baseline,54081,2769,SA19/D04_SA19_R01.txt,SA19,D04,1,0,validation,14500,14700,-1,2.803767204284668,2.209465980529785
baseline,54082,2769,SA19/D04_SA19_R01.txt,SA19,D04,1,0,validation,14600,14800,-1,2.5015017986297607,2.209465980529785
baseline,54083,2769,SA19/D04_SA19_R01.txt,SA19,D04,1,0,validation,14700,14900,-1,2.452664375305176,2.209465980529785
baseline,54084,2769,SA19/D04_SA19_R01.txt,SA19,D04,1,0,validation,14800,15000,-1,2.575127363204956,2.209465980529785
baseline,54085,2769,SA19/D04_SA19_R01.txt,SA19,D04,1,0,validation,14900,15100,-1,2.575127363204956,2.209465980529785
baseline,54086,2769,SA19/D04_SA19_R01.txt,SA19,D04,1,0,validation,15000,15200,-1,2.5150418281555176,2.209465980529785
baseline,54087,2769,SA19/D04_SA19_R01.txt,SA19,D04,1,0,validation,15100,15300,-1,2.5150418281555176,2.209465980529785
baseline,54088,2769,SA19/D04_SA19_R01.txt,SA19,D04,1,0,validation,15200,15400,-1,2.60526704788208,2.209465980529785
baseline,54089,2769,SA19/D04_SA19_R01.txt,SA19,D04,1,0,validation,15300,15500,-1,2.60526704788208,2.209465980529785
baseline,54090,2769,SA19/D04_SA19_R01.txt,SA19,D04,1,0,validation,15400,15600,-1,2.5297727584838867,2.209465980529785
baseline,54091,2769,SA19/D04_SA19_R01.txt,SA19,D04,1,0,validation,15500,15700,-1,2.5297727584838867,2.209465980529785
baseline,54092,2769,SA19/D04_SA19_R01.txt,SA19,D04,1,0,validation,15600,15800,-1,2.5332412719726562,2.209465980529785
baseline,54093,2769,SA19/D04_SA19_R01.txt,SA19,D04,1,0,validation,15700,15900,-1,2.5332412719726562,2.209465980529785
baseline,54094,2769,SA19/D04_SA19_R01.txt,SA19,D04,1,0,validation,15800,16000,-1,2.4293477535247803,2.209465980529785
baseline,54095,2769,SA19/D04_SA19_R01.txt,SA19,D04,1,0,validation,15900,16100,-1,2.37270450592041,2.209465980529785
baseline,54096,2769,SA19/D04_SA19_R01.txt,SA19,D04,1,0,validation,16000,16200,-1,2.3854029178619385,2.209465980529785
baseline,54097,2769,SA19/D04_SA19_R01.txt,SA19,D04,1,0,validation,16100,16300,-1,2.3854029178619385,2.209465980529785
baseline,54098,2769,SA19/D04_SA19_R01.txt,SA19,D04,1,0,validation,16200,16400,-1,2.3668370246887207,2.209465980529785
baseline,54099,2769,SA19/D04_SA19_R01.txt,SA19,D04,1,0,validation,16300,16500,-1,2.425967216491699,2.209465980529785
baseline,54100,2769,SA19/D04_SA19_R01.txt,SA19,D04,1,0,validation,16400,16600,-1,2.5016090869903564,2.209465980529785
baseline,54101,2769,SA19/D04_SA19_R01.txt,SA19,D04,1,0,validation,16500,16700,-1,2.557635545730591,2.209465980529785
baseline,54102,2769,SA19/D04_SA19_R01.txt,SA19,D04,1,0,validation,16600,16800,-1,2.557635545730591,2.209465980529785
baseline,54103,2769,SA19/D04_SA19_R01.txt,SA19,D04,1,0,validation,16700,16900,-1,2.4552001953125,2.209465980529785
baseline,54104,2769,SA19/D04_SA19_R01.txt,SA19,D04,1,0,validation,16800,17000,-1,2.4835917949676514,2.209465980529785
baseline,54105,2769,SA19/D04_SA19_R01.txt,SA19,D04,1,0,validation,16900,17100,-1,2.4835917949676514,2.209465980529785
baseline,54106,2769,SA19/D04_SA19_R01.txt,SA19,D04,1,0,validation,17000,17200,-1,2.456048011779785,2.209465980529785
baseline,54107,2769,SA19/D04_SA19_R01.txt,SA19,D04,1,0,validation,17100,17300,-1,2.426072597503662,2.209465980529785
baseline,54108,2769,SA19/D04_SA19_R01.txt,SA19,D04,1,0,validation,17200,17400,-1,2.426072597503662,2.209465980529785
baseline,54109,2769,SA19/D04_SA19_R01.txt,SA19,D04,1,0,validation,17300,17500,-1,2.3940553665161133,2.209465980529785
baseline,54110,2769,SA19/D04_SA19_R01.txt,SA19,D04,1,0,validation,17400,17600,-1,2.3940553665161133,2.209465980529785
baseline,54111,2769,SA19/D04_SA19_R01.txt,SA19,D04,1,0,validation,17500,17700,-1,2.4378819465637207,2.209465980529785
baseline,54112,2769,SA19/D04_SA19_R01.txt,SA19,D04,1,0,validation,17600,17800,-1,2.4486196041107178,2.209465980529785
baseline,54113,2769,SA19/D04_SA19_R01.txt,SA19,D04,1,0,validation,17700,17900,-1,2.4486196041107178,2.209465980529785
baseline,54114,2769,SA19/D04_SA19_R01.txt,SA19,D04,1,0,validation,17800,18000,-1,2.426741361618042,2.209465980529785
baseline,54115,2769,SA19/D04_SA19_R01.txt,SA19,D04,1,0,validation,17900,18100,-1,2.3946831226348877,2.209465980529785
baseline,54116,2769,SA19/D04_SA19_R01.txt,SA19,D04,1,0,validation,18000,18200,-1,2.4635162353515625,2.209465980529785
baseline,54117,2769,SA19/D04_SA19_R01.txt,SA19,D04,1,0,validation,18100,18300,-1,2.4635162353515625,2.209465980529785
baseline,54118,2769,SA19/D04_SA19_R01.txt,SA19,D04,1,0,validation,18200,18400,-1,2.4408719539642334,2.209465980529785
baseline,54119,2769,SA19/D04_SA19_R01.txt,SA19,D04,1,0,validation,18300,18500,-1,2.4491982460021973,2.209465980529785
baseline,54120,2769,SA19/D04_SA19_R01.txt,SA19,D04,1,0,validation,18400,18600,-1,2.4491982460021973,2.209465980529785
baseline,54121,2769,SA19/D04_SA19_R01.txt,SA19,D04,1,0,validation,18500,18700,-1,2.3043529987335205,2.209465980529785
baseline,54122,2769,SA19/D04_SA19_R01.txt,SA19,D04,1,0,validation,18600,18800,-1,2.3768911361694336,2.209465980529785
baseline,54123,2769,SA19/D04_SA19_R01.txt,SA19,D04,1,0,validation,18700,18900,-1,2.629002809524536,2.209465980529785
baseline,54124,2769,SA19/D04_SA19_R01.txt,SA19,D04,1,0,validation,18800,19000,-1,2.629002809524536,2.209465980529785
baseline,54125,2769,SA19/D04_SA19_R01.txt,SA19,D04,1,0,validation,18900,19100,-1,2.5352306365966797,2.209465980529785
baseline,54126,2769,SA19/D04_SA19_R01.txt,SA19,D04,1,0,validation,19000,19200,-1,2.587070941925049,2.209465980529785
baseline,54127,2769,SA19/D04_SA19_R01.txt,SA19,D04,1,0,validation,19100,19300,-1,2.587070941925049,2.209465980529785
baseline,54128,2769,SA19/D04_SA19_R01.txt,SA19,D04,1,0,validation,19200,19400,-1,2.5177273750305176,2.209465980529785
baseline,54129,2769,SA19/D04_SA19_R01.txt,SA19,D04,1,0,validation,19300,19500,-1,2.5177273750305176,2.209465980529785
baseline,54130,2769,SA19/D04_SA19_R01.txt,SA19,D04,1,0,validation,19400,19600,-1,2.441274881362915,2.209465980529785
baseline,54131,2769,SA19/D04_SA19_R01.txt,SA19,D04,1,0,validation,19500,19700,-1,2.5718233585357666,2.209465980529785
baseline,54132,2769,SA19/D04_SA19_R01.txt,SA19,D04,1,0,validation,19600,19800,-1,2.5718233585357666,2.209465980529785
baseline,54133,2769,SA19/D04_SA19_R01.txt,SA19,D04,1,0,validation,19700,19900,-1,2.448833703994751,2.209465980529785
baseline,54134,2769,SA19/D04_SA19_R01.txt,SA19,D04,1,0,validation,19800,20000,-1,2.4898760318756104,2.209465980529785
baseline,54383,2775,SA19/D06_SA19_R01.txt,SA19,D06,1,0,validation,300,500,-1,2.6362664699554443,2.209465980529785
baseline,54384,2775,SA19/D06_SA19_R01.txt,SA19,D06,1,0,validation,400,600,-1,3.0119612216949463,2.209465980529785
baseline,54385,2775,SA19/D06_SA19_R01.txt,SA19,D06,1,0,validation,500,700,-1,3.0119612216949463,2.209465980529785
baseline,54386,2775,SA19/D06_SA19_R01.txt,SA19,D06,1,0,validation,600,800,-1,2.8808088302612305,2.209465980529785
baseline,54387,2775,SA19/D06_SA19_R01.txt,SA19,D06,1,0,validation,700,900,-1,2.6741580963134766,2.209465980529785
baseline,54388,2775,SA19/D06_SA19_R01.txt,SA19,D06,1,0,validation,800,1000,-1,2.402176856994629,2.209465980529785
baseline,54395,2775,SA19/D06_SA19_R01.txt,SA19,D06,1,0,validation,1500,1700,-1,2.34061598777771,2.209465980529785
baseline,54396,2775,SA19/D06_SA19_R01.txt,SA19,D06,1,0,validation,1600,1800,-1,2.450159788131714,2.209465980529785
baseline,54397,2775,SA19/D06_SA19_R01.txt,SA19,D06,1,0,validation,1700,1900,-1,2.450159788131714,2.209465980529785
baseline,54398,2775,SA19/D06_SA19_R01.txt,SA19,D06,1,0,validation,1800,2000,-1,2.4892117977142334,2.209465980529785
baseline,54399,2775,SA19/D06_SA19_R01.txt,SA19,D06,1,0,validation,1900,2100,-1,2.4892117977142334,2.209465980529785
baseline,54400,2775,SA19/D06_SA19_R01.txt,SA19,D06,1,0,validation,2000,2200,-1,2.4340455532073975,2.209465980529785
baseline,54433,2776,SA19/D06_SA19_R02.txt,SA19,D06,2,0,validation,400,600,-1,2.7319021224975586,2.209465980529785
baseline,54434,2776,SA19/D06_SA19_R02.txt,SA19,D06,2,0,validation,500,700,-1,2.896418333053589,2.209465980529785
baseline,54435,2776,SA19/D06_SA19_R02.txt,SA19,D06,2,0,validation,600,800,-1,3.0676422119140625,2.209465980529785
baseline,54436,2776,SA19/D06_SA19_R02.txt,SA19,D06,2,0,validation,700,900,-1,3.0676422119140625,2.209465980529785
baseline,54437,2776,SA19/D06_SA19_R02.txt,SA19,D06,2,0,validation,800,1000,-1,2.6647305488586426,2.209465980529785
baseline,54438,2776,SA19/D06_SA19_R02.txt,SA19,D06,2,0,validation,900,1100,-1,2.6238882541656494,2.209465980529785
baseline,54445,2776,SA19/D06_SA19_R02.txt,SA19,D06,2,0,validation,1600,1800,-1,2.670365810394287,2.209465980529785
baseline,54446,2776,SA19/D06_SA19_R02.txt,SA19,D06,2,0,validation,1700,1900,-1,2.670365810394287,2.209465980529785
baseline,54447,2776,SA19/D06_SA19_R02.txt,SA19,D06,2,0,validation,1800,2000,-1,2.5417587757110596,2.209465980529785
baseline,54448,2776,SA19/D06_SA19_R02.txt,SA19,D06,2,0,validation,1900,2100,-1,2.5932672023773193,2.209465980529785
baseline,54449,2776,SA19/D06_SA19_R02.txt,SA19,D06,2,0,validation,2000,2200,-1,2.5932672023773193,2.209465980529785
baseline,54450,2776,SA19/D06_SA19_R02.txt,SA19,D06,2,0,validation,2100,2300,-1,2.343292236328125,2.209465980529785
baseline,54483,2777,SA19/D06_SA19_R03.txt,SA19,D06,3,0,validation,500,700,-1,2.5755674839019775,2.209465980529785
baseline,54484,2777,SA19/D06_SA19_R03.txt,SA19,D06,3,0,validation,600,800,-1,2.946504831314087,2.209465980529785
baseline,54485,2777,SA19/D06_SA19_R03.txt,SA19,D06,3,0,validation,700,900,-1,3.006702423095703,2.209465980529785
baseline,54486,2777,SA19/D06_SA19_R03.txt,SA19,D06,3,0,validation,800,1000,-1,3.006702423095703,2.209465980529785
baseline,54487,2777,SA19/D06_SA19_R03.txt,SA19,D06,3,0,validation,900,1100,-1,2.892393112182617,2.209465980529785
baseline,54488,2777,SA19/D06_SA19_R03.txt,SA19,D06,3,0,validation,1000,1200,-1,2.5860958099365234,2.209465980529785
baseline,54494,2777,SA19/D06_SA19_R03.txt,SA19,D06,3,0,validation,1600,1800,-1,2.4776153564453125,2.209465980529785
baseline,54495,2777,SA19/D06_SA19_R03.txt,SA19,D06,3,0,validation,1700,1900,-1,2.4776153564453125,2.209465980529785
baseline,54496,2777,SA19/D06_SA19_R03.txt,SA19,D06,3,0,validation,1800,2000,-1,2.3597774505615234,2.209465980529785
baseline,54497,2777,SA19/D06_SA19_R03.txt,SA19,D06,3,0,validation,1900,2100,-1,2.4401626586914062,2.209465980529785
baseline,54498,2777,SA19/D06_SA19_R03.txt,SA19,D06,3,0,validation,2000,2200,-1,2.4401626586914062,2.209465980529785
baseline,54499,2777,SA19/D06_SA19_R03.txt,SA19,D06,3,0,validation,2100,2300,-1,2.4077014923095703,2.209465980529785
baseline,54530,2778,SA19/D06_SA19_R04.txt,SA19,D06,4,0,validation,400,600,-1,2.5721170902252197,2.209465980529785
baseline,54531,2778,SA19/D06_SA19_R04.txt,SA19,D06,4,0,validation,500,700,-1,3.0069081783294678,2.209465980529785
baseline,54532,2778,SA19/D06_SA19_R04.txt,SA19,D06,4,0,validation,600,800,-1,3.053497791290283,2.209465980529785
baseline,54533,2778,SA19/D06_SA19_R04.txt,SA19,D06,4,0,validation,700,900,-1,3.064664602279663,2.209465980529785
baseline,54534,2778,SA19/D06_SA19_R04.txt,SA19,D06,4,0,validation,800,1000,-1,3.064664602279663,2.209465980529785
baseline,54535,2778,SA19/D06_SA19_R04.txt,SA19,D06,4,0,validation,900,1100,-1,2.2149839401245117,2.209465980529785
baseline,54540,2778,SA19/D06_SA19_R04.txt,SA19,D06,4,0,validation,1400,1600,-1,2.6090145111083984,2.209465980529785
baseline,54541,2778,SA19/D06_SA19_R04.txt,SA19,D06,4,0,validation,1500,1700,-1,2.81058406829834,2.209465980529785
baseline,54542,2778,SA19/D06_SA19_R04.txt,SA19,D06,4,0,validation,1600,1800,-1,2.81058406829834,2.209465980529785
baseline,54543,2778,SA19/D06_SA19_R04.txt,SA19,D06,4,0,validation,1700,1900,-1,2.562807559967041,2.209465980529785
baseline,54544,2778,SA19/D06_SA19_R04.txt,SA19,D06,4,0,validation,1800,2000,-1,2.5246999263763428,2.209465980529785
baseline,54545,2778,SA19/D06_SA19_R04.txt,SA19,D06,4,0,validation,1900,2100,-1,2.440687656402588,2.209465980529785
baseline,54579,2779,SA19/D06_SA19_R05.txt,SA19,D06,5,0,validation,400,600,-1,2.571272373199463,2.209465980529785
baseline,54580,2779,SA19/D06_SA19_R05.txt,SA19,D06,5,0,validation,500,700,-1,3.0050580501556396,2.209465980529785
baseline,54581,2779,SA19/D06_SA19_R05.txt,SA19,D06,5,0,validation,600,800,-1,3.0050580501556396,2.209465980529785
baseline,54582,2779,SA19/D06_SA19_R05.txt,SA19,D06,5,0,validation,700,900,-1,2.9124720096588135,2.209465980529785
baseline,54583,2779,SA19/D06_SA19_R05.txt,SA19,D06,5,0,validation,800,1000,-1,2.832399606704712,2.209465980529785
baseline,54584,2779,SA19/D06_SA19_R05.txt,SA19,D06,5,0,validation,900,1100,-1,2.7288596630096436,2.209465980529785
baseline,54591,2779,SA19/D06_SA19_R05.txt,SA19,D06,5,0,validation,1600,1800,-1,2.8379085063934326,2.209465980529785
baseline,54592,2779,SA19/D06_SA19_R05.txt,SA19,D06,5,0,validation,1700,1900,-1,2.8379085063934326,2.209465980529785
baseline,54593,2779,SA19/D06_SA19_R05.txt,SA19,D06,5,0,validation,1800,2000,-1,2.7270760536193848,2.209465980529785
baseline,54594,2779,SA19/D06_SA19_R05.txt,SA19,D06,5,0,validation,1900,2100,-1,2.744788408279419,2.209465980529785
baseline,54595,2779,SA19/D06_SA19_R05.txt,SA19,D06,5,0,validation,2000,2200,-1,2.744788408279419,2.209465980529785
baseline,55111,2801,SA19/D11_SA19_R02.txt,SA19,D11,2,0,validation,800,1000,-1,2.3239917755126953,2.209465980529785
baseline,55112,2801,SA19/D11_SA19_R02.txt,SA19,D11,2,0,validation,900,1100,-1,2.3239917755126953,2.209465980529785
baseline,56017,2835,SA19/D18_SA19_R01.txt,SA19,D18,1,0,validation,500,700,-1,2.388416290283203,2.209465980529785
baseline,56018,2835,SA19/D18_SA19_R01.txt,SA19,D18,1,0,validation,600,800,-1,2.388416290283203,2.209465980529785
baseline,56019,2835,SA19/D18_SA19_R01.txt,SA19,D18,1,0,validation,700,900,-1,2.3595471382141113,2.209465980529785
baseline,56020,2835,SA19/D18_SA19_R01.txt,SA19,D18,1,0,validation,800,1000,-1,2.2345945835113525,2.209465980529785
baseline,56042,2836,SA19/D18_SA19_R02.txt,SA19,D18,2,0,validation,800,1000,-1,2.477261781692505,2.209465980529785
baseline,56043,2836,SA19/D18_SA19_R02.txt,SA19,D18,2,0,validation,900,1100,-1,2.687342643737793,2.209465980529785
baseline,56044,2836,SA19/D18_SA19_R02.txt,SA19,D18,2,0,validation,1000,1200,-1,2.687342643737793,2.209465980529785
baseline,56067,2837,SA19/D18_SA19_R03.txt,SA19,D18,3,0,validation,1000,1200,-1,2.257704496383667,2.209465980529785
baseline,56068,2837,SA19/D18_SA19_R03.txt,SA19,D18,3,0,validation,1100,1300,-1,2.257704496383667,2.209465980529785
baseline,56085,2838,SA19/D18_SA19_R04.txt,SA19,D18,4,0,validation,500,700,-1,2.3156540393829346,2.209465980529785
baseline,56086,2838,SA19/D18_SA19_R04.txt,SA19,D18,4,0,validation,600,800,-1,2.487102508544922,2.209465980529785
baseline,56087,2838,SA19/D18_SA19_R04.txt,SA19,D18,4,0,validation,700,900,-1,2.487102508544922,2.209465980529785
baseline,56109,2839,SA19/D18_SA19_R05.txt,SA19,D18,5,0,validation,600,800,-1,2.3033995628356934,2.209465980529785
baseline,56110,2839,SA19/D18_SA19_R05.txt,SA19,D18,5,0,validation,700,900,-1,2.585581064224243,2.209465980529785
baseline,56111,2839,SA19/D18_SA19_R05.txt,SA19,D18,5,0,validation,800,1000,-1,2.585581064224243,2.209465980529785
baseline,56131,2840,SA19/D19_SA19_R01.txt,SA19,D19,1,0,validation,500,700,-1,2.437194585800171,2.209465980529785
baseline,56132,2840,SA19/D19_SA19_R01.txt,SA19,D19,1,0,validation,600,800,-1,2.9852547645568848,2.209465980529785
baseline,56133,2840,SA19/D19_SA19_R01.txt,SA19,D19,1,0,validation,700,900,-1,2.9852547645568848,2.209465980529785
baseline,56136,2840,SA19/D19_SA19_R01.txt,SA19,D19,1,0,validation,1000,1200,-1,2.60587215423584,2.209465980529785
baseline,56137,2840,SA19/D19_SA19_R01.txt,SA19,D19,1,0,validation,1100,1300,-1,2.8937337398529053,2.209465980529785
baseline,56138,2840,SA19/D19_SA19_R01.txt,SA19,D19,1,0,validation,1200,1400,-1,2.8937337398529053,2.209465980529785
baseline,56155,2841,SA19/D19_SA19_R02.txt,SA19,D19,2,0,validation,600,800,-1,2.6527597904205322,2.209465980529785
baseline,56156,2841,SA19/D19_SA19_R02.txt,SA19,D19,2,0,validation,700,900,-1,2.6695148944854736,2.209465980529785
baseline,56157,2841,SA19/D19_SA19_R02.txt,SA19,D19,2,0,validation,800,1000,-1,2.6695148944854736,2.209465980529785
baseline,56161,2841,SA19/D19_SA19_R02.txt,SA19,D19,2,0,validation,1200,1400,-1,2.690713405609131,2.209465980529785
baseline,56162,2841,SA19/D19_SA19_R02.txt,SA19,D19,2,0,validation,1300,1500,-1,2.9953432083129883,2.209465980529785
baseline,56163,2841,SA19/D19_SA19_R02.txt,SA19,D19,2,0,validation,1400,1600,-1,2.9953432083129883,2.209465980529785
baseline,56177,2842,SA19/D19_SA19_R03.txt,SA19,D19,3,0,validation,500,700,-1,2.8173043727874756,2.209465980529785
baseline,56178,2842,SA19/D19_SA19_R03.txt,SA19,D19,3,0,validation,600,800,-1,2.8173043727874756,2.209465980529785
baseline,56179,2842,SA19/D19_SA19_R03.txt,SA19,D19,3,0,validation,700,900,-1,2.431133270263672,2.209465980529785
baseline,56182,2842,SA19/D19_SA19_R03.txt,SA19,D19,3,0,validation,1000,1200,-1,2.359309196472168,2.209465980529785
baseline,56183,2842,SA19/D19_SA19_R03.txt,SA19,D19,3,0,validation,1100,1300,-1,2.510758399963379,2.209465980529785
baseline,56184,2842,SA19/D19_SA19_R03.txt,SA19,D19,3,0,validation,1200,1400,-1,2.510758399963379,2.209465980529785
baseline,56201,2843,SA19/D19_SA19_R04.txt,SA19,D19,4,0,validation,600,800,-1,2.5979092121124268,2.209465980529785
baseline,56202,2843,SA19/D19_SA19_R04.txt,SA19,D19,4,0,validation,700,900,-1,2.5979092121124268,2.209465980529785
baseline,56207,2843,SA19/D19_SA19_R04.txt,SA19,D19,4,0,validation,1200,1400,-1,2.480011463165283,2.209465980529785
baseline,56208,2843,SA19/D19_SA19_R04.txt,SA19,D19,4,0,validation,1300,1500,-1,2.687490463256836,2.209465980529785
baseline,56209,2843,SA19/D19_SA19_R04.txt,SA19,D19,4,0,validation,1400,1600,-1,2.687490463256836,2.209465980529785
baseline,56222,2844,SA19/D19_SA19_R05.txt,SA19,D19,5,0,validation,400,600,-1,2.4330506324768066,2.209465980529785
baseline,56223,2844,SA19/D19_SA19_R05.txt,SA19,D19,5,0,validation,500,700,-1,2.6427066326141357,2.209465980529785
baseline,56224,2844,SA19/D19_SA19_R05.txt,SA19,D19,5,0,validation,600,800,-1,2.6427066326141357,2.209465980529785
baseline,56228,2844,SA19/D19_SA19_R05.txt,SA19,D19,5,0,validation,1000,1200,-1,2.372105836868286,2.209465980529785
baseline,56229,2844,SA19/D19_SA19_R05.txt,SA19,D19,5,0,validation,1100,1300,-1,2.7071163654327393,2.209465980529785
baseline,56230,2844,SA19/D19_SA19_R05.txt,SA19,D19,5,0,validation,1200,1400,-1,2.7071163654327393,2.209465980529785
baseline,56273,2877,SA19/F07_SA19_R03.txt,SA19,F07,3,1,validation,1325,1525,1425,1.8775724172592163,2.209465980529785
baseline,56289,2893,SA19/F10_SA19_R04.txt,SA19,F10,4,1,validation,1304,1504,1404,2.027219295501709,2.209465980529785
baseline,56305,2909,SA19/F13_SA19_R05.txt,SA19,F13,5,1,validation,1100,1300,1200,2.198259115219116,2.209465980529785
baseline,85328,4031,SE08/D03_SE08_R01.txt,SE08,D03,1,0,validation,900,1100,-1,2.2364513874053955,2.209465980529785
baseline,85329,4031,SE08/D03_SE08_R01.txt,SE08,D03,1,0,validation,1000,1200,-1,2.2364513874053955,2.209465980529785
baseline,85361,4031,SE08/D03_SE08_R01.txt,SE08,D03,1,0,validation,4200,4400,-1,2.227534532546997,2.209465980529785
baseline,85362,4031,SE08/D03_SE08_R01.txt,SE08,D03,1,0,validation,4300,4500,-1,2.227534532546997,2.209465980529785
baseline,85375,4031,SE08/D03_SE08_R01.txt,SE08,D03,1,0,validation,5600,5800,-1,2.2258591651916504,2.209465980529785
baseline,85376,4031,SE08/D03_SE08_R01.txt,SE08,D03,1,0,validation,5700,5900,-1,2.2258591651916504,2.209465980529785
baseline,85377,4031,SE08/D03_SE08_R01.txt,SE08,D03,1,0,validation,5800,6000,-1,2.24175763130188,2.209465980529785
baseline,85378,4031,SE08/D03_SE08_R01.txt,SE08,D03,1,0,validation,5900,6100,-1,2.24175763130188,2.209465980529785
baseline,85529,4032,SE08/D04_SE08_R01.txt,SE08,D04,1,0,validation,1100,1300,-1,2.278989315032959,2.209465980529785
baseline,85530,4032,SE08/D04_SE08_R01.txt,SE08,D04,1,0,validation,1200,1400,-1,2.278989315032959,2.209465980529785
baseline,85534,4032,SE08/D04_SE08_R01.txt,SE08,D04,1,0,validation,1600,1800,-1,2.219040632247925,2.209465980529785
baseline,85535,4032,SE08/D04_SE08_R01.txt,SE08,D04,1,0,validation,1700,1900,-1,2.219040632247925,2.209465980529785
baseline,85538,4032,SE08/D04_SE08_R01.txt,SE08,D04,1,0,validation,2000,2200,-1,2.2315902709960938,2.209465980529785
baseline,85539,4032,SE08/D04_SE08_R01.txt,SE08,D04,1,0,validation,2100,2300,-1,2.2315902709960938,2.209465980529785
baseline,85543,4032,SE08/D04_SE08_R01.txt,SE08,D04,1,0,validation,2500,2700,-1,2.355037212371826,2.209465980529785
baseline,85544,4032,SE08/D04_SE08_R01.txt,SE08,D04,1,0,validation,2600,2800,-1,2.355037212371826,2.209465980529785
baseline,85545,4032,SE08/D04_SE08_R01.txt,SE08,D04,1,0,validation,2700,2900,-1,2.266387939453125,2.209465980529785
baseline,85546,4032,SE08/D04_SE08_R01.txt,SE08,D04,1,0,validation,2800,3000,-1,2.266387939453125,2.209465980529785
baseline,85547,4032,SE08/D04_SE08_R01.txt,SE08,D04,1,0,validation,2900,3100,-1,2.2541651725769043,2.209465980529785
baseline,85548,4032,SE08/D04_SE08_R01.txt,SE08,D04,1,0,validation,3000,3200,-1,2.3177475929260254,2.209465980529785
baseline,85549,4032,SE08/D04_SE08_R01.txt,SE08,D04,1,0,validation,3100,3300,-1,2.3177475929260254,2.209465980529785
baseline,85551,4032,SE08/D04_SE08_R01.txt,SE08,D04,1,0,validation,3300,3500,-1,2.27996826171875,2.209465980529785
baseline,85552,4032,SE08/D04_SE08_R01.txt,SE08,D04,1,0,validation,3400,3600,-1,2.27996826171875,2.209465980529785
baseline,85557,4032,SE08/D04_SE08_R01.txt,SE08,D04,1,0,validation,3900,4100,-1,2.214055299758911,2.209465980529785
baseline,85558,4032,SE08/D04_SE08_R01.txt,SE08,D04,1,0,validation,4000,4200,-1,2.214055299758911,2.209465980529785
baseline,85562,4032,SE08/D04_SE08_R01.txt,SE08,D04,1,0,validation,4400,4600,-1,2.223759174346924,2.209465980529785
baseline,85563,4032,SE08/D04_SE08_R01.txt,SE08,D04,1,0,validation,4500,4700,-1,2.2682347297668457,2.209465980529785
baseline,85564,4032,SE08/D04_SE08_R01.txt,SE08,D04,1,0,validation,4600,4800,-1,2.2682347297668457,2.209465980529785
baseline,85584,4032,SE08/D04_SE08_R01.txt,SE08,D04,1,0,validation,6600,6800,-1,2.2678275108337402,2.209465980529785
baseline,85585,4032,SE08/D04_SE08_R01.txt,SE08,D04,1,0,validation,6700,6900,-1,2.2678275108337402,2.209465980529785
baseline,85591,4032,SE08/D04_SE08_R01.txt,SE08,D04,1,0,validation,7300,7500,-1,2.256300687789917,2.209465980529785
baseline,85592,4032,SE08/D04_SE08_R01.txt,SE08,D04,1,0,validation,7400,7600,-1,2.256300687789917,2.209465980529785
baseline,85593,4032,SE08/D04_SE08_R01.txt,SE08,D04,1,0,validation,7500,7700,-1,2.228708505630493,2.209465980529785
baseline,85594,4032,SE08/D04_SE08_R01.txt,SE08,D04,1,0,validation,7600,7800,-1,2.228708505630493,2.209465980529785
baseline,85601,4032,SE08/D04_SE08_R01.txt,SE08,D04,1,0,validation,8300,8500,-1,2.2779574394226074,2.209465980529785
baseline,85602,4032,SE08/D04_SE08_R01.txt,SE08,D04,1,0,validation,8400,8600,-1,2.2779574394226074,2.209465980529785
baseline,85603,4032,SE08/D04_SE08_R01.txt,SE08,D04,1,0,validation,8500,8700,-1,2.2632603645324707,2.209465980529785
baseline,85604,4032,SE08/D04_SE08_R01.txt,SE08,D04,1,0,validation,8600,8800,-1,2.398519992828369,2.209465980529785
baseline,85605,4032,SE08/D04_SE08_R01.txt,SE08,D04,1,0,validation,8700,8900,-1,2.398519992828369,2.209465980529785
baseline,85606,4032,SE08/D04_SE08_R01.txt,SE08,D04,1,0,validation,8800,9000,-1,2.245089530944824,2.209465980529785
baseline,85611,4032,SE08/D04_SE08_R01.txt,SE08,D04,1,0,validation,9300,9500,-1,2.2380478382110596,2.209465980529785
baseline,85612,4032,SE08/D04_SE08_R01.txt,SE08,D04,1,0,validation,9400,9600,-1,2.2380478382110596,2.209465980529785
baseline,85615,4032,SE08/D04_SE08_R01.txt,SE08,D04,1,0,validation,9700,9900,-1,2.2138092517852783,2.209465980529785
baseline,85616,4032,SE08/D04_SE08_R01.txt,SE08,D04,1,0,validation,9800,10000,-1,2.267082452774048,2.209465980529785
baseline,85617,4032,SE08/D04_SE08_R01.txt,SE08,D04,1,0,validation,9900,10100,-1,2.267082452774048,2.209465980529785
baseline,85620,4032,SE08/D04_SE08_R01.txt,SE08,D04,1,0,validation,10200,10400,-1,2.302346706390381,2.209465980529785
baseline,85621,4032,SE08/D04_SE08_R01.txt,SE08,D04,1,0,validation,10300,10500,-1,2.302346706390381,2.209465980529785
baseline,85622,4032,SE08/D04_SE08_R01.txt,SE08,D04,1,0,validation,10400,10600,-1,2.3030543327331543,2.209465980529785
baseline,85623,4032,SE08/D04_SE08_R01.txt,SE08,D04,1,0,validation,10500,10700,-1,2.3030543327331543,2.209465980529785
baseline,85650,4032,SE08/D04_SE08_R01.txt,SE08,D04,1,0,validation,13200,13400,-1,2.226483106613159,2.209465980529785
baseline,85651,4032,SE08/D04_SE08_R01.txt,SE08,D04,1,0,validation,13300,13500,-1,2.226483106613159,2.209465980529785
baseline,85664,4032,SE08/D04_SE08_R01.txt,SE08,D04,1,0,validation,14600,14800,-1,2.225627899169922,2.209465980529785
baseline,85665,4032,SE08/D04_SE08_R01.txt,SE08,D04,1,0,validation,14700,14900,-1,2.2456507682800293,2.209465980529785
baseline,85666,4032,SE08/D04_SE08_R01.txt,SE08,D04,1,0,validation,14800,15000,-1,2.343862533569336,2.209465980529785
baseline,85667,4032,SE08/D04_SE08_R01.txt,SE08,D04,1,0,validation,14900,15100,-1,2.343862533569336,2.209465980529785
baseline,85669,4032,SE08/D04_SE08_R01.txt,SE08,D04,1,0,validation,15100,15300,-1,2.210843801498413,2.209465980529785
baseline,85670,4032,SE08/D04_SE08_R01.txt,SE08,D04,1,0,validation,15200,15400,-1,2.210843801498413,2.209465980529785
baseline,85696,4032,SE08/D04_SE08_R01.txt,SE08,D04,1,0,validation,17800,18000,-1,2.2265849113464355,2.209465980529785
baseline,85697,4032,SE08/D04_SE08_R01.txt,SE08,D04,1,0,validation,17900,18100,-1,2.2265849113464355,2.209465980529785
baseline,87637,4090,SE09/D03_SE09_R01.txt,SE09,D03,1,0,validation,1000,1200,-1,2.227886438369751,2.209465980529785
baseline,87638,4090,SE09/D03_SE09_R01.txt,SE09,D03,1,0,validation,1100,1300,-1,2.227886438369751,2.209465980529785
baseline,87661,4090,SE09/D03_SE09_R01.txt,SE09,D03,1,0,validation,3400,3600,-1,2.2119319438934326,2.209465980529785
baseline,87662,4090,SE09/D03_SE09_R01.txt,SE09,D03,1,0,validation,3500,3700,-1,2.2119319438934326,2.209465980529785
baseline,87671,4090,SE09/D03_SE09_R01.txt,SE09,D03,1,0,validation,4400,4600,-1,2.2476682662963867,2.209465980529785
baseline,87672,4090,SE09/D03_SE09_R01.txt,SE09,D03,1,0,validation,4500,4700,-1,2.2970972061157227,2.209465980529785
baseline,87673,4090,SE09/D03_SE09_R01.txt,SE09,D03,1,0,validation,4600,4800,-1,2.2970972061157227,2.209465980529785
baseline,87676,4090,SE09/D03_SE09_R01.txt,SE09,D03,1,0,validation,4900,5100,-1,2.2254135608673096,2.209465980529785
baseline,87677,4090,SE09/D03_SE09_R01.txt,SE09,D03,1,0,validation,5000,5200,-1,2.2254135608673096,2.209465980529785
baseline,87680,4090,SE09/D03_SE09_R01.txt,SE09,D03,1,0,validation,5300,5500,-1,2.2336952686309814,2.209465980529785
baseline,87681,4090,SE09/D03_SE09_R01.txt,SE09,D03,1,0,validation,5400,5600,-1,2.2336952686309814,2.209465980529785
baseline,87682,4090,SE09/D03_SE09_R01.txt,SE09,D03,1,0,validation,5500,5700,-1,2.2266554832458496,2.209465980529785
baseline,87683,4090,SE09/D03_SE09_R01.txt,SE09,D03,1,0,validation,5600,5800,-1,2.2249515056610107,2.209465980529785
baseline,87686,4090,SE09/D03_SE09_R01.txt,SE09,D03,1,0,validation,5900,6100,-1,2.2850747108459473,2.209465980529785
baseline,87687,4090,SE09/D03_SE09_R01.txt,SE09,D03,1,0,validation,6000,6200,-1,2.2850747108459473,2.209465980529785
baseline,87692,4090,SE09/D03_SE09_R01.txt,SE09,D03,1,0,validation,6500,6700,-1,2.2379958629608154,2.209465980529785
baseline,87693,4090,SE09/D03_SE09_R01.txt,SE09,D03,1,0,validation,6600,6800,-1,2.2379958629608154,2.209465980529785
baseline,87694,4090,SE09/D03_SE09_R01.txt,SE09,D03,1,0,validation,6700,6900,-1,2.215343713760376,2.209465980529785
baseline,87695,4090,SE09/D03_SE09_R01.txt,SE09,D03,1,0,validation,6800,7000,-1,2.2237136363983154,2.209465980529785
baseline,87696,4090,SE09/D03_SE09_R01.txt,SE09,D03,1,0,validation,6900,7100,-1,2.2694618701934814,2.209465980529785
baseline,87697,4090,SE09/D03_SE09_R01.txt,SE09,D03,1,0,validation,7000,7200,-1,2.2694618701934814,2.209465980529785
baseline,87698,4090,SE09/D03_SE09_R01.txt,SE09,D03,1,0,validation,7100,7300,-1,2.2675724029541016,2.209465980529785
baseline,87699,4090,SE09/D03_SE09_R01.txt,SE09,D03,1,0,validation,7200,7400,-1,2.2675724029541016,2.209465980529785
baseline,87700,4090,SE09/D03_SE09_R01.txt,SE09,D03,1,0,validation,7300,7500,-1,2.224931478500366,2.209465980529785
baseline,87703,4090,SE09/D03_SE09_R01.txt,SE09,D03,1,0,validation,7600,7800,-1,2.209749221801758,2.209465980529785
baseline,87704,4090,SE09/D03_SE09_R01.txt,SE09,D03,1,0,validation,7700,7900,-1,2.2356467247009277,2.209465980529785
baseline,87705,4090,SE09/D03_SE09_R01.txt,SE09,D03,1,0,validation,7800,8000,-1,2.2356467247009277,2.209465980529785
baseline,87707,4090,SE09/D03_SE09_R01.txt,SE09,D03,1,0,validation,8000,8200,-1,2.2930026054382324,2.209465980529785
baseline,87708,4090,SE09/D03_SE09_R01.txt,SE09,D03,1,0,validation,8100,8300,-1,2.2930026054382324,2.209465980529785
baseline,87709,4090,SE09/D03_SE09_R01.txt,SE09,D03,1,0,validation,8200,8400,-1,2.286144256591797,2.209465980529785
baseline,87710,4090,SE09/D03_SE09_R01.txt,SE09,D03,1,0,validation,8300,8500,-1,2.286144256591797,2.209465980529785
baseline,87711,4090,SE09/D03_SE09_R01.txt,SE09,D03,1,0,validation,8400,8600,-1,2.3217105865478516,2.209465980529785
baseline,87712,4090,SE09/D03_SE09_R01.txt,SE09,D03,1,0,validation,8500,8700,-1,2.3217105865478516,2.209465980529785
baseline,87713,4090,SE09/D03_SE09_R01.txt,SE09,D03,1,0,validation,8600,8800,-1,2.2734034061431885,2.209465980529785
baseline,87714,4090,SE09/D03_SE09_R01.txt,SE09,D03,1,0,validation,8700,8900,-1,2.250131368637085,2.209465980529785
baseline,87715,4090,SE09/D03_SE09_R01.txt,SE09,D03,1,0,validation,8800,9000,-1,2.226588487625122,2.209465980529785
baseline,87716,4090,SE09/D03_SE09_R01.txt,SE09,D03,1,0,validation,8900,9100,-1,2.2394022941589355,2.209465980529785
baseline,87717,4090,SE09/D03_SE09_R01.txt,SE09,D03,1,0,validation,9000,9200,-1,2.3071322441101074,2.209465980529785
baseline,87718,4090,SE09/D03_SE09_R01.txt,SE09,D03,1,0,validation,9100,9300,-1,2.3071322441101074,2.209465980529785
baseline,87719,4090,SE09/D03_SE09_R01.txt,SE09,D03,1,0,validation,9200,9400,-1,2.2816786766052246,2.209465980529785
baseline,87720,4090,SE09/D03_SE09_R01.txt,SE09,D03,1,0,validation,9300,9500,-1,2.2816786766052246,2.209465980529785
baseline,87721,4090,SE09/D03_SE09_R01.txt,SE09,D03,1,0,validation,9400,9600,-1,2.2259881496429443,2.209465980529785
baseline,87722,4090,SE09/D03_SE09_R01.txt,SE09,D03,1,0,validation,9500,9700,-1,2.2259881496429443,2.209465980529785
baseline,87723,4090,SE09/D03_SE09_R01.txt,SE09,D03,1,0,validation,9600,9800,-1,2.2162880897521973,2.209465980529785
baseline,87727,4090,SE09/D03_SE09_R01.txt,SE09,D03,1,0,validation,10000,10200,-1,2.2098841667175293,2.209465980529785
baseline,87728,4090,SE09/D03_SE09_R01.txt,SE09,D03,1,0,validation,10100,10300,-1,2.2583680152893066,2.209465980529785
baseline,87729,4090,SE09/D03_SE09_R01.txt,SE09,D03,1,0,validation,10200,10400,-1,2.2892727851867676,2.209465980529785
baseline,87730,4090,SE09/D03_SE09_R01.txt,SE09,D03,1,0,validation,10300,10500,-1,2.2892727851867676,2.209465980529785
baseline,87731,4090,SE09/D03_SE09_R01.txt,SE09,D03,1,0,validation,10400,10600,-1,2.2286641597747803,2.209465980529785
baseline,87732,4090,SE09/D03_SE09_R01.txt,SE09,D03,1,0,validation,10500,10700,-1,2.2286641597747803,2.209465980529785
baseline,87733,4090,SE09/D03_SE09_R01.txt,SE09,D03,1,0,validation,10600,10800,-1,2.282102346420288,2.209465980529785
baseline,87734,4090,SE09/D03_SE09_R01.txt,SE09,D03,1,0,validation,10700,10900,-1,2.2848358154296875,2.209465980529785
baseline,87735,4090,SE09/D03_SE09_R01.txt,SE09,D03,1,0,validation,10800,11000,-1,2.2848358154296875,2.209465980529785
baseline,87736,4090,SE09/D03_SE09_R01.txt,SE09,D03,1,0,validation,10900,11100,-1,2.2157793045043945,2.209465980529785
baseline,87737,4090,SE09/D03_SE09_R01.txt,SE09,D03,1,0,validation,11000,11200,-1,2.2194087505340576,2.209465980529785
baseline,87738,4090,SE09/D03_SE09_R01.txt,SE09,D03,1,0,validation,11100,11300,-1,2.3161537647247314,2.209465980529785
baseline,87739,4090,SE09/D03_SE09_R01.txt,SE09,D03,1,0,validation,11200,11400,-1,2.3161537647247314,2.209465980529785
baseline,87740,4090,SE09/D03_SE09_R01.txt,SE09,D03,1,0,validation,11300,11500,-1,2.2713565826416016,2.209465980529785
baseline,87741,4090,SE09/D03_SE09_R01.txt,SE09,D03,1,0,validation,11400,11600,-1,2.5837812423706055,2.209465980529785
baseline,87742,4090,SE09/D03_SE09_R01.txt,SE09,D03,1,0,validation,11500,11700,-1,2.5837812423706055,2.209465980529785
baseline,87743,4090,SE09/D03_SE09_R01.txt,SE09,D03,1,0,validation,11600,11800,-1,2.285820960998535,2.209465980529785
baseline,87744,4090,SE09/D03_SE09_R01.txt,SE09,D03,1,0,validation,11700,11900,-1,2.2177932262420654,2.209465980529785
baseline,87745,4090,SE09/D03_SE09_R01.txt,SE09,D03,1,0,validation,11800,12000,-1,2.236207962036133,2.209465980529785
baseline,87746,4090,SE09/D03_SE09_R01.txt,SE09,D03,1,0,validation,11900,12100,-1,2.236207962036133,2.209465980529785
baseline,87747,4090,SE09/D03_SE09_R01.txt,SE09,D03,1,0,validation,12000,12200,-1,2.21337628364563,2.209465980529785
baseline,87749,4090,SE09/D03_SE09_R01.txt,SE09,D03,1,0,validation,12200,12400,-1,2.2517521381378174,2.209465980529785
baseline,87750,4090,SE09/D03_SE09_R01.txt,SE09,D03,1,0,validation,12300,12500,-1,2.2517521381378174,2.209465980529785
baseline,87751,4090,SE09/D03_SE09_R01.txt,SE09,D03,1,0,validation,12400,12600,-1,2.2359261512756348,2.209465980529785
baseline,87752,4090,SE09/D03_SE09_R01.txt,SE09,D03,1,0,validation,12500,12700,-1,2.282366991043091,2.209465980529785
baseline,87753,4090,SE09/D03_SE09_R01.txt,SE09,D03,1,0,validation,12600,12800,-1,2.282366991043091,2.209465980529785
baseline,87754,4090,SE09/D03_SE09_R01.txt,SE09,D03,1,0,validation,12700,12900,-1,2.249955654144287,2.209465980529785
baseline,87755,4090,SE09/D03_SE09_R01.txt,SE09,D03,1,0,validation,12800,13000,-1,2.249955654144287,2.209465980529785
baseline,87756,4090,SE09/D03_SE09_R01.txt,SE09,D03,1,0,validation,12900,13100,-1,2.2371551990509033,2.209465980529785
baseline,87757,4090,SE09/D03_SE09_R01.txt,SE09,D03,1,0,validation,13000,13200,-1,2.2710366249084473,2.209465980529785
baseline,87758,4090,SE09/D03_SE09_R01.txt,SE09,D03,1,0,validation,13100,13300,-1,2.2710366249084473,2.209465980529785
baseline,87759,4090,SE09/D03_SE09_R01.txt,SE09,D03,1,0,validation,13200,13400,-1,2.231252431869507,2.209465980529785
baseline,87760,4090,SE09/D03_SE09_R01.txt,SE09,D03,1,0,validation,13300,13500,-1,2.231252431869507,2.209465980529785
baseline,87762,4090,SE09/D03_SE09_R01.txt,SE09,D03,1,0,validation,13500,13700,-1,2.304967164993286,2.209465980529785
baseline,87763,4090,SE09/D03_SE09_R01.txt,SE09,D03,1,0,validation,13600,13800,-1,2.304967164993286,2.209465980529785
baseline,87764,4090,SE09/D03_SE09_R01.txt,SE09,D03,1,0,validation,13700,13900,-1,2.216444969177246,2.209465980529785
baseline,87765,4090,SE09/D03_SE09_R01.txt,SE09,D03,1,0,validation,13800,14000,-1,2.216444969177246,2.209465980529785
baseline,87766,4090,SE09/D03_SE09_R01.txt,SE09,D03,1,0,validation,13900,14100,-1,2.2617292404174805,2.209465980529785
baseline,87767,4090,SE09/D03_SE09_R01.txt,SE09,D03,1,0,validation,14000,14200,-1,2.2617292404174805,2.209465980529785
baseline,87768,4090,SE09/D03_SE09_R01.txt,SE09,D03,1,0,validation,14100,14300,-1,2.3517391681671143,2.209465980529785
baseline,87769,4090,SE09/D03_SE09_R01.txt,SE09,D03,1,0,validation,14200,14400,-1,2.3517391681671143,2.209465980529785
baseline,87770,4090,SE09/D03_SE09_R01.txt,SE09,D03,1,0,validation,14300,14500,-1,2.319359540939331,2.209465980529785
baseline,87771,4090,SE09/D03_SE09_R01.txt,SE09,D03,1,0,validation,14400,14600,-1,2.319359540939331,2.209465980529785
baseline,87772,4090,SE09/D03_SE09_R01.txt,SE09,D03,1,0,validation,14500,14700,-1,2.2811660766601562,2.209465980529785
baseline,87773,4090,SE09/D03_SE09_R01.txt,SE09,D03,1,0,validation,14600,14800,-1,2.2811660766601562,2.209465980529785
baseline,87774,4090,SE09/D03_SE09_R01.txt,SE09,D03,1,0,validation,14700,14900,-1,2.326185703277588,2.209465980529785
baseline,87775,4090,SE09/D03_SE09_R01.txt,SE09,D03,1,0,validation,14800,15000,-1,2.326185703277588,2.209465980529785
baseline,87776,4090,SE09/D03_SE09_R01.txt,SE09,D03,1,0,validation,14900,15100,-1,2.275864362716675,2.209465980529785
baseline,87777,4090,SE09/D03_SE09_R01.txt,SE09,D03,1,0,validation,15000,15200,-1,2.3011982440948486,2.209465980529785
baseline,87778,4090,SE09/D03_SE09_R01.txt,SE09,D03,1,0,validation,15100,15300,-1,2.3011982440948486,2.209465980529785
baseline,87779,4090,SE09/D03_SE09_R01.txt,SE09,D03,1,0,validation,15200,15400,-1,2.278726577758789,2.209465980529785
baseline,87780,4090,SE09/D03_SE09_R01.txt,SE09,D03,1,0,validation,15300,15500,-1,2.2891416549682617,2.209465980529785
baseline,87781,4090,SE09/D03_SE09_R01.txt,SE09,D03,1,0,validation,15400,15600,-1,2.2891416549682617,2.209465980529785
baseline,87782,4090,SE09/D03_SE09_R01.txt,SE09,D03,1,0,validation,15500,15700,-1,2.315160036087036,2.209465980529785
baseline,87783,4090,SE09/D03_SE09_R01.txt,SE09,D03,1,0,validation,15600,15800,-1,2.315160036087036,2.209465980529785
baseline,87784,4090,SE09/D03_SE09_R01.txt,SE09,D03,1,0,validation,15700,15900,-1,2.2689602375030518,2.209465980529785
baseline,87785,4090,SE09/D03_SE09_R01.txt,SE09,D03,1,0,validation,15800,16000,-1,2.2630741596221924,2.209465980529785
baseline,87786,4090,SE09/D03_SE09_R01.txt,SE09,D03,1,0,validation,15900,16100,-1,2.2630741596221924,2.209465980529785
baseline,87787,4090,SE09/D03_SE09_R01.txt,SE09,D03,1,0,validation,16000,16200,-1,2.2492663860321045,2.209465980529785
baseline,87788,4090,SE09/D03_SE09_R01.txt,SE09,D03,1,0,validation,16100,16300,-1,2.2492663860321045,2.209465980529785
baseline,87789,4090,SE09/D03_SE09_R01.txt,SE09,D03,1,0,validation,16200,16400,-1,2.247260332107544,2.209465980529785
baseline,87790,4090,SE09/D03_SE09_R01.txt,SE09,D03,1,0,validation,16300,16500,-1,2.2658822536468506,2.209465980529785
baseline,87791,4090,SE09/D03_SE09_R01.txt,SE09,D03,1,0,validation,16400,16600,-1,2.2791335582733154,2.209465980529785
baseline,87792,4090,SE09/D03_SE09_R01.txt,SE09,D03,1,0,validation,16500,16700,-1,2.35678768157959,2.209465980529785
baseline,87793,4090,SE09/D03_SE09_R01.txt,SE09,D03,1,0,validation,16600,16800,-1,2.466010332107544,2.209465980529785
baseline,87794,4090,SE09/D03_SE09_R01.txt,SE09,D03,1,0,validation,16700,16900,-1,2.466010332107544,2.209465980529785
baseline,87795,4090,SE09/D03_SE09_R01.txt,SE09,D03,1,0,validation,16800,17000,-1,2.251119613647461,2.209465980529785
baseline,87796,4090,SE09/D03_SE09_R01.txt,SE09,D03,1,0,validation,16900,17100,-1,2.264937400817871,2.209465980529785
baseline,87797,4090,SE09/D03_SE09_R01.txt,SE09,D03,1,0,validation,17000,17200,-1,2.3841052055358887,2.209465980529785
baseline,87798,4090,SE09/D03_SE09_R01.txt,SE09,D03,1,0,validation,17100,17300,-1,2.3841052055358887,2.209465980529785
baseline,87799,4090,SE09/D03_SE09_R01.txt,SE09,D03,1,0,validation,17200,17400,-1,2.2368862628936768,2.209465980529785
baseline,87800,4090,SE09/D03_SE09_R01.txt,SE09,D03,1,0,validation,17300,17500,-1,2.255643129348755,2.209465980529785
baseline,87801,4090,SE09/D03_SE09_R01.txt,SE09,D03,1,0,validation,17400,17600,-1,2.3081002235412598,2.209465980529785
baseline,87802,4090,SE09/D03_SE09_R01.txt,SE09,D03,1,0,validation,17500,17700,-1,2.3748972415924072,2.209465980529785
baseline,87803,4090,SE09/D03_SE09_R01.txt,SE09,D03,1,0,validation,17600,17800,-1,2.3748972415924072,2.209465980529785
baseline,87804,4090,SE09/D03_SE09_R01.txt,SE09,D03,1,0,validation,17700,17900,-1,2.3216328620910645,2.209465980529785
baseline,87805,4090,SE09/D03_SE09_R01.txt,SE09,D03,1,0,validation,17800,18000,-1,2.318918466567993,2.209465980529785
baseline,87806,4090,SE09/D03_SE09_R01.txt,SE09,D03,1,0,validation,17900,18100,-1,2.2817790508270264,2.209465980529785
baseline,87807,4090,SE09/D03_SE09_R01.txt,SE09,D03,1,0,validation,18000,18200,-1,2.293999671936035,2.209465980529785
baseline,87808,4090,SE09/D03_SE09_R01.txt,SE09,D03,1,0,validation,18100,18300,-1,2.293999671936035,2.209465980529785
baseline,87809,4090,SE09/D03_SE09_R01.txt,SE09,D03,1,0,validation,18200,18400,-1,2.2392802238464355,2.209465980529785
baseline,87810,4090,SE09/D03_SE09_R01.txt,SE09,D03,1,0,validation,18300,18500,-1,2.283027410507202,2.209465980529785
baseline,87811,4090,SE09/D03_SE09_R01.txt,SE09,D03,1,0,validation,18400,18600,-1,2.283027410507202,2.209465980529785
baseline,87812,4090,SE09/D03_SE09_R01.txt,SE09,D03,1,0,validation,18500,18700,-1,2.300636053085327,2.209465980529785
baseline,87813,4090,SE09/D03_SE09_R01.txt,SE09,D03,1,0,validation,18600,18800,-1,2.300636053085327,2.209465980529785
baseline,87815,4090,SE09/D03_SE09_R01.txt,SE09,D03,1,0,validation,18800,19000,-1,2.2514400482177734,2.209465980529785
baseline,87816,4090,SE09/D03_SE09_R01.txt,SE09,D03,1,0,validation,18900,19100,-1,2.2514400482177734,2.209465980529785
baseline,87817,4090,SE09/D03_SE09_R01.txt,SE09,D03,1,0,validation,19000,19200,-1,2.2284839153289795,2.209465980529785
baseline,87818,4090,SE09/D03_SE09_R01.txt,SE09,D03,1,0,validation,19100,19300,-1,2.283418893814087,2.209465980529785
baseline,87819,4090,SE09/D03_SE09_R01.txt,SE09,D03,1,0,validation,19200,19400,-1,2.283418893814087,2.209465980529785
baseline,87820,4090,SE09/D03_SE09_R01.txt,SE09,D03,1,0,validation,19300,19500,-1,2.228874683380127,2.209465980529785
baseline,87821,4090,SE09/D03_SE09_R01.txt,SE09,D03,1,0,validation,19400,19600,-1,2.228874683380127,2.209465980529785
baseline,87822,4090,SE09/D03_SE09_R01.txt,SE09,D03,1,0,validation,19500,19700,-1,2.21759033203125,2.209465980529785
baseline,87823,4090,SE09/D03_SE09_R01.txt,SE09,D03,1,0,validation,19600,19800,-1,2.2449631690979004,2.209465980529785
baseline,87824,4090,SE09/D03_SE09_R01.txt,SE09,D03,1,0,validation,19700,19900,-1,2.2449631690979004,2.209465980529785
baseline,87825,4090,SE09/D03_SE09_R01.txt,SE09,D03,1,0,validation,19800,20000,-1,2.2874321937561035,2.209465980529785
baseline,87842,4091,SE09/D04_SE09_R01.txt,SE09,D04,1,0,validation,1600,1800,-1,2.2982208728790283,2.209465980529785
baseline,87843,4091,SE09/D04_SE09_R01.txt,SE09,D04,1,0,validation,1700,1900,-1,2.2982208728790283,2.209465980529785
baseline,87844,4091,SE09/D04_SE09_R01.txt,SE09,D04,1,0,validation,1800,2000,-1,2.2254793643951416,2.209465980529785
baseline,87845,4091,SE09/D04_SE09_R01.txt,SE09,D04,1,0,validation,1900,2100,-1,2.3191146850585938,2.209465980529785
baseline,87846,4091,SE09/D04_SE09_R01.txt,SE09,D04,1,0,validation,2000,2200,-1,2.3191146850585938,2.209465980529785
baseline,87847,4091,SE09/D04_SE09_R01.txt,SE09,D04,1,0,validation,2100,2300,-1,2.2822628021240234,2.209465980529785
baseline,87848,4091,SE09/D04_SE09_R01.txt,SE09,D04,1,0,validation,2200,2400,-1,2.2822628021240234,2.209465980529785
baseline,87849,4091,SE09/D04_SE09_R01.txt,SE09,D04,1,0,validation,2300,2500,-1,2.2437217235565186,2.209465980529785
baseline,87850,4091,SE09/D04_SE09_R01.txt,SE09,D04,1,0,validation,2400,2600,-1,2.2437217235565186,2.209465980529785
baseline,87853,4091,SE09/D04_SE09_R01.txt,SE09,D04,1,0,validation,2700,2900,-1,2.277095317840576,2.209465980529785
baseline,87854,4091,SE09/D04_SE09_R01.txt,SE09,D04,1,0,validation,2800,3000,-1,2.277095317840576,2.209465980529785
baseline,87856,4091,SE09/D04_SE09_R01.txt,SE09,D04,1,0,validation,3000,3200,-1,2.2714295387268066,2.209465980529785
baseline,87857,4091,SE09/D04_SE09_R01.txt,SE09,D04,1,0,validation,3100,3300,-1,2.2838010787963867,2.209465980529785
baseline,87858,4091,SE09/D04_SE09_R01.txt,SE09,D04,1,0,validation,3200,3400,-1,2.2838010787963867,2.209465980529785
baseline,87859,4091,SE09/D04_SE09_R01.txt,SE09,D04,1,0,validation,3300,3500,-1,2.2599644660949707,2.209465980529785
baseline,87860,4091,SE09/D04_SE09_R01.txt,SE09,D04,1,0,validation,3400,3600,-1,2.239638566970825,2.209465980529785
baseline,87861,4091,SE09/D04_SE09_R01.txt,SE09,D04,1,0,validation,3500,3700,-1,2.2827882766723633,2.209465980529785
baseline,87862,4091,SE09/D04_SE09_R01.txt,SE09,D04,1,0,validation,3600,3800,-1,2.2827882766723633,2.209465980529785
baseline,87867,4091,SE09/D04_SE09_R01.txt,SE09,D04,1,0,validation,4100,4300,-1,2.2333896160125732,2.209465980529785
baseline,87868,4091,SE09/D04_SE09_R01.txt,SE09,D04,1,0,validation,4200,4400,-1,2.2521636486053467,2.209465980529785
baseline,87869,4091,SE09/D04_SE09_R01.txt,SE09,D04,1,0,validation,4300,4500,-1,2.2521636486053467,2.209465980529785
baseline,87870,4091,SE09/D04_SE09_R01.txt,SE09,D04,1,0,validation,4400,4600,-1,2.2311036586761475,2.209465980529785
baseline,87876,4091,SE09/D04_SE09_R01.txt,SE09,D04,1,0,validation,5000,5200,-1,2.2165615558624268,2.209465980529785
baseline,87877,4091,SE09/D04_SE09_R01.txt,SE09,D04,1,0,validation,5100,5300,-1,2.2165615558624268,2.209465980529785
baseline,87878,4091,SE09/D04_SE09_R01.txt,SE09,D04,1,0,validation,5200,5400,-1,2.220109462738037,2.209465980529785
baseline,87879,4091,SE09/D04_SE09_R01.txt,SE09,D04,1,0,validation,5300,5500,-1,2.220109462738037,2.209465980529785
baseline,87880,4091,SE09/D04_SE09_R01.txt,SE09,D04,1,0,validation,5400,5600,-1,2.218062162399292,2.209465980529785
baseline,87889,4091,SE09/D04_SE09_R01.txt,SE09,D04,1,0,validation,6300,6500,-1,2.23352313041687,2.209465980529785
baseline,87890,4091,SE09/D04_SE09_R01.txt,SE09,D04,1,0,validation,6400,6600,-1,2.23352313041687,2.209465980529785
baseline,87893,4091,SE09/D04_SE09_R01.txt,SE09,D04,1,0,validation,6700,6900,-1,2.219144105911255,2.209465980529785
baseline,87894,4091,SE09/D04_SE09_R01.txt,SE09,D04,1,0,validation,6800,7000,-1,2.219144105911255,2.209465980529785
baseline,87900,4091,SE09/D04_SE09_R01.txt,SE09,D04,1,0,validation,7400,7600,-1,2.2949109077453613,2.209465980529785
baseline,87901,4091,SE09/D04_SE09_R01.txt,SE09,D04,1,0,validation,7500,7700,-1,2.2949109077453613,2.209465980529785
baseline,87902,4091,SE09/D04_SE09_R01.txt,SE09,D04,1,0,validation,7600,7800,-1,2.2274763584136963,2.209465980529785
baseline,87903,4091,SE09/D04_SE09_R01.txt,SE09,D04,1,0,validation,7700,7900,-1,2.2695255279541016,2.209465980529785
baseline,87904,4091,SE09/D04_SE09_R01.txt,SE09,D04,1,0,validation,7800,8000,-1,2.2695255279541016,2.209465980529785
baseline,87907,4091,SE09/D04_SE09_R01.txt,SE09,D04,1,0,validation,8100,8300,-1,2.340087413787842,2.209465980529785
baseline,87908,4091,SE09/D04_SE09_R01.txt,SE09,D04,1,0,validation,8200,8400,-1,2.340087413787842,2.209465980529785
baseline,87909,4091,SE09/D04_SE09_R01.txt,SE09,D04,1,0,validation,8300,8500,-1,2.26008677482605,2.209465980529785
baseline,87910,4091,SE09/D04_SE09_R01.txt,SE09,D04,1,0,validation,8400,8600,-1,2.26008677482605,2.209465980529785
baseline,87912,4091,SE09/D04_SE09_R01.txt,SE09,D04,1,0,validation,8600,8800,-1,2.2134194374084473,2.209465980529785
baseline,87913,4091,SE09/D04_SE09_R01.txt,SE09,D04,1,0,validation,8700,8900,-1,2.2134194374084473,2.209465980529785
baseline,87918,4091,SE09/D04_SE09_R01.txt,SE09,D04,1,0,validation,9200,9400,-1,2.255574941635132,2.209465980529785
baseline,87919,4091,SE09/D04_SE09_R01.txt,SE09,D04,1,0,validation,9300,9500,-1,2.395977020263672,2.209465980529785
baseline,87920,4091,SE09/D04_SE09_R01.txt,SE09,D04,1,0,validation,9400,9600,-1,2.395977020263672,2.209465980529785
baseline,87921,4091,SE09/D04_SE09_R01.txt,SE09,D04,1,0,validation,9500,9700,-1,2.249023914337158,2.209465980529785
baseline,87927,4091,SE09/D04_SE09_R01.txt,SE09,D04,1,0,validation,10100,10300,-1,2.2245757579803467,2.209465980529785
baseline,87928,4091,SE09/D04_SE09_R01.txt,SE09,D04,1,0,validation,10200,10400,-1,2.2245757579803467,2.209465980529785
baseline,87930,4091,SE09/D04_SE09_R01.txt,SE09,D04,1,0,validation,10400,10600,-1,2.3165290355682373,2.209465980529785
baseline,87931,4091,SE09/D04_SE09_R01.txt,SE09,D04,1,0,validation,10500,10700,-1,2.3165290355682373,2.209465980529785
baseline,87932,4091,SE09/D04_SE09_R01.txt,SE09,D04,1,0,validation,10600,10800,-1,2.285963535308838,2.209465980529785
baseline,87934,4091,SE09/D04_SE09_R01.txt,SE09,D04,1,0,validation,10800,11000,-1,2.2398016452789307,2.209465980529785
baseline,87935,4091,SE09/D04_SE09_R01.txt,SE09,D04,1,0,validation,10900,11100,-1,2.2398016452789307,2.209465980529785
baseline,87936,4091,SE09/D04_SE09_R01.txt,SE09,D04,1,0,validation,11000,11200,-1,2.259425163269043,2.209465980529785
baseline,87937,4091,SE09/D04_SE09_R01.txt,SE09,D04,1,0,validation,11100,11300,-1,2.330630302429199,2.209465980529785
baseline,87938,4091,SE09/D04_SE09_R01.txt,SE09,D04,1,0,validation,11200,11400,-1,2.330630302429199,2.209465980529785
baseline,87940,4091,SE09/D04_SE09_R01.txt,SE09,D04,1,0,validation,11400,11600,-1,2.2900311946868896,2.209465980529785
baseline,87941,4091,SE09/D04_SE09_R01.txt,SE09,D04,1,0,validation,11500,11700,-1,2.2900311946868896,2.209465980529785
baseline,87942,4091,SE09/D04_SE09_R01.txt,SE09,D04,1,0,validation,11600,11800,-1,2.232651472091675,2.209465980529785
baseline,87943,4091,SE09/D04_SE09_R01.txt,SE09,D04,1,0,validation,11700,11900,-1,2.2161736488342285,2.209465980529785
baseline,87946,4091,SE09/D04_SE09_R01.txt,SE09,D04,1,0,validation,12000,12200,-1,2.221724033355713,2.209465980529785
baseline,87947,4091,SE09/D04_SE09_R01.txt,SE09,D04,1,0,validation,12100,12300,-1,2.221724033355713,2.209465980529785
baseline,87957,4091,SE09/D04_SE09_R01.txt,SE09,D04,1,0,validation,13100,13300,-1,2.2485241889953613,2.209465980529785
baseline,87958,4091,SE09/D04_SE09_R01.txt,SE09,D04,1,0,validation,13200,13400,-1,2.2485241889953613,2.209465980529785
baseline,87964,4091,SE09/D04_SE09_R01.txt,SE09,D04,1,0,validation,13800,14000,-1,2.240631103515625,2.209465980529785
baseline,87965,4091,SE09/D04_SE09_R01.txt,SE09,D04,1,0,validation,13900,14100,-1,2.240631103515625,2.209465980529785
baseline,87967,4091,SE09/D04_SE09_R01.txt,SE09,D04,1,0,validation,14100,14300,-1,2.2622768878936768,2.209465980529785
baseline,87968,4091,SE09/D04_SE09_R01.txt,SE09,D04,1,0,validation,14200,14400,-1,2.3048436641693115,2.209465980529785
baseline,87969,4091,SE09/D04_SE09_R01.txt,SE09,D04,1,0,validation,14300,14500,-1,2.3675878047943115,2.209465980529785
baseline,87970,4091,SE09/D04_SE09_R01.txt,SE09,D04,1,0,validation,14400,14600,-1,2.3675878047943115,2.209465980529785
baseline,87972,4091,SE09/D04_SE09_R01.txt,SE09,D04,1,0,validation,14600,14800,-1,2.2679600715637207,2.209465980529785
baseline,87973,4091,SE09/D04_SE09_R01.txt,SE09,D04,1,0,validation,14700,14900,-1,2.2679600715637207,2.209465980529785
baseline,87974,4091,SE09/D04_SE09_R01.txt,SE09,D04,1,0,validation,14800,15000,-1,2.327561378479004,2.209465980529785
baseline,87975,4091,SE09/D04_SE09_R01.txt,SE09,D04,1,0,validation,14900,15100,-1,2.3735768795013428,2.209465980529785
baseline,87976,4091,SE09/D04_SE09_R01.txt,SE09,D04,1,0,validation,15000,15200,-1,2.3735768795013428,2.209465980529785
baseline,87980,4091,SE09/D04_SE09_R01.txt,SE09,D04,1,0,validation,15400,15600,-1,2.3075613975524902,2.209465980529785
baseline,87981,4091,SE09/D04_SE09_R01.txt,SE09,D04,1,0,validation,15500,15700,-1,2.3075613975524902,2.209465980529785
baseline,87982,4091,SE09/D04_SE09_R01.txt,SE09,D04,1,0,validation,15600,15800,-1,2.2424001693725586,2.209465980529785
baseline,87983,4091,SE09/D04_SE09_R01.txt,SE09,D04,1,0,validation,15700,15900,-1,2.2424001693725586,2.209465980529785
baseline,87992,4091,SE09/D04_SE09_R01.txt,SE09,D04,1,0,validation,16600,16800,-1,2.2118499279022217,2.209465980529785
baseline,87993,4091,SE09/D04_SE09_R01.txt,SE09,D04,1,0,validation,16700,16900,-1,2.2118499279022217,2.209465980529785
baseline,87994,4091,SE09/D04_SE09_R01.txt,SE09,D04,1,0,validation,16800,17000,-1,2.320246696472168,2.209465980529785
baseline,87995,4091,SE09/D04_SE09_R01.txt,SE09,D04,1,0,validation,16900,17100,-1,2.320246696472168,2.209465980529785
baseline,87996,4091,SE09/D04_SE09_R01.txt,SE09,D04,1,0,validation,17000,17200,-1,2.2986292839050293,2.209465980529785
baseline,87997,4091,SE09/D04_SE09_R01.txt,SE09,D04,1,0,validation,17100,17300,-1,2.343217134475708,2.209465980529785
baseline,87998,4091,SE09/D04_SE09_R01.txt,SE09,D04,1,0,validation,17200,17400,-1,2.343217134475708,2.209465980529785
baseline,88000,4091,SE09/D04_SE09_R01.txt,SE09,D04,1,0,validation,17400,17600,-1,2.492201566696167,2.209465980529785
baseline,88001,4091,SE09/D04_SE09_R01.txt,SE09,D04,1,0,validation,17500,17700,-1,2.492201566696167,2.209465980529785
baseline,88002,4091,SE09/D04_SE09_R01.txt,SE09,D04,1,0,validation,17600,17800,-1,2.394923210144043,2.209465980529785
baseline,88003,4091,SE09/D04_SE09_R01.txt,SE09,D04,1,0,validation,17700,17900,-1,2.3368821144104004,2.209465980529785
baseline,88015,4091,SE09/D04_SE09_R01.txt,SE09,D04,1,0,validation,18900,19100,-1,2.273284673690796,2.209465980529785
baseline,88016,4091,SE09/D04_SE09_R01.txt,SE09,D04,1,0,validation,19000,19200,-1,2.273284673690796,2.209465980529785
baseline,88017,4091,SE09/D04_SE09_R01.txt,SE09,D04,1,0,validation,19100,19300,-1,2.2113914489746094,2.209465980529785
baseline,92292,4208,SE11/D03_SE11_R01.txt,SE11,D03,1,0,validation,3100,3300,-1,2.2115397453308105,2.209465980529785
baseline,92293,4208,SE11/D03_SE11_R01.txt,SE11,D03,1,0,validation,3200,3400,-1,2.2115397453308105,2.209465980529785
baseline,92295,4208,SE11/D03_SE11_R01.txt,SE11,D03,1,0,validation,3400,3600,-1,2.3000686168670654,2.209465980529785
baseline,92296,4208,SE11/D03_SE11_R01.txt,SE11,D03,1,0,validation,3500,3700,-1,2.3000686168670654,2.209465980529785
baseline,92309,4208,SE11/D03_SE11_R01.txt,SE11,D03,1,0,validation,4800,5000,-1,2.3099353313446045,2.209465980529785
baseline,92310,4208,SE11/D03_SE11_R01.txt,SE11,D03,1,0,validation,4900,5100,-1,2.3099353313446045,2.209465980529785
baseline,92316,4208,SE11/D03_SE11_R01.txt,SE11,D03,1,0,validation,5500,5700,-1,2.253542423248291,2.209465980529785
baseline,92317,4208,SE11/D03_SE11_R01.txt,SE11,D03,1,0,validation,5600,5800,-1,2.2555654048919678,2.209465980529785
baseline,92318,4208,SE11/D03_SE11_R01.txt,SE11,D03,1,0,validation,5700,5900,-1,2.2555654048919678,2.209465980529785
baseline,92319,4208,SE11/D03_SE11_R01.txt,SE11,D03,1,0,validation,5800,6000,-1,2.3287205696105957,2.209465980529785
baseline,92320,4208,SE11/D03_SE11_R01.txt,SE11,D03,1,0,validation,5900,6100,-1,2.3287205696105957,2.209465980529785
baseline,92321,4208,SE11/D03_SE11_R01.txt,SE11,D03,1,0,validation,6000,6200,-1,2.351755380630493,2.209465980529785
baseline,92322,4208,SE11/D03_SE11_R01.txt,SE11,D03,1,0,validation,6100,6300,-1,2.351755380630493,2.209465980529785
baseline,92323,4208,SE11/D03_SE11_R01.txt,SE11,D03,1,0,validation,6200,6400,-1,2.321016788482666,2.209465980529785
baseline,92324,4208,SE11/D03_SE11_R01.txt,SE11,D03,1,0,validation,6300,6500,-1,2.3709585666656494,2.209465980529785
baseline,92325,4208,SE11/D03_SE11_R01.txt,SE11,D03,1,0,validation,6400,6600,-1,2.3709585666656494,2.209465980529785
baseline,92326,4208,SE11/D03_SE11_R01.txt,SE11,D03,1,0,validation,6500,6700,-1,2.357447862625122,2.209465980529785
baseline,92327,4208,SE11/D03_SE11_R01.txt,SE11,D03,1,0,validation,6600,6800,-1,2.244249105453491,2.209465980529785
baseline,92328,4208,SE11/D03_SE11_R01.txt,SE11,D03,1,0,validation,6700,6900,-1,2.3198800086975098,2.209465980529785
baseline,92329,4208,SE11/D03_SE11_R01.txt,SE11,D03,1,0,validation,6800,7000,-1,2.3198800086975098,2.209465980529785
baseline,92332,4208,SE11/D03_SE11_R01.txt,SE11,D03,1,0,validation,7100,7300,-1,2.2325894832611084,2.209465980529785
baseline,92333,4208,SE11/D03_SE11_R01.txt,SE11,D03,1,0,validation,7200,7400,-1,2.2325894832611084,2.209465980529785
baseline,92338,4208,SE11/D03_SE11_R01.txt,SE11,D03,1,0,validation,7700,7900,-1,2.239060401916504,2.209465980529785
baseline,92339,4208,SE11/D03_SE11_R01.txt,SE11,D03,1,0,validation,7800,8000,-1,2.2861874103546143,2.209465980529785
baseline,92340,4208,SE11/D03_SE11_R01.txt,SE11,D03,1,0,validation,7900,8100,-1,2.2861874103546143,2.209465980529785
baseline,92341,4208,SE11/D03_SE11_R01.txt,SE11,D03,1,0,validation,8000,8200,-1,2.218090534210205,2.209465980529785
baseline,92345,4208,SE11/D03_SE11_R01.txt,SE11,D03,1,0,validation,8400,8600,-1,2.2409820556640625,2.209465980529785
baseline,92346,4208,SE11/D03_SE11_R01.txt,SE11,D03,1,0,validation,8500,8700,-1,2.2409820556640625,2.209465980529785
baseline,92348,4208,SE11/D03_SE11_R01.txt,SE11,D03,1,0,validation,8700,8900,-1,2.21886944770813,2.209465980529785
baseline,92349,4208,SE11/D03_SE11_R01.txt,SE11,D03,1,0,validation,8800,9000,-1,2.21886944770813,2.209465980529785
baseline,92351,4208,SE11/D03_SE11_R01.txt,SE11,D03,1,0,validation,9000,9200,-1,2.212186574935913,2.209465980529785
baseline,92352,4208,SE11/D03_SE11_R01.txt,SE11,D03,1,0,validation,9100,9300,-1,2.212186574935913,2.209465980529785
baseline,92387,4208,SE11/D03_SE11_R01.txt,SE11,D03,1,0,validation,12600,12800,-1,2.2510733604431152,2.209465980529785
baseline,92388,4208,SE11/D03_SE11_R01.txt,SE11,D03,1,0,validation,12700,12900,-1,2.2510733604431152,2.209465980529785
baseline,92453,4208,SE11/D03_SE11_R01.txt,SE11,D03,1,0,validation,19200,19400,-1,2.2168760299682617,2.209465980529785
baseline,92454,4208,SE11/D03_SE11_R01.txt,SE11,D03,1,0,validation,19300,19500,-1,2.2168760299682617,2.209465980529785
baseline,92463,4209,SE11/D04_SE11_R01.txt,SE11,D04,1,0,validation,300,500,-1,2.27030611038208,2.209465980529785
baseline,92464,4209,SE11/D04_SE11_R01.txt,SE11,D04,1,0,validation,400,600,-1,2.415320873260498,2.209465980529785
baseline,92465,4209,SE11/D04_SE11_R01.txt,SE11,D04,1,0,validation,500,700,-1,2.4951331615448,2.209465980529785
baseline,92466,4209,SE11/D04_SE11_R01.txt,SE11,D04,1,0,validation,600,800,-1,2.5957789421081543,2.209465980529785
baseline,92467,4209,SE11/D04_SE11_R01.txt,SE11,D04,1,0,validation,700,900,-1,2.5957789421081543,2.209465980529785
baseline,92469,4209,SE11/D04_SE11_R01.txt,SE11,D04,1,0,validation,900,1100,-1,2.308812379837036,2.209465980529785
baseline,92470,4209,SE11/D04_SE11_R01.txt,SE11,D04,1,0,validation,1000,1200,-1,2.4728469848632812,2.209465980529785
baseline,92471,4209,SE11/D04_SE11_R01.txt,SE11,D04,1,0,validation,1100,1300,-1,2.5603561401367188,2.209465980529785
baseline,92472,4209,SE11/D04_SE11_R01.txt,SE11,D04,1,0,validation,1200,1400,-1,2.5603561401367188,2.209465980529785
baseline,92473,4209,SE11/D04_SE11_R01.txt,SE11,D04,1,0,validation,1300,1500,-1,2.5131521224975586,2.209465980529785
baseline,92474,4209,SE11/D04_SE11_R01.txt,SE11,D04,1,0,validation,1400,1600,-1,2.589165449142456,2.209465980529785
baseline,92475,4209,SE11/D04_SE11_R01.txt,SE11,D04,1,0,validation,1500,1700,-1,2.589165449142456,2.209465980529785
baseline,92476,4209,SE11/D04_SE11_R01.txt,SE11,D04,1,0,validation,1600,1800,-1,2.5483179092407227,2.209465980529785
baseline,92477,4209,SE11/D04_SE11_R01.txt,SE11,D04,1,0,validation,1700,1900,-1,2.4731972217559814,2.209465980529785
baseline,92478,4209,SE11/D04_SE11_R01.txt,SE11,D04,1,0,validation,1800,2000,-1,2.6517927646636963,2.209465980529785
baseline,92479,4209,SE11/D04_SE11_R01.txt,SE11,D04,1,0,validation,1900,2100,-1,2.6517927646636963,2.209465980529785
baseline,92480,4209,SE11/D04_SE11_R01.txt,SE11,D04,1,0,validation,2000,2200,-1,2.5769526958465576,2.209465980529785
baseline,92481,4209,SE11/D04_SE11_R01.txt,SE11,D04,1,0,validation,2100,2300,-1,2.5769526958465576,2.209465980529785
baseline,92482,4209,SE11/D04_SE11_R01.txt,SE11,D04,1,0,validation,2200,2400,-1,2.4562907218933105,2.209465980529785
baseline,92483,4209,SE11/D04_SE11_R01.txt,SE11,D04,1,0,validation,2300,2500,-1,2.546177864074707,2.209465980529785
baseline,92484,4209,SE11/D04_SE11_R01.txt,SE11,D04,1,0,validation,2400,2600,-1,2.546177864074707,2.209465980529785
baseline,92485,4209,SE11/D04_SE11_R01.txt,SE11,D04,1,0,validation,2500,2700,-1,2.5797789096832275,2.209465980529785
baseline,92486,4209,SE11/D04_SE11_R01.txt,SE11,D04,1,0,validation,2600,2800,-1,2.5797789096832275,2.209465980529785
baseline,92487,4209,SE11/D04_SE11_R01.txt,SE11,D04,1,0,validation,2700,2900,-1,2.489659070968628,2.209465980529785
baseline,92488,4209,SE11/D04_SE11_R01.txt,SE11,D04,1,0,validation,2800,3000,-1,2.489659070968628,2.209465980529785
baseline,92489,4209,SE11/D04_SE11_R01.txt,SE11,D04,1,0,validation,2900,3100,-1,2.527533531188965,2.209465980529785
baseline,92490,4209,SE11/D04_SE11_R01.txt,SE11,D04,1,0,validation,3000,3200,-1,2.5896592140197754,2.209465980529785
baseline,92491,4209,SE11/D04_SE11_R01.txt,SE11,D04,1,0,validation,3100,3300,-1,2.5896592140197754,2.209465980529785
baseline,92492,4209,SE11/D04_SE11_R01.txt,SE11,D04,1,0,validation,3200,3400,-1,2.4164786338806152,2.209465980529785
baseline,92493,4209,SE11/D04_SE11_R01.txt,SE11,D04,1,0,validation,3300,3500,-1,2.4164786338806152,2.209465980529785
baseline,92494,4209,SE11/D04_SE11_R01.txt,SE11,D04,1,0,validation,3400,3600,-1,2.515040636062622,2.209465980529785
baseline,92495,4209,SE11/D04_SE11_R01.txt,SE11,D04,1,0,validation,3500,3700,-1,2.515040636062622,2.209465980529785
baseline,92496,4209,SE11/D04_SE11_R01.txt,SE11,D04,1,0,validation,3600,3800,-1,2.497495174407959,2.209465980529785
baseline,92497,4209,SE11/D04_SE11_R01.txt,SE11,D04,1,0,validation,3700,3900,-1,2.4778311252593994,2.209465980529785
baseline,92498,4209,SE11/D04_SE11_R01.txt,SE11,D04,1,0,validation,3800,4000,-1,2.4778311252593994,2.209465980529785
baseline,92499,4209,SE11/D04_SE11_R01.txt,SE11,D04,1,0,validation,3900,4100,-1,2.5346288681030273,2.209465980529785
baseline,92500,4209,SE11/D04_SE11_R01.txt,SE11,D04,1,0,validation,4000,4200,-1,2.5346288681030273,2.209465980529785
baseline,92501,4209,SE11/D04_SE11_R01.txt,SE11,D04,1,0,validation,4100,4300,-1,2.409644842147827,2.209465980529785
baseline,92502,4209,SE11/D04_SE11_R01.txt,SE11,D04,1,0,validation,4200,4400,-1,2.409644842147827,2.209465980529785
baseline,92503,4209,SE11/D04_SE11_R01.txt,SE11,D04,1,0,validation,4300,4500,-1,2.5433874130249023,2.209465980529785
baseline,92504,4209,SE11/D04_SE11_R01.txt,SE11,D04,1,0,validation,4400,4600,-1,2.5433874130249023,2.209465980529785
baseline,92505,4209,SE11/D04_SE11_R01.txt,SE11,D04,1,0,validation,4500,4700,-1,2.5183916091918945,2.209465980529785
baseline,92506,4209,SE11/D04_SE11_R01.txt,SE11,D04,1,0,validation,4600,4800,-1,2.5183916091918945,2.209465980529785
baseline,92507,4209,SE11/D04_SE11_R01.txt,SE11,D04,1,0,validation,4700,4900,-1,2.512366771697998,2.209465980529785
baseline,92508,4209,SE11/D04_SE11_R01.txt,SE11,D04,1,0,validation,4800,5000,-1,2.30658221244812,2.209465980529785
baseline,92509,4209,SE11/D04_SE11_R01.txt,SE11,D04,1,0,validation,4900,5100,-1,2.4246904850006104,2.209465980529785
baseline,92510,4209,SE11/D04_SE11_R01.txt,SE11,D04,1,0,validation,5000,5200,-1,2.51615047454834,2.209465980529785
baseline,92511,4209,SE11/D04_SE11_R01.txt,SE11,D04,1,0,validation,5100,5300,-1,2.51615047454834,2.209465980529785
baseline,92512,4209,SE11/D04_SE11_R01.txt,SE11,D04,1,0,validation,5200,5400,-1,2.3895833492279053,2.209465980529785
baseline,92513,4209,SE11/D04_SE11_R01.txt,SE11,D04,1,0,validation,5300,5500,-1,2.3895833492279053,2.209465980529785
baseline,92514,4209,SE11/D04_SE11_R01.txt,SE11,D04,1,0,validation,5400,5600,-1,2.305518388748169,2.209465980529785
baseline,92515,4209,SE11/D04_SE11_R01.txt,SE11,D04,1,0,validation,5500,5700,-1,2.5474109649658203,2.209465980529785
baseline,92516,4209,SE11/D04_SE11_R01.txt,SE11,D04,1,0,validation,5600,5800,-1,2.5474109649658203,2.209465980529785
baseline,92517,4209,SE11/D04_SE11_R01.txt,SE11,D04,1,0,validation,5700,5900,-1,2.533125400543213,2.209465980529785
baseline,92518,4209,SE11/D04_SE11_R01.txt,SE11,D04,1,0,validation,5800,6000,-1,2.5400733947753906,2.209465980529785
baseline,92519,4209,SE11/D04_SE11_R01.txt,SE11,D04,1,0,validation,5900,6100,-1,2.5400733947753906,2.209465980529785
baseline,92520,4209,SE11/D04_SE11_R01.txt,SE11,D04,1,0,validation,6000,6200,-1,2.4744367599487305,2.209465980529785
baseline,92521,4209,SE11/D04_SE11_R01.txt,SE11,D04,1,0,validation,6100,6300,-1,2.603963613510132,2.209465980529785
baseline,92522,4209,SE11/D04_SE11_R01.txt,SE11,D04,1,0,validation,6200,6400,-1,2.603963613510132,2.209465980529785
baseline,92523,4209,SE11/D04_SE11_R01.txt,SE11,D04,1,0,validation,6300,6500,-1,2.545261859893799,2.209465980529785
baseline,92524,4209,SE11/D04_SE11_R01.txt,SE11,D04,1,0,validation,6400,6600,-1,2.3886516094207764,2.209465980529785
baseline,92525,4209,SE11/D04_SE11_R01.txt,SE11,D04,1,0,validation,6500,6700,-1,2.593252420425415,2.209465980529785
baseline,92526,4209,SE11/D04_SE11_R01.txt,SE11,D04,1,0,validation,6600,6800,-1,2.593252420425415,2.209465980529785
baseline,92527,4209,SE11/D04_SE11_R01.txt,SE11,D04,1,0,validation,6700,6900,-1,2.4908697605133057,2.209465980529785
baseline,92528,4209,SE11/D04_SE11_R01.txt,SE11,D04,1,0,validation,6800,7000,-1,2.505728006362915,2.209465980529785
baseline,92529,4209,SE11/D04_SE11_R01.txt,SE11,D04,1,0,validation,6900,7100,-1,2.568021535873413,2.209465980529785
baseline,92530,4209,SE11/D04_SE11_R01.txt,SE11,D04,1,0,validation,7000,7200,-1,2.568021535873413,2.209465980529785
baseline,92531,4209,SE11/D04_SE11_R01.txt,SE11,D04,1,0,validation,7100,7300,-1,2.4078972339630127,2.209465980529785
baseline,92532,4209,SE11/D04_SE11_R01.txt,SE11,D04,1,0,validation,7200,7400,-1,2.357414484024048,2.209465980529785
baseline,92533,4209,SE11/D04_SE11_R01.txt,SE11,D04,1,0,validation,7300,7500,-1,2.3370208740234375,2.209465980529785
baseline,92534,4209,SE11/D04_SE11_R01.txt,SE11,D04,1,0,validation,7400,7600,-1,2.3370208740234375,2.209465980529785
baseline,92535,4209,SE11/D04_SE11_R01.txt,SE11,D04,1,0,validation,7500,7700,-1,2.518202543258667,2.209465980529785
baseline,92536,4209,SE11/D04_SE11_R01.txt,SE11,D04,1,0,validation,7600,7800,-1,2.518202543258667,2.209465980529785
baseline,92537,4209,SE11/D04_SE11_R01.txt,SE11,D04,1,0,validation,7700,7900,-1,2.4514777660369873,2.209465980529785
baseline,92538,4209,SE11/D04_SE11_R01.txt,SE11,D04,1,0,validation,7800,8000,-1,2.2705180644989014,2.209465980529785
baseline,92539,4209,SE11/D04_SE11_R01.txt,SE11,D04,1,0,validation,7900,8100,-1,2.366612672805786,2.209465980529785
baseline,92540,4209,SE11/D04_SE11_R01.txt,SE11,D04,1,0,validation,8000,8200,-1,2.366612672805786,2.209465980529785
baseline,92541,4209,SE11/D04_SE11_R01.txt,SE11,D04,1,0,validation,8100,8300,-1,2.395334243774414,2.209465980529785
baseline,92542,4209,SE11/D04_SE11_R01.txt,SE11,D04,1,0,validation,8200,8400,-1,2.395334243774414,2.209465980529785
baseline,92543,4209,SE11/D04_SE11_R01.txt,SE11,D04,1,0,validation,8300,8500,-1,2.381382703781128,2.209465980529785
baseline,92544,4209,SE11/D04_SE11_R01.txt,SE11,D04,1,0,validation,8400,8600,-1,2.381382703781128,2.209465980529785
baseline,92545,4209,SE11/D04_SE11_R01.txt,SE11,D04,1,0,validation,8500,8700,-1,2.3727245330810547,2.209465980529785
baseline,92546,4209,SE11/D04_SE11_R01.txt,SE11,D04,1,0,validation,8600,8800,-1,2.3727245330810547,2.209465980529785
baseline,92547,4209,SE11/D04_SE11_R01.txt,SE11,D04,1,0,validation,8700,8900,-1,2.4422824382781982,2.209465980529785
baseline,92548,4209,SE11/D04_SE11_R01.txt,SE11,D04,1,0,validation,8800,9000,-1,2.4422824382781982,2.209465980529785
baseline,92550,4209,SE11/D04_SE11_R01.txt,SE11,D04,1,0,validation,9000,9200,-1,2.4443891048431396,2.209465980529785
baseline,92551,4209,SE11/D04_SE11_R01.txt,SE11,D04,1,0,validation,9100,9300,-1,2.4443891048431396,2.209465980529785
baseline,92552,4209,SE11/D04_SE11_R01.txt,SE11,D04,1,0,validation,9200,9400,-1,2.3360724449157715,2.209465980529785
baseline,92553,4209,SE11/D04_SE11_R01.txt,SE11,D04,1,0,validation,9300,9500,-1,2.2103822231292725,2.209465980529785
baseline,92554,4209,SE11/D04_SE11_R01.txt,SE11,D04,1,0,validation,9400,9600,-1,2.426473379135132,2.209465980529785
baseline,92555,4209,SE11/D04_SE11_R01.txt,SE11,D04,1,0,validation,9500,9700,-1,2.426473379135132,2.209465980529785
baseline,92556,4209,SE11/D04_SE11_R01.txt,SE11,D04,1,0,validation,9600,9800,-1,2.337306499481201,2.209465980529785
baseline,92557,4209,SE11/D04_SE11_R01.txt,SE11,D04,1,0,validation,9700,9900,-1,2.474437713623047,2.209465980529785
baseline,92558,4209,SE11/D04_SE11_R01.txt,SE11,D04,1,0,validation,9800,10000,-1,2.474437713623047,2.209465980529785
baseline,92559,4209,SE11/D04_SE11_R01.txt,SE11,D04,1,0,validation,9900,10100,-1,2.3613359928131104,2.209465980529785
baseline,92560,4209,SE11/D04_SE11_R01.txt,SE11,D04,1,0,validation,10000,10200,-1,2.302339792251587,2.209465980529785
baseline,92561,4209,SE11/D04_SE11_R01.txt,SE11,D04,1,0,validation,10100,10300,-1,2.391968250274658,2.209465980529785
baseline,92562,4209,SE11/D04_SE11_R01.txt,SE11,D04,1,0,validation,10200,10400,-1,2.399301767349243,2.209465980529785
baseline,92563,4209,SE11/D04_SE11_R01.txt,SE11,D04,1,0,validation,10300,10500,-1,2.399301767349243,2.209465980529785
baseline,92564,4209,SE11/D04_SE11_R01.txt,SE11,D04,1,0,validation,10400,10600,-1,2.2729153633117676,2.209465980529785
baseline,92565,4209,SE11/D04_SE11_R01.txt,SE11,D04,1,0,validation,10500,10700,-1,2.2729153633117676,2.209465980529785
baseline,92566,4209,SE11/D04_SE11_R01.txt,SE11,D04,1,0,validation,10600,10800,-1,2.2900760173797607,2.209465980529785
baseline,92567,4209,SE11/D04_SE11_R01.txt,SE11,D04,1,0,validation,10700,10900,-1,2.2900760173797607,2.209465980529785
baseline,92571,4209,SE11/D04_SE11_R01.txt,SE11,D04,1,0,validation,11100,11300,-1,2.4042210578918457,2.209465980529785
baseline,92572,4209,SE11/D04_SE11_R01.txt,SE11,D04,1,0,validation,11200,11400,-1,2.4042210578918457,2.209465980529785
baseline,92573,4209,SE11/D04_SE11_R01.txt,SE11,D04,1,0,validation,11300,11500,-1,2.241004228591919,2.209465980529785
baseline,92574,4209,SE11/D04_SE11_R01.txt,SE11,D04,1,0,validation,11400,11600,-1,2.2136590480804443,2.209465980529785
baseline,92575,4209,SE11/D04_SE11_R01.txt,SE11,D04,1,0,validation,11500,11700,-1,2.2445068359375,2.209465980529785
baseline,92576,4209,SE11/D04_SE11_R01.txt,SE11,D04,1,0,validation,11600,11800,-1,2.3629379272460938,2.209465980529785
baseline,92577,4209,SE11/D04_SE11_R01.txt,SE11,D04,1,0,validation,11700,11900,-1,2.3629379272460938,2.209465980529785
baseline,92579,4209,SE11/D04_SE11_R01.txt,SE11,D04,1,0,validation,11900,12100,-1,2.312434434890747,2.209465980529785
baseline,92580,4209,SE11/D04_SE11_R01.txt,SE11,D04,1,0,validation,12000,12200,-1,2.312434434890747,2.209465980529785
baseline,92583,4209,SE11/D04_SE11_R01.txt,SE11,D04,1,0,validation,12300,12500,-1,2.291165590286255,2.209465980529785
baseline,92584,4209,SE11/D04_SE11_R01.txt,SE11,D04,1,0,validation,12400,12600,-1,2.315842866897583,2.209465980529785
baseline,92585,4209,SE11/D04_SE11_R01.txt,SE11,D04,1,0,validation,12500,12700,-1,2.315842866897583,2.209465980529785
baseline,92586,4209,SE11/D04_SE11_R01.txt,SE11,D04,1,0,validation,12600,12800,-1,2.280485153198242,2.209465980529785
baseline,92590,4209,SE11/D04_SE11_R01.txt,SE11,D04,1,0,validation,13000,13200,-1,2.3484814167022705,2.209465980529785
baseline,92591,4209,SE11/D04_SE11_R01.txt,SE11,D04,1,0,validation,13100,13300,-1,2.3484814167022705,2.209465980529785
baseline,92593,4209,SE11/D04_SE11_R01.txt,SE11,D04,1,0,validation,13300,13500,-1,2.278242826461792,2.209465980529785
baseline,92594,4209,SE11/D04_SE11_R01.txt,SE11,D04,1,0,validation,13400,13600,-1,2.278242826461792,2.209465980529785
baseline,92596,4209,SE11/D04_SE11_R01.txt,SE11,D04,1,0,validation,13600,13800,-1,2.269298553466797,2.209465980529785
baseline,92597,4209,SE11/D04_SE11_R01.txt,SE11,D04,1,0,validation,13700,13900,-1,2.269298553466797,2.209465980529785
baseline,92601,4209,SE11/D04_SE11_R01.txt,SE11,D04,1,0,validation,14100,14300,-1,2.293578624725342,2.209465980529785
baseline,92602,4209,SE11/D04_SE11_R01.txt,SE11,D04,1,0,validation,14200,14400,-1,2.293578624725342,2.209465980529785
baseline,92608,4209,SE11/D04_SE11_R01.txt,SE11,D04,1,0,validation,14800,15000,-1,2.2254583835601807,2.209465980529785
baseline,92609,4209,SE11/D04_SE11_R01.txt,SE11,D04,1,0,validation,14900,15100,-1,2.2254583835601807,2.209465980529785
baseline,92610,4209,SE11/D04_SE11_R01.txt,SE11,D04,1,0,validation,15000,15200,-1,2.296638250350952,2.209465980529785
baseline,92611,4209,SE11/D04_SE11_R01.txt,SE11,D04,1,0,validation,15100,15300,-1,2.296638250350952,2.209465980529785
baseline,92621,4209,SE11/D04_SE11_R01.txt,SE11,D04,1,0,validation,16100,16300,-1,2.23518443107605,2.209465980529785
baseline,92622,4209,SE11/D04_SE11_R01.txt,SE11,D04,1,0,validation,16200,16400,-1,2.23518443107605,2.209465980529785
baseline,92628,4209,SE11/D04_SE11_R01.txt,SE11,D04,1,0,validation,16800,17000,-1,2.3526229858398438,2.209465980529785
baseline,92629,4209,SE11/D04_SE11_R01.txt,SE11,D04,1,0,validation,16900,17100,-1,2.3526229858398438,2.209465980529785
baseline,92634,4209,SE11/D04_SE11_R01.txt,SE11,D04,1,0,validation,17400,17600,-1,2.2352325916290283,2.209465980529785
baseline,92635,4209,SE11/D04_SE11_R01.txt,SE11,D04,1,0,validation,17500,17700,-1,2.2352325916290283,2.209465980529785
baseline,92638,4209,SE11/D04_SE11_R01.txt,SE11,D04,1,0,validation,17800,18000,-1,2.32314395904541,2.209465980529785
baseline,92639,4209,SE11/D04_SE11_R01.txt,SE11,D04,1,0,validation,17900,18100,-1,2.32314395904541,2.209465980529785
C2,13906,660,SA05/D13_SA05_R01.txt,SA05,D13,1,0,validation,500,700,-1,1.346412898341044,1.2305261218248633
C2,13907,660,SA05/D13_SA05_R01.txt,SA05,D13,1,0,validation,600,800,-1,1.346412898341044,1.2305261218248633
C2,13913,660,SA05/D13_SA05_R01.txt,SA05,D13,1,0,validation,1200,1400,-1,1.473896892038558,1.2305261218248633
C2,13914,660,SA05/D13_SA05_R01.txt,SA05,D13,1,0,validation,1300,1500,-1,1.473896892038558,1.2305261218248633
C2,13973,663,SA05/D13_SA05_R04.txt,SA05,D13,4,0,validation,300,500,-1,1.288852800120745,1.2305261218248633
C2,13974,663,SA05/D13_SA05_R04.txt,SA05,D13,4,0,validation,400,600,-1,1.288852800120745,1.2305261218248633
C2,13981,663,SA05/D13_SA05_R04.txt,SA05,D13,4,0,validation,1100,1300,-1,1.2383246249108955,1.2305261218248633
C2,13982,663,SA05/D13_SA05_R04.txt,SA05,D13,4,0,validation,1200,1400,-1,1.2383246249108955,1.2305261218248633
C2,14102,668,SA05/D14_SA05_R04.txt,SA05,D14,4,0,validation,1700,1900,-1,1.260118844947225,1.2305261218248633
C2,14103,668,SA05/D14_SA05_R04.txt,SA05,D14,4,0,validation,1800,2000,-1,1.260118844947225,1.2305261218248633
C2,14685,688,SA05/D18_SA05_R04.txt,SA05,D18,4,0,validation,1200,1400,-1,1.2627331363174186,1.2305261218248633
C2,14686,688,SA05/D18_SA05_R04.txt,SA05,D18,4,0,validation,1300,1500,-1,1.2627331363174186,1.2305261218248633
C2,14706,689,SA05/D18_SA05_R05.txt,SA05,D18,5,0,validation,1000,1200,-1,1.497463146127073,1.2305261218248633
C2,14707,689,SA05/D18_SA05_R05.txt,SA05,D18,5,0,validation,1100,1300,-1,1.497463146127073,1.2305261218248633
C2,14894,755,SA05/F13_SA05_R01.txt,SA05,F13,1,1,validation,1084,1284,1184,1.1066253053718567,1.2305261218248633
C2,22861,1123,SA08/D13_SA08_R02.txt,SA08,D13,2,0,validation,300,500,-1,1.2539906687199005,1.2305261218248633
C2,22862,1123,SA08/D13_SA08_R02.txt,SA08,D13,2,0,validation,400,600,-1,1.2539906687199005,1.2305261218248633
C2,22869,1123,SA08/D13_SA08_R02.txt,SA08,D13,2,0,validation,1100,1300,-1,1.2865697096368902,1.2305261218248633
C2,22870,1123,SA08/D13_SA08_R02.txt,SA08,D13,2,0,validation,1200,1400,-1,1.2865697096368902,1.2305261218248633
C2,22883,1124,SA08/D13_SA08_R03.txt,SA08,D13,3,0,validation,200,400,-1,1.4106419209828762,1.2305261218248633
C2,22884,1124,SA08/D13_SA08_R03.txt,SA08,D13,3,0,validation,300,500,-1,1.4106419209828762,1.2305261218248633
C2,22885,1124,SA08/D13_SA08_R03.txt,SA08,D13,3,0,validation,400,600,-1,1.4046259157849488,1.2305261218248633
C2,22891,1124,SA08/D13_SA08_R03.txt,SA08,D13,3,0,validation,1000,1200,-1,1.3886438214688266,1.2305261218248633
C2,22892,1124,SA08/D13_SA08_R03.txt,SA08,D13,3,0,validation,1100,1300,-1,1.3886438214688266,1.2305261218248633
C2,22909,1125,SA08/D13_SA08_R04.txt,SA08,D13,4,0,validation,500,700,-1,1.3352012787496716,1.2305261218248633
C2,22910,1125,SA08/D13_SA08_R04.txt,SA08,D13,4,0,validation,600,800,-1,1.3352012787496716,1.2305261218248633
C2,22918,1125,SA08/D13_SA08_R04.txt,SA08,D13,4,0,validation,1400,1600,-1,1.5513333770214275,1.2305261218248633
C2,22919,1125,SA08/D13_SA08_R04.txt,SA08,D13,4,0,validation,1500,1700,-1,1.5513333770214275,1.2305261218248633
C2,22931,1126,SA08/D13_SA08_R05.txt,SA08,D13,5,0,validation,400,600,-1,1.2755783350570986,1.2305261218248633
C2,22932,1126,SA08/D13_SA08_R05.txt,SA08,D13,5,0,validation,500,700,-1,1.2755783350570986,1.2305261218248633
C2,22939,1126,SA08/D13_SA08_R05.txt,SA08,D13,5,0,validation,1200,1400,-1,1.6545023006289896,1.2305261218248633
C2,22940,1126,SA08/D13_SA08_R05.txt,SA08,D13,5,0,validation,1300,1500,-1,1.6545023006289896,1.2305261218248633
C2,22968,1127,SA08/D14_SA08_R01.txt,SA08,D14,1,0,validation,1800,2000,-1,1.2509984250989872,1.2305261218248633
C2,22969,1127,SA08/D14_SA08_R01.txt,SA08,D14,1,0,validation,1900,2100,-1,1.2509984250989872,1.2305261218248633
C2,22979,1128,SA08/D14_SA08_R02.txt,SA08,D14,2,0,validation,600,800,-1,1.2644360078739985,1.2305261218248633
C2,22980,1128,SA08/D14_SA08_R02.txt,SA08,D14,2,0,validation,700,900,-1,1.2644360078739985,1.2305261218248633
C2,22989,1128,SA08/D14_SA08_R02.txt,SA08,D14,2,0,validation,1600,1800,-1,1.4874819159244488,1.2305261218248633
C2,22990,1128,SA08/D14_SA08_R02.txt,SA08,D14,2,0,validation,1700,1900,-1,1.4874819159244488,1.2305261218248633
C2,23001,1129,SA08/D14_SA08_R03.txt,SA08,D14,3,0,validation,500,700,-1,1.6228503771153566,1.2305261218248633
C2,23002,1129,SA08/D14_SA08_R03.txt,SA08,D14,3,0,validation,600,800,-1,1.6228503771153566,1.2305261218248633
C2,23010,1129,SA08/D14_SA08_R03.txt,SA08,D14,3,0,validation,1400,1600,-1,1.3911282819283242,1.2305261218248633
C2,23011,1129,SA08/D14_SA08_R03.txt,SA08,D14,3,0,validation,1500,1700,-1,1.3911282819283242,1.2305261218248633
C2,23023,1130,SA08/D14_SA08_R04.txt,SA08,D14,4,0,validation,400,600,-1,1.4560579367564446,1.2305261218248633
C2,23024,1130,SA08/D14_SA08_R04.txt,SA08,D14,4,0,validation,500,700,-1,1.4560579367564446,1.2305261218248633
C2,23030,1130,SA08/D14_SA08_R04.txt,SA08,D14,4,0,validation,1100,1300,-1,1.5021302703234367,1.2305261218248633
C2,23031,1130,SA08/D14_SA08_R04.txt,SA08,D14,4,0,validation,1200,1400,-1,1.5021302703234367,1.2305261218248633
C2,23032,1130,SA08/D14_SA08_R04.txt,SA08,D14,4,0,validation,1300,1500,-1,1.414487608875417,1.2305261218248633
C2,23033,1130,SA08/D14_SA08_R04.txt,SA08,D14,4,0,validation,1400,1600,-1,1.2984073073523514,1.2305261218248633
C2,23047,1131,SA08/D14_SA08_R05.txt,SA08,D14,5,0,validation,500,700,-1,1.4308217319097987,1.2305261218248633
C2,23048,1131,SA08/D14_SA08_R05.txt,SA08,D14,5,0,validation,600,800,-1,1.4308217319097987,1.2305261218248633
C2,23057,1131,SA08/D14_SA08_R05.txt,SA08,D14,5,0,validation,1500,1700,-1,1.3978757501585817,1.2305261218248633
C2,23058,1131,SA08/D14_SA08_R05.txt,SA08,D14,5,0,validation,1600,1800,-1,1.3978757501585817,1.2305261218248633
C2,23544,1147,SA08/D18_SA08_R01.txt,SA08,D18,1,0,validation,600,800,-1,1.5358946573479824,1.2305261218248633
C2,23545,1147,SA08/D18_SA08_R01.txt,SA08,D18,1,0,validation,700,900,-1,1.5358946573479824,1.2305261218248633
C2,23566,1148,SA08/D18_SA08_R02.txt,SA08,D18,2,0,validation,500,700,-1,1.5104387777805546,1.2305261218248633
C2,23567,1148,SA08/D18_SA08_R02.txt,SA08,D18,2,0,validation,600,800,-1,1.5104387777805546,1.2305261218248633
C2,23615,1150,SA08/D18_SA08_R04.txt,SA08,D18,4,0,validation,800,1000,-1,1.2817336958863923,1.2305261218248633
C2,23616,1150,SA08/D18_SA08_R04.txt,SA08,D18,4,0,validation,900,1100,-1,1.2817336958863923,1.2305261218248633
C2,23637,1151,SA08/D18_SA08_R05.txt,SA08,D18,5,0,validation,700,900,-1,1.2916042669854804,1.2305261218248633
C2,23638,1151,SA08/D18_SA08_R05.txt,SA08,D18,5,0,validation,800,1000,-1,1.2930383679481563,1.2305261218248633
C2,23639,1151,SA08/D18_SA08_R05.txt,SA08,D18,5,0,validation,900,1100,-1,1.2930383679481563,1.2305261218248633
C2,23819,1208,SA08/F11_SA08_R02.txt,SA08,F11,2,1,validation,788,988,888,1.1482433274448558,1.2305261218248633
C2,25825,1276,SA09/D13_SA09_R01.txt,SA09,D13,1,0,validation,1100,1300,-1,1.2460695012390821,1.2305261218248633
C2,25826,1276,SA09/D13_SA09_R01.txt,SA09,D13,1,0,validation,1200,1400,-1,1.2460695012390821,1.2305261218248633
C2,25846,1277,SA09/D13_SA09_R02.txt,SA09,D13,2,0,validation,900,1100,-1,1.2755646178118394,1.2305261218248633
C2,25847,1277,SA09/D13_SA09_R02.txt,SA09,D13,2,0,validation,1000,1200,-1,1.2755646178118394,1.2305261218248633
C2,25868,1278,SA09/D13_SA09_R03.txt,SA09,D13,3,0,validation,800,1000,-1,1.233731872114785,1.2305261218248633
C2,25869,1278,SA09/D13_SA09_R03.txt,SA09,D13,3,0,validation,900,1100,-1,1.233731872114785,1.2305261218248633
C2,25893,1279,SA09/D13_SA09_R04.txt,SA09,D13,4,0,validation,1000,1200,-1,1.3038714461235614,1.2305261218248633
C2,25894,1279,SA09/D13_SA09_R04.txt,SA09,D13,4,0,validation,1100,1300,-1,1.3038714461235614,1.2305261218248633
C2,25912,1280,SA09/D13_SA09_R05.txt,SA09,D13,5,0,validation,600,800,-1,1.394248488053166,1.2305261218248633
C2,25913,1280,SA09/D13_SA09_R05.txt,SA09,D13,5,0,validation,700,900,-1,1.394248488053166,1.2305261218248633
C2,36412,1851,SA13/D04_SA13_R01.txt,SA13,D04,1,0,validation,6300,6500,-1,1.2357424052655384,1.2305261218248633
C2,36413,1851,SA13/D04_SA13_R01.txt,SA13,D04,1,0,validation,6400,6600,-1,1.2357424052655384,1.2305261218248633
C2,36501,1851,SA13/D04_SA13_R01.txt,SA13,D04,1,0,validation,15200,15400,-1,1.2369453263414607,1.2305261218248633
C2,36502,1851,SA13/D04_SA13_R01.txt,SA13,D04,1,0,validation,15300,15500,-1,1.2369453263414607,1.2305261218248633
C2,37802,1895,SA13/D13_SA13_R04.txt,SA13,D13,4,0,validation,800,1000,-1,1.4411554624121563,1.2305261218248633
C2,37803,1895,SA13/D13_SA13_R04.txt,SA13,D13,4,0,validation,900,1100,-1,1.4411554624121563,1.2305261218248633
C2,37827,1896,SA13/D13_SA13_R05.txt,SA13,D13,5,0,validation,1000,1200,-1,1.3074115435786386,1.2305261218248633
C2,37828,1896,SA13/D13_SA13_R05.txt,SA13,D13,5,0,validation,1100,1300,-1,1.3074115435786386,1.2305261218248633
C2,38435,1917,SA13/D18_SA13_R01.txt,SA13,D18,1,0,validation,700,900,-1,2.3451819751828595,1.2305261218248633
C2,38436,1917,SA13/D18_SA13_R01.txt,SA13,D18,1,0,validation,800,1000,-1,2.3451819751828595,1.2305261218248633
C2,38437,1917,SA13/D18_SA13_R01.txt,SA13,D18,1,0,validation,900,1100,-1,1.8927251591273087,1.2305261218248633
C2,38438,1917,SA13/D18_SA13_R01.txt,SA13,D18,1,0,validation,1000,1200,-1,1.2543860839181262,1.2305261218248633
C2,38456,1918,SA13/D18_SA13_R02.txt,SA13,D18,2,0,validation,500,700,-1,1.629888518584153,1.2305261218248633
C2,38457,1918,SA13/D18_SA13_R02.txt,SA13,D18,2,0,validation,600,800,-1,1.9807248233673782,1.2305261218248633
C2,38458,1918,SA13/D18_SA13_R02.txt,SA13,D18,2,0,validation,700,900,-1,1.9807248233673782,1.2305261218248633
C2,38459,1918,SA13/D18_SA13_R02.txt,SA13,D18,2,0,validation,800,1000,-1,1.3583116271898308,1.2305261218248633
C2,38483,1919,SA13/D18_SA13_R03.txt,SA13,D18,3,0,validation,900,1100,-1,1.5589324017538544,1.2305261218248633
C2,38484,1919,SA13/D18_SA13_R03.txt,SA13,D18,3,0,validation,1000,1200,-1,1.943693950157863,1.2305261218248633
C2,38485,1919,SA13/D18_SA13_R03.txt,SA13,D18,3,0,validation,1100,1300,-1,1.943693950157863,1.2305261218248633
C2,38504,1920,SA13/D18_SA13_R04.txt,SA13,D18,4,0,validation,700,900,-1,1.459603370189278,1.2305261218248633
C2,38505,1920,SA13/D18_SA13_R04.txt,SA13,D18,4,0,validation,800,1000,-1,2.1704422865905415,1.2305261218248633
C2,38506,1920,SA13/D18_SA13_R04.txt,SA13,D18,4,0,validation,900,1100,-1,2.1704422865905415,1.2305261218248633
C2,38507,1920,SA13/D18_SA13_R04.txt,SA13,D18,4,0,validation,1000,1200,-1,1.5911638974587852,1.2305261218248633
C2,38531,1921,SA13/D18_SA13_R05.txt,SA13,D18,5,0,validation,1100,1300,-1,1.6019356620293008,1.2305261218248633
C2,38532,1921,SA13/D18_SA13_R05.txt,SA13,D18,5,0,validation,1200,1400,-1,2.2381619604637915,1.2305261218248633
C2,38533,1921,SA13/D18_SA13_R05.txt,SA13,D18,5,0,validation,1300,1500,-1,2.2381619604637915,1.2305261218248633
C2,38534,1921,SA13/D18_SA13_R05.txt,SA13,D18,5,0,validation,1400,1600,-1,1.469835505747846,1.2305261218248633
C2,38553,1922,SA13/D19_SA13_R01.txt,SA13,D19,1,0,validation,1000,1200,-1,1.3722790762834347,1.2305261218248633
C2,38554,1922,SA13/D19_SA13_R01.txt,SA13,D19,1,0,validation,1100,1300,-1,1.3722790762834347,1.2305261218248633
C2,38570,1923,SA13/D19_SA13_R02.txt,SA13,D19,2,0,validation,400,600,-1,1.3237734481847787,1.2305261218248633
C2,38571,1923,SA13/D19_SA13_R02.txt,SA13,D19,2,0,validation,500,700,-1,1.4698209328234009,1.2305261218248633
C2,38572,1923,SA13/D19_SA13_R02.txt,SA13,D19,2,0,validation,600,800,-1,1.4698209328234009,1.2305261218248633
C2,38578,1923,SA13/D19_SA13_R02.txt,SA13,D19,2,0,validation,1200,1400,-1,1.5385454999045511,1.2305261218248633
C2,38579,1923,SA13/D19_SA13_R02.txt,SA13,D19,2,0,validation,1300,1500,-1,1.5385454999045511,1.2305261218248633
C2,38595,1924,SA13/D19_SA13_R03.txt,SA13,D19,3,0,validation,600,800,-1,1.6569243889002527,1.2305261218248633
C2,38596,1924,SA13/D19_SA13_R03.txt,SA13,D19,3,0,validation,700,900,-1,1.6569243889002527,1.2305261218248633
C2,38601,1924,SA13/D19_SA13_R03.txt,SA13,D19,3,0,validation,1200,1400,-1,1.5614959601760265,1.2305261218248633
C2,38602,1924,SA13/D19_SA13_R03.txt,SA13,D19,3,0,validation,1300,1500,-1,1.5614959601760265,1.2305261218248633
C2,38618,1925,SA13/D19_SA13_R04.txt,SA13,D19,4,0,validation,600,800,-1,1.297916406884522,1.2305261218248633
C2,38619,1925,SA13/D19_SA13_R04.txt,SA13,D19,4,0,validation,700,900,-1,1.5464970469269095,1.2305261218248633
C2,38620,1925,SA13/D19_SA13_R04.txt,SA13,D19,4,0,validation,800,1000,-1,1.5464970469269095,1.2305261218248633
C2,38625,1925,SA13/D19_SA13_R04.txt,SA13,D19,4,0,validation,1300,1500,-1,1.3180258003208591,1.2305261218248633
C2,38626,1925,SA13/D19_SA13_R04.txt,SA13,D19,4,0,validation,1400,1600,-1,1.4998346477899511,1.2305261218248633
C2,38627,1925,SA13/D19_SA13_R04.txt,SA13,D19,4,0,validation,1500,1700,-1,1.4998346477899511,1.2305261218248633
C2,38671,1940,SA13/F03_SA13_R04.txt,SA13,F03,4,1,validation,46,246,146,0.41236485103062764,1.2305261218248633
C2,38682,1951,SA13/F05_SA13_R05.txt,SA13,F05,5,1,validation,406,606,506,0.9457875575696701,1.2305261218248633
C2,38709,1978,SA13/F11_SA13_R02.txt,SA13,F11,2,1,validation,600,800,700,1.1241798149416846,1.2305261218248633
C2,55361,2812,SA19/D13_SA19_R03.txt,SA19,D13,3,0,validation,500,700,-1,1.2417969162501818,1.2305261218248633
C2,55362,2812,SA19/D13_SA19_R03.txt,SA19,D13,3,0,validation,600,800,-1,1.2417969162501818,1.2305261218248633
C2,55391,2813,SA19/D13_SA19_R04.txt,SA19,D13,4,0,validation,1200,1400,-1,1.2887165779277565,1.2305261218248633
C2,55392,2813,SA19/D13_SA19_R04.txt,SA19,D13,4,0,validation,1300,1500,-1,1.2887165779277565,1.2305261218248633
C2,55432,2815,SA19/D14_SA19_R01.txt,SA19,D14,1,0,validation,700,900,-1,1.251136517300188,1.2305261218248633
C2,55433,2815,SA19/D14_SA19_R01.txt,SA19,D14,1,0,validation,800,1000,-1,1.251136517300188,1.2305261218248633
C2,55479,2817,SA19/D14_SA19_R03.txt,SA19,D14,3,0,validation,800,1000,-1,1.2677023340906806,1.2305261218248633
C2,55480,2817,SA19/D14_SA19_R03.txt,SA19,D14,3,0,validation,900,1100,-1,1.2677023340906806,1.2305261218248633
C2,56017,2835,SA19/D18_SA19_R01.txt,SA19,D18,1,0,validation,500,700,-1,1.2339803048377367,1.2305261218248633
C2,56018,2835,SA19/D18_SA19_R01.txt,SA19,D18,1,0,validation,600,800,-1,1.4280102876053233,1.2305261218248633
C2,56019,2835,SA19/D18_SA19_R01.txt,SA19,D18,1,0,validation,700,900,-1,1.4280102876053233,1.2305261218248633
C2,56042,2836,SA19/D18_SA19_R02.txt,SA19,D18,2,0,validation,800,1000,-1,1.3612360149714129,1.2305261218248633
C2,56043,2836,SA19/D18_SA19_R02.txt,SA19,D18,2,0,validation,900,1100,-1,1.5822839779351527,1.2305261218248633
C2,56044,2836,SA19/D18_SA19_R02.txt,SA19,D18,2,0,validation,1000,1200,-1,1.5822839779351527,1.2305261218248633
C2,56067,2837,SA19/D18_SA19_R03.txt,SA19,D18,3,0,validation,1000,1200,-1,1.2582258071761938,1.2305261218248633
C2,56068,2837,SA19/D18_SA19_R03.txt,SA19,D18,3,0,validation,1100,1300,-1,1.2582258071761938,1.2305261218248633
C2,56086,2838,SA19/D18_SA19_R04.txt,SA19,D18,4,0,validation,600,800,-1,1.6349122899423458,1.2305261218248633
C2,56087,2838,SA19/D18_SA19_R04.txt,SA19,D18,4,0,validation,700,900,-1,1.6349122899423458,1.2305261218248633
C2,56110,2839,SA19/D18_SA19_R05.txt,SA19,D18,5,0,validation,700,900,-1,1.411369097204941,1.2305261218248633
C2,56111,2839,SA19/D18_SA19_R05.txt,SA19,D18,5,0,validation,800,1000,-1,1.411369097204941,1.2305261218248633
C2,86306,4053,SE08/D10_SE08_R01.txt,SE08,D10,1,0,validation,600,800,-1,1.233691104871406,1.2305261218248633
C2,86307,4053,SE08/D10_SE08_R01.txt,SE08,D10,1,0,validation,700,900,-1,1.3019282839451742,1.2305261218248633
C2,86308,4053,SE08/D10_SE08_R01.txt,SE08,D10,1,0,validation,800,1000,-1,1.3019282839451742,1.2305261218248633
C2,86352,4055,SE08/D10_SE08_R03.txt,SE08,D10,3,0,validation,600,800,-1,1.308968344134756,1.2305261218248633
C2,86353,4055,SE08/D10_SE08_R03.txt,SE08,D10,3,0,validation,700,900,-1,1.308968344134756,1.2305261218248633
C2,86398,4057,SE08/D10_SE08_R05.txt,SE08,D10,5,0,validation,600,800,-1,1.2764164159232603,1.2305261218248633
C2,86399,4057,SE08/D10_SE08_R05.txt,SE08,D10,5,0,validation,700,900,-1,1.2764164159232603,1.2305261218248633
C2,86538,4063,SE08/D12_SE08_R01.txt,SE08,D12,1,0,validation,800,1000,-1,1.537767200391506,1.2305261218248633
C2,86539,4063,SE08/D12_SE08_R01.txt,SE08,D12,1,0,validation,900,1100,-1,1.537767200391506,1.2305261218248633
C2,86559,4064,SE08/D12_SE08_R02.txt,SE08,D12,2,0,validation,600,800,-1,1.2670997017712262,1.2305261218248633
C2,86560,4064,SE08/D12_SE08_R02.txt,SE08,D12,2,0,validation,700,900,-1,1.2670997017712262,1.2305261218248633
C2,86648,4068,SE08/D14_SE08_R01.txt,SE08,D14,1,0,validation,300,500,-1,1.2759480640362444,1.2305261218248633
C2,86649,4068,SE08/D14_SE08_R01.txt,SE08,D14,1,0,validation,400,600,-1,1.5104367012234086,1.2305261218248633
C2,86650,4068,SE08/D14_SE08_R01.txt,SE08,D14,1,0,validation,500,700,-1,1.5104367012234086,1.2305261218248633
C2,86659,4068,SE08/D14_SE08_R01.txt,SE08,D14,1,0,validation,1400,1600,-1,1.2845128690930676,1.2305261218248633
C2,86660,4068,SE08/D14_SE08_R01.txt,SE08,D14,1,0,validation,1500,1700,-1,1.2845128690930676,1.2305261218248633
C2,86673,4069,SE08/D14_SE08_R02.txt,SE08,D14,2,0,validation,500,700,-1,1.6376970901572752,1.2305261218248633
C2,86674,4069,SE08/D14_SE08_R02.txt,SE08,D14,2,0,validation,600,800,-1,1.6376970901572752,1.2305261218248633
C2,86675,4069,SE08/D14_SE08_R02.txt,SE08,D14,2,0,validation,700,900,-1,1.258276259631751,1.2305261218248633
C2,86685,4069,SE08/D14_SE08_R02.txt,SE08,D14,2,0,validation,1700,1900,-1,1.4637387743565191,1.2305261218248633
C2,86686,4069,SE08/D14_SE08_R02.txt,SE08,D14,2,0,validation,1800,2000,-1,1.4637387743565191,1.2305261218248633
C2,86695,4070,SE08/D14_SE08_R03.txt,SE08,D14,3,0,validation,400,600,-1,1.8437437530268084,1.2305261218248633
C2,86696,4070,SE08/D14_SE08_R03.txt,SE08,D14,3,0,validation,500,700,-1,1.8437437530268084,1.2305261218248633
C2,86697,4070,SE08/D14_SE08_R03.txt,SE08,D14,3,0,validation,600,800,-1,1.2713959136403357,1.2305261218248633
C2,86707,4070,SE08/D14_SE08_R03.txt,SE08,D14,3,0,validation,1600,1800,-1,1.5060354163799754,1.2305261218248633
C2,86708,4070,SE08/D14_SE08_R03.txt,SE08,D14,3,0,validation,1700,1900,-1,1.5060354163799754,1.2305261218248633
C2,86719,4071,SE08/D14_SE08_R04.txt,SE08,D14,4,0,validation,500,700,-1,1.7801422231838149,1.2305261218248633
C2,86720,4071,SE08/D14_SE08_R04.txt,SE08,D14,4,0,validation,600,800,-1,1.7801422231838149,1.2305261218248633
C2,86744,4072,SE08/D14_SE08_R05.txt,SE08,D14,5,0,validation,700,900,-1,1.6757711226560157,1.2305261218248633
C2,86745,4072,SE08/D14_SE08_R05.txt,SE08,D14,5,0,validation,800,1000,-1,1.6757711226560157,1.2305261218248633
C2,86746,4072,SE08/D14_SE08_R05.txt,SE08,D14,5,0,validation,900,1100,-1,1.2738457322860726,1.2305261218248633
C2,86754,4072,SE08/D14_SE08_R05.txt,SE08,D14,5,0,validation,1700,1900,-1,1.374719360083904,1.2305261218248633
C2,86755,4072,SE08/D14_SE08_R05.txt,SE08,D14,5,0,validation,1800,2000,-1,1.4181577391100628,1.2305261218248633
C2,86756,4072,SE08/D14_SE08_R05.txt,SE08,D14,5,0,validation,1900,2100,-1,1.4181577391100628,1.2305261218248633
C2,87996,4091,SE09/D04_SE09_R01.txt,SE09,D04,1,0,validation,17000,17200,-1,1.2338250204141095,1.2305261218248633
C2,87997,4091,SE09/D04_SE09_R01.txt,SE09,D04,1,0,validation,17100,17300,-1,1.2338250204141095,1.2305261218248633
C2,88388,4102,SE09/D08_SE09_R01.txt,SE09,D08,1,0,validation,400,600,-1,1.299584672975155,1.2305261218248633
C2,88389,4102,SE09/D08_SE09_R01.txt,SE09,D08,1,0,validation,500,700,-1,1.299584672975155,1.2305261218248633
C2,88397,4102,SE09/D08_SE09_R01.txt,SE09,D08,1,0,validation,1300,1500,-1,1.358596827688379,1.2305261218248633
C2,88398,4102,SE09/D08_SE09_R01.txt,SE09,D08,1,0,validation,1400,1600,-1,1.358596827688379,1.2305261218248633
C2,88411,4103,SE09/D08_SE09_R02.txt,SE09,D08,2,0,validation,400,600,-1,1.466195446514,1.2305261218248633
C2,88412,4103,SE09/D08_SE09_R02.txt,SE09,D08,2,0,validation,500,700,-1,1.466195446514,1.2305261218248633
C2,88419,4103,SE09/D08_SE09_R02.txt,SE09,D08,2,0,validation,1200,1400,-1,1.361593374497406,1.2305261218248633
C2,88420,4103,SE09/D08_SE09_R02.txt,SE09,D08,2,0,validation,1300,1500,-1,1.361593374497406,1.2305261218248633
C2,88436,4104,SE09/D08_SE09_R03.txt,SE09,D08,3,0,validation,600,800,-1,1.4366962194342754,1.2305261218248633
C2,88437,4104,SE09/D08_SE09_R03.txt,SE09,D08,3,0,validation,700,900,-1,1.4366962194342754,1.2305261218248633
C2,88445,4104,SE09/D08_SE09_R03.txt,SE09,D08,3,0,validation,1500,1700,-1,1.717495051091967,1.2305261218248633
C2,88446,4104,SE09/D08_SE09_R03.txt,SE09,D08,3,0,validation,1600,1800,-1,1.717495051091967,1.2305261218248633
C2,88458,4105,SE09/D08_SE09_R04.txt,SE09,D08,4,0,validation,500,700,-1,1.3479635962985688,1.2305261218248633
C2,88459,4105,SE09/D08_SE09_R04.txt,SE09,D08,4,0,validation,600,800,-1,1.3479635962985688,1.2305261218248633
C2,88466,4105,SE09/D08_SE09_R04.txt,SE09,D08,4,0,validation,1300,1500,-1,1.536967913555925,1.2305261218248633
C2,88467,4105,SE09/D08_SE09_R04.txt,SE09,D08,4,0,validation,1400,1600,-1,1.536967913555925,1.2305261218248633
C2,88480,4106,SE09/D08_SE09_R05.txt,SE09,D08,5,0,validation,400,600,-1,1.418429025484497,1.2305261218248633
C2,88481,4106,SE09/D08_SE09_R05.txt,SE09,D08,5,0,validation,500,700,-1,1.418429025484497,1.2305261218248633
C2,88488,4106,SE09/D08_SE09_R05.txt,SE09,D08,5,0,validation,1200,1400,-1,1.7272716041905516,1.2305261218248633
C2,88489,4106,SE09/D08_SE09_R05.txt,SE09,D08,5,0,validation,1300,1500,-1,1.7272716041905516,1.2305261218248633
C2,88505,4107,SE09/D09_SE09_R01.txt,SE09,D09,1,0,validation,600,800,-1,1.406504870722893,1.2305261218248633
C2,88506,4107,SE09/D09_SE09_R01.txt,SE09,D09,1,0,validation,700,900,-1,1.4823353679532176,1.2305261218248633
C2,88507,4107,SE09/D09_SE09_R01.txt,SE09,D09,1,0,validation,800,1000,-1,1.4823353679532176,1.2305261218248633
C2,88529,4108,SE09/D09_SE09_R02.txt,SE09,D09,2,0,validation,700,900,-1,1.2412026365974993,1.2305261218248633
C2,88530,4108,SE09/D09_SE09_R02.txt,SE09,D09,2,0,validation,800,1000,-1,1.2412026365974993,1.2305261218248633
C2,88537,4108,SE09/D09_SE09_R02.txt,SE09,D09,2,0,validation,1500,1700,-1,1.255903224743966,1.2305261218248633
C2,88538,4108,SE09/D09_SE09_R02.txt,SE09,D09,2,0,validation,1600,1800,-1,1.255903224743966,1.2305261218248633
C2,88553,4109,SE09/D09_SE09_R03.txt,SE09,D09,3,0,validation,800,1000,-1,1.349001213775223,1.2305261218248633
C2,88554,4109,SE09/D09_SE09_R03.txt,SE09,D09,3,0,validation,900,1100,-1,1.349001213775223,1.2305261218248633
C2,88562,4109,SE09/D09_SE09_R03.txt,SE09,D09,3,0,validation,1700,1900,-1,1.2476651132908485,1.2305261218248633
C2,88563,4109,SE09/D09_SE09_R03.txt,SE09,D09,3,0,validation,1800,2000,-1,1.2476651132908485,1.2305261218248633
C2,88576,4110,SE09/D09_SE09_R04.txt,SE09,D09,4,0,validation,800,1000,-1,1.3047312770356443,1.2305261218248633
C2,88577,4110,SE09/D09_SE09_R04.txt,SE09,D09,4,0,validation,900,1100,-1,1.3047312770356443,1.2305261218248633
C2,88584,4110,SE09/D09_SE09_R04.txt,SE09,D09,4,0,validation,1600,1800,-1,1.2381871559753717,1.2305261218248633
C2,88585,4110,SE09/D09_SE09_R04.txt,SE09,D09,4,0,validation,1700,1900,-1,1.2381871559753717,1.2305261218248633
C2,88586,4110,SE09/D09_SE09_R04.txt,SE09,D09,4,0,validation,1800,2000,-1,1.2359671970318635,1.2305261218248633
C2,88599,4111,SE09/D09_SE09_R05.txt,SE09,D09,5,0,validation,800,1000,-1,1.2849899557131805,1.2305261218248633
C2,88600,4111,SE09/D09_SE09_R05.txt,SE09,D09,5,0,validation,900,1100,-1,1.2849899557131805,1.2305261218248633
C2,88608,4111,SE09/D09_SE09_R05.txt,SE09,D09,5,0,validation,1700,1900,-1,1.2669209736197933,1.2305261218248633
C2,88609,4111,SE09/D09_SE09_R05.txt,SE09,D09,5,0,validation,1800,2000,-1,1.2669209736197933,1.2305261218248633
C2,88619,4112,SE09/D10_SE09_R01.txt,SE09,D10,1,0,validation,500,700,-1,1.5947317173531523,1.2305261218248633
C2,88620,4112,SE09/D10_SE09_R01.txt,SE09,D10,1,0,validation,600,800,-1,1.5947317173531523,1.2305261218248633
C2,88627,4112,SE09/D10_SE09_R01.txt,SE09,D10,1,0,validation,1300,1500,-1,1.4271840309715957,1.2305261218248633
C2,88628,4112,SE09/D10_SE09_R01.txt,SE09,D10,1,0,validation,1400,1600,-1,1.4271840309715957,1.2305261218248633
C2,88642,4113,SE09/D10_SE09_R02.txt,SE09,D10,2,0,validation,500,700,-1,1.2616626370286983,1.2305261218248633
C2,88643,4113,SE09/D10_SE09_R02.txt,SE09,D10,2,0,validation,600,800,-1,1.4685437748249468,1.2305261218248633
C2,88644,4113,SE09/D10_SE09_R02.txt,SE09,D10,2,0,validation,700,900,-1,1.4685437748249468,1.2305261218248633
C2,88651,4113,SE09/D10_SE09_R02.txt,SE09,D10,2,0,validation,1400,1600,-1,1.2460050152491013,1.2305261218248633
C2,88652,4113,SE09/D10_SE09_R02.txt,SE09,D10,2,0,validation,1500,1700,-1,1.2737827156678805,1.2305261218248633
C2,88653,4113,SE09/D10_SE09_R02.txt,SE09,D10,2,0,validation,1600,1800,-1,1.2737827156678805,1.2305261218248633
C2,88667,4114,SE09/D10_SE09_R03.txt,SE09,D10,3,0,validation,700,900,-1,1.4028178988266267,1.2305261218248633
C2,88668,4114,SE09/D10_SE09_R03.txt,SE09,D10,3,0,validation,800,1000,-1,1.4028178988266267,1.2305261218248633
C2,88676,4114,SE09/D10_SE09_R03.txt,SE09,D10,3,0,validation,1600,1800,-1,1.2897592915245335,1.2305261218248633
C2,88677,4114,SE09/D10_SE09_R03.txt,SE09,D10,3,0,validation,1700,1900,-1,1.2897592915245335,1.2305261218248633
C2,88689,4115,SE09/D10_SE09_R04.txt,SE09,D10,4,0,validation,600,800,-1,1.318902686820655,1.2305261218248633
C2,88690,4115,SE09/D10_SE09_R04.txt,SE09,D10,4,0,validation,700,900,-1,1.318902686820655,1.2305261218248633
C2,88697,4115,SE09/D10_SE09_R04.txt,SE09,D10,4,0,validation,1400,1600,-1,1.250275414221892,1.2305261218248633
C2,88698,4115,SE09/D10_SE09_R04.txt,SE09,D10,4,0,validation,1500,1700,-1,1.250275414221892,1.2305261218248633
C2,88710,4116,SE09/D10_SE09_R05.txt,SE09,D10,5,0,validation,400,600,-1,1.3870457795937403,1.2305261218248633
C2,88711,4116,SE09/D10_SE09_R05.txt,SE09,D10,5,0,validation,500,700,-1,1.3870457795937403,1.2305261218248633
C2,88712,4116,SE09/D10_SE09_R05.txt,SE09,D10,5,0,validation,600,800,-1,1.3574241529541027,1.2305261218248633
C2,88720,4116,SE09/D10_SE09_R05.txt,SE09,D10,5,0,validation,1400,1600,-1,1.2890336978186565,1.2305261218248633
C2,88721,4116,SE09/D10_SE09_R05.txt,SE09,D10,5,0,validation,1500,1700,-1,1.2890336978186565,1.2305261218248633
C2,88828,4121,SE09/D11_SE09_R05.txt,SE09,D11,5,0,validation,800,1000,-1,1.247959117080451,1.2305261218248633
C2,88829,4121,SE09/D11_SE09_R05.txt,SE09,D11,5,0,validation,900,1100,-1,1.247959117080451,1.2305261218248633
C2,88962,4127,SE09/D14_SE09_R01.txt,SE09,D14,1,0,validation,400,600,-1,1.265438079447472,1.2305261218248633
C2,88963,4127,SE09/D14_SE09_R01.txt,SE09,D14,1,0,validation,500,700,-1,1.265438079447472,1.2305261218248633
C2,88974,4127,SE09/D14_SE09_R01.txt,SE09,D14,1,0,validation,1600,1800,-1,1.5288684056795676,1.2305261218248633
C2,88975,4127,SE09/D14_SE09_R01.txt,SE09,D14,1,0,validation,1700,1900,-1,1.5288684056795676,1.2305261218248633
C2,88976,4127,SE09/D14_SE09_R01.txt,SE09,D14,1,0,validation,1800,2000,-1,1.2621799072240483,1.2305261218248633
C2,88988,4128,SE09/D14_SE09_R02.txt,SE09,D14,2,0,validation,700,900,-1,1.3307605090557335,1.2305261218248633
C2,88989,4128,SE09/D14_SE09_R02.txt,SE09,D14,2,0,validation,800,1000,-1,1.3307605090557335,1.2305261218248633
C2,88997,4128,SE09/D14_SE09_R02.txt,SE09,D14,2,0,validation,1600,1800,-1,1.3478564881922517,1.2305261218248633
C2,88998,4128,SE09/D14_SE09_R02.txt,SE09,D14,2,0,validation,1700,1900,-1,1.3478564881922517,1.2305261218248633
C2,89021,4129,SE09/D14_SE09_R03.txt,SE09,D14,3,0,validation,1700,1900,-1,1.3650119951918211,1.2305261218248633
C2,89022,4129,SE09/D14_SE09_R03.txt,SE09,D14,3,0,validation,1800,2000,-1,1.3724928465060904,1.2305261218248633
C2,89023,4129,SE09/D14_SE09_R03.txt,SE09,D14,3,0,validation,1900,2100,-1,1.3724928465060904,1.2305261218248633
C2,89046,4130,SE09/D14_SE09_R04.txt,SE09,D14,4,0,validation,1900,2100,-1,1.2490606214071034,1.2305261218248633
C2,89047,4130,SE09/D14_SE09_R04.txt,SE09,D14,4,0,validation,2000,2200,-1,1.2490606214071034,1.2305261218248633
C2,89057,4131,SE09/D14_SE09_R05.txt,SE09,D14,5,0,validation,700,900,-1,1.3770330041039913,1.2305261218248633
C2,89058,4131,SE09/D14_SE09_R05.txt,SE09,D14,5,0,validation,800,1000,-1,1.3770330041039913,1.2305261218248633
C2,89068,4131,SE09/D14_SE09_R05.txt,SE09,D14,5,0,validation,1800,2000,-1,1.2736919147570676,1.2305261218248633
C2,89069,4131,SE09/D14_SE09_R05.txt,SE09,D14,5,0,validation,1900,2100,-1,1.2736919147570676,1.2305261218248633
C2,92096,4207,SE11/D02_SE11_R01.txt,SE11,D02,1,0,validation,3400,3600,-1,1.2405533600845158,1.2305261218248633
C2,92097,4207,SE11/D02_SE11_R01.txt,SE11,D02,1,0,validation,3500,3700,-1,1.2405533600845158,1.2305261218248633
C2,92099,4207,SE11/D02_SE11_R01.txt,SE11,D02,1,0,validation,3700,3900,-1,1.2314166382963245,1.2305261218248633
C2,92100,4207,SE11/D02_SE11_R01.txt,SE11,D02,1,0,validation,3800,4000,-1,1.2314166382963245,1.2305261218248633
C2,92110,4207,SE11/D02_SE11_R01.txt,SE11,D02,1,0,validation,4800,5000,-1,1.2791856674782578,1.2305261218248633
C2,92111,4207,SE11/D02_SE11_R01.txt,SE11,D02,1,0,validation,4900,5100,-1,1.2791856674782578,1.2305261218248633
C2,92146,4207,SE11/D02_SE11_R01.txt,SE11,D02,1,0,validation,8400,8600,-1,1.2438230794645995,1.2305261218248633
C2,92147,4207,SE11/D02_SE11_R01.txt,SE11,D02,1,0,validation,8500,8700,-1,1.2438230794645995,1.2305261218248633
C2,92159,4207,SE11/D02_SE11_R01.txt,SE11,D02,1,0,validation,9700,9900,-1,1.2358485535759889,1.2305261218248633
C2,92160,4207,SE11/D02_SE11_R01.txt,SE11,D02,1,0,validation,9800,10000,-1,1.2358485535759889,1.2305261218248633
C2,92173,4207,SE11/D02_SE11_R01.txt,SE11,D02,1,0,validation,11100,11300,-1,1.2337404328766266,1.2305261218248633
C2,92174,4207,SE11/D02_SE11_R01.txt,SE11,D02,1,0,validation,11200,11400,-1,1.2337404328766266,1.2305261218248633
C2,92189,4207,SE11/D02_SE11_R01.txt,SE11,D02,1,0,validation,12700,12900,-1,1.2333644898711125,1.2305261218248633
C2,92190,4207,SE11/D02_SE11_R01.txt,SE11,D02,1,0,validation,12800,13000,-1,1.2448054289799486,1.2305261218248633
C2,92191,4207,SE11/D02_SE11_R01.txt,SE11,D02,1,0,validation,12900,13100,-1,1.2448054289799486,1.2305261218248633
C2,92203,4207,SE11/D02_SE11_R01.txt,SE11,D02,1,0,validation,14100,14300,-1,1.255127644616726,1.2305261218248633
C2,92204,4207,SE11/D02_SE11_R01.txt,SE11,D02,1,0,validation,14200,14400,-1,1.255127644616726,1.2305261218248633
C2,92256,4207,SE11/D02_SE11_R01.txt,SE11,D02,1,0,validation,19400,19600,-1,1.2502109450412384,1.2305261218248633
C2,92257,4207,SE11/D02_SE11_R01.txt,SE11,D02,1,0,validation,19500,19700,-1,1.2502109450412384,1.2305261218248633
C2,92292,4208,SE11/D03_SE11_R01.txt,SE11,D03,1,0,validation,3100,3300,-1,1.2377108680497932,1.2305261218248633
C2,92293,4208,SE11/D03_SE11_R01.txt,SE11,D03,1,0,validation,3200,3400,-1,1.2377108680497932,1.2305261218248633
C2,92294,4208,SE11/D03_SE11_R01.txt,SE11,D03,1,0,validation,3300,3500,-1,1.2332256909763075,1.2305261218248633
C2,92300,4208,SE11/D03_SE11_R01.txt,SE11,D03,1,0,validation,3900,4100,-1,1.2632643857511774,1.2305261218248633
C2,92301,4208,SE11/D03_SE11_R01.txt,SE11,D03,1,0,validation,4000,4200,-1,1.2632643857511774,1.2305261218248633
C2,92308,4208,SE11/D03_SE11_R01.txt,SE11,D03,1,0,validation,4700,4900,-1,1.2493423303387514,1.2305261218248633
C2,92309,4208,SE11/D03_SE11_R01.txt,SE11,D03,1,0,validation,4800,5000,-1,1.2493423303387514,1.2305261218248633
C2,92319,4208,SE11/D03_SE11_R01.txt,SE11,D03,1,0,validation,5800,6000,-1,1.236730042055286,1.2305261218248633
C2,92320,4208,SE11/D03_SE11_R01.txt,SE11,D03,1,0,validation,5900,6100,-1,1.236730042055286,1.2305261218248633
C2,92324,4208,SE11/D03_SE11_R01.txt,SE11,D03,1,0,validation,6300,6500,-1,1.2610217652134672,1.2305261218248633
C2,92325,4208,SE11/D03_SE11_R01.txt,SE11,D03,1,0,validation,6400,6600,-1,1.2610217652134672,1.2305261218248633
C2,92328,4208,SE11/D03_SE11_R01.txt,SE11,D03,1,0,validation,6700,6900,-1,1.331059127313909,1.2305261218248633
C2,92329,4208,SE11/D03_SE11_R01.txt,SE11,D03,1,0,validation,6800,7000,-1,1.331059127313909,1.2305261218248633
C2,92465,4209,SE11/D04_SE11_R01.txt,SE11,D04,1,0,validation,500,700,-1,1.603297553029381,1.2305261218248633
C2,92466,4209,SE11/D04_SE11_R01.txt,SE11,D04,1,0,validation,600,800,-1,1.603297553029381,1.2305261218248633
C2,92467,4209,SE11/D04_SE11_R01.txt,SE11,D04,1,0,validation,700,900,-1,1.5984494461051253,1.2305261218248633
C2,92485,4209,SE11/D04_SE11_R01.txt,SE11,D04,1,0,validation,2500,2700,-1,1.2714762938927855,1.2305261218248633
C2,92486,4209,SE11/D04_SE11_R01.txt,SE11,D04,1,0,validation,2600,2800,-1,1.2714762938927855,1.2305261218248633
C2,92487,4209,SE11/D04_SE11_R01.txt,SE11,D04,1,0,validation,2700,2900,-1,1.2724247144200713,1.2305261218248633
C2,92488,4209,SE11/D04_SE11_R01.txt,SE11,D04,1,0,validation,2800,3000,-1,1.2724247144200713,1.2305261218248633
C2,92489,4209,SE11/D04_SE11_R01.txt,SE11,D04,1,0,validation,2900,3100,-1,1.2657847938823616,1.2305261218248633
C2,92490,4209,SE11/D04_SE11_R01.txt,SE11,D04,1,0,validation,3000,3200,-1,1.4658575181796385,1.2305261218248633
C2,92491,4209,SE11/D04_SE11_R01.txt,SE11,D04,1,0,validation,3100,3300,-1,1.4658575181796385,1.2305261218248633
C2,92506,4209,SE11/D04_SE11_R01.txt,SE11,D04,1,0,validation,4600,4800,-1,1.2385936764849115,1.2305261218248633
C2,92507,4209,SE11/D04_SE11_R01.txt,SE11,D04,1,0,validation,4700,4900,-1,1.2385936764849115,1.2305261218248633
C2,92510,4209,SE11/D04_SE11_R01.txt,SE11,D04,1,0,validation,5000,5200,-1,1.485141016493483,1.2305261218248633
C2,92511,4209,SE11/D04_SE11_R01.txt,SE11,D04,1,0,validation,5100,5300,-1,1.485141016493483,1.2305261218248633
C2,92512,4209,SE11/D04_SE11_R01.txt,SE11,D04,1,0,validation,5200,5400,-1,1.2407603205317128,1.2305261218248633
C2,92513,4209,SE11/D04_SE11_R01.txt,SE11,D04,1,0,validation,5300,5500,-1,1.2407603205317128,1.2305261218248633
C2,92518,4209,SE11/D04_SE11_R01.txt,SE11,D04,1,0,validation,5800,6000,-1,1.3460443279698535,1.2305261218248633
C2,92519,4209,SE11/D04_SE11_R01.txt,SE11,D04,1,0,validation,5900,6100,-1,1.3460443279698535,1.2305261218248633
C2,92521,4209,SE11/D04_SE11_R01.txt,SE11,D04,1,0,validation,6100,6300,-1,1.3252565930028128,1.2305261218248633
C2,92522,4209,SE11/D04_SE11_R01.txt,SE11,D04,1,0,validation,6200,6400,-1,1.3252565930028128,1.2305261218248633
C2,92523,4209,SE11/D04_SE11_R01.txt,SE11,D04,1,0,validation,6300,6500,-1,1.360636620848897,1.2305261218248633
C2,92524,4209,SE11/D04_SE11_R01.txt,SE11,D04,1,0,validation,6400,6600,-1,1.360636620848897,1.2305261218248633
C2,92525,4209,SE11/D04_SE11_R01.txt,SE11,D04,1,0,validation,6500,6700,-1,1.3253839593781986,1.2305261218248633
C2,92526,4209,SE11/D04_SE11_R01.txt,SE11,D04,1,0,validation,6600,6800,-1,1.2554431950004332,1.2305261218248633
C2,92527,4209,SE11/D04_SE11_R01.txt,SE11,D04,1,0,validation,6700,6900,-1,1.2944612249528502,1.2305261218248633
C2,92528,4209,SE11/D04_SE11_R01.txt,SE11,D04,1,0,validation,6800,7000,-1,1.2944612249528502,1.2305261218248633
C2,92529,4209,SE11/D04_SE11_R01.txt,SE11,D04,1,0,validation,6900,7100,-1,1.3037350526847309,1.2305261218248633
C2,92530,4209,SE11/D04_SE11_R01.txt,SE11,D04,1,0,validation,7000,7200,-1,1.3037350526847309,1.2305261218248633
C2,92531,4209,SE11/D04_SE11_R01.txt,SE11,D04,1,0,validation,7100,7300,-1,1.2656418503271478,1.2305261218248633
C2,92532,4209,SE11/D04_SE11_R01.txt,SE11,D04,1,0,validation,7200,7400,-1,1.2656418503271478,1.2305261218248633
C2,92534,4209,SE11/D04_SE11_R01.txt,SE11,D04,1,0,validation,7400,7600,-1,1.393502277717943,1.2305261218248633
C2,92535,4209,SE11/D04_SE11_R01.txt,SE11,D04,1,0,validation,7500,7700,-1,1.393502277717943,1.2305261218248633
C2,92536,4209,SE11/D04_SE11_R01.txt,SE11,D04,1,0,validation,7600,7800,-1,1.3378985352305315,1.2305261218248633
C2,92545,4209,SE11/D04_SE11_R01.txt,SE11,D04,1,0,validation,8500,8700,-1,1.2455710754762837,1.2305261218248633
C2,92546,4209,SE11/D04_SE11_R01.txt,SE11,D04,1,0,validation,8600,8800,-1,1.2455710754762837,1.2305261218248633
C2,92554,4209,SE11/D04_SE11_R01.txt,SE11,D04,1,0,validation,9400,9600,-1,1.237291905609605,1.2305261218248633
C2,92555,4209,SE11/D04_SE11_R01.txt,SE11,D04,1,0,validation,9500,9700,-1,1.398863520614114,1.2305261218248633
C2,92556,4209,SE11/D04_SE11_R01.txt,SE11,D04,1,0,validation,9600,9800,-1,1.398863520614114,1.2305261218248633
C2,92557,4209,SE11/D04_SE11_R01.txt,SE11,D04,1,0,validation,9700,9900,-1,1.427228818583229,1.2305261218248633
C2,92558,4209,SE11/D04_SE11_R01.txt,SE11,D04,1,0,validation,9800,10000,-1,1.427228818583229,1.2305261218248633
C2,92559,4209,SE11/D04_SE11_R01.txt,SE11,D04,1,0,validation,9900,10100,-1,1.2569870449450202,1.2305261218248633
C2,92560,4209,SE11/D04_SE11_R01.txt,SE11,D04,1,0,validation,10000,10200,-1,1.3536078025119118,1.2305261218248633
C2,92561,4209,SE11/D04_SE11_R01.txt,SE11,D04,1,0,validation,10100,10300,-1,1.3536078025119118,1.2305261218248633
C2,92562,4209,SE11/D04_SE11_R01.txt,SE11,D04,1,0,validation,10200,10400,-1,1.2729542456835916,1.2305261218248633
C2,92563,4209,SE11/D04_SE11_R01.txt,SE11,D04,1,0,validation,10300,10500,-1,1.2729542456835916,1.2305261218248633
C2,92582,4209,SE11/D04_SE11_R01.txt,SE11,D04,1,0,validation,12200,12400,-1,1.297096709219401,1.2305261218248633
C2,92583,4209,SE11/D04_SE11_R01.txt,SE11,D04,1,0,validation,12300,12500,-1,1.408979098706587,1.2305261218248633
C2,92584,4209,SE11/D04_SE11_R01.txt,SE11,D04,1,0,validation,12400,12600,-1,1.408979098706587,1.2305261218248633
C2,92638,4209,SE11/D04_SE11_R01.txt,SE11,D04,1,0,validation,17800,18000,-1,1.3132306389738664,1.2305261218248633
C2,92639,4209,SE11/D04_SE11_R01.txt,SE11,D04,1,0,validation,17900,18100,-1,1.3132306389738664,1.2305261218248633
C2,93595,4245,SE11/D14_SE11_R01.txt,SE11,D14,1,0,validation,400,600,-1,1.3310053279704037,1.2305261218248633
C2,93596,4245,SE11/D14_SE11_R01.txt,SE11,D14,1,0,validation,500,700,-1,1.3310053279704037,1.2305261218248633
C2,93608,4245,SE11/D14_SE11_R01.txt,SE11,D14,1,0,validation,1700,1900,-1,1.33811225635979,1.2305261218248633
C2,93609,4245,SE11/D14_SE11_R01.txt,SE11,D14,1,0,validation,1800,2000,-1,1.33811225635979,1.2305261218248633
C2,93619,4246,SE11/D14_SE11_R02.txt,SE11,D14,2,0,validation,500,700,-1,1.506707149574447,1.2305261218248633
C2,93620,4246,SE11/D14_SE11_R02.txt,SE11,D14,2,0,validation,600,800,-1,1.506707149574447,1.2305261218248633
C2,93630,4246,SE11/D14_SE11_R02.txt,SE11,D14,2,0,validation,1600,1800,-1,1.2505887078905527,1.2305261218248633
C2,93631,4246,SE11/D14_SE11_R02.txt,SE11,D14,2,0,validation,1700,1900,-1,1.2505887078905527,1.2305261218248633
C2,93632,4246,SE11/D14_SE11_R02.txt,SE11,D14,2,0,validation,1800,2000,-1,1.3643399133104344,1.2305261218248633
C2,93633,4246,SE11/D14_SE11_R02.txt,SE11,D14,2,0,validation,1900,2100,-1,1.3643399133104344,1.2305261218248633
C2,93643,4247,SE11/D14_SE11_R03.txt,SE11,D14,3,0,validation,600,800,-1,1.2402438598887056,1.2305261218248633
C2,93644,4247,SE11/D14_SE11_R03.txt,SE11,D14,3,0,validation,700,900,-1,1.2402438598887056,1.2305261218248633
C2,93654,4247,SE11/D14_SE11_R03.txt,SE11,D14,3,0,validation,1700,1900,-1,1.2856800141975953,1.2305261218248633
C2,93655,4247,SE11/D14_SE11_R03.txt,SE11,D14,3,0,validation,1800,2000,-1,1.2856800141975953,1.2305261218248633
C2,93666,4248,SE11/D14_SE11_R04.txt,SE11,D14,4,0,validation,600,800,-1,1.330159434862312,1.2305261218248633
C2,93667,4248,SE11/D14_SE11_R04.txt,SE11,D14,4,0,validation,700,900,-1,1.330159434862312,1.2305261218248633
C2,93668,4248,SE11/D14_SE11_R04.txt,SE11,D14,4,0,validation,800,1000,-1,1.281082066613397,1.2305261218248633
C2,93669,4248,SE11/D14_SE11_R04.txt,SE11,D14,4,0,validation,900,1100,-1,1.281082066613397,1.2305261218248633
C2,93670,4248,SE11/D14_SE11_R04.txt,SE11,D14,4,0,validation,1000,1200,-1,1.2456183872572515,1.2305261218248633
C2,93678,4248,SE11/D14_SE11_R04.txt,SE11,D14,4,0,validation,1800,2000,-1,1.4171761708158648,1.2305261218248633
C2,93679,4248,SE11/D14_SE11_R04.txt,SE11,D14,4,0,validation,1900,2100,-1,1.4171761708158648,1.2305261218248633
C2,93687,4249,SE11/D14_SE11_R05.txt,SE11,D14,5,0,validation,400,600,-1,1.3756896620374024,1.2305261218248633
C2,93688,4249,SE11/D14_SE11_R05.txt,SE11,D14,5,0,validation,500,700,-1,1.3756896620374024,1.2305261218248633
C8,12975,625,SA05/D06_SA05_R01.txt,SA05,D06,1,0,validation,700,900,-1,0.47686490462785164,0.44745829567402573
C8,13906,660,SA05/D13_SA05_R01.txt,SA05,D13,1,0,validation,500,700,-1,0.533133438548268,0.44745829567402573
C8,13914,660,SA05/D13_SA05_R01.txt,SA05,D13,1,0,validation,1300,1500,-1,0.4764952025520571,0.44745829567402573
C8,13927,661,SA05/D13_SA05_R02.txt,SA05,D13,2,0,validation,300,500,-1,0.5864642729883174,0.44745829567402573
C8,13934,661,SA05/D13_SA05_R02.txt,SA05,D13,2,0,validation,1000,1200,-1,0.4872175961520333,0.44745829567402573
C8,13950,662,SA05/D13_SA05_R03.txt,SA05,D13,3,0,validation,300,500,-1,0.6169490587497165,0.44745829567402573
C8,13957,662,SA05/D13_SA05_R03.txt,SA05,D13,3,0,validation,1000,1200,-1,0.4916301720466915,0.44745829567402573
C8,13973,663,SA05/D13_SA05_R04.txt,SA05,D13,4,0,validation,300,500,-1,0.5975969688764521,0.44745829567402573
C8,13981,663,SA05/D13_SA05_R04.txt,SA05,D13,4,0,validation,1100,1300,-1,0.4708323886826664,0.44745829567402573
C8,13997,664,SA05/D13_SA05_R05.txt,SA05,D13,5,0,validation,400,600,-1,0.5305718379663403,0.44745829567402573
C8,14005,664,SA05/D13_SA05_R05.txt,SA05,D13,5,0,validation,1200,1400,-1,0.45133673266291796,0.44745829567402573
C8,14022,665,SA05/D14_SA05_R01.txt,SA05,D14,1,0,validation,600,800,-1,0.48106099152035864,0.44745829567402573
C8,14057,666,SA05/D14_SA05_R02.txt,SA05,D14,2,0,validation,1800,2000,-1,0.4632633860697407,0.44745829567402573
C8,14706,689,SA05/D18_SA05_R05.txt,SA05,D18,5,0,validation,1000,1200,-1,0.45356773696443553,0.44745829567402573
C8,14707,689,SA05/D18_SA05_R05.txt,SA05,D18,5,0,validation,1100,1300,-1,0.46837658799883963,0.44745829567402573
C8,14894,755,SA05/F13_SA05_R01.txt,SA05,F13,1,1,validation,1084,1284,1184,0.19610909118623068,0.44745829567402573
C8,14895,756,SA05/F13_SA05_R02.txt,SA05,F13,2,1,validation,1463,1663,1563,0.3934121082572274,0.44745829567402573
C8,14897,758,SA05/F13_SA05_R04.txt,SA05,F13,4,1,validation,1018,1218,1118,0.4103490300030728,0.44745829567402573
C8,21574,1081,SA08/D04_SA08_R01.txt,SA08,D04,1,0,validation,11500,11700,-1,0.4515168188040697,0.44745829567402573
C8,21575,1081,SA08/D04_SA08_R01.txt,SA08,D04,1,0,validation,11600,11800,-1,0.4822880590760633,0.44745829567402573
C8,21600,1081,SA08/D04_SA08_R01.txt,SA08,D04,1,0,validation,14100,14300,-1,0.48670786608057565,0.44745829567402573
C8,21601,1081,SA08/D04_SA08_R01.txt,SA08,D04,1,0,validation,14200,14400,-1,0.48693026318703797,0.44745829567402573
C8,21629,1081,SA08/D04_SA08_R01.txt,SA08,D04,1,0,validation,17000,17200,-1,0.5149573021856544,0.44745829567402573
C8,21630,1081,SA08/D04_SA08_R01.txt,SA08,D04,1,0,validation,17100,17300,-1,0.5587400226664565,0.44745829567402573
C8,21631,1081,SA08/D04_SA08_R01.txt,SA08,D04,1,0,validation,17200,17400,-1,0.4645871624353191,0.44745829567402573
C8,21643,1081,SA08/D04_SA08_R01.txt,SA08,D04,1,0,validation,18400,18600,-1,0.4490971605098844,0.44745829567402573
C8,21655,1081,SA08/D04_SA08_R01.txt,SA08,D04,1,0,validation,19600,19800,-1,0.4704697574494822,0.44745829567402573
C8,22845,1122,SA08/D13_SA08_R01.txt,SA08,D13,1,0,validation,1000,1200,-1,0.4873697726916385,0.44745829567402573
C8,22861,1123,SA08/D13_SA08_R02.txt,SA08,D13,2,0,validation,300,500,-1,0.46072643141616026,0.44745829567402573
C8,22892,1124,SA08/D13_SA08_R03.txt,SA08,D13,3,0,validation,1100,1300,-1,0.47629581678236865,0.44745829567402573
C8,22909,1125,SA08/D13_SA08_R04.txt,SA08,D13,4,0,validation,500,700,-1,0.4850024273183204,0.44745829567402573
C8,22919,1125,SA08/D13_SA08_R04.txt,SA08,D13,4,0,validation,1500,1700,-1,0.5663089904379008,0.44745829567402573
C8,22931,1126,SA08/D13_SA08_R05.txt,SA08,D13,5,0,validation,400,600,-1,0.4576985484676536,0.44745829567402573
C8,22940,1126,SA08/D13_SA08_R05.txt,SA08,D13,5,0,validation,1300,1500,-1,0.5791848181397242,0.44745829567402573
C8,22957,1127,SA08/D14_SA08_R01.txt,SA08,D14,1,0,validation,700,900,-1,0.7024376333595472,0.44745829567402573
C8,22969,1127,SA08/D14_SA08_R01.txt,SA08,D14,1,0,validation,1900,2100,-1,0.617369918812517,0.44745829567402573
C8,22979,1128,SA08/D14_SA08_R02.txt,SA08,D14,2,0,validation,600,800,-1,0.6593999650859371,0.44745829567402573
C8,22989,1128,SA08/D14_SA08_R02.txt,SA08,D14,2,0,validation,1600,1800,-1,0.5641014249955572,0.44745829567402573
C8,23001,1129,SA08/D14_SA08_R03.txt,SA08,D14,3,0,validation,500,700,-1,0.6720641301289326,0.44745829567402573
C8,23010,1129,SA08/D14_SA08_R03.txt,SA08,D14,3,0,validation,1400,1600,-1,0.5523555419332075,0.44745829567402573
C8,23023,1130,SA08/D14_SA08_R04.txt,SA08,D14,4,0,validation,400,600,-1,0.6057980277359302,0.44745829567402573
C8,23031,1130,SA08/D14_SA08_R04.txt,SA08,D14,4,0,validation,1200,1400,-1,0.4792981206635115,0.44745829567402573
C8,23047,1131,SA08/D14_SA08_R05.txt,SA08,D14,5,0,validation,500,700,-1,0.7336120494210617,0.44745829567402573
C8,23057,1131,SA08/D14_SA08_R05.txt,SA08,D14,5,0,validation,1500,1700,-1,0.5021654904959026,0.44745829567402573
C8,23058,1131,SA08/D14_SA08_R05.txt,SA08,D14,5,0,validation,1600,1800,-1,0.4801511931695945,0.44745829567402573
C8,23567,1148,SA08/D18_SA08_R02.txt,SA08,D18,2,0,validation,600,800,-1,0.5052892075368298,0.44745829567402573
C8,25525,1263,SA09/D10_SA09_R03.txt,SA09,D10,3,0,validation,900,1100,-1,0.4544195255950239,0.44745829567402573
C8,25863,1278,SA09/D13_SA09_R03.txt,SA09,D13,3,0,validation,300,500,-1,0.4508829933670772,0.44745829567402573
C8,25869,1278,SA09/D13_SA09_R03.txt,SA09,D13,3,0,validation,900,1100,-1,0.5272622399322617,0.44745829567402573
C8,25894,1279,SA09/D13_SA09_R04.txt,SA09,D13,4,0,validation,1100,1300,-1,0.45270723886285213,0.44745829567402573
C8,26804,1371,SA09/F13_SA09_R01.txt,SA09,F13,1,1,validation,1424,1624,1524,0.39351602993287904,0.44745829567402573
C8,36319,1850,SA13/D03_SA13_R01.txt,SA13,D03,1,0,validation,16900,17100,-1,0.4524035036785076,0.44745829567402573
C8,36356,1851,SA13/D04_SA13_R01.txt,SA13,D04,1,0,validation,700,900,-1,0.4962058308380436,0.44745829567402573
C8,36357,1851,SA13/D04_SA13_R01.txt,SA13,D04,1,0,validation,800,1000,-1,0.5248029047016056,0.44745829567402573
C8,36358,1851,SA13/D04_SA13_R01.txt,SA13,D04,1,0,validation,900,1100,-1,0.529191715776789,0.44745829567402573
C8,36359,1851,SA13/D04_SA13_R01.txt,SA13,D04,1,0,validation,1000,1200,-1,0.5269697814113617,0.44745829567402573
C8,36360,1851,SA13/D04_SA13_R01.txt,SA13,D04,1,0,validation,1100,1300,-1,0.5727835157677179,0.44745829567402573
C8,36361,1851,SA13/D04_SA13_R01.txt,SA13,D04,1,0,validation,1200,1400,-1,0.5917967391215618,0.44745829567402573
C8,36362,1851,SA13/D04_SA13_R01.txt,SA13,D04,1,0,validation,1300,1500,-1,0.5752764310406464,0.44745829567402573
C8,36363,1851,SA13/D04_SA13_R01.txt,SA13,D04,1,0,validation,1400,1600,-1,0.5779613124922249,0.44745829567402573
C8,36364,1851,SA13/D04_SA13_R01.txt,SA13,D04,1,0,validation,1500,1700,-1,0.588751365154231,0.44745829567402573
C8,36365,1851,SA13/D04_SA13_R01.txt,SA13,D04,1,0,validation,1600,1800,-1,0.5578431752091386,0.44745829567402573
C8,36366,1851,SA13/D04_SA13_R01.txt,SA13,D04,1,0,validation,1700,1900,-1,0.5167396850658492,0.44745829567402573
C8,36367,1851,SA13/D04_SA13_R01.txt,SA13,D04,1,0,validation,1800,2000,-1,0.5431289550896514,0.44745829567402573
C8,36368,1851,SA13/D04_SA13_R01.txt,SA13,D04,1,0,validation,1900,2100,-1,0.5529265262853513,0.44745829567402573
C8,36369,1851,SA13/D04_SA13_R01.txt,SA13,D04,1,0,validation,2000,2200,-1,0.5383748331647783,0.44745829567402573
C8,36370,1851,SA13/D04_SA13_R01.txt,SA13,D04,1,0,validation,2100,2300,-1,0.5456455385163231,0.44745829567402573
C8,36371,1851,SA13/D04_SA13_R01.txt,SA13,D04,1,0,validation,2200,2400,-1,0.5717434022474713,0.44745829567402573
C8,36372,1851,SA13/D04_SA13_R01.txt,SA13,D04,1,0,validation,2300,2500,-1,0.581055451654792,0.44745829567402573
C8,36373,1851,SA13/D04_SA13_R01.txt,SA13,D04,1,0,validation,2400,2600,-1,0.5828528128270972,0.44745829567402573
C8,36374,1851,SA13/D04_SA13_R01.txt,SA13,D04,1,0,validation,2500,2700,-1,0.5799568988513809,0.44745829567402573
C8,36375,1851,SA13/D04_SA13_R01.txt,SA13,D04,1,0,validation,2600,2800,-1,0.605416157528669,0.44745829567402573
C8,36376,1851,SA13/D04_SA13_R01.txt,SA13,D04,1,0,validation,2700,2900,-1,0.6043818699667728,0.44745829567402573
C8,36377,1851,SA13/D04_SA13_R01.txt,SA13,D04,1,0,validation,2800,3000,-1,0.5623599104937754,0.44745829567402573
C8,36378,1851,SA13/D04_SA13_R01.txt,SA13,D04,1,0,validation,2900,3100,-1,0.5741801337190886,0.44745829567402573
C8,36379,1851,SA13/D04_SA13_R01.txt,SA13,D04,1,0,validation,3000,3200,-1,0.5863419897033859,0.44745829567402573
C8,36380,1851,SA13/D04_SA13_R01.txt,SA13,D04,1,0,validation,3100,3300,-1,0.5939079500000601,0.44745829567402573
C8,36381,1851,SA13/D04_SA13_R01.txt,SA13,D04,1,0,validation,3200,3400,-1,0.608005933591305,0.44745829567402573
C8,36382,1851,SA13/D04_SA13_R01.txt,SA13,D04,1,0,validation,3300,3500,-1,0.6277301557790331,0.44745829567402573
C8,36383,1851,SA13/D04_SA13_R01.txt,SA13,D04,1,0,validation,3400,3600,-1,0.6084635889191279,0.44745829567402573
C8,36384,1851,SA13/D04_SA13_R01.txt,SA13,D04,1,0,validation,3500,3700,-1,0.5897658355650653,0.44745829567402573
C8,36385,1851,SA13/D04_SA13_R01.txt,SA13,D04,1,0,validation,3600,3800,-1,0.5800974988854872,0.44745829567402573
C8,36386,1851,SA13/D04_SA13_R01.txt,SA13,D04,1,0,validation,3700,3900,-1,0.5648048116635173,0.44745829567402573
C8,36387,1851,SA13/D04_SA13_R01.txt,SA13,D04,1,0,validation,3800,4000,-1,0.5304145444244572,0.44745829567402573
C8,36388,1851,SA13/D04_SA13_R01.txt,SA13,D04,1,0,validation,3900,4100,-1,0.4896319528627304,0.44745829567402573
C8,36389,1851,SA13/D04_SA13_R01.txt,SA13,D04,1,0,validation,4000,4200,-1,0.5336330713921204,0.44745829567402573
C8,36390,1851,SA13/D04_SA13_R01.txt,SA13,D04,1,0,validation,4100,4300,-1,0.5575882223876503,0.44745829567402573
C8,36391,1851,SA13/D04_SA13_R01.txt,SA13,D04,1,0,validation,4200,4400,-1,0.5516810043065814,0.44745829567402573
C8,36392,1851,SA13/D04_SA13_R01.txt,SA13,D04,1,0,validation,4300,4500,-1,0.5325347342977678,0.44745829567402573
C8,36393,1851,SA13/D04_SA13_R01.txt,SA13,D04,1,0,validation,4400,4600,-1,0.5450962930075769,0.44745829567402573
C8,36394,1851,SA13/D04_SA13_R01.txt,SA13,D04,1,0,validation,4500,4700,-1,0.5350306218440118,0.44745829567402573
C8,36395,1851,SA13/D04_SA13_R01.txt,SA13,D04,1,0,validation,4600,4800,-1,0.5076646057402068,0.44745829567402573
C8,36396,1851,SA13/D04_SA13_R01.txt,SA13,D04,1,0,validation,4700,4900,-1,0.5379509676886535,0.44745829567402573
C8,36397,1851,SA13/D04_SA13_R01.txt,SA13,D04,1,0,validation,4800,5000,-1,0.5780646352158736,0.44745829567402573
C8,36398,1851,SA13/D04_SA13_R01.txt,SA13,D04,1,0,validation,4900,5100,-1,0.6082905691678521,0.44745829567402573
C8,36399,1851,SA13/D04_SA13_R01.txt,SA13,D04,1,0,validation,5000,5200,-1,0.612118821947554,0.44745829567402573
C8,36400,1851,SA13/D04_SA13_R01.txt,SA13,D04,1,0,validation,5100,5300,-1,0.6108279871135116,0.44745829567402573
C8,36401,1851,SA13/D04_SA13_R01.txt,SA13,D04,1,0,validation,5200,5400,-1,0.6318024828724338,0.44745829567402573
C8,36402,1851,SA13/D04_SA13_R01.txt,SA13,D04,1,0,validation,5300,5500,-1,0.6173438240225249,0.44745829567402573
C8,36403,1851,SA13/D04_SA13_R01.txt,SA13,D04,1,0,validation,5400,5600,-1,0.607438892204781,0.44745829567402573
C8,36404,1851,SA13/D04_SA13_R01.txt,SA13,D04,1,0,validation,5500,5700,-1,0.6311965022979751,0.44745829567402573
C8,36405,1851,SA13/D04_SA13_R01.txt,SA13,D04,1,0,validation,5600,5800,-1,0.6409607121867414,0.44745829567402573
C8,36406,1851,SA13/D04_SA13_R01.txt,SA13,D04,1,0,validation,5700,5900,-1,0.6496394181213271,0.44745829567402573
C8,36407,1851,SA13/D04_SA13_R01.txt,SA13,D04,1,0,validation,5800,6000,-1,0.6845122147855828,0.44745829567402573
C8,36408,1851,SA13/D04_SA13_R01.txt,SA13,D04,1,0,validation,5900,6100,-1,0.6908579972764346,0.44745829567402573
C8,36409,1851,SA13/D04_SA13_R01.txt,SA13,D04,1,0,validation,6000,6200,-1,0.6540932116975703,0.44745829567402573
C8,36410,1851,SA13/D04_SA13_R01.txt,SA13,D04,1,0,validation,6100,6300,-1,0.6142074575444113,0.44745829567402573
C8,36411,1851,SA13/D04_SA13_R01.txt,SA13,D04,1,0,validation,6200,6400,-1,0.6436479119699033,0.44745829567402573
C8,36412,1851,SA13/D04_SA13_R01.txt,SA13,D04,1,0,validation,6300,6500,-1,0.6803876374971103,0.44745829567402573
C8,36413,1851,SA13/D04_SA13_R01.txt,SA13,D04,1,0,validation,6400,6600,-1,0.6303944744528841,0.44745829567402573
C8,36414,1851,SA13/D04_SA13_R01.txt,SA13,D04,1,0,validation,6500,6700,-1,0.5895599427813555,0.44745829567402573
C8,36415,1851,SA13/D04_SA13_R01.txt,SA13,D04,1,0,validation,6600,6800,-1,0.5955128878452612,0.44745829567402573
C8,36416,1851,SA13/D04_SA13_R01.txt,SA13,D04,1,0,validation,6700,6900,-1,0.6337921868778604,0.44745829567402573
C8,36417,1851,SA13/D04_SA13_R01.txt,SA13,D04,1,0,validation,6800,7000,-1,0.647098927757354,0.44745829567402573
C8,36418,1851,SA13/D04_SA13_R01.txt,SA13,D04,1,0,validation,6900,7100,-1,0.6337187480627853,0.44745829567402573
C8,36419,1851,SA13/D04_SA13_R01.txt,SA13,D04,1,0,validation,7000,7200,-1,0.662637879268754,0.44745829567402573
C8,36420,1851,SA13/D04_SA13_R01.txt,SA13,D04,1,0,validation,7100,7300,-1,0.6605206102452643,0.44745829567402573
C8,36421,1851,SA13/D04_SA13_R01.txt,SA13,D04,1,0,validation,7200,7400,-1,0.6573450875725548,0.44745829567402573
C8,36422,1851,SA13/D04_SA13_R01.txt,SA13,D04,1,0,validation,7300,7500,-1,0.692281669092814,0.44745829567402573
C8,36423,1851,SA13/D04_SA13_R01.txt,SA13,D04,1,0,validation,7400,7600,-1,0.7387628923825156,0.44745829567402573
C8,36424,1851,SA13/D04_SA13_R01.txt,SA13,D04,1,0,validation,7500,7700,-1,0.7165766064317997,0.44745829567402573
C8,36425,1851,SA13/D04_SA13_R01.txt,SA13,D04,1,0,validation,7600,7800,-1,0.671600959472296,0.44745829567402573
C8,36426,1851,SA13/D04_SA13_R01.txt,SA13,D04,1,0,validation,7700,7900,-1,0.7119733847670299,0.44745829567402573
C8,36427,1851,SA13/D04_SA13_R01.txt,SA13,D04,1,0,validation,7800,8000,-1,0.7224858578364545,0.44745829567402573
C8,36428,1851,SA13/D04_SA13_R01.txt,SA13,D04,1,0,validation,7900,8100,-1,0.6840170152683245,0.44745829567402573
C8,36429,1851,SA13/D04_SA13_R01.txt,SA13,D04,1,0,validation,8000,8200,-1,0.6795074485509884,0.44745829567402573
C8,36430,1851,SA13/D04_SA13_R01.txt,SA13,D04,1,0,validation,8100,8300,-1,0.7133714415349166,0.44745829567402573
C8,36431,1851,SA13/D04_SA13_R01.txt,SA13,D04,1,0,validation,8200,8400,-1,0.7258209008174779,0.44745829567402573
C8,36432,1851,SA13/D04_SA13_R01.txt,SA13,D04,1,0,validation,8300,8500,-1,0.7051045945311473,0.44745829567402573
C8,36433,1851,SA13/D04_SA13_R01.txt,SA13,D04,1,0,validation,8400,8600,-1,0.670969483334403,0.44745829567402573
C8,36434,1851,SA13/D04_SA13_R01.txt,SA13,D04,1,0,validation,8500,8700,-1,0.6485544409074288,0.44745829567402573
C8,36435,1851,SA13/D04_SA13_R01.txt,SA13,D04,1,0,validation,8600,8800,-1,0.6147700257776468,0.44745829567402573
C8,36436,1851,SA13/D04_SA13_R01.txt,SA13,D04,1,0,validation,8700,8900,-1,0.5873434173615628,0.44745829567402573
C8,36437,1851,SA13/D04_SA13_R01.txt,SA13,D04,1,0,validation,8800,9000,-1,0.5752781581863285,0.44745829567402573
C8,36438,1851,SA13/D04_SA13_R01.txt,SA13,D04,1,0,validation,8900,9100,-1,0.6160427912820098,0.44745829567402573
C8,36439,1851,SA13/D04_SA13_R01.txt,SA13,D04,1,0,validation,9000,9200,-1,0.6595106574177554,0.44745829567402573
C8,36440,1851,SA13/D04_SA13_R01.txt,SA13,D04,1,0,validation,9100,9300,-1,0.6176227594123532,0.44745829567402573
C8,36441,1851,SA13/D04_SA13_R01.txt,SA13,D04,1,0,validation,9200,9400,-1,0.6117537388073024,0.44745829567402573
C8,36442,1851,SA13/D04_SA13_R01.txt,SA13,D04,1,0,validation,9300,9500,-1,0.6710869217711587,0.44745829567402573
C8,36443,1851,SA13/D04_SA13_R01.txt,SA13,D04,1,0,validation,9400,9600,-1,0.6896850288132463,0.44745829567402573
C8,36444,1851,SA13/D04_SA13_R01.txt,SA13,D04,1,0,validation,9500,9700,-1,0.6950132147103703,0.44745829567402573
C8,36445,1851,SA13/D04_SA13_R01.txt,SA13,D04,1,0,validation,9600,9800,-1,0.6980807052464587,0.44745829567402573
C8,36446,1851,SA13/D04_SA13_R01.txt,SA13,D04,1,0,validation,9700,9900,-1,0.7093442469988452,0.44745829567402573
C8,36447,1851,SA13/D04_SA13_R01.txt,SA13,D04,1,0,validation,9800,10000,-1,0.6830094959099272,0.44745829567402573
C8,36448,1851,SA13/D04_SA13_R01.txt,SA13,D04,1,0,validation,9900,10100,-1,0.677384220214489,0.44745829567402573
C8,36449,1851,SA13/D04_SA13_R01.txt,SA13,D04,1,0,validation,10000,10200,-1,0.6850624897874646,0.44745829567402573
C8,36450,1851,SA13/D04_SA13_R01.txt,SA13,D04,1,0,validation,10100,10300,-1,0.7032399490033727,0.44745829567402573
C8,36451,1851,SA13/D04_SA13_R01.txt,SA13,D04,1,0,validation,10200,10400,-1,0.7145112735905581,0.44745829567402573
C8,36452,1851,SA13/D04_SA13_R01.txt,SA13,D04,1,0,validation,10300,10500,-1,0.6516420022150189,0.44745829567402573
C8,36453,1851,SA13/D04_SA13_R01.txt,SA13,D04,1,0,validation,10400,10600,-1,0.6341033272538459,0.44745829567402573
C8,36454,1851,SA13/D04_SA13_R01.txt,SA13,D04,1,0,validation,10500,10700,-1,0.6743513213257138,0.44745829567402573
C8,36455,1851,SA13/D04_SA13_R01.txt,SA13,D04,1,0,validation,10600,10800,-1,0.6551139536244872,0.44745829567402573
C8,36456,1851,SA13/D04_SA13_R01.txt,SA13,D04,1,0,validation,10700,10900,-1,0.6448006848934781,0.44745829567402573
C8,36457,1851,SA13/D04_SA13_R01.txt,SA13,D04,1,0,validation,10800,11000,-1,0.6889930975856836,0.44745829567402573
C8,36458,1851,SA13/D04_SA13_R01.txt,SA13,D04,1,0,validation,10900,11100,-1,0.7084935787705849,0.44745829567402573
C8,36459,1851,SA13/D04_SA13_R01.txt,SA13,D04,1,0,validation,11000,11200,-1,0.7054036884987115,0.44745829567402573
C8,36460,1851,SA13/D04_SA13_R01.txt,SA13,D04,1,0,validation,11100,11300,-1,0.6794454245682725,0.44745829567402573
C8,36461,1851,SA13/D04_SA13_R01.txt,SA13,D04,1,0,validation,11200,11400,-1,0.6757970555344422,0.44745829567402573
C8,36462,1851,SA13/D04_SA13_R01.txt,SA13,D04,1,0,validation,11300,11500,-1,0.6399369775545952,0.44745829567402573
C8,36463,1851,SA13/D04_SA13_R01.txt,SA13,D04,1,0,validation,11400,11600,-1,0.5929854546437708,0.44745829567402573
C8,36464,1851,SA13/D04_SA13_R01.txt,SA13,D04,1,0,validation,11500,11700,-1,0.6310461897710145,0.44745829567402573
C8,36465,1851,SA13/D04_SA13_R01.txt,SA13,D04,1,0,validation,11600,11800,-1,0.6308688971810598,0.44745829567402573
C8,36466,1851,SA13/D04_SA13_R01.txt,SA13,D04,1,0,validation,11700,11900,-1,0.6384137214016843,0.44745829567402573
C8,36467,1851,SA13/D04_SA13_R01.txt,SA13,D04,1,0,validation,11800,12000,-1,0.6510028205084423,0.44745829567402573
C8,36468,1851,SA13/D04_SA13_R01.txt,SA13,D04,1,0,validation,11900,12100,-1,0.6198550209398901,0.44745829567402573
C8,36469,1851,SA13/D04_SA13_R01.txt,SA13,D04,1,0,validation,12000,12200,-1,0.5805260146657082,0.44745829567402573
C8,36470,1851,SA13/D04_SA13_R01.txt,SA13,D04,1,0,validation,12100,12300,-1,0.5966969453762205,0.44745829567402573
C8,36471,1851,SA13/D04_SA13_R01.txt,SA13,D04,1,0,validation,12200,12400,-1,0.658719506372755,0.44745829567402573
C8,36472,1851,SA13/D04_SA13_R01.txt,SA13,D04,1,0,validation,12300,12500,-1,0.6617699355766666,0.44745829567402573
C8,36473,1851,SA13/D04_SA13_R01.txt,SA13,D04,1,0,validation,12400,12600,-1,0.6268021380849226,0.44745829567402573
C8,36474,1851,SA13/D04_SA13_R01.txt,SA13,D04,1,0,validation,12500,12700,-1,0.6520185188905434,0.44745829567402573
C8,36475,1851,SA13/D04_SA13_R01.txt,SA13,D04,1,0,validation,12600,12800,-1,0.6537078990435149,0.44745829567402573
C8,36476,1851,SA13/D04_SA13_R01.txt,SA13,D04,1,0,validation,12700,12900,-1,0.6434402079584474,0.44745829567402573
C8,36477,1851,SA13/D04_SA13_R01.txt,SA13,D04,1,0,validation,12800,13000,-1,0.673696164192179,0.44745829567402573
C8,36478,1851,SA13/D04_SA13_R01.txt,SA13,D04,1,0,validation,12900,13100,-1,0.6903715934094822,0.44745829567402573
C8,36479,1851,SA13/D04_SA13_R01.txt,SA13,D04,1,0,validation,13000,13200,-1,0.6764818693322534,0.44745829567402573
C8,36480,1851,SA13/D04_SA13_R01.txt,SA13,D04,1,0,validation,13100,13300,-1,0.709381291854795,0.44745829567402573
C8,36481,1851,SA13/D04_SA13_R01.txt,SA13,D04,1,0,validation,13200,13400,-1,0.7247945382430431,0.44745829567402573
C8,36482,1851,SA13/D04_SA13_R01.txt,SA13,D04,1,0,validation,13300,13500,-1,0.6946546175605623,0.44745829567402573
C8,36483,1851,SA13/D04_SA13_R01.txt,SA13,D04,1,0,validation,13400,13600,-1,0.7078111104289933,0.44745829567402573
C8,36484,1851,SA13/D04_SA13_R01.txt,SA13,D04,1,0,validation,13500,13700,-1,0.6811963176124898,0.44745829567402573
C8,36485,1851,SA13/D04_SA13_R01.txt,SA13,D04,1,0,validation,13600,13800,-1,0.6257270490111994,0.44745829567402573
C8,36486,1851,SA13/D04_SA13_R01.txt,SA13,D04,1,0,validation,13700,13900,-1,0.6006650884191274,0.44745829567402573
C8,36487,1851,SA13/D04_SA13_R01.txt,SA13,D04,1,0,validation,13800,14000,-1,0.608119214022981,0.44745829567402573
C8,36488,1851,SA13/D04_SA13_R01.txt,SA13,D04,1,0,validation,13900,14100,-1,0.6272731123598276,0.44745829567402573
C8,36489,1851,SA13/D04_SA13_R01.txt,SA13,D04,1,0,validation,14000,14200,-1,0.6517044756260056,0.44745829567402573
C8,36490,1851,SA13/D04_SA13_R01.txt,SA13,D04,1,0,validation,14100,14300,-1,0.6641112048059405,0.44745829567402573
C8,36491,1851,SA13/D04_SA13_R01.txt,SA13,D04,1,0,validation,14200,14400,-1,0.6811133791708086,0.44745829567402573
C8,36492,1851,SA13/D04_SA13_R01.txt,SA13,D04,1,0,validation,14300,14500,-1,0.6592925316113324,0.44745829567402573
C8,36493,1851,SA13/D04_SA13_R01.txt,SA13,D04,1,0,validation,14400,14600,-1,0.6252206159828635,0.44745829567402573
C8,36494,1851,SA13/D04_SA13_R01.txt,SA13,D04,1,0,validation,14500,14700,-1,0.5814105649077277,0.44745829567402573
C8,36495,1851,SA13/D04_SA13_R01.txt,SA13,D04,1,0,validation,14600,14800,-1,0.5864371939889076,0.44745829567402573
C8,36496,1851,SA13/D04_SA13_R01.txt,SA13,D04,1,0,validation,14700,14900,-1,0.6221648295137296,0.44745829567402573
C8,36497,1851,SA13/D04_SA13_R01.txt,SA13,D04,1,0,validation,14800,15000,-1,0.6246244031443641,0.44745829567402573
C8,36498,1851,SA13/D04_SA13_R01.txt,SA13,D04,1,0,validation,14900,15100,-1,0.6517178808261576,0.44745829567402573
C8,36499,1851,SA13/D04_SA13_R01.txt,SA13,D04,1,0,validation,15000,15200,-1,0.6992101188372379,0.44745829567402573
C8,36500,1851,SA13/D04_SA13_R01.txt,SA13,D04,1,0,validation,15100,15300,-1,0.7171039452175968,0.44745829567402573
C8,36501,1851,SA13/D04_SA13_R01.txt,SA13,D04,1,0,validation,15200,15400,-1,0.690802849094432,0.44745829567402573
C8,36502,1851,SA13/D04_SA13_R01.txt,SA13,D04,1,0,validation,15300,15500,-1,0.6995837502956817,0.44745829567402573
C8,36503,1851,SA13/D04_SA13_R01.txt,SA13,D04,1,0,validation,15400,15600,-1,0.7216420299436463,0.44745829567402573
C8,36504,1851,SA13/D04_SA13_R01.txt,SA13,D04,1,0,validation,15500,15700,-1,0.719472199302031,0.44745829567402573
C8,36505,1851,SA13/D04_SA13_R01.txt,SA13,D04,1,0,validation,15600,15800,-1,0.7254116031316599,0.44745829567402573
C8,36506,1851,SA13/D04_SA13_R01.txt,SA13,D04,1,0,validation,15700,15900,-1,0.7484125953468438,0.44745829567402573
C8,36507,1851,SA13/D04_SA13_R01.txt,SA13,D04,1,0,validation,15800,16000,-1,0.7462617359404016,0.44745829567402573
C8,36508,1851,SA13/D04_SA13_R01.txt,SA13,D04,1,0,validation,15900,16100,-1,0.7542860429965376,0.44745829567402573
C8,36509,1851,SA13/D04_SA13_R01.txt,SA13,D04,1,0,validation,16000,16200,-1,0.7359698897376359,0.44745829567402573
C8,36510,1851,SA13/D04_SA13_R01.txt,SA13,D04,1,0,validation,16100,16300,-1,0.7146773539195875,0.44745829567402573
C8,36511,1851,SA13/D04_SA13_R01.txt,SA13,D04,1,0,validation,16200,16400,-1,0.6772715717752685,0.44745829567402573
C8,36512,1851,SA13/D04_SA13_R01.txt,SA13,D04,1,0,validation,16300,16500,-1,0.5945461420354703,0.44745829567402573
C8,36513,1851,SA13/D04_SA13_R01.txt,SA13,D04,1,0,validation,16400,16600,-1,0.6024197357282854,0.44745829567402573
C8,36514,1851,SA13/D04_SA13_R01.txt,SA13,D04,1,0,validation,16500,16700,-1,0.6630443931302751,0.44745829567402573
C8,36515,1851,SA13/D04_SA13_R01.txt,SA13,D04,1,0,validation,16600,16800,-1,0.6679060751848452,0.44745829567402573
C8,36516,1851,SA13/D04_SA13_R01.txt,SA13,D04,1,0,validation,16700,16900,-1,0.6375004847425726,0.44745829567402573
C8,36517,1851,SA13/D04_SA13_R01.txt,SA13,D04,1,0,validation,16800,17000,-1,0.6389778532999232,0.44745829567402573
C8,36518,1851,SA13/D04_SA13_R01.txt,SA13,D04,1,0,validation,16900,17100,-1,0.645643073021795,0.44745829567402573
C8,36519,1851,SA13/D04_SA13_R01.txt,SA13,D04,1,0,validation,17000,17200,-1,0.6251446432824868,0.44745829567402573
C8,36520,1851,SA13/D04_SA13_R01.txt,SA13,D04,1,0,validation,17100,17300,-1,0.601871349597165,0.44745829567402573
C8,36521,1851,SA13/D04_SA13_R01.txt,SA13,D04,1,0,validation,17200,17400,-1,0.5985964595305806,0.44745829567402573
C8,36522,1851,SA13/D04_SA13_R01.txt,SA13,D04,1,0,validation,17300,17500,-1,0.5992779960823702,0.44745829567402573
C8,36523,1851,SA13/D04_SA13_R01.txt,SA13,D04,1,0,validation,17400,17600,-1,0.6257331248924846,0.44745829567402573
C8,36524,1851,SA13/D04_SA13_R01.txt,SA13,D04,1,0,validation,17500,17700,-1,0.6344117065410704,0.44745829567402573
C8,36525,1851,SA13/D04_SA13_R01.txt,SA13,D04,1,0,validation,17600,17800,-1,0.651885277742723,0.44745829567402573
C8,36526,1851,SA13/D04_SA13_R01.txt,SA13,D04,1,0,validation,17700,17900,-1,0.670029290183045,0.44745829567402573
C8,36527,1851,SA13/D04_SA13_R01.txt,SA13,D04,1,0,validation,17800,18000,-1,0.6098521407883445,0.44745829567402573
C8,36528,1851,SA13/D04_SA13_R01.txt,SA13,D04,1,0,validation,17900,18100,-1,0.5689215208282944,0.44745829567402573
C8,36529,1851,SA13/D04_SA13_R01.txt,SA13,D04,1,0,validation,18000,18200,-1,0.5746423684354216,0.44745829567402573
C8,36530,1851,SA13/D04_SA13_R01.txt,SA13,D04,1,0,validation,18100,18300,-1,0.541588163258463,0.44745829567402573
C8,36531,1851,SA13/D04_SA13_R01.txt,SA13,D04,1,0,validation,18200,18400,-1,0.5090029530391532,0.44745829567402573
C8,36532,1851,SA13/D04_SA13_R01.txt,SA13,D04,1,0,validation,18300,18500,-1,0.5078632599706495,0.44745829567402573
C8,36533,1851,SA13/D04_SA13_R01.txt,SA13,D04,1,0,validation,18400,18600,-1,0.5488401776734156,0.44745829567402573
C8,36534,1851,SA13/D04_SA13_R01.txt,SA13,D04,1,0,validation,18500,18700,-1,0.5911192715322937,0.44745829567402573
C8,36535,1851,SA13/D04_SA13_R01.txt,SA13,D04,1,0,validation,18600,18800,-1,0.5737433044834362,0.44745829567402573
C8,36536,1851,SA13/D04_SA13_R01.txt,SA13,D04,1,0,validation,18700,18900,-1,0.5705526763863601,0.44745829567402573
C8,36537,1851,SA13/D04_SA13_R01.txt,SA13,D04,1,0,validation,18800,19000,-1,0.6412792416487408,0.44745829567402573
C8,36538,1851,SA13/D04_SA13_R01.txt,SA13,D04,1,0,validation,18900,19100,-1,0.6354398150917684,0.44745829567402573
C8,36539,1851,SA13/D04_SA13_R01.txt,SA13,D04,1,0,validation,19000,19200,-1,0.6008921053909226,0.44745829567402573
C8,36540,1851,SA13/D04_SA13_R01.txt,SA13,D04,1,0,validation,19100,19300,-1,0.6645999471763231,0.44745829567402573
C8,36541,1851,SA13/D04_SA13_R01.txt,SA13,D04,1,0,validation,19200,19400,-1,0.6827404232157747,0.44745829567402573
C8,36542,1851,SA13/D04_SA13_R01.txt,SA13,D04,1,0,validation,19300,19500,-1,0.7021995739157474,0.44745829567402573
C8,36543,1851,SA13/D04_SA13_R01.txt,SA13,D04,1,0,validation,19400,19600,-1,0.7124605595798418,0.44745829567402573
C8,36544,1851,SA13/D04_SA13_R01.txt,SA13,D04,1,0,validation,19500,19700,-1,0.7021072682775804,0.44745829567402573
C8,36545,1851,SA13/D04_SA13_R01.txt,SA13,D04,1,0,validation,19600,19800,-1,0.7076355401939745,0.44745829567402573
C8,36546,1851,SA13/D04_SA13_R01.txt,SA13,D04,1,0,validation,19700,19900,-1,0.7109929424573831,0.44745829567402573
C8,36547,1851,SA13/D04_SA13_R01.txt,SA13,D04,1,0,validation,19800,20000,-1,0.7215491882286162,0.44745829567402573
C8,37733,1892,SA13/D13_SA13_R01.txt,SA13,D13,1,0,validation,800,1000,-1,0.46304121930009406,0.44745829567402573
C8,37752,1893,SA13/D13_SA13_R02.txt,SA13,D13,2,0,validation,400,600,-1,0.46440367469446475,0.44745829567402573
C8,37796,1895,SA13/D13_SA13_R04.txt,SA13,D13,4,0,validation,200,400,-1,0.4926393050949527,0.44745829567402573
C8,38435,1917,SA13/D18_SA13_R01.txt,SA13,D18,1,0,validation,700,900,-1,0.6479481217431755,0.44745829567402573
C8,38436,1917,SA13/D18_SA13_R01.txt,SA13,D18,1,0,validation,800,1000,-1,0.69584547493363,0.44745829567402573
C8,38457,1918,SA13/D18_SA13_R02.txt,SA13,D18,2,0,validation,600,800,-1,0.530616217025497,0.44745829567402573
C8,38458,1918,SA13/D18_SA13_R02.txt,SA13,D18,2,0,validation,700,900,-1,0.5047378487363163,0.44745829567402573
C8,38484,1919,SA13/D18_SA13_R03.txt,SA13,D18,3,0,validation,1000,1200,-1,0.49242064426382587,0.44745829567402573
C8,38505,1920,SA13/D18_SA13_R04.txt,SA13,D18,4,0,validation,800,1000,-1,0.611078002141781,0.44745829567402573
C8,38506,1920,SA13/D18_SA13_R04.txt,SA13,D18,4,0,validation,900,1100,-1,0.5598200593476259,0.44745829567402573
C8,38532,1921,SA13/D18_SA13_R05.txt,SA13,D18,5,0,validation,1200,1400,-1,0.6410557356971786,0.44745829567402573
C8,38533,1921,SA13/D18_SA13_R05.txt,SA13,D18,5,0,validation,1300,1500,-1,0.656401779071563,0.44745829567402573
C8,38595,1924,SA13/D19_SA13_R03.txt,SA13,D19,3,0,validation,600,800,-1,0.4679963356635305,0.44745829567402573
C8,38626,1925,SA13/D19_SA13_R04.txt,SA13,D19,4,0,validation,1400,1600,-1,0.4508318612595533,0.44745829567402573
C8,38671,1940,SA13/F03_SA13_R04.txt,SA13,F03,4,1,validation,46,246,146,0.1746214219634501,0.44745829567402573
C8,55322,2810,SA19/D13_SA19_R01.txt,SA19,D13,1,0,validation,1200,1400,-1,0.4579811295845209,0.44745829567402573
C8,55348,2811,SA19/D13_SA19_R02.txt,SA19,D13,2,0,validation,1500,1700,-1,0.5722094143312848,0.44745829567402573
C8,55361,2812,SA19/D13_SA19_R03.txt,SA19,D13,3,0,validation,500,700,-1,0.4593131168692679,0.44745829567402573
C8,55370,2812,SA19/D13_SA19_R03.txt,SA19,D13,3,0,validation,1400,1600,-1,0.5929762917813686,0.44745829567402573
C8,55417,2814,SA19/D13_SA19_R05.txt,SA19,D13,5,0,validation,1500,1700,-1,0.4844142068216252,0.44745829567402573
C8,55431,2815,SA19/D14_SA19_R01.txt,SA19,D14,1,0,validation,600,800,-1,0.5729109322513168,0.44745829567402573
C8,55432,2815,SA19/D14_SA19_R01.txt,SA19,D14,1,0,validation,700,900,-1,0.48650509566978734,0.44745829567402573
C8,55440,2815,SA19/D14_SA19_R01.txt,SA19,D14,1,0,validation,1500,1700,-1,0.4729205901224539,0.44745829567402573
C8,55455,2816,SA19/D14_SA19_R02.txt,SA19,D14,2,0,validation,700,900,-1,0.6258960791737395,0.44745829567402573
C8,55465,2816,SA19/D14_SA19_R02.txt,SA19,D14,2,0,validation,1700,1900,-1,0.6165297354346766,0.44745829567402573
C8,55478,2817,SA19/D14_SA19_R03.txt,SA19,D14,3,0,validation,700,900,-1,0.5541365087918368,0.44745829567402573
C8,55479,2817,SA19/D14_SA19_R03.txt,SA19,D14,3,0,validation,800,1000,-1,0.4846925729977665,0.44745829567402573
C8,55488,2817,SA19/D14_SA19_R03.txt,SA19,D14,3,0,validation,1700,1900,-1,0.4704420268891963,0.44745829567402573
C8,55489,2817,SA19/D14_SA19_R03.txt,SA19,D14,3,0,validation,1800,2000,-1,0.4773099113924054,0.44745829567402573
C8,55500,2818,SA19/D14_SA19_R04.txt,SA19,D14,4,0,validation,600,800,-1,0.49064689571968945,0.44745829567402573
C8,55511,2818,SA19/D14_SA19_R04.txt,SA19,D14,4,0,validation,1700,1900,-1,0.5448899892052412,0.44745829567402573
C8,55524,2819,SA19/D14_SA19_R05.txt,SA19,D14,5,0,validation,700,900,-1,0.49853944975340114,0.44745829567402573
C8,55534,2819,SA19/D14_SA19_R05.txt,SA19,D14,5,0,validation,1700,1900,-1,0.4707560281908479,0.44745829567402573
C8,56018,2835,SA19/D18_SA19_R01.txt,SA19,D18,1,0,validation,600,800,-1,0.6427869109299698,0.44745829567402573
C8,56019,2835,SA19/D18_SA19_R01.txt,SA19,D18,1,0,validation,700,900,-1,0.5561374577936282,0.44745829567402573
C8,56042,2836,SA19/D18_SA19_R02.txt,SA19,D18,2,0,validation,800,1000,-1,0.6060875570567857,0.44745829567402573
C8,56043,2836,SA19/D18_SA19_R02.txt,SA19,D18,2,0,validation,900,1100,-1,0.7118975173158766,0.44745829567402573
C8,56044,2836,SA19/D18_SA19_R02.txt,SA19,D18,2,0,validation,1000,1200,-1,0.5556533468129988,0.44745829567402573
C8,56066,2837,SA19/D18_SA19_R03.txt,SA19,D18,3,0,validation,900,1100,-1,0.4827181916498995,0.44745829567402573
C8,56067,2837,SA19/D18_SA19_R03.txt,SA19,D18,3,0,validation,1000,1200,-1,0.5182780673893417,0.44745829567402573
C8,56068,2837,SA19/D18_SA19_R03.txt,SA19,D18,3,0,validation,1100,1300,-1,0.46065811484817587,0.44745829567402573
C8,56085,2838,SA19/D18_SA19_R04.txt,SA19,D18,4,0,validation,500,700,-1,0.5011939808570659,0.44745829567402573
C8,56086,2838,SA19/D18_SA19_R04.txt,SA19,D18,4,0,validation,600,800,-1,0.7218653897707336,0.44745829567402573
C8,56087,2838,SA19/D18_SA19_R04.txt,SA19,D18,4,0,validation,700,900,-1,0.5924898371211936,0.44745829567402573
C8,56110,2839,SA19/D18_SA19_R05.txt,SA19,D18,5,0,validation,700,900,-1,0.6252789171856435,0.44745829567402573
C8,56111,2839,SA19/D18_SA19_R05.txt,SA19,D18,5,0,validation,800,1000,-1,0.5390386009516202,0.44745829567402573
C8,86352,4055,SE08/D10_SE08_R03.txt,SE08,D10,3,0,validation,600,800,-1,0.47325127217716345,0.44745829567402573
C8,86649,4068,SE08/D14_SE08_R01.txt,SE08,D14,1,0,validation,400,600,-1,0.560584725907145,0.44745829567402573
C8,86658,4068,SE08/D14_SE08_R01.txt,SE08,D14,1,0,validation,1300,1500,-1,0.4913715793509759,0.44745829567402573
C8,86659,4068,SE08/D14_SE08_R01.txt,SE08,D14,1,0,validation,1400,1600,-1,0.5363344084021149,0.44745829567402573
C8,86673,4069,SE08/D14_SE08_R02.txt,SE08,D14,2,0,validation,500,700,-1,0.6151454029156073,0.44745829567402573
C8,86674,4069,SE08/D14_SE08_R02.txt,SE08,D14,2,0,validation,600,800,-1,0.5419643411118488,0.44745829567402573
C8,86685,4069,SE08/D14_SE08_R02.txt,SE08,D14,2,0,validation,1700,1900,-1,0.5238576227394491,0.44745829567402573
C8,86695,4070,SE08/D14_SE08_R03.txt,SE08,D14,3,0,validation,400,600,-1,0.6298909947652019,0.44745829567402573
C8,86696,4070,SE08/D14_SE08_R03.txt,SE08,D14,3,0,validation,500,700,-1,0.533459553525266,0.44745829567402573
C8,86707,4070,SE08/D14_SE08_R03.txt,SE08,D14,3,0,validation,1600,1800,-1,0.5441281718337507,0.44745829567402573
C8,86719,4071,SE08/D14_SE08_R04.txt,SE08,D14,4,0,validation,500,700,-1,0.6167471039282199,0.44745829567402573
C8,86729,4071,SE08/D14_SE08_R04.txt,SE08,D14,4,0,validation,1500,1700,-1,0.48113902567058453,0.44745829567402573
C8,86744,4072,SE08/D14_SE08_R05.txt,SE08,D14,5,0,validation,700,900,-1,0.5451844869958873,0.44745829567402573
C8,86754,4072,SE08/D14_SE08_R05.txt,SE08,D14,5,0,validation,1700,1900,-1,0.5195515138093164,0.44745829567402573
C8,86755,4072,SE08/D14_SE08_R05.txt,SE08,D14,5,0,validation,1800,2000,-1,0.5390594329273962,0.44745829567402573
C8,87996,4091,SE09/D04_SE09_R01.txt,SE09,D04,1,0,validation,17000,17200,-1,0.45625480382339834,0.44745829567402573
C8,87997,4091,SE09/D04_SE09_R01.txt,SE09,D04,1,0,validation,17100,17300,-1,0.4836813138631164,0.44745829567402573
C8,88002,4091,SE09/D04_SE09_R01.txt,SE09,D04,1,0,validation,17600,17800,-1,0.4544059945674149,0.44745829567402573
C8,88003,4091,SE09/D04_SE09_R01.txt,SE09,D04,1,0,validation,17700,17900,-1,0.4483432384435683,0.44745829567402573
C8,88962,4127,SE09/D14_SE09_R01.txt,SE09,D14,1,0,validation,400,600,-1,0.4904347154643664,0.44745829567402573
C8,88975,4127,SE09/D14_SE09_R01.txt,SE09,D14,1,0,validation,1700,1900,-1,0.6496319602662457,0.44745829567402573
C8,88998,4128,SE09/D14_SE09_R02.txt,SE09,D14,2,0,validation,1700,1900,-1,0.5153698012255158,0.44745829567402573
C8,89009,4129,SE09/D14_SE09_R03.txt,SE09,D14,3,0,validation,500,700,-1,0.4665171968769275,0.44745829567402573
C8,89023,4129,SE09/D14_SE09_R03.txt,SE09,D14,3,0,validation,1900,2100,-1,0.48101734962708076,0.44745829567402573
C8,89057,4131,SE09/D14_SE09_R05.txt,SE09,D14,5,0,validation,700,900,-1,0.5567301124470573,0.44745829567402573
C8,89069,4131,SE09/D14_SE09_R05.txt,SE09,D14,5,0,validation,1900,2100,-1,0.5098764439650724,0.44745829567402573
C8,92465,4209,SE11/D04_SE11_R01.txt,SE11,D04,1,0,validation,500,700,-1,0.4546637166329383,0.44745829567402573
C8,92466,4209,SE11/D04_SE11_R01.txt,SE11,D04,1,0,validation,600,800,-1,0.48508320092238943,0.44745829567402573
C8,92487,4209,SE11/D04_SE11_R01.txt,SE11,D04,1,0,validation,2700,2900,-1,0.46166908054861505,0.44745829567402573
C8,92488,4209,SE11/D04_SE11_R01.txt,SE11,D04,1,0,validation,2800,3000,-1,0.47413673775361376,0.44745829567402573
C8,92490,4209,SE11/D04_SE11_R01.txt,SE11,D04,1,0,validation,3000,3200,-1,0.44781810185541315,0.44745829567402573
C8,92510,4209,SE11/D04_SE11_R01.txt,SE11,D04,1,0,validation,5000,5200,-1,0.48316380298905,0.44745829567402573
C8,92518,4209,SE11/D04_SE11_R01.txt,SE11,D04,1,0,validation,5800,6000,-1,0.49420909965496423,0.44745829567402573
C8,92519,4209,SE11/D04_SE11_R01.txt,SE11,D04,1,0,validation,5900,6100,-1,0.47853390208707053,0.44745829567402573
C8,92522,4209,SE11/D04_SE11_R01.txt,SE11,D04,1,0,validation,6200,6400,-1,0.4539846149836545,0.44745829567402573
C8,92523,4209,SE11/D04_SE11_R01.txt,SE11,D04,1,0,validation,6300,6500,-1,0.471438316832496,0.44745829567402573
C8,92524,4209,SE11/D04_SE11_R01.txt,SE11,D04,1,0,validation,6400,6600,-1,0.4719335570567816,0.44745829567402573
C8,92525,4209,SE11/D04_SE11_R01.txt,SE11,D04,1,0,validation,6500,6700,-1,0.45527697344764745,0.44745829567402573
C8,92526,4209,SE11/D04_SE11_R01.txt,SE11,D04,1,0,validation,6600,6800,-1,0.4676623601085251,0.44745829567402573
C8,92527,4209,SE11/D04_SE11_R01.txt,SE11,D04,1,0,validation,6700,6900,-1,0.46969198521010463,0.44745829567402573
C8,92535,4209,SE11/D04_SE11_R01.txt,SE11,D04,1,0,validation,7500,7700,-1,0.46495869248580324,0.44745829567402573
C8,92555,4209,SE11/D04_SE11_R01.txt,SE11,D04,1,0,validation,9500,9700,-1,0.47017891547272045,0.44745829567402573
C8,92556,4209,SE11/D04_SE11_R01.txt,SE11,D04,1,0,validation,9600,9800,-1,0.46153951848730773,0.44745829567402573
C8,92557,4209,SE11/D04_SE11_R01.txt,SE11,D04,1,0,validation,9700,9900,-1,0.4512206304326099,0.44745829567402573
C8,92560,4209,SE11/D04_SE11_R01.txt,SE11,D04,1,0,validation,10000,10200,-1,0.4600995980177062,0.44745829567402573
C8,92561,4209,SE11/D04_SE11_R01.txt,SE11,D04,1,0,validation,10100,10300,-1,0.46072494228182914,0.44745829567402573
C8,92583,4209,SE11/D04_SE11_R01.txt,SE11,D04,1,0,validation,12300,12500,-1,0.4514682438349948,0.44745829567402573
C8,93607,4245,SE11/D14_SE11_R01.txt,SE11,D14,1,0,validation,1600,1800,-1,0.47859639794864123,0.44745829567402573
C8,93619,4246,SE11/D14_SE11_R02.txt,SE11,D14,2,0,validation,500,700,-1,0.5326477648772456,0.44745829567402573
C8,93644,4247,SE11/D14_SE11_R03.txt,SE11,D14,3,0,validation,700,900,-1,0.44829720318984356,0.44745829567402573
C8,93654,4247,SE11/D14_SE11_R03.txt,SE11,D14,3,0,validation,1700,1900,-1,0.509296218194794,0.44745829567402573
C8,93678,4248,SE11/D14_SE11_R04.txt,SE11,D14,4,0,validation,1800,2000,-1,0.5113979941470933,0.44745829567402573
C8,93687,4249,SE11/D14_SE11_R05.txt,SE11,D14,5,0,validation,400,600,-1,0.4956209569911465,0.44745829567402573
C8,93702,4249,SE11/D14_SE11_R05.txt,SE11,D14,5,0,validation,1900,2100,-1,0.4727014629460988,0.44745829567402573
logistic_regression,1845,38,SA01/D11_SA01_R05.txt,SA01,D11,5,0,test,800,1000,-1,0.8800368226438552,0.815113492694416
logistic_regression,1846,38,SA01/D11_SA01_R05.txt,SA01,D11,5,0,test,900,1100,-1,0.8621699070784138,0.815113492694416
logistic_regression,2918,88,SA01/F02_SA01_R05.txt,SA01,F02,5,1,test,1820,2020,1920,0.49857487282638324,0.815113492694416
logistic_regression,2958,128,SA01/F10_SA01_R05.txt,SA01,F10,5,1,test,1385,1585,1485,0.6540344901461527,0.815113492694416
logistic_regression,2973,143,SA01/F13_SA01_R05.txt,SA01,F13,5,1,test,1524,1724,1624,0.707201023855379,0.815113492694416
logistic_regression,2979,149,SA01/F15_SA01_R01.txt,SA01,F15,1,1,test,1274,1474,1374,0.769823221497302,0.815113492694416
logistic_regression,5082,203,SA02/D14_SA02_R01.txt,SA02,D14,1,0,test,800,1000,-1,0.8272964130365031,0.815113492694416
logistic_regression,5912,253,SA02/F05_SA02_R01.txt,SA02,F05,1,1,test,962,1162,1062,0.0006021972104726352,0.815113492694416
logistic_regression,5958,299,SA02/F14_SA02_R02.txt,SA02,F14,2,1,test,1440,1640,1540,0.6298913184504739,0.815113492694416
logistic_regression,16887,814,SA06/D13_SA06_R01.txt,SA06,D13,1,0,test,700,900,-1,0.8646019928129381,0.815113492694416
logistic_regression,16907,815,SA06/D13_SA06_R02.txt,SA06,D13,2,0,test,400,600,-1,0.924334686168483,0.815113492694416
logistic_regression,16908,815,SA06/D13_SA06_R02.txt,SA06,D13,2,0,test,500,700,-1,0.960888231730361,0.815113492694416
logistic_regression,16956,817,SA06/D13_SA06_R04.txt,SA06,D13,4,0,test,700,900,-1,0.8489536003345889,0.815113492694416
logistic_regression,16979,818,SA06/D13_SA06_R05.txt,SA06,D13,5,0,test,700,900,-1,0.8666549878410812,0.815113492694416
logistic_regression,17702,844,SA06/D19_SA06_R01.txt,SA06,D19,1,0,test,600,800,-1,0.8195735347473093,0.815113492694416
logistic_regression,49358,2502,SA17/D13_SA17_R01.txt,SA17,D13,1,0,test,600,800,-1,0.8380339991684258,0.815113492694416
logistic_regression,49359,2502,SA17/D13_SA17_R01.txt,SA17,D13,1,0,test,700,900,-1,0.833646204132392,0.815113492694416
logistic_regression,49425,2505,SA17/D13_SA17_R04.txt,SA17,D13,4,0,test,400,600,-1,0.8478853051455196,0.815113492694416
logistic_regression,68070,3477,SA23/F05_SA23_R01.txt,SA23,F05,1,1,test,521,721,621,3.411847264393828e-05,0.815113492694416
logistic_regression,68071,3478,SA23/F05_SA23_R02.txt,SA23,F05,2,1,test,609,809,709,3.971271345373221e-05,0.815113492694416
logistic_regression,68072,3479,SA23/F05_SA23_R03.txt,SA23,F05,3,1,test,535,735,635,0.00019865340969192142,0.815113492694416
logistic_regression,68074,3481,SA23/F05_SA23_R05.txt,SA23,F05,5,1,test,577,777,677,0.001333363357895008,0.815113492694416
logistic_regression,68112,3519,SA23/F13_SA23_R03.txt,SA23,F13,3,1,test,1227,1427,1327,0.10489120664998323,0.815113492694416
decision_tree,1845,38,SA01/D11_SA01_R05.txt,SA01,D11,5,0,test,800,1000,-1,0.7705231308225133,0.7705231308225133
decision_tree,1846,38,SA01/D11_SA01_R05.txt,SA01,D11,5,0,test,900,1100,-1,0.7705231308225133,0.7705231308225133
decision_tree,2684,69,SA01/D18_SA01_R01.txt,SA01,D18,1,0,test,500,700,-1,0.9977003328440758,0.7705231308225133
decision_tree,2685,69,SA01/D18_SA01_R01.txt,SA01,D18,1,0,test,600,800,-1,0.9977003328440758,0.7705231308225133
decision_tree,2918,88,SA01/F02_SA01_R05.txt,SA01,F02,5,1,test,1820,2020,1920,0.0,0.7705231308225133
decision_tree,2963,133,SA01/F11_SA01_R05.txt,SA01,F11,5,1,test,1301,1501,1401,0.0,0.7705231308225133
decision_tree,2973,143,SA01/F13_SA01_R05.txt,SA01,F13,5,1,test,1524,1724,1624,0.7168010490882202,0.7705231308225133
decision_tree,3666,157,SA02/D04_SA02_R01.txt,SA02,D04,1,0,test,8600,8800,-1,0.7705231308225133,0.7705231308225133
decision_tree,3667,157,SA02/D04_SA02_R01.txt,SA02,D04,1,0,test,8700,8900,-1,0.7705231308225133,0.7705231308225133
decision_tree,5912,253,SA02/F05_SA02_R01.txt,SA02,F05,1,1,test,962,1162,1062,0.0029779867376308294,0.7705231308225133
decision_tree,5930,271,SA02/F08_SA02_R04.txt,SA02,F08,4,1,test,1249,1449,1349,0.0,0.7705231308225133
decision_tree,5945,286,SA02/F11_SA02_R04.txt,SA02,F11,4,1,test,1687,1887,1787,0.0,0.7705231308225133
decision_tree,5958,299,SA02/F14_SA02_R02.txt,SA02,F14,2,1,test,1440,1640,1540,0.7168010490882202,0.7705231308225133
decision_tree,16886,814,SA06/D13_SA06_R01.txt,SA06,D13,1,0,test,600,800,-1,0.7705231308225133,0.7705231308225133
decision_tree,16887,814,SA06/D13_SA06_R01.txt,SA06,D13,1,0,test,700,900,-1,0.7705231308225133,0.7705231308225133
decision_tree,16907,815,SA06/D13_SA06_R02.txt,SA06,D13,2,0,test,400,600,-1,0.9977003328440758,0.7705231308225133
decision_tree,16908,815,SA06/D13_SA06_R02.txt,SA06,D13,2,0,test,500,700,-1,0.9977003328440758,0.7705231308225133
decision_tree,16956,817,SA06/D13_SA06_R04.txt,SA06,D13,4,0,test,700,900,-1,0.7705231308225133,0.7705231308225133
decision_tree,16957,817,SA06/D13_SA06_R04.txt,SA06,D13,4,0,test,800,1000,-1,0.7705231308225133,0.7705231308225133
decision_tree,16979,818,SA06/D13_SA06_R05.txt,SA06,D13,5,0,test,700,900,-1,0.7705231308225133,0.7705231308225133
decision_tree,16980,818,SA06/D13_SA06_R05.txt,SA06,D13,5,0,test,800,1000,-1,0.7705231308225133,0.7705231308225133
decision_tree,17618,840,SA06/D18_SA06_R02.txt,SA06,D18,2,0,test,1400,1600,-1,0.9977003328440758,0.7705231308225133
decision_tree,17619,840,SA06/D18_SA06_R02.txt,SA06,D18,2,0,test,1500,1700,-1,0.9977003328440758,0.7705231308225133
decision_tree,17639,841,SA06/D18_SA06_R03.txt,SA06,D18,3,0,test,1200,1400,-1,0.7705231308225133,0.7705231308225133
decision_tree,17640,841,SA06/D18_SA06_R03.txt,SA06,D18,3,0,test,1300,1500,-1,0.7705231308225133,0.7705231308225133
decision_tree,17667,842,SA06/D18_SA06_R04.txt,SA06,D18,4,0,test,1700,1900,-1,0.9977003328440758,0.7705231308225133
decision_tree,17668,842,SA06/D18_SA06_R04.txt,SA06,D18,4,0,test,1800,2000,-1,0.9977003328440758,0.7705231308225133
decision_tree,17686,843,SA06/D18_SA06_R05.txt,SA06,D18,5,0,test,1300,1500,-1,0.9977003328440758,0.7705231308225133
decision_tree,17687,843,SA06/D18_SA06_R05.txt,SA06,D18,5,0,test,1400,1600,-1,0.9977003328440758,0.7705231308225133
decision_tree,49358,2502,SA17/D13_SA17_R01.txt,SA17,D13,1,0,test,600,800,-1,0.7705231308225133,0.7705231308225133
decision_tree,49359,2502,SA17/D13_SA17_R01.txt,SA17,D13,1,0,test,700,900,-1,0.7705231308225133,0.7705231308225133
decision_tree,49425,2505,SA17/D13_SA17_R04.txt,SA17,D13,4,0,test,400,600,-1,0.7705231308225133,0.7705231308225133
decision_tree,49426,2505,SA17/D13_SA17_R04.txt,SA17,D13,4,0,test,500,700,-1,0.7705231308225133,0.7705231308225133
decision_tree,68070,3477,SA23/F05_SA23_R01.txt,SA23,F05,1,1,test,521,721,621,0.0029779867376308294,0.7705231308225133
decision_tree,68071,3478,SA23/F05_SA23_R02.txt,SA23,F05,2,1,test,609,809,709,0.0029779867376308294,0.7705231308225133
decision_tree,68072,3479,SA23/F05_SA23_R03.txt,SA23,F05,3,1,test,535,735,635,0.0029779867376308294,0.7705231308225133
decision_tree,68074,3481,SA23/F05_SA23_R05.txt,SA23,F05,5,1,test,577,777,677,0.0029779867376308294,0.7705231308225133
decision_tree,68112,3519,SA23/F13_SA23_R03.txt,SA23,F13,3,1,test,1227,1427,1327,0.0029779867376308294,0.7705231308225133
decision_tree,68116,3523,SA23/F14_SA23_R02.txt,SA23,F14,2,1,test,1877,2077,1977,0.7168010490882202,0.7705231308225133
baseline,492,2,SA01/D03_SA01_R01.txt,SA01,D03,1,0,test,9500,9700,-1,2.227212429046631,2.209465980529785
baseline,493,2,SA01/D03_SA01_R01.txt,SA01,D03,1,0,test,9600,9800,-1,2.227212429046631,2.209465980529785
baseline,495,2,SA01/D03_SA01_R01.txt,SA01,D03,1,0,test,9800,10000,-1,2.2716808319091797,2.209465980529785
baseline,496,2,SA01/D03_SA01_R01.txt,SA01,D03,1,0,test,9900,10100,-1,2.2716808319091797,2.209465980529785
baseline,507,2,SA01/D03_SA01_R01.txt,SA01,D03,1,0,test,11000,11200,-1,2.2226295471191406,2.209465980529785
baseline,508,2,SA01/D03_SA01_R01.txt,SA01,D03,1,0,test,11100,11300,-1,2.2226295471191406,2.209465980529785
baseline,529,2,SA01/D03_SA01_R01.txt,SA01,D03,1,0,test,13200,13400,-1,2.2247424125671387,2.209465980529785
baseline,530,2,SA01/D03_SA01_R01.txt,SA01,D03,1,0,test,13300,13500,-1,2.2247424125671387,2.209465980529785
baseline,540,2,SA01/D03_SA01_R01.txt,SA01,D03,1,0,test,14300,14500,-1,2.209923505783081,2.209465980529785
baseline,541,2,SA01/D03_SA01_R01.txt,SA01,D03,1,0,test,14400,14600,-1,2.209923505783081,2.209465980529785
baseline,544,2,SA01/D03_SA01_R01.txt,SA01,D03,1,0,test,14700,14900,-1,2.339430570602417,2.209465980529785
baseline,545,2,SA01/D03_SA01_R01.txt,SA01,D03,1,0,test,14800,15000,-1,2.339430570602417,2.209465980529785
baseline,547,2,SA01/D03_SA01_R01.txt,SA01,D03,1,0,test,15000,15200,-1,2.2364819049835205,2.209465980529785
baseline,548,2,SA01/D03_SA01_R01.txt,SA01,D03,1,0,test,15100,15300,-1,2.2364819049835205,2.209465980529785
baseline,549,2,SA01/D03_SA01_R01.txt,SA01,D03,1,0,test,15200,15400,-1,2.2824602127075195,2.209465980529785
baseline,550,2,SA01/D03_SA01_R01.txt,SA01,D03,1,0,test,15300,15500,-1,2.2824602127075195,2.209465980529785
baseline,553,2,SA01/D03_SA01_R01.txt,SA01,D03,1,0,test,15600,15800,-1,2.227125883102417,2.209465980529785
baseline,554,2,SA01/D03_SA01_R01.txt,SA01,D03,1,0,test,15700,15900,-1,2.227125883102417,2.209465980529785
baseline,567,2,SA01/D03_SA01_R01.txt,SA01,D03,1,0,test,17000,17200,-1,2.222327709197998,2.209465980529785
baseline,568,2,SA01/D03_SA01_R01.txt,SA01,D03,1,0,test,17100,17300,-1,2.222327709197998,2.209465980529785
baseline,589,2,SA01/D03_SA01_R01.txt,SA01,D03,1,0,test,19200,19400,-1,2.2303802967071533,2.209465980529785
baseline,590,2,SA01/D03_SA01_R01.txt,SA01,D03,1,0,test,19300,19500,-1,2.2794206142425537,2.209465980529785
baseline,591,2,SA01/D03_SA01_R01.txt,SA01,D03,1,0,test,19400,19600,-1,2.2794206142425537,2.209465980529785
baseline,595,2,SA01/D03_SA01_R01.txt,SA01,D03,1,0,test,19800,20000,-1,2.2357287406921387,2.209465980529785
baseline,596,3,SA01/D04_SA01_R01.txt,SA01,D04,1,0,test,0,200,-1,2.315394401550293,2.209465980529785
baseline,597,3,SA01/D04_SA01_R01.txt,SA01,D04,1,0,test,100,300,-1,2.315394401550293,2.209465980529785
baseline,598,3,SA01/D04_SA01_R01.txt,SA01,D04,1,0,test,200,400,-1,2.3817124366760254,2.209465980529785
baseline,599,3,SA01/D04_SA01_R01.txt,SA01,D04,1,0,test,300,500,-1,2.4184820652008057,2.209465980529785
baseline,600,3,SA01/D04_SA01_R01.txt,SA01,D04,1,0,test,400,600,-1,2.4184820652008057,2.209465980529785
baseline,601,3,SA01/D04_SA01_R01.txt,SA01,D04,1,0,test,500,700,-1,2.344003677368164,2.209465980529785
baseline,602,3,SA01/D04_SA01_R01.txt,SA01,D04,1,0,test,600,800,-1,2.3854355812072754,2.209465980529785
baseline,603,3,SA01/D04_SA01_R01.txt,SA01,D04,1,0,test,700,900,-1,2.3854355812072754,2.209465980529785
baseline,604,3,SA01/D04_SA01_R01.txt,SA01,D04,1,0,test,800,1000,-1,2.512388229370117,2.209465980529785
baseline,605,3,SA01/D04_SA01_R01.txt,SA01,D04,1,0,test,900,1100,-1,2.512388229370117,2.209465980529785
baseline,606,3,SA01/D04_SA01_R01.txt,SA01,D04,1,0,test,1000,1200,-1,2.3668923377990723,2.209465980529785
baseline,607,3,SA01/D04_SA01_R01.txt,SA01,D04,1,0,test,1100,1300,-1,2.5942068099975586,2.209465980529785
baseline,608,3,SA01/D04_SA01_R01.txt,SA01,D04,1,0,test,1200,1400,-1,2.5942068099975586,2.209465980529785
baseline,609,3,SA01/D04_SA01_R01.txt,SA01,D04,1,0,test,1300,1500,-1,2.5873911380767822,2.209465980529785
baseline,610,3,SA01/D04_SA01_R01.txt,SA01,D04,1,0,test,1400,1600,-1,2.4309661388397217,2.209465980529785
baseline,611,3,SA01/D04_SA01_R01.txt,SA01,D04,1,0,test,1500,1700,-1,2.4720680713653564,2.209465980529785
baseline,612,3,SA01/D04_SA01_R01.txt,SA01,D04,1,0,test,1600,1800,-1,2.4783995151519775,2.209465980529785
baseline,613,3,SA01/D04_SA01_R01.txt,SA01,D04,1,0,test,1700,1900,-1,2.5082955360412598,2.209465980529785
baseline,614,3,SA01/D04_SA01_R01.txt,SA01,D04,1,0,test,1800,2000,-1,2.6226658821105957,2.209465980529785
baseline,615,3,SA01/D04_SA01_R01.txt,SA01,D04,1,0,test,1900,2100,-1,2.6226658821105957,2.209465980529785
baseline,616,3,SA01/D04_SA01_R01.txt,SA01,D04,1,0,test,2000,2200,-1,2.515155076980591,2.209465980529785
baseline,617,3,SA01/D04_SA01_R01.txt,SA01,D04,1,0,test,2100,2300,-1,2.401400089263916,2.209465980529785
baseline,618,3,SA01/D04_SA01_R01.txt,SA01,D04,1,0,test,2200,2400,-1,2.350342273712158,2.209465980529785
baseline,619,3,SA01/D04_SA01_R01.txt,SA01,D04,1,0,test,2300,2500,-1,2.369246482849121,2.209465980529785
baseline,620,3,SA01/D04_SA01_R01.txt,SA01,D04,1,0,test,2400,2600,-1,2.5170323848724365,2.209465980529785
baseline,621,3,SA01/D04_SA01_R01.txt,SA01,D04,1,0,test,2500,2700,-1,2.5170323848724365,2.209465980529785
baseline,622,3,SA01/D04_SA01_R01.txt,SA01,D04,1,0,test,2600,2800,-1,2.4523282051086426,2.209465980529785
baseline,623,3,SA01/D04_SA01_R01.txt,SA01,D04,1,0,test,2700,2900,-1,2.481247901916504,2.209465980529785
baseline,624,3,SA01/D04_SA01_R01.txt,SA01,D04,1,0,test,2800,3000,-1,2.4821841716766357,2.209465980529785
baseline,625,3,SA01/D04_SA01_R01.txt,SA01,D04,1,0,test,2900,3100,-1,2.507502317428589,2.209465980529785
baseline,626,3,SA01/D04_SA01_R01.txt,SA01,D04,1,0,test,3000,3200,-1,2.507502317428589,2.209465980529785
baseline,627,3,SA01/D04_SA01_R01.txt,SA01,D04,1,0,test,3100,3300,-1,2.4973905086517334,2.209465980529785
baseline,628,3,SA01/D04_SA01_R01.txt,SA01,D04,1,0,test,3200,3400,-1,2.4973905086517334,2.209465980529785
baseline,629,3,SA01/D04_SA01_R01.txt,SA01,D04,1,0,test,3300,3500,-1,2.480431318283081,2.209465980529785
baseline,630,3,SA01/D04_SA01_R01.txt,SA01,D04,1,0,test,3400,3600,-1,2.4767589569091797,2.209465980529785
baseline,631,3,SA01/D04_SA01_R01.txt,SA01,D04,1,0,test,3500,3700,-1,2.5124258995056152,2.209465980529785
baseline,632,3,SA01/D04_SA01_R01.txt,SA01,D04,1,0,test,3600,3800,-1,2.5124258995056152,2.209465980529785
baseline,633,3,SA01/D04_SA01_R01.txt,SA01,D04,1,0,test,3700,3900,-1,2.478727340698242,2.209465980529785
baseline,634,3,SA01/D04_SA01_R01.txt,SA01,D04,1,0,test,3800,4000,-1,2.478727340698242,2.209465980529785
baseline,635,3,SA01/D04_SA01_R01.txt,SA01,D04,1,0,test,3900,4100,-1,2.403843402862549,2.209465980529785
baseline,636,3,SA01/D04_SA01_R01.txt,SA01,D04,1,0,test,4000,4200,-1,2.487366199493408,2.209465980529785
baseline,637,3,SA01/D04_SA01_R01.txt,SA01,D04,1,0,test,4100,4300,-1,2.487366199493408,2.209465980529785
baseline,638,3,SA01/D04_SA01_R01.txt,SA01,D04,1,0,test,4200,4400,-1,2.455496072769165,2.209465980529785
baseline,639,3,SA01/D04_SA01_R01.txt,SA01,D04,1,0,test,4300,4500,-1,2.422480583190918,2.209465980529785
baseline,640,3,SA01/D04_SA01_R01.txt,SA01,D04,1,0,test,4400,4600,-1,2.3875648975372314,2.209465980529785
baseline,641,3,SA01/D04_SA01_R01.txt,SA01,D04,1,0,test,4500,4700,-1,2.422210693359375,2.209465980529785
baseline,642,3,SA01/D04_SA01_R01.txt,SA01,D04,1,0,test,4600,4800,-1,2.422210693359375,2.209465980529785
baseline,643,3,SA01/D04_SA01_R01.txt,SA01,D04,1,0,test,4700,4900,-1,2.4295692443847656,2.209465980529785
baseline,644,3,SA01/D04_SA01_R01.txt,SA01,D04,1,0,test,4800,5000,-1,2.4295692443847656,2.209465980529785
baseline,645,3,SA01/D04_SA01_R01.txt,SA01,D04,1,0,test,4900,5100,-1,2.5280566215515137,2.209465980529785
baseline,646,3,SA01/D04_SA01_R01.txt,SA01,D04,1,0,test,5000,5200,-1,2.5280566215515137,2.209465980529785
baseline,647,3,SA01/D04_SA01_R01.txt,SA01,D04,1,0,test,5100,5300,-1,2.503434419631958,2.209465980529785
baseline,648,3,SA01/D04_SA01_R01.txt,SA01,D04,1,0,test,5200,5400,-1,2.503434419631958,2.209465980529785
baseline,649,3,SA01/D04_SA01_R01.txt,SA01,D04,1,0,test,5300,5500,-1,2.4374406337738037,2.209465980529785
baseline,650,3,SA01/D04_SA01_R01.txt,SA01,D04,1,0,test,5400,5600,-1,2.4416561126708984,2.209465980529785
baseline,651,3,SA01/D04_SA01_R01.txt,SA01,D04,1,0,test,5500,5700,-1,2.4416561126708984,2.209465980529785
baseline,652,3,SA01/D04_SA01_R01.txt,SA01,D04,1,0,test,5600,5800,-1,2.44008469581604,2.209465980529785
baseline,653,3,SA01/D04_SA01_R01.txt,SA01,D04,1,0,test,5700,5900,-1,2.5273685455322266,2.209465980529785
baseline,654,3,SA01/D04_SA01_R01.txt,SA01,D04,1,0,test,5800,6000,-1,2.5273685455322266,2.209465980529785
baseline,655,3,SA01/D04_SA01_R01.txt,SA01,D04,1,0,test,5900,6100,-1,2.514960289001465,2.209465980529785
baseline,656,3,SA01/D04_SA01_R01.txt,SA01,D04,1,0,test,6000,6200,-1,2.514960289001465,2.209465980529785
baseline,657,3,SA01/D04_SA01_R01.txt,SA01,D04,1,0,test,6100,6300,-1,2.434389591217041,2.209465980529785
baseline,658,3,SA01/D04_SA01_R01.txt,SA01,D04,1,0,test,6200,6400,-1,2.45389723777771,2.209465980529785
baseline,659,3,SA01/D04_SA01_R01.txt,SA01,D04,1,0,test,6300,6500,-1,2.45389723777771,2.209465980529785
baseline,660,3,SA01/D04_SA01_R01.txt,SA01,D04,1,0,test,6400,6600,-1,2.4793756008148193,2.209465980529785
baseline,661,3,SA01/D04_SA01_R01.txt,SA01,D04,1,0,test,6500,6700,-1,2.4793756008148193,2.209465980529785
baseline,662,3,SA01/D04_SA01_R01.txt,SA01,D04,1,0,test,6600,6800,-1,2.408172607421875,2.209465980529785
baseline,663,3,SA01/D04_SA01_R01.txt,SA01,D04,1,0,test,6700,6900,-1,2.5195138454437256,2.209465980529785
baseline,664,3,SA01/D04_SA01_R01.txt,SA01,D04,1,0,test,6800,7000,-1,2.525210380554199,2.209465980529785
baseline,665,3,SA01/D04_SA01_R01.txt,SA01,D04,1,0,test,6900,7100,-1,2.525210380554199,2.209465980529785
baseline,666,3,SA01/D04_SA01_R01.txt,SA01,D04,1,0,test,7000,7200,-1,2.494185447692871,2.209465980529785
baseline,667,3,SA01/D04_SA01_R01.txt,SA01,D04,1,0,test,7100,7300,-1,2.494185447692871,2.209465980529785
baseline,668,3,SA01/D04_SA01_R01.txt,SA01,D04,1,0,test,7200,7400,-1,2.5335049629211426,2.209465980529785
baseline,669,3,SA01/D04_SA01_R01.txt,SA01,D04,1,0,test,7300,7500,-1,2.5335049629211426,2.209465980529785
baseline,670,3,SA01/D04_SA01_R01.txt,SA01,D04,1,0,test,7400,7600,-1,2.469653844833374,2.209465980529785
baseline,671,3,SA01/D04_SA01_R01.txt,SA01,D04,1,0,test,7500,7700,-1,2.469653844833374,2.209465980529785
baseline,672,3,SA01/D04_SA01_R01.txt,SA01,D04,1,0,test,7600,7800,-1,2.4003400802612305,2.209465980529785
baseline,673,3,SA01/D04_SA01_R01.txt,SA01,D04,1,0,test,7700,7900,-1,2.4797050952911377,2.209465980529785
baseline,674,3,SA01/D04_SA01_R01.txt,SA01,D04,1,0,test,7800,8000,-1,2.4797050952911377,2.209465980529785
baseline,675,3,SA01/D04_SA01_R01.txt,SA01,D04,1,0,test,7900,8100,-1,2.540940284729004,2.209465980529785
baseline,676,3,SA01/D04_SA01_R01.txt,SA01,D04,1,0,test,8000,8200,-1,2.540940284729004,2.209465980529785
baseline,677,3,SA01/D04_SA01_R01.txt,SA01,D04,1,0,test,8100,8300,-1,2.4272401332855225,2.209465980529785
baseline,678,3,SA01/D04_SA01_R01.txt,SA01,D04,1,0,test,8200,8400,-1,2.4272401332855225,2.209465980529785
baseline,679,3,SA01/D04_SA01_R01.txt,SA01,D04,1,0,test,8300,8500,-1,2.4245195388793945,2.209465980529785
baseline,680,3,SA01/D04_SA01_R01.txt,SA01,D04,1,0,test,8400,8600,-1,2.4399280548095703,2.209465980529785
baseline,681,3,SA01/D04_SA01_R01.txt,SA01,D04,1,0,test,8500,8700,-1,2.497694253921509,2.209465980529785
baseline,682,3,SA01/D04_SA01_R01.txt,SA01,D04,1,0,test,8600,8800,-1,2.497694253921509,2.209465980529785
baseline,683,3,SA01/D04_SA01_R01.txt,SA01,D04,1,0,test,8700,8900,-1,2.424152135848999,2.209465980529785
baseline,684,3,SA01/D04_SA01_R01.txt,SA01,D04,1,0,test,8800,9000,-1,2.424152135848999,2.209465980529785
baseline,685,3,SA01/D04_SA01_R01.txt,SA01,D04,1,0,test,8900,9100,-1,2.425920009613037,2.209465980529785
baseline,686,3,SA01/D04_SA01_R01.txt,SA01,D04,1,0,test,9000,9200,-1,2.4531352519989014,2.209465980529785
baseline,687,3,SA01/D04_SA01_R01.txt,SA01,D04,1,0,test,9100,9300,-1,2.5085737705230713,2.209465980529785
baseline,688,3,SA01/D04_SA01_R01.txt,SA01,D04,1,0,test,9200,9400,-1,2.538039207458496,2.209465980529785
baseline,689,3,SA01/D04_SA01_R01.txt,SA01,D04,1,0,test,9300,9500,-1,2.538039207458496,2.209465980529785
baseline,690,3,SA01/D04_SA01_R01.txt,SA01,D04,1,0,test,9400,9600,-1,2.4094746112823486,2.209465980529785
baseline,691,3,SA01/D04_SA01_R01.txt,SA01,D04,1,0,test,9500,9700,-1,2.4094746112823486,2.209465980529785
baseline,692,3,SA01/D04_SA01_R01.txt,SA01,D04,1,0,test,9600,9800,-1,2.4005112648010254,2.209465980529785
baseline,693,3,SA01/D04_SA01_R01.txt,SA01,D04,1,0,test,9700,9900,-1,2.423187732696533,2.209465980529785
baseline,694,3,SA01/D04_SA01_R01.txt,SA01,D04,1,0,test,9800,10000,-1,2.423187732696533,2.209465980529785
baseline,695,3,SA01/D04_SA01_R01.txt,SA01,D04,1,0,test,9900,10100,-1,2.3921895027160645,2.209465980529785
baseline,696,3,SA01/D04_SA01_R01.txt,SA01,D04,1,0,test,10000,10200,-1,2.3282034397125244,2.209465980529785
baseline,697,3,SA01/D04_SA01_R01.txt,SA01,D04,1,0,test,10100,10300,-1,2.3282034397125244,2.209465980529785
baseline,698,3,SA01/D04_SA01_R01.txt,SA01,D04,1,0,test,10200,10400,-1,2.3422672748565674,2.209465980529785
baseline,699,3,SA01/D04_SA01_R01.txt,SA01,D04,1,0,test,10300,10500,-1,2.3625481128692627,2.209465980529785
baseline,700,3,SA01/D04_SA01_R01.txt,SA01,D04,1,0,test,10400,10600,-1,2.5399692058563232,2.209465980529785
baseline,701,3,SA01/D04_SA01_R01.txt,SA01,D04,1,0,test,10500,10700,-1,2.5399692058563232,2.209465980529785
baseline,702,3,SA01/D04_SA01_R01.txt,SA01,D04,1,0,test,10600,10800,-1,2.5247035026550293,2.209465980529785
baseline,703,3,SA01/D04_SA01_R01.txt,SA01,D04,1,0,test,10700,10900,-1,2.348179340362549,2.209465980529785
baseline,704,3,SA01/D04_SA01_R01.txt,SA01,D04,1,0,test,10800,11000,-1,2.4698894023895264,2.209465980529785
baseline,705,3,SA01/D04_SA01_R01.txt,SA01,D04,1,0,test,10900,11100,-1,2.5040132999420166,2.209465980529785
baseline,706,3,SA01/D04_SA01_R01.txt,SA01,D04,1,0,test,11000,11200,-1,2.5040132999420166,2.209465980529785
baseline,707,3,SA01/D04_SA01_R01.txt,SA01,D04,1,0,test,11100,11300,-1,2.499335765838623,2.209465980529785
baseline,708,3,SA01/D04_SA01_R01.txt,SA01,D04,1,0,test,11200,11400,-1,2.499335765838623,2.209465980529785
baseline,709,3,SA01/D04_SA01_R01.txt,SA01,D04,1,0,test,11300,11500,-1,2.496927499771118,2.209465980529785
baseline,710,3,SA01/D04_SA01_R01.txt,SA01,D04,1,0,test,11400,11600,-1,2.496927499771118,2.209465980529785
baseline,711,3,SA01/D04_SA01_R01.txt,SA01,D04,1,0,test,11500,11700,-1,2.429853916168213,2.209465980529785
baseline,712,3,SA01/D04_SA01_R01.txt,SA01,D04,1,0,test,11600,11800,-1,2.429853916168213,2.209465980529785
baseline,713,3,SA01/D04_SA01_R01.txt,SA01,D04,1,0,test,11700,11900,-1,2.5881125926971436,2.209465980529785
baseline,714,3,SA01/D04_SA01_R01.txt,SA01,D04,1,0,test,11800,12000,-1,2.5881125926971436,2.209465980529785
baseline,715,3,SA01/D04_SA01_R01.txt,SA01,D04,1,0,test,11900,12100,-1,2.5840914249420166,2.209465980529785
baseline,716,3,SA01/D04_SA01_R01.txt,SA01,D04,1,0,test,12000,12200,-1,2.5840914249420166,2.209465980529785
baseline,717,3,SA01/D04_SA01_R01.txt,SA01,D04,1,0,test,12100,12300,-1,2.600207567214966,2.209465980529785
baseline,718,3,SA01/D04_SA01_R01.txt,SA01,D04,1,0,test,12200,12400,-1,2.600207567214966,2.209465980529785
baseline,719,3,SA01/D04_SA01_R01.txt,SA01,D04,1,0,test,12300,12500,-1,2.5661392211914062,2.209465980529785
baseline,720,3,SA01/D04_SA01_R01.txt,SA01,D04,1,0,test,12400,12600,-1,2.432285785675049,2.209465980529785
baseline,721,3,SA01/D04_SA01_R01.txt,SA01,D04,1,0,test,12500,12700,-1,2.432285785675049,2.209465980529785
baseline,722,3,SA01/D04_SA01_R01.txt,SA01,D04,1,0,test,12600,12800,-1,2.5072121620178223,2.209465980529785
baseline,723,3,SA01/D04_SA01_R01.txt,SA01,D04,1,0,test,12700,12900,-1,2.5072121620178223,2.209465980529785
baseline,724,3,SA01/D04_SA01_R01.txt,SA01,D04,1,0,test,12800,13000,-1,2.5943479537963867,2.209465980529785
baseline,725,3,SA01/D04_SA01_R01.txt,SA01,D04,1,0,test,12900,13100,-1,2.5943479537963867,2.209465980529785
baseline,726,3,SA01/D04_SA01_R01.txt,SA01,D04,1,0,test,13000,13200,-1,2.5203499794006348,2.209465980529785
baseline,727,3,SA01/D04_SA01_R01.txt,SA01,D04,1,0,test,13100,13300,-1,2.5850841999053955,2.209465980529785
baseline,728,3,SA01/D04_SA01_R01.txt,SA01,D04,1,0,test,13200,13400,-1,2.5850841999053955,2.209465980529785
baseline,729,3,SA01/D04_SA01_R01.txt,SA01,D04,1,0,test,13300,13500,-1,2.477396011352539,2.209465980529785
baseline,730,3,SA01/D04_SA01_R01.txt,SA01,D04,1,0,test,13400,13600,-1,2.5577943325042725,2.209465980529785
baseline,731,3,SA01/D04_SA01_R01.txt,SA01,D04,1,0,test,13500,13700,-1,2.5577943325042725,2.209465980529785
baseline,732,3,SA01/D04_SA01_R01.txt,SA01,D04,1,0,test,13600,13800,-1,2.419419050216675,2.209465980529785
baseline,733,3,SA01/D04_SA01_R01.txt,SA01,D04,1,0,test,13700,13900,-1,2.4104936122894287,2.209465980529785
baseline,734,3,SA01/D04_SA01_R01.txt,SA01,D04,1,0,test,13800,14000,-1,2.468487024307251,2.209465980529785
baseline,735,3,SA01/D04_SA01_R01.txt,SA01,D04,1,0,test,13900,14100,-1,2.4910037517547607,2.209465980529785
baseline,736,3,SA01/D04_SA01_R01.txt,SA01,D04,1,0,test,14000,14200,-1,2.4910037517547607,2.209465980529785
baseline,737,3,SA01/D04_SA01_R01.txt,SA01,D04,1,0,test,14100,14300,-1,2.443159341812134,2.209465980529785
baseline,738,3,SA01/D04_SA01_R01.txt,SA01,D04,1,0,test,14200,14400,-1,2.443159341812134,2.209465980529785
baseline,739,3,SA01/D04_SA01_R01.txt,SA01,D04,1,0,test,14300,14500,-1,2.42736554145813,2.209465980529785
baseline,740,3,SA01/D04_SA01_R01.txt,SA01,D04,1,0,test,14400,14600,-1,2.42736554145813,2.209465980529785
baseline,741,3,SA01/D04_SA01_R01.txt,SA01,D04,1,0,test,14500,14700,-1,2.4054055213928223,2.209465980529785
baseline,742,3,SA01/D04_SA01_R01.txt,SA01,D04,1,0,test,14600,14800,-1,2.4884073734283447,2.209465980529785
baseline,743,3,SA01/D04_SA01_R01.txt,SA01,D04,1,0,test,14700,14900,-1,2.4884073734283447,2.209465980529785
baseline,744,3,SA01/D04_SA01_R01.txt,SA01,D04,1,0,test,14800,15000,-1,2.455142021179199,2.209465980529785
baseline,745,3,SA01/D04_SA01_R01.txt,SA01,D04,1,0,test,14900,15100,-1,2.455142021179199,2.209465980529785
baseline,746,3,SA01/D04_SA01_R01.txt,SA01,D04,1,0,test,15000,15200,-1,2.4504246711730957,2.209465980529785
baseline,747,3,SA01/D04_SA01_R01.txt,SA01,D04,1,0,test,15100,15300,-1,2.4504246711730957,2.209465980529785
baseline,748,3,SA01/D04_SA01_R01.txt,SA01,D04,1,0,test,15200,15400,-1,2.457274913787842,2.209465980529785
baseline,749,3,SA01/D04_SA01_R01.txt,SA01,D04,1,0,test,15300,15500,-1,2.457274913787842,2.209465980529785
baseline,750,3,SA01/D04_SA01_R01.txt,SA01,D04,1,0,test,15400,15600,-1,2.4771759510040283,2.209465980529785
baseline,751,3,SA01/D04_SA01_R01.txt,SA01,D04,1,0,test,15500,15700,-1,2.4771759510040283,2.209465980529785
baseline,752,3,SA01/D04_SA01_R01.txt,SA01,D04,1,0,test,15600,15800,-1,2.432227849960327,2.209465980529785
baseline,753,3,SA01/D04_SA01_R01.txt,SA01,D04,1,0,test,15700,15900,-1,2.4744932651519775,2.209465980529785
baseline,754,3,SA01/D04_SA01_R01.txt,SA01,D04,1,0,test,15800,16000,-1,2.4744932651519775,2.209465980529785
baseline,755,3,SA01/D04_SA01_R01.txt,SA01,D04,1,0,test,15900,16100,-1,2.470245599746704,2.209465980529785
baseline,756,3,SA01/D04_SA01_R01.txt,SA01,D04,1,0,test,16000,16200,-1,2.5025522708892822,2.209465980529785
baseline,757,3,SA01/D04_SA01_R01.txt,SA01,D04,1,0,test,16100,16300,-1,2.5244505405426025,2.209465980529785
baseline,758,3,SA01/D04_SA01_R01.txt,SA01,D04,1,0,test,16200,16400,-1,2.5244505405426025,2.209465980529785
baseline,759,3,SA01/D04_SA01_R01.txt,SA01,D04,1,0,test,16300,16500,-1,2.384277820587158,2.209465980529785
baseline,760,3,SA01/D04_SA01_R01.txt,SA01,D04,1,0,test,16400,16600,-1,2.355471611022949,2.209465980529785
baseline,761,3,SA01/D04_SA01_R01.txt,SA01,D04,1,0,test,16500,16700,-1,2.4324517250061035,2.209465980529785
baseline,762,3,SA01/D04_SA01_R01.txt,SA01,D04,1,0,test,16600,16800,-1,2.4324517250061035,2.209465980529785
baseline,763,3,SA01/D04_SA01_R01.txt,SA01,D04,1,0,test,16700,16900,-1,2.4288504123687744,2.209465980529785
baseline,764,3,SA01/D04_SA01_R01.txt,SA01,D04,1,0,test,16800,17000,-1,2.502840280532837,2.209465980529785
baseline,765,3,SA01/D04_SA01_R01.txt,SA01,D04,1,0,test,16900,17100,-1,2.502840280532837,2.209465980529785
baseline,766,3,SA01/D04_SA01_R01.txt,SA01,D04,1,0,test,17000,17200,-1,2.475353956222534,2.209465980529785
baseline,767,3,SA01/D04_SA01_R01.txt,SA01,D04,1,0,test,17100,17300,-1,2.475353956222534,2.209465980529785
baseline,768,3,SA01/D04_SA01_R01.txt,SA01,D04,1,0,test,17200,17400,-1,2.4147145748138428,2.209465980529785
baseline,769,3,SA01/D04_SA01_R01.txt,SA01,D04,1,0,test,17300,17500,-1,2.4685699939727783,2.209465980529785
baseline,770,3,SA01/D04_SA01_R01.txt,SA01,D04,1,0,test,17400,17600,-1,2.4685699939727783,2.209465980529785
baseline,771,3,SA01/D04_SA01_R01.txt,SA01,D04,1,0,test,17500,17700,-1,2.498093843460083,2.209465980529785
baseline,772,3,SA01/D04_SA01_R01.txt,SA01,D04,1,0,test,17600,17800,-1,2.498093843460083,2.209465980529785
baseline,773,3,SA01/D04_SA01_R01.txt,SA01,D04,1,0,test,17700,17900,-1,2.444960117340088,2.209465980529785
baseline,774,3,SA01/D04_SA01_R01.txt,SA01,D04,1,0,test,17800,18000,-1,2.4810311794281006,2.209465980529785
baseline,775,3,SA01/D04_SA01_R01.txt,SA01,D04,1,0,test,17900,18100,-1,2.4810311794281006,2.209465980529785
baseline,776,3,SA01/D04_SA01_R01.txt,SA01,D04,1,0,test,18000,18200,-1,2.3743770122528076,2.209465980529785
baseline,777,3,SA01/D04_SA01_R01.txt,SA01,D04,1,0,test,18100,18300,-1,2.3743770122528076,2.209465980529785
baseline,778,3,SA01/D04_SA01_R01.txt,SA01,D04,1,0,test,18200,18400,-1,2.341789960861206,2.209465980529785
baseline,779,3,SA01/D04_SA01_R01.txt,SA01,D04,1,0,test,18300,18500,-1,2.401672601699829,2.209465980529785
baseline,780,3,SA01/D04_SA01_R01.txt,SA01,D04,1,0,test,18400,18600,-1,2.401672601699829,2.209465980529785
baseline,781,3,SA01/D04_SA01_R01.txt,SA01,D04,1,0,test,18500,18700,-1,2.3799383640289307,2.209465980529785
baseline,782,3,SA01/D04_SA01_R01.txt,SA01,D04,1,0,test,18600,18800,-1,2.438239336013794,2.209465980529785
baseline,783,3,SA01/D04_SA01_R01.txt,SA01,D04,1,0,test,18700,18900,-1,2.5121164321899414,2.209465980529785
baseline,784,3,SA01/D04_SA01_R01.txt,SA01,D04,1,0,test,18800,19000,-1,2.5121164321899414,2.209465980529785
baseline,785,3,SA01/D04_SA01_R01.txt,SA01,D04,1,0,test,18900,19100,-1,2.4268808364868164,2.209465980529785
baseline,786,3,SA01/D04_SA01_R01.txt,SA01,D04,1,0,test,19000,19200,-1,2.4268808364868164,2.209465980529785
baseline,787,3,SA01/D04_SA01_R01.txt,SA01,D04,1,0,test,19100,19300,-1,2.4625494480133057,2.209465980529785
baseline,788,3,SA01/D04_SA01_R01.txt,SA01,D04,1,0,test,19200,19400,-1,2.4625494480133057,2.209465980529785
baseline,789,3,SA01/D04_SA01_R01.txt,SA01,D04,1,0,test,19300,19500,-1,2.3400604724884033,2.209465980529785
baseline,790,3,SA01/D04_SA01_R01.txt,SA01,D04,1,0,test,19400,19600,-1,2.3240325450897217,2.209465980529785
baseline,791,3,SA01/D04_SA01_R01.txt,SA01,D04,1,0,test,19500,19700,-1,2.38065505027771,2.209465980529785
baseline,792,3,SA01/D04_SA01_R01.txt,SA01,D04,1,0,test,19600,19800,-1,2.38065505027771,2.209465980529785
baseline,793,3,SA01/D04_SA01_R01.txt,SA01,D04,1,0,test,19700,19900,-1,2.564408779144287,2.209465980529785
baseline,794,3,SA01/D04_SA01_R01.txt,SA01,D04,1,0,test,19800,20000,-1,2.564408779144287,2.209465980529785
baseline,1046,9,SA01/D06_SA01_R01.txt,SA01,D06,1,0,test,600,800,-1,2.326479196548462,2.209465980529785
baseline,1047,9,SA01/D06_SA01_R01.txt,SA01,D06,1,0,test,700,900,-1,2.326479196548462,2.209465980529785
baseline,1048,9,SA01/D06_SA01_R01.txt,SA01,D06,1,0,test,800,1000,-1,2.3240609169006348,2.209465980529785
baseline,1054,9,SA01/D06_SA01_R01.txt,SA01,D06,1,0,test,1400,1600,-1,2.5336883068084717,2.209465980529785
baseline,1055,9,SA01/D06_SA01_R01.txt,SA01,D06,1,0,test,1500,1700,-1,2.5336883068084717,2.209465980529785
baseline,1056,9,SA01/D06_SA01_R01.txt,SA01,D06,1,0,test,1600,1800,-1,2.5039072036743164,2.209465980529785
baseline,1057,9,SA01/D06_SA01_R01.txt,SA01,D06,1,0,test,1700,1900,-1,2.5039072036743164,2.209465980529785
baseline,1058,9,SA01/D06_SA01_R01.txt,SA01,D06,1,0,test,1800,2000,-1,2.311213970184326,2.209465980529785
baseline,1059,9,SA01/D06_SA01_R01.txt,SA01,D06,1,0,test,1900,2100,-1,2.311213970184326,2.209465980529785
baseline,1093,10,SA01/D06_SA01_R02.txt,SA01,D06,2,0,test,400,600,-1,2.2467291355133057,2.209465980529785
baseline,1094,10,SA01/D06_SA01_R02.txt,SA01,D06,2,0,test,500,700,-1,2.320592164993286,2.209465980529785
baseline,1095,10,SA01/D06_SA01_R02.txt,SA01,D06,2,0,test,600,800,-1,2.4001991748809814,2.209465980529785
baseline,1096,10,SA01/D06_SA01_R02.txt,SA01,D06,2,0,test,700,900,-1,2.447136163711548,2.209465980529785
baseline,1097,10,SA01/D06_SA01_R02.txt,SA01,D06,2,0,test,800,1000,-1,2.447136163711548,2.209465980529785
baseline,1107,10,SA01/D06_SA01_R02.txt,SA01,D06,2,0,test,1800,2000,-1,2.272857427597046,2.209465980529785
baseline,1108,10,SA01/D06_SA01_R02.txt,SA01,D06,2,0,test,1900,2100,-1,2.272857427597046,2.209465980529785
baseline,1109,10,SA01/D06_SA01_R02.txt,SA01,D06,2,0,test,2000,2200,-1,2.275817632675171,2.209465980529785
baseline,1110,10,SA01/D06_SA01_R02.txt,SA01,D06,2,0,test,2100,2300,-1,2.275817632675171,2.209465980529785
baseline,1142,11,SA01/D06_SA01_R03.txt,SA01,D06,3,0,test,400,600,-1,2.3481550216674805,2.209465980529785
baseline,1143,11,SA01/D06_SA01_R03.txt,SA01,D06,3,0,test,500,700,-1,2.376004457473755,2.209465980529785
baseline,1144,11,SA01/D06_SA01_R03.txt,SA01,D06,3,0,test,600,800,-1,2.376004457473755,2.209465980529785
baseline,1145,11,SA01/D06_SA01_R03.txt,SA01,D06,3,0,test,700,900,-1,2.371725559234619,2.209465980529785
baseline,1146,11,SA01/D06_SA01_R03.txt,SA01,D06,3,0,test,800,1000,-1,2.331294298171997,2.209465980529785
baseline,1147,11,SA01/D06_SA01_R03.txt,SA01,D06,3,0,test,900,1100,-1,2.331294298171997,2.209465980529785
baseline,1157,11,SA01/D06_SA01_R03.txt,SA01,D06,3,0,test,1900,2100,-1,2.236143112182617,2.209465980529785
baseline,1158,11,SA01/D06_SA01_R03.txt,SA01,D06,3,0,test,2000,2200,-1,2.47576642036438,2.209465980529785
baseline,1159,11,SA01/D06_SA01_R03.txt,SA01,D06,3,0,test,2100,2300,-1,2.47576642036438,2.209465980529785
baseline,1160,11,SA01/D06_SA01_R03.txt,SA01,D06,3,0,test,2200,2400,-1,2.281726360321045,2.209465980529785
baseline,1195,12,SA01/D06_SA01_R04.txt,SA01,D06,4,0,test,800,1000,-1,2.329542875289917,2.209465980529785
baseline,1196,12,SA01/D06_SA01_R04.txt,SA01,D06,4,0,test,900,1100,-1,2.4270598888397217,2.209465980529785
baseline,1197,12,SA01/D06_SA01_R04.txt,SA01,D06,4,0,test,1000,1200,-1,2.4270598888397217,2.209465980529785
baseline,1198,12,SA01/D06_SA01_R04.txt,SA01,D06,4,0,test,1100,1300,-1,2.39072322845459,2.209465980529785
baseline,1199,12,SA01/D06_SA01_R04.txt,SA01,D06,4,0,test,1200,1400,-1,2.3697268962860107,2.209465980529785
baseline,1200,12,SA01/D06_SA01_R04.txt,SA01,D06,4,0,test,1300,1500,-1,2.3697268962860107,2.209465980529785
baseline,1211,12,SA01/D06_SA01_R04.txt,SA01,D06,4,0,test,2400,2600,-1,2.3452396392822266,2.209465980529785
baseline,1212,12,SA01/D06_SA01_R04.txt,SA01,D06,4,0,test,2500,2700,-1,2.3452396392822266,2.209465980529785
baseline,1213,12,SA01/D06_SA01_R04.txt,SA01,D06,4,0,test,2600,2800,-1,2.332862615585327,2.209465980529785
baseline,1214,12,SA01/D06_SA01_R04.txt,SA01,D06,4,0,test,2700,2900,-1,2.332862615585327,2.209465980529785
baseline,1215,12,SA01/D06_SA01_R04.txt,SA01,D06,4,0,test,2800,3000,-1,2.259446620941162,2.209465980529785
baseline,1240,13,SA01/D06_SA01_R05.txt,SA01,D06,5,0,test,400,600,-1,2.278585433959961,2.209465980529785
baseline,1241,13,SA01/D06_SA01_R05.txt,SA01,D06,5,0,test,500,700,-1,2.283994436264038,2.209465980529785
baseline,1242,13,SA01/D06_SA01_R05.txt,SA01,D06,5,0,test,600,800,-1,2.3686697483062744,2.209465980529785
baseline,1243,13,SA01/D06_SA01_R05.txt,SA01,D06,5,0,test,700,900,-1,2.3686697483062744,2.209465980529785
baseline,1244,13,SA01/D06_SA01_R05.txt,SA01,D06,5,0,test,800,1000,-1,2.2363851070404053,2.209465980529785
baseline,1256,13,SA01/D06_SA01_R05.txt,SA01,D06,5,0,test,2000,2200,-1,2.4657726287841797,2.209465980529785
baseline,1257,13,SA01/D06_SA01_R05.txt,SA01,D06,5,0,test,2100,2300,-1,2.5823662281036377,2.209465980529785
baseline,1258,13,SA01/D06_SA01_R05.txt,SA01,D06,5,0,test,2200,2400,-1,2.5823662281036377,2.209465980529785
baseline,1259,13,SA01/D06_SA01_R05.txt,SA01,D06,5,0,test,2300,2500,-1,2.5110554695129395,2.209465980529785
baseline,1260,13,SA01/D06_SA01_R05.txt,SA01,D06,5,0,test,2400,2600,-1,2.4126827716827393,2.209465980529785
baseline,1426,20,SA01/D08_SA01_R02.txt,SA01,D08,2,0,test,300,500,-1,2.417480707168579,2.209465980529785
baseline,1427,20,SA01/D08_SA01_R02.txt,SA01,D08,2,0,test,400,600,-1,2.417480707168579,2.209465980529785
baseline,1752,34,SA01/D11_SA01_R01.txt,SA01,D11,1,0,test,700,900,-1,2.223405599594116,2.209465980529785
baseline,1753,34,SA01/D11_SA01_R01.txt,SA01,D11,1,0,test,800,1000,-1,2.223405599594116,2.209465980529785
baseline,1778,35,SA01/D11_SA01_R02.txt,SA01,D11,2,0,test,1000,1200,-1,2.3647518157958984,2.209465980529785
baseline,1779,35,SA01/D11_SA01_R02.txt,SA01,D11,2,0,test,1100,1300,-1,2.3647518157958984,2.209465980529785
baseline,1802,36,SA01/D11_SA01_R03.txt,SA01,D11,3,0,test,1100,1300,-1,2.4098477363586426,2.209465980529785
baseline,1803,36,SA01/D11_SA01_R03.txt,SA01,D11,3,0,test,1200,1400,-1,2.4098477363586426,2.209465980529785
baseline,1845,38,SA01/D11_SA01_R05.txt,SA01,D11,5,0,test,800,1000,-1,2.371091842651367,2.209465980529785
baseline,1846,38,SA01/D11_SA01_R05.txt,SA01,D11,5,0,test,900,1100,-1,2.371091842651367,2.209465980529785
baseline,2684,69,SA01/D18_SA01_R01.txt,SA01,D18,1,0,test,500,700,-1,2.6860029697418213,2.209465980529785
baseline,2685,69,SA01/D18_SA01_R01.txt,SA01,D18,1,0,test,600,800,-1,2.6860029697418213,2.209465980529785
baseline,2713,70,SA01/D18_SA01_R02.txt,SA01,D18,2,0,test,1100,1300,-1,2.243347406387329,2.209465980529785
baseline,2714,70,SA01/D18_SA01_R02.txt,SA01,D18,2,0,test,1200,1400,-1,2.243347406387329,2.209465980529785
baseline,2715,70,SA01/D18_SA01_R02.txt,SA01,D18,2,0,test,1300,1500,-1,2.2324142456054688,2.209465980529785
baseline,2736,71,SA01/D18_SA01_R03.txt,SA01,D18,3,0,test,1100,1300,-1,2.321977376937866,2.209465980529785
baseline,2737,71,SA01/D18_SA01_R03.txt,SA01,D18,3,0,test,1200,1400,-1,2.321977376937866,2.209465980529785
baseline,2758,72,SA01/D18_SA01_R04.txt,SA01,D18,4,0,test,1000,1200,-1,2.2557756900787354,2.209465980529785
baseline,2759,72,SA01/D18_SA01_R04.txt,SA01,D18,4,0,test,1100,1300,-1,2.2557756900787354,2.209465980529785
baseline,2779,73,SA01/D18_SA01_R05.txt,SA01,D18,5,0,test,800,1000,-1,2.239259958267212,2.209465980529785
baseline,2780,73,SA01/D18_SA01_R05.txt,SA01,D18,5,0,test,900,1100,-1,2.239259958267212,2.209465980529785
baseline,2797,74,SA01/D19_SA01_R01.txt,SA01,D19,1,0,test,300,500,-1,2.363947629928589,2.209465980529785
baseline,2798,74,SA01/D19_SA01_R01.txt,SA01,D19,1,0,test,400,600,-1,2.5822291374206543,2.209465980529785
baseline,2799,74,SA01/D19_SA01_R01.txt,SA01,D19,1,0,test,500,700,-1,2.5822291374206543,2.209465980529785
baseline,2802,74,SA01/D19_SA01_R01.txt,SA01,D19,1,0,test,800,1000,-1,2.7081940174102783,2.209465980529785
baseline,2803,74,SA01/D19_SA01_R01.txt,SA01,D19,1,0,test,900,1100,-1,2.7081940174102783,2.209465980529785
baseline,2804,74,SA01/D19_SA01_R01.txt,SA01,D19,1,0,test,1000,1200,-1,2.619913101196289,2.209465980529785
baseline,2821,75,SA01/D19_SA01_R02.txt,SA01,D19,2,0,test,400,600,-1,2.3407340049743652,2.209465980529785
baseline,2822,75,SA01/D19_SA01_R02.txt,SA01,D19,2,0,test,500,700,-1,2.595303535461426,2.209465980529785
baseline,2823,75,SA01/D19_SA01_R02.txt,SA01,D19,2,0,test,600,800,-1,2.595303535461426,2.209465980529785
baseline,2827,75,SA01/D19_SA01_R02.txt,SA01,D19,2,0,test,1000,1200,-1,2.3783745765686035,2.209465980529785
baseline,2828,75,SA01/D19_SA01_R02.txt,SA01,D19,2,0,test,1100,1300,-1,2.389270067214966,2.209465980529785
baseline,2829,75,SA01/D19_SA01_R02.txt,SA01,D19,2,0,test,1200,1400,-1,2.389270067214966,2.209465980529785
baseline,2844,76,SA01/D19_SA01_R03.txt,SA01,D19,3,0,test,400,600,-1,2.365732192993164,2.209465980529785
baseline,2845,76,SA01/D19_SA01_R03.txt,SA01,D19,3,0,test,500,700,-1,2.365732192993164,2.209465980529785
baseline,2846,76,SA01/D19_SA01_R03.txt,SA01,D19,3,0,test,600,800,-1,2.3515448570251465,2.209465980529785
baseline,2852,76,SA01/D19_SA01_R03.txt,SA01,D19,3,0,test,1200,1400,-1,2.4367454051971436,2.209465980529785
baseline,2853,76,SA01/D19_SA01_R03.txt,SA01,D19,3,0,test,1300,1500,-1,2.4367454051971436,2.209465980529785
baseline,2874,77,SA01/D19_SA01_R04.txt,SA01,D19,4,0,test,1100,1300,-1,2.5847620964050293,2.209465980529785
baseline,2875,77,SA01/D19_SA01_R04.txt,SA01,D19,4,0,test,1200,1400,-1,2.5847620964050293,2.209465980529785
baseline,2876,77,SA01/D19_SA01_R04.txt,SA01,D19,4,0,test,1300,1500,-1,2.4563770294189453,2.209465980529785
baseline,2891,78,SA01/D19_SA01_R05.txt,SA01,D19,5,0,test,500,700,-1,2.242680788040161,2.209465980529785
baseline,2892,78,SA01/D19_SA01_R05.txt,SA01,D19,5,0,test,600,800,-1,2.4422173500061035,2.209465980529785
baseline,2893,78,SA01/D19_SA01_R05.txt,SA01,D19,5,0,test,700,900,-1,2.4422173500061035,2.209465980529785
baseline,2896,78,SA01/D19_SA01_R05.txt,SA01,D19,5,0,test,1000,1200,-1,2.6109812259674072,2.209465980529785
baseline,2897,78,SA01/D19_SA01_R05.txt,SA01,D19,5,0,test,1100,1300,-1,2.6109812259674072,2.209465980529785
baseline,2898,78,SA01/D19_SA01_R05.txt,SA01,D19,5,0,test,1200,1400,-1,2.5455236434936523,2.209465980529785
baseline,2948,118,SA01/F08_SA01_R05.txt,SA01,F08,5,1,test,1530,1730,1630,2.108135938644409,2.209465980529785
baseline,2951,121,SA01/F09_SA01_R03.txt,SA01,F09,3,1,test,1431,1631,1531,2.1082208156585693,2.209465980529785
baseline,2955,125,SA01/F10_SA01_R02.txt,SA01,F10,2,1,test,1637,1837,1737,2.113969326019287,2.209465980529785
baseline,2958,128,SA01/F10_SA01_R05.txt,SA01,F10,5,1,test,1385,1585,1485,1.8156734704971313,2.209465980529785
baseline,2961,131,SA01/F11_SA01_R03.txt,SA01,F11,3,1,test,1592,1792,1692,2.0570201873779297,2.209465980529785
baseline,2970,140,SA01/F13_SA01_R02.txt,SA01,F13,2,1,test,1204,1404,1304,1.8598496913909912,2.209465980529785
baseline,2979,149,SA01/F15_SA01_R01.txt,SA01,F15,1,1,test,1274,1474,1374,2.0363729000091553,2.209465980529785
baseline,3381,156,SA02/D03_SA02_R01.txt,SA02,D03,1,0,test,0,200,-1,2.392594814300537,2.209465980529785
baseline,3382,156,SA02/D03_SA02_R01.txt,SA02,D03,1,0,test,100,300,-1,2.4062740802764893,2.209465980529785
baseline,3383,156,SA02/D03_SA02_R01.txt,SA02,D03,1,0,test,200,400,-1,2.4062740802764893,2.209465980529785
baseline,3384,156,SA02/D03_SA02_R01.txt,SA02,D03,1,0,test,300,500,-1,2.297187328338623,2.209465980529785
baseline,3385,156,SA02/D03_SA02_R01.txt,SA02,D03,1,0,test,400,600,-1,2.226102590560913,2.209465980529785
baseline,3386,156,SA02/D03_SA02_R01.txt,SA02,D03,1,0,test,500,700,-1,2.3003029823303223,2.209465980529785
baseline,3387,156,SA02/D03_SA02_R01.txt,SA02,D03,1,0,test,600,800,-1,2.3003029823303223,2.209465980529785
baseline,3388,156,SA02/D03_SA02_R01.txt,SA02,D03,1,0,test,700,900,-1,2.3574507236480713,2.209465980529785
baseline,3389,156,SA02/D03_SA02_R01.txt,SA02,D03,1,0,test,800,1000,-1,2.3574507236480713,2.209465980529785
baseline,3390,156,SA02/D03_SA02_R01.txt,SA02,D03,1,0,test,900,1100,-1,2.3570034503936768,2.209465980529785
baseline,3391,156,SA02/D03_SA02_R01.txt,SA02,D03,1,0,test,1000,1200,-1,2.241511344909668,2.209465980529785
baseline,3392,156,SA02/D03_SA02_R01.txt,SA02,D03,1,0,test,1100,1300,-1,2.284688949584961,2.209465980529785
baseline,3393,156,SA02/D03_SA02_R01.txt,SA02,D03,1,0,test,1200,1400,-1,2.350717306137085,2.209465980529785
baseline,3394,156,SA02/D03_SA02_R01.txt,SA02,D03,1,0,test,1300,1500,-1,2.350717306137085,2.209465980529785
baseline,3395,156,SA02/D03_SA02_R01.txt,SA02,D03,1,0,test,1400,1600,-1,2.2639951705932617,2.209465980529785
baseline,3396,156,SA02/D03_SA02_R01.txt,SA02,D03,1,0,test,1500,1700,-1,2.3669631481170654,2.209465980529785
baseline,3397,156,SA02/D03_SA02_R01.txt,SA02,D03,1,0,test,1600,1800,-1,2.3669631481170654,2.209465980529785
baseline,3398,156,SA02/D03_SA02_R01.txt,SA02,D03,1,0,test,1700,1900,-1,2.3065221309661865,2.209465980529785
baseline,3399,156,SA02/D03_SA02_R01.txt,SA02,D03,1,0,test,1800,2000,-1,2.3112010955810547,2.209465980529785
baseline,3400,156,SA02/D03_SA02_R01.txt,SA02,D03,1,0,test,1900,2100,-1,2.3112010955810547,2.209465980529785
baseline,3401,156,SA02/D03_SA02_R01.txt,SA02,D03,1,0,test,2000,2200,-1,2.257045030593872,2.209465980529785
baseline,3402,156,SA02/D03_SA02_R01.txt,SA02,D03,1,0,test,2100,2300,-1,2.2814433574676514,2.209465980529785
baseline,3403,156,SA02/D03_SA02_R01.txt,SA02,D03,1,0,test,2200,2400,-1,2.2814433574676514,2.209465980529785
baseline,3404,156,SA02/D03_SA02_R01.txt,SA02,D03,1,0,test,2300,2500,-1,2.35746169090271,2.209465980529785
baseline,3405,156,SA02/D03_SA02_R01.txt,SA02,D03,1,0,test,2400,2600,-1,2.35746169090271,2.209465980529785
baseline,3406,156,SA02/D03_SA02_R01.txt,SA02,D03,1,0,test,2500,2700,-1,2.2712438106536865,2.209465980529785
baseline,3407,156,SA02/D03_SA02_R01.txt,SA02,D03,1,0,test,2600,2800,-1,2.21752667427063,2.209465980529785
baseline,3408,156,SA02/D03_SA02_R01.txt,SA02,D03,1,0,test,2700,2900,-1,2.287576913833618,2.209465980529785
baseline,3409,156,SA02/D03_SA02_R01.txt,SA02,D03,1,0,test,2800,3000,-1,2.287576913833618,2.209465980529785
baseline,3410,156,SA02/D03_SA02_R01.txt,SA02,D03,1,0,test,2900,3100,-1,2.2780025005340576,2.209465980529785
baseline,3411,156,SA02/D03_SA02_R01.txt,SA02,D03,1,0,test,3000,3200,-1,2.2446892261505127,2.209465980529785
baseline,3412,156,SA02/D03_SA02_R01.txt,SA02,D03,1,0,test,3100,3300,-1,2.2596919536590576,2.209465980529785
baseline,3413,156,SA02/D03_SA02_R01.txt,SA02,D03,1,0,test,3200,3400,-1,2.2596919536590576,2.209465980529785
baseline,3414,156,SA02/D03_SA02_R01.txt,SA02,D03,1,0,test,3300,3500,-1,2.2134714126586914,2.209465980529785
baseline,3423,156,SA02/D03_SA02_R01.txt,SA02,D03,1,0,test,4200,4400,-1,2.3029580116271973,2.209465980529785
baseline,3424,156,SA02/D03_SA02_R01.txt,SA02,D03,1,0,test,4300,4500,-1,2.3029580116271973,2.209465980529785
baseline,3425,156,SA02/D03_SA02_R01.txt,SA02,D03,1,0,test,4400,4600,-1,2.238288640975952,2.209465980529785
baseline,3430,156,SA02/D03_SA02_R01.txt,SA02,D03,1,0,test,4900,5100,-1,2.326523542404175,2.209465980529785
baseline,3431,156,SA02/D03_SA02_R01.txt,SA02,D03,1,0,test,5000,5200,-1,2.326523542404175,2.209465980529785
baseline,3432,156,SA02/D03_SA02_R01.txt,SA02,D03,1,0,test,5100,5300,-1,2.28623104095459,2.209465980529785
baseline,3433,156,SA02/D03_SA02_R01.txt,SA02,D03,1,0,test,5200,5400,-1,2.2790751457214355,2.209465980529785
baseline,3434,156,SA02/D03_SA02_R01.txt,SA02,D03,1,0,test,5300,5500,-1,2.252084970474243,2.209465980529785
baseline,3435,156,SA02/D03_SA02_R01.txt,SA02,D03,1,0,test,5400,5600,-1,2.252084970474243,2.209465980529785
baseline,3437,156,SA02/D03_SA02_R01.txt,SA02,D03,1,0,test,5600,5800,-1,2.266084909439087,2.209465980529785
baseline,3438,156,SA02/D03_SA02_R01.txt,SA02,D03,1,0,test,5700,5900,-1,2.266084909439087,2.209465980529785
baseline,3442,156,SA02/D03_SA02_R01.txt,SA02,D03,1,0,test,6100,6300,-1,2.2140908241271973,2.209465980529785
baseline,3443,156,SA02/D03_SA02_R01.txt,SA02,D03,1,0,test,6200,6400,-1,2.2140908241271973,2.209465980529785
baseline,3453,156,SA02/D03_SA02_R01.txt,SA02,D03,1,0,test,7200,7400,-1,2.222785472869873,2.209465980529785
baseline,3454,156,SA02/D03_SA02_R01.txt,SA02,D03,1,0,test,7300,7500,-1,2.222785472869873,2.209465980529785
baseline,3457,156,SA02/D03_SA02_R01.txt,SA02,D03,1,0,test,7600,7800,-1,2.2200334072113037,2.209465980529785
baseline,3458,156,SA02/D03_SA02_R01.txt,SA02,D03,1,0,test,7700,7900,-1,2.243060350418091,2.209465980529785
baseline,3459,156,SA02/D03_SA02_R01.txt,SA02,D03,1,0,test,7800,8000,-1,2.243060350418091,2.209465980529785
baseline,3462,156,SA02/D03_SA02_R01.txt,SA02,D03,1,0,test,8100,8300,-1,2.2264857292175293,2.209465980529785
baseline,3463,156,SA02/D03_SA02_R01.txt,SA02,D03,1,0,test,8200,8400,-1,2.2264857292175293,2.209465980529785
baseline,3464,156,SA02/D03_SA02_R01.txt,SA02,D03,1,0,test,8300,8500,-1,2.241532564163208,2.209465980529785
baseline,3465,156,SA02/D03_SA02_R01.txt,SA02,D03,1,0,test,8400,8600,-1,2.241532564163208,2.209465980529785
baseline,3471,156,SA02/D03_SA02_R01.txt,SA02,D03,1,0,test,9000,9200,-1,2.2134952545166016,2.209465980529785
baseline,3472,156,SA02/D03_SA02_R01.txt,SA02,D03,1,0,test,9100,9300,-1,2.2134952545166016,2.209465980529785
baseline,3473,156,SA02/D03_SA02_R01.txt,SA02,D03,1,0,test,9200,9400,-1,2.2707011699676514,2.209465980529785
baseline,3474,156,SA02/D03_SA02_R01.txt,SA02,D03,1,0,test,9300,9500,-1,2.2707011699676514,2.209465980529785
baseline,3475,156,SA02/D03_SA02_R01.txt,SA02,D03,1,0,test,9400,9600,-1,2.249410390853882,2.209465980529785
baseline,3490,156,SA02/D03_SA02_R01.txt,SA02,D03,1,0,test,10900,11100,-1,2.214238166809082,2.209465980529785
baseline,3491,156,SA02/D03_SA02_R01.txt,SA02,D03,1,0,test,11000,11200,-1,2.214238166809082,2.209465980529785
baseline,3522,156,SA02/D03_SA02_R01.txt,SA02,D03,1,0,test,14100,14300,-1,2.224202871322632,2.209465980529785
baseline,3523,156,SA02/D03_SA02_R01.txt,SA02,D03,1,0,test,14200,14400,-1,2.224202871322632,2.209465980529785
baseline,3540,156,SA02/D03_SA02_R01.txt,SA02,D03,1,0,test,15900,16100,-1,2.2129788398742676,2.209465980529785
baseline,3541,156,SA02/D03_SA02_R01.txt,SA02,D03,1,0,test,16000,16200,-1,2.2129788398742676,2.209465980529785
baseline,3552,156,SA02/D03_SA02_R01.txt,SA02,D03,1,0,test,17100,17300,-1,2.267014503479004,2.209465980529785
baseline,3553,156,SA02/D03_SA02_R01.txt,SA02,D03,1,0,test,17200,17400,-1,2.267014503479004,2.209465980529785
baseline,3580,157,SA02/D04_SA02_R01.txt,SA02,D04,1,0,test,0,200,-1,2.3888607025146484,2.209465980529785
baseline,3581,157,SA02/D04_SA02_R01.txt,SA02,D04,1,0,test,100,300,-1,2.4296457767486572,2.209465980529785
baseline,3582,157,SA02/D04_SA02_R01.txt,SA02,D04,1,0,test,200,400,-1,2.520643711090088,2.209465980529785
baseline,3583,157,SA02/D04_SA02_R01.txt,SA02,D04,1,0,test,300,500,-1,2.520643711090088,2.209465980529785
baseline,3584,157,SA02/D04_SA02_R01.txt,SA02,D04,1,0,test,400,600,-1,2.514157295227051,2.209465980529785
baseline,3585,157,SA02/D04_SA02_R01.txt,SA02,D04,1,0,test,500,700,-1,2.5077965259552,2.209465980529785
baseline,3586,157,SA02/D04_SA02_R01.txt,SA02,D04,1,0,test,600,800,-1,2.5077965259552,2.209465980529785
baseline,3587,157,SA02/D04_SA02_R01.txt,SA02,D04,1,0,test,700,900,-1,2.3924872875213623,2.209465980529785
baseline,3588,157,SA02/D04_SA02_R01.txt,SA02,D04,1,0,test,800,1000,-1,2.371711254119873,2.209465980529785
baseline,3589,157,SA02/D04_SA02_R01.txt,SA02,D04,1,0,test,900,1100,-1,2.363825559616089,2.209465980529785
baseline,3590,157,SA02/D04_SA02_R01.txt,SA02,D04,1,0,test,1000,1200,-1,2.4379541873931885,2.209465980529785
baseline,3591,157,SA02/D04_SA02_R01.txt,SA02,D04,1,0,test,1100,1300,-1,2.471499443054199,2.209465980529785
baseline,3592,157,SA02/D04_SA02_R01.txt,SA02,D04,1,0,test,1200,1400,-1,2.471499443054199,2.209465980529785
baseline,3593,157,SA02/D04_SA02_R01.txt,SA02,D04,1,0,test,1300,1500,-1,2.4352328777313232,2.209465980529785
baseline,3594,157,SA02/D04_SA02_R01.txt,SA02,D04,1,0,test,1400,1600,-1,2.4352328777313232,2.209465980529785
baseline,3595,157,SA02/D04_SA02_R01.txt,SA02,D04,1,0,test,1500,1700,-1,2.410134792327881,2.209465980529785
baseline,3596,157,SA02/D04_SA02_R01.txt,SA02,D04,1,0,test,1600,1800,-1,2.464042901992798,2.209465980529785
baseline,3597,157,SA02/D04_SA02_R01.txt,SA02,D04,1,0,test,1700,1900,-1,2.487713575363159,2.209465980529785
baseline,3598,157,SA02/D04_SA02_R01.txt,SA02,D04,1,0,test,1800,2000,-1,2.487713575363159,2.209465980529785
baseline,3599,157,SA02/D04_SA02_R01.txt,SA02,D04,1,0,test,1900,2100,-1,2.460505723953247,2.209465980529785
baseline,3600,157,SA02/D04_SA02_R01.txt,SA02,D04,1,0,test,2000,2200,-1,2.408324718475342,2.209465980529785
baseline,3601,157,SA02/D04_SA02_R01.txt,SA02,D04,1,0,test,2100,2300,-1,2.408324718475342,2.209465980529785
baseline,3602,157,SA02/D04_SA02_R01.txt,SA02,D04,1,0,test,2200,2400,-1,2.515267848968506,2.209465980529785
baseline,3603,157,SA02/D04_SA02_R01.txt,SA02,D04,1,0,test,2300,2500,-1,2.515267848968506,2.209465980529785
baseline,3604,157,SA02/D04_SA02_R01.txt,SA02,D04,1,0,test,2400,2600,-1,2.323819160461426,2.209465980529785
baseline,3605,157,SA02/D04_SA02_R01.txt,SA02,D04,1,0,test,2500,2700,-1,2.336735486984253,2.209465980529785
baseline,3606,157,SA02/D04_SA02_R01.txt,SA02,D04,1,0,test,2600,2800,-1,2.4100756645202637,2.209465980529785
baseline,3607,157,SA02/D04_SA02_R01.txt,SA02,D04,1,0,test,2700,2900,-1,2.5154709815979004,2.209465980529785
baseline,3608,157,SA02/D04_SA02_R01.txt,SA02,D04,1,0,test,2800,3000,-1,2.5154709815979004,2.209465980529785
baseline,3609,157,SA02/D04_SA02_R01.txt,SA02,D04,1,0,test,2900,3100,-1,2.486518383026123,2.209465980529785
baseline,3610,157,SA02/D04_SA02_R01.txt,SA02,D04,1,0,test,3000,3200,-1,2.463602304458618,2.209465980529785
baseline,3611,157,SA02/D04_SA02_R01.txt,SA02,D04,1,0,test,3100,3300,-1,2.4500560760498047,2.209465980529785
baseline,3612,157,SA02/D04_SA02_R01.txt,SA02,D04,1,0,test,3200,3400,-1,2.4302361011505127,2.209465980529785
baseline,3613,157,SA02/D04_SA02_R01.txt,SA02,D04,1,0,test,3300,3500,-1,2.4302361011505127,2.209465980529785
baseline,3614,157,SA02/D04_SA02_R01.txt,SA02,D04,1,0,test,3400,3600,-1,2.380648374557495,2.209465980529785
baseline,3615,157,SA02/D04_SA02_R01.txt,SA02,D04,1,0,test,3500,3700,-1,2.380648374557495,2.209465980529785
baseline,3616,157,SA02/D04_SA02_R01.txt,SA02,D04,1,0,test,3600,3800,-1,2.4182028770446777,2.209465980529785
baseline,3617,157,SA02/D04_SA02_R01.txt,SA02,D04,1,0,test,3700,3900,-1,2.4182028770446777,2.209465980529785
baseline,3618,157,SA02/D04_SA02_R01.txt,SA02,D04,1,0,test,3800,4000,-1,2.415900945663452,2.209465980529785
baseline,3619,157,SA02/D04_SA02_R01.txt,SA02,D04,1,0,test,3900,4100,-1,2.415900945663452,2.209465980529785
baseline,3620,157,SA02/D04_SA02_R01.txt,SA02,D04,1,0,test,4000,4200,-1,2.4925150871276855,2.209465980529785
baseline,3621,157,SA02/D04_SA02_R01.txt,SA02,D04,1,0,test,4100,4300,-1,2.495145320892334,2.209465980529785
baseline,3622,157,SA02/D04_SA02_R01.txt,SA02,D04,1,0,test,4200,4400,-1,2.495145320892334,2.209465980529785
baseline,3623,157,SA02/D04_SA02_R01.txt,SA02,D04,1,0,test,4300,4500,-1,2.367170572280884,2.209465980529785
baseline,3624,157,SA02/D04_SA02_R01.txt,SA02,D04,1,0,test,4400,4600,-1,2.5023410320281982,2.209465980529785
baseline,3625,157,SA02/D04_SA02_R01.txt,SA02,D04,1,0,test,4500,4700,-1,2.5023410320281982,2.209465980529785
baseline,3626,157,SA02/D04_SA02_R01.txt,SA02,D04,1,0,test,4600,4800,-1,2.400378465652466,2.209465980529785
baseline,3627,157,SA02/D04_SA02_R01.txt,SA02,D04,1,0,test,4700,4900,-1,2.400378465652466,2.209465980529785
baseline,3628,157,SA02/D04_SA02_R01.txt,SA02,D04,1,0,test,4800,5000,-1,2.3929431438446045,2.209465980529785
baseline,3629,157,SA02/D04_SA02_R01.txt,SA02,D04,1,0,test,4900,5100,-1,2.3713815212249756,2.209465980529785
baseline,3630,157,SA02/D04_SA02_R01.txt,SA02,D04,1,0,test,5000,5200,-1,2.3713815212249756,2.209465980529785
baseline,3631,157,SA02/D04_SA02_R01.txt,SA02,D04,1,0,test,5100,5300,-1,2.327329158782959,2.209465980529785
baseline,3632,157,SA02/D04_SA02_R01.txt,SA02,D04,1,0,test,5200,5400,-1,2.327329158782959,2.209465980529785
baseline,3633,157,SA02/D04_SA02_R01.txt,SA02,D04,1,0,test,5300,5500,-1,2.3186697959899902,2.209465980529785
baseline,3634,157,SA02/D04_SA02_R01.txt,SA02,D04,1,0,test,5400,5600,-1,2.375898599624634,2.209465980529785
baseline,3635,157,SA02/D04_SA02_R01.txt,SA02,D04,1,0,test,5500,5700,-1,2.375898599624634,2.209465980529785
baseline,3636,157,SA02/D04_SA02_R01.txt,SA02,D04,1,0,test,5600,5800,-1,2.3704450130462646,2.209465980529785
baseline,3637,157,SA02/D04_SA02_R01.txt,SA02,D04,1,0,test,5700,5900,-1,2.512258768081665,2.209465980529785
baseline,3638,157,SA02/D04_SA02_R01.txt,SA02,D04,1,0,test,5800,6000,-1,2.512258768081665,2.209465980529785
baseline,3639,157,SA02/D04_SA02_R01.txt,SA02,D04,1,0,test,5900,6100,-1,2.4905831813812256,2.209465980529785
baseline,3640,157,SA02/D04_SA02_R01.txt,SA02,D04,1,0,test,6000,6200,-1,2.4905831813812256,2.209465980529785
baseline,3641,157,SA02/D04_SA02_R01.txt,SA02,D04,1,0,test,6100,6300,-1,2.3940651416778564,2.209465980529785
baseline,3642,157,SA02/D04_SA02_R01.txt,SA02,D04,1,0,test,6200,6400,-1,2.4101204872131348,2.209465980529785
baseline,3643,157,SA02/D04_SA02_R01.txt,SA02,D04,1,0,test,6300,6500,-1,2.4398858547210693,2.209465980529785
baseline,3644,157,SA02/D04_SA02_R01.txt,SA02,D04,1,0,test,6400,6600,-1,2.4398858547210693,2.209465980529785
baseline,3645,157,SA02/D04_SA02_R01.txt,SA02,D04,1,0,test,6500,6700,-1,2.320995807647705,2.209465980529785
baseline,3646,157,SA02/D04_SA02_R01.txt,SA02,D04,1,0,test,6600,6800,-1,2.4021058082580566,2.209465980529785
baseline,3647,157,SA02/D04_SA02_R01.txt,SA02,D04,1,0,test,6700,6900,-1,2.4021058082580566,2.209465980529785
baseline,3648,157,SA02/D04_SA02_R01.txt,SA02,D04,1,0,test,6800,7000,-1,2.297456741333008,2.209465980529785
baseline,3649,157,SA02/D04_SA02_R01.txt,SA02,D04,1,0,test,6900,7100,-1,2.4611976146698,2.209465980529785
baseline,3650,157,SA02/D04_SA02_R01.txt,SA02,D04,1,0,test,7000,7200,-1,2.4611976146698,2.209465980529785
baseline,3651,157,SA02/D04_SA02_R01.txt,SA02,D04,1,0,test,7100,7300,-1,2.360842227935791,2.209465980529785
baseline,3652,157,SA02/D04_SA02_R01.txt,SA02,D04,1,0,test,7200,7400,-1,2.405848264694214,2.209465980529785
baseline,3653,157,SA02/D04_SA02_R01.txt,SA02,D04,1,0,test,7300,7500,-1,2.405848264694214,2.209465980529785
baseline,3654,157,SA02/D04_SA02_R01.txt,SA02,D04,1,0,test,7400,7600,-1,2.339522361755371,2.209465980529785
baseline,3655,157,SA02/D04_SA02_R01.txt,SA02,D04,1,0,test,7500,7700,-1,2.389456272125244,2.209465980529785
baseline,3656,157,SA02/D04_SA02_R01.txt,SA02,D04,1,0,test,7600,7800,-1,2.5473554134368896,2.209465980529785
baseline,3657,157,SA02/D04_SA02_R01.txt,SA02,D04,1,0,test,7700,7900,-1,2.5473554134368896,2.209465980529785
baseline,3658,157,SA02/D04_SA02_R01.txt,SA02,D04,1,0,test,7800,8000,-1,2.4445929527282715,2.209465980529785
baseline,3659,157,SA02/D04_SA02_R01.txt,SA02,D04,1,0,test,7900,8100,-1,2.4445929527282715,2.209465980529785
baseline,3660,157,SA02/D04_SA02_R01.txt,SA02,D04,1,0,test,8000,8200,-1,2.277772903442383,2.209465980529785
baseline,3661,157,SA02/D04_SA02_R01.txt,SA02,D04,1,0,test,8100,8300,-1,2.357184648513794,2.209465980529785
baseline,3662,157,SA02/D04_SA02_R01.txt,SA02,D04,1,0,test,8200,8400,-1,2.357184648513794,2.209465980529785
baseline,3663,157,SA02/D04_SA02_R01.txt,SA02,D04,1,0,test,8300,8500,-1,2.3415112495422363,2.209465980529785
baseline,3664,157,SA02/D04_SA02_R01.txt,SA02,D04,1,0,test,8400,8600,-1,2.3906352519989014,2.209465980529785
baseline,3665,157,SA02/D04_SA02_R01.txt,SA02,D04,1,0,test,8500,8700,-1,2.39753794670105,2.209465980529785
baseline,3666,157,SA02/D04_SA02_R01.txt,SA02,D04,1,0,test,8600,8800,-1,2.39753794670105,2.209465980529785
baseline,3667,157,SA02/D04_SA02_R01.txt,SA02,D04,1,0,test,8700,8900,-1,2.335838556289673,2.209465980529785
baseline,3668,157,SA02/D04_SA02_R01.txt,SA02,D04,1,0,test,8800,9000,-1,2.370485782623291,2.209465980529785
baseline,3669,157,SA02/D04_SA02_R01.txt,SA02,D04,1,0,test,8900,9100,-1,2.408795118331909,2.209465980529785
baseline,3670,157,SA02/D04_SA02_R01.txt,SA02,D04,1,0,test,9000,9200,-1,2.408795118331909,2.209465980529785
baseline,3671,157,SA02/D04_SA02_R01.txt,SA02,D04,1,0,test,9100,9300,-1,2.4612858295440674,2.209465980529785
baseline,3672,157,SA02/D04_SA02_R01.txt,SA02,D04,1,0,test,9200,9400,-1,2.4612858295440674,2.209465980529785
baseline,3673,157,SA02/D04_SA02_R01.txt,SA02,D04,1,0,test,9300,9500,-1,2.3675453662872314,2.209465980529785
baseline,3674,157,SA02/D04_SA02_R01.txt,SA02,D04,1,0,test,9400,9600,-1,2.395921230316162,2.209465980529785
baseline,3675,157,SA02/D04_SA02_R01.txt,SA02,D04,1,0,test,9500,9700,-1,2.4482345581054688,2.209465980529785
baseline,3676,157,SA02/D04_SA02_R01.txt,SA02,D04,1,0,test,9600,9800,-1,2.4482345581054688,2.209465980529785
baseline,3677,157,SA02/D04_SA02_R01.txt,SA02,D04,1,0,test,9700,9900,-1,2.427307367324829,2.209465980529785
baseline,3678,157,SA02/D04_SA02_R01.txt,SA02,D04,1,0,test,9800,10000,-1,2.3023414611816406,2.209465980529785
baseline,3679,157,SA02/D04_SA02_R01.txt,SA02,D04,1,0,test,9900,10100,-1,2.4298675060272217,2.209465980529785
baseline,3680,157,SA02/D04_SA02_R01.txt,SA02,D04,1,0,test,10000,10200,-1,2.4298675060272217,2.209465980529785
baseline,3681,157,SA02/D04_SA02_R01.txt,SA02,D04,1,0,test,10100,10300,-1,2.3796846866607666,2.209465980529785
baseline,3682,157,SA02/D04_SA02_R01.txt,SA02,D04,1,0,test,10200,10400,-1,2.3796846866607666,2.209465980529785
baseline,3683,157,SA02/D04_SA02_R01.txt,SA02,D04,1,0,test,10300,10500,-1,2.353440999984741,2.209465980529785
baseline,3684,157,SA02/D04_SA02_R01.txt,SA02,D04,1,0,test,10400,10600,-1,2.422805070877075,2.209465980529785
baseline,3685,157,SA02/D04_SA02_R01.txt,SA02,D04,1,0,test,10500,10700,-1,2.442542791366577,2.209465980529785
baseline,3686,157,SA02/D04_SA02_R01.txt,SA02,D04,1,0,test,10600,10800,-1,2.442542791366577,2.209465980529785
baseline,3687,157,SA02/D04_SA02_R01.txt,SA02,D04,1,0,test,10700,10900,-1,2.380594253540039,2.209465980529785
baseline,3688,157,SA02/D04_SA02_R01.txt,SA02,D04,1,0,test,10800,11000,-1,2.5031027793884277,2.209465980529785
baseline,3689,157,SA02/D04_SA02_R01.txt,SA02,D04,1,0,test,10900,11100,-1,2.5031027793884277,2.209465980529785
baseline,3690,157,SA02/D04_SA02_R01.txt,SA02,D04,1,0,test,11000,11200,-1,2.468048334121704,2.209465980529785
baseline,3691,157,SA02/D04_SA02_R01.txt,SA02,D04,1,0,test,11100,11300,-1,2.4085195064544678,2.209465980529785
baseline,3692,157,SA02/D04_SA02_R01.txt,SA02,D04,1,0,test,11200,11400,-1,2.4085195064544678,2.209465980529785
baseline,3693,157,SA02/D04_SA02_R01.txt,SA02,D04,1,0,test,11300,11500,-1,2.3584909439086914,2.209465980529785
baseline,3694,157,SA02/D04_SA02_R01.txt,SA02,D04,1,0,test,11400,11600,-1,2.4709012508392334,2.209465980529785
baseline,3695,157,SA02/D04_SA02_R01.txt,SA02,D04,1,0,test,11500,11700,-1,2.4709012508392334,2.209465980529785
baseline,3696,157,SA02/D04_SA02_R01.txt,SA02,D04,1,0,test,11600,11800,-1,2.427929401397705,2.209465980529785
baseline,3697,157,SA02/D04_SA02_R01.txt,SA02,D04,1,0,test,11700,11900,-1,2.2852208614349365,2.209465980529785
baseline,3698,157,SA02/D04_SA02_R01.txt,SA02,D04,1,0,test,11800,12000,-1,2.3536758422851562,2.209465980529785
baseline,3699,157,SA02/D04_SA02_R01.txt,SA02,D04,1,0,test,11900,12100,-1,2.3536758422851562,2.209465980529785
baseline,3700,157,SA02/D04_SA02_R01.txt,SA02,D04,1,0,test,12000,12200,-1,2.3234524726867676,2.209465980529785
baseline,3701,157,SA02/D04_SA02_R01.txt,SA02,D04,1,0,test,12100,12300,-1,2.3790907859802246,2.209465980529785
baseline,3702,157,SA02/D04_SA02_R01.txt,SA02,D04,1,0,test,12200,12400,-1,2.3790907859802246,2.209465980529785
baseline,3703,157,SA02/D04_SA02_R01.txt,SA02,D04,1,0,test,12300,12500,-1,2.3554790019989014,2.209465980529785
baseline,3704,157,SA02/D04_SA02_R01.txt,SA02,D04,1,0,test,12400,12600,-1,2.333030939102173,2.209465980529785
baseline,3705,157,SA02/D04_SA02_R01.txt,SA02,D04,1,0,test,12500,12700,-1,2.333030939102173,2.209465980529785
baseline,3706,157,SA02/D04_SA02_R01.txt,SA02,D04,1,0,test,12600,12800,-1,2.3790152072906494,2.209465980529785
baseline,3707,157,SA02/D04_SA02_R01.txt,SA02,D04,1,0,test,12700,12900,-1,2.3790152072906494,2.209465980529785
baseline,3708,157,SA02/D04_SA02_R01.txt,SA02,D04,1,0,test,12800,13000,-1,2.4098660945892334,2.209465980529785
baseline,3709,157,SA02/D04_SA02_R01.txt,SA02,D04,1,0,test,12900,13100,-1,2.4098660945892334,2.209465980529785
baseline,3710,157,SA02/D04_SA02_R01.txt,SA02,D04,1,0,test,13000,13200,-1,2.337679386138916,2.209465980529785
baseline,3711,157,SA02/D04_SA02_R01.txt,SA02,D04,1,0,test,13100,13300,-1,2.298560619354248,2.209465980529785
baseline,3712,157,SA02/D04_SA02_R01.txt,SA02,D04,1,0,test,13200,13400,-1,2.3508174419403076,2.209465980529785
baseline,3713,157,SA02/D04_SA02_R01.txt,SA02,D04,1,0,test,13300,13500,-1,2.3508174419403076,2.209465980529785
baseline,3714,157,SA02/D04_SA02_R01.txt,SA02,D04,1,0,test,13400,13600,-1,2.350795030593872,2.209465980529785
baseline,3715,157,SA02/D04_SA02_R01.txt,SA02,D04,1,0,test,13500,13700,-1,2.350795030593872,2.209465980529785
baseline,3716,157,SA02/D04_SA02_R01.txt,SA02,D04,1,0,test,13600,13800,-1,2.2459871768951416,2.209465980529785
baseline,3717,157,SA02/D04_SA02_R01.txt,SA02,D04,1,0,test,13700,13900,-1,2.4008445739746094,2.209465980529785
baseline,3718,157,SA02/D04_SA02_R01.txt,SA02,D04,1,0,test,13800,14000,-1,2.497349977493286,2.209465980529785
baseline,3719,157,SA02/D04_SA02_R01.txt,SA02,D04,1,0,test,13900,14100,-1,2.497349977493286,2.209465980529785
baseline,3720,157,SA02/D04_SA02_R01.txt,SA02,D04,1,0,test,14000,14200,-1,2.295323371887207,2.209465980529785
baseline,3721,157,SA02/D04_SA02_R01.txt,SA02,D04,1,0,test,14100,14300,-1,2.295323371887207,2.209465980529785
baseline,3722,157,SA02/D04_SA02_R01.txt,SA02,D04,1,0,test,14200,14400,-1,2.3539719581604004,2.209465980529785
baseline,3723,157,SA02/D04_SA02_R01.txt,SA02,D04,1,0,test,14300,14500,-1,2.3539719581604004,2.209465980529785
baseline,3724,157,SA02/D04_SA02_R01.txt,SA02,D04,1,0,test,14400,14600,-1,2.3430752754211426,2.209465980529785
baseline,3725,157,SA02/D04_SA02_R01.txt,SA02,D04,1,0,test,14500,14700,-1,2.3430752754211426,2.209465980529785
baseline,3726,157,SA02/D04_SA02_R01.txt,SA02,D04,1,0,test,14600,14800,-1,2.298215627670288,2.209465980529785
baseline,3727,157,SA02/D04_SA02_R01.txt,SA02,D04,1,0,test,14700,14900,-1,2.3351049423217773,2.209465980529785
baseline,3728,157,SA02/D04_SA02_R01.txt,SA02,D04,1,0,test,14800,15000,-1,2.3823201656341553,2.209465980529785
baseline,3729,157,SA02/D04_SA02_R01.txt,SA02,D04,1,0,test,14900,15100,-1,2.3920907974243164,2.209465980529785
baseline,3730,157,SA02/D04_SA02_R01.txt,SA02,D04,1,0,test,15000,15200,-1,2.3920907974243164,2.209465980529785
baseline,3731,157,SA02/D04_SA02_R01.txt,SA02,D04,1,0,test,15100,15300,-1,2.319572925567627,2.209465980529785
baseline,3732,157,SA02/D04_SA02_R01.txt,SA02,D04,1,0,test,15200,15400,-1,2.3407063484191895,2.209465980529785
baseline,3733,157,SA02/D04_SA02_R01.txt,SA02,D04,1,0,test,15300,15500,-1,2.3407063484191895,2.209465980529785
baseline,3734,157,SA02/D04_SA02_R01.txt,SA02,D04,1,0,test,15400,15600,-1,2.2882614135742188,2.209465980529785
baseline,3735,157,SA02/D04_SA02_R01.txt,SA02,D04,1,0,test,15500,15700,-1,2.3497538566589355,2.209465980529785
baseline,3736,157,SA02/D04_SA02_R01.txt,SA02,D04,1,0,test,15600,15800,-1,2.3497538566589355,2.209465980529785
baseline,3737,157,SA02/D04_SA02_R01.txt,SA02,D04,1,0,test,15700,15900,-1,2.3251771926879883,2.209465980529785
baseline,3738,157,SA02/D04_SA02_R01.txt,SA02,D04,1,0,test,15800,16000,-1,2.3486225605010986,2.209465980529785
baseline,3739,157,SA02/D04_SA02_R01.txt,SA02,D04,1,0,test,15900,16100,-1,2.3486225605010986,2.209465980529785
baseline,3740,157,SA02/D04_SA02_R01.txt,SA02,D04,1,0,test,16000,16200,-1,2.420811653137207,2.209465980529785
baseline,3741,157,SA02/D04_SA02_R01.txt,SA02,D04,1,0,test,16100,16300,-1,2.4282803535461426,2.209465980529785
baseline,3742,157,SA02/D04_SA02_R01.txt,SA02,D04,1,0,test,16200,16400,-1,2.4282803535461426,2.209465980529785
baseline,3743,157,SA02/D04_SA02_R01.txt,SA02,D04,1,0,test,16300,16500,-1,2.3279874324798584,2.209465980529785
baseline,3744,157,SA02/D04_SA02_R01.txt,SA02,D04,1,0,test,16400,16600,-1,2.3279874324798584,2.209465980529785
baseline,3745,157,SA02/D04_SA02_R01.txt,SA02,D04,1,0,test,16500,16700,-1,2.3700404167175293,2.209465980529785
baseline,3746,157,SA02/D04_SA02_R01.txt,SA02,D04,1,0,test,16600,16800,-1,2.3700404167175293,2.209465980529785
baseline,3747,157,SA02/D04_SA02_R01.txt,SA02,D04,1,0,test,16700,16900,-1,2.433140516281128,2.209465980529785
baseline,3748,157,SA02/D04_SA02_R01.txt,SA02,D04,1,0,test,16800,17000,-1,2.433140516281128,2.209465980529785
baseline,3749,157,SA02/D04_SA02_R01.txt,SA02,D04,1,0,test,16900,17100,-1,2.2850399017333984,2.209465980529785
baseline,3750,157,SA02/D04_SA02_R01.txt,SA02,D04,1,0,test,17000,17200,-1,2.3548591136932373,2.209465980529785
baseline,3751,157,SA02/D04_SA02_R01.txt,SA02,D04,1,0,test,17100,17300,-1,2.4547317028045654,2.209465980529785
baseline,3752,157,SA02/D04_SA02_R01.txt,SA02,D04,1,0,test,17200,17400,-1,2.4547317028045654,2.209465980529785
baseline,3753,157,SA02/D04_SA02_R01.txt,SA02,D04,1,0,test,17300,17500,-1,2.429319381713867,2.209465980529785
baseline,3754,157,SA02/D04_SA02_R01.txt,SA02,D04,1,0,test,17400,17600,-1,2.429319381713867,2.209465980529785
baseline,3755,157,SA02/D04_SA02_R01.txt,SA02,D04,1,0,test,17500,17700,-1,2.4382193088531494,2.209465980529785
baseline,3756,157,SA02/D04_SA02_R01.txt,SA02,D04,1,0,test,17600,17800,-1,2.4382193088531494,2.209465980529785
baseline,3757,157,SA02/D04_SA02_R01.txt,SA02,D04,1,0,test,17700,17900,-1,2.416386604309082,2.209465980529785
baseline,3758,157,SA02/D04_SA02_R01.txt,SA02,D04,1,0,test,17800,18000,-1,2.353464126586914,2.209465980529785
baseline,3759,157,SA02/D04_SA02_R01.txt,SA02,D04,1,0,test,17900,18100,-1,2.353464126586914,2.209465980529785
baseline,3760,157,SA02/D04_SA02_R01.txt,SA02,D04,1,0,test,18000,18200,-1,2.3765077590942383,2.209465980529785
baseline,3761,157,SA02/D04_SA02_R01.txt,SA02,D04,1,0,test,18100,18300,-1,2.409428834915161,2.209465980529785
baseline,3762,157,SA02/D04_SA02_R01.txt,SA02,D04,1,0,test,18200,18400,-1,2.409428834915161,2.209465980529785
baseline,3763,157,SA02/D04_SA02_R01.txt,SA02,D04,1,0,test,18300,18500,-1,2.375154495239258,2.209465980529785
baseline,3764,157,SA02/D04_SA02_R01.txt,SA02,D04,1,0,test,18400,18600,-1,2.375154495239258,2.209465980529785
baseline,3765,157,SA02/D04_SA02_R01.txt,SA02,D04,1,0,test,18500,18700,-1,2.4075567722320557,2.209465980529785
baseline,3766,157,SA02/D04_SA02_R01.txt,SA02,D04,1,0,test,18600,18800,-1,2.4116978645324707,2.209465980529785
baseline,3767,157,SA02/D04_SA02_R01.txt,SA02,D04,1,0,test,18700,18900,-1,2.4116978645324707,2.209465980529785
baseline,3768,157,SA02/D04_SA02_R01.txt,SA02,D04,1,0,test,18800,19000,-1,2.350613594055176,2.209465980529785
baseline,3769,157,SA02/D04_SA02_R01.txt,SA02,D04,1,0,test,18900,19100,-1,2.4213969707489014,2.209465980529785
baseline,3770,157,SA02/D04_SA02_R01.txt,SA02,D04,1,0,test,19000,19200,-1,2.4213969707489014,2.209465980529785
baseline,3771,157,SA02/D04_SA02_R01.txt,SA02,D04,1,0,test,19100,19300,-1,2.330629587173462,2.209465980529785
baseline,3772,157,SA02/D04_SA02_R01.txt,SA02,D04,1,0,test,19200,19400,-1,2.258424758911133,2.209465980529785
baseline,3773,157,SA02/D04_SA02_R01.txt,SA02,D04,1,0,test,19300,19500,-1,2.3292949199676514,2.209465980529785
baseline,3774,157,SA02/D04_SA02_R01.txt,SA02,D04,1,0,test,19400,19600,-1,2.412261486053467,2.209465980529785
baseline,3775,157,SA02/D04_SA02_R01.txt,SA02,D04,1,0,test,19500,19700,-1,2.412261486053467,2.209465980529785
baseline,3777,157,SA02/D04_SA02_R01.txt,SA02,D04,1,0,test,19700,19900,-1,2.2180402278900146,2.209465980529785
baseline,3778,157,SA02/D04_SA02_R01.txt,SA02,D04,1,0,test,19800,20000,-1,2.2180402278900146,2.209465980529785
baseline,4029,163,SA02/D06_SA02_R01.txt,SA02,D06,1,0,test,500,700,-1,2.382605791091919,2.209465980529785
baseline,4030,163,SA02/D06_SA02_R01.txt,SA02,D06,1,0,test,600,800,-1,2.398838758468628,2.209465980529785
baseline,4031,163,SA02/D06_SA02_R01.txt,SA02,D06,1,0,test,700,900,-1,2.398838758468628,2.209465980529785
baseline,4032,163,SA02/D06_SA02_R01.txt,SA02,D06,1,0,test,800,1000,-1,2.386340856552124,2.209465980529785
baseline,4033,163,SA02/D06_SA02_R01.txt,SA02,D06,1,0,test,900,1100,-1,2.3776750564575195,2.209465980529785
baseline,4080,164,SA02/D06_SA02_R02.txt,SA02,D06,2,0,test,700,900,-1,2.2444422245025635,2.209465980529785
baseline,4081,164,SA02/D06_SA02_R02.txt,SA02,D06,2,0,test,800,1000,-1,2.356511354446411,2.209465980529785
baseline,4082,164,SA02/D06_SA02_R02.txt,SA02,D06,2,0,test,900,1100,-1,2.356511354446411,2.209465980529785
baseline,4083,164,SA02/D06_SA02_R02.txt,SA02,D06,2,0,test,1000,1200,-1,2.3029608726501465,2.209465980529785
baseline,4084,164,SA02/D06_SA02_R02.txt,SA02,D06,2,0,test,1100,1300,-1,2.2706997394561768,2.209465980529785
baseline,4085,164,SA02/D06_SA02_R02.txt,SA02,D06,2,0,test,1200,1400,-1,2.2421905994415283,2.209465980529785
baseline,4124,165,SA02/D06_SA02_R03.txt,SA02,D06,3,0,test,200,400,-1,2.345438241958618,2.209465980529785
baseline,4125,165,SA02/D06_SA02_R03.txt,SA02,D06,3,0,test,300,500,-1,2.345438241958618,2.209465980529785
baseline,4126,165,SA02/D06_SA02_R03.txt,SA02,D06,3,0,test,400,600,-1,2.322402000427246,2.209465980529785
baseline,4127,165,SA02/D06_SA02_R03.txt,SA02,D06,3,0,test,500,700,-1,2.3556575775146484,2.209465980529785
baseline,4128,165,SA02/D06_SA02_R03.txt,SA02,D06,3,0,test,600,800,-1,2.3556575775146484,2.209465980529785
baseline,4173,166,SA02/D06_SA02_R04.txt,SA02,D06,4,0,test,200,400,-1,2.340045928955078,2.209465980529785
baseline,4174,166,SA02/D06_SA02_R04.txt,SA02,D06,4,0,test,300,500,-1,2.340045928955078,2.209465980529785
baseline,4175,166,SA02/D06_SA02_R04.txt,SA02,D06,4,0,test,400,600,-1,2.390105962753296,2.209465980529785
baseline,4176,166,SA02/D06_SA02_R04.txt,SA02,D06,4,0,test,500,700,-1,2.390105962753296,2.209465980529785
baseline,4177,166,SA02/D06_SA02_R04.txt,SA02,D06,4,0,test,600,800,-1,2.2405481338500977,2.209465980529785
baseline,4178,166,SA02/D06_SA02_R04.txt,SA02,D06,4,0,test,700,900,-1,2.2405481338500977,2.209465980529785
baseline,4225,167,SA02/D06_SA02_R05.txt,SA02,D06,5,0,test,500,700,-1,2.287686347961426,2.209465980529785
baseline,4226,167,SA02/D06_SA02_R05.txt,SA02,D06,5,0,test,600,800,-1,2.422342538833618,2.209465980529785
baseline,4227,167,SA02/D06_SA02_R05.txt,SA02,D06,5,0,test,700,900,-1,2.442162275314331,2.209465980529785
baseline,4228,167,SA02/D06_SA02_R05.txt,SA02,D06,5,0,test,800,1000,-1,2.442162275314331,2.209465980529785
baseline,4229,167,SA02/D06_SA02_R05.txt,SA02,D06,5,0,test,900,1100,-1,2.384753942489624,2.209465980529785
baseline,4230,167,SA02/D06_SA02_R05.txt,SA02,D06,5,0,test,1000,1200,-1,2.361556053161621,2.209465980529785
baseline,4240,167,SA02/D06_SA02_R05.txt,SA02,D06,5,0,test,2000,2200,-1,2.3488614559173584,2.209465980529785
baseline,4241,167,SA02/D06_SA02_R05.txt,SA02,D06,5,0,test,2100,2300,-1,2.3488614559173584,2.209465980529785
baseline,5670,223,SA02/D18_SA02_R01.txt,SA02,D18,1,0,test,800,1000,-1,2.2208926677703857,2.209465980529785
baseline,5671,223,SA02/D18_SA02_R01.txt,SA02,D18,1,0,test,900,1100,-1,2.2208926677703857,2.209465980529785
baseline,5738,226,SA02/D18_SA02_R04.txt,SA02,D18,4,0,test,700,900,-1,2.387735605239868,2.209465980529785
baseline,5739,226,SA02/D18_SA02_R04.txt,SA02,D18,4,0,test,800,1000,-1,2.387735605239868,2.209465980529785
baseline,5759,227,SA02/D18_SA02_R05.txt,SA02,D18,5,0,test,500,700,-1,2.247962236404419,2.209465980529785
baseline,5760,227,SA02/D18_SA02_R05.txt,SA02,D18,5,0,test,600,800,-1,2.247962236404419,2.209465980529785
baseline,5761,227,SA02/D18_SA02_R05.txt,SA02,D18,5,0,test,700,900,-1,2.251862049102783,2.209465980529785
baseline,5762,227,SA02/D18_SA02_R05.txt,SA02,D18,5,0,test,800,1000,-1,2.251862049102783,2.209465980529785
baseline,5784,228,SA02/D19_SA02_R01.txt,SA02,D19,1,0,test,700,900,-1,2.40034556388855,2.209465980529785
baseline,5785,228,SA02/D19_SA02_R01.txt,SA02,D19,1,0,test,800,1000,-1,2.40034556388855,2.209465980529785
baseline,5786,228,SA02/D19_SA02_R01.txt,SA02,D19,1,0,test,900,1100,-1,2.347111463546753,2.209465980529785
baseline,5790,228,SA02/D19_SA02_R01.txt,SA02,D19,1,0,test,1300,1500,-1,2.761094570159912,2.209465980529785
baseline,5791,228,SA02/D19_SA02_R01.txt,SA02,D19,1,0,test,1400,1600,-1,2.761094570159912,2.209465980529785
baseline,5792,228,SA02/D19_SA02_R01.txt,SA02,D19,1,0,test,1500,1700,-1,2.5392699241638184,2.209465980529785
baseline,5807,229,SA02/D19_SA02_R02.txt,SA02,D19,2,0,test,700,900,-1,2.814688205718994,2.209465980529785
baseline,5808,229,SA02/D19_SA02_R02.txt,SA02,D19,2,0,test,800,1000,-1,2.8591997623443604,2.209465980529785
baseline,5809,229,SA02/D19_SA02_R02.txt,SA02,D19,2,0,test,900,1100,-1,2.8591997623443604,2.209465980529785
baseline,5812,229,SA02/D19_SA02_R02.txt,SA02,D19,2,0,test,1200,1400,-1,2.92724609375,2.209465980529785
baseline,5813,229,SA02/D19_SA02_R02.txt,SA02,D19,2,0,test,1300,1500,-1,3.0001542568206787,2.209465980529785
baseline,5814,229,SA02/D19_SA02_R02.txt,SA02,D19,2,0,test,1400,1600,-1,3.0001542568206787,2.209465980529785
baseline,5830,230,SA02/D19_SA02_R03.txt,SA02,D19,3,0,test,700,900,-1,2.556244134902954,2.209465980529785
baseline,5831,230,SA02/D19_SA02_R03.txt,SA02,D19,3,0,test,800,1000,-1,2.556244134902954,2.209465980529785
baseline,5832,230,SA02/D19_SA02_R03.txt,SA02,D19,3,0,test,900,1100,-1,2.472142219543457,2.209465980529785
baseline,5837,230,SA02/D19_SA02_R03.txt,SA02,D19,3,0,test,1400,1600,-1,2.74642276763916,2.209465980529785
baseline,5838,230,SA02/D19_SA02_R03.txt,SA02,D19,3,0,test,1500,1700,-1,2.74642276763916,2.209465980529785
baseline,5839,230,SA02/D19_SA02_R03.txt,SA02,D19,3,0,test,1600,1800,-1,2.8016903400421143,2.209465980529785
baseline,5840,230,SA02/D19_SA02_R03.txt,SA02,D19,3,0,test,1700,1900,-1,2.8016903400421143,2.209465980529785
baseline,5857,231,SA02/D19_SA02_R04.txt,SA02,D19,4,0,test,1100,1300,-1,2.500441312789917,2.209465980529785
baseline,5858,231,SA02/D19_SA02_R04.txt,SA02,D19,4,0,test,1200,1400,-1,2.500441312789917,2.209465980529785
baseline,5859,231,SA02/D19_SA02_R04.txt,SA02,D19,4,0,test,1300,1500,-1,2.332199811935425,2.209465980529785
baseline,5863,231,SA02/D19_SA02_R04.txt,SA02,D19,4,0,test,1700,1900,-1,2.492650270462036,2.209465980529785
baseline,5864,231,SA02/D19_SA02_R04.txt,SA02,D19,4,0,test,1800,2000,-1,2.69061541557312,2.209465980529785
baseline,5865,231,SA02/D19_SA02_R04.txt,SA02,D19,4,0,test,1900,2100,-1,2.69061541557312,2.209465980529785
baseline,5866,231,SA02/D19_SA02_R04.txt,SA02,D19,4,0,test,2000,2200,-1,2.4425876140594482,2.209465980529785
baseline,5878,232,SA02/D19_SA02_R05.txt,SA02,D19,5,0,test,900,1100,-1,2.634546995162964,2.209465980529785
baseline,5879,232,SA02/D19_SA02_R05.txt,SA02,D19,5,0,test,1000,1200,-1,2.634546995162964,2.209465980529785
baseline,5880,232,SA02/D19_SA02_R05.txt,SA02,D19,5,0,test,1100,1300,-1,2.402357339859009,2.209465980529785
baseline,5884,232,SA02/D19_SA02_R05.txt,SA02,D19,5,0,test,1500,1700,-1,2.721219301223755,2.209465980529785
baseline,5885,232,SA02/D19_SA02_R05.txt,SA02,D19,5,0,test,1600,1800,-1,2.7219948768615723,2.209465980529785
baseline,5886,232,SA02/D19_SA02_R05.txt,SA02,D19,5,0,test,1700,1900,-1,2.7219948768615723,2.209465980529785
baseline,5927,268,SA02/F08_SA02_R01.txt,SA02,F08,1,1,test,1349,1549,1449,2.1602492332458496,2.209465980529785
baseline,5929,270,SA02/F08_SA02_R03.txt,SA02,F08,3,1,test,1270,1470,1370,2.075697183609009,2.209465980529785
baseline,5932,273,SA02/F09_SA02_R01.txt,SA02,F09,1,1,test,1633,1833,1733,1.8061473369598389,2.209465980529785
baseline,5939,280,SA02/F10_SA02_R03.txt,SA02,F10,3,1,test,1455,1655,1555,1.9586832523345947,2.209465980529785
baseline,5952,293,SA02/F13_SA02_R01.txt,SA02,F13,1,1,test,1699,1899,1799,1.8788731098175049,2.209465980529785
baseline,5958,299,SA02/F14_SA02_R02.txt,SA02,F14,2,1,test,1440,1640,1540,2.050302743911743,2.209465980529785
baseline,15506,773,SA06/D04_SA06_R01.txt,SA06,D04,1,0,test,100,300,-1,2.2701528072357178,2.209465980529785
baseline,15507,773,SA06/D04_SA06_R01.txt,SA06,D04,1,0,test,200,400,-1,2.403614044189453,2.209465980529785
baseline,15508,773,SA06/D04_SA06_R01.txt,SA06,D04,1,0,test,300,500,-1,2.517936944961548,2.209465980529785
baseline,15509,773,SA06/D04_SA06_R01.txt,SA06,D04,1,0,test,400,600,-1,2.517936944961548,2.209465980529785
baseline,15510,773,SA06/D04_SA06_R01.txt,SA06,D04,1,0,test,500,700,-1,2.5899322032928467,2.209465980529785
baseline,15511,773,SA06/D04_SA06_R01.txt,SA06,D04,1,0,test,600,800,-1,2.5899322032928467,2.209465980529785
baseline,15512,773,SA06/D04_SA06_R01.txt,SA06,D04,1,0,test,700,900,-1,2.5760929584503174,2.209465980529785
baseline,15513,773,SA06/D04_SA06_R01.txt,SA06,D04,1,0,test,800,1000,-1,2.5099940299987793,2.209465980529785
baseline,15514,773,SA06/D04_SA06_R01.txt,SA06,D04,1,0,test,900,1100,-1,2.5099940299987793,2.209465980529785
baseline,15515,773,SA06/D04_SA06_R01.txt,SA06,D04,1,0,test,1000,1200,-1,2.5390453338623047,2.209465980529785
baseline,15516,773,SA06/D04_SA06_R01.txt,SA06,D04,1,0,test,1100,1300,-1,2.5798115730285645,2.209465980529785
baseline,15517,773,SA06/D04_SA06_R01.txt,SA06,D04,1,0,test,1200,1400,-1,2.5798115730285645,2.209465980529785
baseline,15518,773,SA06/D04_SA06_R01.txt,SA06,D04,1,0,test,1300,1500,-1,2.467654228210449,2.209465980529785
baseline,15519,773,SA06/D04_SA06_R01.txt,SA06,D04,1,0,test,1400,1600,-1,2.537436008453369,2.209465980529785
baseline,15520,773,SA06/D04_SA06_R01.txt,SA06,D04,1,0,test,1500,1700,-1,2.6632018089294434,2.209465980529785
baseline,15521,773,SA06/D04_SA06_R01.txt,SA06,D04,1,0,test,1600,1800,-1,2.6632018089294434,2.209465980529785
baseline,15522,773,SA06/D04_SA06_R01.txt,SA06,D04,1,0,test,1700,1900,-1,2.502336263656616,2.209465980529785
baseline,15523,773,SA06/D04_SA06_R01.txt,SA06,D04,1,0,test,1800,2000,-1,2.292800188064575,2.209465980529785
baseline,15524,773,SA06/D04_SA06_R01.txt,SA06,D04,1,0,test,1900,2100,-1,2.369752883911133,2.209465980529785
baseline,15525,773,SA06/D04_SA06_R01.txt,SA06,D04,1,0,test,2000,2200,-1,2.369752883911133,2.209465980529785
baseline,15527,773,SA06/D04_SA06_R01.txt,SA06,D04,1,0,test,2200,2400,-1,2.391235828399658,2.209465980529785
baseline,15528,773,SA06/D04_SA06_R01.txt,SA06,D04,1,0,test,2300,2500,-1,2.439854383468628,2.209465980529785
baseline,15529,773,SA06/D04_SA06_R01.txt,SA06,D04,1,0,test,2400,2600,-1,2.589214563369751,2.209465980529785
baseline,15530,773,SA06/D04_SA06_R01.txt,SA06,D04,1,0,test,2500,2700,-1,2.6110928058624268,2.209465980529785
baseline,15531,773,SA06/D04_SA06_R01.txt,SA06,D04,1,0,test,2600,2800,-1,2.6110928058624268,2.209465980529785
baseline,15532,773,SA06/D04_SA06_R01.txt,SA06,D04,1,0,test,2700,2900,-1,2.5657787322998047,2.209465980529785
baseline,15533,773,SA06/D04_SA06_R01.txt,SA06,D04,1,0,test,2800,3000,-1,2.5657787322998047,2.209465980529785
baseline,15534,773,SA06/D04_SA06_R01.txt,SA06,D04,1,0,test,2900,3100,-1,2.557570695877075,2.209465980529785
baseline,15535,773,SA06/D04_SA06_R01.txt,SA06,D04,1,0,test,3000,3200,-1,2.43557071685791,2.209465980529785
baseline,15536,773,SA06/D04_SA06_R01.txt,SA06,D04,1,0,test,3100,3300,-1,2.5307328701019287,2.209465980529785
baseline,15537,773,SA06/D04_SA06_R01.txt,SA06,D04,1,0,test,3200,3400,-1,2.5307328701019287,2.209465980529785
baseline,15538,773,SA06/D04_SA06_R01.txt,SA06,D04,1,0,test,3300,3500,-1,2.4790942668914795,2.209465980529785
baseline,15539,773,SA06/D04_SA06_R01.txt,SA06,D04,1,0,test,3400,3600,-1,2.5923357009887695,2.209465980529785
baseline,15540,773,SA06/D04_SA06_R01.txt,SA06,D04,1,0,test,3500,3700,-1,2.6267545223236084,2.209465980529785
baseline,15541,773,SA06/D04_SA06_R01.txt,SA06,D04,1,0,test,3600,3800,-1,2.6267545223236084,2.209465980529785
baseline,15542,773,SA06/D04_SA06_R01.txt,SA06,D04,1,0,test,3700,3900,-1,2.6220078468322754,2.209465980529785
baseline,15543,773,SA06/D04_SA06_R01.txt,SA06,D04,1,0,test,3800,4000,-1,2.651933431625366,2.209465980529785
baseline,15544,773,SA06/D04_SA06_R01.txt,SA06,D04,1,0,test,3900,4100,-1,2.651933431625366,2.209465980529785
baseline,15545,773,SA06/D04_SA06_R01.txt,SA06,D04,1,0,test,4000,4200,-1,2.5716214179992676,2.209465980529785
baseline,15546,773,SA06/D04_SA06_R01.txt,SA06,D04,1,0,test,4100,4300,-1,2.4946932792663574,2.209465980529785
baseline,15547,773,SA06/D04_SA06_R01.txt,SA06,D04,1,0,test,4200,4400,-1,2.761646032333374,2.209465980529785
baseline,15548,773,SA06/D04_SA06_R01.txt,SA06,D04,1,0,test,4300,4500,-1,2.761646032333374,2.209465980529785
baseline,15549,773,SA06/D04_SA06_R01.txt,SA06,D04,1,0,test,4400,4600,-1,2.5549590587615967,2.209465980529785
baseline,15550,773,SA06/D04_SA06_R01.txt,SA06,D04,1,0,test,4500,4700,-1,2.5549590587615967,2.209465980529785
baseline,15551,773,SA06/D04_SA06_R01.txt,SA06,D04,1,0,test,4600,4800,-1,2.520167827606201,2.209465980529785
baseline,15552,773,SA06/D04_SA06_R01.txt,SA06,D04,1,0,test,4700,4900,-1,2.5413742065429688,2.209465980529785
baseline,15553,773,SA06/D04_SA06_R01.txt,SA06,D04,1,0,test,4800,5000,-1,2.5413742065429688,2.209465980529785
baseline,15554,773,SA06/D04_SA06_R01.txt,SA06,D04,1,0,test,4900,5100,-1,2.4612395763397217,2.209465980529785
baseline,15555,773,SA06/D04_SA06_R01.txt,SA06,D04,1,0,test,5000,5200,-1,2.5949618816375732,2.209465980529785
baseline,15556,773,SA06/D04_SA06_R01.txt,SA06,D04,1,0,test,5100,5300,-1,2.5949618816375732,2.209465980529785
baseline,15557,773,SA06/D04_SA06_R01.txt,SA06,D04,1,0,test,5200,5400,-1,2.4118711948394775,2.209465980529785
baseline,15558,773,SA06/D04_SA06_R01.txt,SA06,D04,1,0,test,5300,5500,-1,2.4892988204956055,2.209465980529785
baseline,15559,773,SA06/D04_SA06_R01.txt,SA06,D04,1,0,test,5400,5600,-1,2.5855462551116943,2.209465980529785
baseline,15560,773,SA06/D04_SA06_R01.txt,SA06,D04,1,0,test,5500,5700,-1,2.5855462551116943,2.209465980529785
baseline,15561,773,SA06/D04_SA06_R01.txt,SA06,D04,1,0,test,5600,5800,-1,2.472254753112793,2.209465980529785
baseline,15562,773,SA06/D04_SA06_R01.txt,SA06,D04,1,0,test,5700,5900,-1,2.484910488128662,2.209465980529785
baseline,15563,773,SA06/D04_SA06_R01.txt,SA06,D04,1,0,test,5800,6000,-1,2.484910488128662,2.209465980529785
baseline,15564,773,SA06/D04_SA06_R01.txt,SA06,D04,1,0,test,5900,6100,-1,2.3336877822875977,2.209465980529785
baseline,15565,773,SA06/D04_SA06_R01.txt,SA06,D04,1,0,test,6000,6200,-1,2.3939788341522217,2.209465980529785
baseline,15566,773,SA06/D04_SA06_R01.txt,SA06,D04,1,0,test,6100,6300,-1,2.460426092147827,2.209465980529785
baseline,15567,773,SA06/D04_SA06_R01.txt,SA06,D04,1,0,test,6200,6400,-1,2.508847951889038,2.209465980529785
baseline,15568,773,SA06/D04_SA06_R01.txt,SA06,D04,1,0,test,6300,6500,-1,2.508847951889038,2.209465980529785
baseline,15569,773,SA06/D04_SA06_R01.txt,SA06,D04,1,0,test,6400,6600,-1,2.496797561645508,2.209465980529785
baseline,15570,773,SA06/D04_SA06_R01.txt,SA06,D04,1,0,test,6500,6700,-1,2.4096336364746094,2.209465980529785
baseline,15571,773,SA06/D04_SA06_R01.txt,SA06,D04,1,0,test,6600,6800,-1,2.5228934288024902,2.209465980529785
baseline,15572,773,SA06/D04_SA06_R01.txt,SA06,D04,1,0,test,6700,6900,-1,2.5228934288024902,2.209465980529785
baseline,15573,773,SA06/D04_SA06_R01.txt,SA06,D04,1,0,test,6800,7000,-1,2.470677137374878,2.209465980529785
baseline,15574,773,SA06/D04_SA06_R01.txt,SA06,D04,1,0,test,6900,7100,-1,2.470677137374878,2.209465980529785
baseline,15575,773,SA06/D04_SA06_R01.txt,SA06,D04,1,0,test,7000,7200,-1,2.4023451805114746,2.209465980529785
baseline,15576,773,SA06/D04_SA06_R01.txt,SA06,D04,1,0,test,7100,7300,-1,2.3705801963806152,2.209465980529785
baseline,15577,773,SA06/D04_SA06_R01.txt,SA06,D04,1,0,test,7200,7400,-1,2.3705801963806152,2.209465980529785
baseline,15578,773,SA06/D04_SA06_R01.txt,SA06,D04,1,0,test,7300,7500,-1,2.3322131633758545,2.209465980529785
baseline,15579,773,SA06/D04_SA06_R01.txt,SA06,D04,1,0,test,7400,7600,-1,2.3322131633758545,2.209465980529785
baseline,15580,773,SA06/D04_SA06_R01.txt,SA06,D04,1,0,test,7500,7700,-1,2.312450647354126,2.209465980529785
baseline,15581,773,SA06/D04_SA06_R01.txt,SA06,D04,1,0,test,7600,7800,-1,2.4435064792633057,2.209465980529785
baseline,15582,773,SA06/D04_SA06_R01.txt,SA06,D04,1,0,test,7700,7900,-1,2.471558094024658,2.209465980529785
baseline,15583,773,SA06/D04_SA06_R01.txt,SA06,D04,1,0,test,7800,8000,-1,2.634256601333618,2.209465980529785
baseline,15584,773,SA06/D04_SA06_R01.txt,SA06,D04,1,0,test,7900,8100,-1,2.634256601333618,2.209465980529785
baseline,15585,773,SA06/D04_SA06_R01.txt,SA06,D04,1,0,test,8000,8200,-1,2.674725294113159,2.209465980529785
baseline,15586,773,SA06/D04_SA06_R01.txt,SA06,D04,1,0,test,8100,8300,-1,2.6951029300689697,2.209465980529785
baseline,15587,773,SA06/D04_SA06_R01.txt,SA06,D04,1,0,test,8200,8400,-1,2.6951029300689697,2.209465980529785
baseline,15588,773,SA06/D04_SA06_R01.txt,SA06,D04,1,0,test,8300,8500,-1,2.545407772064209,2.209465980529785
baseline,15589,773,SA06/D04_SA06_R01.txt,SA06,D04,1,0,test,8400,8600,-1,2.642225742340088,2.209465980529785
baseline,15590,773,SA06/D04_SA06_R01.txt,SA06,D04,1,0,test,8500,8700,-1,2.642225742340088,2.209465980529785
baseline,15591,773,SA06/D04_SA06_R01.txt,SA06,D04,1,0,test,8600,8800,-1,2.7075531482696533,2.209465980529785
baseline,15592,773,SA06/D04_SA06_R01.txt,SA06,D04,1,0,test,8700,8900,-1,2.7075531482696533,2.209465980529785
baseline,15593,773,SA06/D04_SA06_R01.txt,SA06,D04,1,0,test,8800,9000,-1,2.5819408893585205,2.209465980529785
baseline,15594,773,SA06/D04_SA06_R01.txt,SA06,D04,1,0,test,8900,9100,-1,2.565716028213501,2.209465980529785
baseline,15595,773,SA06/D04_SA06_R01.txt,SA06,D04,1,0,test,9000,9200,-1,2.509624719619751,2.209465980529785
baseline,15596,773,SA06/D04_SA06_R01.txt,SA06,D04,1,0,test,9100,9300,-1,2.537334680557251,2.209465980529785
baseline,15597,773,SA06/D04_SA06_R01.txt,SA06,D04,1,0,test,9200,9400,-1,2.5784077644348145,2.209465980529785
baseline,15598,773,SA06/D04_SA06_R01.txt,SA06,D04,1,0,test,9300,9500,-1,2.5784077644348145,2.209465980529785
baseline,15599,773,SA06/D04_SA06_R01.txt,SA06,D04,1,0,test,9400,9600,-1,2.6630091667175293,2.209465980529785
baseline,15600,773,SA06/D04_SA06_R01.txt,SA06,D04,1,0,test,9500,9700,-1,2.6630091667175293,2.209465980529785
baseline,15601,773,SA06/D04_SA06_R01.txt,SA06,D04,1,0,test,9600,9800,-1,2.3990259170532227,2.209465980529785
baseline,15602,773,SA06/D04_SA06_R01.txt,SA06,D04,1,0,test,9700,9900,-1,2.435797691345215,2.209465980529785
baseline,15603,773,SA06/D04_SA06_R01.txt,SA06,D04,1,0,test,9800,10000,-1,2.5563671588897705,2.209465980529785
baseline,15604,773,SA06/D04_SA06_R01.txt,SA06,D04,1,0,test,9900,10100,-1,2.5651321411132812,2.209465980529785
baseline,15605,773,SA06/D04_SA06_R01.txt,SA06,D04,1,0,test,10000,10200,-1,2.5651321411132812,2.209465980529785
baseline,15606,773,SA06/D04_SA06_R01.txt,SA06,D04,1,0,test,10100,10300,-1,2.6164000034332275,2.209465980529785
baseline,15607,773,SA06/D04_SA06_R01.txt,SA06,D04,1,0,test,10200,10400,-1,2.6164000034332275,2.209465980529785
baseline,15608,773,SA06/D04_SA06_R01.txt,SA06,D04,1,0,test,10300,10500,-1,2.582390546798706,2.209465980529785
baseline,15609,773,SA06/D04_SA06_R01.txt,SA06,D04,1,0,test,10400,10600,-1,2.5067524909973145,2.209465980529785
baseline,15610,773,SA06/D04_SA06_R01.txt,SA06,D04,1,0,test,10500,10700,-1,2.5067524909973145,2.209465980529785
baseline,15611,773,SA06/D04_SA06_R01.txt,SA06,D04,1,0,test,10600,10800,-1,2.545959234237671,2.209465980529785
baseline,15612,773,SA06/D04_SA06_R01.txt,SA06,D04,1,0,test,10700,10900,-1,2.545959234237671,2.209465980529785
baseline,15613,773,SA06/D04_SA06_R01.txt,SA06,D04,1,0,test,10800,11000,-1,2.586273193359375,2.209465980529785
baseline,15614,773,SA06/D04_SA06_R01.txt,SA06,D04,1,0,test,10900,11100,-1,2.586273193359375,2.209465980529785
baseline,15615,773,SA06/D04_SA06_R01.txt,SA06,D04,1,0,test,11000,11200,-1,2.5908212661743164,2.209465980529785
baseline,15616,773,SA06/D04_SA06_R01.txt,SA06,D04,1,0,test,11100,11300,-1,2.7544121742248535,2.209465980529785
baseline,15617,773,SA06/D04_SA06_R01.txt,SA06,D04,1,0,test,11200,11400,-1,2.7544121742248535,2.209465980529785
baseline,15618,773,SA06/D04_SA06_R01.txt,SA06,D04,1,0,test,11300,11500,-1,2.567340850830078,2.209465980529785
baseline,15619,773,SA06/D04_SA06_R01.txt,SA06,D04,1,0,test,11400,11600,-1,2.537473440170288,2.209465980529785
baseline,15620,773,SA06/D04_SA06_R01.txt,SA06,D04,1,0,test,11500,11700,-1,2.5402114391326904,2.209465980529785
baseline,15621,773,SA06/D04_SA06_R01.txt,SA06,D04,1,0,test,11600,11800,-1,2.5402114391326904,2.209465980529785
baseline,15622,773,SA06/D04_SA06_R01.txt,SA06,D04,1,0,test,11700,11900,-1,2.5542447566986084,2.209465980529785
baseline,15623,773,SA06/D04_SA06_R01.txt,SA06,D04,1,0,test,11800,12000,-1,2.5542447566986084,2.209465980529785
baseline,15624,773,SA06/D04_SA06_R01.txt,SA06,D04,1,0,test,11900,12100,-1,2.495008945465088,2.209465980529785
baseline,15625,773,SA06/D04_SA06_R01.txt,SA06,D04,1,0,test,12000,12200,-1,2.4747304916381836,2.209465980529785
baseline,15626,773,SA06/D04_SA06_R01.txt,SA06,D04,1,0,test,12100,12300,-1,2.7079226970672607,2.209465980529785
baseline,15627,773,SA06/D04_SA06_R01.txt,SA06,D04,1,0,test,12200,12400,-1,2.7079226970672607,2.209465980529785
baseline,15628,773,SA06/D04_SA06_R01.txt,SA06,D04,1,0,test,12300,12500,-1,2.7072787284851074,2.209465980529785
baseline,15629,773,SA06/D04_SA06_R01.txt,SA06,D04,1,0,test,12400,12600,-1,2.615081787109375,2.209465980529785
baseline,15630,773,SA06/D04_SA06_R01.txt,SA06,D04,1,0,test,12500,12700,-1,2.684098958969116,2.209465980529785
baseline,15631,773,SA06/D04_SA06_R01.txt,SA06,D04,1,0,test,12600,12800,-1,2.684098958969116,2.209465980529785
baseline,15632,773,SA06/D04_SA06_R01.txt,SA06,D04,1,0,test,12700,12900,-1,2.6042492389678955,2.209465980529785
baseline,15633,773,SA06/D04_SA06_R01.txt,SA06,D04,1,0,test,12800,13000,-1,2.6042492389678955,2.209465980529785
baseline,15634,773,SA06/D04_SA06_R01.txt,SA06,D04,1,0,test,12900,13100,-1,2.5422494411468506,2.209465980529785
baseline,15635,773,SA06/D04_SA06_R01.txt,SA06,D04,1,0,test,13000,13200,-1,2.601531744003296,2.209465980529785
baseline,15636,773,SA06/D04_SA06_R01.txt,SA06,D04,1,0,test,13100,13300,-1,2.601531744003296,2.209465980529785
baseline,15637,773,SA06/D04_SA06_R01.txt,SA06,D04,1,0,test,13200,13400,-1,2.5096476078033447,2.209465980529785
baseline,15638,773,SA06/D04_SA06_R01.txt,SA06,D04,1,0,test,13300,13500,-1,2.5096476078033447,2.209465980529785
baseline,15639,773,SA06/D04_SA06_R01.txt,SA06,D04,1,0,test,13400,13600,-1,2.4938669204711914,2.209465980529785
baseline,15640,773,SA06/D04_SA06_R01.txt,SA06,D04,1,0,test,13500,13700,-1,2.4938669204711914,2.209465980529785
baseline,15641,773,SA06/D04_SA06_R01.txt,SA06,D04,1,0,test,13600,13800,-1,2.4341719150543213,2.209465980529785
baseline,15642,773,SA06/D04_SA06_R01.txt,SA06,D04,1,0,test,13700,13900,-1,2.4915571212768555,2.209465980529785
baseline,15643,773,SA06/D04_SA06_R01.txt,SA06,D04,1,0,test,13800,14000,-1,2.509598970413208,2.209465980529785
baseline,15644,773,SA06/D04_SA06_R01.txt,SA06,D04,1,0,test,13900,14100,-1,2.59281325340271,2.209465980529785
baseline,15645,773,SA06/D04_SA06_R01.txt,SA06,D04,1,0,test,14000,14200,-1,2.59281325340271,2.209465980529785
baseline,15646,773,SA06/D04_SA06_R01.txt,SA06,D04,1,0,test,14100,14300,-1,2.546452760696411,2.209465980529785
baseline,15647,773,SA06/D04_SA06_R01.txt,SA06,D04,1,0,test,14200,14400,-1,2.4729738235473633,2.209465980529785
baseline,15648,773,SA06/D04_SA06_R01.txt,SA06,D04,1,0,test,14300,14500,-1,2.655177354812622,2.209465980529785
baseline,15649,773,SA06/D04_SA06_R01.txt,SA06,D04,1,0,test,14400,14600,-1,2.655177354812622,2.209465980529785
baseline,15650,773,SA06/D04_SA06_R01.txt,SA06,D04,1,0,test,14500,14700,-1,2.6364150047302246,2.209465980529785
baseline,15651,773,SA06/D04_SA06_R01.txt,SA06,D04,1,0,test,14600,14800,-1,2.6536731719970703,2.209465980529785
baseline,15652,773,SA06/D04_SA06_R01.txt,SA06,D04,1,0,test,14700,14900,-1,2.6536731719970703,2.209465980529785
baseline,15653,773,SA06/D04_SA06_R01.txt,SA06,D04,1,0,test,14800,15000,-1,2.579568862915039,2.209465980529785
baseline,15654,773,SA06/D04_SA06_R01.txt,SA06,D04,1,0,test,14900,15100,-1,2.559732437133789,2.209465980529785
baseline,15655,773,SA06/D04_SA06_R01.txt,SA06,D04,1,0,test,15000,15200,-1,2.4893980026245117,2.209465980529785
baseline,15656,773,SA06/D04_SA06_R01.txt,SA06,D04,1,0,test,15100,15300,-1,2.6289255619049072,2.209465980529785
baseline,15657,773,SA06/D04_SA06_R01.txt,SA06,D04,1,0,test,15200,15400,-1,2.6289255619049072,2.209465980529785
baseline,15658,773,SA06/D04_SA06_R01.txt,SA06,D04,1,0,test,15300,15500,-1,2.578279495239258,2.209465980529785
baseline,15659,773,SA06/D04_SA06_R01.txt,SA06,D04,1,0,test,15400,15600,-1,2.578279495239258,2.209465980529785
baseline,15660,773,SA06/D04_SA06_R01.txt,SA06,D04,1,0,test,15500,15700,-1,2.530466318130493,2.209465980529785
baseline,15661,773,SA06/D04_SA06_R01.txt,SA06,D04,1,0,test,15600,15800,-1,2.520659923553467,2.209465980529785
baseline,15662,773,SA06/D04_SA06_R01.txt,SA06,D04,1,0,test,15700,15900,-1,2.5714058876037598,2.209465980529785
baseline,15663,773,SA06/D04_SA06_R01.txt,SA06,D04,1,0,test,15800,16000,-1,2.5714058876037598,2.209465980529785
baseline,15664,773,SA06/D04_SA06_R01.txt,SA06,D04,1,0,test,15900,16100,-1,2.5261805057525635,2.209465980529785
baseline,15665,773,SA06/D04_SA06_R01.txt,SA06,D04,1,0,test,16000,16200,-1,2.5261805057525635,2.209465980529785
baseline,15666,773,SA06/D04_SA06_R01.txt,SA06,D04,1,0,test,16100,16300,-1,2.505816698074341,2.209465980529785
baseline,15667,773,SA06/D04_SA06_R01.txt,SA06,D04,1,0,test,16200,16400,-1,2.490715742111206,2.209465980529785
baseline,15668,773,SA06/D04_SA06_R01.txt,SA06,D04,1,0,test,16300,16500,-1,2.59814715385437,2.209465980529785
baseline,15669,773,SA06/D04_SA06_R01.txt,SA06,D04,1,0,test,16400,16600,-1,2.59814715385437,2.209465980529785
baseline,15670,773,SA06/D04_SA06_R01.txt,SA06,D04,1,0,test,16500,16700,-1,2.386370897293091,2.209465980529785
baseline,15671,773,SA06/D04_SA06_R01.txt,SA06,D04,1,0,test,16600,16800,-1,2.395963430404663,2.209465980529785
baseline,15672,773,SA06/D04_SA06_R01.txt,SA06,D04,1,0,test,16700,16900,-1,2.4543509483337402,2.209465980529785
baseline,15673,773,SA06/D04_SA06_R01.txt,SA06,D04,1,0,test,16800,17000,-1,2.501159429550171,2.209465980529785
baseline,15674,773,SA06/D04_SA06_R01.txt,SA06,D04,1,0,test,16900,17100,-1,2.56839656829834,2.209465980529785
baseline,15675,773,SA06/D04_SA06_R01.txt,SA06,D04,1,0,test,17000,17200,-1,2.56839656829834,2.209465980529785
baseline,15676,773,SA06/D04_SA06_R01.txt,SA06,D04,1,0,test,17100,17300,-1,2.5036301612854004,2.209465980529785
baseline,15677,773,SA06/D04_SA06_R01.txt,SA06,D04,1,0,test,17200,17400,-1,2.5036301612854004,2.209465980529785
baseline,15678,773,SA06/D04_SA06_R01.txt,SA06,D04,1,0,test,17300,17500,-1,2.48604416847229,2.209465980529785
baseline,15679,773,SA06/D04_SA06_R01.txt,SA06,D04,1,0,test,17400,17600,-1,2.485114574432373,2.209465980529785
baseline,15680,773,SA06/D04_SA06_R01.txt,SA06,D04,1,0,test,17500,17700,-1,2.503741979598999,2.209465980529785
baseline,15681,773,SA06/D04_SA06_R01.txt,SA06,D04,1,0,test,17600,17800,-1,2.503741979598999,2.209465980529785
baseline,15682,773,SA06/D04_SA06_R01.txt,SA06,D04,1,0,test,17700,17900,-1,2.3683207035064697,2.209465980529785
baseline,15683,773,SA06/D04_SA06_R01.txt,SA06,D04,1,0,test,17800,18000,-1,2.6326138973236084,2.209465980529785
baseline,15684,773,SA06/D04_SA06_R01.txt,SA06,D04,1,0,test,17900,18100,-1,2.721834182739258,2.209465980529785
baseline,15685,773,SA06/D04_SA06_R01.txt,SA06,D04,1,0,test,18000,18200,-1,2.721834182739258,2.209465980529785
baseline,15686,773,SA06/D04_SA06_R01.txt,SA06,D04,1,0,test,18100,18300,-1,2.531569480895996,2.209465980529785
baseline,15687,773,SA06/D04_SA06_R01.txt,SA06,D04,1,0,test,18200,18400,-1,2.556436777114868,2.209465980529785
baseline,15688,773,SA06/D04_SA06_R01.txt,SA06,D04,1,0,test,18300,18500,-1,2.57930064201355,2.209465980529785
baseline,15689,773,SA06/D04_SA06_R01.txt,SA06,D04,1,0,test,18400,18600,-1,2.57930064201355,2.209465980529785
baseline,15690,773,SA06/D04_SA06_R01.txt,SA06,D04,1,0,test,18500,18700,-1,2.528298854827881,2.209465980529785
baseline,15691,773,SA06/D04_SA06_R01.txt,SA06,D04,1,0,test,18600,18800,-1,2.592592477798462,2.209465980529785
baseline,15692,773,SA06/D04_SA06_R01.txt,SA06,D04,1,0,test,18700,18900,-1,2.592592477798462,2.209465980529785
baseline,15693,773,SA06/D04_SA06_R01.txt,SA06,D04,1,0,test,18800,19000,-1,2.513949155807495,2.209465980529785
baseline,15694,773,SA06/D04_SA06_R01.txt,SA06,D04,1,0,test,18900,19100,-1,2.4489781856536865,2.209465980529785
baseline,15695,773,SA06/D04_SA06_R01.txt,SA06,D04,1,0,test,19000,19200,-1,2.453852891921997,2.209465980529785
baseline,15696,773,SA06/D04_SA06_R01.txt,SA06,D04,1,0,test,19100,19300,-1,2.453852891921997,2.209465980529785
baseline,15697,773,SA06/D04_SA06_R01.txt,SA06,D04,1,0,test,19200,19400,-1,2.5322425365448,2.209465980529785
baseline,15698,773,SA06/D04_SA06_R01.txt,SA06,D04,1,0,test,19300,19500,-1,2.5322425365448,2.209465980529785
baseline,15699,773,SA06/D04_SA06_R01.txt,SA06,D04,1,0,test,19400,19600,-1,2.4215006828308105,2.209465980529785
baseline,15700,773,SA06/D04_SA06_R01.txt,SA06,D04,1,0,test,19500,19700,-1,2.4325220584869385,2.209465980529785
baseline,15701,773,SA06/D04_SA06_R01.txt,SA06,D04,1,0,test,19600,19800,-1,2.5707571506500244,2.209465980529785
baseline,15702,773,SA06/D04_SA06_R01.txt,SA06,D04,1,0,test,19700,19900,-1,2.5707571506500244,2.209465980529785
baseline,15703,773,SA06/D04_SA06_R01.txt,SA06,D04,1,0,test,19800,20000,-1,2.606694459915161,2.209465980529785
baseline,15954,779,SA06/D06_SA06_R01.txt,SA06,D06,1,0,test,600,800,-1,2.449988842010498,2.209465980529785
baseline,15955,779,SA06/D06_SA06_R01.txt,SA06,D06,1,0,test,700,900,-1,2.71807861328125,2.209465980529785
baseline,15956,779,SA06/D06_SA06_R01.txt,SA06,D06,1,0,test,800,1000,-1,2.71807861328125,2.209465980529785
baseline,15957,779,SA06/D06_SA06_R01.txt,SA06,D06,1,0,test,900,1100,-1,2.454850435256958,2.209465980529785
baseline,15958,779,SA06/D06_SA06_R01.txt,SA06,D06,1,0,test,1000,1200,-1,2.454850435256958,2.209465980529785
baseline,16000,780,SA06/D06_SA06_R02.txt,SA06,D06,2,0,test,300,500,-1,2.6821961402893066,2.209465980529785
baseline,16001,780,SA06/D06_SA06_R02.txt,SA06,D06,2,0,test,400,600,-1,2.793691635131836,2.209465980529785
baseline,16002,780,SA06/D06_SA06_R02.txt,SA06,D06,2,0,test,500,700,-1,2.793691635131836,2.209465980529785
baseline,16003,780,SA06/D06_SA06_R02.txt,SA06,D06,2,0,test,600,800,-1,2.7933032512664795,2.209465980529785
baseline,16004,780,SA06/D06_SA06_R02.txt,SA06,D06,2,0,test,700,900,-1,2.7933032512664795,2.209465980529785
baseline,16005,780,SA06/D06_SA06_R02.txt,SA06,D06,2,0,test,800,1000,-1,2.621608257293701,2.209465980529785
baseline,16052,781,SA06/D06_SA06_R03.txt,SA06,D06,3,0,test,600,800,-1,2.3720791339874268,2.209465980529785
baseline,16053,781,SA06/D06_SA06_R03.txt,SA06,D06,3,0,test,700,900,-1,2.4396615028381348,2.209465980529785
baseline,16054,781,SA06/D06_SA06_R03.txt,SA06,D06,3,0,test,800,1000,-1,2.6001017093658447,2.209465980529785
baseline,16055,781,SA06/D06_SA06_R03.txt,SA06,D06,3,0,test,900,1100,-1,2.6001017093658447,2.209465980529785
baseline,16067,781,SA06/D06_SA06_R03.txt,SA06,D06,3,0,test,2100,2300,-1,2.2138378620147705,2.209465980529785
baseline,16068,781,SA06/D06_SA06_R03.txt,SA06,D06,3,0,test,2200,2400,-1,2.228081464767456,2.209465980529785
baseline,16069,781,SA06/D06_SA06_R03.txt,SA06,D06,3,0,test,2300,2500,-1,2.228081464767456,2.209465980529785
baseline,16103,782,SA06/D06_SA06_R04.txt,SA06,D06,4,0,test,800,1000,-1,2.372840404510498,2.209465980529785
baseline,16104,782,SA06/D06_SA06_R04.txt,SA06,D06,4,0,test,900,1100,-1,2.4136667251586914,2.209465980529785
baseline,16105,782,SA06/D06_SA06_R04.txt,SA06,D06,4,0,test,1000,1200,-1,2.626635789871216,2.209465980529785
baseline,16106,782,SA06/D06_SA06_R04.txt,SA06,D06,4,0,test,1100,1300,-1,2.626635789871216,2.209465980529785
baseline,16107,782,SA06/D06_SA06_R04.txt,SA06,D06,4,0,test,1200,1400,-1,2.253462553024292,2.209465980529785
baseline,16119,782,SA06/D06_SA06_R04.txt,SA06,D06,4,0,test,2400,2600,-1,2.223736047744751,2.209465980529785
baseline,16120,782,SA06/D06_SA06_R04.txt,SA06,D06,4,0,test,2500,2700,-1,2.223736047744751,2.209465980529785
baseline,16150,783,SA06/D06_SA06_R05.txt,SA06,D06,5,0,test,600,800,-1,2.5070650577545166,2.209465980529785
baseline,16151,783,SA06/D06_SA06_R05.txt,SA06,D06,5,0,test,700,900,-1,2.6540822982788086,2.209465980529785
baseline,16152,783,SA06/D06_SA06_R05.txt,SA06,D06,5,0,test,800,1000,-1,2.6540822982788086,2.209465980529785
baseline,16153,783,SA06/D06_SA06_R05.txt,SA06,D06,5,0,test,900,1100,-1,2.680748224258423,2.209465980529785
baseline,16154,783,SA06/D06_SA06_R05.txt,SA06,D06,5,0,test,1000,1200,-1,2.680748224258423,2.209465980529785
baseline,16155,783,SA06/D06_SA06_R05.txt,SA06,D06,5,0,test,1100,1300,-1,2.539804697036743,2.209465980529785
baseline,16334,790,SA06/D08_SA06_R02.txt,SA06,D08,2,0,test,400,600,-1,2.5269100666046143,2.209465980529785
baseline,16335,790,SA06/D08_SA06_R02.txt,SA06,D08,2,0,test,500,700,-1,2.5269100666046143,2.209465980529785
baseline,17617,840,SA06/D18_SA06_R02.txt,SA06,D18,2,0,test,1300,1500,-1,2.2440474033355713,2.209465980529785
baseline,17618,840,SA06/D18_SA06_R02.txt,SA06,D18,2,0,test,1400,1600,-1,2.4006102085113525,2.209465980529785
baseline,17619,840,SA06/D18_SA06_R02.txt,SA06,D18,2,0,test,1500,1700,-1,2.4006102085113525,2.209465980529785
baseline,17667,842,SA06/D18_SA06_R04.txt,SA06,D18,4,0,test,1700,1900,-1,2.5834405422210693,2.209465980529785
baseline,17668,842,SA06/D18_SA06_R04.txt,SA06,D18,4,0,test,1800,2000,-1,2.5834405422210693,2.209465980529785
baseline,17699,844,SA06/D19_SA06_R01.txt,SA06,D19,1,0,test,300,500,-1,3.5011229515075684,2.209465980529785
baseline,17700,844,SA06/D19_SA06_R01.txt,SA06,D19,1,0,test,400,600,-1,3.5011229515075684,2.209465980529785
baseline,17701,844,SA06/D19_SA06_R01.txt,SA06,D19,1,0,test,500,700,-1,3.1194820404052734,2.209465980529785
baseline,17702,844,SA06/D19_SA06_R01.txt,SA06,D19,1,0,test,600,800,-1,3.1194820404052734,2.209465980529785
baseline,17706,844,SA06/D19_SA06_R01.txt,SA06,D19,1,0,test,1000,1200,-1,3.751358985900879,2.209465980529785
baseline,17707,844,SA06/D19_SA06_R01.txt,SA06,D19,1,0,test,1100,1300,-1,3.751358985900879,2.209465980529785
baseline,17708,844,SA06/D19_SA06_R01.txt,SA06,D19,1,0,test,1200,1400,-1,3.3497154712677,2.209465980529785
baseline,17722,845,SA06/D19_SA06_R02.txt,SA06,D19,2,0,test,400,600,-1,3.359743118286133,2.209465980529785
baseline,17723,845,SA06/D19_SA06_R02.txt,SA06,D19,2,0,test,500,700,-1,3.359743118286133,2.209465980529785
baseline,17724,845,SA06/D19_SA06_R02.txt,SA06,D19,2,0,test,600,800,-1,3.0595078468322754,2.209465980529785
baseline,17730,845,SA06/D19_SA06_R02.txt,SA06,D19,2,0,test,1200,1400,-1,3.352600336074829,2.209465980529785
baseline,17731,845,SA06/D19_SA06_R02.txt,SA06,D19,2,0,test,1300,1500,-1,3.352600336074829,2.209465980529785
baseline,17732,845,SA06/D19_SA06_R02.txt,SA06,D19,2,0,test,1400,1600,-1,3.0377347469329834,2.209465980529785
baseline,17748,846,SA06/D19_SA06_R03.txt,SA06,D19,3,0,test,700,900,-1,2.9933576583862305,2.209465980529785
baseline,17749,846,SA06/D19_SA06_R03.txt,SA06,D19,3,0,test,800,1000,-1,3.3262274265289307,2.209465980529785
baseline,17750,846,SA06/D19_SA06_R03.txt,SA06,D19,3,0,test,900,1100,-1,3.3262274265289307,2.209465980529785
baseline,17751,846,SA06/D19_SA06_R03.txt,SA06,D19,3,0,test,1000,1200,-1,2.9504098892211914,2.209465980529785
baseline,17757,846,SA06/D19_SA06_R03.txt,SA06,D19,3,0,test,1600,1800,-1,3.045949697494507,2.209465980529785
baseline,17758,846,SA06/D19_SA06_R03.txt,SA06,D19,3,0,test,1700,1900,-1,3.045949697494507,2.209465980529785
baseline,17759,846,SA06/D19_SA06_R03.txt,SA06,D19,3,0,test,1800,2000,-1,2.6455063819885254,2.209465980529785
baseline,17767,847,SA06/D19_SA06_R04.txt,SA06,D19,4,0,test,300,500,-1,2.8759684562683105,2.209465980529785
baseline,17768,847,SA06/D19_SA06_R04.txt,SA06,D19,4,0,test,400,600,-1,2.939735174179077,2.209465980529785
baseline,17769,847,SA06/D19_SA06_R04.txt,SA06,D19,4,0,test,500,700,-1,2.939735174179077,2.209465980529785
baseline,17775,847,SA06/D19_SA06_R04.txt,SA06,D19,4,0,test,1100,1300,-1,2.8260552883148193,2.209465980529785
baseline,17776,847,SA06/D19_SA06_R04.txt,SA06,D19,4,0,test,1200,1400,-1,2.829507827758789,2.209465980529785
baseline,17777,847,SA06/D19_SA06_R04.txt,SA06,D19,4,0,test,1300,1500,-1,2.829507827758789,2.209465980529785
baseline,17778,847,SA06/D19_SA06_R04.txt,SA06,D19,4,0,test,1400,1600,-1,2.7830650806427,2.209465980529785
baseline,17792,848,SA06/D19_SA06_R05.txt,SA06,D19,5,0,test,500,700,-1,3.034649133682251,2.209465980529785
baseline,17793,848,SA06/D19_SA06_R05.txt,SA06,D19,5,0,test,600,800,-1,3.034649133682251,2.209465980529785
baseline,17794,848,SA06/D19_SA06_R05.txt,SA06,D19,5,0,test,700,900,-1,2.9051713943481445,2.209465980529785
baseline,17795,848,SA06/D19_SA06_R05.txt,SA06,D19,5,0,test,800,1000,-1,2.6618428230285645,2.209465980529785
baseline,17802,848,SA06/D19_SA06_R05.txt,SA06,D19,5,0,test,1500,1700,-1,3.4662373065948486,2.209465980529785
baseline,17803,848,SA06/D19_SA06_R05.txt,SA06,D19,5,0,test,1600,1800,-1,3.4662373065948486,2.209465980529785
baseline,17804,848,SA06/D19_SA06_R05.txt,SA06,D19,5,0,test,1700,1900,-1,3.104583263397217,2.209465980529785
baseline,17875,914,SA06/F14_SA06_R01.txt,SA06,F14,1,1,test,1281,1481,1381,2.1338860988616943,2.209465980529785
baseline,47828,2461,SA17/D03_SA17_R01.txt,SA17,D03,1,0,test,200,400,-1,2.370897054672241,2.209465980529785
baseline,47829,2461,SA17/D03_SA17_R01.txt,SA17,D03,1,0,test,300,500,-1,2.370897054672241,2.209465980529785
baseline,47830,2461,SA17/D03_SA17_R01.txt,SA17,D03,1,0,test,400,600,-1,2.2224884033203125,2.209465980529785
baseline,47831,2461,SA17/D03_SA17_R01.txt,SA17,D03,1,0,test,500,700,-1,2.2224884033203125,2.209465980529785
baseline,47832,2461,SA17/D03_SA17_R01.txt,SA17,D03,1,0,test,600,800,-1,2.3081181049346924,2.209465980529785
baseline,47833,2461,SA17/D03_SA17_R01.txt,SA17,D03,1,0,test,700,900,-1,2.3081181049346924,2.209465980529785
baseline,47834,2461,SA17/D03_SA17_R01.txt,SA17,D03,1,0,test,800,1000,-1,2.265669107437134,2.209465980529785
baseline,47835,2461,SA17/D03_SA17_R01.txt,SA17,D03,1,0,test,900,1100,-1,2.2946856021881104,2.209465980529785
baseline,47836,2461,SA17/D03_SA17_R01.txt,SA17,D03,1,0,test,1000,1200,-1,2.3362395763397217,2.209465980529785
baseline,47837,2461,SA17/D03_SA17_R01.txt,SA17,D03,1,0,test,1100,1300,-1,2.3362395763397217,2.209465980529785
baseline,47838,2461,SA17/D03_SA17_R01.txt,SA17,D03,1,0,test,1200,1400,-1,2.344593048095703,2.209465980529785
baseline,47839,2461,SA17/D03_SA17_R01.txt,SA17,D03,1,0,test,1300,1500,-1,2.418813705444336,2.209465980529785
baseline,47840,2461,SA17/D03_SA17_R01.txt,SA17,D03,1,0,test,1400,1600,-1,2.418813705444336,2.209465980529785
baseline,47841,2461,SA17/D03_SA17_R01.txt,SA17,D03,1,0,test,1500,1700,-1,2.226898193359375,2.209465980529785
baseline,47842,2461,SA17/D03_SA17_R01.txt,SA17,D03,1,0,test,1600,1800,-1,2.2292637825012207,2.209465980529785
baseline,47843,2461,SA17/D03_SA17_R01.txt,SA17,D03,1,0,test,1700,1900,-1,2.2292637825012207,2.209465980529785
baseline,47846,2461,SA17/D03_SA17_R01.txt,SA17,D03,1,0,test,2000,2200,-1,2.25481915473938,2.209465980529785
baseline,47847,2461,SA17/D03_SA17_R01.txt,SA17,D03,1,0,test,2100,2300,-1,2.25481915473938,2.209465980529785
baseline,47848,2461,SA17/D03_SA17_R01.txt,SA17,D03,1,0,test,2200,2400,-1,2.2544503211975098,2.209465980529785
baseline,47849,2461,SA17/D03_SA17_R01.txt,SA17,D03,1,0,test,2300,2500,-1,2.362208127975464,2.209465980529785
baseline,47850,2461,SA17/D03_SA17_R01.txt,SA17,D03,1,0,test,2400,2600,-1,2.362208127975464,2.209465980529785
baseline,47852,2461,SA17/D03_SA17_R01.txt,SA17,D03,1,0,test,2600,2800,-1,2.33009672164917,2.209465980529785
baseline,47853,2461,SA17/D03_SA17_R01.txt,SA17,D03,1,0,test,2700,2900,-1,2.33009672164917,2.209465980529785
baseline,47863,2461,SA17/D03_SA17_R01.txt,SA17,D03,1,0,test,3700,3900,-1,2.241555690765381,2.209465980529785
baseline,47864,2461,SA17/D03_SA17_R01.txt,SA17,D03,1,0,test,3800,4000,-1,2.248640298843384,2.209465980529785
baseline,47865,2461,SA17/D03_SA17_R01.txt,SA17,D03,1,0,test,3900,4100,-1,2.286010503768921,2.209465980529785
baseline,47866,2461,SA17/D03_SA17_R01.txt,SA17,D03,1,0,test,4000,4200,-1,2.286010503768921,2.209465980529785
baseline,47871,2461,SA17/D03_SA17_R01.txt,SA17,D03,1,0,test,4500,4700,-1,2.2215182781219482,2.209465980529785
baseline,47872,2461,SA17/D03_SA17_R01.txt,SA17,D03,1,0,test,4600,4800,-1,2.2215182781219482,2.209465980529785
baseline,47878,2461,SA17/D03_SA17_R01.txt,SA17,D03,1,0,test,5200,5400,-1,2.2426860332489014,2.209465980529785
baseline,47879,2461,SA17/D03_SA17_R01.txt,SA17,D03,1,0,test,5300,5500,-1,2.2426860332489014,2.209465980529785
baseline,47884,2461,SA17/D03_SA17_R01.txt,SA17,D03,1,0,test,5800,6000,-1,2.2261664867401123,2.209465980529785
baseline,47885,2461,SA17/D03_SA17_R01.txt,SA17,D03,1,0,test,5900,6100,-1,2.231379985809326,2.209465980529785
baseline,47886,2461,SA17/D03_SA17_R01.txt,SA17,D03,1,0,test,6000,6200,-1,2.231379985809326,2.209465980529785
baseline,47893,2461,SA17/D03_SA17_R01.txt,SA17,D03,1,0,test,6700,6900,-1,2.272822141647339,2.209465980529785
baseline,47894,2461,SA17/D03_SA17_R01.txt,SA17,D03,1,0,test,6800,7000,-1,2.272822141647339,2.209465980529785
baseline,47895,2461,SA17/D03_SA17_R01.txt,SA17,D03,1,0,test,6900,7100,-1,2.21494460105896,2.209465980529785
baseline,47896,2461,SA17/D03_SA17_R01.txt,SA17,D03,1,0,test,7000,7200,-1,2.2380142211914062,2.209465980529785
baseline,47897,2461,SA17/D03_SA17_R01.txt,SA17,D03,1,0,test,7100,7300,-1,2.2380142211914062,2.209465980529785
baseline,47900,2461,SA17/D03_SA17_R01.txt,SA17,D03,1,0,test,7400,7600,-1,2.2404701709747314,2.209465980529785
baseline,47901,2461,SA17/D03_SA17_R01.txt,SA17,D03,1,0,test,7500,7700,-1,2.322817325592041,2.209465980529785
baseline,47902,2461,SA17/D03_SA17_R01.txt,SA17,D03,1,0,test,7600,7800,-1,2.322817325592041,2.209465980529785
baseline,47903,2461,SA17/D03_SA17_R01.txt,SA17,D03,1,0,test,7700,7900,-1,2.313088893890381,2.209465980529785
baseline,47904,2461,SA17/D03_SA17_R01.txt,SA17,D03,1,0,test,7800,8000,-1,2.3470637798309326,2.209465980529785
baseline,47905,2461,SA17/D03_SA17_R01.txt,SA17,D03,1,0,test,7900,8100,-1,2.3470637798309326,2.209465980529785
baseline,47906,2461,SA17/D03_SA17_R01.txt,SA17,D03,1,0,test,8000,8200,-1,2.2625765800476074,2.209465980529785
baseline,47907,2461,SA17/D03_SA17_R01.txt,SA17,D03,1,0,test,8100,8300,-1,2.3823633193969727,2.209465980529785
baseline,47908,2461,SA17/D03_SA17_R01.txt,SA17,D03,1,0,test,8200,8400,-1,2.3823633193969727,2.209465980529785
baseline,47909,2461,SA17/D03_SA17_R01.txt,SA17,D03,1,0,test,8300,8500,-1,2.490393877029419,2.209465980529785
baseline,47910,2461,SA17/D03_SA17_R01.txt,SA17,D03,1,0,test,8400,8600,-1,2.490393877029419,2.209465980529785
baseline,47911,2461,SA17/D03_SA17_R01.txt,SA17,D03,1,0,test,8500,8700,-1,2.256564140319824,2.209465980529785
baseline,47912,2461,SA17/D03_SA17_R01.txt,SA17,D03,1,0,test,8600,8800,-1,2.2819924354553223,2.209465980529785
baseline,47913,2461,SA17/D03_SA17_R01.txt,SA17,D03,1,0,test,8700,8900,-1,2.2819924354553223,2.209465980529785
baseline,47914,2461,SA17/D03_SA17_R01.txt,SA17,D03,1,0,test,8800,9000,-1,2.2707271575927734,2.209465980529785
baseline,47915,2461,SA17/D03_SA17_R01.txt,SA17,D03,1,0,test,8900,9100,-1,2.3052823543548584,2.209465980529785
baseline,47916,2461,SA17/D03_SA17_R01.txt,SA17,D03,1,0,test,9000,9200,-1,2.3052823543548584,2.209465980529785
baseline,47917,2461,SA17/D03_SA17_R01.txt,SA17,D03,1,0,test,9100,9300,-1,2.286034107208252,2.209465980529785
baseline,47918,2461,SA17/D03_SA17_R01.txt,SA17,D03,1,0,test,9200,9400,-1,2.286034107208252,2.209465980529785
baseline,47919,2461,SA17/D03_SA17_R01.txt,SA17,D03,1,0,test,9300,9500,-1,2.275073528289795,2.209465980529785
baseline,47920,2461,SA17/D03_SA17_R01.txt,SA17,D03,1,0,test,9400,9600,-1,2.2597930431365967,2.209465980529785
baseline,47921,2461,SA17/D03_SA17_R01.txt,SA17,D03,1,0,test,9500,9700,-1,2.2597930431365967,2.209465980529785
baseline,47922,2461,SA17/D03_SA17_R01.txt,SA17,D03,1,0,test,9600,9800,-1,2.224771738052368,2.209465980529785
baseline,47926,2461,SA17/D03_SA17_R01.txt,SA17,D03,1,0,test,10000,10200,-1,2.2411065101623535,2.209465980529785
baseline,47927,2461,SA17/D03_SA17_R01.txt,SA17,D03,1,0,test,10100,10300,-1,2.2411065101623535,2.209465980529785
baseline,47928,2461,SA17/D03_SA17_R01.txt,SA17,D03,1,0,test,10200,10400,-1,2.2343180179595947,2.209465980529785
baseline,47929,2461,SA17/D03_SA17_R01.txt,SA17,D03,1,0,test,10300,10500,-1,2.2343180179595947,2.209465980529785
baseline,47933,2461,SA17/D03_SA17_R01.txt,SA17,D03,1,0,test,10700,10900,-1,2.2275137901306152,2.209465980529785
baseline,47934,2461,SA17/D03_SA17_R01.txt,SA17,D03,1,0,test,10800,11000,-1,2.2275137901306152,2.209465980529785
baseline,47935,2461,SA17/D03_SA17_R01.txt,SA17,D03,1,0,test,10900,11100,-1,2.2253193855285645,2.209465980529785
baseline,47936,2461,SA17/D03_SA17_R01.txt,SA17,D03,1,0,test,11000,11200,-1,2.264038324356079,2.209465980529785
baseline,47937,2461,SA17/D03_SA17_R01.txt,SA17,D03,1,0,test,11100,11300,-1,2.264038324356079,2.209465980529785
baseline,47945,2461,SA17/D03_SA17_R01.txt,SA17,D03,1,0,test,11900,12100,-1,2.3027756214141846,2.209465980529785
baseline,47946,2461,SA17/D03_SA17_R01.txt,SA17,D03,1,0,test,12000,12200,-1,2.3027756214141846,2.209465980529785
baseline,47947,2461,SA17/D03_SA17_R01.txt,SA17,D03,1,0,test,12100,12300,-1,2.2460339069366455,2.209465980529785
baseline,47948,2461,SA17/D03_SA17_R01.txt,SA17,D03,1,0,test,12200,12400,-1,2.211819648742676,2.209465980529785
baseline,47949,2461,SA17/D03_SA17_R01.txt,SA17,D03,1,0,test,12300,12500,-1,2.211819648742676,2.209465980529785
baseline,47951,2461,SA17/D03_SA17_R01.txt,SA17,D03,1,0,test,12500,12700,-1,2.2148351669311523,2.209465980529785
baseline,47952,2461,SA17/D03_SA17_R01.txt,SA17,D03,1,0,test,12600,12800,-1,2.2148351669311523,2.209465980529785
baseline,47954,2461,SA17/D03_SA17_R01.txt,SA17,D03,1,0,test,12800,13000,-1,2.2499303817749023,2.209465980529785
baseline,47955,2461,SA17/D03_SA17_R01.txt,SA17,D03,1,0,test,12900,13100,-1,2.264371633529663,2.209465980529785
baseline,47956,2461,SA17/D03_SA17_R01.txt,SA17,D03,1,0,test,13000,13200,-1,2.264371633529663,2.209465980529785
baseline,47957,2461,SA17/D03_SA17_R01.txt,SA17,D03,1,0,test,13100,13300,-1,2.2522330284118652,2.209465980529785
baseline,47959,2461,SA17/D03_SA17_R01.txt,SA17,D03,1,0,test,13300,13500,-1,2.302382707595825,2.209465980529785
baseline,47960,2461,SA17/D03_SA17_R01.txt,SA17,D03,1,0,test,13400,13600,-1,2.302382707595825,2.209465980529785
baseline,47962,2461,SA17/D03_SA17_R01.txt,SA17,D03,1,0,test,13600,13800,-1,2.2168424129486084,2.209465980529785
baseline,47963,2461,SA17/D03_SA17_R01.txt,SA17,D03,1,0,test,13700,13900,-1,2.2168424129486084,2.209465980529785
baseline,47966,2461,SA17/D03_SA17_R01.txt,SA17,D03,1,0,test,14000,14200,-1,2.2362523078918457,2.209465980529785
baseline,47967,2461,SA17/D03_SA17_R01.txt,SA17,D03,1,0,test,14100,14300,-1,2.2362523078918457,2.209465980529785
baseline,47968,2461,SA17/D03_SA17_R01.txt,SA17,D03,1,0,test,14200,14400,-1,2.308389902114868,2.209465980529785
baseline,47969,2461,SA17/D03_SA17_R01.txt,SA17,D03,1,0,test,14300,14500,-1,2.308389902114868,2.209465980529785
baseline,47970,2461,SA17/D03_SA17_R01.txt,SA17,D03,1,0,test,14400,14600,-1,2.2555556297302246,2.209465980529785
baseline,47971,2461,SA17/D03_SA17_R01.txt,SA17,D03,1,0,test,14500,14700,-1,2.2719757556915283,2.209465980529785
baseline,47972,2461,SA17/D03_SA17_R01.txt,SA17,D03,1,0,test,14600,14800,-1,2.2875311374664307,2.209465980529785
baseline,47973,2461,SA17/D03_SA17_R01.txt,SA17,D03,1,0,test,14700,14900,-1,2.354531764984131,2.209465980529785
baseline,47974,2461,SA17/D03_SA17_R01.txt,SA17,D03,1,0,test,14800,15000,-1,2.354531764984131,2.209465980529785
baseline,47976,2461,SA17/D03_SA17_R01.txt,SA17,D03,1,0,test,15000,15200,-1,2.2403323650360107,2.209465980529785
baseline,47977,2461,SA17/D03_SA17_R01.txt,SA17,D03,1,0,test,15100,15300,-1,2.2403323650360107,2.209465980529785
baseline,47986,2461,SA17/D03_SA17_R01.txt,SA17,D03,1,0,test,16000,16200,-1,2.2797725200653076,2.209465980529785
baseline,47987,2461,SA17/D03_SA17_R01.txt,SA17,D03,1,0,test,16100,16300,-1,2.2797725200653076,2.209465980529785
baseline,47988,2461,SA17/D03_SA17_R01.txt,SA17,D03,1,0,test,16200,16400,-1,2.3075907230377197,2.209465980529785
baseline,47989,2461,SA17/D03_SA17_R01.txt,SA17,D03,1,0,test,16300,16500,-1,2.3075907230377197,2.209465980529785
baseline,47990,2461,SA17/D03_SA17_R01.txt,SA17,D03,1,0,test,16400,16600,-1,2.25892972946167,2.209465980529785
baseline,47991,2461,SA17/D03_SA17_R01.txt,SA17,D03,1,0,test,16500,16700,-1,2.282254457473755,2.209465980529785
baseline,47992,2461,SA17/D03_SA17_R01.txt,SA17,D03,1,0,test,16600,16800,-1,2.282254457473755,2.209465980529785
baseline,47993,2461,SA17/D03_SA17_R01.txt,SA17,D03,1,0,test,16700,16900,-1,2.314019203186035,2.209465980529785
baseline,47994,2461,SA17/D03_SA17_R01.txt,SA17,D03,1,0,test,16800,17000,-1,2.314019203186035,2.209465980529785
baseline,47995,2461,SA17/D03_SA17_R01.txt,SA17,D03,1,0,test,16900,17100,-1,2.215210437774658,2.209465980529785
baseline,47996,2461,SA17/D03_SA17_R01.txt,SA17,D03,1,0,test,17000,17200,-1,2.2327632904052734,2.209465980529785
baseline,47997,2461,SA17/D03_SA17_R01.txt,SA17,D03,1,0,test,17100,17300,-1,2.2327632904052734,2.209465980529785
baseline,47998,2461,SA17/D03_SA17_R01.txt,SA17,D03,1,0,test,17200,17400,-1,2.258333444595337,2.209465980529785
baseline,47999,2461,SA17/D03_SA17_R01.txt,SA17,D03,1,0,test,17300,17500,-1,2.258333444595337,2.209465980529785
baseline,48000,2461,SA17/D03_SA17_R01.txt,SA17,D03,1,0,test,17400,17600,-1,2.214146375656128,2.209465980529785
baseline,48001,2461,SA17/D03_SA17_R01.txt,SA17,D03,1,0,test,17500,17700,-1,2.2219221591949463,2.209465980529785
baseline,48002,2461,SA17/D03_SA17_R01.txt,SA17,D03,1,0,test,17600,17800,-1,2.2335686683654785,2.209465980529785
baseline,48003,2461,SA17/D03_SA17_R01.txt,SA17,D03,1,0,test,17700,17900,-1,2.2556064128875732,2.209465980529785
baseline,48004,2461,SA17/D03_SA17_R01.txt,SA17,D03,1,0,test,17800,18000,-1,2.279958963394165,2.209465980529785
baseline,48005,2461,SA17/D03_SA17_R01.txt,SA17,D03,1,0,test,17900,18100,-1,2.279958963394165,2.209465980529785
baseline,48010,2461,SA17/D03_SA17_R01.txt,SA17,D03,1,0,test,18400,18600,-1,2.2321014404296875,2.209465980529785
baseline,48011,2461,SA17/D03_SA17_R01.txt,SA17,D03,1,0,test,18500,18700,-1,2.2321014404296875,2.209465980529785
baseline,48012,2461,SA17/D03_SA17_R01.txt,SA17,D03,1,0,test,18600,18800,-1,2.2110238075256348,2.209465980529785
baseline,48013,2461,SA17/D03_SA17_R01.txt,SA17,D03,1,0,test,18700,18900,-1,2.240297794342041,2.209465980529785
baseline,48014,2461,SA17/D03_SA17_R01.txt,SA17,D03,1,0,test,18800,19000,-1,2.245312213897705,2.209465980529785
baseline,48015,2461,SA17/D03_SA17_R01.txt,SA17,D03,1,0,test,18900,19100,-1,2.245312213897705,2.209465980529785
baseline,48018,2461,SA17/D03_SA17_R01.txt,SA17,D03,1,0,test,19200,19400,-1,2.2952682971954346,2.209465980529785
baseline,48019,2461,SA17/D03_SA17_R01.txt,SA17,D03,1,0,test,19300,19500,-1,2.2960708141326904,2.209465980529785
baseline,48020,2461,SA17/D03_SA17_R01.txt,SA17,D03,1,0,test,19400,19600,-1,2.2960708141326904,2.209465980529785
baseline,48021,2461,SA17/D03_SA17_R01.txt,SA17,D03,1,0,test,19500,19700,-1,2.340677261352539,2.209465980529785
baseline,48022,2461,SA17/D03_SA17_R01.txt,SA17,D03,1,0,test,19600,19800,-1,2.3563740253448486,2.209465980529785
baseline,48023,2461,SA17/D03_SA17_R01.txt,SA17,D03,1,0,test,19700,19900,-1,2.3563740253448486,2.209465980529785
baseline,48024,2461,SA17/D03_SA17_R01.txt,SA17,D03,1,0,test,19800,20000,-1,2.347594976425171,2.209465980529785
baseline,48028,2462,SA17/D04_SA17_R01.txt,SA17,D04,1,0,test,300,500,-1,2.3246679306030273,2.209465980529785
baseline,48029,2462,SA17/D04_SA17_R01.txt,SA17,D04,1,0,test,400,600,-1,2.5311520099639893,2.209465980529785
baseline,48030,2462,SA17/D04_SA17_R01.txt,SA17,D04,1,0,test,500,700,-1,2.569199562072754,2.209465980529785
baseline,48031,2462,SA17/D04_SA17_R01.txt,SA17,D04,1,0,test,600,800,-1,2.7127249240875244,2.209465980529785
baseline,48032,2462,SA17/D04_SA17_R01.txt,SA17,D04,1,0,test,700,900,-1,2.7286534309387207,2.209465980529785
baseline,48033,2462,SA17/D04_SA17_R01.txt,SA17,D04,1,0,test,800,1000,-1,2.7286534309387207,2.209465980529785
baseline,48034,2462,SA17/D04_SA17_R01.txt,SA17,D04,1,0,test,900,1100,-1,2.6422855854034424,2.209465980529785
baseline,48035,2462,SA17/D04_SA17_R01.txt,SA17,D04,1,0,test,1000,1200,-1,2.6422855854034424,2.209465980529785
baseline,48036,2462,SA17/D04_SA17_R01.txt,SA17,D04,1,0,test,1100,1300,-1,2.651193380355835,2.209465980529785
baseline,48037,2462,SA17/D04_SA17_R01.txt,SA17,D04,1,0,test,1200,1400,-1,2.651193380355835,2.209465980529785
baseline,48038,2462,SA17/D04_SA17_R01.txt,SA17,D04,1,0,test,1300,1500,-1,2.6382603645324707,2.209465980529785
baseline,48039,2462,SA17/D04_SA17_R01.txt,SA17,D04,1,0,test,1400,1600,-1,2.586296796798706,2.209465980529785
baseline,48040,2462,SA17/D04_SA17_R01.txt,SA17,D04,1,0,test,1500,1700,-1,2.538165807723999,2.209465980529785
baseline,48041,2462,SA17/D04_SA17_R01.txt,SA17,D04,1,0,test,1600,1800,-1,2.65358567237854,2.209465980529785
baseline,48042,2462,SA17/D04_SA17_R01.txt,SA17,D04,1,0,test,1700,1900,-1,2.65358567237854,2.209465980529785
baseline,48043,2462,SA17/D04_SA17_R01.txt,SA17,D04,1,0,test,1800,2000,-1,2.6094439029693604,2.209465980529785
baseline,48044,2462,SA17/D04_SA17_R01.txt,SA17,D04,1,0,test,1900,2100,-1,2.6094439029693604,2.209465980529785
baseline,48045,2462,SA17/D04_SA17_R01.txt,SA17,D04,1,0,test,2000,2200,-1,2.605607748031616,2.209465980529785
baseline,48046,2462,SA17/D04_SA17_R01.txt,SA17,D04,1,0,test,2100,2300,-1,2.6007614135742188,2.209465980529785
baseline,48047,2462,SA17/D04_SA17_R01.txt,SA17,D04,1,0,test,2200,2400,-1,2.5645627975463867,2.209465980529785
baseline,48048,2462,SA17/D04_SA17_R01.txt,SA17,D04,1,0,test,2300,2500,-1,2.5379691123962402,2.209465980529785
baseline,48049,2462,SA17/D04_SA17_R01.txt,SA17,D04,1,0,test,2400,2600,-1,2.6328766345977783,2.209465980529785
baseline,48050,2462,SA17/D04_SA17_R01.txt,SA17,D04,1,0,test,2500,2700,-1,2.6328766345977783,2.209465980529785
baseline,48051,2462,SA17/D04_SA17_R01.txt,SA17,D04,1,0,test,2600,2800,-1,2.607344388961792,2.209465980529785
baseline,48052,2462,SA17/D04_SA17_R01.txt,SA17,D04,1,0,test,2700,2900,-1,2.5069234371185303,2.209465980529785
baseline,48053,2462,SA17/D04_SA17_R01.txt,SA17,D04,1,0,test,2800,3000,-1,2.5665481090545654,2.209465980529785
baseline,48054,2462,SA17/D04_SA17_R01.txt,SA17,D04,1,0,test,2900,3100,-1,2.5665481090545654,2.209465980529785
baseline,48055,2462,SA17/D04_SA17_R01.txt,SA17,D04,1,0,test,3000,3200,-1,2.4211034774780273,2.209465980529785
baseline,48056,2462,SA17/D04_SA17_R01.txt,SA17,D04,1,0,test,3100,3300,-1,2.429741859436035,2.209465980529785
baseline,48057,2462,SA17/D04_SA17_R01.txt,SA17,D04,1,0,test,3200,3400,-1,2.5032095909118652,2.209465980529785
baseline,48058,2462,SA17/D04_SA17_R01.txt,SA17,D04,1,0,test,3300,3500,-1,2.5196900367736816,2.209465980529785
baseline,48059,2462,SA17/D04_SA17_R01.txt,SA17,D04,1,0,test,3400,3600,-1,2.5196900367736816,2.209465980529785
baseline,48060,2462,SA17/D04_SA17_R01.txt,SA17,D04,1,0,test,3500,3700,-1,2.4677011966705322,2.209465980529785
baseline,48061,2462,SA17/D04_SA17_R01.txt,SA17,D04,1,0,test,3600,3800,-1,2.429033041000366,2.209465980529785
baseline,48062,2462,SA17/D04_SA17_R01.txt,SA17,D04,1,0,test,3700,3900,-1,2.492465019226074,2.209465980529785
baseline,48063,2462,SA17/D04_SA17_R01.txt,SA17,D04,1,0,test,3800,4000,-1,2.492465019226074,2.209465980529785
baseline,48064,2462,SA17/D04_SA17_R01.txt,SA17,D04,1,0,test,3900,4100,-1,2.378554105758667,2.209465980529785
baseline,48065,2462,SA17/D04_SA17_R01.txt,SA17,D04,1,0,test,4000,4200,-1,2.4313228130340576,2.209465980529785
baseline,48066,2462,SA17/D04_SA17_R01.txt,SA17,D04,1,0,test,4100,4300,-1,2.434385061264038,2.209465980529785
baseline,48067,2462,SA17/D04_SA17_R01.txt,SA17,D04,1,0,test,4200,4400,-1,2.434385061264038,2.209465980529785
baseline,48068,2462,SA17/D04_SA17_R01.txt,SA17,D04,1,0,test,4300,4500,-1,2.641281843185425,2.209465980529785
baseline,48069,2462,SA17/D04_SA17_R01.txt,SA17,D04,1,0,test,4400,4600,-1,2.641281843185425,2.209465980529785
baseline,48070,2462,SA17/D04_SA17_R01.txt,SA17,D04,1,0,test,4500,4700,-1,2.6283681392669678,2.209465980529785
baseline,48071,2462,SA17/D04_SA17_R01.txt,SA17,D04,1,0,test,4600,4800,-1,2.7753169536590576,2.209465980529785
baseline,48072,2462,SA17/D04_SA17_R01.txt,SA17,D04,1,0,test,4700,4900,-1,2.7753169536590576,2.209465980529785
baseline,48073,2462,SA17/D04_SA17_R01.txt,SA17,D04,1,0,test,4800,5000,-1,2.5411763191223145,2.209465980529785
baseline,48074,2462,SA17/D04_SA17_R01.txt,SA17,D04,1,0,test,4900,5100,-1,2.635780096054077,2.209465980529785
baseline,48075,2462,SA17/D04_SA17_R01.txt,SA17,D04,1,0,test,5000,5200,-1,2.635780096054077,2.209465980529785
baseline,48076,2462,SA17/D04_SA17_R01.txt,SA17,D04,1,0,test,5100,5300,-1,2.60503888130188,2.209465980529785
baseline,48077,2462,SA17/D04_SA17_R01.txt,SA17,D04,1,0,test,5200,5400,-1,2.6258656978607178,2.209465980529785
baseline,48078,2462,SA17/D04_SA17_R01.txt,SA17,D04,1,0,test,5300,5500,-1,2.6258656978607178,2.209465980529785
baseline,48079,2462,SA17/D04_SA17_R01.txt,SA17,D04,1,0,test,5400,5600,-1,2.616774082183838,2.209465980529785
baseline,48080,2462,SA17/D04_SA17_R01.txt,SA17,D04,1,0,test,5500,5700,-1,2.616774082183838,2.209465980529785
baseline,48081,2462,SA17/D04_SA17_R01.txt,SA17,D04,1,0,test,5600,5800,-1,2.4869964122772217,2.209465980529785
baseline,48082,2462,SA17/D04_SA17_R01.txt,SA17,D04,1,0,test,5700,5900,-1,2.5222761631011963,2.209465980529785
baseline,48083,2462,SA17/D04_SA17_R01.txt,SA17,D04,1,0,test,5800,6000,-1,2.5711629390716553,2.209465980529785
baseline,48084,2462,SA17/D04_SA17_R01.txt,SA17,D04,1,0,test,5900,6100,-1,2.6559576988220215,2.209465980529785
baseline,48085,2462,SA17/D04_SA17_R01.txt,SA17,D04,1,0,test,6000,6200,-1,2.753833532333374,2.209465980529785
baseline,48086,2462,SA17/D04_SA17_R01.txt,SA17,D04,1,0,test,6100,6300,-1,2.753833532333374,2.209465980529785
baseline,48087,2462,SA17/D04_SA17_R01.txt,SA17,D04,1,0,test,6200,6400,-1,2.8178908824920654,2.209465980529785
baseline,48088,2462,SA17/D04_SA17_R01.txt,SA17,D04,1,0,test,6300,6500,-1,2.8178908824920654,2.209465980529785
baseline,48089,2462,SA17/D04_SA17_R01.txt,SA17,D04,1,0,test,6400,6600,-1,2.7074525356292725,2.209465980529785
baseline,48090,2462,SA17/D04_SA17_R01.txt,SA17,D04,1,0,test,6500,6700,-1,2.606593132019043,2.209465980529785
baseline,48091,2462,SA17/D04_SA17_R01.txt,SA17,D04,1,0,test,6600,6800,-1,2.736154317855835,2.209465980529785
baseline,48092,2462,SA17/D04_SA17_R01.txt,SA17,D04,1,0,test,6700,6900,-1,2.736154317855835,2.209465980529785
baseline,48093,2462,SA17/D04_SA17_R01.txt,SA17,D04,1,0,test,6800,7000,-1,2.7001240253448486,2.209465980529785
baseline,48094,2462,SA17/D04_SA17_R01.txt,SA17,D04,1,0,test,6900,7100,-1,2.7001240253448486,2.209465980529785
baseline,48095,2462,SA17/D04_SA17_R01.txt,SA17,D04,1,0,test,7000,7200,-1,2.679253339767456,2.209465980529785
baseline,48096,2462,SA17/D04_SA17_R01.txt,SA17,D04,1,0,test,7100,7300,-1,2.679253339767456,2.209465980529785
baseline,48097,2462,SA17/D04_SA17_R01.txt,SA17,D04,1,0,test,7200,7400,-1,2.667776346206665,2.209465980529785
baseline,48098,2462,SA17/D04_SA17_R01.txt,SA17,D04,1,0,test,7300,7500,-1,2.6194663047790527,2.209465980529785
baseline,48099,2462,SA17/D04_SA17_R01.txt,SA17,D04,1,0,test,7400,7600,-1,2.5821361541748047,2.209465980529785
baseline,48100,2462,SA17/D04_SA17_R01.txt,SA17,D04,1,0,test,7500,7700,-1,2.580704927444458,2.209465980529785
baseline,48101,2462,SA17/D04_SA17_R01.txt,SA17,D04,1,0,test,7600,7800,-1,2.4743521213531494,2.209465980529785
baseline,48102,2462,SA17/D04_SA17_R01.txt,SA17,D04,1,0,test,7700,7900,-1,2.452866554260254,2.209465980529785
baseline,48103,2462,SA17/D04_SA17_R01.txt,SA17,D04,1,0,test,7800,8000,-1,2.5488970279693604,2.209465980529785
baseline,48104,2462,SA17/D04_SA17_R01.txt,SA17,D04,1,0,test,7900,8100,-1,2.5488970279693604,2.209465980529785
baseline,48105,2462,SA17/D04_SA17_R01.txt,SA17,D04,1,0,test,8000,8200,-1,2.508939504623413,2.209465980529785
baseline,48106,2462,SA17/D04_SA17_R01.txt,SA17,D04,1,0,test,8100,8300,-1,2.672851800918579,2.209465980529785
baseline,48107,2462,SA17/D04_SA17_R01.txt,SA17,D04,1,0,test,8200,8400,-1,2.672851800918579,2.209465980529785
baseline,48108,2462,SA17/D04_SA17_R01.txt,SA17,D04,1,0,test,8300,8500,-1,2.6700751781463623,2.209465980529785
baseline,48109,2462,SA17/D04_SA17_R01.txt,SA17,D04,1,0,test,8400,8600,-1,2.5515248775482178,2.209465980529785
baseline,48110,2462,SA17/D04_SA17_R01.txt,SA17,D04,1,0,test,8500,8700,-1,2.664759874343872,2.209465980529785
baseline,48111,2462,SA17/D04_SA17_R01.txt,SA17,D04,1,0,test,8600,8800,-1,2.664759874343872,2.209465980529785
baseline,48112,2462,SA17/D04_SA17_R01.txt,SA17,D04,1,0,test,8700,8900,-1,2.641873359680176,2.209465980529785
baseline,48113,2462,SA17/D04_SA17_R01.txt,SA17,D04,1,0,test,8800,9000,-1,2.7936851978302,2.209465980529785
baseline,48114,2462,SA17/D04_SA17_R01.txt,SA17,D04,1,0,test,8900,9100,-1,2.7936851978302,2.209465980529785
baseline,48115,2462,SA17/D04_SA17_R01.txt,SA17,D04,1,0,test,9000,9200,-1,2.7380621433258057,2.209465980529785
baseline,48116,2462,SA17/D04_SA17_R01.txt,SA17,D04,1,0,test,9100,9300,-1,2.741025686264038,2.209465980529785
baseline,48117,2462,SA17/D04_SA17_R01.txt,SA17,D04,1,0,test,9200,9400,-1,2.741025686264038,2.209465980529785
baseline,48118,2462,SA17/D04_SA17_R01.txt,SA17,D04,1,0,test,9300,9500,-1,2.646906852722168,2.209465980529785
baseline,48119,2462,SA17/D04_SA17_R01.txt,SA17,D04,1,0,test,9400,9600,-1,2.764105796813965,2.209465980529785
baseline,48120,2462,SA17/D04_SA17_R01.txt,SA17,D04,1,0,test,9500,9700,-1,2.8225231170654297,2.209465980529785
baseline,48121,2462,SA17/D04_SA17_R01.txt,SA17,D04,1,0,test,9600,9800,-1,2.8225231170654297,2.209465980529785
baseline,48122,2462,SA17/D04_SA17_R01.txt,SA17,D04,1,0,test,9700,9900,-1,2.793246269226074,2.209465980529785
baseline,48123,2462,SA17/D04_SA17_R01.txt,SA17,D04,1,0,test,9800,10000,-1,2.793246269226074,2.209465980529785
baseline,48124,2462,SA17/D04_SA17_R01.txt,SA17,D04,1,0,test,9900,10100,-1,2.640604019165039,2.209465980529785
baseline,48125,2462,SA17/D04_SA17_R01.txt,SA17,D04,1,0,test,10000,10200,-1,2.560875654220581,2.209465980529785
baseline,48126,2462,SA17/D04_SA17_R01.txt,SA17,D04,1,0,test,10100,10300,-1,2.6277718544006348,2.209465980529785
baseline,48127,2462,SA17/D04_SA17_R01.txt,SA17,D04,1,0,test,10200,10400,-1,2.6277718544006348,2.209465980529785
baseline,48128,2462,SA17/D04_SA17_R01.txt,SA17,D04,1,0,test,10300,10500,-1,2.7061476707458496,2.209465980529785
baseline,48129,2462,SA17/D04_SA17_R01.txt,SA17,D04,1,0,test,10400,10600,-1,2.7061476707458496,2.209465980529785
baseline,48130,2462,SA17/D04_SA17_R01.txt,SA17,D04,1,0,test,10500,10700,-1,2.6564853191375732,2.209465980529785
baseline,48131,2462,SA17/D04_SA17_R01.txt,SA17,D04,1,0,test,10600,10800,-1,2.5634429454803467,2.209465980529785
baseline,48132,2462,SA17/D04_SA17_R01.txt,SA17,D04,1,0,test,10700,10900,-1,2.708334445953369,2.209465980529785
baseline,48133,2462,SA17/D04_SA17_R01.txt,SA17,D04,1,0,test,10800,11000,-1,2.7936956882476807,2.209465980529785
baseline,48134,2462,SA17/D04_SA17_R01.txt,SA17,D04,1,0,test,10900,11100,-1,2.7936956882476807,2.209465980529785
baseline,48135,2462,SA17/D04_SA17_R01.txt,SA17,D04,1,0,test,11000,11200,-1,2.5243499279022217,2.209465980529785
baseline,48136,2462,SA17/D04_SA17_R01.txt,SA17,D04,1,0,test,11100,11300,-1,2.6238067150115967,2.209465980529785
baseline,48137,2462,SA17/D04_SA17_R01.txt,SA17,D04,1,0,test,11200,11400,-1,2.6238067150115967,2.209465980529785
baseline,48138,2462,SA17/D04_SA17_R01.txt,SA17,D04,1,0,test,11300,11500,-1,2.6044399738311768,2.209465980529785
baseline,48139,2462,SA17/D04_SA17_R01.txt,SA17,D04,1,0,test,11400,11600,-1,2.6284701824188232,2.209465980529785
baseline,48140,2462,SA17/D04_SA17_R01.txt,SA17,D04,1,0,test,11500,11700,-1,2.7083816528320312,2.209465980529785
baseline,48141,2462,SA17/D04_SA17_R01.txt,SA17,D04,1,0,test,11600,11800,-1,2.7083816528320312,2.209465980529785
baseline,48142,2462,SA17/D04_SA17_R01.txt,SA17,D04,1,0,test,11700,11900,-1,2.5964112281799316,2.209465980529785
baseline,48143,2462,SA17/D04_SA17_R01.txt,SA17,D04,1,0,test,11800,12000,-1,2.603904962539673,2.209465980529785
baseline,48144,2462,SA17/D04_SA17_R01.txt,SA17,D04,1,0,test,11900,12100,-1,2.603904962539673,2.209465980529785
baseline,48145,2462,SA17/D04_SA17_R01.txt,SA17,D04,1,0,test,12000,12200,-1,2.6112594604492188,2.209465980529785
baseline,48146,2462,SA17/D04_SA17_R01.txt,SA17,D04,1,0,test,12100,12300,-1,2.6112594604492188,2.209465980529785
baseline,48147,2462,SA17/D04_SA17_R01.txt,SA17,D04,1,0,test,12200,12400,-1,2.4101734161376953,2.209465980529785
baseline,48148,2462,SA17/D04_SA17_R01.txt,SA17,D04,1,0,test,12300,12500,-1,2.4423019886016846,2.209465980529785
baseline,48149,2462,SA17/D04_SA17_R01.txt,SA17,D04,1,0,test,12400,12600,-1,2.5131070613861084,2.209465980529785
baseline,48150,2462,SA17/D04_SA17_R01.txt,SA17,D04,1,0,test,12500,12700,-1,2.5131070613861084,2.209465980529785
baseline,48151,2462,SA17/D04_SA17_R01.txt,SA17,D04,1,0,test,12600,12800,-1,2.7522220611572266,2.209465980529785
baseline,48152,2462,SA17/D04_SA17_R01.txt,SA17,D04,1,0,test,12700,12900,-1,2.7522220611572266,2.209465980529785
baseline,48153,2462,SA17/D04_SA17_R01.txt,SA17,D04,1,0,test,12800,13000,-1,2.589704751968384,2.209465980529785
baseline,48154,2462,SA17/D04_SA17_R01.txt,SA17,D04,1,0,test,12900,13100,-1,2.6389548778533936,2.209465980529785
baseline,48155,2462,SA17/D04_SA17_R01.txt,SA17,D04,1,0,test,13000,13200,-1,2.68381667137146,2.209465980529785
baseline,48156,2462,SA17/D04_SA17_R01.txt,SA17,D04,1,0,test,13100,13300,-1,2.712075710296631,2.209465980529785
baseline,48157,2462,SA17/D04_SA17_R01.txt,SA17,D04,1,0,test,13200,13400,-1,2.712075710296631,2.209465980529785
baseline,48158,2462,SA17/D04_SA17_R01.txt,SA17,D04,1,0,test,13300,13500,-1,2.599871873855591,2.209465980529785
baseline,48159,2462,SA17/D04_SA17_R01.txt,SA17,D04,1,0,test,13400,13600,-1,2.7127466201782227,2.209465980529785
baseline,48160,2462,SA17/D04_SA17_R01.txt,SA17,D04,1,0,test,13500,13700,-1,2.7127466201782227,2.209465980529785
baseline,48161,2462,SA17/D04_SA17_R01.txt,SA17,D04,1,0,test,13600,13800,-1,2.6520955562591553,2.209465980529785
baseline,48162,2462,SA17/D04_SA17_R01.txt,SA17,D04,1,0,test,13700,13900,-1,2.708899736404419,2.209465980529785
baseline,48163,2462,SA17/D04_SA17_R01.txt,SA17,D04,1,0,test,13800,14000,-1,2.7654385566711426,2.209465980529785
baseline,48164,2462,SA17/D04_SA17_R01.txt,SA17,D04,1,0,test,13900,14100,-1,2.7654385566711426,2.209465980529785
baseline,48165,2462,SA17/D04_SA17_R01.txt,SA17,D04,1,0,test,14000,14200,-1,2.6404168605804443,2.209465980529785
baseline,48166,2462,SA17/D04_SA17_R01.txt,SA17,D04,1,0,test,14100,14300,-1,2.6273202896118164,2.209465980529785
baseline,48167,2462,SA17/D04_SA17_R01.txt,SA17,D04,1,0,test,14200,14400,-1,2.615333318710327,2.209465980529785
baseline,48168,2462,SA17/D04_SA17_R01.txt,SA17,D04,1,0,test,14300,14500,-1,2.666917562484741,2.209465980529785
baseline,48169,2462,SA17/D04_SA17_R01.txt,SA17,D04,1,0,test,14400,14600,-1,2.666917562484741,2.209465980529785
baseline,48170,2462,SA17/D04_SA17_R01.txt,SA17,D04,1,0,test,14500,14700,-1,2.5966107845306396,2.209465980529785
baseline,48171,2462,SA17/D04_SA17_R01.txt,SA17,D04,1,0,test,14600,14800,-1,2.4204375743865967,2.209465980529785
baseline,48172,2462,SA17/D04_SA17_R01.txt,SA17,D04,1,0,test,14700,14900,-1,2.557245969772339,2.209465980529785
baseline,48173,2462,SA17/D04_SA17_R01.txt,SA17,D04,1,0,test,14800,15000,-1,2.557245969772339,2.209465980529785
baseline,48174,2462,SA17/D04_SA17_R01.txt,SA17,D04,1,0,test,14900,15100,-1,2.606268882751465,2.209465980529785
baseline,48175,2462,SA17/D04_SA17_R01.txt,SA17,D04,1,0,test,15000,15200,-1,2.606268882751465,2.209465980529785
baseline,48176,2462,SA17/D04_SA17_R01.txt,SA17,D04,1,0,test,15100,15300,-1,2.5655195713043213,2.209465980529785
baseline,48177,2462,SA17/D04_SA17_R01.txt,SA17,D04,1,0,test,15200,15400,-1,2.569000005722046,2.209465980529785
baseline,48178,2462,SA17/D04_SA17_R01.txt,SA17,D04,1,0,test,15300,15500,-1,2.569000005722046,2.209465980529785
baseline,48179,2462,SA17/D04_SA17_R01.txt,SA17,D04,1,0,test,15400,15600,-1,2.554572343826294,2.209465980529785
baseline,48180,2462,SA17/D04_SA17_R01.txt,SA17,D04,1,0,test,15500,15700,-1,2.6938655376434326,2.209465980529785
baseline,48181,2462,SA17/D04_SA17_R01.txt,SA17,D04,1,0,test,15600,15800,-1,2.6938655376434326,2.209465980529785
baseline,48182,2462,SA17/D04_SA17_R01.txt,SA17,D04,1,0,test,15700,15900,-1,2.601057291030884,2.209465980529785
baseline,48183,2462,SA17/D04_SA17_R01.txt,SA17,D04,1,0,test,15800,16000,-1,2.5939133167266846,2.209465980529785
baseline,48184,2462,SA17/D04_SA17_R01.txt,SA17,D04,1,0,test,15900,16100,-1,2.5939133167266846,2.209465980529785
baseline,48185,2462,SA17/D04_SA17_R01.txt,SA17,D04,1,0,test,16000,16200,-1,2.497069835662842,2.209465980529785
baseline,48186,2462,SA17/D04_SA17_R01.txt,SA17,D04,1,0,test,16100,16300,-1,2.692063093185425,2.209465980529785
baseline,48187,2462,SA17/D04_SA17_R01.txt,SA17,D04,1,0,test,16200,16400,-1,2.692063093185425,2.209465980529785
baseline,48188,2462,SA17/D04_SA17_R01.txt,SA17,D04,1,0,test,16300,16500,-1,2.593191623687744,2.209465980529785
baseline,48189,2462,SA17/D04_SA17_R01.txt,SA17,D04,1,0,test,16400,16600,-1,2.6118946075439453,2.209465980529785
baseline,48190,2462,SA17/D04_SA17_R01.txt,SA17,D04,1,0,test,16500,16700,-1,2.6118946075439453,2.209465980529785
baseline,48191,2462,SA17/D04_SA17_R01.txt,SA17,D04,1,0,test,16600,16800,-1,2.579249382019043,2.209465980529785
baseline,48192,2462,SA17/D04_SA17_R01.txt,SA17,D04,1,0,test,16700,16900,-1,2.4726483821868896,2.209465980529785
baseline,48193,2462,SA17/D04_SA17_R01.txt,SA17,D04,1,0,test,16800,17000,-1,2.5338075160980225,2.209465980529785
baseline,48194,2462,SA17/D04_SA17_R01.txt,SA17,D04,1,0,test,16900,17100,-1,2.577620267868042,2.209465980529785
baseline,48195,2462,SA17/D04_SA17_R01.txt,SA17,D04,1,0,test,17000,17200,-1,2.6016509532928467,2.209465980529785
baseline,48196,2462,SA17/D04_SA17_R01.txt,SA17,D04,1,0,test,17100,17300,-1,2.6016509532928467,2.209465980529785
baseline,48197,2462,SA17/D04_SA17_R01.txt,SA17,D04,1,0,test,17200,17400,-1,2.5964372158050537,2.209465980529785
baseline,48198,2462,SA17/D04_SA17_R01.txt,SA17,D04,1,0,test,17300,17500,-1,2.5964372158050537,2.209465980529785
baseline,48199,2462,SA17/D04_SA17_R01.txt,SA17,D04,1,0,test,17400,17600,-1,2.5677108764648438,2.209465980529785
baseline,48200,2462,SA17/D04_SA17_R01.txt,SA17,D04,1,0,test,17500,17700,-1,2.7320899963378906,2.209465980529785
baseline,48201,2462,SA17/D04_SA17_R01.txt,SA17,D04,1,0,test,17600,17800,-1,2.7320899963378906,2.209465980529785
baseline,48202,2462,SA17/D04_SA17_R01.txt,SA17,D04,1,0,test,17700,17900,-1,2.6709706783294678,2.209465980529785
baseline,48203,2462,SA17/D04_SA17_R01.txt,SA17,D04,1,0,test,17800,18000,-1,2.739853620529175,2.209465980529785
baseline,48204,2462,SA17/D04_SA17_R01.txt,SA17,D04,1,0,test,17900,18100,-1,2.739853620529175,2.209465980529785
baseline,48205,2462,SA17/D04_SA17_R01.txt,SA17,D04,1,0,test,18000,18200,-1,2.724949598312378,2.209465980529785
baseline,48206,2462,SA17/D04_SA17_R01.txt,SA17,D04,1,0,test,18100,18300,-1,2.6965513229370117,2.209465980529785
baseline,48207,2462,SA17/D04_SA17_R01.txt,SA17,D04,1,0,test,18200,18400,-1,2.7419869899749756,2.209465980529785
baseline,48208,2462,SA17/D04_SA17_R01.txt,SA17,D04,1,0,test,18300,18500,-1,2.7419869899749756,2.209465980529785
baseline,48209,2462,SA17/D04_SA17_R01.txt,SA17,D04,1,0,test,18400,18600,-1,2.6009933948516846,2.209465980529785
baseline,48210,2462,SA17/D04_SA17_R01.txt,SA17,D04,1,0,test,18500,18700,-1,2.733466625213623,2.209465980529785
baseline,48211,2462,SA17/D04_SA17_R01.txt,SA17,D04,1,0,test,18600,18800,-1,2.733466625213623,2.209465980529785
baseline,48212,2462,SA17/D04_SA17_R01.txt,SA17,D04,1,0,test,18700,18900,-1,2.906017541885376,2.209465980529785
baseline,48213,2462,SA17/D04_SA17_R01.txt,SA17,D04,1,0,test,18800,19000,-1,2.906017541885376,2.209465980529785
baseline,48214,2462,SA17/D04_SA17_R01.txt,SA17,D04,1,0,test,18900,19100,-1,2.7052817344665527,2.209465980529785
baseline,48215,2462,SA17/D04_SA17_R01.txt,SA17,D04,1,0,test,19000,19200,-1,2.721576690673828,2.209465980529785
baseline,48216,2462,SA17/D04_SA17_R01.txt,SA17,D04,1,0,test,19100,19300,-1,2.721576690673828,2.209465980529785
baseline,48217,2462,SA17/D04_SA17_R01.txt,SA17,D04,1,0,test,19200,19400,-1,2.5707364082336426,2.209465980529785
baseline,48218,2462,SA17/D04_SA17_R01.txt,SA17,D04,1,0,test,19300,19500,-1,2.6730613708496094,2.209465980529785
baseline,48219,2462,SA17/D04_SA17_R01.txt,SA17,D04,1,0,test,19400,19600,-1,2.6730613708496094,2.209465980529785
baseline,48220,2462,SA17/D04_SA17_R01.txt,SA17,D04,1,0,test,19500,19700,-1,2.6328625679016113,2.209465980529785
baseline,48221,2462,SA17/D04_SA17_R01.txt,SA17,D04,1,0,test,19600,19800,-1,2.6347789764404297,2.209465980529785
baseline,48222,2462,SA17/D04_SA17_R01.txt,SA17,D04,1,0,test,19700,19900,-1,2.6347789764404297,2.209465980529785
baseline,48223,2462,SA17/D04_SA17_R01.txt,SA17,D04,1,0,test,19800,20000,-1,2.788235664367676,2.209465980529785
baseline,48472,2468,SA17/D06_SA17_R02.txt,SA17,D06,2,0,test,400,600,-1,2.345148801803589,2.209465980529785
baseline,48473,2468,SA17/D06_SA17_R02.txt,SA17,D06,2,0,test,500,700,-1,2.589839458465576,2.209465980529785
baseline,48474,2468,SA17/D06_SA17_R02.txt,SA17,D06,2,0,test,600,800,-1,2.589839458465576,2.209465980529785
baseline,48475,2468,SA17/D06_SA17_R02.txt,SA17,D06,2,0,test,700,900,-1,2.5082602500915527,2.209465980529785
baseline,48476,2468,SA17/D06_SA17_R02.txt,SA17,D06,2,0,test,800,1000,-1,2.5082602500915527,2.209465980529785
baseline,48477,2468,SA17/D06_SA17_R02.txt,SA17,D06,2,0,test,900,1100,-1,2.44445538520813,2.209465980529785
baseline,48523,2469,SA17/D06_SA17_R03.txt,SA17,D06,3,0,test,600,800,-1,2.339857578277588,2.209465980529785
baseline,48524,2469,SA17/D06_SA17_R03.txt,SA17,D06,3,0,test,700,900,-1,2.726553201675415,2.209465980529785
baseline,48525,2469,SA17/D06_SA17_R03.txt,SA17,D06,3,0,test,800,1000,-1,2.726553201675415,2.209465980529785
baseline,48526,2469,SA17/D06_SA17_R03.txt,SA17,D06,3,0,test,900,1100,-1,2.638780355453491,2.209465980529785
baseline,48527,2469,SA17/D06_SA17_R03.txt,SA17,D06,3,0,test,1000,1200,-1,2.6180596351623535,2.209465980529785
baseline,48528,2469,SA17/D06_SA17_R03.txt,SA17,D06,3,0,test,1100,1300,-1,2.518338918685913,2.209465980529785
baseline,48571,2470,SA17/D06_SA17_R04.txt,SA17,D06,4,0,test,500,700,-1,2.401169538497925,2.209465980529785
baseline,48572,2470,SA17/D06_SA17_R04.txt,SA17,D06,4,0,test,600,800,-1,2.7552623748779297,2.209465980529785
baseline,48573,2470,SA17/D06_SA17_R04.txt,SA17,D06,4,0,test,700,900,-1,2.7552623748779297,2.209465980529785
baseline,48574,2470,SA17/D06_SA17_R04.txt,SA17,D06,4,0,test,800,1000,-1,2.674018383026123,2.209465980529785
baseline,48575,2470,SA17/D06_SA17_R04.txt,SA17,D06,4,0,test,900,1100,-1,2.518749237060547,2.209465980529785
baseline,48576,2470,SA17/D06_SA17_R04.txt,SA17,D06,4,0,test,1000,1200,-1,2.3983261585235596,2.209465980529785
baseline,48620,2471,SA17/D06_SA17_R05.txt,SA17,D06,5,0,test,500,700,-1,2.2555222511291504,2.209465980529785
baseline,48621,2471,SA17/D06_SA17_R05.txt,SA17,D06,5,0,test,600,800,-1,2.6350183486938477,2.209465980529785
baseline,48622,2471,SA17/D06_SA17_R05.txt,SA17,D06,5,0,test,700,900,-1,2.6350183486938477,2.209465980529785
baseline,48623,2471,SA17/D06_SA17_R05.txt,SA17,D06,5,0,test,800,1000,-1,2.5583715438842773,2.209465980529785
baseline,48624,2471,SA17/D06_SA17_R05.txt,SA17,D06,5,0,test,900,1100,-1,2.51332426071167,2.209465980529785
baseline,48625,2471,SA17/D06_SA17_R05.txt,SA17,D06,5,0,test,1000,1200,-1,2.359877586364746,2.209465980529785
baseline,48626,2471,SA17/D06_SA17_R05.txt,SA17,D06,5,0,test,1100,1300,-1,2.251880645751953,2.209465980529785
baseline,50065,2527,SA17/D18_SA17_R01.txt,SA17,D18,1,0,test,1000,1200,-1,2.2550034523010254,2.209465980529785
baseline,50066,2527,SA17/D18_SA17_R01.txt,SA17,D18,1,0,test,1100,1300,-1,2.2550034523010254,2.209465980529785
baseline,50158,2531,SA17/D18_SA17_R05.txt,SA17,D18,5,0,test,1100,1300,-1,2.4645302295684814,2.209465980529785
baseline,50159,2531,SA17/D18_SA17_R05.txt,SA17,D18,5,0,test,1200,1400,-1,2.4645302295684814,2.209465980529785
baseline,50160,2531,SA17/D18_SA17_R05.txt,SA17,D18,5,0,test,1300,1500,-1,2.4065637588500977,2.209465980529785
baseline,50175,2532,SA17/D19_SA17_R01.txt,SA17,D19,1,0,test,500,700,-1,2.589827060699463,2.209465980529785
baseline,50176,2532,SA17/D19_SA17_R01.txt,SA17,D19,1,0,test,600,800,-1,2.8865702152252197,2.209465980529785
baseline,50177,2532,SA17/D19_SA17_R01.txt,SA17,D19,1,0,test,700,900,-1,2.8865702152252197,2.209465980529785
baseline,50179,2532,SA17/D19_SA17_R01.txt,SA17,D19,1,0,test,900,1100,-1,2.8996646404266357,2.209465980529785
baseline,50180,2532,SA17/D19_SA17_R01.txt,SA17,D19,1,0,test,1000,1200,-1,2.8996646404266357,2.209465980529785
baseline,50181,2532,SA17/D19_SA17_R01.txt,SA17,D19,1,0,test,1100,1300,-1,2.8048293590545654,2.209465980529785
baseline,50203,2533,SA17/D19_SA17_R02.txt,SA17,D19,2,0,test,1000,1200,-1,2.3060555458068848,2.209465980529785
baseline,50204,2533,SA17/D19_SA17_R02.txt,SA17,D19,2,0,test,1100,1300,-1,2.3060555458068848,2.209465980529785
baseline,50221,2534,SA17/D19_SA17_R03.txt,SA17,D19,3,0,test,500,700,-1,2.35209059715271,2.209465980529785
baseline,50222,2534,SA17/D19_SA17_R03.txt,SA17,D19,3,0,test,600,800,-1,2.35209059715271,2.209465980529785
baseline,50225,2534,SA17/D19_SA17_R03.txt,SA17,D19,3,0,test,900,1100,-1,2.8106865882873535,2.209465980529785
baseline,50226,2534,SA17/D19_SA17_R03.txt,SA17,D19,3,0,test,1000,1200,-1,2.8106865882873535,2.209465980529785
baseline,50227,2534,SA17/D19_SA17_R03.txt,SA17,D19,3,0,test,1100,1300,-1,2.709423303604126,2.209465980529785
baseline,50245,2535,SA17/D19_SA17_R04.txt,SA17,D19,4,0,test,600,800,-1,2.5513417720794678,2.209465980529785
baseline,50246,2535,SA17/D19_SA17_R04.txt,SA17,D19,4,0,test,700,900,-1,2.553797483444214,2.209465980529785
baseline,50247,2535,SA17/D19_SA17_R04.txt,SA17,D19,4,0,test,800,1000,-1,2.553797483444214,2.209465980529785
baseline,50249,2535,SA17/D19_SA17_R04.txt,SA17,D19,4,0,test,1000,1200,-1,2.899636745452881,2.209465980529785
baseline,50250,2535,SA17/D19_SA17_R04.txt,SA17,D19,4,0,test,1100,1300,-1,2.965512752532959,2.209465980529785
baseline,50251,2535,SA17/D19_SA17_R04.txt,SA17,D19,4,0,test,1200,1400,-1,2.965512752532959,2.209465980529785
baseline,50252,2535,SA17/D19_SA17_R04.txt,SA17,D19,4,0,test,1300,1500,-1,2.9602301120758057,2.209465980529785
baseline,50269,2536,SA17/D19_SA17_R05.txt,SA17,D19,5,0,test,700,900,-1,2.546638011932373,2.209465980529785
baseline,50270,2536,SA17/D19_SA17_R05.txt,SA17,D19,5,0,test,800,1000,-1,2.6002156734466553,2.209465980529785
baseline,50271,2536,SA17/D19_SA17_R05.txt,SA17,D19,5,0,test,900,1100,-1,2.6002156734466553,2.209465980529785
baseline,50273,2536,SA17/D19_SA17_R05.txt,SA17,D19,5,0,test,1100,1300,-1,3.117868185043335,2.209465980529785
baseline,50274,2536,SA17/D19_SA17_R05.txt,SA17,D19,5,0,test,1200,1400,-1,3.117868185043335,2.209465980529785
baseline,50275,2536,SA17/D19_SA17_R05.txt,SA17,D19,5,0,test,1300,1500,-1,2.946511745452881,2.209465980529785
baseline,50351,2603,SA17/F14_SA17_R02.txt,SA17,F14,2,1,test,960,1160,1060,2.1997768878936768,2.209465980529785
baseline,65747,3381,SA23/D04_SA23_R01.txt,SA23,D04,1,0,test,600,800,-1,2.289834499359131,2.209465980529785
baseline,65748,3381,SA23/D04_SA23_R01.txt,SA23,D04,1,0,test,700,900,-1,2.289834499359131,2.209465980529785
baseline,65749,3381,SA23/D04_SA23_R01.txt,SA23,D04,1,0,test,800,1000,-1,2.2276813983917236,2.209465980529785
baseline,65750,3381,SA23/D04_SA23_R01.txt,SA23,D04,1,0,test,900,1100,-1,2.2276813983917236,2.209465980529785
baseline,65752,3381,SA23/D04_SA23_R01.txt,SA23,D04,1,0,test,1100,1300,-1,2.3003385066986084,2.209465980529785
baseline,65753,3381,SA23/D04_SA23_R01.txt,SA23,D04,1,0,test,1200,1400,-1,2.3003385066986084,2.209465980529785
baseline,65754,3381,SA23/D04_SA23_R01.txt,SA23,D04,1,0,test,1300,1500,-1,2.2627480030059814,2.209465980529785
baseline,65755,3381,SA23/D04_SA23_R01.txt,SA23,D04,1,0,test,1400,1600,-1,2.2699475288391113,2.209465980529785
baseline,65756,3381,SA23/D04_SA23_R01.txt,SA23,D04,1,0,test,1500,1700,-1,2.388125419616699,2.209465980529785
baseline,65757,3381,SA23/D04_SA23_R01.txt,SA23,D04,1,0,test,1600,1800,-1,2.4006857872009277,2.209465980529785
baseline,65758,3381,SA23/D04_SA23_R01.txt,SA23,D04,1,0,test,1700,1900,-1,2.422393321990967,2.209465980529785
baseline,65759,3381,SA23/D04_SA23_R01.txt,SA23,D04,1,0,test,1800,2000,-1,2.422393321990967,2.209465980529785
baseline,65760,3381,SA23/D04_SA23_R01.txt,SA23,D04,1,0,test,1900,2100,-1,2.413719654083252,2.209465980529785
baseline,65761,3381,SA23/D04_SA23_R01.txt,SA23,D04,1,0,test,2000,2200,-1,2.4510905742645264,2.209465980529785
baseline,65762,3381,SA23/D04_SA23_R01.txt,SA23,D04,1,0,test,2100,2300,-1,2.4510905742645264,2.209465980529785
baseline,65763,3381,SA23/D04_SA23_R01.txt,SA23,D04,1,0,test,2200,2400,-1,2.4106228351593018,2.209465980529785
baseline,65764,3381,SA23/D04_SA23_R01.txt,SA23,D04,1,0,test,2300,2500,-1,2.4959962368011475,2.209465980529785
baseline,65765,3381,SA23/D04_SA23_R01.txt,SA23,D04,1,0,test,2400,2600,-1,2.4959962368011475,2.209465980529785
baseline,65766,3381,SA23/D04_SA23_R01.txt,SA23,D04,1,0,test,2500,2700,-1,2.449882984161377,2.209465980529785
baseline,65767,3381,SA23/D04_SA23_R01.txt,SA23,D04,1,0,test,2600,2800,-1,2.406909227371216,2.209465980529785
baseline,65768,3381,SA23/D04_SA23_R01.txt,SA23,D04,1,0,test,2700,2900,-1,2.406909227371216,2.209465980529785
baseline,65769,3381,SA23/D04_SA23_R01.txt,SA23,D04,1,0,test,2800,3000,-1,2.406789541244507,2.209465980529785
baseline,65770,3381,SA23/D04_SA23_R01.txt,SA23,D04,1,0,test,2900,3100,-1,2.2602028846740723,2.209465980529785
baseline,65771,3381,SA23/D04_SA23_R01.txt,SA23,D04,1,0,test,3000,3200,-1,2.402036428451538,2.209465980529785
baseline,65772,3381,SA23/D04_SA23_R01.txt,SA23,D04,1,0,test,3100,3300,-1,2.496461868286133,2.209465980529785
baseline,65773,3381,SA23/D04_SA23_R01.txt,SA23,D04,1,0,test,3200,3400,-1,2.496461868286133,2.209465980529785
baseline,65774,3381,SA23/D04_SA23_R01.txt,SA23,D04,1,0,test,3300,3500,-1,2.476468324661255,2.209465980529785
baseline,65775,3381,SA23/D04_SA23_R01.txt,SA23,D04,1,0,test,3400,3600,-1,2.476468324661255,2.209465980529785
baseline,65776,3381,SA23/D04_SA23_R01.txt,SA23,D04,1,0,test,3500,3700,-1,2.4549331665039062,2.209465980529785
baseline,65777,3381,SA23/D04_SA23_R01.txt,SA23,D04,1,0,test,3600,3800,-1,2.4549331665039062,2.209465980529785
baseline,65778,3381,SA23/D04_SA23_R01.txt,SA23,D04,1,0,test,3700,3900,-1,2.42293643951416,2.209465980529785
baseline,65779,3381,SA23/D04_SA23_R01.txt,SA23,D04,1,0,test,3800,4000,-1,2.42293643951416,2.209465980529785
baseline,65780,3381,SA23/D04_SA23_R01.txt,SA23,D04,1,0,test,3900,4100,-1,2.4433374404907227,2.209465980529785
baseline,65781,3381,SA23/D04_SA23_R01.txt,SA23,D04,1,0,test,4000,4200,-1,2.4433374404907227,2.209465980529785
baseline,65782,3381,SA23/D04_SA23_R01.txt,SA23,D04,1,0,test,4100,4300,-1,2.440656900405884,2.209465980529785
baseline,65783,3381,SA23/D04_SA23_R01.txt,SA23,D04,1,0,test,4200,4400,-1,2.506223201751709,2.209465980529785
baseline,65784,3381,SA23/D04_SA23_R01.txt,SA23,D04,1,0,test,4300,4500,-1,2.506223201751709,2.209465980529785
baseline,65785,3381,SA23/D04_SA23_R01.txt,SA23,D04,1,0,test,4400,4600,-1,2.4797427654266357,2.209465980529785
baseline,65786,3381,SA23/D04_SA23_R01.txt,SA23,D04,1,0,test,4500,4700,-1,2.473353624343872,2.209465980529785
baseline,65787,3381,SA23/D04_SA23_R01.txt,SA23,D04,1,0,test,4600,4800,-1,2.463125467300415,2.209465980529785
baseline,65788,3381,SA23/D04_SA23_R01.txt,SA23,D04,1,0,test,4700,4900,-1,2.395150899887085,2.209465980529785
baseline,65789,3381,SA23/D04_SA23_R01.txt,SA23,D04,1,0,test,4800,5000,-1,2.395150899887085,2.209465980529785
baseline,65790,3381,SA23/D04_SA23_R01.txt,SA23,D04,1,0,test,4900,5100,-1,2.5140936374664307,2.209465980529785
baseline,65791,3381,SA23/D04_SA23_R01.txt,SA23,D04,1,0,test,5000,5200,-1,2.5140936374664307,2.209465980529785
baseline,65792,3381,SA23/D04_SA23_R01.txt,SA23,D04,1,0,test,5100,5300,-1,2.328248977661133,2.209465980529785
baseline,65793,3381,SA23/D04_SA23_R01.txt,SA23,D04,1,0,test,5200,5400,-1,2.4677894115448,2.209465980529785
baseline,65794,3381,SA23/D04_SA23_R01.txt,SA23,D04,1,0,test,5300,5500,-1,2.4677894115448,2.209465980529785
baseline,65795,3381,SA23/D04_SA23_R01.txt,SA23,D04,1,0,test,5400,5600,-1,2.3818132877349854,2.209465980529785
baseline,65796,3381,SA23/D04_SA23_R01.txt,SA23,D04,1,0,test,5500,5700,-1,2.3356852531433105,2.209465980529785
baseline,65797,3381,SA23/D04_SA23_R01.txt,SA23,D04,1,0,test,5600,5800,-1,2.3937673568725586,2.209465980529785
baseline,65798,3381,SA23/D04_SA23_R01.txt,SA23,D04,1,0,test,5700,5900,-1,2.3937673568725586,2.209465980529785
baseline,65799,3381,SA23/D04_SA23_R01.txt,SA23,D04,1,0,test,5800,6000,-1,2.346810817718506,2.209465980529785
baseline,65800,3381,SA23/D04_SA23_R01.txt,SA23,D04,1,0,test,5900,6100,-1,2.346810817718506,2.209465980529785
baseline,65801,3381,SA23/D04_SA23_R01.txt,SA23,D04,1,0,test,6000,6200,-1,2.244633674621582,2.209465980529785
baseline,65802,3381,SA23/D04_SA23_R01.txt,SA23,D04,1,0,test,6100,6300,-1,2.244633674621582,2.209465980529785
baseline,65803,3381,SA23/D04_SA23_R01.txt,SA23,D04,1,0,test,6200,6400,-1,2.284482955932617,2.209465980529785
baseline,65804,3381,SA23/D04_SA23_R01.txt,SA23,D04,1,0,test,6300,6500,-1,2.284482955932617,2.209465980529785
baseline,65805,3381,SA23/D04_SA23_R01.txt,SA23,D04,1,0,test,6400,6600,-1,2.3293535709381104,2.209465980529785
baseline,65806,3381,SA23/D04_SA23_R01.txt,SA23,D04,1,0,test,6500,6700,-1,2.3403892517089844,2.209465980529785
baseline,65807,3381,SA23/D04_SA23_R01.txt,SA23,D04,1,0,test,6600,6800,-1,2.3433005809783936,2.209465980529785
baseline,65808,3381,SA23/D04_SA23_R01.txt,SA23,D04,1,0,test,6700,6900,-1,2.3826355934143066,2.209465980529785
baseline,65809,3381,SA23/D04_SA23_R01.txt,SA23,D04,1,0,test,6800,7000,-1,2.3826355934143066,2.209465980529785
baseline,65810,3381,SA23/D04_SA23_R01.txt,SA23,D04,1,0,test,6900,7100,-1,2.323070526123047,2.209465980529785
baseline,65811,3381,SA23/D04_SA23_R01.txt,SA23,D04,1,0,test,7000,7200,-1,2.4377169609069824,2.209465980529785
baseline,65812,3381,SA23/D04_SA23_R01.txt,SA23,D04,1,0,test,7100,7300,-1,2.4377169609069824,2.209465980529785
baseline,65813,3381,SA23/D04_SA23_R01.txt,SA23,D04,1,0,test,7200,7400,-1,2.3838107585906982,2.209465980529785
baseline,65814,3381,SA23/D04_SA23_R01.txt,SA23,D04,1,0,test,7300,7500,-1,2.3906867504119873,2.209465980529785
baseline,65815,3381,SA23/D04_SA23_R01.txt,SA23,D04,1,0,test,7400,7600,-1,2.4372291564941406,2.209465980529785
baseline,65816,3381,SA23/D04_SA23_R01.txt,SA23,D04,1,0,test,7500,7700,-1,2.4372291564941406,2.209465980529785
baseline,65817,3381,SA23/D04_SA23_R01.txt,SA23,D04,1,0,test,7600,7800,-1,2.43637752532959,2.209465980529785
baseline,65818,3381,SA23/D04_SA23_R01.txt,SA23,D04,1,0,test,7700,7900,-1,2.334048271179199,2.209465980529785
baseline,65819,3381,SA23/D04_SA23_R01.txt,SA23,D04,1,0,test,7800,8000,-1,2.329216957092285,2.209465980529785
baseline,65820,3381,SA23/D04_SA23_R01.txt,SA23,D04,1,0,test,7900,8100,-1,2.370410919189453,2.209465980529785
baseline,65821,3381,SA23/D04_SA23_R01.txt,SA23,D04,1,0,test,8000,8200,-1,2.4483718872070312,2.209465980529785
baseline,65822,3381,SA23/D04_SA23_R01.txt,SA23,D04,1,0,test,8100,8300,-1,2.4483718872070312,2.209465980529785
baseline,65823,3381,SA23/D04_SA23_R01.txt,SA23,D04,1,0,test,8200,8400,-1,2.3690969944000244,2.209465980529785
baseline,65824,3381,SA23/D04_SA23_R01.txt,SA23,D04,1,0,test,8300,8500,-1,2.3738086223602295,2.209465980529785
baseline,65825,3381,SA23/D04_SA23_R01.txt,SA23,D04,1,0,test,8400,8600,-1,2.3738086223602295,2.209465980529785
baseline,65826,3381,SA23/D04_SA23_R01.txt,SA23,D04,1,0,test,8500,8700,-1,2.3074159622192383,2.209465980529785
baseline,65827,3381,SA23/D04_SA23_R01.txt,SA23,D04,1,0,test,8600,8800,-1,2.3193769454956055,2.209465980529785
baseline,65828,3381,SA23/D04_SA23_R01.txt,SA23,D04,1,0,test,8700,8900,-1,2.3255155086517334,2.209465980529785
baseline,65829,3381,SA23/D04_SA23_R01.txt,SA23,D04,1,0,test,8800,9000,-1,2.3255155086517334,2.209465980529785
baseline,65830,3381,SA23/D04_SA23_R01.txt,SA23,D04,1,0,test,8900,9100,-1,2.409818649291992,2.209465980529785
baseline,65831,3381,SA23/D04_SA23_R01.txt,SA23,D04,1,0,test,9000,9200,-1,2.4104950428009033,2.209465980529785
baseline,65832,3381,SA23/D04_SA23_R01.txt,SA23,D04,1,0,test,9100,9300,-1,2.4104950428009033,2.209465980529785
baseline,65833,3381,SA23/D04_SA23_R01.txt,SA23,D04,1,0,test,9200,9400,-1,2.4944565296173096,2.209465980529785
baseline,65834,3381,SA23/D04_SA23_R01.txt,SA23,D04,1,0,test,9300,9500,-1,2.4944565296173096,2.209465980529785
baseline,65835,3381,SA23/D04_SA23_R01.txt,SA23,D04,1,0,test,9400,9600,-1,2.374943494796753,2.209465980529785
baseline,65836,3381,SA23/D04_SA23_R01.txt,SA23,D04,1,0,test,9500,9700,-1,2.380248785018921,2.209465980529785
baseline,65837,3381,SA23/D04_SA23_R01.txt,SA23,D04,1,0,test,9600,9800,-1,2.535212755203247,2.209465980529785
baseline,65838,3381,SA23/D04_SA23_R01.txt,SA23,D04,1,0,test,9700,9900,-1,2.535212755203247,2.209465980529785
baseline,65839,3381,SA23/D04_SA23_R01.txt,SA23,D04,1,0,test,9800,10000,-1,2.5963659286499023,2.209465980529785
baseline,65840,3381,SA23/D04_SA23_R01.txt,SA23,D04,1,0,test,9900,10100,-1,2.5963659286499023,2.209465980529785
baseline,65841,3381,SA23/D04_SA23_R01.txt,SA23,D04,1,0,test,10000,10200,-1,2.477654457092285,2.209465980529785
baseline,65842,3381,SA23/D04_SA23_R01.txt,SA23,D04,1,0,test,10100,10300,-1,2.5218210220336914,2.209465980529785
baseline,65843,3381,SA23/D04_SA23_R01.txt,SA23,D04,1,0,test,10200,10400,-1,2.5238234996795654,2.209465980529785
baseline,65844,3381,SA23/D04_SA23_R01.txt,SA23,D04,1,0,test,10300,10500,-1,2.5238234996795654,2.209465980529785
baseline,65845,3381,SA23/D04_SA23_R01.txt,SA23,D04,1,0,test,10400,10600,-1,2.564913749694824,2.209465980529785
baseline,65846,3381,SA23/D04_SA23_R01.txt,SA23,D04,1,0,test,10500,10700,-1,2.564913749694824,2.209465980529785
baseline,65847,3381,SA23/D04_SA23_R01.txt,SA23,D04,1,0,test,10600,10800,-1,2.554872989654541,2.209465980529785
baseline,65848,3381,SA23/D04_SA23_R01.txt,SA23,D04,1,0,test,10700,10900,-1,2.383181571960449,2.209465980529785
baseline,65849,3381,SA23/D04_SA23_R01.txt,SA23,D04,1,0,test,10800,11000,-1,2.4109151363372803,2.209465980529785
baseline,65850,3381,SA23/D04_SA23_R01.txt,SA23,D04,1,0,test,10900,11100,-1,2.538024663925171,2.209465980529785
baseline,65851,3381,SA23/D04_SA23_R01.txt,SA23,D04,1,0,test,11000,11200,-1,2.538024663925171,2.209465980529785
baseline,65852,3381,SA23/D04_SA23_R01.txt,SA23,D04,1,0,test,11100,11300,-1,2.457584857940674,2.209465980529785
baseline,65853,3381,SA23/D04_SA23_R01.txt,SA23,D04,1,0,test,11200,11400,-1,2.4559340476989746,2.209465980529785
baseline,65854,3381,SA23/D04_SA23_R01.txt,SA23,D04,1,0,test,11300,11500,-1,2.358588218688965,2.209465980529785
baseline,65855,3381,SA23/D04_SA23_R01.txt,SA23,D04,1,0,test,11400,11600,-1,2.5340795516967773,2.209465980529785
baseline,65856,3381,SA23/D04_SA23_R01.txt,SA23,D04,1,0,test,11500,11700,-1,2.5340795516967773,2.209465980529785
baseline,65857,3381,SA23/D04_SA23_R01.txt,SA23,D04,1,0,test,11600,11800,-1,2.3301784992218018,2.209465980529785
baseline,65858,3381,SA23/D04_SA23_R01.txt,SA23,D04,1,0,test,11700,11900,-1,2.318394660949707,2.209465980529785
baseline,65859,3381,SA23/D04_SA23_R01.txt,SA23,D04,1,0,test,11800,12000,-1,2.318394660949707,2.209465980529785
baseline,65860,3381,SA23/D04_SA23_R01.txt,SA23,D04,1,0,test,11900,12100,-1,2.281712770462036,2.209465980529785
baseline,65861,3381,SA23/D04_SA23_R01.txt,SA23,D04,1,0,test,12000,12200,-1,2.5125114917755127,2.209465980529785
baseline,65862,3381,SA23/D04_SA23_R01.txt,SA23,D04,1,0,test,12100,12300,-1,2.546870708465576,2.209465980529785
baseline,65863,3381,SA23/D04_SA23_R01.txt,SA23,D04,1,0,test,12200,12400,-1,2.546870708465576,2.209465980529785
baseline,65864,3381,SA23/D04_SA23_R01.txt,SA23,D04,1,0,test,12300,12500,-1,2.430354356765747,2.209465980529785
baseline,65865,3381,SA23/D04_SA23_R01.txt,SA23,D04,1,0,test,12400,12600,-1,2.430354356765747,2.209465980529785
baseline,65866,3381,SA23/D04_SA23_R01.txt,SA23,D04,1,0,test,12500,12700,-1,2.375804901123047,2.209465980529785
baseline,65867,3381,SA23/D04_SA23_R01.txt,SA23,D04,1,0,test,12600,12800,-1,2.41064453125,2.209465980529785
baseline,65868,3381,SA23/D04_SA23_R01.txt,SA23,D04,1,0,test,12700,12900,-1,2.41064453125,2.209465980529785
baseline,65869,3381,SA23/D04_SA23_R01.txt,SA23,D04,1,0,test,12800,13000,-1,2.3298447132110596,2.209465980529785
baseline,65870,3381,SA23/D04_SA23_R01.txt,SA23,D04,1,0,test,12900,13100,-1,2.4575295448303223,2.209465980529785
baseline,65871,3381,SA23/D04_SA23_R01.txt,SA23,D04,1,0,test,13000,13200,-1,2.4575295448303223,2.209465980529785
baseline,65872,3381,SA23/D04_SA23_R01.txt,SA23,D04,1,0,test,13100,13300,-1,2.3082332611083984,2.209465980529785
baseline,65873,3381,SA23/D04_SA23_R01.txt,SA23,D04,1,0,test,13200,13400,-1,2.3641273975372314,2.209465980529785
baseline,65874,3381,SA23/D04_SA23_R01.txt,SA23,D04,1,0,test,13300,13500,-1,2.3641273975372314,2.209465980529785
baseline,65875,3381,SA23/D04_SA23_R01.txt,SA23,D04,1,0,test,13400,13600,-1,2.337986946105957,2.209465980529785
baseline,65876,3381,SA23/D04_SA23_R01.txt,SA23,D04,1,0,test,13500,13700,-1,2.401216983795166,2.209465980529785
baseline,65877,3381,SA23/D04_SA23_R01.txt,SA23,D04,1,0,test,13600,13800,-1,2.469031572341919,2.209465980529785
baseline,65878,3381,SA23/D04_SA23_R01.txt,SA23,D04,1,0,test,13700,13900,-1,2.469031572341919,2.209465980529785
baseline,65879,3381,SA23/D04_SA23_R01.txt,SA23,D04,1,0,test,13800,14000,-1,2.483372449874878,2.209465980529785
baseline,65880,3381,SA23/D04_SA23_R01.txt,SA23,D04,1,0,test,13900,14100,-1,2.483372449874878,2.209465980529785
baseline,65881,3381,SA23/D04_SA23_R01.txt,SA23,D04,1,0,test,14000,14200,-1,2.2501158714294434,2.209465980529785
baseline,65882,3381,SA23/D04_SA23_R01.txt,SA23,D04,1,0,test,14100,14300,-1,2.29123592376709,2.209465980529785
baseline,65883,3381,SA23/D04_SA23_R01.txt,SA23,D04,1,0,test,14200,14400,-1,2.29123592376709,2.209465980529785
baseline,65884,3381,SA23/D04_SA23_R01.txt,SA23,D04,1,0,test,14300,14500,-1,2.2794206142425537,2.209465980529785
baseline,65885,3381,SA23/D04_SA23_R01.txt,SA23,D04,1,0,test,14400,14600,-1,2.2879433631896973,2.209465980529785
baseline,65886,3381,SA23/D04_SA23_R01.txt,SA23,D04,1,0,test,14500,14700,-1,2.2879433631896973,2.209465980529785
baseline,65887,3381,SA23/D04_SA23_R01.txt,SA23,D04,1,0,test,14600,14800,-1,2.2498979568481445,2.209465980529785
baseline,65888,3381,SA23/D04_SA23_R01.txt,SA23,D04,1,0,test,14700,14900,-1,2.3495705127716064,2.209465980529785
baseline,65889,3381,SA23/D04_SA23_R01.txt,SA23,D04,1,0,test,14800,15000,-1,2.4614083766937256,2.209465980529785
baseline,65890,3381,SA23/D04_SA23_R01.txt,SA23,D04,1,0,test,14900,15100,-1,2.5324604511260986,2.209465980529785
baseline,65891,3381,SA23/D04_SA23_R01.txt,SA23,D04,1,0,test,15000,15200,-1,2.5324604511260986,2.209465980529785
baseline,65892,3381,SA23/D04_SA23_R01.txt,SA23,D04,1,0,test,15100,15300,-1,2.620474100112915,2.209465980529785
baseline,65893,3381,SA23/D04_SA23_R01.txt,SA23,D04,1,0,test,15200,15400,-1,2.620474100112915,2.209465980529785
baseline,65894,3381,SA23/D04_SA23_R01.txt,SA23,D04,1,0,test,15300,15500,-1,2.5443966388702393,2.209465980529785
baseline,65895,3381,SA23/D04_SA23_R01.txt,SA23,D04,1,0,test,15400,15600,-1,2.524134397506714,2.209465980529785
baseline,65896,3381,SA23/D04_SA23_R01.txt,SA23,D04,1,0,test,15500,15700,-1,2.599125862121582,2.209465980529785
baseline,65897,3381,SA23/D04_SA23_R01.txt,SA23,D04,1,0,test,15600,15800,-1,2.599125862121582,2.209465980529785
baseline,65898,3381,SA23/D04_SA23_R01.txt,SA23,D04,1,0,test,15700,15900,-1,2.6181607246398926,2.209465980529785
baseline,65899,3381,SA23/D04_SA23_R01.txt,SA23,D04,1,0,test,15800,16000,-1,2.6181607246398926,2.209465980529785
baseline,65900,3381,SA23/D04_SA23_R01.txt,SA23,D04,1,0,test,15900,16100,-1,2.6164746284484863,2.209465980529785
baseline,65901,3381,SA23/D04_SA23_R01.txt,SA23,D04,1,0,test,16000,16200,-1,2.616891384124756,2.209465980529785
baseline,65902,3381,SA23/D04_SA23_R01.txt,SA23,D04,1,0,test,16100,16300,-1,2.616891384124756,2.209465980529785
baseline,65903,3381,SA23/D04_SA23_R01.txt,SA23,D04,1,0,test,16200,16400,-1,2.530139684677124,2.209465980529785
baseline,65904,3381,SA23/D04_SA23_R01.txt,SA23,D04,1,0,test,16300,16500,-1,2.450969696044922,2.209465980529785
baseline,65905,3381,SA23/D04_SA23_R01.txt,SA23,D04,1,0,test,16400,16600,-1,2.644772529602051,2.209465980529785
baseline,65906,3381,SA23/D04_SA23_R01.txt,SA23,D04,1,0,test,16500,16700,-1,2.644772529602051,2.209465980529785
baseline,65907,3381,SA23/D04_SA23_R01.txt,SA23,D04,1,0,test,16600,16800,-1,2.486051082611084,2.209465980529785
baseline,65908,3381,SA23/D04_SA23_R01.txt,SA23,D04,1,0,test,16700,16900,-1,2.486051082611084,2.209465980529785
baseline,65909,3381,SA23/D04_SA23_R01.txt,SA23,D04,1,0,test,16800,17000,-1,2.518771171569824,2.209465980529785
baseline,65910,3381,SA23/D04_SA23_R01.txt,SA23,D04,1,0,test,16900,17100,-1,2.518771171569824,2.209465980529785
baseline,65911,3381,SA23/D04_SA23_R01.txt,SA23,D04,1,0,test,17000,17200,-1,2.540172815322876,2.209465980529785
baseline,65912,3381,SA23/D04_SA23_R01.txt,SA23,D04,1,0,test,17100,17300,-1,2.540172815322876,2.209465980529785
baseline,65913,3381,SA23/D04_SA23_R01.txt,SA23,D04,1,0,test,17200,17400,-1,2.401010274887085,2.209465980529785
baseline,65914,3381,SA23/D04_SA23_R01.txt,SA23,D04,1,0,test,17300,17500,-1,2.5873825550079346,2.209465980529785
baseline,65915,3381,SA23/D04_SA23_R01.txt,SA23,D04,1,0,test,17400,17600,-1,2.5873825550079346,2.209465980529785
baseline,65916,3381,SA23/D04_SA23_R01.txt,SA23,D04,1,0,test,17500,17700,-1,2.4401795864105225,2.209465980529785
baseline,65917,3381,SA23/D04_SA23_R01.txt,SA23,D04,1,0,test,17600,17800,-1,2.4401795864105225,2.209465980529785
baseline,65918,3381,SA23/D04_SA23_R01.txt,SA23,D04,1,0,test,17700,17900,-1,2.4189765453338623,2.209465980529785
baseline,65919,3381,SA23/D04_SA23_R01.txt,SA23,D04,1,0,test,17800,18000,-1,2.333393096923828,2.209465980529785
baseline,65920,3381,SA23/D04_SA23_R01.txt,SA23,D04,1,0,test,17900,18100,-1,2.5601608753204346,2.209465980529785
baseline,65921,3381,SA23/D04_SA23_R01.txt,SA23,D04,1,0,test,18000,18200,-1,2.5601608753204346,2.209465980529785
baseline,65922,3381,SA23/D04_SA23_R01.txt,SA23,D04,1,0,test,18100,18300,-1,2.5483267307281494,2.209465980529785
baseline,65923,3381,SA23/D04_SA23_R01.txt,SA23,D04,1,0,test,18200,18400,-1,2.603994607925415,2.209465980529785
baseline,65924,3381,SA23/D04_SA23_R01.txt,SA23,D04,1,0,test,18300,18500,-1,2.603994607925415,2.209465980529785
baseline,65925,3381,SA23/D04_SA23_R01.txt,SA23,D04,1,0,test,18400,18600,-1,2.3652400970458984,2.209465980529785
baseline,65926,3381,SA23/D04_SA23_R01.txt,SA23,D04,1,0,test,18500,18700,-1,2.4697980880737305,2.209465980529785
baseline,65927,3381,SA23/D04_SA23_R01.txt,SA23,D04,1,0,test,18600,18800,-1,2.603742837905884,2.209465980529785
baseline,65928,3381,SA23/D04_SA23_R01.txt,SA23,D04,1,0,test,18700,18900,-1,2.603742837905884,2.209465980529785
baseline,65929,3381,SA23/D04_SA23_R01.txt,SA23,D04,1,0,test,18800,19000,-1,2.586944580078125,2.209465980529785
baseline,65930,3381,SA23/D04_SA23_R01.txt,SA23,D04,1,0,test,18900,19100,-1,2.586944580078125,2.209465980529785
baseline,65931,3381,SA23/D04_SA23_R01.txt,SA23,D04,1,0,test,19000,19200,-1,2.3974483013153076,2.209465980529785
baseline,65932,3381,SA23/D04_SA23_R01.txt,SA23,D04,1,0,test,19100,19300,-1,2.3367509841918945,2.209465980529785
baseline,65933,3381,SA23/D04_SA23_R01.txt,SA23,D04,1,0,test,19200,19400,-1,2.2400431632995605,2.209465980529785
baseline,65934,3381,SA23/D04_SA23_R01.txt,SA23,D04,1,0,test,19300,19500,-1,2.3123698234558105,2.209465980529785
baseline,65935,3381,SA23/D04_SA23_R01.txt,SA23,D04,1,0,test,19400,19600,-1,2.4019439220428467,2.209465980529785
baseline,65936,3381,SA23/D04_SA23_R01.txt,SA23,D04,1,0,test,19500,19700,-1,2.4019439220428467,2.209465980529785
baseline,65937,3381,SA23/D04_SA23_R01.txt,SA23,D04,1,0,test,19600,19800,-1,2.2680423259735107,2.209465980529785
baseline,65938,3381,SA23/D04_SA23_R01.txt,SA23,D04,1,0,test,19700,19900,-1,2.3425519466400146,2.209465980529785
baseline,65939,3381,SA23/D04_SA23_R01.txt,SA23,D04,1,0,test,19800,20000,-1,2.4081599712371826,2.209465980529785
baseline,66189,3387,SA23/D06_SA23_R01.txt,SA23,D06,1,0,test,400,600,-1,2.730659246444702,2.209465980529785
baseline,66190,3387,SA23/D06_SA23_R01.txt,SA23,D06,1,0,test,500,700,-1,2.75071382522583,2.209465980529785
baseline,66191,3387,SA23/D06_SA23_R01.txt,SA23,D06,1,0,test,600,800,-1,2.843815803527832,2.209465980529785
baseline,66192,3387,SA23/D06_SA23_R01.txt,SA23,D06,1,0,test,700,900,-1,2.843815803527832,2.209465980529785
baseline,66193,3387,SA23/D06_SA23_R01.txt,SA23,D06,1,0,test,800,1000,-1,2.935288429260254,2.209465980529785
baseline,66194,3387,SA23/D06_SA23_R01.txt,SA23,D06,1,0,test,900,1100,-1,2.935288429260254,2.209465980529785
baseline,66202,3387,SA23/D06_SA23_R01.txt,SA23,D06,1,0,test,1700,1900,-1,2.3973872661590576,2.209465980529785
baseline,66203,3387,SA23/D06_SA23_R01.txt,SA23,D06,1,0,test,1800,2000,-1,2.3973872661590576,2.209465980529785
baseline,66204,3387,SA23/D06_SA23_R01.txt,SA23,D06,1,0,test,1900,2100,-1,2.3194594383239746,2.209465980529785
baseline,66205,3387,SA23/D06_SA23_R01.txt,SA23,D06,1,0,test,2000,2200,-1,2.311997652053833,2.209465980529785
baseline,66206,3387,SA23/D06_SA23_R01.txt,SA23,D06,1,0,test,2100,2300,-1,2.305598735809326,2.209465980529785
baseline,66207,3387,SA23/D06_SA23_R01.txt,SA23,D06,1,0,test,2200,2400,-1,2.305598735809326,2.209465980529785
baseline,66238,3388,SA23/D06_SA23_R02.txt,SA23,D06,2,0,test,400,600,-1,2.664370059967041,2.209465980529785
baseline,66239,3388,SA23/D06_SA23_R02.txt,SA23,D06,2,0,test,500,700,-1,2.745995044708252,2.209465980529785
baseline,66240,3388,SA23/D06_SA23_R02.txt,SA23,D06,2,0,test,600,800,-1,2.86224627494812,2.209465980529785
baseline,66241,3388,SA23/D06_SA23_R02.txt,SA23,D06,2,0,test,700,900,-1,2.86224627494812,2.209465980529785
baseline,66242,3388,SA23/D06_SA23_R02.txt,SA23,D06,2,0,test,800,1000,-1,2.837991714477539,2.209465980529785
baseline,66243,3388,SA23/D06_SA23_R02.txt,SA23,D06,2,0,test,900,1100,-1,2.837991714477539,2.209465980529785
baseline,66249,3388,SA23/D06_SA23_R02.txt,SA23,D06,2,0,test,1500,1700,-1,2.4879350662231445,2.209465980529785
baseline,66250,3388,SA23/D06_SA23_R02.txt,SA23,D06,2,0,test,1600,1800,-1,2.5311124324798584,2.209465980529785
baseline,66251,3388,SA23/D06_SA23_R02.txt,SA23,D06,2,0,test,1700,1900,-1,2.5311124324798584,2.209465980529785
baseline,66252,3388,SA23/D06_SA23_R02.txt,SA23,D06,2,0,test,1800,2000,-1,2.3471455574035645,2.209465980529785
baseline,66253,3388,SA23/D06_SA23_R02.txt,SA23,D06,2,0,test,1900,2100,-1,2.2984023094177246,2.209465980529785
baseline,66254,3388,SA23/D06_SA23_R02.txt,SA23,D06,2,0,test,2000,2200,-1,2.2422144412994385,2.209465980529785
baseline,66285,3389,SA23/D06_SA23_R03.txt,SA23,D06,3,0,test,300,500,-1,2.597747564315796,2.209465980529785
baseline,66286,3389,SA23/D06_SA23_R03.txt,SA23,D06,3,0,test,400,600,-1,2.6774725914001465,2.209465980529785
baseline,66287,3389,SA23/D06_SA23_R03.txt,SA23,D06,3,0,test,500,700,-1,2.778545618057251,2.209465980529785
baseline,66288,3389,SA23/D06_SA23_R03.txt,SA23,D06,3,0,test,600,800,-1,2.778545618057251,2.209465980529785
baseline,66289,3389,SA23/D06_SA23_R03.txt,SA23,D06,3,0,test,700,900,-1,2.7393133640289307,2.209465980529785
baseline,66290,3389,SA23/D06_SA23_R03.txt,SA23,D06,3,0,test,800,1000,-1,2.7017710208892822,2.209465980529785
baseline,66297,3389,SA23/D06_SA23_R03.txt,SA23,D06,3,0,test,1500,1700,-1,2.5944201946258545,2.209465980529785
baseline,66298,3389,SA23/D06_SA23_R03.txt,SA23,D06,3,0,test,1600,1800,-1,2.5944201946258545,2.209465980529785
baseline,66299,3389,SA23/D06_SA23_R03.txt,SA23,D06,3,0,test,1700,1900,-1,2.373488664627075,2.209465980529785
baseline,66300,3389,SA23/D06_SA23_R03.txt,SA23,D06,3,0,test,1800,2000,-1,2.290938377380371,2.209465980529785
baseline,66301,3389,SA23/D06_SA23_R03.txt,SA23,D06,3,0,test,1900,2100,-1,2.2392234802246094,2.209465980529785
baseline,66334,3390,SA23/D06_SA23_R04.txt,SA23,D06,4,0,test,300,500,-1,2.567819356918335,2.209465980529785
baseline,66335,3390,SA23/D06_SA23_R04.txt,SA23,D06,4,0,test,400,600,-1,2.7000794410705566,2.209465980529785
baseline,66336,3390,SA23/D06_SA23_R04.txt,SA23,D06,4,0,test,500,700,-1,2.752894639968872,2.209465980529785
baseline,66337,3390,SA23/D06_SA23_R04.txt,SA23,D06,4,0,test,600,800,-1,2.846796751022339,2.209465980529785
baseline,66338,3390,SA23/D06_SA23_R04.txt,SA23,D06,4,0,test,700,900,-1,2.846796751022339,2.209465980529785
baseline,66339,3390,SA23/D06_SA23_R04.txt,SA23,D06,4,0,test,800,1000,-1,2.7020761966705322,2.209465980529785
baseline,66349,3390,SA23/D06_SA23_R04.txt,SA23,D06,4,0,test,1800,2000,-1,2.4820728302001953,2.209465980529785
baseline,66350,3390,SA23/D06_SA23_R04.txt,SA23,D06,4,0,test,1900,2100,-1,2.4820728302001953,2.209465980529785
baseline,66351,3390,SA23/D06_SA23_R04.txt,SA23,D06,4,0,test,2000,2200,-1,2.4070589542388916,2.209465980529785
baseline,66352,3390,SA23/D06_SA23_R04.txt,SA23,D06,4,0,test,2100,2300,-1,2.3225324153900146,2.209465980529785
baseline,66353,3390,SA23/D06_SA23_R04.txt,SA23,D06,4,0,test,2200,2400,-1,2.2603461742401123,2.209465980529785
baseline,66383,3391,SA23/D06_SA23_R05.txt,SA23,D06,5,0,test,300,500,-1,2.653341054916382,2.209465980529785
baseline,66384,3391,SA23/D06_SA23_R05.txt,SA23,D06,5,0,test,400,600,-1,2.7153308391571045,2.209465980529785
baseline,66385,3391,SA23/D06_SA23_R05.txt,SA23,D06,5,0,test,500,700,-1,2.7153308391571045,2.209465980529785
baseline,66386,3391,SA23/D06_SA23_R05.txt,SA23,D06,5,0,test,600,800,-1,2.7038516998291016,2.209465980529785
baseline,66387,3391,SA23/D06_SA23_R05.txt,SA23,D06,5,0,test,700,900,-1,2.7660019397735596,2.209465980529785
baseline,66388,3391,SA23/D06_SA23_R05.txt,SA23,D06,5,0,test,800,1000,-1,2.7660019397735596,2.209465980529785
baseline,66395,3391,SA23/D06_SA23_R05.txt,SA23,D06,5,0,test,1500,1700,-1,2.3476438522338867,2.209465980529785
baseline,66396,3391,SA23/D06_SA23_R05.txt,SA23,D06,5,0,test,1600,1800,-1,2.3602471351623535,2.209465980529785
baseline,66397,3391,SA23/D06_SA23_R05.txt,SA23,D06,5,0,test,1700,1900,-1,2.3602471351623535,2.209465980529785
baseline,66398,3391,SA23/D06_SA23_R05.txt,SA23,D06,5,0,test,1800,2000,-1,2.338904619216919,2.209465980529785
baseline,66399,3391,SA23/D06_SA23_R05.txt,SA23,D06,5,0,test,1900,2100,-1,2.3410987854003906,2.209465980529785
baseline,66400,3391,SA23/D06_SA23_R05.txt,SA23,D06,5,0,test,2000,2200,-1,2.3410987854003906,2.209465980529785
baseline,67830,3447,SA23/D18_SA23_R01.txt,SA23,D18,1,0,test,1000,1200,-1,2.4082436561584473,2.209465980529785
baseline,67831,3447,SA23/D18_SA23_R01.txt,SA23,D18,1,0,test,1100,1300,-1,2.4082436561584473,2.209465980529785
baseline,67875,3449,SA23/D18_SA23_R03.txt,SA23,D18,3,0,test,900,1100,-1,2.2909317016601562,2.209465980529785
baseline,67876,3449,SA23/D18_SA23_R03.txt,SA23,D18,3,0,test,1000,1200,-1,2.2909317016601562,2.209465980529785
baseline,67899,3450,SA23/D18_SA23_R04.txt,SA23,D18,4,0,test,1000,1200,-1,2.3789005279541016,2.209465980529785
baseline,67900,3450,SA23/D18_SA23_R04.txt,SA23,D18,4,0,test,1100,1300,-1,2.3789005279541016,2.209465980529785
baseline,67922,3451,SA23/D18_SA23_R05.txt,SA23,D18,5,0,test,1000,1200,-1,2.396228313446045,2.209465980529785
baseline,67923,3451,SA23/D18_SA23_R05.txt,SA23,D18,5,0,test,1100,1300,-1,2.396228313446045,2.209465980529785
baseline,67939,3452,SA23/D19_SA23_R01.txt,SA23,D19,1,0,test,400,600,-1,2.781589984893799,2.209465980529785
baseline,67940,3452,SA23/D19_SA23_R01.txt,SA23,D19,1,0,test,500,700,-1,2.911494493484497,2.209465980529785
baseline,67941,3452,SA23/D19_SA23_R01.txt,SA23,D19,1,0,test,600,800,-1,2.911494493484497,2.209465980529785
baseline,67944,3452,SA23/D19_SA23_R01.txt,SA23,D19,1,0,test,900,1100,-1,2.902371406555176,2.209465980529785
baseline,67945,3452,SA23/D19_SA23_R01.txt,SA23,D19,1,0,test,1000,1200,-1,2.902371406555176,2.209465980529785
baseline,67946,3452,SA23/D19_SA23_R01.txt,SA23,D19,1,0,test,1100,1300,-1,2.886420488357544,2.209465980529785
baseline,67947,3452,SA23/D19_SA23_R01.txt,SA23,D19,1,0,test,1200,1400,-1,2.308598279953003,2.209465980529785
baseline,67963,3453,SA23/D19_SA23_R02.txt,SA23,D19,2,0,test,500,700,-1,2.7483432292938232,2.209465980529785
baseline,67964,3453,SA23/D19_SA23_R02.txt,SA23,D19,2,0,test,600,800,-1,2.7483432292938232,2.209465980529785
baseline,67965,3453,SA23/D19_SA23_R02.txt,SA23,D19,2,0,test,700,900,-1,2.63987398147583,2.209465980529785
baseline,67969,3453,SA23/D19_SA23_R02.txt,SA23,D19,2,0,test,1100,1300,-1,2.721632957458496,2.209465980529785
baseline,67970,3453,SA23/D19_SA23_R02.txt,SA23,D19,2,0,test,1200,1400,-1,2.7697339057922363,2.209465980529785
baseline,67971,3453,SA23/D19_SA23_R02.txt,SA23,D19,2,0,test,1300,1500,-1,2.7697339057922363,2.209465980529785
baseline,67972,3453,SA23/D19_SA23_R02.txt,SA23,D19,2,0,test,1400,1600,-1,2.5204808712005615,2.209465980529785
baseline,67987,3454,SA23/D19_SA23_R03.txt,SA23,D19,3,0,test,600,800,-1,2.8138153553009033,2.209465980529785
baseline,67988,3454,SA23/D19_SA23_R03.txt,SA23,D19,3,0,test,700,900,-1,2.8138153553009033,2.209465980529785
baseline,67989,3454,SA23/D19_SA23_R03.txt,SA23,D19,3,0,test,800,1000,-1,2.5143048763275146,2.209465980529785
baseline,67994,3454,SA23/D19_SA23_R03.txt,SA23,D19,3,0,test,1300,1500,-1,2.6024880409240723,2.209465980529785
baseline,67995,3454,SA23/D19_SA23_R03.txt,SA23,D19,3,0,test,1400,1600,-1,2.6024880409240723,2.209465980529785
baseline,67996,3454,SA23/D19_SA23_R03.txt,SA23,D19,3,0,test,1500,1700,-1,2.5559399127960205,2.209465980529785
baseline,68009,3455,SA23/D19_SA23_R04.txt,SA23,D19,4,0,test,500,700,-1,2.7431976795196533,2.209465980529785
baseline,68010,3455,SA23/D19_SA23_R04.txt,SA23,D19,4,0,test,600,800,-1,2.7431976795196533,2.209465980529785
baseline,68011,3455,SA23/D19_SA23_R04.txt,SA23,D19,4,0,test,700,900,-1,2.39296555519104,2.209465980529785
baseline,68016,3455,SA23/D19_SA23_R04.txt,SA23,D19,4,0,test,1200,1400,-1,2.971585750579834,2.209465980529785
baseline,68017,3455,SA23/D19_SA23_R04.txt,SA23,D19,4,0,test,1300,1500,-1,2.971585750579834,2.209465980529785
baseline,68018,3455,SA23/D19_SA23_R04.txt,SA23,D19,4,0,test,1400,1600,-1,2.454399347305298,2.209465980529785
baseline,68032,3456,SA23/D19_SA23_R05.txt,SA23,D19,5,0,test,500,700,-1,2.6525070667266846,2.209465980529785
baseline,68033,3456,SA23/D19_SA23_R05.txt,SA23,D19,5,0,test,600,800,-1,2.6626837253570557,2.209465980529785
baseline,68034,3456,SA23/D19_SA23_R05.txt,SA23,D19,5,0,test,700,900,-1,2.6626837253570557,2.209465980529785
baseline,68035,3456,SA23/D19_SA23_R05.txt,SA23,D19,5,0,test,800,1000,-1,2.334226131439209,2.209465980529785
baseline,68041,3456,SA23/D19_SA23_R05.txt,SA23,D19,5,0,test,1400,1600,-1,2.8709628582000732,2.209465980529785
baseline,68042,3456,SA23/D19_SA23_R05.txt,SA23,D19,5,0,test,1500,1700,-1,2.8709628582000732,2.209465980529785
baseline,68043,3456,SA23/D19_SA23_R05.txt,SA23,D19,5,0,test,1600,1800,-1,2.5762624740600586,2.209465980529785
baseline,68061,3468,SA23/F03_SA23_R02.txt,SA23,F03,2,1,test,1241,1441,1341,1.6077494621276855,2.209465980529785
baseline,68062,3469,SA23/F03_SA23_R03.txt,SA23,F03,3,1,test,1299,1499,1399,1.743300199508667,2.209465980529785
baseline,68082,3489,SA23/F07_SA23_R03.txt,SA23,F07,3,1,test,1551,1751,1651,2.169238567352295,2.209465980529785
baseline,68083,3490,SA23/F07_SA23_R04.txt,SA23,F07,4,1,test,1587,1787,1687,1.9866729974746704,2.209465980529785
baseline,68087,3494,SA23/F08_SA23_R03.txt,SA23,F08,3,1,test,1304,1504,1404,1.6703051328659058,2.209465980529785
baseline,68090,3497,SA23/F09_SA23_R01.txt,SA23,F09,1,1,test,1029,1229,1129,2.003358840942383,2.209465980529785
baseline,68092,3499,SA23/F09_SA23_R03.txt,SA23,F09,3,1,test,1662,1862,1762,2.0748214721679688,2.209465980529785
baseline,68095,3502,SA23/F10_SA23_R01.txt,SA23,F10,1,1,test,1233,1433,1333,2.1123812198638916,2.209465980529785
baseline,68103,3510,SA23/F11_SA23_R04.txt,SA23,F11,4,1,test,937,1137,1037,2.1731672286987305,2.209465980529785
baseline,68108,3515,SA23/F12_SA23_R04.txt,SA23,F12,4,1,test,1040,1240,1140,2.1215977668762207,2.209465980529785
baseline,68110,3517,SA23/F13_SA23_R01.txt,SA23,F13,1,1,test,933,1133,1033,2.201681137084961,2.209465980529785
baseline,68111,3518,SA23/F13_SA23_R02.txt,SA23,F13,2,1,test,1096,1296,1196,2.09287691116333,2.209465980529785
baseline,68112,3519,SA23/F13_SA23_R03.txt,SA23,F13,3,1,test,1227,1427,1327,1.5064175128936768,2.209465980529785
baseline,68113,3520,SA23/F13_SA23_R04.txt,SA23,F13,4,1,test,1228,1428,1328,1.74551260471344,2.209465980529785
baseline,68115,3522,SA23/F14_SA23_R01.txt,SA23,F14,1,1,test,1334,1534,1434,1.787540316581726,2.209465980529785
baseline,68116,3523,SA23/F14_SA23_R02.txt,SA23,F14,2,1,test,1877,2077,1977,2.0276660919189453,2.209465980529785
baseline,68120,3527,SA23/F15_SA23_R01.txt,SA23,F15,1,1,test,1199,1399,1299,2.133216619491577,2.209465980529785
baseline,68121,3528,SA23/F15_SA23_R02.txt,SA23,F15,2,1,test,1163,1363,1263,2.113121271133423,2.209465980529785
baseline,68122,3529,SA23/F15_SA23_R03.txt,SA23,F15,3,1,test,1189,1389,1289,1.7171883583068848,2.209465980529785
baseline,68123,3530,SA23/F15_SA23_R04.txt,SA23,F15,4,1,test,1270,1470,1370,1.7541707754135132,2.209465980529785
baseline,68124,3531,SA23/F15_SA23_R05.txt,SA23,F15,5,1,test,1186,1386,1286,1.8709579706192017,2.209465980529785
baseline,68874,3534,SE01/D03_SE01_R01.txt,SE01,D03,1,0,test,3200,3400,-1,2.2155885696411133,2.209465980529785
baseline,68875,3534,SE01/D03_SE01_R01.txt,SE01,D03,1,0,test,3300,3500,-1,2.2155885696411133,2.209465980529785
baseline,68900,3534,SE01/D03_SE01_R01.txt,SE01,D03,1,0,test,5800,6000,-1,2.210561990737915,2.209465980529785
baseline,68901,3534,SE01/D03_SE01_R01.txt,SE01,D03,1,0,test,5900,6100,-1,2.210561990737915,2.209465980529785
baseline,68907,3534,SE01/D03_SE01_R01.txt,SE01,D03,1,0,test,6500,6700,-1,2.2577717304229736,2.209465980529785
baseline,68908,3534,SE01/D03_SE01_R01.txt,SE01,D03,1,0,test,6600,6800,-1,2.2577717304229736,2.209465980529785
baseline,68975,3534,SE01/D03_SE01_R01.txt,SE01,D03,1,0,test,13300,13500,-1,2.215536117553711,2.209465980529785
baseline,68976,3534,SE01/D03_SE01_R01.txt,SE01,D03,1,0,test,13400,13600,-1,2.215536117553711,2.209465980529785
baseline,68991,3534,SE01/D03_SE01_R01.txt,SE01,D03,1,0,test,14900,15100,-1,2.211069107055664,2.209465980529785
baseline,68992,3534,SE01/D03_SE01_R01.txt,SE01,D03,1,0,test,15000,15200,-1,2.211069107055664,2.209465980529785
baseline,69203,3535,SE01/D04_SE01_R01.txt,SE01,D04,1,0,test,300,500,-1,2.292818307876587,2.209465980529785
baseline,69204,3535,SE01/D04_SE01_R01.txt,SE01,D04,1,0,test,400,600,-1,2.340914249420166,2.209465980529785
baseline,69205,3535,SE01/D04_SE01_R01.txt,SE01,D04,1,0,test,500,700,-1,2.340914249420166,2.209465980529785
baseline,69206,3535,SE01/D04_SE01_R01.txt,SE01,D04,1,0,test,600,800,-1,2.3394291400909424,2.209465980529785
baseline,69207,3535,SE01/D04_SE01_R01.txt,SE01,D04,1,0,test,700,900,-1,2.323028564453125,2.209465980529785
baseline,69208,3535,SE01/D04_SE01_R01.txt,SE01,D04,1,0,test,800,1000,-1,2.339047908782959,2.209465980529785
baseline,69209,3535,SE01/D04_SE01_R01.txt,SE01,D04,1,0,test,900,1100,-1,2.407339334487915,2.209465980529785
baseline,69210,3535,SE01/D04_SE01_R01.txt,SE01,D04,1,0,test,1000,1200,-1,2.407339334487915,2.209465980529785
baseline,69211,3535,SE01/D04_SE01_R01.txt,SE01,D04,1,0,test,1100,1300,-1,2.314913034439087,2.209465980529785
baseline,69212,3535,SE01/D04_SE01_R01.txt,SE01,D04,1,0,test,1200,1400,-1,2.3812055587768555,2.209465980529785
baseline,69213,3535,SE01/D04_SE01_R01.txt,SE01,D04,1,0,test,1300,1500,-1,2.3812055587768555,2.209465980529785
baseline,69214,3535,SE01/D04_SE01_R01.txt,SE01,D04,1,0,test,1400,1600,-1,2.3058955669403076,2.209465980529785
baseline,69215,3535,SE01/D04_SE01_R01.txt,SE01,D04,1,0,test,1500,1700,-1,2.2939932346343994,2.209465980529785
baseline,69216,3535,SE01/D04_SE01_R01.txt,SE01,D04,1,0,test,1600,1800,-1,2.312563419342041,2.209465980529785
baseline,69217,3535,SE01/D04_SE01_R01.txt,SE01,D04,1,0,test,1700,1900,-1,2.312563419342041,2.209465980529785
baseline,69218,3535,SE01/D04_SE01_R01.txt,SE01,D04,1,0,test,1800,2000,-1,2.3606228828430176,2.209465980529785
baseline,69219,3535,SE01/D04_SE01_R01.txt,SE01,D04,1,0,test,1900,2100,-1,2.409719467163086,2.209465980529785
baseline,69220,3535,SE01/D04_SE01_R01.txt,SE01,D04,1,0,test,2000,2200,-1,2.409719467163086,2.209465980529785
baseline,69221,3535,SE01/D04_SE01_R01.txt,SE01,D04,1,0,test,2100,2300,-1,2.288463830947876,2.209465980529785
baseline,69222,3535,SE01/D04_SE01_R01.txt,SE01,D04,1,0,test,2200,2400,-1,2.329279661178589,2.209465980529785
baseline,69223,3535,SE01/D04_SE01_R01.txt,SE01,D04,1,0,test,2300,2500,-1,2.329279661178589,2.209465980529785
baseline,69224,3535,SE01/D04_SE01_R01.txt,SE01,D04,1,0,test,2400,2600,-1,2.252892255783081,2.209465980529785
baseline,69225,3535,SE01/D04_SE01_R01.txt,SE01,D04,1,0,test,2500,2700,-1,2.3103034496307373,2.209465980529785
baseline,69226,3535,SE01/D04_SE01_R01.txt,SE01,D04,1,0,test,2600,2800,-1,2.325632095336914,2.209465980529785
baseline,69227,3535,SE01/D04_SE01_R01.txt,SE01,D04,1,0,test,2700,2900,-1,2.325632095336914,2.209465980529785
baseline,69228,3535,SE01/D04_SE01_R01.txt,SE01,D04,1,0,test,2800,3000,-1,2.359726905822754,2.209465980529785
baseline,69229,3535,SE01/D04_SE01_R01.txt,SE01,D04,1,0,test,2900,3100,-1,2.359726905822754,2.209465980529785
baseline,69230,3535,SE01/D04_SE01_R01.txt,SE01,D04,1,0,test,3000,3200,-1,2.34425950050354,2.209465980529785
baseline,69231,3535,SE01/D04_SE01_R01.txt,SE01,D04,1,0,test,3100,3300,-1,2.272155284881592,2.209465980529785
baseline,69232,3535,SE01/D04_SE01_R01.txt,SE01,D04,1,0,test,3200,3400,-1,2.289263963699341,2.209465980529785
baseline,69233,3535,SE01/D04_SE01_R01.txt,SE01,D04,1,0,test,3300,3500,-1,2.303090810775757,2.209465980529785
baseline,69234,3535,SE01/D04_SE01_R01.txt,SE01,D04,1,0,test,3400,3600,-1,2.303090810775757,2.209465980529785
baseline,69235,3535,SE01/D04_SE01_R01.txt,SE01,D04,1,0,test,3500,3700,-1,2.2756223678588867,2.209465980529785
baseline,69236,3535,SE01/D04_SE01_R01.txt,SE01,D04,1,0,test,3600,3800,-1,2.2703516483306885,2.209465980529785
baseline,69237,3535,SE01/D04_SE01_R01.txt,SE01,D04,1,0,test,3700,3900,-1,2.2703516483306885,2.209465980529785
baseline,69238,3535,SE01/D04_SE01_R01.txt,SE01,D04,1,0,test,3800,4000,-1,2.2470500469207764,2.209465980529785
baseline,69239,3535,SE01/D04_SE01_R01.txt,SE01,D04,1,0,test,3900,4100,-1,2.3486196994781494,2.209465980529785
baseline,69240,3535,SE01/D04_SE01_R01.txt,SE01,D04,1,0,test,4000,4200,-1,2.3486196994781494,2.209465980529785
baseline,69241,3535,SE01/D04_SE01_R01.txt,SE01,D04,1,0,test,4100,4300,-1,2.274178981781006,2.209465980529785
baseline,69242,3535,SE01/D04_SE01_R01.txt,SE01,D04,1,0,test,4200,4400,-1,2.274178981781006,2.209465980529785
baseline,69243,3535,SE01/D04_SE01_R01.txt,SE01,D04,1,0,test,4300,4500,-1,2.260106086730957,2.209465980529785
baseline,69244,3535,SE01/D04_SE01_R01.txt,SE01,D04,1,0,test,4400,4600,-1,2.294475793838501,2.209465980529785
baseline,69245,3535,SE01/D04_SE01_R01.txt,SE01,D04,1,0,test,4500,4700,-1,2.294475793838501,2.209465980529785
baseline,69246,3535,SE01/D04_SE01_R01.txt,SE01,D04,1,0,test,4600,4800,-1,2.215658187866211,2.209465980529785
baseline,69248,3535,SE01/D04_SE01_R01.txt,SE01,D04,1,0,test,4800,5000,-1,2.240475654602051,2.209465980529785
baseline,69249,3535,SE01/D04_SE01_R01.txt,SE01,D04,1,0,test,4900,5100,-1,2.240475654602051,2.209465980529785
baseline,69254,3535,SE01/D04_SE01_R01.txt,SE01,D04,1,0,test,5400,5600,-1,2.2255043983459473,2.209465980529785
baseline,69255,3535,SE01/D04_SE01_R01.txt,SE01,D04,1,0,test,5500,5700,-1,2.2255043983459473,2.209465980529785
baseline,69259,3535,SE01/D04_SE01_R01.txt,SE01,D04,1,0,test,5900,6100,-1,2.261531114578247,2.209465980529785
baseline,69260,3535,SE01/D04_SE01_R01.txt,SE01,D04,1,0,test,6000,6200,-1,2.2669007778167725,2.209465980529785
baseline,69261,3535,SE01/D04_SE01_R01.txt,SE01,D04,1,0,test,6100,6300,-1,2.2669007778167725,2.209465980529785
baseline,69263,3535,SE01/D04_SE01_R01.txt,SE01,D04,1,0,test,6300,6500,-1,2.2275078296661377,2.209465980529785
baseline,69264,3535,SE01/D04_SE01_R01.txt,SE01,D04,1,0,test,6400,6600,-1,2.2275078296661377,2.209465980529785
baseline,69265,3535,SE01/D04_SE01_R01.txt,SE01,D04,1,0,test,6500,6700,-1,2.3010456562042236,2.209465980529785
baseline,69266,3535,SE01/D04_SE01_R01.txt,SE01,D04,1,0,test,6600,6800,-1,2.3010456562042236,2.209465980529785
baseline,69267,3535,SE01/D04_SE01_R01.txt,SE01,D04,1,0,test,6700,6900,-1,2.2497711181640625,2.209465980529785
baseline,69268,3535,SE01/D04_SE01_R01.txt,SE01,D04,1,0,test,6800,7000,-1,2.236884593963623,2.209465980529785
baseline,69269,3535,SE01/D04_SE01_R01.txt,SE01,D04,1,0,test,6900,7100,-1,2.236884593963623,2.209465980529785
baseline,69270,3535,SE01/D04_SE01_R01.txt,SE01,D04,1,0,test,7000,7200,-1,2.2221248149871826,2.209465980529785
baseline,69271,3535,SE01/D04_SE01_R01.txt,SE01,D04,1,0,test,7100,7300,-1,2.2466533184051514,2.209465980529785
baseline,69272,3535,SE01/D04_SE01_R01.txt,SE01,D04,1,0,test,7200,7400,-1,2.2466533184051514,2.209465980529785
baseline,69278,3535,SE01/D04_SE01_R01.txt,SE01,D04,1,0,test,7800,8000,-1,2.2098824977874756,2.209465980529785
baseline,69279,3535,SE01/D04_SE01_R01.txt,SE01,D04,1,0,test,7900,8100,-1,2.2098824977874756,2.209465980529785
baseline,69282,3535,SE01/D04_SE01_R01.txt,SE01,D04,1,0,test,8200,8400,-1,2.2576918601989746,2.209465980529785
baseline,69283,3535,SE01/D04_SE01_R01.txt,SE01,D04,1,0,test,8300,8500,-1,2.2576918601989746,2.209465980529785
baseline,69284,3535,SE01/D04_SE01_R01.txt,SE01,D04,1,0,test,8400,8600,-1,2.233457565307617,2.209465980529785
baseline,69286,3535,SE01/D04_SE01_R01.txt,SE01,D04,1,0,test,8600,8800,-1,2.2348062992095947,2.209465980529785
baseline,69287,3535,SE01/D04_SE01_R01.txt,SE01,D04,1,0,test,8700,8900,-1,2.260829210281372,2.209465980529785
baseline,69288,3535,SE01/D04_SE01_R01.txt,SE01,D04,1,0,test,8800,9000,-1,2.260829210281372,2.209465980529785
baseline,69289,3535,SE01/D04_SE01_R01.txt,SE01,D04,1,0,test,8900,9100,-1,2.2745394706726074,2.209465980529785
baseline,69290,3535,SE01/D04_SE01_R01.txt,SE01,D04,1,0,test,9000,9200,-1,2.2745394706726074,2.209465980529785
baseline,69291,3535,SE01/D04_SE01_R01.txt,SE01,D04,1,0,test,9100,9300,-1,2.236475944519043,2.209465980529785
baseline,69292,3535,SE01/D04_SE01_R01.txt,SE01,D04,1,0,test,9200,9400,-1,2.236475944519043,2.209465980529785
baseline,69295,3535,SE01/D04_SE01_R01.txt,SE01,D04,1,0,test,9500,9700,-1,2.247292995452881,2.209465980529785
baseline,69296,3535,SE01/D04_SE01_R01.txt,SE01,D04,1,0,test,9600,9800,-1,2.247292995452881,2.209465980529785
baseline,69304,3535,SE01/D04_SE01_R01.txt,SE01,D04,1,0,test,10400,10600,-1,2.2127249240875244,2.209465980529785
baseline,69305,3535,SE01/D04_SE01_R01.txt,SE01,D04,1,0,test,10500,10700,-1,2.2127249240875244,2.209465980529785
baseline,69307,3535,SE01/D04_SE01_R01.txt,SE01,D04,1,0,test,10700,10900,-1,2.247990369796753,2.209465980529785
baseline,69308,3535,SE01/D04_SE01_R01.txt,SE01,D04,1,0,test,10800,11000,-1,2.247990369796753,2.209465980529785
baseline,69309,3535,SE01/D04_SE01_R01.txt,SE01,D04,1,0,test,10900,11100,-1,2.280311107635498,2.209465980529785
baseline,69310,3535,SE01/D04_SE01_R01.txt,SE01,D04,1,0,test,11000,11200,-1,2.280311107635498,2.209465980529785
baseline,69314,3535,SE01/D04_SE01_R01.txt,SE01,D04,1,0,test,11400,11600,-1,2.283951997756958,2.209465980529785
baseline,69315,3535,SE01/D04_SE01_R01.txt,SE01,D04,1,0,test,11500,11700,-1,2.283951997756958,2.209465980529785
baseline,69316,3535,SE01/D04_SE01_R01.txt,SE01,D04,1,0,test,11600,11800,-1,2.2616240978240967,2.209465980529785
baseline,69317,3535,SE01/D04_SE01_R01.txt,SE01,D04,1,0,test,11700,11900,-1,2.2616240978240967,2.209465980529785
baseline,69318,3535,SE01/D04_SE01_R01.txt,SE01,D04,1,0,test,11800,12000,-1,2.2552826404571533,2.209465980529785
baseline,69320,3535,SE01/D04_SE01_R01.txt,SE01,D04,1,0,test,12000,12200,-1,2.235464096069336,2.209465980529785
baseline,69321,3535,SE01/D04_SE01_R01.txt,SE01,D04,1,0,test,12100,12300,-1,2.235464096069336,2.209465980529785
baseline,69325,3535,SE01/D04_SE01_R01.txt,SE01,D04,1,0,test,12500,12700,-1,2.219660520553589,2.209465980529785
baseline,69326,3535,SE01/D04_SE01_R01.txt,SE01,D04,1,0,test,12600,12800,-1,2.219660520553589,2.209465980529785
baseline,69350,3535,SE01/D04_SE01_R01.txt,SE01,D04,1,0,test,15000,15200,-1,2.2232601642608643,2.209465980529785
baseline,69351,3535,SE01/D04_SE01_R01.txt,SE01,D04,1,0,test,15100,15300,-1,2.2232601642608643,2.209465980529785
baseline,69353,3535,SE01/D04_SE01_R01.txt,SE01,D04,1,0,test,15300,15500,-1,2.217541456222534,2.209465980529785
baseline,69354,3535,SE01/D04_SE01_R01.txt,SE01,D04,1,0,test,15400,15600,-1,2.233139991760254,2.209465980529785
baseline,69355,3535,SE01/D04_SE01_R01.txt,SE01,D04,1,0,test,15500,15700,-1,2.233139991760254,2.209465980529785
baseline,69365,3535,SE01/D04_SE01_R01.txt,SE01,D04,1,0,test,16500,16700,-1,2.220914602279663,2.209465980529785
baseline,69366,3535,SE01/D04_SE01_R01.txt,SE01,D04,1,0,test,16600,16800,-1,2.220914602279663,2.209465980529785
baseline,69370,3535,SE01/D04_SE01_R01.txt,SE01,D04,1,0,test,17000,17200,-1,2.2816214561462402,2.209465980529785
baseline,69371,3535,SE01/D04_SE01_R01.txt,SE01,D04,1,0,test,17100,17300,-1,2.2816214561462402,2.209465980529785
baseline,69372,3535,SE01/D04_SE01_R01.txt,SE01,D04,1,0,test,17200,17400,-1,2.2250633239746094,2.209465980529785
baseline,69373,3535,SE01/D04_SE01_R01.txt,SE01,D04,1,0,test,17300,17500,-1,2.21893310546875,2.209465980529785
baseline,69392,3535,SE01/D04_SE01_R01.txt,SE01,D04,1,0,test,19200,19400,-1,2.220211982727051,2.209465980529785
baseline,69393,3535,SE01/D04_SE01_R01.txt,SE01,D04,1,0,test,19300,19500,-1,2.220211982727051,2.209465980529785
baseline,69434,3535,SE01/D04_SE01_R01.txt,SE01,D04,1,0,test,23400,23600,-1,2.210848569869995,2.209465980529785
baseline,69435,3535,SE01/D04_SE01_R01.txt,SE01,D04,1,0,test,23500,23700,-1,2.210848569869995,2.209465980529785
baseline,69508,3535,SE01/D04_SE01_R01.txt,SE01,D04,1,0,test,30800,31000,-1,2.221532106399536,2.209465980529785
baseline,69509,3535,SE01/D04_SE01_R01.txt,SE01,D04,1,0,test,30900,31100,-1,2.221532106399536,2.209465980529785
baseline,69518,3535,SE01/D04_SE01_R01.txt,SE01,D04,1,0,test,31800,32000,-1,2.2497987747192383,2.209465980529785
baseline,69519,3535,SE01/D04_SE01_R01.txt,SE01,D04,1,0,test,31900,32100,-1,2.2497987747192383,2.209465980529785
baseline,69544,3535,SE01/D04_SE01_R01.txt,SE01,D04,1,0,test,34400,34600,-1,2.2437193393707275,2.209465980529785
baseline,69545,3535,SE01/D04_SE01_R01.txt,SE01,D04,1,0,test,34500,34700,-1,2.2437193393707275,2.209465980529785
baseline,69550,3535,SE01/D04_SE01_R01.txt,SE01,D04,1,0,test,35000,35200,-1,2.262519121170044,2.209465980529785
baseline,69551,3535,SE01/D04_SE01_R01.txt,SE01,D04,1,0,test,35100,35300,-1,2.262519121170044,2.209465980529785
baseline,69553,3535,SE01/D04_SE01_R01.txt,SE01,D04,1,0,test,35300,35500,-1,2.2114219665527344,2.209465980529785
baseline,69554,3535,SE01/D04_SE01_R01.txt,SE01,D04,1,0,test,35400,35600,-1,2.2114219665527344,2.209465980529785
baseline,75536,3700,SE04/D03_SE04_R01.txt,SE04,D03,1,0,test,500,700,-1,2.3485841751098633,2.209465980529785
baseline,75537,3700,SE04/D03_SE04_R01.txt,SE04,D03,1,0,test,600,800,-1,2.3485841751098633,2.209465980529785
baseline,75538,3700,SE04/D03_SE04_R01.txt,SE04,D03,1,0,test,700,900,-1,2.297449827194214,2.209465980529785
baseline,75539,3700,SE04/D03_SE04_R01.txt,SE04,D03,1,0,test,800,1000,-1,2.405813217163086,2.209465980529785
baseline,75540,3700,SE04/D03_SE04_R01.txt,SE04,D03,1,0,test,900,1100,-1,2.4208734035491943,2.209465980529785
baseline,75541,3700,SE04/D03_SE04_R01.txt,SE04,D03,1,0,test,1000,1200,-1,2.4515914916992188,2.209465980529785
baseline,75542,3700,SE04/D03_SE04_R01.txt,SE04,D03,1,0,test,1100,1300,-1,2.495769739151001,2.209465980529785
baseline,75543,3700,SE04/D03_SE04_R01.txt,SE04,D03,1,0,test,1200,1400,-1,2.495769739151001,2.209465980529785
baseline,75544,3700,SE04/D03_SE04_R01.txt,SE04,D03,1,0,test,1300,1500,-1,2.4259660243988037,2.209465980529785
baseline,75545,3700,SE04/D03_SE04_R01.txt,SE04,D03,1,0,test,1400,1600,-1,2.474200963973999,2.209465980529785
baseline,75546,3700,SE04/D03_SE04_R01.txt,SE04,D03,1,0,test,1500,1700,-1,2.474200963973999,2.209465980529785
baseline,75547,3700,SE04/D03_SE04_R01.txt,SE04,D03,1,0,test,1600,1800,-1,2.5370066165924072,2.209465980529785
baseline,75548,3700,SE04/D03_SE04_R01.txt,SE04,D03,1,0,test,1700,1900,-1,2.5370066165924072,2.209465980529785
baseline,75549,3700,SE04/D03_SE04_R01.txt,SE04,D03,1,0,test,1800,2000,-1,2.4992642402648926,2.209465980529785
baseline,75550,3700,SE04/D03_SE04_R01.txt,SE04,D03,1,0,test,1900,2100,-1,2.569336175918579,2.209465980529785
baseline,75551,3700,SE04/D03_SE04_R01.txt,SE04,D03,1,0,test,2000,2200,-1,2.569336175918579,2.209465980529785
baseline,75552,3700,SE04/D03_SE04_R01.txt,SE04,D03,1,0,test,2100,2300,-1,2.5230562686920166,2.209465980529785
baseline,75553,3700,SE04/D03_SE04_R01.txt,SE04,D03,1,0,test,2200,2400,-1,2.5230562686920166,2.209465980529785
baseline,75554,3700,SE04/D03_SE04_R01.txt,SE04,D03,1,0,test,2300,2500,-1,2.512861967086792,2.209465980529785
baseline,75555,3700,SE04/D03_SE04_R01.txt,SE04,D03,1,0,test,2400,2600,-1,2.5608937740325928,2.209465980529785
baseline,75556,3700,SE04/D03_SE04_R01.txt,SE04,D03,1,0,test,2500,2700,-1,2.5608937740325928,2.209465980529785
baseline,75557,3700,SE04/D03_SE04_R01.txt,SE04,D03,1,0,test,2600,2800,-1,2.492706775665283,2.209465980529785
baseline,75558,3700,SE04/D03_SE04_R01.txt,SE04,D03,1,0,test,2700,2900,-1,2.592344045639038,2.209465980529785
baseline,75559,3700,SE04/D03_SE04_R01.txt,SE04,D03,1,0,test,2800,3000,-1,2.6184494495391846,2.209465980529785
baseline,75560,3700,SE04/D03_SE04_R01.txt,SE04,D03,1,0,test,2900,3100,-1,2.6784400939941406,2.209465980529785
baseline,75561,3700,SE04/D03_SE04_R01.txt,SE04,D03,1,0,test,3000,3200,-1,2.6784400939941406,2.209465980529785
baseline,75562,3700,SE04/D03_SE04_R01.txt,SE04,D03,1,0,test,3100,3300,-1,2.5963478088378906,2.209465980529785
baseline,75563,3700,SE04/D03_SE04_R01.txt,SE04,D03,1,0,test,3200,3400,-1,2.5963478088378906,2.209465980529785
baseline,75564,3700,SE04/D03_SE04_R01.txt,SE04,D03,1,0,test,3300,3500,-1,2.5760927200317383,2.209465980529785
baseline,75565,3700,SE04/D03_SE04_R01.txt,SE04,D03,1,0,test,3400,3600,-1,2.5983946323394775,2.209465980529785
baseline,75566,3700,SE04/D03_SE04_R01.txt,SE04,D03,1,0,test,3500,3700,-1,2.6158618927001953,2.209465980529785
baseline,75567,3700,SE04/D03_SE04_R01.txt,SE04,D03,1,0,test,3600,3800,-1,2.6158618927001953,2.209465980529785
baseline,75568,3700,SE04/D03_SE04_R01.txt,SE04,D03,1,0,test,3700,3900,-1,2.6324844360351562,2.209465980529785
baseline,75569,3700,SE04/D03_SE04_R01.txt,SE04,D03,1,0,test,3800,4000,-1,2.695612907409668,2.209465980529785
baseline,75570,3700,SE04/D03_SE04_R01.txt,SE04,D03,1,0,test,3900,4100,-1,2.695612907409668,2.209465980529785
baseline,75571,3700,SE04/D03_SE04_R01.txt,SE04,D03,1,0,test,4000,4200,-1,2.5452804565429688,2.209465980529785
baseline,75572,3700,SE04/D03_SE04_R01.txt,SE04,D03,1,0,test,4100,4300,-1,2.542010545730591,2.209465980529785
baseline,75573,3700,SE04/D03_SE04_R01.txt,SE04,D03,1,0,test,4200,4400,-1,2.542010545730591,2.209465980529785
baseline,75574,3700,SE04/D03_SE04_R01.txt,SE04,D03,1,0,test,4300,4500,-1,2.3083479404449463,2.209465980529785
baseline,75575,3700,SE04/D03_SE04_R01.txt,SE04,D03,1,0,test,4400,4600,-1,2.4319019317626953,2.209465980529785
baseline,75576,3700,SE04/D03_SE04_R01.txt,SE04,D03,1,0,test,4500,4700,-1,2.4319019317626953,2.209465980529785
baseline,75577,3700,SE04/D03_SE04_R01.txt,SE04,D03,1,0,test,4600,4800,-1,2.351064920425415,2.209465980529785
baseline,75578,3700,SE04/D03_SE04_R01.txt,SE04,D03,1,0,test,4700,4900,-1,2.311091423034668,2.209465980529785
baseline,75579,3700,SE04/D03_SE04_R01.txt,SE04,D03,1,0,test,4800,5000,-1,2.4075610637664795,2.209465980529785
baseline,75580,3700,SE04/D03_SE04_R01.txt,SE04,D03,1,0,test,4900,5100,-1,2.4075610637664795,2.209465980529785
baseline,75581,3700,SE04/D03_SE04_R01.txt,SE04,D03,1,0,test,5000,5200,-1,2.432913064956665,2.209465980529785
baseline,75582,3700,SE04/D03_SE04_R01.txt,SE04,D03,1,0,test,5100,5300,-1,2.4575605392456055,2.209465980529785
baseline,75583,3700,SE04/D03_SE04_R01.txt,SE04,D03,1,0,test,5200,5400,-1,2.4575605392456055,2.209465980529785
baseline,75584,3700,SE04/D03_SE04_R01.txt,SE04,D03,1,0,test,5300,5500,-1,2.4021451473236084,2.209465980529785
baseline,75585,3700,SE04/D03_SE04_R01.txt,SE04,D03,1,0,test,5400,5600,-1,2.5043201446533203,2.209465980529785
baseline,75586,3700,SE04/D03_SE04_R01.txt,SE04,D03,1,0,test,5500,5700,-1,2.5043201446533203,2.209465980529785
baseline,75587,3700,SE04/D03_SE04_R01.txt,SE04,D03,1,0,test,5600,5800,-1,2.481933116912842,2.209465980529785
baseline,75588,3700,SE04/D03_SE04_R01.txt,SE04,D03,1,0,test,5700,5900,-1,2.526978015899658,2.209465980529785
baseline,75589,3700,SE04/D03_SE04_R01.txt,SE04,D03,1,0,test,5800,6000,-1,2.526978015899658,2.209465980529785
baseline,75590,3700,SE04/D03_SE04_R01.txt,SE04,D03,1,0,test,5900,6100,-1,2.485598087310791,2.209465980529785
baseline,75591,3700,SE04/D03_SE04_R01.txt,SE04,D03,1,0,test,6000,6200,-1,2.488433837890625,2.209465980529785
baseline,75592,3700,SE04/D03_SE04_R01.txt,SE04,D03,1,0,test,6100,6300,-1,2.488433837890625,2.209465980529785
baseline,75593,3700,SE04/D03_SE04_R01.txt,SE04,D03,1,0,test,6200,6400,-1,2.4440953731536865,2.209465980529785
baseline,75594,3700,SE04/D03_SE04_R01.txt,SE04,D03,1,0,test,6300,6500,-1,2.486884117126465,2.209465980529785
baseline,75595,3700,SE04/D03_SE04_R01.txt,SE04,D03,1,0,test,6400,6600,-1,2.486884117126465,2.209465980529785
baseline,75596,3700,SE04/D03_SE04_R01.txt,SE04,D03,1,0,test,6500,6700,-1,2.508236885070801,2.209465980529785
baseline,75597,3700,SE04/D03_SE04_R01.txt,SE04,D03,1,0,test,6600,6800,-1,2.5864927768707275,2.209465980529785
baseline,75598,3700,SE04/D03_SE04_R01.txt,SE04,D03,1,0,test,6700,6900,-1,2.5864927768707275,2.209465980529785
baseline,75599,3700,SE04/D03_SE04_R01.txt,SE04,D03,1,0,test,6800,7000,-1,2.521550178527832,2.209465980529785
baseline,75600,3700,SE04/D03_SE04_R01.txt,SE04,D03,1,0,test,6900,7100,-1,2.521550178527832,2.209465980529785
baseline,75601,3700,SE04/D03_SE04_R01.txt,SE04,D03,1,0,test,7000,7200,-1,2.5204708576202393,2.209465980529785
baseline,75602,3700,SE04/D03_SE04_R01.txt,SE04,D03,1,0,test,7100,7300,-1,2.5421817302703857,2.209465980529785
baseline,75603,3700,SE04/D03_SE04_R01.txt,SE04,D03,1,0,test,7200,7400,-1,2.5421817302703857,2.209465980529785
baseline,75604,3700,SE04/D03_SE04_R01.txt,SE04,D03,1,0,test,7300,7500,-1,2.516401767730713,2.209465980529785
baseline,75605,3700,SE04/D03_SE04_R01.txt,SE04,D03,1,0,test,7400,7600,-1,2.579061985015869,2.209465980529785
baseline,75606,3700,SE04/D03_SE04_R01.txt,SE04,D03,1,0,test,7500,7700,-1,2.579061985015869,2.209465980529785
baseline,75607,3700,SE04/D03_SE04_R01.txt,SE04,D03,1,0,test,7600,7800,-1,2.4033663272857666,2.209465980529785
baseline,75608,3700,SE04/D03_SE04_R01.txt,SE04,D03,1,0,test,7700,7900,-1,2.4033663272857666,2.209465980529785
baseline,75609,3700,SE04/D03_SE04_R01.txt,SE04,D03,1,0,test,7800,8000,-1,2.540648937225342,2.209465980529785
baseline,75610,3700,SE04/D03_SE04_R01.txt,SE04,D03,1,0,test,7900,8100,-1,2.55971360206604,2.209465980529785
baseline,75611,3700,SE04/D03_SE04_R01.txt,SE04,D03,1,0,test,8000,8200,-1,2.55971360206604,2.209465980529785
baseline,75612,3700,SE04/D03_SE04_R01.txt,SE04,D03,1,0,test,8100,8300,-1,2.4556634426116943,2.209465980529785
baseline,75613,3700,SE04/D03_SE04_R01.txt,SE04,D03,1,0,test,8200,8400,-1,2.4971728324890137,2.209465980529785
baseline,75614,3700,SE04/D03_SE04_R01.txt,SE04,D03,1,0,test,8300,8500,-1,2.4971728324890137,2.209465980529785
baseline,75615,3700,SE04/D03_SE04_R01.txt,SE04,D03,1,0,test,8400,8600,-1,2.540411949157715,2.209465980529785
baseline,75616,3700,SE04/D03_SE04_R01.txt,SE04,D03,1,0,test,8500,8700,-1,2.540411949157715,2.209465980529785
baseline,75617,3700,SE04/D03_SE04_R01.txt,SE04,D03,1,0,test,8600,8800,-1,2.393411636352539,2.209465980529785
baseline,75618,3700,SE04/D03_SE04_R01.txt,SE04,D03,1,0,test,8700,8900,-1,2.5163440704345703,2.209465980529785
baseline,75619,3700,SE04/D03_SE04_R01.txt,SE04,D03,1,0,test,8800,9000,-1,2.5921835899353027,2.209465980529785
baseline,75620,3700,SE04/D03_SE04_R01.txt,SE04,D03,1,0,test,8900,9100,-1,2.5921835899353027,2.209465980529785
baseline,75621,3700,SE04/D03_SE04_R01.txt,SE04,D03,1,0,test,9000,9200,-1,2.5457825660705566,2.209465980529785
baseline,75622,3700,SE04/D03_SE04_R01.txt,SE04,D03,1,0,test,9100,9300,-1,2.5457825660705566,2.209465980529785
baseline,75623,3700,SE04/D03_SE04_R01.txt,SE04,D03,1,0,test,9200,9400,-1,2.4748024940490723,2.209465980529785
baseline,75624,3700,SE04/D03_SE04_R01.txt,SE04,D03,1,0,test,9300,9500,-1,2.6148297786712646,2.209465980529785
baseline,75625,3700,SE04/D03_SE04_R01.txt,SE04,D03,1,0,test,9400,9600,-1,2.6148297786712646,2.209465980529785
baseline,75626,3700,SE04/D03_SE04_R01.txt,SE04,D03,1,0,test,9500,9700,-1,2.5877063274383545,2.209465980529785
baseline,75627,3700,SE04/D03_SE04_R01.txt,SE04,D03,1,0,test,9600,9800,-1,2.5881476402282715,2.209465980529785
baseline,75628,3700,SE04/D03_SE04_R01.txt,SE04,D03,1,0,test,9700,9900,-1,2.667377471923828,2.209465980529785
baseline,75629,3700,SE04/D03_SE04_R01.txt,SE04,D03,1,0,test,9800,10000,-1,2.667377471923828,2.209465980529785
baseline,75630,3700,SE04/D03_SE04_R01.txt,SE04,D03,1,0,test,9900,10100,-1,2.6004691123962402,2.209465980529785
baseline,75631,3700,SE04/D03_SE04_R01.txt,SE04,D03,1,0,test,10000,10200,-1,2.498552083969116,2.209465980529785
baseline,75632,3700,SE04/D03_SE04_R01.txt,SE04,D03,1,0,test,10100,10300,-1,2.599705934524536,2.209465980529785
baseline,75633,3700,SE04/D03_SE04_R01.txt,SE04,D03,1,0,test,10200,10400,-1,2.599705934524536,2.209465980529785
baseline,75634,3700,SE04/D03_SE04_R01.txt,SE04,D03,1,0,test,10300,10500,-1,2.5555427074432373,2.209465980529785
baseline,75635,3700,SE04/D03_SE04_R01.txt,SE04,D03,1,0,test,10400,10600,-1,2.596754312515259,2.209465980529785
baseline,75636,3700,SE04/D03_SE04_R01.txt,SE04,D03,1,0,test,10500,10700,-1,2.596754312515259,2.209465980529785
baseline,75637,3700,SE04/D03_SE04_R01.txt,SE04,D03,1,0,test,10600,10800,-1,2.579975128173828,2.209465980529785
baseline,75638,3700,SE04/D03_SE04_R01.txt,SE04,D03,1,0,test,10700,10900,-1,2.579975128173828,2.209465980529785
baseline,75639,3700,SE04/D03_SE04_R01.txt,SE04,D03,1,0,test,10800,11000,-1,2.575636148452759,2.209465980529785
baseline,75640,3700,SE04/D03_SE04_R01.txt,SE04,D03,1,0,test,10900,11100,-1,2.5373380184173584,2.209465980529785
baseline,75641,3700,SE04/D03_SE04_R01.txt,SE04,D03,1,0,test,11000,11200,-1,2.5409812927246094,2.209465980529785
baseline,75642,3700,SE04/D03_SE04_R01.txt,SE04,D03,1,0,test,11100,11300,-1,2.7374162673950195,2.209465980529785
baseline,75643,3700,SE04/D03_SE04_R01.txt,SE04,D03,1,0,test,11200,11400,-1,2.7374162673950195,2.209465980529785
baseline,75644,3700,SE04/D03_SE04_R01.txt,SE04,D03,1,0,test,11300,11500,-1,2.6532607078552246,2.209465980529785
baseline,75645,3700,SE04/D03_SE04_R01.txt,SE04,D03,1,0,test,11400,11600,-1,2.6226937770843506,2.209465980529785
baseline,75646,3700,SE04/D03_SE04_R01.txt,SE04,D03,1,0,test,11500,11700,-1,2.598306179046631,2.209465980529785
baseline,75647,3700,SE04/D03_SE04_R01.txt,SE04,D03,1,0,test,11600,11800,-1,2.546844244003296,2.209465980529785
baseline,75648,3700,SE04/D03_SE04_R01.txt,SE04,D03,1,0,test,11700,11900,-1,2.546844244003296,2.209465980529785
baseline,75649,3700,SE04/D03_SE04_R01.txt,SE04,D03,1,0,test,11800,12000,-1,2.5199837684631348,2.209465980529785
baseline,75650,3700,SE04/D03_SE04_R01.txt,SE04,D03,1,0,test,11900,12100,-1,2.3976430892944336,2.209465980529785
baseline,75651,3700,SE04/D03_SE04_R01.txt,SE04,D03,1,0,test,12000,12200,-1,2.4211745262145996,2.209465980529785
baseline,75652,3700,SE04/D03_SE04_R01.txt,SE04,D03,1,0,test,12100,12300,-1,2.4211745262145996,2.209465980529785
baseline,75653,3700,SE04/D03_SE04_R01.txt,SE04,D03,1,0,test,12200,12400,-1,2.3776187896728516,2.209465980529785
baseline,75654,3700,SE04/D03_SE04_R01.txt,SE04,D03,1,0,test,12300,12500,-1,2.4984421730041504,2.209465980529785
baseline,75655,3700,SE04/D03_SE04_R01.txt,SE04,D03,1,0,test,12400,12600,-1,2.4984421730041504,2.209465980529785
baseline,75656,3700,SE04/D03_SE04_R01.txt,SE04,D03,1,0,test,12500,12700,-1,2.396724224090576,2.209465980529785
baseline,75657,3700,SE04/D03_SE04_R01.txt,SE04,D03,1,0,test,12600,12800,-1,2.4885306358337402,2.209465980529785
baseline,75658,3700,SE04/D03_SE04_R01.txt,SE04,D03,1,0,test,12700,12900,-1,2.4885306358337402,2.209465980529785
baseline,75659,3700,SE04/D03_SE04_R01.txt,SE04,D03,1,0,test,12800,13000,-1,2.406668186187744,2.209465980529785
baseline,75660,3700,SE04/D03_SE04_R01.txt,SE04,D03,1,0,test,12900,13100,-1,2.4481232166290283,2.209465980529785
baseline,75661,3700,SE04/D03_SE04_R01.txt,SE04,D03,1,0,test,13000,13200,-1,2.4481232166290283,2.209465980529785
baseline,75662,3700,SE04/D03_SE04_R01.txt,SE04,D03,1,0,test,13100,13300,-1,2.3349549770355225,2.209465980529785
baseline,75663,3700,SE04/D03_SE04_R01.txt,SE04,D03,1,0,test,13200,13400,-1,2.437079429626465,2.209465980529785
baseline,75664,3700,SE04/D03_SE04_R01.txt,SE04,D03,1,0,test,13300,13500,-1,2.437079429626465,2.209465980529785
baseline,75665,3700,SE04/D03_SE04_R01.txt,SE04,D03,1,0,test,13400,13600,-1,2.3906071186065674,2.209465980529785
baseline,75666,3700,SE04/D03_SE04_R01.txt,SE04,D03,1,0,test,13500,13700,-1,2.3906071186065674,2.209465980529785
baseline,75667,3700,SE04/D03_SE04_R01.txt,SE04,D03,1,0,test,13600,13800,-1,2.3608081340789795,2.209465980529785
baseline,75668,3700,SE04/D03_SE04_R01.txt,SE04,D03,1,0,test,13700,13900,-1,2.418736457824707,2.209465980529785
baseline,75669,3700,SE04/D03_SE04_R01.txt,SE04,D03,1,0,test,13800,14000,-1,2.4769365787506104,2.209465980529785
baseline,75670,3700,SE04/D03_SE04_R01.txt,SE04,D03,1,0,test,13900,14100,-1,2.4769365787506104,2.209465980529785
baseline,75671,3700,SE04/D03_SE04_R01.txt,SE04,D03,1,0,test,14000,14200,-1,2.528820514678955,2.209465980529785
baseline,75672,3700,SE04/D03_SE04_R01.txt,SE04,D03,1,0,test,14100,14300,-1,2.5706417560577393,2.209465980529785
baseline,75673,3700,SE04/D03_SE04_R01.txt,SE04,D03,1,0,test,14200,14400,-1,2.5706417560577393,2.209465980529785
baseline,75674,3700,SE04/D03_SE04_R01.txt,SE04,D03,1,0,test,14300,14500,-1,2.519383192062378,2.209465980529785
baseline,75675,3700,SE04/D03_SE04_R01.txt,SE04,D03,1,0,test,14400,14600,-1,2.5828590393066406,2.209465980529785
baseline,75676,3700,SE04/D03_SE04_R01.txt,SE04,D03,1,0,test,14500,14700,-1,2.5828590393066406,2.209465980529785
baseline,75677,3700,SE04/D03_SE04_R01.txt,SE04,D03,1,0,test,14600,14800,-1,2.507535934448242,2.209465980529785
baseline,75678,3700,SE04/D03_SE04_R01.txt,SE04,D03,1,0,test,14700,14900,-1,2.5506834983825684,2.209465980529785
baseline,75679,3700,SE04/D03_SE04_R01.txt,SE04,D03,1,0,test,14800,15000,-1,2.5506834983825684,2.209465980529785
baseline,75680,3700,SE04/D03_SE04_R01.txt,SE04,D03,1,0,test,14900,15100,-1,2.479992389678955,2.209465980529785
baseline,75681,3700,SE04/D03_SE04_R01.txt,SE04,D03,1,0,test,15000,15200,-1,2.501830577850342,2.209465980529785
baseline,75682,3700,SE04/D03_SE04_R01.txt,SE04,D03,1,0,test,15100,15300,-1,2.501830577850342,2.209465980529785
baseline,75683,3700,SE04/D03_SE04_R01.txt,SE04,D03,1,0,test,15200,15400,-1,2.388749361038208,2.209465980529785
baseline,75684,3700,SE04/D03_SE04_R01.txt,SE04,D03,1,0,test,15300,15500,-1,2.4093358516693115,2.209465980529785
baseline,75685,3700,SE04/D03_SE04_R01.txt,SE04,D03,1,0,test,15400,15600,-1,2.4130516052246094,2.209465980529785
baseline,75686,3700,SE04/D03_SE04_R01.txt,SE04,D03,1,0,test,15500,15700,-1,2.4130516052246094,2.209465980529785
baseline,75687,3700,SE04/D03_SE04_R01.txt,SE04,D03,1,0,test,15600,15800,-1,2.528656005859375,2.209465980529785
baseline,75688,3700,SE04/D03_SE04_R01.txt,SE04,D03,1,0,test,15700,15900,-1,2.528656005859375,2.209465980529785
baseline,75689,3700,SE04/D03_SE04_R01.txt,SE04,D03,1,0,test,15800,16000,-1,2.422133445739746,2.209465980529785
baseline,75690,3700,SE04/D03_SE04_R01.txt,SE04,D03,1,0,test,15900,16100,-1,2.443809747695923,2.209465980529785
baseline,75691,3700,SE04/D03_SE04_R01.txt,SE04,D03,1,0,test,16000,16200,-1,2.443809747695923,2.209465980529785
baseline,75692,3700,SE04/D03_SE04_R01.txt,SE04,D03,1,0,test,16100,16300,-1,2.567389488220215,2.209465980529785
baseline,75693,3700,SE04/D03_SE04_R01.txt,SE04,D03,1,0,test,16200,16400,-1,2.574641704559326,2.209465980529785
baseline,75694,3700,SE04/D03_SE04_R01.txt,SE04,D03,1,0,test,16300,16500,-1,2.574641704559326,2.209465980529785
baseline,75695,3700,SE04/D03_SE04_R01.txt,SE04,D03,1,0,test,16400,16600,-1,2.423698663711548,2.209465980529785
baseline,75696,3700,SE04/D03_SE04_R01.txt,SE04,D03,1,0,test,16500,16700,-1,2.419623613357544,2.209465980529785
baseline,75697,3700,SE04/D03_SE04_R01.txt,SE04,D03,1,0,test,16600,16800,-1,2.3733794689178467,2.209465980529785
baseline,75698,3700,SE04/D03_SE04_R01.txt,SE04,D03,1,0,test,16700,16900,-1,2.475785493850708,2.209465980529785
baseline,75699,3700,SE04/D03_SE04_R01.txt,SE04,D03,1,0,test,16800,17000,-1,2.5555341243743896,2.209465980529785
baseline,75700,3700,SE04/D03_SE04_R01.txt,SE04,D03,1,0,test,16900,17100,-1,2.5555341243743896,2.209465980529785
baseline,75701,3700,SE04/D03_SE04_R01.txt,SE04,D03,1,0,test,17000,17200,-1,2.4464128017425537,2.209465980529785
baseline,75702,3700,SE04/D03_SE04_R01.txt,SE04,D03,1,0,test,17100,17300,-1,2.492157459259033,2.209465980529785
baseline,75703,3700,SE04/D03_SE04_R01.txt,SE04,D03,1,0,test,17200,17400,-1,2.492157459259033,2.209465980529785
baseline,75704,3700,SE04/D03_SE04_R01.txt,SE04,D03,1,0,test,17300,17500,-1,2.4267756938934326,2.209465980529785
baseline,75705,3700,SE04/D03_SE04_R01.txt,SE04,D03,1,0,test,17400,17600,-1,2.4347503185272217,2.209465980529785
baseline,75706,3700,SE04/D03_SE04_R01.txt,SE04,D03,1,0,test,17500,17700,-1,2.4347503185272217,2.209465980529785
baseline,75707,3700,SE04/D03_SE04_R01.txt,SE04,D03,1,0,test,17600,17800,-1,2.361128568649292,2.209465980529785
baseline,75708,3700,SE04/D03_SE04_R01.txt,SE04,D03,1,0,test,17700,17900,-1,2.511969804763794,2.209465980529785
baseline,75709,3700,SE04/D03_SE04_R01.txt,SE04,D03,1,0,test,17800,18000,-1,2.5773134231567383,2.209465980529785
baseline,75710,3700,SE04/D03_SE04_R01.txt,SE04,D03,1,0,test,17900,18100,-1,2.5773134231567383,2.209465980529785
baseline,75711,3700,SE04/D03_SE04_R01.txt,SE04,D03,1,0,test,18000,18200,-1,2.4737014770507812,2.209465980529785
baseline,75712,3700,SE04/D03_SE04_R01.txt,SE04,D03,1,0,test,18100,18300,-1,2.524975538253784,2.209465980529785
baseline,75713,3700,SE04/D03_SE04_R01.txt,SE04,D03,1,0,test,18200,18400,-1,2.524975538253784,2.209465980529785
baseline,75714,3700,SE04/D03_SE04_R01.txt,SE04,D03,1,0,test,18300,18500,-1,2.5052027702331543,2.209465980529785
baseline,75715,3700,SE04/D03_SE04_R01.txt,SE04,D03,1,0,test,18400,18600,-1,2.5052027702331543,2.209465980529785
baseline,75716,3700,SE04/D03_SE04_R01.txt,SE04,D03,1,0,test,18500,18700,-1,2.5006349086761475,2.209465980529785
baseline,75717,3700,SE04/D03_SE04_R01.txt,SE04,D03,1,0,test,18600,18800,-1,2.537015199661255,2.209465980529785
baseline,75718,3700,SE04/D03_SE04_R01.txt,SE04,D03,1,0,test,18700,18900,-1,2.537015199661255,2.209465980529785
baseline,75719,3700,SE04/D03_SE04_R01.txt,SE04,D03,1,0,test,18800,19000,-1,2.487809658050537,2.209465980529785
baseline,75720,3700,SE04/D03_SE04_R01.txt,SE04,D03,1,0,test,18900,19100,-1,2.487809658050537,2.209465980529785
baseline,75721,3700,SE04/D03_SE04_R01.txt,SE04,D03,1,0,test,19000,19200,-1,2.4513256549835205,2.209465980529785
baseline,75722,3700,SE04/D03_SE04_R01.txt,SE04,D03,1,0,test,19100,19300,-1,2.4406073093414307,2.209465980529785
baseline,75723,3700,SE04/D03_SE04_R01.txt,SE04,D03,1,0,test,19200,19400,-1,2.5332725048065186,2.209465980529785
baseline,75724,3700,SE04/D03_SE04_R01.txt,SE04,D03,1,0,test,19300,19500,-1,2.5332725048065186,2.209465980529785
baseline,75725,3700,SE04/D03_SE04_R01.txt,SE04,D03,1,0,test,19400,19600,-1,2.51676344871521,2.209465980529785
baseline,75726,3700,SE04/D03_SE04_R01.txt,SE04,D03,1,0,test,19500,19700,-1,2.4528937339782715,2.209465980529785
baseline,75727,3700,SE04/D03_SE04_R01.txt,SE04,D03,1,0,test,19600,19800,-1,2.4603850841522217,2.209465980529785
baseline,75728,3700,SE04/D03_SE04_R01.txt,SE04,D03,1,0,test,19700,19900,-1,2.4603850841522217,2.209465980529785
baseline,75729,3700,SE04/D03_SE04_R01.txt,SE04,D03,1,0,test,19800,20000,-1,2.366464853286743,2.209465980529785
baseline,75736,3701,SE04/D04_SE04_R01.txt,SE04,D04,1,0,test,600,800,-1,2.3807566165924072,2.209465980529785
baseline,75737,3701,SE04/D04_SE04_R01.txt,SE04,D04,1,0,test,700,900,-1,2.3807566165924072,2.209465980529785
baseline,75740,3701,SE04/D04_SE04_R01.txt,SE04,D04,1,0,test,1000,1200,-1,2.2961883544921875,2.209465980529785
baseline,75741,3701,SE04/D04_SE04_R01.txt,SE04,D04,1,0,test,1100,1300,-1,2.2961883544921875,2.209465980529785
baseline,75742,3701,SE04/D04_SE04_R01.txt,SE04,D04,1,0,test,1200,1400,-1,2.473644495010376,2.209465980529785
baseline,75743,3701,SE04/D04_SE04_R01.txt,SE04,D04,1,0,test,1300,1500,-1,2.6701083183288574,2.209465980529785
baseline,75744,3701,SE04/D04_SE04_R01.txt,SE04,D04,1,0,test,1400,1600,-1,2.6701083183288574,2.209465980529785
baseline,75745,3701,SE04/D04_SE04_R01.txt,SE04,D04,1,0,test,1500,1700,-1,2.594656229019165,2.209465980529785
baseline,75746,3701,SE04/D04_SE04_R01.txt,SE04,D04,1,0,test,1600,1800,-1,2.594656229019165,2.209465980529785
baseline,75747,3701,SE04/D04_SE04_R01.txt,SE04,D04,1,0,test,1700,1900,-1,2.5765933990478516,2.209465980529785
baseline,75748,3701,SE04/D04_SE04_R01.txt,SE04,D04,1,0,test,1800,2000,-1,2.5765933990478516,2.209465980529785
baseline,75749,3701,SE04/D04_SE04_R01.txt,SE04,D04,1,0,test,1900,2100,-1,2.6065473556518555,2.209465980529785
baseline,75750,3701,SE04/D04_SE04_R01.txt,SE04,D04,1,0,test,2000,2200,-1,2.647996664047241,2.209465980529785
baseline,75751,3701,SE04/D04_SE04_R01.txt,SE04,D04,1,0,test,2100,2300,-1,2.647996664047241,2.209465980529785
baseline,75752,3701,SE04/D04_SE04_R01.txt,SE04,D04,1,0,test,2200,2400,-1,2.5741777420043945,2.209465980529785
baseline,75753,3701,SE04/D04_SE04_R01.txt,SE04,D04,1,0,test,2300,2500,-1,2.5741777420043945,2.209465980529785
baseline,75754,3701,SE04/D04_SE04_R01.txt,SE04,D04,1,0,test,2400,2600,-1,2.5233874320983887,2.209465980529785
baseline,75755,3701,SE04/D04_SE04_R01.txt,SE04,D04,1,0,test,2500,2700,-1,2.5311081409454346,2.209465980529785
baseline,75756,3701,SE04/D04_SE04_R01.txt,SE04,D04,1,0,test,2600,2800,-1,2.6050188541412354,2.209465980529785
baseline,75757,3701,SE04/D04_SE04_R01.txt,SE04,D04,1,0,test,2700,2900,-1,2.6383743286132812,2.209465980529785
baseline,75758,3701,SE04/D04_SE04_R01.txt,SE04,D04,1,0,test,2800,3000,-1,2.659555673599243,2.209465980529785
baseline,75759,3701,SE04/D04_SE04_R01.txt,SE04,D04,1,0,test,2900,3100,-1,2.6952431201934814,2.209465980529785
baseline,75760,3701,SE04/D04_SE04_R01.txt,SE04,D04,1,0,test,3000,3200,-1,2.7692720890045166,2.209465980529785
baseline,75761,3701,SE04/D04_SE04_R01.txt,SE04,D04,1,0,test,3100,3300,-1,2.7692720890045166,2.209465980529785
baseline,75762,3701,SE04/D04_SE04_R01.txt,SE04,D04,1,0,test,3200,3400,-1,2.7111752033233643,2.209465980529785
baseline,75763,3701,SE04/D04_SE04_R01.txt,SE04,D04,1,0,test,3300,3500,-1,2.7111752033233643,2.209465980529785
baseline,75764,3701,SE04/D04_SE04_R01.txt,SE04,D04,1,0,test,3400,3600,-1,2.595276355743408,2.209465980529785
baseline,75765,3701,SE04/D04_SE04_R01.txt,SE04,D04,1,0,test,3500,3700,-1,2.5287883281707764,2.209465980529785
baseline,75766,3701,SE04/D04_SE04_R01.txt,SE04,D04,1,0,test,3600,3800,-1,2.5372073650360107,2.209465980529785
baseline,75767,3701,SE04/D04_SE04_R01.txt,SE04,D04,1,0,test,3700,3900,-1,2.650322914123535,2.209465980529785
baseline,75768,3701,SE04/D04_SE04_R01.txt,SE04,D04,1,0,test,3800,4000,-1,2.650322914123535,2.209465980529785
baseline,75769,3701,SE04/D04_SE04_R01.txt,SE04,D04,1,0,test,3900,4100,-1,2.618621587753296,2.209465980529785
baseline,75770,3701,SE04/D04_SE04_R01.txt,SE04,D04,1,0,test,4000,4200,-1,2.6064300537109375,2.209465980529785
baseline,75771,3701,SE04/D04_SE04_R01.txt,SE04,D04,1,0,test,4100,4300,-1,2.6064300537109375,2.209465980529785
baseline,75772,3701,SE04/D04_SE04_R01.txt,SE04,D04,1,0,test,4200,4400,-1,2.6115915775299072,2.209465980529785
baseline,75773,3701,SE04/D04_SE04_R01.txt,SE04,D04,1,0,test,4300,4500,-1,2.6115915775299072,2.209465980529785
baseline,75774,3701,SE04/D04_SE04_R01.txt,SE04,D04,1,0,test,4400,4600,-1,2.603614330291748,2.209465980529785
baseline,75775,3701,SE04/D04_SE04_R01.txt,SE04,D04,1,0,test,4500,4700,-1,2.8635103702545166,2.209465980529785
baseline,75776,3701,SE04/D04_SE04_R01.txt,SE04,D04,1,0,test,4600,4800,-1,2.8635103702545166,2.209465980529785
baseline,75777,3701,SE04/D04_SE04_R01.txt,SE04,D04,1,0,test,4700,4900,-1,2.6756410598754883,2.209465980529785
baseline,75778,3701,SE04/D04_SE04_R01.txt,SE04,D04,1,0,test,4800,5000,-1,2.6544573307037354,2.209465980529785
baseline,75779,3701,SE04/D04_SE04_R01.txt,SE04,D04,1,0,test,4900,5100,-1,2.6544573307037354,2.209465980529785
baseline,75780,3701,SE04/D04_SE04_R01.txt,SE04,D04,1,0,test,5000,5200,-1,2.643829822540283,2.209465980529785
baseline,75781,3701,SE04/D04_SE04_R01.txt,SE04,D04,1,0,test,5100,5300,-1,2.6116645336151123,2.209465980529785
baseline,75782,3701,SE04/D04_SE04_R01.txt,SE04,D04,1,0,test,5200,5400,-1,2.713813304901123,2.209465980529785
baseline,75783,3701,SE04/D04_SE04_R01.txt,SE04,D04,1,0,test,5300,5500,-1,2.781071662902832,2.209465980529785
baseline,75784,3701,SE04/D04_SE04_R01.txt,SE04,D04,1,0,test,5400,5600,-1,2.781071662902832,2.209465980529785
baseline,75785,3701,SE04/D04_SE04_R01.txt,SE04,D04,1,0,test,5500,5700,-1,2.7300353050231934,2.209465980529785
baseline,75786,3701,SE04/D04_SE04_R01.txt,SE04,D04,1,0,test,5600,5800,-1,2.730992555618286,2.209465980529785
baseline,75787,3701,SE04/D04_SE04_R01.txt,SE04,D04,1,0,test,5700,5900,-1,2.730992555618286,2.209465980529785
baseline,75788,3701,SE04/D04_SE04_R01.txt,SE04,D04,1,0,test,5800,6000,-1,2.7105178833007812,2.209465980529785
baseline,75789,3701,SE04/D04_SE04_R01.txt,SE04,D04,1,0,test,5900,6100,-1,2.7311477661132812,2.209465980529785
baseline,75790,3701,SE04/D04_SE04_R01.txt,SE04,D04,1,0,test,6000,6200,-1,2.7311477661132812,2.209465980529785
baseline,75791,3701,SE04/D04_SE04_R01.txt,SE04,D04,1,0,test,6100,6300,-1,2.708354949951172,2.209465980529785
baseline,75792,3701,SE04/D04_SE04_R01.txt,SE04,D04,1,0,test,6200,6400,-1,2.731189250946045,2.209465980529785
baseline,75793,3701,SE04/D04_SE04_R01.txt,SE04,D04,1,0,test,6300,6500,-1,2.731189250946045,2.209465980529785
baseline,75794,3701,SE04/D04_SE04_R01.txt,SE04,D04,1,0,test,6400,6600,-1,2.645932912826538,2.209465980529785
baseline,75795,3701,SE04/D04_SE04_R01.txt,SE04,D04,1,0,test,6500,6700,-1,2.645932912826538,2.209465980529785
baseline,75796,3701,SE04/D04_SE04_R01.txt,SE04,D04,1,0,test,6600,6800,-1,2.536316156387329,2.209465980529785
baseline,75797,3701,SE04/D04_SE04_R01.txt,SE04,D04,1,0,test,6700,6900,-1,2.536316156387329,2.209465980529785
baseline,75798,3701,SE04/D04_SE04_R01.txt,SE04,D04,1,0,test,6800,7000,-1,2.5381383895874023,2.209465980529785
baseline,75799,3701,SE04/D04_SE04_R01.txt,SE04,D04,1,0,test,6900,7100,-1,2.701432228088379,2.209465980529785
baseline,75800,3701,SE04/D04_SE04_R01.txt,SE04,D04,1,0,test,7000,7200,-1,2.701432228088379,2.209465980529785
baseline,75801,3701,SE04/D04_SE04_R01.txt,SE04,D04,1,0,test,7100,7300,-1,2.5719070434570312,2.209465980529785
baseline,75802,3701,SE04/D04_SE04_R01.txt,SE04,D04,1,0,test,7200,7400,-1,2.5853707790374756,2.209465980529785
baseline,75803,3701,SE04/D04_SE04_R01.txt,SE04,D04,1,0,test,7300,7500,-1,2.5853707790374756,2.209465980529785
baseline,75804,3701,SE04/D04_SE04_R01.txt,SE04,D04,1,0,test,7400,7600,-1,2.6878790855407715,2.209465980529785
baseline,75805,3701,SE04/D04_SE04_R01.txt,SE04,D04,1,0,test,7500,7700,-1,2.6878790855407715,2.209465980529785
baseline,75806,3701,SE04/D04_SE04_R01.txt,SE04,D04,1,0,test,7600,7800,-1,2.656707286834717,2.209465980529785
baseline,75807,3701,SE04/D04_SE04_R01.txt,SE04,D04,1,0,test,7700,7900,-1,2.712779998779297,2.209465980529785
baseline,75808,3701,SE04/D04_SE04_R01.txt,SE04,D04,1,0,test,7800,8000,-1,2.813950300216675,2.209465980529785
baseline,75809,3701,SE04/D04_SE04_R01.txt,SE04,D04,1,0,test,7900,8100,-1,2.813950300216675,2.209465980529785
baseline,75810,3701,SE04/D04_SE04_R01.txt,SE04,D04,1,0,test,8000,8200,-1,2.7293753623962402,2.209465980529785
baseline,75811,3701,SE04/D04_SE04_R01.txt,SE04,D04,1,0,test,8100,8300,-1,2.763211488723755,2.209465980529785
baseline,75812,3701,SE04/D04_SE04_R01.txt,SE04,D04,1,0,test,8200,8400,-1,2.763211488723755,2.209465980529785
baseline,75813,3701,SE04/D04_SE04_R01.txt,SE04,D04,1,0,test,8300,8500,-1,2.690084218978882,2.209465980529785
baseline,75814,3701,SE04/D04_SE04_R01.txt,SE04,D04,1,0,test,8400,8600,-1,2.707951545715332,2.209465980529785
baseline,75815,3701,SE04/D04_SE04_R01.txt,SE04,D04,1,0,test,8500,8700,-1,2.707951545715332,2.209465980529785
baseline,75816,3701,SE04/D04_SE04_R01.txt,SE04,D04,1,0,test,8600,8800,-1,2.6806905269622803,2.209465980529785
baseline,75817,3701,SE04/D04_SE04_R01.txt,SE04,D04,1,0,test,8700,8900,-1,2.746330738067627,2.209465980529785
baseline,75818,3701,SE04/D04_SE04_R01.txt,SE04,D04,1,0,test,8800,9000,-1,2.746330738067627,2.209465980529785
baseline,75819,3701,SE04/D04_SE04_R01.txt,SE04,D04,1,0,test,8900,9100,-1,2.7142958641052246,2.209465980529785
baseline,75820,3701,SE04/D04_SE04_R01.txt,SE04,D04,1,0,test,9000,9200,-1,2.6428017616271973,2.209465980529785
baseline,75821,3701,SE04/D04_SE04_R01.txt,SE04,D04,1,0,test,9100,9300,-1,2.6428017616271973,2.209465980529785
baseline,75822,3701,SE04/D04_SE04_R01.txt,SE04,D04,1,0,test,9200,9400,-1,2.5607426166534424,2.209465980529785
baseline,75823,3701,SE04/D04_SE04_R01.txt,SE04,D04,1,0,test,9300,9500,-1,2.4985976219177246,2.209465980529785
baseline,75824,3701,SE04/D04_SE04_R01.txt,SE04,D04,1,0,test,9400,9600,-1,2.560580253601074,2.209465980529785
baseline,75825,3701,SE04/D04_SE04_R01.txt,SE04,D04,1,0,test,9500,9700,-1,2.560580253601074,2.209465980529785
baseline,75826,3701,SE04/D04_SE04_R01.txt,SE04,D04,1,0,test,9600,9800,-1,2.5782315731048584,2.209465980529785
baseline,75827,3701,SE04/D04_SE04_R01.txt,SE04,D04,1,0,test,9700,9900,-1,2.6864266395568848,2.209465980529785
baseline,75828,3701,SE04/D04_SE04_R01.txt,SE04,D04,1,0,test,9800,10000,-1,2.6864266395568848,2.209465980529785
baseline,75829,3701,SE04/D04_SE04_R01.txt,SE04,D04,1,0,test,9900,10100,-1,2.6814260482788086,2.209465980529785
baseline,75830,3701,SE04/D04_SE04_R01.txt,SE04,D04,1,0,test,10000,10200,-1,2.708831548690796,2.209465980529785
baseline,75831,3701,SE04/D04_SE04_R01.txt,SE04,D04,1,0,test,10100,10300,-1,2.708831548690796,2.209465980529785
baseline,75832,3701,SE04/D04_SE04_R01.txt,SE04,D04,1,0,test,10200,10400,-1,2.6019020080566406,2.209465980529785
baseline,75833,3701,SE04/D04_SE04_R01.txt,SE04,D04,1,0,test,10300,10500,-1,2.7517893314361572,2.209465980529785
baseline,75834,3701,SE04/D04_SE04_R01.txt,SE04,D04,1,0,test,10400,10600,-1,2.7517893314361572,2.209465980529785
baseline,75835,3701,SE04/D04_SE04_R01.txt,SE04,D04,1,0,test,10500,10700,-1,2.672510862350464,2.209465980529785
baseline,75836,3701,SE04/D04_SE04_R01.txt,SE04,D04,1,0,test,10600,10800,-1,2.6811981201171875,2.209465980529785
baseline,75837,3701,SE04/D04_SE04_R01.txt,SE04,D04,1,0,test,10700,10900,-1,2.6811981201171875,2.209465980529785
baseline,75838,3701,SE04/D04_SE04_R01.txt,SE04,D04,1,0,test,10800,11000,-1,2.6681954860687256,2.209465980529785
baseline,75839,3701,SE04/D04_SE04_R01.txt,SE04,D04,1,0,test,10900,11100,-1,2.72501540184021,2.209465980529785
baseline,75840,3701,SE04/D04_SE04_R01.txt,SE04,D04,1,0,test,11000,11200,-1,2.72501540184021,2.209465980529785
baseline,75841,3701,SE04/D04_SE04_R01.txt,SE04,D04,1,0,test,11100,11300,-1,2.697150707244873,2.209465980529785
baseline,75842,3701,SE04/D04_SE04_R01.txt,SE04,D04,1,0,test,11200,11400,-1,2.7967758178710938,2.209465980529785
baseline,75843,3701,SE04/D04_SE04_R01.txt,SE04,D04,1,0,test,11300,11500,-1,2.7967758178710938,2.209465980529785
baseline,75844,3701,SE04/D04_SE04_R01.txt,SE04,D04,1,0,test,11400,11600,-1,2.8248815536499023,2.209465980529785
baseline,75845,3701,SE04/D04_SE04_R01.txt,SE04,D04,1,0,test,11500,11700,-1,2.8248815536499023,2.209465980529785
baseline,75846,3701,SE04/D04_SE04_R01.txt,SE04,D04,1,0,test,11600,11800,-1,2.8071181774139404,2.209465980529785
baseline,75847,3701,SE04/D04_SE04_R01.txt,SE04,D04,1,0,test,11700,11900,-1,2.8071181774139404,2.209465980529785
baseline,75848,3701,SE04/D04_SE04_R01.txt,SE04,D04,1,0,test,11800,12000,-1,2.8493597507476807,2.209465980529785
baseline,75849,3701,SE04/D04_SE04_R01.txt,SE04,D04,1,0,test,11900,12100,-1,2.8493597507476807,2.209465980529785
baseline,75850,3701,SE04/D04_SE04_R01.txt,SE04,D04,1,0,test,12000,12200,-1,2.7003958225250244,2.209465980529785
baseline,75851,3701,SE04/D04_SE04_R01.txt,SE04,D04,1,0,test,12100,12300,-1,2.764303207397461,2.209465980529785
baseline,75852,3701,SE04/D04_SE04_R01.txt,SE04,D04,1,0,test,12200,12400,-1,2.764303207397461,2.209465980529785
baseline,75853,3701,SE04/D04_SE04_R01.txt,SE04,D04,1,0,test,12300,12500,-1,2.7209582328796387,2.209465980529785
baseline,75854,3701,SE04/D04_SE04_R01.txt,SE04,D04,1,0,test,12400,12600,-1,2.606009006500244,2.209465980529785
baseline,75855,3701,SE04/D04_SE04_R01.txt,SE04,D04,1,0,test,12500,12700,-1,2.606009006500244,2.209465980529785
baseline,75856,3701,SE04/D04_SE04_R01.txt,SE04,D04,1,0,test,12600,12800,-1,2.564344644546509,2.209465980529785
baseline,75857,3701,SE04/D04_SE04_R01.txt,SE04,D04,1,0,test,12700,12900,-1,2.676178455352783,2.209465980529785
baseline,75858,3701,SE04/D04_SE04_R01.txt,SE04,D04,1,0,test,12800,13000,-1,2.6851301193237305,2.209465980529785
baseline,75859,3701,SE04/D04_SE04_R01.txt,SE04,D04,1,0,test,12900,13100,-1,2.6851301193237305,2.209465980529785
baseline,75860,3701,SE04/D04_SE04_R01.txt,SE04,D04,1,0,test,13000,13200,-1,2.6835432052612305,2.209465980529785
baseline,75861,3701,SE04/D04_SE04_R01.txt,SE04,D04,1,0,test,13100,13300,-1,2.7067930698394775,2.209465980529785
baseline,75862,3701,SE04/D04_SE04_R01.txt,SE04,D04,1,0,test,13200,13400,-1,2.7067930698394775,2.209465980529785
baseline,75863,3701,SE04/D04_SE04_R01.txt,SE04,D04,1,0,test,13300,13500,-1,2.6413447856903076,2.209465980529785
baseline,75864,3701,SE04/D04_SE04_R01.txt,SE04,D04,1,0,test,13400,13600,-1,2.681344747543335,2.209465980529785
baseline,75865,3701,SE04/D04_SE04_R01.txt,SE04,D04,1,0,test,13500,13700,-1,2.7772395610809326,2.209465980529785
baseline,75866,3701,SE04/D04_SE04_R01.txt,SE04,D04,1,0,test,13600,13800,-1,2.7772395610809326,2.209465980529785
baseline,75867,3701,SE04/D04_SE04_R01.txt,SE04,D04,1,0,test,13700,13900,-1,2.7228734493255615,2.209465980529785
baseline,75868,3701,SE04/D04_SE04_R01.txt,SE04,D04,1,0,test,13800,14000,-1,2.7710328102111816,2.209465980529785
baseline,75869,3701,SE04/D04_SE04_R01.txt,SE04,D04,1,0,test,13900,14100,-1,2.7710328102111816,2.209465980529785
baseline,75870,3701,SE04/D04_SE04_R01.txt,SE04,D04,1,0,test,14000,14200,-1,2.8220906257629395,2.209465980529785
baseline,75871,3701,SE04/D04_SE04_R01.txt,SE04,D04,1,0,test,14100,14300,-1,2.8220906257629395,2.209465980529785
baseline,75872,3701,SE04/D04_SE04_R01.txt,SE04,D04,1,0,test,14200,14400,-1,2.6339783668518066,2.209465980529785
baseline,75873,3701,SE04/D04_SE04_R01.txt,SE04,D04,1,0,test,14300,14500,-1,2.7298386096954346,2.209465980529785
baseline,75874,3701,SE04/D04_SE04_R01.txt,SE04,D04,1,0,test,14400,14600,-1,2.7298386096954346,2.209465980529785
baseline,75875,3701,SE04/D04_SE04_R01.txt,SE04,D04,1,0,test,14500,14700,-1,2.628288984298706,2.209465980529785
baseline,75876,3701,SE04/D04_SE04_R01.txt,SE04,D04,1,0,test,14600,14800,-1,2.6910414695739746,2.209465980529785
baseline,75877,3701,SE04/D04_SE04_R01.txt,SE04,D04,1,0,test,14700,14900,-1,2.6910414695739746,2.209465980529785
baseline,75878,3701,SE04/D04_SE04_R01.txt,SE04,D04,1,0,test,14800,15000,-1,2.7552576065063477,2.209465980529785
baseline,75879,3701,SE04/D04_SE04_R01.txt,SE04,D04,1,0,test,14900,15100,-1,2.773590087890625,2.209465980529785
baseline,75880,3701,SE04/D04_SE04_R01.txt,SE04,D04,1,0,test,15000,15200,-1,2.773590087890625,2.209465980529785
baseline,75881,3701,SE04/D04_SE04_R01.txt,SE04,D04,1,0,test,15100,15300,-1,2.6453092098236084,2.209465980529785
baseline,75882,3701,SE04/D04_SE04_R01.txt,SE04,D04,1,0,test,15200,15400,-1,2.608639717102051,2.209465980529785
baseline,75883,3701,SE04/D04_SE04_R01.txt,SE04,D04,1,0,test,15300,15500,-1,2.587477445602417,2.209465980529785
baseline,75884,3701,SE04/D04_SE04_R01.txt,SE04,D04,1,0,test,15400,15600,-1,2.587477445602417,2.209465980529785
baseline,75885,3701,SE04/D04_SE04_R01.txt,SE04,D04,1,0,test,15500,15700,-1,2.5587260723114014,2.209465980529785
baseline,75886,3701,SE04/D04_SE04_R01.txt,SE04,D04,1,0,test,15600,15800,-1,2.6099228858947754,2.209465980529785
baseline,75887,3701,SE04/D04_SE04_R01.txt,SE04,D04,1,0,test,15700,15900,-1,2.6338393688201904,2.209465980529785
baseline,75888,3701,SE04/D04_SE04_R01.txt,SE04,D04,1,0,test,15800,16000,-1,2.6338393688201904,2.209465980529785
baseline,75889,3701,SE04/D04_SE04_R01.txt,SE04,D04,1,0,test,15900,16100,-1,2.736237049102783,2.209465980529785
baseline,75890,3701,SE04/D04_SE04_R01.txt,SE04,D04,1,0,test,16000,16200,-1,2.7665228843688965,2.209465980529785
baseline,75891,3701,SE04/D04_SE04_R01.txt,SE04,D04,1,0,test,16100,16300,-1,2.7665228843688965,2.209465980529785
baseline,75892,3701,SE04/D04_SE04_R01.txt,SE04,D04,1,0,test,16200,16400,-1,2.6739516258239746,2.209465980529785
baseline,75893,3701,SE04/D04_SE04_R01.txt,SE04,D04,1,0,test,16300,16500,-1,2.7963695526123047,2.209465980529785
baseline,75894,3701,SE04/D04_SE04_R01.txt,SE04,D04,1,0,test,16400,16600,-1,2.7963695526123047,2.209465980529785
baseline,75895,3701,SE04/D04_SE04_R01.txt,SE04,D04,1,0,test,16500,16700,-1,2.653315544128418,2.209465980529785
baseline,75896,3701,SE04/D04_SE04_R01.txt,SE04,D04,1,0,test,16600,16800,-1,2.694603443145752,2.209465980529785
baseline,75897,3701,SE04/D04_SE04_R01.txt,SE04,D04,1,0,test,16700,16900,-1,2.694603443145752,2.209465980529785
baseline,75898,3701,SE04/D04_SE04_R01.txt,SE04,D04,1,0,test,16800,17000,-1,2.7023086547851562,2.209465980529785
baseline,75899,3701,SE04/D04_SE04_R01.txt,SE04,D04,1,0,test,16900,17100,-1,2.7023086547851562,2.209465980529785
baseline,75900,3701,SE04/D04_SE04_R01.txt,SE04,D04,1,0,test,17000,17200,-1,2.651268720626831,2.209465980529785
baseline,75901,3701,SE04/D04_SE04_R01.txt,SE04,D04,1,0,test,17100,17300,-1,2.615645408630371,2.209465980529785
baseline,75902,3701,SE04/D04_SE04_R01.txt,SE04,D04,1,0,test,17200,17400,-1,2.646580219268799,2.209465980529785
baseline,75903,3701,SE04/D04_SE04_R01.txt,SE04,D04,1,0,test,17300,17500,-1,2.735485076904297,2.209465980529785
baseline,75904,3701,SE04/D04_SE04_R01.txt,SE04,D04,1,0,test,17400,17600,-1,2.735485076904297,2.209465980529785
baseline,75905,3701,SE04/D04_SE04_R01.txt,SE04,D04,1,0,test,17500,17700,-1,2.7108874320983887,2.209465980529785
baseline,75906,3701,SE04/D04_SE04_R01.txt,SE04,D04,1,0,test,17600,17800,-1,2.7108874320983887,2.209465980529785
baseline,75907,3701,SE04/D04_SE04_R01.txt,SE04,D04,1,0,test,17700,17900,-1,2.683138847351074,2.209465980529785
baseline,75908,3701,SE04/D04_SE04_R01.txt,SE04,D04,1,0,test,17800,18000,-1,2.6584229469299316,2.209465980529785
baseline,75909,3701,SE04/D04_SE04_R01.txt,SE04,D04,1,0,test,17900,18100,-1,2.6584229469299316,2.209465980529785
baseline,75910,3701,SE04/D04_SE04_R01.txt,SE04,D04,1,0,test,18000,18200,-1,2.5550875663757324,2.209465980529785
baseline,75911,3701,SE04/D04_SE04_R01.txt,SE04,D04,1,0,test,18100,18300,-1,2.5732226371765137,2.209465980529785
baseline,75912,3701,SE04/D04_SE04_R01.txt,SE04,D04,1,0,test,18200,18400,-1,2.653285264968872,2.209465980529785
baseline,75913,3701,SE04/D04_SE04_R01.txt,SE04,D04,1,0,test,18300,18500,-1,2.653285264968872,2.209465980529785
baseline,75914,3701,SE04/D04_SE04_R01.txt,SE04,D04,1,0,test,18400,18600,-1,2.7376508712768555,2.209465980529785
baseline,75915,3701,SE04/D04_SE04_R01.txt,SE04,D04,1,0,test,18500,18700,-1,2.7376508712768555,2.209465980529785
baseline,75916,3701,SE04/D04_SE04_R01.txt,SE04,D04,1,0,test,18600,18800,-1,2.5189521312713623,2.209465980529785
baseline,75917,3701,SE04/D04_SE04_R01.txt,SE04,D04,1,0,test,18700,18900,-1,2.5189521312713623,2.209465980529785
baseline,75918,3701,SE04/D04_SE04_R01.txt,SE04,D04,1,0,test,18800,19000,-1,2.4704227447509766,2.209465980529785
baseline,75919,3701,SE04/D04_SE04_R01.txt,SE04,D04,1,0,test,18900,19100,-1,2.592566967010498,2.209465980529785
baseline,75920,3701,SE04/D04_SE04_R01.txt,SE04,D04,1,0,test,19000,19200,-1,2.592566967010498,2.209465980529785
baseline,75921,3701,SE04/D04_SE04_R01.txt,SE04,D04,1,0,test,19100,19300,-1,2.659904718399048,2.209465980529785
baseline,75922,3701,SE04/D04_SE04_R01.txt,SE04,D04,1,0,test,19200,19400,-1,2.659904718399048,2.209465980529785
baseline,75923,3701,SE04/D04_SE04_R01.txt,SE04,D04,1,0,test,19300,19500,-1,2.6436617374420166,2.209465980529785
baseline,75924,3701,SE04/D04_SE04_R01.txt,SE04,D04,1,0,test,19400,19600,-1,2.6436617374420166,2.209465980529785
baseline,75925,3701,SE04/D04_SE04_R01.txt,SE04,D04,1,0,test,19500,19700,-1,2.5889172554016113,2.209465980529785
baseline,75926,3701,SE04/D04_SE04_R01.txt,SE04,D04,1,0,test,19600,19800,-1,2.5314855575561523,2.209465980529785
baseline,75927,3701,SE04/D04_SE04_R01.txt,SE04,D04,1,0,test,19700,19900,-1,2.605349540710449,2.209465980529785
baseline,75928,3701,SE04/D04_SE04_R01.txt,SE04,D04,1,0,test,19800,20000,-1,2.605349540710449,2.209465980529785
baseline,97089,4327,SE13/D04_SE13_R01.txt,SE13,D04,1,0,test,200,400,-1,2.5828185081481934,2.209465980529785
baseline,97090,4327,SE13/D04_SE13_R01.txt,SE13,D04,1,0,test,300,500,-1,2.5828185081481934,2.209465980529785
baseline,97091,4327,SE13/D04_SE13_R01.txt,SE13,D04,1,0,test,400,600,-1,2.6533617973327637,2.209465980529785
baseline,97092,4327,SE13/D04_SE13_R01.txt,SE13,D04,1,0,test,500,700,-1,2.6533617973327637,2.209465980529785
baseline,97093,4327,SE13/D04_SE13_R01.txt,SE13,D04,1,0,test,600,800,-1,2.4762051105499268,2.209465980529785
baseline,97094,4327,SE13/D04_SE13_R01.txt,SE13,D04,1,0,test,700,900,-1,2.4925332069396973,2.209465980529785
baseline,97095,4327,SE13/D04_SE13_R01.txt,SE13,D04,1,0,test,800,1000,-1,2.4925332069396973,2.209465980529785
baseline,97105,4327,SE13/D04_SE13_R01.txt,SE13,D04,1,0,test,1800,2000,-1,2.367642641067505,2.209465980529785
baseline,97106,4327,SE13/D04_SE13_R01.txt,SE13,D04,1,0,test,1900,2100,-1,2.5346031188964844,2.209465980529785
baseline,97107,4327,SE13/D04_SE13_R01.txt,SE13,D04,1,0,test,2000,2200,-1,2.5346031188964844,2.209465980529785
baseline,97108,4327,SE13/D04_SE13_R01.txt,SE13,D04,1,0,test,2100,2300,-1,2.609117269515991,2.209465980529785
baseline,97109,4327,SE13/D04_SE13_R01.txt,SE13,D04,1,0,test,2200,2400,-1,2.609117269515991,2.209465980529785
baseline,97110,4327,SE13/D04_SE13_R01.txt,SE13,D04,1,0,test,2300,2500,-1,2.4688093662261963,2.209465980529785
baseline,97111,4327,SE13/D04_SE13_R01.txt,SE13,D04,1,0,test,2400,2600,-1,2.5803582668304443,2.209465980529785
baseline,97112,4327,SE13/D04_SE13_R01.txt,SE13,D04,1,0,test,2500,2700,-1,2.5803582668304443,2.209465980529785
baseline,97113,4327,SE13/D04_SE13_R01.txt,SE13,D04,1,0,test,2600,2800,-1,2.511730909347534,2.209465980529785
baseline,97114,4327,SE13/D04_SE13_R01.txt,SE13,D04,1,0,test,2700,2900,-1,2.511730909347534,2.209465980529785
baseline,97115,4327,SE13/D04_SE13_R01.txt,SE13,D04,1,0,test,2800,3000,-1,2.5024309158325195,2.209465980529785
baseline,97116,4327,SE13/D04_SE13_R01.txt,SE13,D04,1,0,test,2900,3100,-1,2.5386545658111572,2.209465980529785
baseline,97117,4327,SE13/D04_SE13_R01.txt,SE13,D04,1,0,test,3000,3200,-1,2.5386545658111572,2.209465980529785
baseline,97118,4327,SE13/D04_SE13_R01.txt,SE13,D04,1,0,test,3100,3300,-1,2.4454445838928223,2.209465980529785
baseline,97119,4327,SE13/D04_SE13_R01.txt,SE13,D04,1,0,test,3200,3400,-1,2.4030582904815674,2.209465980529785
baseline,97120,4327,SE13/D04_SE13_R01.txt,SE13,D04,1,0,test,3300,3500,-1,2.524412155151367,2.209465980529785
baseline,97121,4327,SE13/D04_SE13_R01.txt,SE13,D04,1,0,test,3400,3600,-1,2.524412155151367,2.209465980529785
baseline,97122,4327,SE13/D04_SE13_R01.txt,SE13,D04,1,0,test,3500,3700,-1,2.540388822555542,2.209465980529785
baseline,97123,4327,SE13/D04_SE13_R01.txt,SE13,D04,1,0,test,3600,3800,-1,2.540388822555542,2.209465980529785
baseline,97124,4327,SE13/D04_SE13_R01.txt,SE13,D04,1,0,test,3700,3900,-1,2.5298972129821777,2.209465980529785
baseline,97125,4327,SE13/D04_SE13_R01.txt,SE13,D04,1,0,test,3800,4000,-1,2.6751937866210938,2.209465980529785
baseline,97126,4327,SE13/D04_SE13_R01.txt,SE13,D04,1,0,test,3900,4100,-1,2.848489999771118,2.209465980529785
baseline,97127,4327,SE13/D04_SE13_R01.txt,SE13,D04,1,0,test,4000,4200,-1,2.848489999771118,2.209465980529785
baseline,97128,4327,SE13/D04_SE13_R01.txt,SE13,D04,1,0,test,4100,4300,-1,2.769449234008789,2.209465980529785
baseline,97129,4327,SE13/D04_SE13_R01.txt,SE13,D04,1,0,test,4200,4400,-1,2.769449234008789,2.209465980529785
baseline,97130,4327,SE13/D04_SE13_R01.txt,SE13,D04,1,0,test,4300,4500,-1,2.757253646850586,2.209465980529785
baseline,97131,4327,SE13/D04_SE13_R01.txt,SE13,D04,1,0,test,4400,4600,-1,2.55427622795105,2.209465980529785
baseline,97132,4327,SE13/D04_SE13_R01.txt,SE13,D04,1,0,test,4500,4700,-1,2.55427622795105,2.209465980529785
baseline,97133,4327,SE13/D04_SE13_R01.txt,SE13,D04,1,0,test,4600,4800,-1,2.5496139526367188,2.209465980529785
baseline,97134,4327,SE13/D04_SE13_R01.txt,SE13,D04,1,0,test,4700,4900,-1,2.591348171234131,2.209465980529785
baseline,97135,4327,SE13/D04_SE13_R01.txt,SE13,D04,1,0,test,4800,5000,-1,2.591348171234131,2.209465980529785
baseline,97136,4327,SE13/D04_SE13_R01.txt,SE13,D04,1,0,test,4900,5100,-1,2.339465856552124,2.209465980529785
baseline,97137,4327,SE13/D04_SE13_R01.txt,SE13,D04,1,0,test,5000,5200,-1,2.38280987739563,2.209465980529785
baseline,97138,4327,SE13/D04_SE13_R01.txt,SE13,D04,1,0,test,5100,5300,-1,2.5040485858917236,2.209465980529785
baseline,97139,4327,SE13/D04_SE13_R01.txt,SE13,D04,1,0,test,5200,5400,-1,2.5040485858917236,2.209465980529785
baseline,97140,4327,SE13/D04_SE13_R01.txt,SE13,D04,1,0,test,5300,5500,-1,2.6408069133758545,2.209465980529785
baseline,97141,4327,SE13/D04_SE13_R01.txt,SE13,D04,1,0,test,5400,5600,-1,2.6408069133758545,2.209465980529785
baseline,97142,4327,SE13/D04_SE13_R01.txt,SE13,D04,1,0,test,5500,5700,-1,2.5167179107666016,2.209465980529785
baseline,97143,4327,SE13/D04_SE13_R01.txt,SE13,D04,1,0,test,5600,5800,-1,2.5940277576446533,2.209465980529785
baseline,97144,4327,SE13/D04_SE13_R01.txt,SE13,D04,1,0,test,5700,5900,-1,2.594918727874756,2.209465980529785
baseline,97145,4327,SE13/D04_SE13_R01.txt,SE13,D04,1,0,test,5800,6000,-1,2.594918727874756,2.209465980529785
baseline,97146,4327,SE13/D04_SE13_R01.txt,SE13,D04,1,0,test,5900,6100,-1,2.6016321182250977,2.209465980529785
baseline,97147,4327,SE13/D04_SE13_R01.txt,SE13,D04,1,0,test,6000,6200,-1,2.6016321182250977,2.209465980529785
baseline,97148,4327,SE13/D04_SE13_R01.txt,SE13,D04,1,0,test,6100,6300,-1,2.4787442684173584,2.209465980529785
baseline,97149,4327,SE13/D04_SE13_R01.txt,SE13,D04,1,0,test,6200,6400,-1,2.5024075508117676,2.209465980529785
baseline,97150,4327,SE13/D04_SE13_R01.txt,SE13,D04,1,0,test,6300,6500,-1,2.5766048431396484,2.209465980529785
baseline,97151,4327,SE13/D04_SE13_R01.txt,SE13,D04,1,0,test,6400,6600,-1,2.5766048431396484,2.209465980529785
baseline,97152,4327,SE13/D04_SE13_R01.txt,SE13,D04,1,0,test,6500,6700,-1,2.5502874851226807,2.209465980529785
baseline,97153,4327,SE13/D04_SE13_R01.txt,SE13,D04,1,0,test,6600,6800,-1,2.72537899017334,2.209465980529785
baseline,97154,4327,SE13/D04_SE13_R01.txt,SE13,D04,1,0,test,6700,6900,-1,2.72537899017334,2.209465980529785
baseline,97155,4327,SE13/D04_SE13_R01.txt,SE13,D04,1,0,test,6800,7000,-1,2.6482396125793457,2.209465980529785
baseline,97156,4327,SE13/D04_SE13_R01.txt,SE13,D04,1,0,test,6900,7100,-1,2.6482396125793457,2.209465980529785
baseline,97157,4327,SE13/D04_SE13_R01.txt,SE13,D04,1,0,test,7000,7200,-1,2.5436413288116455,2.209465980529785
baseline,97158,4327,SE13/D04_SE13_R01.txt,SE13,D04,1,0,test,7100,7300,-1,2.5125372409820557,2.209465980529785
baseline,97159,4327,SE13/D04_SE13_R01.txt,SE13,D04,1,0,test,7200,7400,-1,2.5125372409820557,2.209465980529785
baseline,97160,4327,SE13/D04_SE13_R01.txt,SE13,D04,1,0,test,7300,7500,-1,2.4888546466827393,2.209465980529785
baseline,97161,4327,SE13/D04_SE13_R01.txt,SE13,D04,1,0,test,7400,7600,-1,2.5416665077209473,2.209465980529785
baseline,97162,4327,SE13/D04_SE13_R01.txt,SE13,D04,1,0,test,7500,7700,-1,2.7639875411987305,2.209465980529785
baseline,97163,4327,SE13/D04_SE13_R01.txt,SE13,D04,1,0,test,7600,7800,-1,2.7639875411987305,2.209465980529785
baseline,97164,4327,SE13/D04_SE13_R01.txt,SE13,D04,1,0,test,7700,7900,-1,2.5979928970336914,2.209465980529785
baseline,97165,4327,SE13/D04_SE13_R01.txt,SE13,D04,1,0,test,7800,8000,-1,2.729827880859375,2.209465980529785
baseline,97166,4327,SE13/D04_SE13_R01.txt,SE13,D04,1,0,test,7900,8100,-1,2.729827880859375,2.209465980529785
baseline,97167,4327,SE13/D04_SE13_R01.txt,SE13,D04,1,0,test,8000,8200,-1,2.4816081523895264,2.209465980529785
baseline,97168,4327,SE13/D04_SE13_R01.txt,SE13,D04,1,0,test,8100,8300,-1,2.8720295429229736,2.209465980529785
baseline,97169,4327,SE13/D04_SE13_R01.txt,SE13,D04,1,0,test,8200,8400,-1,2.8720295429229736,2.209465980529785
baseline,97170,4327,SE13/D04_SE13_R01.txt,SE13,D04,1,0,test,8300,8500,-1,2.7607457637786865,2.209465980529785
baseline,97171,4327,SE13/D04_SE13_R01.txt,SE13,D04,1,0,test,8400,8600,-1,2.7607457637786865,2.209465980529785
baseline,97172,4327,SE13/D04_SE13_R01.txt,SE13,D04,1,0,test,8500,8700,-1,2.5566184520721436,2.209465980529785
baseline,97173,4327,SE13/D04_SE13_R01.txt,SE13,D04,1,0,test,8600,8800,-1,2.655317783355713,2.209465980529785
baseline,97174,4327,SE13/D04_SE13_R01.txt,SE13,D04,1,0,test,8700,8900,-1,2.655317783355713,2.209465980529785
baseline,97175,4327,SE13/D04_SE13_R01.txt,SE13,D04,1,0,test,8800,9000,-1,2.593895196914673,2.209465980529785
baseline,97176,4327,SE13/D04_SE13_R01.txt,SE13,D04,1,0,test,8900,9100,-1,2.62687087059021,2.209465980529785
baseline,97177,4327,SE13/D04_SE13_R01.txt,SE13,D04,1,0,test,9000,9200,-1,2.896082639694214,2.209465980529785
baseline,97178,4327,SE13/D04_SE13_R01.txt,SE13,D04,1,0,test,9100,9300,-1,2.896082639694214,2.209465980529785
baseline,97179,4327,SE13/D04_SE13_R01.txt,SE13,D04,1,0,test,9200,9400,-1,2.7387678623199463,2.209465980529785
baseline,97180,4327,SE13/D04_SE13_R01.txt,SE13,D04,1,0,test,9300,9500,-1,2.8054988384246826,2.209465980529785
baseline,97181,4327,SE13/D04_SE13_R01.txt,SE13,D04,1,0,test,9400,9600,-1,2.8054988384246826,2.209465980529785
baseline,97182,4327,SE13/D04_SE13_R01.txt,SE13,D04,1,0,test,9500,9700,-1,2.611189603805542,2.209465980529785
baseline,97183,4327,SE13/D04_SE13_R01.txt,SE13,D04,1,0,test,9600,9800,-1,2.8515946865081787,2.209465980529785
baseline,97184,4327,SE13/D04_SE13_R01.txt,SE13,D04,1,0,test,9700,9900,-1,2.8515946865081787,2.209465980529785
baseline,97185,4327,SE13/D04_SE13_R01.txt,SE13,D04,1,0,test,9800,10000,-1,2.5637333393096924,2.209465980529785
baseline,97186,4327,SE13/D04_SE13_R01.txt,SE13,D04,1,0,test,9900,10100,-1,2.535323143005371,2.209465980529785
baseline,97187,4327,SE13/D04_SE13_R01.txt,SE13,D04,1,0,test,10000,10200,-1,2.683102607727051,2.209465980529785
baseline,97188,4327,SE13/D04_SE13_R01.txt,SE13,D04,1,0,test,10100,10300,-1,2.683102607727051,2.209465980529785
baseline,97189,4327,SE13/D04_SE13_R01.txt,SE13,D04,1,0,test,10200,10400,-1,2.745633840560913,2.209465980529785
baseline,97190,4327,SE13/D04_SE13_R01.txt,SE13,D04,1,0,test,10300,10500,-1,2.787248134613037,2.209465980529785
baseline,97191,4327,SE13/D04_SE13_R01.txt,SE13,D04,1,0,test,10400,10600,-1,2.787248134613037,2.209465980529785
baseline,97192,4327,SE13/D04_SE13_R01.txt,SE13,D04,1,0,test,10500,10700,-1,2.8010506629943848,2.209465980529785
baseline,97193,4327,SE13/D04_SE13_R01.txt,SE13,D04,1,0,test,10600,10800,-1,2.8010506629943848,2.209465980529785
baseline,97194,4327,SE13/D04_SE13_R01.txt,SE13,D04,1,0,test,10700,10900,-1,2.695173740386963,2.209465980529785
baseline,97195,4327,SE13/D04_SE13_R01.txt,SE13,D04,1,0,test,10800,11000,-1,2.7319841384887695,2.209465980529785
baseline,97196,4327,SE13/D04_SE13_R01.txt,SE13,D04,1,0,test,10900,11100,-1,2.7319841384887695,2.209465980529785
baseline,97197,4327,SE13/D04_SE13_R01.txt,SE13,D04,1,0,test,11000,11200,-1,2.6664445400238037,2.209465980529785
baseline,97198,4327,SE13/D04_SE13_R01.txt,SE13,D04,1,0,test,11100,11300,-1,2.5778608322143555,2.209465980529785
baseline,97199,4327,SE13/D04_SE13_R01.txt,SE13,D04,1,0,test,11200,11400,-1,2.7335128784179688,2.209465980529785
baseline,97200,4327,SE13/D04_SE13_R01.txt,SE13,D04,1,0,test,11300,11500,-1,2.7335128784179688,2.209465980529785
baseline,97201,4327,SE13/D04_SE13_R01.txt,SE13,D04,1,0,test,11400,11600,-1,2.602093458175659,2.209465980529785
baseline,97202,4327,SE13/D04_SE13_R01.txt,SE13,D04,1,0,test,11500,11700,-1,2.6462996006011963,2.209465980529785
baseline,97203,4327,SE13/D04_SE13_R01.txt,SE13,D04,1,0,test,11600,11800,-1,2.6462996006011963,2.209465980529785
baseline,97204,4327,SE13/D04_SE13_R01.txt,SE13,D04,1,0,test,11700,11900,-1,2.6171653270721436,2.209465980529785
baseline,97205,4327,SE13/D04_SE13_R01.txt,SE13,D04,1,0,test,11800,12000,-1,2.6171653270721436,2.209465980529785
baseline,97206,4327,SE13/D04_SE13_R01.txt,SE13,D04,1,0,test,11900,12100,-1,2.439344882965088,2.209465980529785
baseline,97207,4327,SE13/D04_SE13_R01.txt,SE13,D04,1,0,test,12000,12200,-1,2.388979911804199,2.209465980529785
baseline,97208,4327,SE13/D04_SE13_R01.txt,SE13,D04,1,0,test,12100,12300,-1,2.418372392654419,2.209465980529785
baseline,97209,4327,SE13/D04_SE13_R01.txt,SE13,D04,1,0,test,12200,12400,-1,2.418372392654419,2.209465980529785
baseline,97210,4327,SE13/D04_SE13_R01.txt,SE13,D04,1,0,test,12300,12500,-1,2.5250394344329834,2.209465980529785
baseline,97211,4327,SE13/D04_SE13_R01.txt,SE13,D04,1,0,test,12400,12600,-1,2.6761457920074463,2.209465980529785
baseline,97212,4327,SE13/D04_SE13_R01.txt,SE13,D04,1,0,test,12500,12700,-1,2.6761457920074463,2.209465980529785
baseline,97213,4327,SE13/D04_SE13_R01.txt,SE13,D04,1,0,test,12600,12800,-1,2.581876754760742,2.209465980529785
baseline,97214,4327,SE13/D04_SE13_R01.txt,SE13,D04,1,0,test,12700,12900,-1,2.7164247035980225,2.209465980529785
baseline,97215,4327,SE13/D04_SE13_R01.txt,SE13,D04,1,0,test,12800,13000,-1,2.7164247035980225,2.209465980529785
baseline,97216,4327,SE13/D04_SE13_R01.txt,SE13,D04,1,0,test,12900,13100,-1,2.576545000076294,2.209465980529785
baseline,97217,4327,SE13/D04_SE13_R01.txt,SE13,D04,1,0,test,13000,13200,-1,2.7328076362609863,2.209465980529785
baseline,97218,4327,SE13/D04_SE13_R01.txt,SE13,D04,1,0,test,13100,13300,-1,2.8014636039733887,2.209465980529785
baseline,97219,4327,SE13/D04_SE13_R01.txt,SE13,D04,1,0,test,13200,13400,-1,2.8412625789642334,2.209465980529785
baseline,97220,4327,SE13/D04_SE13_R01.txt,SE13,D04,1,0,test,13300,13500,-1,2.8429267406463623,2.209465980529785
baseline,97221,4327,SE13/D04_SE13_R01.txt,SE13,D04,1,0,test,13400,13600,-1,2.887876272201538,2.209465980529785
baseline,97222,4327,SE13/D04_SE13_R01.txt,SE13,D04,1,0,test,13500,13700,-1,2.904620409011841,2.209465980529785
baseline,97223,4327,SE13/D04_SE13_R01.txt,SE13,D04,1,0,test,13600,13800,-1,2.904620409011841,2.209465980529785
baseline,97224,4327,SE13/D04_SE13_R01.txt,SE13,D04,1,0,test,13700,13900,-1,2.87796688079834,2.209465980529785
baseline,97225,4327,SE13/D04_SE13_R01.txt,SE13,D04,1,0,test,13800,14000,-1,2.87796688079834,2.209465980529785
baseline,97226,4327,SE13/D04_SE13_R01.txt,SE13,D04,1,0,test,13900,14100,-1,2.8378772735595703,2.209465980529785
baseline,97227,4327,SE13/D04_SE13_R01.txt,SE13,D04,1,0,test,14000,14200,-1,2.6847689151763916,2.209465980529785
baseline,97228,4327,SE13/D04_SE13_R01.txt,SE13,D04,1,0,test,14100,14300,-1,2.7438812255859375,2.209465980529785
baseline,97229,4327,SE13/D04_SE13_R01.txt,SE13,D04,1,0,test,14200,14400,-1,2.751110792160034,2.209465980529785
baseline,97230,4327,SE13/D04_SE13_R01.txt,SE13,D04,1,0,test,14300,14500,-1,2.751110792160034,2.209465980529785
baseline,97231,4327,SE13/D04_SE13_R01.txt,SE13,D04,1,0,test,14400,14600,-1,2.6680994033813477,2.209465980529785
baseline,97232,4327,SE13/D04_SE13_R01.txt,SE13,D04,1,0,test,14500,14700,-1,2.6678950786590576,2.209465980529785
baseline,97233,4327,SE13/D04_SE13_R01.txt,SE13,D04,1,0,test,14600,14800,-1,2.6213343143463135,2.209465980529785
baseline,97234,4327,SE13/D04_SE13_R01.txt,SE13,D04,1,0,test,14700,14900,-1,2.5620675086975098,2.209465980529785
baseline,97235,4327,SE13/D04_SE13_R01.txt,SE13,D04,1,0,test,14800,15000,-1,2.565174102783203,2.209465980529785
baseline,97236,4327,SE13/D04_SE13_R01.txt,SE13,D04,1,0,test,14900,15100,-1,2.7395544052124023,2.209465980529785
baseline,97237,4327,SE13/D04_SE13_R01.txt,SE13,D04,1,0,test,15000,15200,-1,2.7395544052124023,2.209465980529785
baseline,97238,4327,SE13/D04_SE13_R01.txt,SE13,D04,1,0,test,15100,15300,-1,2.562640905380249,2.209465980529785
baseline,97239,4327,SE13/D04_SE13_R01.txt,SE13,D04,1,0,test,15200,15400,-1,2.671640396118164,2.209465980529785
baseline,97240,4327,SE13/D04_SE13_R01.txt,SE13,D04,1,0,test,15300,15500,-1,2.671640396118164,2.209465980529785
baseline,97241,4327,SE13/D04_SE13_R01.txt,SE13,D04,1,0,test,15400,15600,-1,2.748802423477173,2.209465980529785
baseline,97242,4327,SE13/D04_SE13_R01.txt,SE13,D04,1,0,test,15500,15700,-1,2.748802423477173,2.209465980529785
baseline,97243,4327,SE13/D04_SE13_R01.txt,SE13,D04,1,0,test,15600,15800,-1,2.557790756225586,2.209465980529785
baseline,97244,4327,SE13/D04_SE13_R01.txt,SE13,D04,1,0,test,15700,15900,-1,2.689600944519043,2.209465980529785
baseline,97245,4327,SE13/D04_SE13_R01.txt,SE13,D04,1,0,test,15800,16000,-1,2.777161121368408,2.209465980529785
baseline,97246,4327,SE13/D04_SE13_R01.txt,SE13,D04,1,0,test,15900,16100,-1,2.777161121368408,2.209465980529785
baseline,97247,4327,SE13/D04_SE13_R01.txt,SE13,D04,1,0,test,16000,16200,-1,2.704402208328247,2.209465980529785
baseline,97248,4327,SE13/D04_SE13_R01.txt,SE13,D04,1,0,test,16100,16300,-1,2.740424633026123,2.209465980529785
baseline,97249,4327,SE13/D04_SE13_R01.txt,SE13,D04,1,0,test,16200,16400,-1,2.740424633026123,2.209465980529785
baseline,97250,4327,SE13/D04_SE13_R01.txt,SE13,D04,1,0,test,16300,16500,-1,2.820249557495117,2.209465980529785
baseline,97251,4327,SE13/D04_SE13_R01.txt,SE13,D04,1,0,test,16400,16600,-1,2.820249557495117,2.209465980529785
baseline,97252,4327,SE13/D04_SE13_R01.txt,SE13,D04,1,0,test,16500,16700,-1,2.696869373321533,2.209465980529785
baseline,97253,4327,SE13/D04_SE13_R01.txt,SE13,D04,1,0,test,16600,16800,-1,2.759479522705078,2.209465980529785
baseline,97254,4327,SE13/D04_SE13_R01.txt,SE13,D04,1,0,test,16700,16900,-1,2.759479522705078,2.209465980529785
baseline,97255,4327,SE13/D04_SE13_R01.txt,SE13,D04,1,0,test,16800,17000,-1,2.6935691833496094,2.209465980529785
baseline,97256,4327,SE13/D04_SE13_R01.txt,SE13,D04,1,0,test,16900,17100,-1,2.5248379707336426,2.209465980529785
baseline,97257,4327,SE13/D04_SE13_R01.txt,SE13,D04,1,0,test,17000,17200,-1,2.616342306137085,2.209465980529785
baseline,97258,4327,SE13/D04_SE13_R01.txt,SE13,D04,1,0,test,17100,17300,-1,2.6878907680511475,2.209465980529785
baseline,97259,4327,SE13/D04_SE13_R01.txt,SE13,D04,1,0,test,17200,17400,-1,2.6878907680511475,2.209465980529785
baseline,97260,4327,SE13/D04_SE13_R01.txt,SE13,D04,1,0,test,17300,17500,-1,2.6071836948394775,2.209465980529785
baseline,97261,4327,SE13/D04_SE13_R01.txt,SE13,D04,1,0,test,17400,17600,-1,2.706124782562256,2.209465980529785
baseline,97262,4327,SE13/D04_SE13_R01.txt,SE13,D04,1,0,test,17500,17700,-1,2.706124782562256,2.209465980529785
baseline,97263,4327,SE13/D04_SE13_R01.txt,SE13,D04,1,0,test,17600,17800,-1,2.7067031860351562,2.209465980529785
baseline,97264,4327,SE13/D04_SE13_R01.txt,SE13,D04,1,0,test,17700,17900,-1,2.7163054943084717,2.209465980529785
baseline,97265,4327,SE13/D04_SE13_R01.txt,SE13,D04,1,0,test,17800,18000,-1,2.7163054943084717,2.209465980529785
baseline,97266,4327,SE13/D04_SE13_R01.txt,SE13,D04,1,0,test,17900,18100,-1,2.6940367221832275,2.209465980529785
baseline,97267,4327,SE13/D04_SE13_R01.txt,SE13,D04,1,0,test,18000,18200,-1,2.770634889602661,2.209465980529785
baseline,97268,4327,SE13/D04_SE13_R01.txt,SE13,D04,1,0,test,18100,18300,-1,2.770634889602661,2.209465980529785
baseline,97269,4327,SE13/D04_SE13_R01.txt,SE13,D04,1,0,test,18200,18400,-1,2.6687886714935303,2.209465980529785
baseline,97270,4327,SE13/D04_SE13_R01.txt,SE13,D04,1,0,test,18300,18500,-1,2.750328302383423,2.209465980529785
baseline,97271,4327,SE13/D04_SE13_R01.txt,SE13,D04,1,0,test,18400,18600,-1,2.750328302383423,2.209465980529785
baseline,97272,4327,SE13/D04_SE13_R01.txt,SE13,D04,1,0,test,18500,18700,-1,2.743126630783081,2.209465980529785
baseline,97273,4327,SE13/D04_SE13_R01.txt,SE13,D04,1,0,test,18600,18800,-1,2.833275079727173,2.209465980529785
baseline,97274,4327,SE13/D04_SE13_R01.txt,SE13,D04,1,0,test,18700,18900,-1,2.833275079727173,2.209465980529785
baseline,97275,4327,SE13/D04_SE13_R01.txt,SE13,D04,1,0,test,18800,19000,-1,2.8304004669189453,2.209465980529785
baseline,97276,4327,SE13/D04_SE13_R01.txt,SE13,D04,1,0,test,18900,19100,-1,2.8304004669189453,2.209465980529785
baseline,97277,4327,SE13/D04_SE13_R01.txt,SE13,D04,1,0,test,19000,19200,-1,2.711167812347412,2.209465980529785
baseline,97278,4327,SE13/D04_SE13_R01.txt,SE13,D04,1,0,test,19100,19300,-1,2.7978246212005615,2.209465980529785
baseline,97279,4327,SE13/D04_SE13_R01.txt,SE13,D04,1,0,test,19200,19400,-1,2.7978246212005615,2.209465980529785
baseline,97280,4327,SE13/D04_SE13_R01.txt,SE13,D04,1,0,test,19300,19500,-1,2.7197458744049072,2.209465980529785
baseline,97281,4327,SE13/D04_SE13_R01.txt,SE13,D04,1,0,test,19400,19600,-1,2.5430498123168945,2.209465980529785
baseline,97282,4327,SE13/D04_SE13_R01.txt,SE13,D04,1,0,test,19500,19700,-1,2.670152187347412,2.209465980529785
baseline,97283,4327,SE13/D04_SE13_R01.txt,SE13,D04,1,0,test,19600,19800,-1,2.670152187347412,2.209465980529785
baseline,97284,4327,SE13/D04_SE13_R01.txt,SE13,D04,1,0,test,19700,19900,-1,2.7340550422668457,2.209465980529785
baseline,97285,4327,SE13/D04_SE13_R01.txt,SE13,D04,1,0,test,19800,20000,-1,2.7340550422668457,2.209465980529785
C2,2684,69,SA01/D18_SA01_R01.txt,SA01,D18,1,0,test,500,700,-1,1.7676056226106536,1.2305261218248633
C2,2685,69,SA01/D18_SA01_R01.txt,SA01,D18,1,0,test,600,800,-1,1.7676056226106536,1.2305261218248633
C2,2736,71,SA01/D18_SA01_R03.txt,SA01,D18,3,0,test,1100,1300,-1,1.3818583919917387,1.2305261218248633
C2,2737,71,SA01/D18_SA01_R03.txt,SA01,D18,3,0,test,1200,1400,-1,1.3818583919917387,1.2305261218248633
C2,2757,72,SA01/D18_SA01_R04.txt,SA01,D18,4,0,test,900,1100,-1,1.2650968053554186,1.2305261218248633
C2,2758,72,SA01/D18_SA01_R04.txt,SA01,D18,4,0,test,1000,1200,-1,1.3258733833582712,1.2305261218248633
C2,2759,72,SA01/D18_SA01_R04.txt,SA01,D18,4,0,test,1100,1300,-1,1.3258733833582712,1.2305261218248633
C2,2779,73,SA01/D18_SA01_R05.txt,SA01,D18,5,0,test,800,1000,-1,1.3513745780042434,1.2305261218248633
C2,2780,73,SA01/D18_SA01_R05.txt,SA01,D18,5,0,test,900,1100,-1,1.3513745780042434,1.2305261218248633
C2,2918,88,SA01/F02_SA01_R05.txt,SA01,F02,5,1,test,1820,2020,1920,0.9249015517374796,1.2305261218248633
C2,2959,129,SA01/F11_SA01_R01.txt,SA01,F11,1,1,test,1386,1586,1486,1.1280137829809291,1.2305261218248633
C2,2960,130,SA01/F11_SA01_R02.txt,SA01,F11,2,1,test,1083,1283,1183,0.7386751735892892,1.2305261218248633
C2,2961,131,SA01/F11_SA01_R03.txt,SA01,F11,3,1,test,1592,1792,1692,0.8912471141347564,1.2305261218248633
C2,2962,132,SA01/F11_SA01_R04.txt,SA01,F11,4,1,test,1125,1325,1225,1.20679686431902,1.2305261218248633
C2,2963,133,SA01/F11_SA01_R05.txt,SA01,F11,5,1,test,1301,1501,1401,1.100737135890638,1.2305261218248633
C2,4986,199,SA02/D13_SA02_R02.txt,SA02,D13,2,0,test,400,600,-1,1.245608376333291,1.2305261218248633
C2,4987,199,SA02/D13_SA02_R02.txt,SA02,D13,2,0,test,500,700,-1,1.245608376333291,1.2305261218248633
C2,5082,203,SA02/D14_SA02_R01.txt,SA02,D14,1,0,test,800,1000,-1,1.3864439486331275,1.2305261218248633
C2,5083,203,SA02/D14_SA02_R01.txt,SA02,D14,1,0,test,900,1100,-1,1.3864439486331275,1.2305261218248633
C2,5089,203,SA02/D14_SA02_R01.txt,SA02,D14,1,0,test,1500,1700,-1,1.2623178264501553,1.2305261218248633
C2,5090,203,SA02/D14_SA02_R01.txt,SA02,D14,1,0,test,1600,1800,-1,1.2623178264501553,1.2305261218248633
C2,5102,204,SA02/D14_SA02_R02.txt,SA02,D14,2,0,test,600,800,-1,1.3985141497405993,1.2305261218248633
C2,5103,204,SA02/D14_SA02_R02.txt,SA02,D14,2,0,test,700,900,-1,1.3985141497405993,1.2305261218248633
C2,5115,204,SA02/D14_SA02_R02.txt,SA02,D14,2,0,test,1900,2100,-1,1.2349597952193623,1.2305261218248633
C2,5116,204,SA02/D14_SA02_R02.txt,SA02,D14,2,0,test,2000,2200,-1,1.2561974300909857,1.2305261218248633
C2,5117,204,SA02/D14_SA02_R02.txt,SA02,D14,2,0,test,2100,2300,-1,1.2561974300909857,1.2305261218248633
C2,5125,205,SA02/D14_SA02_R03.txt,SA02,D14,3,0,test,600,800,-1,1.3529524994458104,1.2305261218248633
C2,5126,205,SA02/D14_SA02_R03.txt,SA02,D14,3,0,test,700,900,-1,1.3529524994458104,1.2305261218248633
C2,5170,207,SA02/D14_SA02_R05.txt,SA02,D14,5,0,test,500,700,-1,1.2997861152823862,1.2305261218248633
C2,5171,207,SA02/D14_SA02_R05.txt,SA02,D14,5,0,test,600,800,-1,1.303363962392481,1.2305261218248633
C2,5172,207,SA02/D14_SA02_R05.txt,SA02,D14,5,0,test,700,900,-1,1.303363962392481,1.2305261218248633
C2,5912,253,SA02/F05_SA02_R01.txt,SA02,F05,1,1,test,962,1162,1062,0.4886530717296238,1.2305261218248633
C2,5945,286,SA02/F11_SA02_R04.txt,SA02,F11,4,1,test,1687,1887,1787,1.1342574452376664,1.2305261218248633
C2,15510,773,SA06/D04_SA06_R01.txt,SA06,D04,1,0,test,500,700,-1,1.2663961933464547,1.2305261218248633
C2,15511,773,SA06/D04_SA06_R01.txt,SA06,D04,1,0,test,600,800,-1,1.2663961933464547,1.2305261218248633
C2,15548,773,SA06/D04_SA06_R01.txt,SA06,D04,1,0,test,4300,4500,-1,1.3805801016489303,1.2305261218248633
C2,15549,773,SA06/D04_SA06_R01.txt,SA06,D04,1,0,test,4400,4600,-1,1.3805801016489303,1.2305261218248633
C2,15576,773,SA06/D04_SA06_R01.txt,SA06,D04,1,0,test,7100,7300,-1,1.2986537046146374,1.2305261218248633
C2,15577,773,SA06/D04_SA06_R01.txt,SA06,D04,1,0,test,7200,7400,-1,1.2986537046146374,1.2305261218248633
C2,15630,773,SA06/D04_SA06_R01.txt,SA06,D04,1,0,test,12500,12700,-1,1.3020458532600592,1.2305261218248633
C2,15631,773,SA06/D04_SA06_R01.txt,SA06,D04,1,0,test,12600,12800,-1,1.3020458532600592,1.2305261218248633
C2,16574,800,SA06/D10_SA06_R02.txt,SA06,D10,2,0,test,1400,1600,-1,1.2333804934239192,1.2305261218248633
C2,16575,800,SA06/D10_SA06_R02.txt,SA06,D10,2,0,test,1500,1700,-1,1.2333804934239192,1.2305261218248633
C2,16642,803,SA06/D10_SA06_R05.txt,SA06,D10,5,0,test,1300,1500,-1,1.247421795969965,1.2305261218248633
C2,16643,803,SA06/D10_SA06_R05.txt,SA06,D10,5,0,test,1400,1600,-1,1.247421795969965,1.2305261218248633
C2,16886,814,SA06/D13_SA06_R01.txt,SA06,D13,1,0,test,600,800,-1,1.2900546831365225,1.2305261218248633
C2,16887,814,SA06/D13_SA06_R01.txt,SA06,D13,1,0,test,700,900,-1,1.2900546831365225,1.2305261218248633
C2,16895,814,SA06/D13_SA06_R01.txt,SA06,D13,1,0,test,1500,1700,-1,1.415198139995531,1.2305261218248633
C2,16896,814,SA06/D13_SA06_R01.txt,SA06,D13,1,0,test,1600,1800,-1,1.415198139995531,1.2305261218248633
C2,16907,815,SA06/D13_SA06_R02.txt,SA06,D13,2,0,test,400,600,-1,1.4040065061292584,1.2305261218248633
C2,16908,815,SA06/D13_SA06_R02.txt,SA06,D13,2,0,test,500,700,-1,1.4040065061292584,1.2305261218248633
C2,16934,816,SA06/D13_SA06_R03.txt,SA06,D13,3,0,test,800,1000,-1,1.3194619601726756,1.2305261218248633
C2,16935,816,SA06/D13_SA06_R03.txt,SA06,D13,3,0,test,900,1100,-1,1.3194619601726756,1.2305261218248633
C2,16942,816,SA06/D13_SA06_R03.txt,SA06,D13,3,0,test,1600,1800,-1,1.2831084689490397,1.2305261218248633
C2,16943,816,SA06/D13_SA06_R03.txt,SA06,D13,3,0,test,1700,1900,-1,1.2831084689490397,1.2305261218248633
C2,16956,817,SA06/D13_SA06_R04.txt,SA06,D13,4,0,test,700,900,-1,1.2553267291379464,1.2305261218248633
C2,16957,817,SA06/D13_SA06_R04.txt,SA06,D13,4,0,test,800,1000,-1,1.2553267291379464,1.2305261218248633
C2,16979,818,SA06/D13_SA06_R05.txt,SA06,D13,5,0,test,700,900,-1,1.3714223974673758,1.2305261218248633
C2,16980,818,SA06/D13_SA06_R05.txt,SA06,D13,5,0,test,800,1000,-1,1.3714223974673758,1.2305261218248633
C2,17001,819,SA06/D14_SA06_R01.txt,SA06,D14,1,0,test,700,900,-1,1.3303078374444754,1.2305261218248633
C2,17002,819,SA06/D14_SA06_R01.txt,SA06,D14,1,0,test,800,1000,-1,1.3327299712883232,1.2305261218248633
C2,17003,819,SA06/D14_SA06_R01.txt,SA06,D14,1,0,test,900,1100,-1,1.3327299712883232,1.2305261218248633
C2,17047,821,SA06/D14_SA06_R03.txt,SA06,D14,3,0,test,700,900,-1,1.2342074650022639,1.2305261218248633
C2,17048,821,SA06/D14_SA06_R03.txt,SA06,D14,3,0,test,800,1000,-1,1.2342074650022639,1.2305261218248633
C2,17589,839,SA06/D18_SA06_R01.txt,SA06,D18,1,0,test,700,900,-1,1.651515891923143,1.2305261218248633
C2,17590,839,SA06/D18_SA06_R01.txt,SA06,D18,1,0,test,800,1000,-1,1.6543828491011432,1.2305261218248633
C2,17591,839,SA06/D18_SA06_R01.txt,SA06,D18,1,0,test,900,1100,-1,1.6543828491011432,1.2305261218248633
C2,17618,840,SA06/D18_SA06_R02.txt,SA06,D18,2,0,test,1400,1600,-1,2.002926564148972,1.2305261218248633
C2,17619,840,SA06/D18_SA06_R02.txt,SA06,D18,2,0,test,1500,1700,-1,2.002926564148972,1.2305261218248633
C2,17639,841,SA06/D18_SA06_R03.txt,SA06,D18,3,0,test,1200,1400,-1,1.765354988344263,1.2305261218248633
C2,17640,841,SA06/D18_SA06_R03.txt,SA06,D18,3,0,test,1300,1500,-1,1.765354988344263,1.2305261218248633
C2,17667,842,SA06/D18_SA06_R04.txt,SA06,D18,4,0,test,1700,1900,-1,2.1427850758504485,1.2305261218248633
C2,17668,842,SA06/D18_SA06_R04.txt,SA06,D18,4,0,test,1800,2000,-1,2.1427850758504485,1.2305261218248633
C2,17686,843,SA06/D18_SA06_R05.txt,SA06,D18,5,0,test,1300,1500,-1,1.8936882948239548,1.2305261218248633
C2,17687,843,SA06/D18_SA06_R05.txt,SA06,D18,5,0,test,1400,1600,-1,1.8936882948239548,1.2305261218248633
C2,17688,843,SA06/D18_SA06_R05.txt,SA06,D18,5,0,test,1500,1700,-1,1.389943609865058,1.2305261218248633
C2,17862,901,SA06/F11_SA06_R03.txt,SA06,F11,3,1,test,576,776,676,0.901818629430432,1.2305261218248633
C2,48031,2462,SA17/D04_SA17_R01.txt,SA17,D04,1,0,test,600,800,-1,1.3206347946298573,1.2305261218248633
C2,48032,2462,SA17/D04_SA17_R01.txt,SA17,D04,1,0,test,700,900,-1,1.3206347946298573,1.2305261218248633
C2,48034,2462,SA17/D04_SA17_R01.txt,SA17,D04,1,0,test,900,1100,-1,1.3034643163680755,1.2305261218248633
C2,48035,2462,SA17/D04_SA17_R01.txt,SA17,D04,1,0,test,1000,1200,-1,1.3034643163680755,1.2305261218248633
C2,48045,2462,SA17/D04_SA17_R01.txt,SA17,D04,1,0,test,2000,2200,-1,1.3446126867581785,1.2305261218248633
C2,48046,2462,SA17/D04_SA17_R01.txt,SA17,D04,1,0,test,2100,2300,-1,1.3446126867581785,1.2305261218248633
C2,48054,2462,SA17/D04_SA17_R01.txt,SA17,D04,1,0,test,2900,3100,-1,1.252109703979398,1.2305261218248633
C2,48055,2462,SA17/D04_SA17_R01.txt,SA17,D04,1,0,test,3000,3200,-1,1.252109703979398,1.2305261218248633
C2,48056,2462,SA17/D04_SA17_R01.txt,SA17,D04,1,0,test,3100,3300,-1,1.2878655132804095,1.2305261218248633
C2,48057,2462,SA17/D04_SA17_R01.txt,SA17,D04,1,0,test,3200,3400,-1,1.2878655132804095,1.2305261218248633
C2,48059,2462,SA17/D04_SA17_R01.txt,SA17,D04,1,0,test,3400,3600,-1,1.2539425198730503,1.2305261218248633
C2,48060,2462,SA17/D04_SA17_R01.txt,SA17,D04,1,0,test,3500,3700,-1,1.2539425198730503,1.2305261218248633
C2,48068,2462,SA17/D04_SA17_R01.txt,SA17,D04,1,0,test,4300,4500,-1,1.2324356228949707,1.2305261218248633
C2,48069,2462,SA17/D04_SA17_R01.txt,SA17,D04,1,0,test,4400,4600,-1,1.2324356228949707,1.2305261218248633
C2,48071,2462,SA17/D04_SA17_R01.txt,SA17,D04,1,0,test,4600,4800,-1,1.3084992962105715,1.2305261218248633
C2,48072,2462,SA17/D04_SA17_R01.txt,SA17,D04,1,0,test,4700,4900,-1,1.3084992962105715,1.2305261218248633
C2,48077,2462,SA17/D04_SA17_R01.txt,SA17,D04,1,0,test,5200,5400,-1,1.3099010502803008,1.2305261218248633
C2,48078,2462,SA17/D04_SA17_R01.txt,SA17,D04,1,0,test,5300,5500,-1,1.3099010502803008,1.2305261218248633
C2,48079,2462,SA17/D04_SA17_R01.txt,SA17,D04,1,0,test,5400,5600,-1,1.393729934202072,1.2305261218248633
C2,48080,2462,SA17/D04_SA17_R01.txt,SA17,D04,1,0,test,5500,5700,-1,1.393729934202072,1.2305261218248633
C2,48081,2462,SA17/D04_SA17_R01.txt,SA17,D04,1,0,test,5600,5800,-1,1.2414837575654607,1.2305261218248633
C2,48085,2462,SA17/D04_SA17_R01.txt,SA17,D04,1,0,test,6000,6200,-1,1.33374058022512,1.2305261218248633
C2,48086,2462,SA17/D04_SA17_R01.txt,SA17,D04,1,0,test,6100,6300,-1,1.33374058022512,1.2305261218248633
C2,48088,2462,SA17/D04_SA17_R01.txt,SA17,D04,1,0,test,6300,6500,-1,1.3971073551071176,1.2305261218248633
C2,48089,2462,SA17/D04_SA17_R01.txt,SA17,D04,1,0,test,6400,6600,-1,1.3971073551071176,1.2305261218248633
C2,48091,2462,SA17/D04_SA17_R01.txt,SA17,D04,1,0,test,6600,6800,-1,1.303364548116131,1.2305261218248633
C2,48092,2462,SA17/D04_SA17_R01.txt,SA17,D04,1,0,test,6700,6900,-1,1.303364548116131,1.2305261218248633
C2,48106,2462,SA17/D04_SA17_R01.txt,SA17,D04,1,0,test,8100,8300,-1,1.2430106011993363,1.2305261218248633
C2,48107,2462,SA17/D04_SA17_R01.txt,SA17,D04,1,0,test,8200,8400,-1,1.2430106011993363,1.2305261218248633
C2,48112,2462,SA17/D04_SA17_R01.txt,SA17,D04,1,0,test,8700,8900,-1,1.253702368929347,1.2305261218248633
C2,48113,2462,SA17/D04_SA17_R01.txt,SA17,D04,1,0,test,8800,9000,-1,1.2842790487504265,1.2305261218248633
C2,48114,2462,SA17/D04_SA17_R01.txt,SA17,D04,1,0,test,8900,9100,-1,1.4557149343688738,1.2305261218248633
C2,48115,2462,SA17/D04_SA17_R01.txt,SA17,D04,1,0,test,9000,9200,-1,1.4557149343688738,1.2305261218248633
C2,48116,2462,SA17/D04_SA17_R01.txt,SA17,D04,1,0,test,9100,9300,-1,1.286584086997026,1.2305261218248633
C2,48117,2462,SA17/D04_SA17_R01.txt,SA17,D04,1,0,test,9200,9400,-1,1.286584086997026,1.2305261218248633
C2,48118,2462,SA17/D04_SA17_R01.txt,SA17,D04,1,0,test,9300,9500,-1,1.2451073123864878,1.2305261218248633
C2,48119,2462,SA17/D04_SA17_R01.txt,SA17,D04,1,0,test,9400,9600,-1,1.2451073123864878,1.2305261218248633
C2,48120,2462,SA17/D04_SA17_R01.txt,SA17,D04,1,0,test,9500,9700,-1,1.2729319316651768,1.2305261218248633
C2,48121,2462,SA17/D04_SA17_R01.txt,SA17,D04,1,0,test,9600,9800,-1,1.2729319316651768,1.2305261218248633
C2,48122,2462,SA17/D04_SA17_R01.txt,SA17,D04,1,0,test,9700,9900,-1,1.4130408703683905,1.2305261218248633
C2,48123,2462,SA17/D04_SA17_R01.txt,SA17,D04,1,0,test,9800,10000,-1,1.4130408703683905,1.2305261218248633
C2,48124,2462,SA17/D04_SA17_R01.txt,SA17,D04,1,0,test,9900,10100,-1,1.2956307863297487,1.2305261218248633
C2,48125,2462,SA17/D04_SA17_R01.txt,SA17,D04,1,0,test,10000,10200,-1,1.343860114115126,1.2305261218248633
C2,48126,2462,SA17/D04_SA17_R01.txt,SA17,D04,1,0,test,10100,10300,-1,1.343860114115126,1.2305261218248633
C2,48128,2462,SA17/D04_SA17_R01.txt,SA17,D04,1,0,test,10300,10500,-1,1.3321808055238535,1.2305261218248633
C2,48129,2462,SA17/D04_SA17_R01.txt,SA17,D04,1,0,test,10400,10600,-1,1.3321808055238535,1.2305261218248633
C2,48132,2462,SA17/D04_SA17_R01.txt,SA17,D04,1,0,test,10700,10900,-1,1.3801216885838306,1.2305261218248633
C2,48133,2462,SA17/D04_SA17_R01.txt,SA17,D04,1,0,test,10800,11000,-1,1.3801216885838306,1.2305261218248633
C2,48134,2462,SA17/D04_SA17_R01.txt,SA17,D04,1,0,test,10900,11100,-1,1.3363623060316103,1.2305261218248633
C2,48136,2462,SA17/D04_SA17_R01.txt,SA17,D04,1,0,test,11100,11300,-1,1.254617686955952,1.2305261218248633
C2,48137,2462,SA17/D04_SA17_R01.txt,SA17,D04,1,0,test,11200,11400,-1,1.254617686955952,1.2305261218248633
C2,48140,2462,SA17/D04_SA17_R01.txt,SA17,D04,1,0,test,11500,11700,-1,1.3212161065456,1.2305261218248633
C2,48141,2462,SA17/D04_SA17_R01.txt,SA17,D04,1,0,test,11600,11800,-1,1.3212161065456,1.2305261218248633
C2,48143,2462,SA17/D04_SA17_R01.txt,SA17,D04,1,0,test,11800,12000,-1,1.2643349156192045,1.2305261218248633
C2,48144,2462,SA17/D04_SA17_R01.txt,SA17,D04,1,0,test,11900,12100,-1,1.2643349156192045,1.2305261218248633
C2,48151,2462,SA17/D04_SA17_R01.txt,SA17,D04,1,0,test,12600,12800,-1,1.38484577363672,1.2305261218248633
C2,48152,2462,SA17/D04_SA17_R01.txt,SA17,D04,1,0,test,12700,12900,-1,1.38484577363672,1.2305261218248633
C2,48154,2462,SA17/D04_SA17_R01.txt,SA17,D04,1,0,test,12900,13100,-1,1.2385763104592116,1.2305261218248633
C2,48155,2462,SA17/D04_SA17_R01.txt,SA17,D04,1,0,test,13000,13200,-1,1.336142714179426,1.2305261218248633
C2,48156,2462,SA17/D04_SA17_R01.txt,SA17,D04,1,0,test,13100,13300,-1,1.336142714179426,1.2305261218248633
C2,48158,2462,SA17/D04_SA17_R01.txt,SA17,D04,1,0,test,13300,13500,-1,1.3766862383046703,1.2305261218248633
C2,48159,2462,SA17/D04_SA17_R01.txt,SA17,D04,1,0,test,13400,13600,-1,1.3766862383046703,1.2305261218248633
C2,48160,2462,SA17/D04_SA17_R01.txt,SA17,D04,1,0,test,13500,13700,-1,1.3336806385533604,1.2305261218248633
C2,48161,2462,SA17/D04_SA17_R01.txt,SA17,D04,1,0,test,13600,13800,-1,1.2687268597296506,1.2305261218248633
C2,48162,2462,SA17/D04_SA17_R01.txt,SA17,D04,1,0,test,13700,13900,-1,1.2687268597296506,1.2305261218248633
C2,48163,2462,SA17/D04_SA17_R01.txt,SA17,D04,1,0,test,13800,14000,-1,1.3807984383695262,1.2305261218248633
C2,48164,2462,SA17/D04_SA17_R01.txt,SA17,D04,1,0,test,13900,14100,-1,1.3807984383695262,1.2305261218248633
C2,48168,2462,SA17/D04_SA17_R01.txt,SA17,D04,1,0,test,14300,14500,-1,1.308230066423104,1.2305261218248633
C2,48169,2462,SA17/D04_SA17_R01.txt,SA17,D04,1,0,test,14400,14600,-1,1.308230066423104,1.2305261218248633
C2,48180,2462,SA17/D04_SA17_R01.txt,SA17,D04,1,0,test,15500,15700,-1,1.294727908827304,1.2305261218248633
C2,48181,2462,SA17/D04_SA17_R01.txt,SA17,D04,1,0,test,15600,15800,-1,1.314846302933541,1.2305261218248633
C2,48182,2462,SA17/D04_SA17_R01.txt,SA17,D04,1,0,test,15700,15900,-1,1.314846302933541,1.2305261218248633
C2,48189,2462,SA17/D04_SA17_R01.txt,SA17,D04,1,0,test,16400,16600,-1,1.324903350152385,1.2305261218248633
C2,48190,2462,SA17/D04_SA17_R01.txt,SA17,D04,1,0,test,16500,16700,-1,1.324903350152385,1.2305261218248633
C2,48193,2462,SA17/D04_SA17_R01.txt,SA17,D04,1,0,test,16800,17000,-1,1.2449073065350438,1.2305261218248633
C2,48194,2462,SA17/D04_SA17_R01.txt,SA17,D04,1,0,test,16900,17100,-1,1.2449073065350438,1.2305261218248633
C2,48195,2462,SA17/D04_SA17_R01.txt,SA17,D04,1,0,test,17000,17200,-1,1.3437975669401054,1.2305261218248633
C2,48196,2462,SA17/D04_SA17_R01.txt,SA17,D04,1,0,test,17100,17300,-1,1.3437975669401054,1.2305261218248633
C2,48201,2462,SA17/D04_SA17_R01.txt,SA17,D04,1,0,test,17600,17800,-1,1.3005867887108609,1.2305261218248633
C2,48202,2462,SA17/D04_SA17_R01.txt,SA17,D04,1,0,test,17700,17900,-1,1.3005867887108609,1.2305261218248633
C2,48203,2462,SA17/D04_SA17_R01.txt,SA17,D04,1,0,test,17800,18000,-1,1.2734494099204965,1.2305261218248633
C2,48204,2462,SA17/D04_SA17_R01.txt,SA17,D04,1,0,test,17900,18100,-1,1.2734494099204965,1.2305261218248633
C2,48206,2462,SA17/D04_SA17_R01.txt,SA17,D04,1,0,test,18100,18300,-1,1.3321607605082593,1.2305261218248633
C2,48207,2462,SA17/D04_SA17_R01.txt,SA17,D04,1,0,test,18200,18400,-1,1.3913837126452004,1.2305261218248633
C2,48208,2462,SA17/D04_SA17_R01.txt,SA17,D04,1,0,test,18300,18500,-1,1.3913837126452004,1.2305261218248633
C2,48210,2462,SA17/D04_SA17_R01.txt,SA17,D04,1,0,test,18500,18700,-1,1.2524152740047823,1.2305261218248633
C2,48211,2462,SA17/D04_SA17_R01.txt,SA17,D04,1,0,test,18600,18800,-1,1.2744469583177531,1.2305261218248633
C2,48212,2462,SA17/D04_SA17_R01.txt,SA17,D04,1,0,test,18700,18900,-1,1.5306192211648453,1.2305261218248633
C2,48213,2462,SA17/D04_SA17_R01.txt,SA17,D04,1,0,test,18800,19000,-1,1.5306192211648453,1.2305261218248633
C2,48215,2462,SA17/D04_SA17_R01.txt,SA17,D04,1,0,test,19000,19200,-1,1.4285042785360305,1.2305261218248633
C2,48216,2462,SA17/D04_SA17_R01.txt,SA17,D04,1,0,test,19100,19300,-1,1.4285042785360305,1.2305261218248633
C2,48218,2462,SA17/D04_SA17_R01.txt,SA17,D04,1,0,test,19300,19500,-1,1.3260687271118572,1.2305261218248633
C2,48219,2462,SA17/D04_SA17_R01.txt,SA17,D04,1,0,test,19400,19600,-1,1.3260687271118572,1.2305261218248633
C2,48223,2462,SA17/D04_SA17_R01.txt,SA17,D04,1,0,test,19800,20000,-1,1.4292575421972789,1.2305261218248633
C2,49358,2502,SA17/D13_SA17_R01.txt,SA17,D13,1,0,test,600,800,-1,1.3125451282720142,1.2305261218248633
C2,49359,2502,SA17/D13_SA17_R01.txt,SA17,D13,1,0,test,700,900,-1,1.3125451282720142,1.2305261218248633
C2,49389,2503,SA17/D13_SA17_R02.txt,SA17,D13,2,0,test,1400,1600,-1,1.2505291556773066,1.2305261218248633
C2,49390,2503,SA17/D13_SA17_R02.txt,SA17,D13,2,0,test,1500,1700,-1,1.2505291556773066,1.2305261218248633
C2,49413,2504,SA17/D13_SA17_R03.txt,SA17,D13,3,0,test,1500,1700,-1,1.330256607090243,1.2305261218248633
C2,49414,2504,SA17/D13_SA17_R03.txt,SA17,D13,3,0,test,1600,1800,-1,1.3323251385252377,1.2305261218248633
C2,49415,2504,SA17/D13_SA17_R03.txt,SA17,D13,3,0,test,1700,1900,-1,1.3323251385252377,1.2305261218248633
C2,49473,2507,SA17/D14_SA17_R01.txt,SA17,D14,1,0,test,600,800,-1,1.2746944112574055,1.2305261218248633
C2,49474,2507,SA17/D14_SA17_R01.txt,SA17,D14,1,0,test,700,900,-1,1.2746944112574055,1.2305261218248633
C2,49542,2510,SA17/D14_SA17_R04.txt,SA17,D14,4,0,test,600,800,-1,1.3235884848282518,1.2305261218248633
C2,49543,2510,SA17/D14_SA17_R04.txt,SA17,D14,4,0,test,700,900,-1,1.3235884848282518,1.2305261218248633
C2,50065,2527,SA17/D18_SA17_R01.txt,SA17,D18,1,0,test,1000,1200,-1,1.5918224248730939,1.2305261218248633
C2,50066,2527,SA17/D18_SA17_R01.txt,SA17,D18,1,0,test,1100,1300,-1,1.5918224248730939,1.2305261218248633
C2,50089,2528,SA17/D18_SA17_R02.txt,SA17,D18,2,0,test,1100,1300,-1,1.3760780708236933,1.2305261218248633
C2,50090,2528,SA17/D18_SA17_R02.txt,SA17,D18,2,0,test,1200,1400,-1,1.3760780708236933,1.2305261218248633
C2,50112,2529,SA17/D18_SA17_R03.txt,SA17,D18,3,0,test,1100,1300,-1,1.2901058190732737,1.2305261218248633
C2,50113,2529,SA17/D18_SA17_R03.txt,SA17,D18,3,0,test,1200,1400,-1,1.2901058190732737,1.2305261218248633
C2,50136,2530,SA17/D18_SA17_R04.txt,SA17,D18,4,0,test,1200,1400,-1,1.3055279449077977,1.2305261218248633
C2,50137,2530,SA17/D18_SA17_R04.txt,SA17,D18,4,0,test,1300,1500,-1,1.3055279449077977,1.2305261218248633
C2,50158,2531,SA17/D18_SA17_R05.txt,SA17,D18,5,0,test,1100,1300,-1,1.6596611677831494,1.2305261218248633
C2,50159,2531,SA17/D18_SA17_R05.txt,SA17,D18,5,0,test,1200,1400,-1,1.6596611677831494,1.2305261218248633
C2,50160,2531,SA17/D18_SA17_R05.txt,SA17,D18,5,0,test,1300,1500,-1,1.4491700619680181,1.2305261218248633
C2,50339,2591,SA17/F11_SA17_R05.txt,SA17,F11,5,1,test,506,706,606,1.226422222126928,1.2305261218248633
C2,66190,3387,SA23/D06_SA23_R01.txt,SA23,D06,1,0,test,500,700,-1,1.2680601413607733,1.2305261218248633
C2,66191,3387,SA23/D06_SA23_R01.txt,SA23,D06,1,0,test,600,800,-1,1.2747800391030408,1.2305261218248633
C2,66192,3387,SA23/D06_SA23_R01.txt,SA23,D06,1,0,test,700,900,-1,1.2747800391030408,1.2305261218248633
C2,66285,3389,SA23/D06_SA23_R03.txt,SA23,D06,3,0,test,300,500,-1,1.248419743166958,1.2305261218248633
C2,66286,3389,SA23/D06_SA23_R03.txt,SA23,D06,3,0,test,400,600,-1,1.2615533015977423,1.2305261218248633
C2,66287,3389,SA23/D06_SA23_R03.txt,SA23,D06,3,0,test,500,700,-1,1.2615533015977423,1.2305261218248633
C2,66334,3390,SA23/D06_SA23_R04.txt,SA23,D06,4,0,test,300,500,-1,1.235902632527402,1.2305261218248633
C2,66335,3390,SA23/D06_SA23_R04.txt,SA23,D06,4,0,test,400,600,-1,1.3688820672859052,1.2305261218248633
C2,66336,3390,SA23/D06_SA23_R04.txt,SA23,D06,4,0,test,500,700,-1,1.3688820672859052,1.2305261218248633
C2,66337,3390,SA23/D06_SA23_R04.txt,SA23,D06,4,0,test,600,800,-1,1.3166480937977265,1.2305261218248633
C2,66338,3390,SA23/D06_SA23_R04.txt,SA23,D06,4,0,test,700,900,-1,1.3166480937977265,1.2305261218248633
C2,66384,3391,SA23/D06_SA23_R05.txt,SA23,D06,5,0,test,400,600,-1,1.2872323365297154,1.2305261218248633
C2,66385,3391,SA23/D06_SA23_R05.txt,SA23,D06,5,0,test,500,700,-1,1.2872323365297154,1.2305261218248633
C2,67189,3425,SA23/D13_SA23_R04.txt,SA23,D13,4,0,test,300,500,-1,1.2774894441057147,1.2305261218248633
C2,67190,3425,SA23/D13_SA23_R04.txt,SA23,D13,4,0,test,400,600,-1,1.2774894441057147,1.2305261218248633
C2,68070,3477,SA23/F05_SA23_R01.txt,SA23,F05,1,1,test,521,721,621,0.8556963861755772,1.2305261218248633
C2,68071,3478,SA23/F05_SA23_R02.txt,SA23,F05,2,1,test,609,809,709,0.710449460477016,1.2305261218248633
C2,68072,3479,SA23/F05_SA23_R03.txt,SA23,F05,3,1,test,535,735,635,0.6295972030741424,1.2305261218248633
C2,68074,3481,SA23/F05_SA23_R05.txt,SA23,F05,5,1,test,577,777,677,0.759355828713121,1.2305261218248633
C2,68101,3508,SA23/F11_SA23_R02.txt,SA23,F11,2,1,test,1135,1335,1235,1.0848591089366215,1.2305261218248633
C2,68102,3509,SA23/F11_SA23_R03.txt,SA23,F11,3,1,test,1165,1365,1265,1.060705354075959,1.2305261218248633
C2,68104,3511,SA23/F11_SA23_R05.txt,SA23,F11,5,1,test,1103,1303,1203,1.1648382254381047,1.2305261218248633
C2,68112,3519,SA23/F13_SA23_R03.txt,SA23,F13,3,1,test,1227,1427,1327,1.167177060518147,1.2305261218248633
C2,68847,3534,SE01/D03_SE01_R01.txt,SE01,D03,1,0,test,500,700,-1,1.2665225210591915,1.2305261218248633
C2,68848,3534,SE01/D03_SE01_R01.txt,SE01,D03,1,0,test,600,800,-1,1.2665225210591915,1.2305261218248633
C2,68857,3534,SE01/D03_SE01_R01.txt,SE01,D03,1,0,test,1500,1700,-1,1.2976365263497947,1.2305261218248633
C2,68858,3534,SE01/D03_SE01_R01.txt,SE01,D03,1,0,test,1600,1800,-1,1.3231449290704325,1.2305261218248633
C2,68859,3534,SE01/D03_SE01_R01.txt,SE01,D03,1,0,test,1700,1900,-1,1.3231449290704325,1.2305261218248633
C2,68860,3534,SE01/D03_SE01_R01.txt,SE01,D03,1,0,test,1800,2000,-1,1.2401083036221816,1.2305261218248633
C2,68861,3534,SE01/D03_SE01_R01.txt,SE01,D03,1,0,test,1900,2100,-1,1.2862088788641535,1.2305261218248633
C2,68862,3534,SE01/D03_SE01_R01.txt,SE01,D03,1,0,test,2000,2200,-1,1.2862088788641535,1.2305261218248633
C2,68863,3534,SE01/D03_SE01_R01.txt,SE01,D03,1,0,test,2100,2300,-1,1.3635891038001282,1.2305261218248633
C2,68864,3534,SE01/D03_SE01_R01.txt,SE01,D03,1,0,test,2200,2400,-1,1.3635891038001282,1.2305261218248633
C2,68865,3534,SE01/D03_SE01_R01.txt,SE01,D03,1,0,test,2300,2500,-1,1.322002523931852,1.2305261218248633
C2,68867,3534,SE01/D03_SE01_R01.txt,SE01,D03,1,0,test,2500,2700,-1,1.266645143935723,1.2305261218248633
C2,68868,3534,SE01/D03_SE01_R01.txt,SE01,D03,1,0,test,2600,2800,-1,1.266645143935723,1.2305261218248633
C2,68869,3534,SE01/D03_SE01_R01.txt,SE01,D03,1,0,test,2700,2900,-1,1.2574177117709695,1.2305261218248633
C2,68870,3534,SE01/D03_SE01_R01.txt,SE01,D03,1,0,test,2800,3000,-1,1.2574177117709695,1.2305261218248633
C2,68871,3534,SE01/D03_SE01_R01.txt,SE01,D03,1,0,test,2900,3100,-1,1.258672284819349,1.2305261218248633
C2,68872,3534,SE01/D03_SE01_R01.txt,SE01,D03,1,0,test,3000,3200,-1,1.258672284819349,1.2305261218248633
C2,68873,3534,SE01/D03_SE01_R01.txt,SE01,D03,1,0,test,3100,3300,-1,1.2499583520230442,1.2305261218248633
C2,68874,3534,SE01/D03_SE01_R01.txt,SE01,D03,1,0,test,3200,3400,-1,1.3751239794690413,1.2305261218248633
C2,68875,3534,SE01/D03_SE01_R01.txt,SE01,D03,1,0,test,3300,3500,-1,1.3751239794690413,1.2305261218248633
C2,68877,3534,SE01/D03_SE01_R01.txt,SE01,D03,1,0,test,3500,3700,-1,1.257910058836077,1.2305261218248633
C2,68878,3534,SE01/D03_SE01_R01.txt,SE01,D03,1,0,test,3600,3800,-1,1.257910058836077,1.2305261218248633
C2,68879,3534,SE01/D03_SE01_R01.txt,SE01,D03,1,0,test,3700,3900,-1,1.4383486052864123,1.2305261218248633
C2,68880,3534,SE01/D03_SE01_R01.txt,SE01,D03,1,0,test,3800,4000,-1,1.4383486052864123,1.2305261218248633
C2,68881,3534,SE01/D03_SE01_R01.txt,SE01,D03,1,0,test,3900,4100,-1,1.2913798160508998,1.2305261218248633
C2,68883,3534,SE01/D03_SE01_R01.txt,SE01,D03,1,0,test,4100,4300,-1,1.234921548122666,1.2305261218248633
C2,68884,3534,SE01/D03_SE01_R01.txt,SE01,D03,1,0,test,4200,4400,-1,1.234921548122666,1.2305261218248633
C2,68885,3534,SE01/D03_SE01_R01.txt,SE01,D03,1,0,test,4300,4500,-1,1.2519316763270454,1.2305261218248633
C2,68886,3534,SE01/D03_SE01_R01.txt,SE01,D03,1,0,test,4400,4600,-1,1.2690878891625201,1.2305261218248633
C2,68887,3534,SE01/D03_SE01_R01.txt,SE01,D03,1,0,test,4500,4700,-1,1.2690878891625201,1.2305261218248633
C2,68888,3534,SE01/D03_SE01_R01.txt,SE01,D03,1,0,test,4600,4800,-1,1.2770688288339287,1.2305261218248633
C2,68889,3534,SE01/D03_SE01_R01.txt,SE01,D03,1,0,test,4700,4900,-1,1.2980068217216947,1.2305261218248633
C2,68890,3534,SE01/D03_SE01_R01.txt,SE01,D03,1,0,test,4800,5000,-1,1.2980068217216947,1.2305261218248633
C2,68891,3534,SE01/D03_SE01_R01.txt,SE01,D03,1,0,test,4900,5100,-1,1.2812530945982368,1.2305261218248633
C2,68892,3534,SE01/D03_SE01_R01.txt,SE01,D03,1,0,test,5000,5200,-1,1.2812530945982368,1.2305261218248633
C2,68894,3534,SE01/D03_SE01_R01.txt,SE01,D03,1,0,test,5200,5400,-1,1.3007050550996184,1.2305261218248633
C2,68895,3534,SE01/D03_SE01_R01.txt,SE01,D03,1,0,test,5300,5500,-1,1.3007050550996184,1.2305261218248633
C2,68896,3534,SE01/D03_SE01_R01.txt,SE01,D03,1,0,test,5400,5600,-1,1.24503083563808,1.2305261218248633
C2,68897,3534,SE01/D03_SE01_R01.txt,SE01,D03,1,0,test,5500,5700,-1,1.3255564856522695,1.2305261218248633
C2,68898,3534,SE01/D03_SE01_R01.txt,SE01,D03,1,0,test,5600,5800,-1,1.3255564856522695,1.2305261218248633
C2,68899,3534,SE01/D03_SE01_R01.txt,SE01,D03,1,0,test,5700,5900,-1,1.2684419729569973,1.2305261218248633
C2,68900,3534,SE01/D03_SE01_R01.txt,SE01,D03,1,0,test,5800,6000,-1,1.3572469241736056,1.2305261218248633
C2,68901,3534,SE01/D03_SE01_R01.txt,SE01,D03,1,0,test,5900,6100,-1,1.3572469241736056,1.2305261218248633
C2,68902,3534,SE01/D03_SE01_R01.txt,SE01,D03,1,0,test,6000,6200,-1,1.3281303408792529,1.2305261218248633
C2,68903,3534,SE01/D03_SE01_R01.txt,SE01,D03,1,0,test,6100,6300,-1,1.292805880141305,1.2305261218248633
C2,68904,3534,SE01/D03_SE01_R01.txt,SE01,D03,1,0,test,6200,6400,-1,1.369157427417904,1.2305261218248633
C2,68905,3534,SE01/D03_SE01_R01.txt,SE01,D03,1,0,test,6300,6500,-1,1.369157427417904,1.2305261218248633
C2,68906,3534,SE01/D03_SE01_R01.txt,SE01,D03,1,0,test,6400,6600,-1,1.3384679396326788,1.2305261218248633
C2,68907,3534,SE01/D03_SE01_R01.txt,SE01,D03,1,0,test,6500,6700,-1,1.4210871170808452,1.2305261218248633
C2,68908,3534,SE01/D03_SE01_R01.txt,SE01,D03,1,0,test,6600,6800,-1,1.4210871170808452,1.2305261218248633
C2,68909,3534,SE01/D03_SE01_R01.txt,SE01,D03,1,0,test,6700,6900,-1,1.2478429635897132,1.2305261218248633
C2,68910,3534,SE01/D03_SE01_R01.txt,SE01,D03,1,0,test,6800,7000,-1,1.3290405260576617,1.2305261218248633
C2,68911,3534,SE01/D03_SE01_R01.txt,SE01,D03,1,0,test,6900,7100,-1,1.3290405260576617,1.2305261218248633
C2,68912,3534,SE01/D03_SE01_R01.txt,SE01,D03,1,0,test,7000,7200,-1,1.276497975668854,1.2305261218248633
C2,68913,3534,SE01/D03_SE01_R01.txt,SE01,D03,1,0,test,7100,7300,-1,1.3174495944580922,1.2305261218248633
C2,68914,3534,SE01/D03_SE01_R01.txt,SE01,D03,1,0,test,7200,7400,-1,1.4240722603587797,1.2305261218248633
C2,68915,3534,SE01/D03_SE01_R01.txt,SE01,D03,1,0,test,7300,7500,-1,1.4240722603587797,1.2305261218248633
C2,68917,3534,SE01/D03_SE01_R01.txt,SE01,D03,1,0,test,7500,7700,-1,1.2774112423653672,1.2305261218248633
C2,68918,3534,SE01/D03_SE01_R01.txt,SE01,D03,1,0,test,7600,7800,-1,1.2774112423653672,1.2305261218248633
C2,68919,3534,SE01/D03_SE01_R01.txt,SE01,D03,1,0,test,7700,7900,-1,1.2589205792056442,1.2305261218248633
C2,68920,3534,SE01/D03_SE01_R01.txt,SE01,D03,1,0,test,7800,8000,-1,1.2589205792056442,1.2305261218248633
C2,68921,3534,SE01/D03_SE01_R01.txt,SE01,D03,1,0,test,7900,8100,-1,1.2429145099893062,1.2305261218248633
C2,68922,3534,SE01/D03_SE01_R01.txt,SE01,D03,1,0,test,8000,8200,-1,1.345846448776785,1.2305261218248633
C2,68923,3534,SE01/D03_SE01_R01.txt,SE01,D03,1,0,test,8100,8300,-1,1.345846448776785,1.2305261218248633
C2,68924,3534,SE01/D03_SE01_R01.txt,SE01,D03,1,0,test,8200,8400,-1,1.3209461880597784,1.2305261218248633
C2,68925,3534,SE01/D03_SE01_R01.txt,SE01,D03,1,0,test,8300,8500,-1,1.2976651109920654,1.2305261218248633
C2,68926,3534,SE01/D03_SE01_R01.txt,SE01,D03,1,0,test,8400,8600,-1,1.2976651109920654,1.2305261218248633
C2,68927,3534,SE01/D03_SE01_R01.txt,SE01,D03,1,0,test,8500,8700,-1,1.2588273410117623,1.2305261218248633
C2,68928,3534,SE01/D03_SE01_R01.txt,SE01,D03,1,0,test,8600,8800,-1,1.3202224503875812,1.2305261218248633
C2,68929,3534,SE01/D03_SE01_R01.txt,SE01,D03,1,0,test,8700,8900,-1,1.3202224503875812,1.2305261218248633
C2,68931,3534,SE01/D03_SE01_R01.txt,SE01,D03,1,0,test,8900,9100,-1,1.2417482934891588,1.2305261218248633
C2,68932,3534,SE01/D03_SE01_R01.txt,SE01,D03,1,0,test,9000,9200,-1,1.3755964302263368,1.2305261218248633
C2,68933,3534,SE01/D03_SE01_R01.txt,SE01,D03,1,0,test,9100,9300,-1,1.3755964302263368,1.2305261218248633
C2,68935,3534,SE01/D03_SE01_R01.txt,SE01,D03,1,0,test,9300,9500,-1,1.2750762162024816,1.2305261218248633
C2,68936,3534,SE01/D03_SE01_R01.txt,SE01,D03,1,0,test,9400,9600,-1,1.2750762162024816,1.2305261218248633
C2,68937,3534,SE01/D03_SE01_R01.txt,SE01,D03,1,0,test,9500,9700,-1,1.2806887065436368,1.2305261218248633
C2,68938,3534,SE01/D03_SE01_R01.txt,SE01,D03,1,0,test,9600,9800,-1,1.2806887065436368,1.2305261218248633
C2,68940,3534,SE01/D03_SE01_R01.txt,SE01,D03,1,0,test,9800,10000,-1,1.3319675698632634,1.2305261218248633
C2,68941,3534,SE01/D03_SE01_R01.txt,SE01,D03,1,0,test,9900,10100,-1,1.3319675698632634,1.2305261218248633
C2,68942,3534,SE01/D03_SE01_R01.txt,SE01,D03,1,0,test,10000,10200,-1,1.2542663979989568,1.2305261218248633
C2,68943,3534,SE01/D03_SE01_R01.txt,SE01,D03,1,0,test,10100,10300,-1,1.268674208681803,1.2305261218248633
C2,68944,3534,SE01/D03_SE01_R01.txt,SE01,D03,1,0,test,10200,10400,-1,1.268674208681803,1.2305261218248633
C2,68946,3534,SE01/D03_SE01_R01.txt,SE01,D03,1,0,test,10400,10600,-1,1.3065657197821359,1.2305261218248633
C2,68947,3534,SE01/D03_SE01_R01.txt,SE01,D03,1,0,test,10500,10700,-1,1.3065657197821359,1.2305261218248633
C2,68948,3534,SE01/D03_SE01_R01.txt,SE01,D03,1,0,test,10600,10800,-1,1.2889361297689454,1.2305261218248633
C2,68949,3534,SE01/D03_SE01_R01.txt,SE01,D03,1,0,test,10700,10900,-1,1.2903367887633022,1.2305261218248633
C2,68950,3534,SE01/D03_SE01_R01.txt,SE01,D03,1,0,test,10800,11000,-1,1.3672702311222056,1.2305261218248633
C2,68951,3534,SE01/D03_SE01_R01.txt,SE01,D03,1,0,test,10900,11100,-1,1.3672702311222056,1.2305261218248633
C2,68952,3534,SE01/D03_SE01_R01.txt,SE01,D03,1,0,test,11000,11200,-1,1.2971692248077777,1.2305261218248633
C2,68953,3534,SE01/D03_SE01_R01.txt,SE01,D03,1,0,test,11100,11300,-1,1.322166249126573,1.2305261218248633
C2,68954,3534,SE01/D03_SE01_R01.txt,SE01,D03,1,0,test,11200,11400,-1,1.322166249126573,1.2305261218248633
C2,68956,3534,SE01/D03_SE01_R01.txt,SE01,D03,1,0,test,11400,11600,-1,1.2767866152835587,1.2305261218248633
C2,68957,3534,SE01/D03_SE01_R01.txt,SE01,D03,1,0,test,11500,11700,-1,1.2908331421426273,1.2305261218248633
C2,68958,3534,SE01/D03_SE01_R01.txt,SE01,D03,1,0,test,11600,11800,-1,1.2908331421426273,1.2305261218248633
C2,68966,3534,SE01/D03_SE01_R01.txt,SE01,D03,1,0,test,12400,12600,-1,1.247225354722909,1.2305261218248633
C2,68967,3534,SE01/D03_SE01_R01.txt,SE01,D03,1,0,test,12500,12700,-1,1.247225354722909,1.2305261218248633
C2,68969,3534,SE01/D03_SE01_R01.txt,SE01,D03,1,0,test,12700,12900,-1,1.2719021816038414,1.2305261218248633
C2,68970,3534,SE01/D03_SE01_R01.txt,SE01,D03,1,0,test,12800,13000,-1,1.2719021816038414,1.2305261218248633
C2,68972,3534,SE01/D03_SE01_R01.txt,SE01,D03,1,0,test,13000,13200,-1,1.2790256971025504,1.2305261218248633
C2,68973,3534,SE01/D03_SE01_R01.txt,SE01,D03,1,0,test,13100,13300,-1,1.2868294290826623,1.2305261218248633
C2,68974,3534,SE01/D03_SE01_R01.txt,SE01,D03,1,0,test,13200,13400,-1,1.2868294290826623,1.2305261218248633
C2,68975,3534,SE01/D03_SE01_R01.txt,SE01,D03,1,0,test,13300,13500,-1,1.3771009565566588,1.2305261218248633
C2,68976,3534,SE01/D03_SE01_R01.txt,SE01,D03,1,0,test,13400,13600,-1,1.3771009565566588,1.2305261218248633
C2,68977,3534,SE01/D03_SE01_R01.txt,SE01,D03,1,0,test,13500,13700,-1,1.311977333456662,1.2305261218248633
C2,68978,3534,SE01/D03_SE01_R01.txt,SE01,D03,1,0,test,13600,13800,-1,1.3111285848746068,1.2305261218248633
C2,68979,3534,SE01/D03_SE01_R01.txt,SE01,D03,1,0,test,13700,13900,-1,1.3111285848746068,1.2305261218248633
C2,68980,3534,SE01/D03_SE01_R01.txt,SE01,D03,1,0,test,13800,14000,-1,1.242750423187771,1.2305261218248633
C2,68981,3534,SE01/D03_SE01_R01.txt,SE01,D03,1,0,test,13900,14100,-1,1.2622021130864174,1.2305261218248633
C2,68982,3534,SE01/D03_SE01_R01.txt,SE01,D03,1,0,test,14000,14200,-1,1.3827788164452233,1.2305261218248633
C2,68983,3534,SE01/D03_SE01_R01.txt,SE01,D03,1,0,test,14100,14300,-1,1.3827788164452233,1.2305261218248633
C2,68985,3534,SE01/D03_SE01_R01.txt,SE01,D03,1,0,test,14300,14500,-1,1.3325999621333278,1.2305261218248633
C2,68986,3534,SE01/D03_SE01_R01.txt,SE01,D03,1,0,test,14400,14600,-1,1.3325999621333278,1.2305261218248633
C2,68987,3534,SE01/D03_SE01_R01.txt,SE01,D03,1,0,test,14500,14700,-1,1.3196144097540685,1.2305261218248633
C2,68988,3534,SE01/D03_SE01_R01.txt,SE01,D03,1,0,test,14600,14800,-1,1.2728247435591578,1.2305261218248633
C2,68989,3534,SE01/D03_SE01_R01.txt,SE01,D03,1,0,test,14700,14900,-1,1.346970219149918,1.2305261218248633
C2,68990,3534,SE01/D03_SE01_R01.txt,SE01,D03,1,0,test,14800,15000,-1,1.346970219149918,1.2305261218248633
C2,68991,3534,SE01/D03_SE01_R01.txt,SE01,D03,1,0,test,14900,15100,-1,1.4267351250959035,1.2305261218248633
C2,68992,3534,SE01/D03_SE01_R01.txt,SE01,D03,1,0,test,15000,15200,-1,1.4267351250959035,1.2305261218248633
C2,68993,3534,SE01/D03_SE01_R01.txt,SE01,D03,1,0,test,15100,15300,-1,1.2670925635548154,1.2305261218248633
C2,68994,3534,SE01/D03_SE01_R01.txt,SE01,D03,1,0,test,15200,15400,-1,1.3296939259250056,1.2305261218248633
C2,68995,3534,SE01/D03_SE01_R01.txt,SE01,D03,1,0,test,15300,15500,-1,1.3577987796858133,1.2305261218248633
C2,68996,3534,SE01/D03_SE01_R01.txt,SE01,D03,1,0,test,15400,15600,-1,1.3577987796858133,1.2305261218248633
C2,68997,3534,SE01/D03_SE01_R01.txt,SE01,D03,1,0,test,15500,15700,-1,1.2921513056711056,1.2305261218248633
C2,68998,3534,SE01/D03_SE01_R01.txt,SE01,D03,1,0,test,15600,15800,-1,1.3203953796360983,1.2305261218248633
C2,68999,3534,SE01/D03_SE01_R01.txt,SE01,D03,1,0,test,15700,15900,-1,1.3203953796360983,1.2305261218248633
C2,69000,3534,SE01/D03_SE01_R01.txt,SE01,D03,1,0,test,15800,16000,-1,1.2871834184645474,1.2305261218248633
C2,69001,3534,SE01/D03_SE01_R01.txt,SE01,D03,1,0,test,15900,16100,-1,1.359025364621369,1.2305261218248633
C2,69002,3534,SE01/D03_SE01_R01.txt,SE01,D03,1,0,test,16000,16200,-1,1.359025364621369,1.2305261218248633
C2,69003,3534,SE01/D03_SE01_R01.txt,SE01,D03,1,0,test,16100,16300,-1,1.2492275857394213,1.2305261218248633
C2,69004,3534,SE01/D03_SE01_R01.txt,SE01,D03,1,0,test,16200,16400,-1,1.339423019051776,1.2305261218248633
C2,69005,3534,SE01/D03_SE01_R01.txt,SE01,D03,1,0,test,16300,16500,-1,1.339423019051776,1.2305261218248633
C2,69006,3534,SE01/D03_SE01_R01.txt,SE01,D03,1,0,test,16400,16600,-1,1.2756934383277552,1.2305261218248633
C2,69007,3534,SE01/D03_SE01_R01.txt,SE01,D03,1,0,test,16500,16700,-1,1.3030453867717833,1.2305261218248633
C2,69008,3534,SE01/D03_SE01_R01.txt,SE01,D03,1,0,test,16600,16800,-1,1.3030453867717833,1.2305261218248633
C2,69009,3534,SE01/D03_SE01_R01.txt,SE01,D03,1,0,test,16700,16900,-1,1.2996783813633244,1.2305261218248633
C2,69010,3534,SE01/D03_SE01_R01.txt,SE01,D03,1,0,test,16800,17000,-1,1.3876061446839492,1.2305261218248633
C2,69011,3534,SE01/D03_SE01_R01.txt,SE01,D03,1,0,test,16900,17100,-1,1.3876061446839492,1.2305261218248633
C2,69012,3534,SE01/D03_SE01_R01.txt,SE01,D03,1,0,test,17000,17200,-1,1.2354870393930522,1.2305261218248633
C2,69013,3534,SE01/D03_SE01_R01.txt,SE01,D03,1,0,test,17100,17300,-1,1.2545632335284767,1.2305261218248633
C2,69014,3534,SE01/D03_SE01_R01.txt,SE01,D03,1,0,test,17200,17400,-1,1.2914215718236046,1.2305261218248633
C2,69015,3534,SE01/D03_SE01_R01.txt,SE01,D03,1,0,test,17300,17500,-1,1.2914215718236046,1.2305261218248633
C2,69016,3534,SE01/D03_SE01_R01.txt,SE01,D03,1,0,test,17400,17600,-1,1.2656662732810569,1.2305261218248633
C2,69017,3534,SE01/D03_SE01_R01.txt,SE01,D03,1,0,test,17500,17700,-1,1.2679355739455467,1.2305261218248633
C2,69018,3534,SE01/D03_SE01_R01.txt,SE01,D03,1,0,test,17600,17800,-1,1.2679355739455467,1.2305261218248633
C2,69019,3534,SE01/D03_SE01_R01.txt,SE01,D03,1,0,test,17700,17900,-1,1.2650970725969777,1.2305261218248633
C2,69020,3534,SE01/D03_SE01_R01.txt,SE01,D03,1,0,test,17800,18000,-1,1.2933510963785921,1.2305261218248633
C2,69021,3534,SE01/D03_SE01_R01.txt,SE01,D03,1,0,test,17900,18100,-1,1.2933510963785921,1.2305261218248633
C2,69023,3534,SE01/D03_SE01_R01.txt,SE01,D03,1,0,test,18100,18300,-1,1.3319010404891507,1.2305261218248633
C2,69024,3534,SE01/D03_SE01_R01.txt,SE01,D03,1,0,test,18200,18400,-1,1.3319010404891507,1.2305261218248633
C2,69025,3534,SE01/D03_SE01_R01.txt,SE01,D03,1,0,test,18300,18500,-1,1.2659378900341531,1.2305261218248633
C2,69026,3534,SE01/D03_SE01_R01.txt,SE01,D03,1,0,test,18400,18600,-1,1.4241719066871261,1.2305261218248633
C2,69027,3534,SE01/D03_SE01_R01.txt,SE01,D03,1,0,test,18500,18700,-1,1.4241719066871261,1.2305261218248633
C2,69028,3534,SE01/D03_SE01_R01.txt,SE01,D03,1,0,test,18600,18800,-1,1.2603579695284808,1.2305261218248633
C2,69029,3534,SE01/D03_SE01_R01.txt,SE01,D03,1,0,test,18700,18900,-1,1.3176174200808348,1.2305261218248633
C2,69030,3534,SE01/D03_SE01_R01.txt,SE01,D03,1,0,test,18800,19000,-1,1.3176174200808348,1.2305261218248633
C2,69032,3534,SE01/D03_SE01_R01.txt,SE01,D03,1,0,test,19000,19200,-1,1.2891787945680702,1.2305261218248633
C2,69033,3534,SE01/D03_SE01_R01.txt,SE01,D03,1,0,test,19100,19300,-1,1.2891787945680702,1.2305261218248633
C2,69034,3534,SE01/D03_SE01_R01.txt,SE01,D03,1,0,test,19200,19400,-1,1.2397933898456217,1.2305261218248633
C2,69035,3534,SE01/D03_SE01_R01.txt,SE01,D03,1,0,test,19300,19500,-1,1.311540004289581,1.2305261218248633
C2,69036,3534,SE01/D03_SE01_R01.txt,SE01,D03,1,0,test,19400,19600,-1,1.311540004289581,1.2305261218248633
C2,69037,3534,SE01/D03_SE01_R01.txt,SE01,D03,1,0,test,19500,19700,-1,1.2578169526540564,1.2305261218248633
C2,69038,3534,SE01/D03_SE01_R01.txt,SE01,D03,1,0,test,19600,19800,-1,1.242527728965061,1.2305261218248633
C2,69039,3534,SE01/D03_SE01_R01.txt,SE01,D03,1,0,test,19700,19900,-1,1.275587770378517,1.2305261218248633
C2,69040,3534,SE01/D03_SE01_R01.txt,SE01,D03,1,0,test,19800,20000,-1,1.2914754519659641,1.2305261218248633
C2,69041,3534,SE01/D03_SE01_R01.txt,SE01,D03,1,0,test,19900,20100,-1,1.3060190367655806,1.2305261218248633
C2,69042,3534,SE01/D03_SE01_R01.txt,SE01,D03,1,0,test,20000,20200,-1,1.3106941295020365,1.2305261218248633
C2,69043,3534,SE01/D03_SE01_R01.txt,SE01,D03,1,0,test,20100,20300,-1,1.3106941295020365,1.2305261218248633
C2,69044,3534,SE01/D03_SE01_R01.txt,SE01,D03,1,0,test,20200,20400,-1,1.3048534198571438,1.2305261218248633
C2,69045,3534,SE01/D03_SE01_R01.txt,SE01,D03,1,0,test,20300,20500,-1,1.2806719215635172,1.2305261218248633
C2,69046,3534,SE01/D03_SE01_R01.txt,SE01,D03,1,0,test,20400,20600,-1,1.2783550725275372,1.2305261218248633
C2,69047,3534,SE01/D03_SE01_R01.txt,SE01,D03,1,0,test,20500,20700,-1,1.265913497122452,1.2305261218248633
C2,69048,3534,SE01/D03_SE01_R01.txt,SE01,D03,1,0,test,20600,20800,-1,1.3262284820441816,1.2305261218248633
C2,69049,3534,SE01/D03_SE01_R01.txt,SE01,D03,1,0,test,20700,20900,-1,1.3262284820441816,1.2305261218248633
C2,69050,3534,SE01/D03_SE01_R01.txt,SE01,D03,1,0,test,20800,21000,-1,1.258410691171748,1.2305261218248633
C2,69051,3534,SE01/D03_SE01_R01.txt,SE01,D03,1,0,test,20900,21100,-1,1.258410691171748,1.2305261218248633
C2,69052,3534,SE01/D03_SE01_R01.txt,SE01,D03,1,0,test,21000,21200,-1,1.2728586614989617,1.2305261218248633
C2,69053,3534,SE01/D03_SE01_R01.txt,SE01,D03,1,0,test,21100,21300,-1,1.2728586614989617,1.2305261218248633
C2,69058,3534,SE01/D03_SE01_R01.txt,SE01,D03,1,0,test,21600,21800,-1,1.2528956924515402,1.2305261218248633
C2,69059,3534,SE01/D03_SE01_R01.txt,SE01,D03,1,0,test,21700,21900,-1,1.2528956924515402,1.2305261218248633
C2,69060,3534,SE01/D03_SE01_R01.txt,SE01,D03,1,0,test,21800,22000,-1,1.2591903478442457,1.2305261218248633
C2,69061,3534,SE01/D03_SE01_R01.txt,SE01,D03,1,0,test,21900,22100,-1,1.2591903478442457,1.2305261218248633
C2,69062,3534,SE01/D03_SE01_R01.txt,SE01,D03,1,0,test,22000,22200,-1,1.2546672325052302,1.2305261218248633
C2,69063,3534,SE01/D03_SE01_R01.txt,SE01,D03,1,0,test,22100,22300,-1,1.351474769176451,1.2305261218248633
C2,69064,3534,SE01/D03_SE01_R01.txt,SE01,D03,1,0,test,22200,22400,-1,1.364126597996244,1.2305261218248633
C2,69065,3534,SE01/D03_SE01_R01.txt,SE01,D03,1,0,test,22300,22500,-1,1.364126597996244,1.2305261218248633
C2,69066,3534,SE01/D03_SE01_R01.txt,SE01,D03,1,0,test,22400,22600,-1,1.269476874918314,1.2305261218248633
C2,69067,3534,SE01/D03_SE01_R01.txt,SE01,D03,1,0,test,22500,22700,-1,1.269476874918314,1.2305261218248633
C2,69068,3534,SE01/D03_SE01_R01.txt,SE01,D03,1,0,test,22600,22800,-1,1.271053941133052,1.2305261218248633
C2,69069,3534,SE01/D03_SE01_R01.txt,SE01,D03,1,0,test,22700,22900,-1,1.271053941133052,1.2305261218248633
C2,69070,3534,SE01/D03_SE01_R01.txt,SE01,D03,1,0,test,22800,23000,-1,1.2745778298261363,1.2305261218248633
C2,69071,3534,SE01/D03_SE01_R01.txt,SE01,D03,1,0,test,22900,23100,-1,1.2892178965429104,1.2305261218248633
C2,69072,3534,SE01/D03_SE01_R01.txt,SE01,D03,1,0,test,23000,23200,-1,1.291145194461643,1.2305261218248633
C2,69073,3534,SE01/D03_SE01_R01.txt,SE01,D03,1,0,test,23100,23300,-1,1.291145194461643,1.2305261218248633
C2,69074,3534,SE01/D03_SE01_R01.txt,SE01,D03,1,0,test,23200,23400,-1,1.3724005813954576,1.2305261218248633
C2,69075,3534,SE01/D03_SE01_R01.txt,SE01,D03,1,0,test,23300,23500,-1,1.3724005813954576,1.2305261218248633
C2,69076,3534,SE01/D03_SE01_R01.txt,SE01,D03,1,0,test,23400,23600,-1,1.336759909794651,1.2305261218248633
C2,69077,3534,SE01/D03_SE01_R01.txt,SE01,D03,1,0,test,23500,23700,-1,1.336759909794651,1.2305261218248633
C2,69078,3534,SE01/D03_SE01_R01.txt,SE01,D03,1,0,test,23600,23800,-1,1.3111605441882268,1.2305261218248633
C2,69079,3534,SE01/D03_SE01_R01.txt,SE01,D03,1,0,test,23700,23900,-1,1.2624942814195008,1.2305261218248633
C2,69080,3534,SE01/D03_SE01_R01.txt,SE01,D03,1,0,test,23800,24000,-1,1.2742749309194017,1.2305261218248633
C2,69081,3534,SE01/D03_SE01_R01.txt,SE01,D03,1,0,test,23900,24100,-1,1.2742749309194017,1.2305261218248633
C2,69082,3534,SE01/D03_SE01_R01.txt,SE01,D03,1,0,test,24000,24200,-1,1.302025646412827,1.2305261218248633
C2,69083,3534,SE01/D03_SE01_R01.txt,SE01,D03,1,0,test,24100,24300,-1,1.302025646412827,1.2305261218248633
C2,69085,3534,SE01/D03_SE01_R01.txt,SE01,D03,1,0,test,24300,24500,-1,1.410623274879175,1.2305261218248633
C2,69086,3534,SE01/D03_SE01_R01.txt,SE01,D03,1,0,test,24400,24600,-1,1.410623274879175,1.2305261218248633
C2,69088,3534,SE01/D03_SE01_R01.txt,SE01,D03,1,0,test,24600,24800,-1,1.3225486504983126,1.2305261218248633
C2,69089,3534,SE01/D03_SE01_R01.txt,SE01,D03,1,0,test,24700,24900,-1,1.3225486504983126,1.2305261218248633
C2,69090,3534,SE01/D03_SE01_R01.txt,SE01,D03,1,0,test,24800,25000,-1,1.2463942981420892,1.2305261218248633
C2,69092,3534,SE01/D03_SE01_R01.txt,SE01,D03,1,0,test,25000,25200,-1,1.2485295251607684,1.2305261218248633
C2,69093,3534,SE01/D03_SE01_R01.txt,SE01,D03,1,0,test,25100,25300,-1,1.2485295251607684,1.2305261218248633
C2,69094,3534,SE01/D03_SE01_R01.txt,SE01,D03,1,0,test,25200,25400,-1,1.2903777712266886,1.2305261218248633
C2,69095,3534,SE01/D03_SE01_R01.txt,SE01,D03,1,0,test,25300,25500,-1,1.2903777712266886,1.2305261218248633
C2,69096,3534,SE01/D03_SE01_R01.txt,SE01,D03,1,0,test,25400,25600,-1,1.2489586599668006,1.2305261218248633
C2,69100,3534,SE01/D03_SE01_R01.txt,SE01,D03,1,0,test,25800,26000,-1,1.2559272907426238,1.2305261218248633
C2,69101,3534,SE01/D03_SE01_R01.txt,SE01,D03,1,0,test,25900,26100,-1,1.3292719312333878,1.2305261218248633
C2,69102,3534,SE01/D03_SE01_R01.txt,SE01,D03,1,0,test,26000,26200,-1,1.3292719312333878,1.2305261218248633
C2,69103,3534,SE01/D03_SE01_R01.txt,SE01,D03,1,0,test,26100,26300,-1,1.253120048738489,1.2305261218248633
C2,69104,3534,SE01/D03_SE01_R01.txt,SE01,D03,1,0,test,26200,26400,-1,1.30049558468719,1.2305261218248633
C2,69105,3534,SE01/D03_SE01_R01.txt,SE01,D03,1,0,test,26300,26500,-1,1.30049558468719,1.2305261218248633
C2,69106,3534,SE01/D03_SE01_R01.txt,SE01,D03,1,0,test,26400,26600,-1,1.2889046933391732,1.2305261218248633
C2,69107,3534,SE01/D03_SE01_R01.txt,SE01,D03,1,0,test,26500,26700,-1,1.2889046933391732,1.2305261218248633
C2,69108,3534,SE01/D03_SE01_R01.txt,SE01,D03,1,0,test,26600,26800,-1,1.2708075567005086,1.2305261218248633
C2,69109,3534,SE01/D03_SE01_R01.txt,SE01,D03,1,0,test,26700,26900,-1,1.2708075567005086,1.2305261218248633
C2,69110,3534,SE01/D03_SE01_R01.txt,SE01,D03,1,0,test,26800,27000,-1,1.2935766165882598,1.2305261218248633
C2,69111,3534,SE01/D03_SE01_R01.txt,SE01,D03,1,0,test,26900,27100,-1,1.3140589384647816,1.2305261218248633
C2,69112,3534,SE01/D03_SE01_R01.txt,SE01,D03,1,0,test,27000,27200,-1,1.3140589384647816,1.2305261218248633
C2,69113,3534,SE01/D03_SE01_R01.txt,SE01,D03,1,0,test,27100,27300,-1,1.2366409774229827,1.2305261218248633
C2,69114,3534,SE01/D03_SE01_R01.txt,SE01,D03,1,0,test,27200,27400,-1,1.2821107499621365,1.2305261218248633
C2,69115,3534,SE01/D03_SE01_R01.txt,SE01,D03,1,0,test,27300,27500,-1,1.2821107499621365,1.2305261218248633
C2,69116,3534,SE01/D03_SE01_R01.txt,SE01,D03,1,0,test,27400,27600,-1,1.3196863426529277,1.2305261218248633
C2,69117,3534,SE01/D03_SE01_R01.txt,SE01,D03,1,0,test,27500,27700,-1,1.3489747806271672,1.2305261218248633
C2,69118,3534,SE01/D03_SE01_R01.txt,SE01,D03,1,0,test,27600,27800,-1,1.3489747806271672,1.2305261218248633
C2,69119,3534,SE01/D03_SE01_R01.txt,SE01,D03,1,0,test,27700,27900,-1,1.3185383537185564,1.2305261218248633
C2,69120,3534,SE01/D03_SE01_R01.txt,SE01,D03,1,0,test,27800,28000,-1,1.3185383537185564,1.2305261218248633
C2,69121,3534,SE01/D03_SE01_R01.txt,SE01,D03,1,0,test,27900,28100,-1,1.2770693803454418,1.2305261218248633
C2,69122,3534,SE01/D03_SE01_R01.txt,SE01,D03,1,0,test,28000,28200,-1,1.2517358016525055,1.2305261218248633
C2,69123,3534,SE01/D03_SE01_R01.txt,SE01,D03,1,0,test,28100,28300,-1,1.302332924300543,1.2305261218248633
C2,69124,3534,SE01/D03_SE01_R01.txt,SE01,D03,1,0,test,28200,28400,-1,1.302332924300543,1.2305261218248633
C2,69125,3534,SE01/D03_SE01_R01.txt,SE01,D03,1,0,test,28300,28500,-1,1.287173770613722,1.2305261218248633
C2,69126,3534,SE01/D03_SE01_R01.txt,SE01,D03,1,0,test,28400,28600,-1,1.2782909059351366,1.2305261218248633
C2,69127,3534,SE01/D03_SE01_R01.txt,SE01,D03,1,0,test,28500,28700,-1,1.3064557995364383,1.2305261218248633
C2,69128,3534,SE01/D03_SE01_R01.txt,SE01,D03,1,0,test,28600,28800,-1,1.3064557995364383,1.2305261218248633
C2,69129,3534,SE01/D03_SE01_R01.txt,SE01,D03,1,0,test,28700,28900,-1,1.264282163017638,1.2305261218248633
C2,69130,3534,SE01/D03_SE01_R01.txt,SE01,D03,1,0,test,28800,29000,-1,1.253961453319205,1.2305261218248633
C2,69131,3534,SE01/D03_SE01_R01.txt,SE01,D03,1,0,test,28900,29100,-1,1.2459575575878084,1.2305261218248633
C2,69133,3534,SE01/D03_SE01_R01.txt,SE01,D03,1,0,test,29100,29300,-1,1.343958027725281,1.2305261218248633
C2,69134,3534,SE01/D03_SE01_R01.txt,SE01,D03,1,0,test,29200,29400,-1,1.343958027725281,1.2305261218248633
C2,69135,3534,SE01/D03_SE01_R01.txt,SE01,D03,1,0,test,29300,29500,-1,1.2444329548998951,1.2305261218248633
C2,69136,3534,SE01/D03_SE01_R01.txt,SE01,D03,1,0,test,29400,29600,-1,1.3181705477560697,1.2305261218248633
C2,69137,3534,SE01/D03_SE01_R01.txt,SE01,D03,1,0,test,29500,29700,-1,1.3181705477560697,1.2305261218248633
C2,69138,3534,SE01/D03_SE01_R01.txt,SE01,D03,1,0,test,29600,29800,-1,1.2901341381042393,1.2305261218248633
C2,69139,3534,SE01/D03_SE01_R01.txt,SE01,D03,1,0,test,29700,29900,-1,1.2305560239492073,1.2305261218248633
C2,69141,3534,SE01/D03_SE01_R01.txt,SE01,D03,1,0,test,29900,30100,-1,1.286831765252805,1.2305261218248633
C2,69142,3534,SE01/D03_SE01_R01.txt,SE01,D03,1,0,test,30000,30200,-1,1.2881960848038307,1.2305261218248633
C2,69143,3534,SE01/D03_SE01_R01.txt,SE01,D03,1,0,test,30100,30300,-1,1.2881960848038307,1.2305261218248633
C2,69144,3534,SE01/D03_SE01_R01.txt,SE01,D03,1,0,test,30200,30400,-1,1.3045618918892694,1.2305261218248633
C2,69145,3534,SE01/D03_SE01_R01.txt,SE01,D03,1,0,test,30300,30500,-1,1.3045618918892694,1.2305261218248633
C2,69146,3534,SE01/D03_SE01_R01.txt,SE01,D03,1,0,test,30400,30600,-1,1.2548186440852938,1.2305261218248633
C2,69147,3534,SE01/D03_SE01_R01.txt,SE01,D03,1,0,test,30500,30700,-1,1.2548186440852938,1.2305261218248633
C2,69148,3534,SE01/D03_SE01_R01.txt,SE01,D03,1,0,test,30600,30800,-1,1.3651472562315476,1.2305261218248633
C2,69149,3534,SE01/D03_SE01_R01.txt,SE01,D03,1,0,test,30700,30900,-1,1.3651472562315476,1.2305261218248633
C2,69150,3534,SE01/D03_SE01_R01.txt,SE01,D03,1,0,test,30800,31000,-1,1.2739633766365759,1.2305261218248633
C2,69151,3534,SE01/D03_SE01_R01.txt,SE01,D03,1,0,test,30900,31100,-1,1.2653000135460446,1.2305261218248633
C2,69152,3534,SE01/D03_SE01_R01.txt,SE01,D03,1,0,test,31000,31200,-1,1.272280986239041,1.2305261218248633
C2,69153,3534,SE01/D03_SE01_R01.txt,SE01,D03,1,0,test,31100,31300,-1,1.272280986239041,1.2305261218248633
C2,69154,3534,SE01/D03_SE01_R01.txt,SE01,D03,1,0,test,31200,31400,-1,1.2620113369163544,1.2305261218248633
C2,69155,3534,SE01/D03_SE01_R01.txt,SE01,D03,1,0,test,31300,31500,-1,1.2651885526849462,1.2305261218248633
C2,69156,3534,SE01/D03_SE01_R01.txt,SE01,D03,1,0,test,31400,31600,-1,1.2651885526849462,1.2305261218248633
C2,69157,3534,SE01/D03_SE01_R01.txt,SE01,D03,1,0,test,31500,31700,-1,1.26848969395862,1.2305261218248633
C2,69158,3534,SE01/D03_SE01_R01.txt,SE01,D03,1,0,test,31600,31800,-1,1.2722805793447511,1.2305261218248633
C2,69159,3534,SE01/D03_SE01_R01.txt,SE01,D03,1,0,test,31700,31900,-1,1.2722805793447511,1.2305261218248633
C2,69160,3534,SE01/D03_SE01_R01.txt,SE01,D03,1,0,test,31800,32000,-1,1.2937086826856175,1.2305261218248633
C2,69161,3534,SE01/D03_SE01_R01.txt,SE01,D03,1,0,test,31900,32100,-1,1.3097670490733377,1.2305261218248633
C2,69162,3534,SE01/D03_SE01_R01.txt,SE01,D03,1,0,test,32000,32200,-1,1.3097670490733377,1.2305261218248633
C2,69167,3534,SE01/D03_SE01_R01.txt,SE01,D03,1,0,test,32500,32700,-1,1.2805440995880157,1.2305261218248633
C2,69168,3534,SE01/D03_SE01_R01.txt,SE01,D03,1,0,test,32600,32800,-1,1.2805440995880157,1.2305261218248633
C2,69169,3534,SE01/D03_SE01_R01.txt,SE01,D03,1,0,test,32700,32900,-1,1.2752386306939887,1.2305261218248633
C2,69170,3534,SE01/D03_SE01_R01.txt,SE01,D03,1,0,test,32800,33000,-1,1.248222254370224,1.2305261218248633
C2,69171,3534,SE01/D03_SE01_R01.txt,SE01,D03,1,0,test,32900,33100,-1,1.248222254370224,1.2305261218248633
C2,69172,3534,SE01/D03_SE01_R01.txt,SE01,D03,1,0,test,33000,33200,-1,1.2327580775532103,1.2305261218248633
C2,69174,3534,SE01/D03_SE01_R01.txt,SE01,D03,1,0,test,33200,33400,-1,1.3187399383846443,1.2305261218248633
C2,69175,3534,SE01/D03_SE01_R01.txt,SE01,D03,1,0,test,33300,33500,-1,1.3187399383846443,1.2305261218248633
C2,69176,3534,SE01/D03_SE01_R01.txt,SE01,D03,1,0,test,33400,33600,-1,1.2889088911572102,1.2305261218248633
C2,69177,3534,SE01/D03_SE01_R01.txt,SE01,D03,1,0,test,33500,33700,-1,1.2889088911572102,1.2305261218248633
C2,69179,3534,SE01/D03_SE01_R01.txt,SE01,D03,1,0,test,33700,33900,-1,1.2472006084630483,1.2305261218248633
C2,69180,3534,SE01/D03_SE01_R01.txt,SE01,D03,1,0,test,33800,34000,-1,1.282386505978363,1.2305261218248633
C2,69181,3534,SE01/D03_SE01_R01.txt,SE01,D03,1,0,test,33900,34100,-1,1.282386505978363,1.2305261218248633
C2,69182,3534,SE01/D03_SE01_R01.txt,SE01,D03,1,0,test,34000,34200,-1,1.3152251118931855,1.2305261218248633
C2,69183,3534,SE01/D03_SE01_R01.txt,SE01,D03,1,0,test,34100,34300,-1,1.3152251118931855,1.2305261218248633
C2,69185,3534,SE01/D03_SE01_R01.txt,SE01,D03,1,0,test,34300,34500,-1,1.2885094299114794,1.2305261218248633
C2,69186,3534,SE01/D03_SE01_R01.txt,SE01,D03,1,0,test,34400,34600,-1,1.301772608652532,1.2305261218248633
C2,69187,3534,SE01/D03_SE01_R01.txt,SE01,D03,1,0,test,34500,34700,-1,1.301772608652532,1.2305261218248633
C2,69188,3534,SE01/D03_SE01_R01.txt,SE01,D03,1,0,test,34600,34800,-1,1.3058117134944105,1.2305261218248633
C2,69189,3534,SE01/D03_SE01_R01.txt,SE01,D03,1,0,test,34700,34900,-1,1.3058117134944105,1.2305261218248633
C2,69190,3534,SE01/D03_SE01_R01.txt,SE01,D03,1,0,test,34800,35000,-1,1.2714897778956804,1.2305261218248633
C2,69191,3534,SE01/D03_SE01_R01.txt,SE01,D03,1,0,test,34900,35100,-1,1.2714897778956804,1.2305261218248633
C2,69192,3534,SE01/D03_SE01_R01.txt,SE01,D03,1,0,test,35000,35200,-1,1.3187540135388802,1.2305261218248633
C2,69193,3534,SE01/D03_SE01_R01.txt,SE01,D03,1,0,test,35100,35300,-1,1.3187540135388802,1.2305261218248633
C2,69194,3534,SE01/D03_SE01_R01.txt,SE01,D03,1,0,test,35200,35400,-1,1.244199082278553,1.2305261218248633
C2,69195,3534,SE01/D03_SE01_R01.txt,SE01,D03,1,0,test,35300,35500,-1,1.2990695229711402,1.2305261218248633
C2,69196,3534,SE01/D03_SE01_R01.txt,SE01,D03,1,0,test,35400,35600,-1,1.2990695229711402,1.2305261218248633
C2,69197,3534,SE01/D03_SE01_R01.txt,SE01,D03,1,0,test,35500,35700,-1,1.2525955922899448,1.2305261218248633
C2,69198,3534,SE01/D03_SE01_R01.txt,SE01,D03,1,0,test,35600,35800,-1,1.3009894255367698,1.2305261218248633
C2,69199,3534,SE01/D03_SE01_R01.txt,SE01,D03,1,0,test,35700,35900,-1,1.3009894255367698,1.2305261218248633
C2,69201,3535,SE01/D04_SE01_R01.txt,SE01,D04,1,0,test,100,300,-1,1.294074710939825,1.2305261218248633
C2,69202,3535,SE01/D04_SE01_R01.txt,SE01,D04,1,0,test,200,400,-1,1.294074710939825,1.2305261218248633
C2,69203,3535,SE01/D04_SE01_R01.txt,SE01,D04,1,0,test,300,500,-1,1.2791093146401882,1.2305261218248633
C2,69204,3535,SE01/D04_SE01_R01.txt,SE01,D04,1,0,test,400,600,-1,1.3791917979453778,1.2305261218248633
C2,69205,3535,SE01/D04_SE01_R01.txt,SE01,D04,1,0,test,500,700,-1,1.4586398601292425,1.2305261218248633
C2,69206,3535,SE01/D04_SE01_R01.txt,SE01,D04,1,0,test,600,800,-1,1.4586398601292425,1.2305261218248633
C2,69207,3535,SE01/D04_SE01_R01.txt,SE01,D04,1,0,test,700,900,-1,1.4304137236192906,1.2305261218248633
C2,69208,3535,SE01/D04_SE01_R01.txt,SE01,D04,1,0,test,800,1000,-1,1.3394343407663165,1.2305261218248633
C2,69209,3535,SE01/D04_SE01_R01.txt,SE01,D04,1,0,test,900,1100,-1,1.468254535822299,1.2305261218248633
C2,69210,3535,SE01/D04_SE01_R01.txt,SE01,D04,1,0,test,1000,1200,-1,1.468254535822299,1.2305261218248633
C2,69211,3535,SE01/D04_SE01_R01.txt,SE01,D04,1,0,test,1100,1300,-1,1.3128084813470369,1.2305261218248633
C2,69212,3535,SE01/D04_SE01_R01.txt,SE01,D04,1,0,test,1200,1400,-1,1.4653546999569427,1.2305261218248633
C2,69213,3535,SE01/D04_SE01_R01.txt,SE01,D04,1,0,test,1300,1500,-1,1.4653546999569427,1.2305261218248633
C2,69214,3535,SE01/D04_SE01_R01.txt,SE01,D04,1,0,test,1400,1600,-1,1.3324794876188564,1.2305261218248633
C2,69215,3535,SE01/D04_SE01_R01.txt,SE01,D04,1,0,test,1500,1700,-1,1.4238539751106989,1.2305261218248633
C2,69216,3535,SE01/D04_SE01_R01.txt,SE01,D04,1,0,test,1600,1800,-1,1.4238539751106989,1.2305261218248633
C2,69217,3535,SE01/D04_SE01_R01.txt,SE01,D04,1,0,test,1700,1900,-1,1.3532996873183287,1.2305261218248633
C2,69218,3535,SE01/D04_SE01_R01.txt,SE01,D04,1,0,test,1800,2000,-1,1.443309138502011,1.2305261218248633
C2,69219,3535,SE01/D04_SE01_R01.txt,SE01,D04,1,0,test,1900,2100,-1,1.443309138502011,1.2305261218248633
C2,69220,3535,SE01/D04_SE01_R01.txt,SE01,D04,1,0,test,2000,2200,-1,1.4223272255127524,1.2305261218248633
C2,69221,3535,SE01/D04_SE01_R01.txt,SE01,D04,1,0,test,2100,2300,-1,1.5116607145170016,1.2305261218248633
C2,69222,3535,SE01/D04_SE01_R01.txt,SE01,D04,1,0,test,2200,2400,-1,1.5116607145170016,1.2305261218248633
C2,69223,3535,SE01/D04_SE01_R01.txt,SE01,D04,1,0,test,2300,2500,-1,1.4824425348747203,1.2305261218248633
C2,69224,3535,SE01/D04_SE01_R01.txt,SE01,D04,1,0,test,2400,2600,-1,1.4323637298616116,1.2305261218248633
C2,69225,3535,SE01/D04_SE01_R01.txt,SE01,D04,1,0,test,2500,2700,-1,1.4090401410376143,1.2305261218248633
C2,69226,3535,SE01/D04_SE01_R01.txt,SE01,D04,1,0,test,2600,2800,-1,1.4090401410376143,1.2305261218248633
C2,69227,3535,SE01/D04_SE01_R01.txt,SE01,D04,1,0,test,2700,2900,-1,1.3948928706257264,1.2305261218248633
C2,69228,3535,SE01/D04_SE01_R01.txt,SE01,D04,1,0,test,2800,3000,-1,1.4434837162873406,1.2305261218248633
C2,69229,3535,SE01/D04_SE01_R01.txt,SE01,D04,1,0,test,2900,3100,-1,1.4434837162873406,1.2305261218248633
C2,69230,3535,SE01/D04_SE01_R01.txt,SE01,D04,1,0,test,3000,3200,-1,1.4417051812348198,1.2305261218248633
C2,69231,3535,SE01/D04_SE01_R01.txt,SE01,D04,1,0,test,3100,3300,-1,1.3080344521289033,1.2305261218248633
C2,69232,3535,SE01/D04_SE01_R01.txt,SE01,D04,1,0,test,3200,3400,-1,1.3601377398746026,1.2305261218248633
C2,69233,3535,SE01/D04_SE01_R01.txt,SE01,D04,1,0,test,3300,3500,-1,1.3891441153063444,1.2305261218248633
C2,69234,3535,SE01/D04_SE01_R01.txt,SE01,D04,1,0,test,3400,3600,-1,1.3891441153063444,1.2305261218248633
C2,69235,3535,SE01/D04_SE01_R01.txt,SE01,D04,1,0,test,3500,3700,-1,1.3608576254065978,1.2305261218248633
C2,69236,3535,SE01/D04_SE01_R01.txt,SE01,D04,1,0,test,3600,3800,-1,1.3608576254065978,1.2305261218248633
C2,69237,3535,SE01/D04_SE01_R01.txt,SE01,D04,1,0,test,3700,3900,-1,1.3330942376326025,1.2305261218248633
C2,69238,3535,SE01/D04_SE01_R01.txt,SE01,D04,1,0,test,3800,4000,-1,1.3088320592151603,1.2305261218248633
C2,69239,3535,SE01/D04_SE01_R01.txt,SE01,D04,1,0,test,3900,4100,-1,1.4850767840543961,1.2305261218248633
C2,69240,3535,SE01/D04_SE01_R01.txt,SE01,D04,1,0,test,4000,4200,-1,1.4850767840543961,1.2305261218248633
C2,69241,3535,SE01/D04_SE01_R01.txt,SE01,D04,1,0,test,4100,4300,-1,1.440443837870124,1.2305261218248633
C2,69242,3535,SE01/D04_SE01_R01.txt,SE01,D04,1,0,test,4200,4400,-1,1.440862366776108,1.2305261218248633
C2,69243,3535,SE01/D04_SE01_R01.txt,SE01,D04,1,0,test,4300,4500,-1,1.447301272641432,1.2305261218248633
C2,69244,3535,SE01/D04_SE01_R01.txt,SE01,D04,1,0,test,4400,4600,-1,1.447301272641432,1.2305261218248633
C2,69245,3535,SE01/D04_SE01_R01.txt,SE01,D04,1,0,test,4500,4700,-1,1.398434964245385,1.2305261218248633
C2,69246,3535,SE01/D04_SE01_R01.txt,SE01,D04,1,0,test,4600,4800,-1,1.398434964245385,1.2305261218248633
C2,69247,3535,SE01/D04_SE01_R01.txt,SE01,D04,1,0,test,4700,4900,-1,1.3788719531400717,1.2305261218248633
C2,69248,3535,SE01/D04_SE01_R01.txt,SE01,D04,1,0,test,4800,5000,-1,1.3246392089633356,1.2305261218248633
C2,69249,3535,SE01/D04_SE01_R01.txt,SE01,D04,1,0,test,4900,5100,-1,1.3975291449744036,1.2305261218248633
C2,69250,3535,SE01/D04_SE01_R01.txt,SE01,D04,1,0,test,5000,5200,-1,1.3975291449744036,1.2305261218248633
C2,69251,3535,SE01/D04_SE01_R01.txt,SE01,D04,1,0,test,5100,5300,-1,1.2918047778763213,1.2305261218248633
C2,69252,3535,SE01/D04_SE01_R01.txt,SE01,D04,1,0,test,5200,5400,-1,1.3809582784777532,1.2305261218248633
C2,69253,3535,SE01/D04_SE01_R01.txt,SE01,D04,1,0,test,5300,5500,-1,1.4659744026789163,1.2305261218248633
C2,69254,3535,SE01/D04_SE01_R01.txt,SE01,D04,1,0,test,5400,5600,-1,1.4659744026789163,1.2305261218248633
C2,69255,3535,SE01/D04_SE01_R01.txt,SE01,D04,1,0,test,5500,5700,-1,1.4659158131458705,1.2305261218248633
C2,69256,3535,SE01/D04_SE01_R01.txt,SE01,D04,1,0,test,5600,5800,-1,1.3874063093812297,1.2305261218248633
C2,69257,3535,SE01/D04_SE01_R01.txt,SE01,D04,1,0,test,5700,5900,-1,1.347828488665422,1.2305261218248633
C2,69258,3535,SE01/D04_SE01_R01.txt,SE01,D04,1,0,test,5800,6000,-1,1.2924099068599308,1.2305261218248633
C2,69259,3535,SE01/D04_SE01_R01.txt,SE01,D04,1,0,test,5900,6100,-1,1.383769582512822,1.2305261218248633
C2,69260,3535,SE01/D04_SE01_R01.txt,SE01,D04,1,0,test,6000,6200,-1,1.383769582512822,1.2305261218248633
C2,69261,3535,SE01/D04_SE01_R01.txt,SE01,D04,1,0,test,6100,6300,-1,1.358919066464467,1.2305261218248633
C2,69262,3535,SE01/D04_SE01_R01.txt,SE01,D04,1,0,test,6200,6400,-1,1.3588492561055043,1.2305261218248633
C2,69263,3535,SE01/D04_SE01_R01.txt,SE01,D04,1,0,test,6300,6500,-1,1.3193982387636438,1.2305261218248633
C2,69264,3535,SE01/D04_SE01_R01.txt,SE01,D04,1,0,test,6400,6600,-1,1.3017422981827953,1.2305261218248633
C2,69265,3535,SE01/D04_SE01_R01.txt,SE01,D04,1,0,test,6500,6700,-1,1.4230497246774114,1.2305261218248633
C2,69266,3535,SE01/D04_SE01_R01.txt,SE01,D04,1,0,test,6600,6800,-1,1.4230497246774114,1.2305261218248633
C2,69267,3535,SE01/D04_SE01_R01.txt,SE01,D04,1,0,test,6700,6900,-1,1.4124322151426667,1.2305261218248633
C2,69268,3535,SE01/D04_SE01_R01.txt,SE01,D04,1,0,test,6800,7000,-1,1.4603846329733279,1.2305261218248633
C2,69269,3535,SE01/D04_SE01_R01.txt,SE01,D04,1,0,test,6900,7100,-1,1.4603846329733279,1.2305261218248633
C2,69270,3535,SE01/D04_SE01_R01.txt,SE01,D04,1,0,test,7000,7200,-1,1.4312779759210588,1.2305261218248633
C2,69271,3535,SE01/D04_SE01_R01.txt,SE01,D04,1,0,test,7100,7300,-1,1.411919332351948,1.2305261218248633
C2,69272,3535,SE01/D04_SE01_R01.txt,SE01,D04,1,0,test,7200,7400,-1,1.411919332351948,1.2305261218248633
C2,69273,3535,SE01/D04_SE01_R01.txt,SE01,D04,1,0,test,7300,7500,-1,1.2820243137532148,1.2305261218248633
C2,69274,3535,SE01/D04_SE01_R01.txt,SE01,D04,1,0,test,7400,7600,-1,1.3330107758621825,1.2305261218248633
C2,69275,3535,SE01/D04_SE01_R01.txt,SE01,D04,1,0,test,7500,7700,-1,1.3823536062735546,1.2305261218248633
C2,69276,3535,SE01/D04_SE01_R01.txt,SE01,D04,1,0,test,7600,7800,-1,1.424043770130512,1.2305261218248633
C2,69277,3535,SE01/D04_SE01_R01.txt,SE01,D04,1,0,test,7700,7900,-1,1.424043770130512,1.2305261218248633
C2,69278,3535,SE01/D04_SE01_R01.txt,SE01,D04,1,0,test,7800,8000,-1,1.3556888223652968,1.2305261218248633
C2,69279,3535,SE01/D04_SE01_R01.txt,SE01,D04,1,0,test,7900,8100,-1,1.4423928437312963,1.2305261218248633
C2,69280,3535,SE01/D04_SE01_R01.txt,SE01,D04,1,0,test,8000,8200,-1,1.4423928437312963,1.2305261218248633
C2,69281,3535,SE01/D04_SE01_R01.txt,SE01,D04,1,0,test,8100,8300,-1,1.3479556572510956,1.2305261218248633
C2,69282,3535,SE01/D04_SE01_R01.txt,SE01,D04,1,0,test,8200,8400,-1,1.4072675713343261,1.2305261218248633
C2,69283,3535,SE01/D04_SE01_R01.txt,SE01,D04,1,0,test,8300,8500,-1,1.4072675713343261,1.2305261218248633
C2,69284,3535,SE01/D04_SE01_R01.txt,SE01,D04,1,0,test,8400,8600,-1,1.34213956918343,1.2305261218248633
C2,69285,3535,SE01/D04_SE01_R01.txt,SE01,D04,1,0,test,8500,8700,-1,1.34213956918343,1.2305261218248633
C2,69286,3535,SE01/D04_SE01_R01.txt,SE01,D04,1,0,test,8600,8800,-1,1.426986960201886,1.2305261218248633
C2,69287,3535,SE01/D04_SE01_R01.txt,SE01,D04,1,0,test,8700,8900,-1,1.426986960201886,1.2305261218248633
C2,69288,3535,SE01/D04_SE01_R01.txt,SE01,D04,1,0,test,8800,9000,-1,1.378587341391738,1.2305261218248633
C2,69289,3535,SE01/D04_SE01_R01.txt,SE01,D04,1,0,test,8900,9100,-1,1.378587341391738,1.2305261218248633
C2,69290,3535,SE01/D04_SE01_R01.txt,SE01,D04,1,0,test,9000,9200,-1,1.3748296912130427,1.2305261218248633
C2,69291,3535,SE01/D04_SE01_R01.txt,SE01,D04,1,0,test,9100,9300,-1,1.4609589455102001,1.2305261218248633
C2,69292,3535,SE01/D04_SE01_R01.txt,SE01,D04,1,0,test,9200,9400,-1,1.4609589455102001,1.2305261218248633
C2,69293,3535,SE01/D04_SE01_R01.txt,SE01,D04,1,0,test,9300,9500,-1,1.37921060295708,1.2305261218248633
C2,69294,3535,SE01/D04_SE01_R01.txt,SE01,D04,1,0,test,9400,9600,-1,1.3839482343494813,1.2305261218248633
C2,69295,3535,SE01/D04_SE01_R01.txt,SE01,D04,1,0,test,9500,9700,-1,1.4439809029605253,1.2305261218248633
C2,69296,3535,SE01/D04_SE01_R01.txt,SE01,D04,1,0,test,9600,9800,-1,1.4439809029605253,1.2305261218248633
C2,69297,3535,SE01/D04_SE01_R01.txt,SE01,D04,1,0,test,9700,9900,-1,1.3508586005876642,1.2305261218248633
C2,69298,3535,SE01/D04_SE01_R01.txt,SE01,D04,1,0,test,9800,10000,-1,1.3992637326258557,1.2305261218248633
C2,69299,3535,SE01/D04_SE01_R01.txt,SE01,D04,1,0,test,9900,10100,-1,1.3992637326258557,1.2305261218248633
C2,69300,3535,SE01/D04_SE01_R01.txt,SE01,D04,1,0,test,10000,10200,-1,1.3373090437757265,1.2305261218248633
C2,69301,3535,SE01/D04_SE01_R01.txt,SE01,D04,1,0,test,10100,10300,-1,1.335945835554025,1.2305261218248633
C2,69302,3535,SE01/D04_SE01_R01.txt,SE01,D04,1,0,test,10200,10400,-1,1.335945835554025,1.2305261218248633
C2,69303,3535,SE01/D04_SE01_R01.txt,SE01,D04,1,0,test,10300,10500,-1,1.2909204921466921,1.2305261218248633
C2,69304,3535,SE01/D04_SE01_R01.txt,SE01,D04,1,0,test,10400,10600,-1,1.3405419882993184,1.2305261218248633
C2,69305,3535,SE01/D04_SE01_R01.txt,SE01,D04,1,0,test,10500,10700,-1,1.3411491983207378,1.2305261218248633
C2,69306,3535,SE01/D04_SE01_R01.txt,SE01,D04,1,0,test,10600,10800,-1,1.3411491983207378,1.2305261218248633
C2,69307,3535,SE01/D04_SE01_R01.txt,SE01,D04,1,0,test,10700,10900,-1,1.3341118944837844,1.2305261218248633
C2,69308,3535,SE01/D04_SE01_R01.txt,SE01,D04,1,0,test,10800,11000,-1,1.3592870418293712,1.2305261218248633
C2,69309,3535,SE01/D04_SE01_R01.txt,SE01,D04,1,0,test,10900,11100,-1,1.3901757156306414,1.2305261218248633
C2,69310,3535,SE01/D04_SE01_R01.txt,SE01,D04,1,0,test,11000,11200,-1,1.3901757156306414,1.2305261218248633
C2,69311,3535,SE01/D04_SE01_R01.txt,SE01,D04,1,0,test,11100,11300,-1,1.3827101510147428,1.2305261218248633
C2,69312,3535,SE01/D04_SE01_R01.txt,SE01,D04,1,0,test,11200,11400,-1,1.3827101510147428,1.2305261218248633
C2,69313,3535,SE01/D04_SE01_R01.txt,SE01,D04,1,0,test,11300,11500,-1,1.3379889300039,1.2305261218248633
C2,69314,3535,SE01/D04_SE01_R01.txt,SE01,D04,1,0,test,11400,11600,-1,1.308818219380203,1.2305261218248633
C2,69315,3535,SE01/D04_SE01_R01.txt,SE01,D04,1,0,test,11500,11700,-1,1.375460305841408,1.2305261218248633
C2,69316,3535,SE01/D04_SE01_R01.txt,SE01,D04,1,0,test,11600,11800,-1,1.4362845654469216,1.2305261218248633
C2,69317,3535,SE01/D04_SE01_R01.txt,SE01,D04,1,0,test,11700,11900,-1,1.4362845654469216,1.2305261218248633
C2,69318,3535,SE01/D04_SE01_R01.txt,SE01,D04,1,0,test,11800,12000,-1,1.3933387542271018,1.2305261218248633
C2,69319,3535,SE01/D04_SE01_R01.txt,SE01,D04,1,0,test,11900,12100,-1,1.34323472119948,1.2305261218248633
C2,69320,3535,SE01/D04_SE01_R01.txt,SE01,D04,1,0,test,12000,12200,-1,1.34323472119948,1.2305261218248633
C2,69321,3535,SE01/D04_SE01_R01.txt,SE01,D04,1,0,test,12100,12300,-1,1.3826294915182504,1.2305261218248633
C2,69322,3535,SE01/D04_SE01_R01.txt,SE01,D04,1,0,test,12200,12400,-1,1.3826294915182504,1.2305261218248633
C2,69323,3535,SE01/D04_SE01_R01.txt,SE01,D04,1,0,test,12300,12500,-1,1.3062069691099079,1.2305261218248633
C2,69324,3535,SE01/D04_SE01_R01.txt,SE01,D04,1,0,test,12400,12600,-1,1.4255462914276114,1.2305261218248633
C2,69325,3535,SE01/D04_SE01_R01.txt,SE01,D04,1,0,test,12500,12700,-1,1.4255462914276114,1.2305261218248633
C2,69326,3535,SE01/D04_SE01_R01.txt,SE01,D04,1,0,test,12600,12800,-1,1.3510683678297952,1.2305261218248633
C2,69327,3535,SE01/D04_SE01_R01.txt,SE01,D04,1,0,test,12700,12900,-1,1.3941364484356364,1.2305261218248633
C2,69328,3535,SE01/D04_SE01_R01.txt,SE01,D04,1,0,test,12800,13000,-1,1.4399171452799568,1.2305261218248633
C2,69329,3535,SE01/D04_SE01_R01.txt,SE01,D04,1,0,test,12900,13100,-1,1.4399171452799568,1.2305261218248633
C2,69330,3535,SE01/D04_SE01_R01.txt,SE01,D04,1,0,test,13000,13200,-1,1.42479270985069,1.2305261218248633
C2,69331,3535,SE01/D04_SE01_R01.txt,SE01,D04,1,0,test,13100,13300,-1,1.369363386916862,1.2305261218248633
C2,69332,3535,SE01/D04_SE01_R01.txt,SE01,D04,1,0,test,13200,13400,-1,1.4122790259133953,1.2305261218248633
C2,69333,3535,SE01/D04_SE01_R01.txt,SE01,D04,1,0,test,13300,13500,-1,1.4122790259133953,1.2305261218248633
C2,69334,3535,SE01/D04_SE01_R01.txt,SE01,D04,1,0,test,13400,13600,-1,1.3108704524161134,1.2305261218248633
C2,69335,3535,SE01/D04_SE01_R01.txt,SE01,D04,1,0,test,13500,13700,-1,1.3108704524161134,1.2305261218248633
C2,69336,3535,SE01/D04_SE01_R01.txt,SE01,D04,1,0,test,13600,13800,-1,1.2712265934650007,1.2305261218248633
C2,69338,3535,SE01/D04_SE01_R01.txt,SE01,D04,1,0,test,13800,14000,-1,1.2738473047035972,1.2305261218248633
C2,69339,3535,SE01/D04_SE01_R01.txt,SE01,D04,1,0,test,13900,14100,-1,1.2798121968329685,1.2305261218248633
C2,69340,3535,SE01/D04_SE01_R01.txt,SE01,D04,1,0,test,14000,14200,-1,1.3326191012395208,1.2305261218248633
C2,69341,3535,SE01/D04_SE01_R01.txt,SE01,D04,1,0,test,14100,14300,-1,1.3326191012395208,1.2305261218248633
C2,69342,3535,SE01/D04_SE01_R01.txt,SE01,D04,1,0,test,14200,14400,-1,1.3508045548461365,1.2305261218248633
C2,69343,3535,SE01/D04_SE01_R01.txt,SE01,D04,1,0,test,14300,14500,-1,1.3508045548461365,1.2305261218248633
C2,69344,3535,SE01/D04_SE01_R01.txt,SE01,D04,1,0,test,14400,14600,-1,1.3354531031160353,1.2305261218248633
C2,69345,3535,SE01/D04_SE01_R01.txt,SE01,D04,1,0,test,14500,14700,-1,1.3396089457660805,1.2305261218248633
C2,69346,3535,SE01/D04_SE01_R01.txt,SE01,D04,1,0,test,14600,14800,-1,1.3396089457660805,1.2305261218248633
C2,69347,3535,SE01/D04_SE01_R01.txt,SE01,D04,1,0,test,14700,14900,-1,1.2877826810801927,1.2305261218248633
C2,69348,3535,SE01/D04_SE01_R01.txt,SE01,D04,1,0,test,14800,15000,-1,1.2877826810801927,1.2305261218248633
C2,69349,3535,SE01/D04_SE01_R01.txt,SE01,D04,1,0,test,14900,15100,-1,1.2584948143187251,1.2305261218248633
C2,69350,3535,SE01/D04_SE01_R01.txt,SE01,D04,1,0,test,15000,15200,-1,1.4052312502851962,1.2305261218248633
C2,69351,3535,SE01/D04_SE01_R01.txt,SE01,D04,1,0,test,15100,15300,-1,1.4052312502851962,1.2305261218248633
C2,69352,3535,SE01/D04_SE01_R01.txt,SE01,D04,1,0,test,15200,15400,-1,1.372448064650874,1.2305261218248633
C2,69353,3535,SE01/D04_SE01_R01.txt,SE01,D04,1,0,test,15300,15500,-1,1.3446404927197884,1.2305261218248633
C2,69354,3535,SE01/D04_SE01_R01.txt,SE01,D04,1,0,test,15400,15600,-1,1.4228387533115066,1.2305261218248633
C2,69355,3535,SE01/D04_SE01_R01.txt,SE01,D04,1,0,test,15500,15700,-1,1.4228387533115066,1.2305261218248633
C2,69356,3535,SE01/D04_SE01_R01.txt,SE01,D04,1,0,test,15600,15800,-1,1.3204539361083008,1.2305261218248633
C2,69357,3535,SE01/D04_SE01_R01.txt,SE01,D04,1,0,test,15700,15900,-1,1.4837498152296111,1.2305261218248633
C2,69358,3535,SE01/D04_SE01_R01.txt,SE01,D04,1,0,test,15800,16000,-1,1.4837498152296111,1.2305261218248633
C2,69359,3535,SE01/D04_SE01_R01.txt,SE01,D04,1,0,test,15900,16100,-1,1.3745418024137455,1.2305261218248633
C2,69360,3535,SE01/D04_SE01_R01.txt,SE01,D04,1,0,test,16000,16200,-1,1.3869448148096208,1.2305261218248633
C2,69361,3535,SE01/D04_SE01_R01.txt,SE01,D04,1,0,test,16100,16300,-1,1.3869448148096208,1.2305261218248633
C2,69362,3535,SE01/D04_SE01_R01.txt,SE01,D04,1,0,test,16200,16400,-1,1.42353479202853,1.2305261218248633
C2,69363,3535,SE01/D04_SE01_R01.txt,SE01,D04,1,0,test,16300,16500,-1,1.42353479202853,1.2305261218248633
C2,69364,3535,SE01/D04_SE01_R01.txt,SE01,D04,1,0,test,16400,16600,-1,1.2896095259673532,1.2305261218248633
C2,69365,3535,SE01/D04_SE01_R01.txt,SE01,D04,1,0,test,16500,16700,-1,1.3882782643846912,1.2305261218248633
C2,69366,3535,SE01/D04_SE01_R01.txt,SE01,D04,1,0,test,16600,16800,-1,1.3882782643846912,1.2305261218248633
C2,69367,3535,SE01/D04_SE01_R01.txt,SE01,D04,1,0,test,16700,16900,-1,1.3583823979208827,1.2305261218248633
C2,69368,3535,SE01/D04_SE01_R01.txt,SE01,D04,1,0,test,16800,17000,-1,1.4106080434016768,1.2305261218248633
C2,69369,3535,SE01/D04_SE01_R01.txt,SE01,D04,1,0,test,16900,17100,-1,1.422127156445469,1.2305261218248633
C2,69370,3535,SE01/D04_SE01_R01.txt,SE01,D04,1,0,test,17000,17200,-1,1.5519393242954516,1.2305261218248633
C2,69371,3535,SE01/D04_SE01_R01.txt,SE01,D04,1,0,test,17100,17300,-1,1.5519393242954516,1.2305261218248633
C2,69372,3535,SE01/D04_SE01_R01.txt,SE01,D04,1,0,test,17200,17400,-1,1.4910024212165867,1.2305261218248633
C2,69373,3535,SE01/D04_SE01_R01.txt,SE01,D04,1,0,test,17300,17500,-1,1.4300282265797846,1.2305261218248633
C2,69374,3535,SE01/D04_SE01_R01.txt,SE01,D04,1,0,test,17400,17600,-1,1.2637129327300953,1.2305261218248633
C2,69375,3535,SE01/D04_SE01_R01.txt,SE01,D04,1,0,test,17500,17700,-1,1.3644266458605812,1.2305261218248633
C2,69376,3535,SE01/D04_SE01_R01.txt,SE01,D04,1,0,test,17600,17800,-1,1.3644266458605812,1.2305261218248633
C2,69377,3535,SE01/D04_SE01_R01.txt,SE01,D04,1,0,test,17700,17900,-1,1.328264185803037,1.2305261218248633
C2,69378,3535,SE01/D04_SE01_R01.txt,SE01,D04,1,0,test,17800,18000,-1,1.328264185803037,1.2305261218248633
C2,69379,3535,SE01/D04_SE01_R01.txt,SE01,D04,1,0,test,17900,18100,-1,1.3181245686961813,1.2305261218248633
C2,69380,3535,SE01/D04_SE01_R01.txt,SE01,D04,1,0,test,18000,18200,-1,1.2798951199367852,1.2305261218248633
C2,69381,3535,SE01/D04_SE01_R01.txt,SE01,D04,1,0,test,18100,18300,-1,1.2801239027654407,1.2305261218248633
C2,69382,3535,SE01/D04_SE01_R01.txt,SE01,D04,1,0,test,18200,18400,-1,1.2930668274848796,1.2305261218248633
C2,69383,3535,SE01/D04_SE01_R01.txt,SE01,D04,1,0,test,18300,18500,-1,1.2930668274848796,1.2305261218248633
C2,69384,3535,SE01/D04_SE01_R01.txt,SE01,D04,1,0,test,18400,18600,-1,1.2918931375746414,1.2305261218248633
C2,69385,3535,SE01/D04_SE01_R01.txt,SE01,D04,1,0,test,18500,18700,-1,1.320993255437507,1.2305261218248633
C2,69386,3535,SE01/D04_SE01_R01.txt,SE01,D04,1,0,test,18600,18800,-1,1.320993255437507,1.2305261218248633
C2,69387,3535,SE01/D04_SE01_R01.txt,SE01,D04,1,0,test,18700,18900,-1,1.3306394783505875,1.2305261218248633
C2,69388,3535,SE01/D04_SE01_R01.txt,SE01,D04,1,0,test,18800,19000,-1,1.3306394783505875,1.2305261218248633
C2,69389,3535,SE01/D04_SE01_R01.txt,SE01,D04,1,0,test,18900,19100,-1,1.4816956840220832,1.2305261218248633
C2,69390,3535,SE01/D04_SE01_R01.txt,SE01,D04,1,0,test,19000,19200,-1,1.4816956840220832,1.2305261218248633
C2,69391,3535,SE01/D04_SE01_R01.txt,SE01,D04,1,0,test,19100,19300,-1,1.3506290235845215,1.2305261218248633
C2,69392,3535,SE01/D04_SE01_R01.txt,SE01,D04,1,0,test,19200,19400,-1,1.406003158808887,1.2305261218248633
C2,69393,3535,SE01/D04_SE01_R01.txt,SE01,D04,1,0,test,19300,19500,-1,1.406003158808887,1.2305261218248633
C2,69394,3535,SE01/D04_SE01_R01.txt,SE01,D04,1,0,test,19400,19600,-1,1.332760513978407,1.2305261218248633
C2,69395,3535,SE01/D04_SE01_R01.txt,SE01,D04,1,0,test,19500,19700,-1,1.3554132539231885,1.2305261218248633
C2,69396,3535,SE01/D04_SE01_R01.txt,SE01,D04,1,0,test,19600,19800,-1,1.3554132539231885,1.2305261218248633
C2,69397,3535,SE01/D04_SE01_R01.txt,SE01,D04,1,0,test,19700,19900,-1,1.3021227011442165,1.2305261218248633
C2,69398,3535,SE01/D04_SE01_R01.txt,SE01,D04,1,0,test,19800,20000,-1,1.3192701952979076,1.2305261218248633
C2,69399,3535,SE01/D04_SE01_R01.txt,SE01,D04,1,0,test,19900,20100,-1,1.356757308913376,1.2305261218248633
C2,69400,3535,SE01/D04_SE01_R01.txt,SE01,D04,1,0,test,20000,20200,-1,1.356757308913376,1.2305261218248633
C2,69401,3535,SE01/D04_SE01_R01.txt,SE01,D04,1,0,test,20100,20300,-1,1.306320639438059,1.2305261218248633
C2,69402,3535,SE01/D04_SE01_R01.txt,SE01,D04,1,0,test,20200,20400,-1,1.306320639438059,1.2305261218248633
C2,69403,3535,SE01/D04_SE01_R01.txt,SE01,D04,1,0,test,20300,20500,-1,1.3051067348837042,1.2305261218248633
C2,69404,3535,SE01/D04_SE01_R01.txt,SE01,D04,1,0,test,20400,20600,-1,1.3824879477673753,1.2305261218248633
C2,69405,3535,SE01/D04_SE01_R01.txt,SE01,D04,1,0,test,20500,20700,-1,1.3824879477673753,1.2305261218248633
C2,69406,3535,SE01/D04_SE01_R01.txt,SE01,D04,1,0,test,20600,20800,-1,1.3665266330795813,1.2305261218248633
C2,69407,3535,SE01/D04_SE01_R01.txt,SE01,D04,1,0,test,20700,20900,-1,1.359878747615655,1.2305261218248633
C2,69408,3535,SE01/D04_SE01_R01.txt,SE01,D04,1,0,test,20800,21000,-1,1.359878747615655,1.2305261218248633
C2,69409,3535,SE01/D04_SE01_R01.txt,SE01,D04,1,0,test,20900,21100,-1,1.3044595132844916,1.2305261218248633
C2,69410,3535,SE01/D04_SE01_R01.txt,SE01,D04,1,0,test,21000,21200,-1,1.2917289401101324,1.2305261218248633
C2,69411,3535,SE01/D04_SE01_R01.txt,SE01,D04,1,0,test,21100,21300,-1,1.2652348493979606,1.2305261218248633
C2,69412,3535,SE01/D04_SE01_R01.txt,SE01,D04,1,0,test,21200,21400,-1,1.3117048671997413,1.2305261218248633
C2,69413,3535,SE01/D04_SE01_R01.txt,SE01,D04,1,0,test,21300,21500,-1,1.3288801997700599,1.2305261218248633
C2,69414,3535,SE01/D04_SE01_R01.txt,SE01,D04,1,0,test,21400,21600,-1,1.3288801997700599,1.2305261218248633
C2,69415,3535,SE01/D04_SE01_R01.txt,SE01,D04,1,0,test,21500,21700,-1,1.2865474255373697,1.2305261218248633
C2,69416,3535,SE01/D04_SE01_R01.txt,SE01,D04,1,0,test,21600,21800,-1,1.2865474255373697,1.2305261218248633
C2,69417,3535,SE01/D04_SE01_R01.txt,SE01,D04,1,0,test,21700,21900,-1,1.3508042273222876,1.2305261218248633
C2,69418,3535,SE01/D04_SE01_R01.txt,SE01,D04,1,0,test,21800,22000,-1,1.383619909372139,1.2305261218248633
C2,69419,3535,SE01/D04_SE01_R01.txt,SE01,D04,1,0,test,21900,22100,-1,1.383619909372139,1.2305261218248633
C2,69420,3535,SE01/D04_SE01_R01.txt,SE01,D04,1,0,test,22000,22200,-1,1.2837534754742923,1.2305261218248633
C2,69421,3535,SE01/D04_SE01_R01.txt,SE01,D04,1,0,test,22100,22300,-1,1.3054892598527927,1.2305261218248633
C2,69422,3535,SE01/D04_SE01_R01.txt,SE01,D04,1,0,test,22200,22400,-1,1.3329042762587013,1.2305261218248633
C2,69423,3535,SE01/D04_SE01_R01.txt,SE01,D04,1,0,test,22300,22500,-1,1.3329042762587013,1.2305261218248633
C2,69424,3535,SE01/D04_SE01_R01.txt,SE01,D04,1,0,test,22400,22600,-1,1.374937878737531,1.2305261218248633
C2,69425,3535,SE01/D04_SE01_R01.txt,SE01,D04,1,0,test,22500,22700,-1,1.374937878737531,1.2305261218248633
C2,69426,3535,SE01/D04_SE01_R01.txt,SE01,D04,1,0,test,22600,22800,-1,1.326520832292261,1.2305261218248633
C2,69427,3535,SE01/D04_SE01_R01.txt,SE01,D04,1,0,test,22700,22900,-1,1.3688964868626148,1.2305261218248633
C2,69428,3535,SE01/D04_SE01_R01.txt,SE01,D04,1,0,test,22800,23000,-1,1.3688964868626148,1.2305261218248633
C2,69429,3535,SE01/D04_SE01_R01.txt,SE01,D04,1,0,test,22900,23100,-1,1.4114602374366423,1.2305261218248633
C2,69430,3535,SE01/D04_SE01_R01.txt,SE01,D04,1,0,test,23000,23200,-1,1.4114602374366423,1.2305261218248633
C2,69431,3535,SE01/D04_SE01_R01.txt,SE01,D04,1,0,test,23100,23300,-1,1.341550391776159,1.2305261218248633
C2,69432,3535,SE01/D04_SE01_R01.txt,SE01,D04,1,0,test,23200,23400,-1,1.3565205302365533,1.2305261218248633
C2,69433,3535,SE01/D04_SE01_R01.txt,SE01,D04,1,0,test,23300,23500,-1,1.3565205302365533,1.2305261218248633
C2,69434,3535,SE01/D04_SE01_R01.txt,SE01,D04,1,0,test,23400,23600,-1,1.3252517305328135,1.2305261218248633
C2,69435,3535,SE01/D04_SE01_R01.txt,SE01,D04,1,0,test,23500,23700,-1,1.3494387846976537,1.2305261218248633
C2,69436,3535,SE01/D04_SE01_R01.txt,SE01,D04,1,0,test,23600,23800,-1,1.3494387846976537,1.2305261218248633
C2,69437,3535,SE01/D04_SE01_R01.txt,SE01,D04,1,0,test,23700,23900,-1,1.2412261533102624,1.2305261218248633
C2,69438,3535,SE01/D04_SE01_R01.txt,SE01,D04,1,0,test,23800,24000,-1,1.467921410900355,1.2305261218248633
C2,69439,3535,SE01/D04_SE01_R01.txt,SE01,D04,1,0,test,23900,24100,-1,1.467921410900355,1.2305261218248633
C2,69440,3535,SE01/D04_SE01_R01.txt,SE01,D04,1,0,test,24000,24200,-1,1.3665293317234646,1.2305261218248633
C2,69441,3535,SE01/D04_SE01_R01.txt,SE01,D04,1,0,test,24100,24300,-1,1.405169602327427,1.2305261218248633
C2,69442,3535,SE01/D04_SE01_R01.txt,SE01,D04,1,0,test,24200,24400,-1,1.405169602327427,1.2305261218248633
C2,69443,3535,SE01/D04_SE01_R01.txt,SE01,D04,1,0,test,24300,24500,-1,1.3654308179132586,1.2305261218248633
C2,69444,3535,SE01/D04_SE01_R01.txt,SE01,D04,1,0,test,24400,24600,-1,1.3663321096366468,1.2305261218248633
C2,69445,3535,SE01/D04_SE01_R01.txt,SE01,D04,1,0,test,24500,24700,-1,1.3663321096366468,1.2305261218248633
C2,69446,3535,SE01/D04_SE01_R01.txt,SE01,D04,1,0,test,24600,24800,-1,1.445319034993687,1.2305261218248633
C2,69447,3535,SE01/D04_SE01_R01.txt,SE01,D04,1,0,test,24700,24900,-1,1.445319034993687,1.2305261218248633
C2,69448,3535,SE01/D04_SE01_R01.txt,SE01,D04,1,0,test,24800,25000,-1,1.4241734553295569,1.2305261218248633
C2,69449,3535,SE01/D04_SE01_R01.txt,SE01,D04,1,0,test,24900,25100,-1,1.4221722033194506,1.2305261218248633
C2,69450,3535,SE01/D04_SE01_R01.txt,SE01,D04,1,0,test,25000,25200,-1,1.4221722033194506,1.2305261218248633
C2,69451,3535,SE01/D04_SE01_R01.txt,SE01,D04,1,0,test,25100,25300,-1,1.3846661993303981,1.2305261218248633
C2,69452,3535,SE01/D04_SE01_R01.txt,SE01,D04,1,0,test,25200,25400,-1,1.3846661993303981,1.2305261218248633
C2,69453,3535,SE01/D04_SE01_R01.txt,SE01,D04,1,0,test,25300,25500,-1,1.3059289255417268,1.2305261218248633
C2,69454,3535,SE01/D04_SE01_R01.txt,SE01,D04,1,0,test,25400,25600,-1,1.2967068558181967,1.2305261218248633
C2,69455,3535,SE01/D04_SE01_R01.txt,SE01,D04,1,0,test,25500,25700,-1,1.2981406484157652,1.2305261218248633
C2,69456,3535,SE01/D04_SE01_R01.txt,SE01,D04,1,0,test,25600,25800,-1,1.3205636646049204,1.2305261218248633
C2,69457,3535,SE01/D04_SE01_R01.txt,SE01,D04,1,0,test,25700,25900,-1,1.3205636646049204,1.2305261218248633
C2,69458,3535,SE01/D04_SE01_R01.txt,SE01,D04,1,0,test,25800,26000,-1,1.3954195946621186,1.2305261218248633
C2,69459,3535,SE01/D04_SE01_R01.txt,SE01,D04,1,0,test,25900,26100,-1,1.3954195946621186,1.2305261218248633
C2,69460,3535,SE01/D04_SE01_R01.txt,SE01,D04,1,0,test,26000,26200,-1,1.357544381221731,1.2305261218248633
C2,69461,3535,SE01/D04_SE01_R01.txt,SE01,D04,1,0,test,26100,26300,-1,1.3918319104321473,1.2305261218248633
C2,69462,3535,SE01/D04_SE01_R01.txt,SE01,D04,1,0,test,26200,26400,-1,1.3918319104321473,1.2305261218248633
C2,69463,3535,SE01/D04_SE01_R01.txt,SE01,D04,1,0,test,26300,26500,-1,1.2364617425876643,1.2305261218248633
C2,69464,3535,SE01/D04_SE01_R01.txt,SE01,D04,1,0,test,26400,26600,-1,1.3447236455975924,1.2305261218248633
C2,69465,3535,SE01/D04_SE01_R01.txt,SE01,D04,1,0,test,26500,26700,-1,1.3447236455975924,1.2305261218248633
C2,69466,3535,SE01/D04_SE01_R01.txt,SE01,D04,1,0,test,26600,26800,-1,1.2949099246871871,1.2305261218248633
C2,69467,3535,SE01/D04_SE01_R01.txt,SE01,D04,1,0,test,26700,26900,-1,1.3112627539620152,1.2305261218248633
C2,69468,3535,SE01/D04_SE01_R01.txt,SE01,D04,1,0,test,26800,27000,-1,1.3112627539620152,1.2305261218248633
C2,69469,3535,SE01/D04_SE01_R01.txt,SE01,D04,1,0,test,26900,27100,-1,1.3702090840112278,1.2305261218248633
C2,69470,3535,SE01/D04_SE01_R01.txt,SE01,D04,1,0,test,27000,27200,-1,1.3702090840112278,1.2305261218248633
C2,69471,3535,SE01/D04_SE01_R01.txt,SE01,D04,1,0,test,27100,27300,-1,1.2982203402541788,1.2305261218248633
C2,69472,3535,SE01/D04_SE01_R01.txt,SE01,D04,1,0,test,27200,27400,-1,1.3524765289717784,1.2305261218248633
C2,69473,3535,SE01/D04_SE01_R01.txt,SE01,D04,1,0,test,27300,27500,-1,1.3524765289717784,1.2305261218248633
C2,69474,3535,SE01/D04_SE01_R01.txt,SE01,D04,1,0,test,27400,27600,-1,1.3572791281299754,1.2305261218248633
C2,69475,3535,SE01/D04_SE01_R01.txt,SE01,D04,1,0,test,27500,27700,-1,1.3733218335251145,1.2305261218248633
C2,69476,3535,SE01/D04_SE01_R01.txt,SE01,D04,1,0,test,27600,27800,-1,1.3733218335251145,1.2305261218248633
C2,69477,3535,SE01/D04_SE01_R01.txt,SE01,D04,1,0,test,27700,27900,-1,1.3213942811360637,1.2305261218248633
C2,69478,3535,SE01/D04_SE01_R01.txt,SE01,D04,1,0,test,27800,28000,-1,1.3408152373740763,1.2305261218248633
C2,69479,3535,SE01/D04_SE01_R01.txt,SE01,D04,1,0,test,27900,28100,-1,1.3408152373740763,1.2305261218248633
C2,69480,3535,SE01/D04_SE01_R01.txt,SE01,D04,1,0,test,28000,28200,-1,1.3054919334611506,1.2305261218248633
C2,69481,3535,SE01/D04_SE01_R01.txt,SE01,D04,1,0,test,28100,28300,-1,1.3257657905878462,1.2305261218248633
C2,69482,3535,SE01/D04_SE01_R01.txt,SE01,D04,1,0,test,28200,28400,-1,1.3257657905878462,1.2305261218248633
C2,69483,3535,SE01/D04_SE01_R01.txt,SE01,D04,1,0,test,28300,28500,-1,1.2868006539974308,1.2305261218248633
C2,69484,3535,SE01/D04_SE01_R01.txt,SE01,D04,1,0,test,28400,28600,-1,1.3877860239987774,1.2305261218248633
C2,69485,3535,SE01/D04_SE01_R01.txt,SE01,D04,1,0,test,28500,28700,-1,1.3877860239987774,1.2305261218248633
C2,69486,3535,SE01/D04_SE01_R01.txt,SE01,D04,1,0,test,28600,28800,-1,1.3028074517829513,1.2305261218248633
C2,69487,3535,SE01/D04_SE01_R01.txt,SE01,D04,1,0,test,28700,28900,-1,1.3636003192404411,1.2305261218248633
C2,69488,3535,SE01/D04_SE01_R01.txt,SE01,D04,1,0,test,28800,29000,-1,1.4587183488100115,1.2305261218248633
C2,69489,3535,SE01/D04_SE01_R01.txt,SE01,D04,1,0,test,28900,29100,-1,1.4587183488100115,1.2305261218248633
C2,69490,3535,SE01/D04_SE01_R01.txt,SE01,D04,1,0,test,29000,29200,-1,1.363514550604683,1.2305261218248633
C2,69491,3535,SE01/D04_SE01_R01.txt,SE01,D04,1,0,test,29100,29300,-1,1.363514550604683,1.2305261218248633
C2,69492,3535,SE01/D04_SE01_R01.txt,SE01,D04,1,0,test,29200,29400,-1,1.3422865300182782,1.2305261218248633
C2,69493,3535,SE01/D04_SE01_R01.txt,SE01,D04,1,0,test,29300,29500,-1,1.3422865300182782,1.2305261218248633
C2,69494,3535,SE01/D04_SE01_R01.txt,SE01,D04,1,0,test,29400,29600,-1,1.2860161984657001,1.2305261218248633
C2,69495,3535,SE01/D04_SE01_R01.txt,SE01,D04,1,0,test,29500,29700,-1,1.308911058384988,1.2305261218248633
C2,69496,3535,SE01/D04_SE01_R01.txt,SE01,D04,1,0,test,29600,29800,-1,1.308911058384988,1.2305261218248633
C2,69500,3535,SE01/D04_SE01_R01.txt,SE01,D04,1,0,test,30000,30200,-1,1.3177434469301372,1.2305261218248633
C2,69501,3535,SE01/D04_SE01_R01.txt,SE01,D04,1,0,test,30100,30300,-1,1.3177434469301372,1.2305261218248633
C2,69502,3535,SE01/D04_SE01_R01.txt,SE01,D04,1,0,test,30200,30400,-1,1.4684046977470047,1.2305261218248633
C2,69503,3535,SE01/D04_SE01_R01.txt,SE01,D04,1,0,test,30300,30500,-1,1.4684046977470047,1.2305261218248633
C2,69504,3535,SE01/D04_SE01_R01.txt,SE01,D04,1,0,test,30400,30600,-1,1.46625713165351,1.2305261218248633
C2,69505,3535,SE01/D04_SE01_R01.txt,SE01,D04,1,0,test,30500,30700,-1,1.4844770786851325,1.2305261218248633
C2,69506,3535,SE01/D04_SE01_R01.txt,SE01,D04,1,0,test,30600,30800,-1,1.4844770786851325,1.2305261218248633
C2,69507,3535,SE01/D04_SE01_R01.txt,SE01,D04,1,0,test,30700,30900,-1,1.3650466188185386,1.2305261218248633
C2,69508,3535,SE01/D04_SE01_R01.txt,SE01,D04,1,0,test,30800,31000,-1,1.4036187095708599,1.2305261218248633
C2,69509,3535,SE01/D04_SE01_R01.txt,SE01,D04,1,0,test,30900,31100,-1,1.4383975945567167,1.2305261218248633
C2,69510,3535,SE01/D04_SE01_R01.txt,SE01,D04,1,0,test,31000,31200,-1,1.4383975945567167,1.2305261218248633
C2,69511,3535,SE01/D04_SE01_R01.txt,SE01,D04,1,0,test,31100,31300,-1,1.3633063531542284,1.2305261218248633
C2,69512,3535,SE01/D04_SE01_R01.txt,SE01,D04,1,0,test,31200,31400,-1,1.4546378737288341,1.2305261218248633
C2,69513,3535,SE01/D04_SE01_R01.txt,SE01,D04,1,0,test,31300,31500,-1,1.4546378737288341,1.2305261218248633
C2,69514,3535,SE01/D04_SE01_R01.txt,SE01,D04,1,0,test,31400,31600,-1,1.3231668114664195,1.2305261218248633
C2,69515,3535,SE01/D04_SE01_R01.txt,SE01,D04,1,0,test,31500,31700,-1,1.484641081662717,1.2305261218248633
C2,69516,3535,SE01/D04_SE01_R01.txt,SE01,D04,1,0,test,31600,31800,-1,1.484641081662717,1.2305261218248633
C2,69517,3535,SE01/D04_SE01_R01.txt,SE01,D04,1,0,test,31700,31900,-1,1.4595118310324906,1.2305261218248633
C2,69518,3535,SE01/D04_SE01_R01.txt,SE01,D04,1,0,test,31800,32000,-1,1.461465296422946,1.2305261218248633
C2,69519,3535,SE01/D04_SE01_R01.txt,SE01,D04,1,0,test,31900,32100,-1,1.461465296422946,1.2305261218248633
C2,69520,3535,SE01/D04_SE01_R01.txt,SE01,D04,1,0,test,32000,32200,-1,1.3904394472316857,1.2305261218248633
C2,69521,3535,SE01/D04_SE01_R01.txt,SE01,D04,1,0,test,32100,32300,-1,1.3497145701187465,1.2305261218248633
C2,69522,3535,SE01/D04_SE01_R01.txt,SE01,D04,1,0,test,32200,32400,-1,1.4207480845035776,1.2305261218248633
C2,69523,3535,SE01/D04_SE01_R01.txt,SE01,D04,1,0,test,32300,32500,-1,1.4207480845035776,1.2305261218248633
C2,69524,3535,SE01/D04_SE01_R01.txt,SE01,D04,1,0,test,32400,32600,-1,1.3251692158067165,1.2305261218248633
C2,69526,3535,SE01/D04_SE01_R01.txt,SE01,D04,1,0,test,32600,32800,-1,1.27921707255759,1.2305261218248633
C2,69527,3535,SE01/D04_SE01_R01.txt,SE01,D04,1,0,test,32700,32900,-1,1.4154208943003743,1.2305261218248633
C2,69528,3535,SE01/D04_SE01_R01.txt,SE01,D04,1,0,test,32800,33000,-1,1.4154208943003743,1.2305261218248633
C2,69529,3535,SE01/D04_SE01_R01.txt,SE01,D04,1,0,test,32900,33100,-1,1.2986194723110718,1.2305261218248633
C2,69530,3535,SE01/D04_SE01_R01.txt,SE01,D04,1,0,test,33000,33200,-1,1.3606332822280105,1.2305261218248633
C2,69531,3535,SE01/D04_SE01_R01.txt,SE01,D04,1,0,test,33100,33300,-1,1.3606332822280105,1.2305261218248633
C2,69532,3535,SE01/D04_SE01_R01.txt,SE01,D04,1,0,test,33200,33400,-1,1.4027893148697992,1.2305261218248633
C2,69533,3535,SE01/D04_SE01_R01.txt,SE01,D04,1,0,test,33300,33500,-1,1.4027893148697992,1.2305261218248633
C2,69534,3535,SE01/D04_SE01_R01.txt,SE01,D04,1,0,test,33400,33600,-1,1.397474432380373,1.2305261218248633
C2,69535,3535,SE01/D04_SE01_R01.txt,SE01,D04,1,0,test,33500,33700,-1,1.3632766266173577,1.2305261218248633
C2,69536,3535,SE01/D04_SE01_R01.txt,SE01,D04,1,0,test,33600,33800,-1,1.386070295834296,1.2305261218248633
C2,69537,3535,SE01/D04_SE01_R01.txt,SE01,D04,1,0,test,33700,33900,-1,1.386070295834296,1.2305261218248633
C2,69538,3535,SE01/D04_SE01_R01.txt,SE01,D04,1,0,test,33800,34000,-1,1.2731307252401154,1.2305261218248633
C2,69539,3535,SE01/D04_SE01_R01.txt,SE01,D04,1,0,test,33900,34100,-1,1.4112750886500227,1.2305261218248633
C2,69540,3535,SE01/D04_SE01_R01.txt,SE01,D04,1,0,test,34000,34200,-1,1.4112750886500227,1.2305261218248633
C2,69541,3535,SE01/D04_SE01_R01.txt,SE01,D04,1,0,test,34100,34300,-1,1.3350510554765507,1.2305261218248633
C2,69542,3535,SE01/D04_SE01_R01.txt,SE01,D04,1,0,test,34200,34400,-1,1.4544127742054995,1.2305261218248633
C2,69543,3535,SE01/D04_SE01_R01.txt,SE01,D04,1,0,test,34300,34500,-1,1.4544127742054995,1.2305261218248633
C2,69544,3535,SE01/D04_SE01_R01.txt,SE01,D04,1,0,test,34400,34600,-1,1.3641618130317812,1.2305261218248633
C2,69545,3535,SE01/D04_SE01_R01.txt,SE01,D04,1,0,test,34500,34700,-1,1.3641618130317812,1.2305261218248633
C2,69546,3535,SE01/D04_SE01_R01.txt,SE01,D04,1,0,test,34600,34800,-1,1.3501345142283565,1.2305261218248633
C2,69547,3535,SE01/D04_SE01_R01.txt,SE01,D04,1,0,test,34700,34900,-1,1.4081010818057575,1.2305261218248633
C2,69548,3535,SE01/D04_SE01_R01.txt,SE01,D04,1,0,test,34800,35000,-1,1.4081010818057575,1.2305261218248633
C2,69549,3535,SE01/D04_SE01_R01.txt,SE01,D04,1,0,test,34900,35100,-1,1.3872800032170889,1.2305261218248633
C2,69550,3535,SE01/D04_SE01_R01.txt,SE01,D04,1,0,test,35000,35200,-1,1.3894220414186682,1.2305261218248633
C2,69551,3535,SE01/D04_SE01_R01.txt,SE01,D04,1,0,test,35100,35300,-1,1.3894220414186682,1.2305261218248633
C2,69552,3535,SE01/D04_SE01_R01.txt,SE01,D04,1,0,test,35200,35400,-1,1.397857543119331,1.2305261218248633
C2,69553,3535,SE01/D04_SE01_R01.txt,SE01,D04,1,0,test,35300,35500,-1,1.427662491896666,1.2305261218248633
C2,69554,3535,SE01/D04_SE01_R01.txt,SE01,D04,1,0,test,35400,35600,-1,1.427662491896666,1.2305261218248633
C2,69555,3535,SE01/D04_SE01_R01.txt,SE01,D04,1,0,test,35500,35700,-1,1.309060743320542,1.2305261218248633
C2,69556,3535,SE01/D04_SE01_R01.txt,SE01,D04,1,0,test,35600,35800,-1,1.466322074993926,1.2305261218248633
C2,69557,3535,SE01/D04_SE01_R01.txt,SE01,D04,1,0,test,35700,35900,-1,1.466322074993926,1.2305261218248633
C2,70060,3552,SE01/D09_SE01_R02.txt,SE01,D09,2,0,test,500,700,-1,1.24006891878177,1.2305261218248633
C2,70061,3552,SE01/D09_SE01_R02.txt,SE01,D09,2,0,test,600,800,-1,1.24006891878177,1.2305261218248633
C2,70514,3572,SE01/D14_SE01_R02.txt,SE01,D14,2,0,test,1600,1800,-1,1.248385834035247,1.2305261218248633
C2,70515,3572,SE01/D14_SE01_R02.txt,SE01,D14,2,0,test,1700,1900,-1,1.248385834035247,1.2305261218248633
C2,70539,3573,SE01/D14_SE01_R03.txt,SE01,D14,3,0,test,1800,2000,-1,1.2320205402721371,1.2305261218248633
C2,70540,3573,SE01/D14_SE01_R03.txt,SE01,D14,3,0,test,1900,2100,-1,1.2320205402721371,1.2305261218248633
C2,70551,3574,SE01/D14_SE01_R04.txt,SE01,D14,4,0,test,700,900,-1,1.2529143365250561,1.2305261218248633
C2,70552,3574,SE01/D14_SE01_R04.txt,SE01,D14,4,0,test,800,1000,-1,1.2529143365250561,1.2305261218248633
C2,75742,3701,SE04/D04_SE04_R01.txt,SE04,D04,1,0,test,1200,1400,-1,1.236185299679004,1.2305261218248633
C2,75743,3701,SE04/D04_SE04_R01.txt,SE04,D04,1,0,test,1300,1500,-1,1.236185299679004,1.2305261218248633
C2,75754,3701,SE04/D04_SE04_R01.txt,SE04,D04,1,0,test,2400,2600,-1,1.3261474898674261,1.2305261218248633
C2,75755,3701,SE04/D04_SE04_R01.txt,SE04,D04,1,0,test,2500,2700,-1,1.3261474898674261,1.2305261218248633
C2,75756,3701,SE04/D04_SE04_R01.txt,SE04,D04,1,0,test,2600,2800,-1,1.3270558821883087,1.2305261218248633
C2,75757,3701,SE04/D04_SE04_R01.txt,SE04,D04,1,0,test,2700,2900,-1,1.3270558821883087,1.2305261218248633
C2,75758,3701,SE04/D04_SE04_R01.txt,SE04,D04,1,0,test,2800,3000,-1,1.2616647818629103,1.2305261218248633
C2,75759,3701,SE04/D04_SE04_R01.txt,SE04,D04,1,0,test,2900,3100,-1,1.3506888080081845,1.2305261218248633
C2,75760,3701,SE04/D04_SE04_R01.txt,SE04,D04,1,0,test,3000,3200,-1,1.4231105750023685,1.2305261218248633
C2,75761,3701,SE04/D04_SE04_R01.txt,SE04,D04,1,0,test,3100,3300,-1,1.4231105750023685,1.2305261218248633
C2,75762,3701,SE04/D04_SE04_R01.txt,SE04,D04,1,0,test,3200,3400,-1,1.3395867572098554,1.2305261218248633
C2,75763,3701,SE04/D04_SE04_R01.txt,SE04,D04,1,0,test,3300,3500,-1,1.343743171978116,1.2305261218248633
C2,75764,3701,SE04/D04_SE04_R01.txt,SE04,D04,1,0,test,3400,3600,-1,1.343743171978116,1.2305261218248633
C2,75767,3701,SE04/D04_SE04_R01.txt,SE04,D04,1,0,test,3700,3900,-1,1.4455339156569071,1.2305261218248633
C2,75768,3701,SE04/D04_SE04_R01.txt,SE04,D04,1,0,test,3800,4000,-1,1.4455339156569071,1.2305261218248633
C2,75769,3701,SE04/D04_SE04_R01.txt,SE04,D04,1,0,test,3900,4100,-1,1.2564346982657517,1.2305261218248633
C2,75770,3701,SE04/D04_SE04_R01.txt,SE04,D04,1,0,test,4000,4200,-1,1.3148489797982081,1.2305261218248633
C2,75771,3701,SE04/D04_SE04_R01.txt,SE04,D04,1,0,test,4100,4300,-1,1.3148489797982081,1.2305261218248633
C2,75772,3701,SE04/D04_SE04_R01.txt,SE04,D04,1,0,test,4200,4400,-1,1.519654498318741,1.2305261218248633
C2,75773,3701,SE04/D04_SE04_R01.txt,SE04,D04,1,0,test,4300,4500,-1,1.519654498318741,1.2305261218248633
C2,75774,3701,SE04/D04_SE04_R01.txt,SE04,D04,1,0,test,4400,4600,-1,1.3303399331931243,1.2305261218248633
C2,75775,3701,SE04/D04_SE04_R01.txt,SE04,D04,1,0,test,4500,4700,-1,1.611363551181734,1.2305261218248633
C2,75776,3701,SE04/D04_SE04_R01.txt,SE04,D04,1,0,test,4600,4800,-1,1.611363551181734,1.2305261218248633
C2,75777,3701,SE04/D04_SE04_R01.txt,SE04,D04,1,0,test,4700,4900,-1,1.2346922160339262,1.2305261218248633
C2,75778,3701,SE04/D04_SE04_R01.txt,SE04,D04,1,0,test,4800,5000,-1,1.3118275783457671,1.2305261218248633
C2,75779,3701,SE04/D04_SE04_R01.txt,SE04,D04,1,0,test,4900,5100,-1,1.422076238322839,1.2305261218248633
C2,75780,3701,SE04/D04_SE04_R01.txt,SE04,D04,1,0,test,5000,5200,-1,1.422076238322839,1.2305261218248633
C2,75782,3701,SE04/D04_SE04_R01.txt,SE04,D04,1,0,test,5200,5400,-1,1.3392808039809347,1.2305261218248633
C2,75783,3701,SE04/D04_SE04_R01.txt,SE04,D04,1,0,test,5300,5500,-1,1.3392808039809347,1.2305261218248633
C2,75784,3701,SE04/D04_SE04_R01.txt,SE04,D04,1,0,test,5400,5600,-1,1.234648468518637,1.2305261218248633
C2,75785,3701,SE04/D04_SE04_R01.txt,SE04,D04,1,0,test,5500,5700,-1,1.371643858676195,1.2305261218248633
C2,75786,3701,SE04/D04_SE04_R01.txt,SE04,D04,1,0,test,5600,5800,-1,1.3793995806811479,1.2305261218248633
C2,75787,3701,SE04/D04_SE04_R01.txt,SE04,D04,1,0,test,5700,5900,-1,1.3793995806811479,1.2305261218248633
C2,75788,3701,SE04/D04_SE04_R01.txt,SE04,D04,1,0,test,5800,6000,-1,1.318846911580996,1.2305261218248633
C2,75789,3701,SE04/D04_SE04_R01.txt,SE04,D04,1,0,test,5900,6100,-1,1.4373741289362711,1.2305261218248633
C2,75790,3701,SE04/D04_SE04_R01.txt,SE04,D04,1,0,test,6000,6200,-1,1.4373741289362711,1.2305261218248633
C2,75791,3701,SE04/D04_SE04_R01.txt,SE04,D04,1,0,test,6100,6300,-1,1.322498099586518,1.2305261218248633
C2,75792,3701,SE04/D04_SE04_R01.txt,SE04,D04,1,0,test,6200,6400,-1,1.4155184682893698,1.2305261218248633
C2,75793,3701,SE04/D04_SE04_R01.txt,SE04,D04,1,0,test,6300,6500,-1,1.4155184682893698,1.2305261218248633
C2,75794,3701,SE04/D04_SE04_R01.txt,SE04,D04,1,0,test,6400,6600,-1,1.4217502103024202,1.2305261218248633
C2,75795,3701,SE04/D04_SE04_R01.txt,SE04,D04,1,0,test,6500,6700,-1,1.4217502103024202,1.2305261218248633
C2,75799,3701,SE04/D04_SE04_R01.txt,SE04,D04,1,0,test,6900,7100,-1,1.3389632381298733,1.2305261218248633
C2,75800,3701,SE04/D04_SE04_R01.txt,SE04,D04,1,0,test,7000,7200,-1,1.3389632381298733,1.2305261218248633
C2,75804,3701,SE04/D04_SE04_R01.txt,SE04,D04,1,0,test,7400,7600,-1,1.2730605566817548,1.2305261218248633
C2,75805,3701,SE04/D04_SE04_R01.txt,SE04,D04,1,0,test,7500,7700,-1,1.2730605566817548,1.2305261218248633
C2,75806,3701,SE04/D04_SE04_R01.txt,SE04,D04,1,0,test,7600,7800,-1,1.2310171217255443,1.2305261218248633
C2,75808,3701,SE04/D04_SE04_R01.txt,SE04,D04,1,0,test,7800,8000,-1,1.3613514314213269,1.2305261218248633
C2,75809,3701,SE04/D04_SE04_R01.txt,SE04,D04,1,0,test,7900,8100,-1,1.3613514314213269,1.2305261218248633
C2,75810,3701,SE04/D04_SE04_R01.txt,SE04,D04,1,0,test,8000,8200,-1,1.4036913345116535,1.2305261218248633
C2,75811,3701,SE04/D04_SE04_R01.txt,SE04,D04,1,0,test,8100,8300,-1,1.4036913345116535,1.2305261218248633
C2,75812,3701,SE04/D04_SE04_R01.txt,SE04,D04,1,0,test,8200,8400,-1,1.3647269273526121,1.2305261218248633
C2,75813,3701,SE04/D04_SE04_R01.txt,SE04,D04,1,0,test,8300,8500,-1,1.3311689442941792,1.2305261218248633
C2,75814,3701,SE04/D04_SE04_R01.txt,SE04,D04,1,0,test,8400,8600,-1,1.3497258794722418,1.2305261218248633
C2,75815,3701,SE04/D04_SE04_R01.txt,SE04,D04,1,0,test,8500,8700,-1,1.3497258794722418,1.2305261218248633
C2,75816,3701,SE04/D04_SE04_R01.txt,SE04,D04,1,0,test,8600,8800,-1,1.2536782107983437,1.2305261218248633
C2,75817,3701,SE04/D04_SE04_R01.txt,SE04,D04,1,0,test,8700,8900,-1,1.2958615623615106,1.2305261218248633
C2,75818,3701,SE04/D04_SE04_R01.txt,SE04,D04,1,0,test,8800,9000,-1,1.3626924156813949,1.2305261218248633
C2,75819,3701,SE04/D04_SE04_R01.txt,SE04,D04,1,0,test,8900,9100,-1,1.3626924156813949,1.2305261218248633
C2,75820,3701,SE04/D04_SE04_R01.txt,SE04,D04,1,0,test,9000,9200,-1,1.2930005672407143,1.2305261218248633
C2,75821,3701,SE04/D04_SE04_R01.txt,SE04,D04,1,0,test,9100,9300,-1,1.2930005672407143,1.2305261218248633
C2,75826,3701,SE04/D04_SE04_R01.txt,SE04,D04,1,0,test,9600,9800,-1,1.2367088304126255,1.2305261218248633
C2,75827,3701,SE04/D04_SE04_R01.txt,SE04,D04,1,0,test,9700,9900,-1,1.3616978267565825,1.2305261218248633
C2,75828,3701,SE04/D04_SE04_R01.txt,SE04,D04,1,0,test,9800,10000,-1,1.3616978267565825,1.2305261218248633
C2,75829,3701,SE04/D04_SE04_R01.txt,SE04,D04,1,0,test,9900,10100,-1,1.2384453474433446,1.2305261218248633
C2,75830,3701,SE04/D04_SE04_R01.txt,SE04,D04,1,0,test,10000,10200,-1,1.2384453474433446,1.2305261218248633
C2,75833,3701,SE04/D04_SE04_R01.txt,SE04,D04,1,0,test,10300,10500,-1,1.2986679750465198,1.2305261218248633
C2,75834,3701,SE04/D04_SE04_R01.txt,SE04,D04,1,0,test,10400,10600,-1,1.2986679750465198,1.2305261218248633
C2,75835,3701,SE04/D04_SE04_R01.txt,SE04,D04,1,0,test,10500,10700,-1,1.3061894042447708,1.2305261218248633
C2,75836,3701,SE04/D04_SE04_R01.txt,SE04,D04,1,0,test,10600,10800,-1,1.3061894042447708,1.2305261218248633
C2,75837,3701,SE04/D04_SE04_R01.txt,SE04,D04,1,0,test,10700,10900,-1,1.284030091145015,1.2305261218248633
C2,75838,3701,SE04/D04_SE04_R01.txt,SE04,D04,1,0,test,10800,11000,-1,1.284030091145015,1.2305261218248633
C2,75839,3701,SE04/D04_SE04_R01.txt,SE04,D04,1,0,test,10900,11100,-1,1.3569186851773325,1.2305261218248633
C2,75840,3701,SE04/D04_SE04_R01.txt,SE04,D04,1,0,test,11000,11200,-1,1.3569186851773325,1.2305261218248633
C2,75841,3701,SE04/D04_SE04_R01.txt,SE04,D04,1,0,test,11100,11300,-1,1.3504607706232261,1.2305261218248633
C2,75842,3701,SE04/D04_SE04_R01.txt,SE04,D04,1,0,test,11200,11400,-1,1.5103249855526586,1.2305261218248633
C2,75843,3701,SE04/D04_SE04_R01.txt,SE04,D04,1,0,test,11300,11500,-1,1.5103249855526586,1.2305261218248633
C2,75846,3701,SE04/D04_SE04_R01.txt,SE04,D04,1,0,test,11600,11800,-1,1.293616403358449,1.2305261218248633
C2,75847,3701,SE04/D04_SE04_R01.txt,SE04,D04,1,0,test,11700,11900,-1,1.293616403358449,1.2305261218248633
C2,75848,3701,SE04/D04_SE04_R01.txt,SE04,D04,1,0,test,11800,12000,-1,1.573613234433981,1.2305261218248633
C2,75849,3701,SE04/D04_SE04_R01.txt,SE04,D04,1,0,test,11900,12100,-1,1.573613234433981,1.2305261218248633
C2,75851,3701,SE04/D04_SE04_R01.txt,SE04,D04,1,0,test,12100,12300,-1,1.3720341950229447,1.2305261218248633
C2,75852,3701,SE04/D04_SE04_R01.txt,SE04,D04,1,0,test,12200,12400,-1,1.3720341950229447,1.2305261218248633
C2,75853,3701,SE04/D04_SE04_R01.txt,SE04,D04,1,0,test,12300,12500,-1,1.2687207346370801,1.2305261218248633
C2,75854,3701,SE04/D04_SE04_R01.txt,SE04,D04,1,0,test,12400,12600,-1,1.3170564839896062,1.2305261218248633
C2,75855,3701,SE04/D04_SE04_R01.txt,SE04,D04,1,0,test,12500,12700,-1,1.3170564839896062,1.2305261218248633
C2,75856,3701,SE04/D04_SE04_R01.txt,SE04,D04,1,0,test,12600,12800,-1,1.2358581535242323,1.2305261218248633
C2,75857,3701,SE04/D04_SE04_R01.txt,SE04,D04,1,0,test,12700,12900,-1,1.2358581535242323,1.2305261218248633
C2,75858,3701,SE04/D04_SE04_R01.txt,SE04,D04,1,0,test,12800,13000,-1,1.2700568202526203,1.2305261218248633
C2,75859,3701,SE04/D04_SE04_R01.txt,SE04,D04,1,0,test,12900,13100,-1,1.2700568202526203,1.2305261218248633
C2,75861,3701,SE04/D04_SE04_R01.txt,SE04,D04,1,0,test,13100,13300,-1,1.337042719203136,1.2305261218248633
C2,75862,3701,SE04/D04_SE04_R01.txt,SE04,D04,1,0,test,13200,13400,-1,1.337042719203136,1.2305261218248633
C2,75864,3701,SE04/D04_SE04_R01.txt,SE04,D04,1,0,test,13400,13600,-1,1.2442018349784907,1.2305261218248633
C2,75865,3701,SE04/D04_SE04_R01.txt,SE04,D04,1,0,test,13500,13700,-1,1.2442018349784907,1.2305261218248633
C2,75867,3701,SE04/D04_SE04_R01.txt,SE04,D04,1,0,test,13700,13900,-1,1.4073390111869197,1.2305261218248633
C2,75868,3701,SE04/D04_SE04_R01.txt,SE04,D04,1,0,test,13800,14000,-1,1.4073390111869197,1.2305261218248633
C2,75869,3701,SE04/D04_SE04_R01.txt,SE04,D04,1,0,test,13900,14100,-1,1.2406014480843621,1.2305261218248633
C2,75870,3701,SE04/D04_SE04_R01.txt,SE04,D04,1,0,test,14000,14200,-1,1.2509720568346065,1.2305261218248633
C2,75871,3701,SE04/D04_SE04_R01.txt,SE04,D04,1,0,test,14100,14300,-1,1.2509720568346065,1.2305261218248633
C2,75873,3701,SE04/D04_SE04_R01.txt,SE04,D04,1,0,test,14300,14500,-1,1.334591783783551,1.2305261218248633
C2,75874,3701,SE04/D04_SE04_R01.txt,SE04,D04,1,0,test,14400,14600,-1,1.334591783783551,1.2305261218248633
C2,75878,3701,SE04/D04_SE04_R01.txt,SE04,D04,1,0,test,14800,15000,-1,1.25112382624443,1.2305261218248633
C2,75879,3701,SE04/D04_SE04_R01.txt,SE04,D04,1,0,test,14900,15100,-1,1.25112382624443,1.2305261218248633
C2,75886,3701,SE04/D04_SE04_R01.txt,SE04,D04,1,0,test,15600,15800,-1,1.299081809480759,1.2305261218248633
C2,75887,3701,SE04/D04_SE04_R01.txt,SE04,D04,1,0,test,15700,15900,-1,1.299081809480759,1.2305261218248633
C2,75889,3701,SE04/D04_SE04_R01.txt,SE04,D04,1,0,test,15900,16100,-1,1.2997330760363621,1.2305261218248633
C2,75890,3701,SE04/D04_SE04_R01.txt,SE04,D04,1,0,test,16000,16200,-1,1.2997330760363621,1.2305261218248633
C2,75891,3701,SE04/D04_SE04_R01.txt,SE04,D04,1,0,test,16100,16300,-1,1.2927207668409249,1.2305261218248633
C2,75892,3701,SE04/D04_SE04_R01.txt,SE04,D04,1,0,test,16200,16400,-1,1.3099795101236122,1.2305261218248633
C2,75893,3701,SE04/D04_SE04_R01.txt,SE04,D04,1,0,test,16300,16500,-1,1.3099795101236122,1.2305261218248633
C2,75894,3701,SE04/D04_SE04_R01.txt,SE04,D04,1,0,test,16400,16600,-1,1.2939562949402925,1.2305261218248633
C2,75895,3701,SE04/D04_SE04_R01.txt,SE04,D04,1,0,test,16500,16700,-1,1.2434745523726034,1.2305261218248633
C2,75896,3701,SE04/D04_SE04_R01.txt,SE04,D04,1,0,test,16600,16800,-1,1.2434745523726034,1.2305261218248633
C2,75899,3701,SE04/D04_SE04_R01.txt,SE04,D04,1,0,test,16900,17100,-1,1.2606563733819098,1.2305261218248633
C2,75900,3701,SE04/D04_SE04_R01.txt,SE04,D04,1,0,test,17000,17200,-1,1.3772409866327917,1.2305261218248633
C2,75901,3701,SE04/D04_SE04_R01.txt,SE04,D04,1,0,test,17100,17300,-1,1.3772409866327917,1.2305261218248633
C2,75905,3701,SE04/D04_SE04_R01.txt,SE04,D04,1,0,test,17500,17700,-1,1.2818179040010054,1.2305261218248633
C2,75906,3701,SE04/D04_SE04_R01.txt,SE04,D04,1,0,test,17600,17800,-1,1.2818179040010054,1.2305261218248633
C2,75919,3701,SE04/D04_SE04_R01.txt,SE04,D04,1,0,test,18900,19100,-1,1.3892944205208015,1.2305261218248633
C2,75920,3701,SE04/D04_SE04_R01.txt,SE04,D04,1,0,test,19000,19200,-1,1.3892944205208015,1.2305261218248633
C2,76597,3725,SE04/D10_SE04_R04.txt,SE04,D10,4,0,test,1200,1400,-1,1.3475319742983116,1.2305261218248633
C2,76598,3725,SE04/D10_SE04_R04.txt,SE04,D10,4,0,test,1300,1500,-1,1.357048943488536,1.2305261218248633
C2,76599,3725,SE04/D10_SE04_R04.txt,SE04,D10,4,0,test,1400,1600,-1,1.357048943488536,1.2305261218248633
C2,76619,3726,SE04/D10_SE04_R05.txt,SE04,D10,5,0,test,1100,1300,-1,1.338364060372631,1.2305261218248633
C2,76620,3726,SE04/D10_SE04_R05.txt,SE04,D10,5,0,test,1200,1400,-1,1.3419753539945052,1.2305261218248633
C2,76621,3726,SE04/D10_SE04_R05.txt,SE04,D10,5,0,test,1300,1500,-1,1.3419753539945052,1.2305261218248633
C2,76888,3738,SE04/D14_SE04_R02.txt,SE04,D14,2,0,test,600,800,-1,1.284663695383197,1.2305261218248633
C2,76889,3738,SE04/D14_SE04_R02.txt,SE04,D14,2,0,test,700,900,-1,1.284663695383197,1.2305261218248633
C2,76958,3741,SE04/D14_SE04_R05.txt,SE04,D14,5,0,test,700,900,-1,1.280073154907782,1.2305261218248633
C2,76959,3741,SE04/D14_SE04_R05.txt,SE04,D14,5,0,test,800,1000,-1,1.280073154907782,1.2305261218248633
C2,97090,4327,SE13/D04_SE13_R01.txt,SE13,D04,1,0,test,300,500,-1,1.285294056157873,1.2305261218248633
C2,97091,4327,SE13/D04_SE13_R01.txt,SE13,D04,1,0,test,400,600,-1,1.285294056157873,1.2305261218248633
C2,97157,4327,SE13/D04_SE13_R01.txt,SE13,D04,1,0,test,7000,7200,-1,1.2806421031607074,1.2305261218248633
C2,97158,4327,SE13/D04_SE13_R01.txt,SE13,D04,1,0,test,7100,7300,-1,1.2806421031607074,1.2305261218248633
C2,97165,4327,SE13/D04_SE13_R01.txt,SE13,D04,1,0,test,7800,8000,-1,1.2438073106064287,1.2305261218248633
C2,97166,4327,SE13/D04_SE13_R01.txt,SE13,D04,1,0,test,7900,8100,-1,1.2438073106064287,1.2305261218248633
C2,97183,4327,SE13/D04_SE13_R01.txt,SE13,D04,1,0,test,9600,9800,-1,1.2634647023486514,1.2305261218248633
C2,97184,4327,SE13/D04_SE13_R01.txt,SE13,D04,1,0,test,9700,9900,-1,1.4111691241057545,1.2305261218248633
C2,97185,4327,SE13/D04_SE13_R01.txt,SE13,D04,1,0,test,9800,10000,-1,1.4111691241057545,1.2305261218248633
C2,97207,4327,SE13/D04_SE13_R01.txt,SE13,D04,1,0,test,12000,12200,-1,1.2362849482188045,1.2305261218248633
C2,97208,4327,SE13/D04_SE13_R01.txt,SE13,D04,1,0,test,12100,12300,-1,1.2362849482188045,1.2305261218248633
C2,97213,4327,SE13/D04_SE13_R01.txt,SE13,D04,1,0,test,12600,12800,-1,1.2821341001524604,1.2305261218248633
C2,97214,4327,SE13/D04_SE13_R01.txt,SE13,D04,1,0,test,12700,12900,-1,1.2821341001524604,1.2305261218248633
C2,97221,4327,SE13/D04_SE13_R01.txt,SE13,D04,1,0,test,13400,13600,-1,1.3122680270942235,1.2305261218248633
C2,97222,4327,SE13/D04_SE13_R01.txt,SE13,D04,1,0,test,13500,13700,-1,1.3122680270942235,1.2305261218248633
C2,97224,4327,SE13/D04_SE13_R01.txt,SE13,D04,1,0,test,13700,13900,-1,1.2837473409976325,1.2305261218248633
C2,97225,4327,SE13/D04_SE13_R01.txt,SE13,D04,1,0,test,13800,14000,-1,1.2837473409976325,1.2305261218248633
C2,97226,4327,SE13/D04_SE13_R01.txt,SE13,D04,1,0,test,13900,14100,-1,1.4472563921160309,1.2305261218248633
C2,97227,4327,SE13/D04_SE13_R01.txt,SE13,D04,1,0,test,14000,14200,-1,1.4472563921160309,1.2305261218248633
C2,97231,4327,SE13/D04_SE13_R01.txt,SE13,D04,1,0,test,14400,14600,-1,1.3304958277005954,1.2305261218248633
C2,97232,4327,SE13/D04_SE13_R01.txt,SE13,D04,1,0,test,14500,14700,-1,1.3304958277005954,1.2305261218248633
C2,97264,4327,SE13/D04_SE13_R01.txt,SE13,D04,1,0,test,17700,17900,-1,1.2437266732952597,1.2305261218248633
C2,97265,4327,SE13/D04_SE13_R01.txt,SE13,D04,1,0,test,17800,18000,-1,1.2437266732952597,1.2305261218248633
C2,97269,4327,SE13/D04_SE13_R01.txt,SE13,D04,1,0,test,18200,18400,-1,1.3680715102786578,1.2305261218248633
C2,97270,4327,SE13/D04_SE13_R01.txt,SE13,D04,1,0,test,18300,18500,-1,1.3680715102786578,1.2305261218248633
C2,97271,4327,SE13/D04_SE13_R01.txt,SE13,D04,1,0,test,18400,18600,-1,1.3334249116279897,1.2305261218248633
C2,97272,4327,SE13/D04_SE13_R01.txt,SE13,D04,1,0,test,18500,18700,-1,1.2426870162512318,1.2305261218248633
C2,97273,4327,SE13/D04_SE13_R01.txt,SE13,D04,1,0,test,18600,18800,-1,1.2426870162512318,1.2305261218248633
C2,97274,4327,SE13/D04_SE13_R01.txt,SE13,D04,1,0,test,18700,18900,-1,1.2404543752519768,1.2305261218248633
C2,97278,4327,SE13/D04_SE13_R01.txt,SE13,D04,1,0,test,19100,19300,-1,1.4148499216970178,1.2305261218248633
C2,97279,4327,SE13/D04_SE13_R01.txt,SE13,D04,1,0,test,19200,19400,-1,1.4197112525079174,1.2305261218248633
C2,97280,4327,SE13/D04_SE13_R01.txt,SE13,D04,1,0,test,19300,19500,-1,1.4197112525079174,1.2305261218248633
C2,97696,4340,SE13/D08_SE13_R03.txt,SE13,D08,3,0,test,500,700,-1,1.2610927088276664,1.2305261218248633
C2,97697,4340,SE13/D08_SE13_R03.txt,SE13,D08,3,0,test,600,800,-1,1.2610927088276664,1.2305261218248633
C2,98238,4363,SE13/D14_SE13_R01.txt,SE13,D14,1,0,test,1900,2100,-1,1.2735564064101121,1.2305261218248633
C2,98239,4363,SE13/D14_SE13_R01.txt,SE13,D14,1,0,test,2000,2200,-1,1.2735564064101121,1.2305261218248633
C2,98248,4364,SE13/D14_SE13_R02.txt,SE13,D14,2,0,test,600,800,-1,1.3485771794623433,1.2305261218248633
C2,98249,4364,SE13/D14_SE13_R02.txt,SE13,D14,2,0,test,700,900,-1,1.3485771794623433,1.2305261218248633
C2,98259,4364,SE13/D14_SE13_R02.txt,SE13,D14,2,0,test,1700,1900,-1,1.2521996318099726,1.2305261218248633
C2,98260,4364,SE13/D14_SE13_R02.txt,SE13,D14,2,0,test,1800,2000,-1,1.2521996318099726,1.2305261218248633
C2,98296,4366,SE13/D14_SE13_R04.txt,SE13,D14,4,0,test,800,1000,-1,1.2839529877602676,1.2305261218248633
C2,98297,4366,SE13/D14_SE13_R04.txt,SE13,D14,4,0,test,900,1100,-1,1.2839529877602676,1.2305261218248633
C2,98304,4366,SE13/D14_SE13_R04.txt,SE13,D14,4,0,test,1600,1800,-1,1.2601830725531864,1.2305261218248633
C2,98305,4366,SE13/D14_SE13_R04.txt,SE13,D14,4,0,test,1700,1900,-1,1.263151093781082,1.2305261218248633
C2,98306,4366,SE13/D14_SE13_R04.txt,SE13,D14,4,0,test,1800,2000,-1,1.263151093781082,1.2305261218248633
C2,98329,4367,SE13/D14_SE13_R05.txt,SE13,D14,5,0,test,1800,2000,-1,1.2840122303365709,1.2305261218248633
C2,98330,4367,SE13/D14_SE13_R05.txt,SE13,D14,5,0,test,1900,2100,-1,1.2840122303365709,1.2305261218248633
C2,98331,4367,SE13/D14_SE13_R05.txt,SE13,D14,5,0,test,2000,2200,-1,1.247511526328203,1.2305261218248633
C8,2003,45,SA01/D13_SA01_R02.txt,SA01,D13,2,0,test,500,700,-1,0.44836652594982684,0.44745829567402573
C8,2073,48,SA01/D13_SA01_R05.txt,SA01,D13,5,0,test,600,800,-1,0.4931489439909649,0.44745829567402573
C8,2096,49,SA01/D14_SA01_R01.txt,SA01,D14,1,0,test,600,800,-1,0.47422538015210264,0.44745829567402573
C8,2142,51,SA01/D14_SA01_R03.txt,SA01,D14,3,0,test,600,800,-1,0.5005155126700772,0.44745829567402573
C8,2684,69,SA01/D18_SA01_R01.txt,SA01,D18,1,0,test,500,700,-1,0.5222171306980316,0.44745829567402573
C8,2685,69,SA01/D18_SA01_R01.txt,SA01,D18,1,0,test,600,800,-1,0.5398675068508855,0.44745829567402573
C8,2714,70,SA01/D18_SA01_R02.txt,SA01,D18,2,0,test,1200,1400,-1,0.4848634435992535,0.44745829567402573
C8,2737,71,SA01/D18_SA01_R03.txt,SA01,D18,3,0,test,1200,1400,-1,0.4875668634714797,0.44745829567402573
C8,2758,72,SA01/D18_SA01_R04.txt,SA01,D18,4,0,test,1000,1200,-1,0.5119660391847742,0.44745829567402573
C8,2759,72,SA01/D18_SA01_R04.txt,SA01,D18,4,0,test,1100,1300,-1,0.5073844370080812,0.44745829567402573
C8,2780,73,SA01/D18_SA01_R05.txt,SA01,D18,5,0,test,900,1100,-1,0.4682647692584008,0.44745829567402573
C8,2979,149,SA01/F15_SA01_R01.txt,SA01,F15,1,1,test,1274,1474,1374,0.4071718161754833,0.44745829567402573
C8,4711,187,SA02/D10_SA02_R05.txt,SA02,D10,5,0,test,500,700,-1,0.4935061495750811,0.44745829567402573
C8,4718,187,SA02/D10_SA02_R05.txt,SA02,D10,5,0,test,1200,1400,-1,0.45600447699594965,0.44745829567402573
C8,4986,199,SA02/D13_SA02_R02.txt,SA02,D13,2,0,test,400,600,-1,0.4600041277186752,0.44745829567402573
C8,4993,199,SA02/D13_SA02_R02.txt,SA02,D13,2,0,test,1100,1300,-1,0.4721313101859042,0.44745829567402573
C8,5008,200,SA02/D13_SA02_R03.txt,SA02,D13,3,0,test,300,500,-1,0.45511237133115406,0.44745829567402573
C8,5082,203,SA02/D14_SA02_R01.txt,SA02,D14,1,0,test,800,1000,-1,0.6412712165910291,0.44745829567402573
C8,5102,204,SA02/D14_SA02_R02.txt,SA02,D14,2,0,test,600,800,-1,0.556285919333956,0.44745829567402573
C8,5125,205,SA02/D14_SA02_R03.txt,SA02,D14,3,0,test,600,800,-1,0.5001804156050846,0.44745829567402573
C8,5180,207,SA02/D14_SA02_R05.txt,SA02,D14,5,0,test,1500,1700,-1,0.4720932765707953,0.44745829567402573
C8,5912,253,SA02/F05_SA02_R01.txt,SA02,F05,1,1,test,962,1162,1062,0.30434148950327,0.44745829567402573
C8,5943,284,SA02/F11_SA02_R02.txt,SA02,F11,2,1,test,1425,1625,1525,0.4292440128857239,0.44745829567402573
C8,5958,299,SA02/F14_SA02_R02.txt,SA02,F14,2,1,test,1440,1640,1540,0.3832418957139352,0.44745829567402573
C8,15508,773,SA06/D04_SA06_R01.txt,SA06,D04,1,0,test,300,500,-1,0.46103231412828777,0.44745829567402573
C8,15516,773,SA06/D04_SA06_R01.txt,SA06,D04,1,0,test,1100,1300,-1,0.46572279988901394,0.44745829567402573
C8,15543,773,SA06/D04_SA06_R01.txt,SA06,D04,1,0,test,3800,4000,-1,0.44920536328079197,0.44745829567402573
C8,15548,773,SA06/D04_SA06_R01.txt,SA06,D04,1,0,test,4300,4500,-1,0.46891194576342754,0.44745829567402573
C8,15549,773,SA06/D04_SA06_R01.txt,SA06,D04,1,0,test,4400,4600,-1,0.44977363319733626,0.44745829567402573
C8,15576,773,SA06/D04_SA06_R01.txt,SA06,D04,1,0,test,7100,7300,-1,0.4645547829473306,0.44745829567402573
C8,15577,773,SA06/D04_SA06_R01.txt,SA06,D04,1,0,test,7200,7400,-1,0.5144791711825291,0.44745829567402573
C8,15630,773,SA06/D04_SA06_R01.txt,SA06,D04,1,0,test,12500,12700,-1,0.47057054460516917,0.44745829567402573
C8,15631,773,SA06/D04_SA06_R01.txt,SA06,D04,1,0,test,12600,12800,-1,0.4638191238253824,0.44745829567402573
C8,15632,773,SA06/D04_SA06_R01.txt,SA06,D04,1,0,test,12700,12900,-1,0.4624469907632491,0.44745829567402573
C8,15633,773,SA06/D04_SA06_R01.txt,SA06,D04,1,0,test,12800,13000,-1,0.4565542844173338,0.44745829567402573
C8,16886,814,SA06/D13_SA06_R01.txt,SA06,D13,1,0,test,600,800,-1,0.44772941883715955,0.44745829567402573
C8,16896,814,SA06/D13_SA06_R01.txt,SA06,D13,1,0,test,1600,1800,-1,0.4505033959717837,0.44745829567402573
C8,16907,815,SA06/D13_SA06_R02.txt,SA06,D13,2,0,test,400,600,-1,0.5072853798947031,0.44745829567402573
C8,16934,816,SA06/D13_SA06_R03.txt,SA06,D13,3,0,test,800,1000,-1,0.49374011051982203,0.44745829567402573
C8,16956,817,SA06/D13_SA06_R04.txt,SA06,D13,4,0,test,700,900,-1,0.47006802850795243,0.44745829567402573
C8,17001,819,SA06/D14_SA06_R01.txt,SA06,D14,1,0,test,700,900,-1,0.4534597407778862,0.44745829567402573
C8,17002,819,SA06/D14_SA06_R01.txt,SA06,D14,1,0,test,800,1000,-1,0.5011958709798953,0.44745829567402573
C8,17091,823,SA06/D14_SA06_R05.txt,SA06,D14,5,0,test,600,800,-1,0.4502582222434705,0.44745829567402573
C8,17590,839,SA06/D18_SA06_R01.txt,SA06,D18,1,0,test,800,1000,-1,0.508139166322272,0.44745829567402573
C8,17618,840,SA06/D18_SA06_R02.txt,SA06,D18,2,0,test,1400,1600,-1,0.5789337664484133,0.44745829567402573
C8,17619,840,SA06/D18_SA06_R02.txt,SA06,D18,2,0,test,1500,1700,-1,0.5852633215869127,0.44745829567402573
C8,17639,841,SA06/D18_SA06_R03.txt,SA06,D18,3,0,test,1200,1400,-1,0.5270191771204457,0.44745829567402573
C8,17640,841,SA06/D18_SA06_R03.txt,SA06,D18,3,0,test,1300,1500,-1,0.5220835779599667,0.44745829567402573
C8,17667,842,SA06/D18_SA06_R04.txt,SA06,D18,4,0,test,1700,1900,-1,0.6093203195543563,0.44745829567402573
C8,17668,842,SA06/D18_SA06_R04.txt,SA06,D18,4,0,test,1800,2000,-1,0.6394745718167526,0.44745829567402573
C8,17686,843,SA06/D18_SA06_R05.txt,SA06,D18,5,0,test,1300,1500,-1,0.49370823869606983,0.44745829567402573
C8,17687,843,SA06/D18_SA06_R05.txt,SA06,D18,5,0,test,1400,1600,-1,0.5799960138263259,0.44745829567402573
C8,17875,914,SA06/F14_SA06_R01.txt,SA06,F14,1,1,test,1281,1481,1381,0.37230284103257827,0.44745829567402573
C8,17878,917,SA06/F14_SA06_R04.txt,SA06,F14,4,1,test,1227,1427,1327,0.4106373688653418,0.44745829567402573
C8,17879,918,SA06/F14_SA06_R05.txt,SA06,F14,5,1,test,1286,1486,1386,0.44178777012474446,0.44745829567402573
C8,48031,2462,SA17/D04_SA17_R01.txt,SA17,D04,1,0,test,600,800,-1,0.4700681566419611,0.44745829567402573
C8,48078,2462,SA17/D04_SA17_R01.txt,SA17,D04,1,0,test,5300,5500,-1,0.46406858354694663,0.44745829567402573
C8,48079,2462,SA17/D04_SA17_R01.txt,SA17,D04,1,0,test,5400,5600,-1,0.5089370046720694,0.44745829567402573
C8,48080,2462,SA17/D04_SA17_R01.txt,SA17,D04,1,0,test,5500,5700,-1,0.4914677709791337,0.44745829567402573
C8,48086,2462,SA17/D04_SA17_R01.txt,SA17,D04,1,0,test,6100,6300,-1,0.457711448073215,0.44745829567402573
C8,48089,2462,SA17/D04_SA17_R01.txt,SA17,D04,1,0,test,6400,6600,-1,0.4485346883038345,0.44745829567402573
C8,48114,2462,SA17/D04_SA17_R01.txt,SA17,D04,1,0,test,8900,9100,-1,0.48179843381920867,0.44745829567402573
C8,48115,2462,SA17/D04_SA17_R01.txt,SA17,D04,1,0,test,9000,9200,-1,0.4710398213784732,0.44745829567402573
C8,48120,2462,SA17/D04_SA17_R01.txt,SA17,D04,1,0,test,9500,9700,-1,0.4530005342410253,0.44745829567402573
C8,48123,2462,SA17/D04_SA17_R01.txt,SA17,D04,1,0,test,9800,10000,-1,0.4508791806809209,0.44745829567402573
C8,48129,2462,SA17/D04_SA17_R01.txt,SA17,D04,1,0,test,10400,10600,-1,0.44780773343818614,0.44745829567402573
C8,48163,2462,SA17/D04_SA17_R01.txt,SA17,D04,1,0,test,13800,14000,-1,0.4703924503483481,0.44745829567402573
C8,48169,2462,SA17/D04_SA17_R01.txt,SA17,D04,1,0,test,14400,14600,-1,0.4512243294134485,0.44745829567402573
C8,48190,2462,SA17/D04_SA17_R01.txt,SA17,D04,1,0,test,16500,16700,-1,0.45819866121680675,0.44745829567402573
C8,48193,2462,SA17/D04_SA17_R01.txt,SA17,D04,1,0,test,16800,17000,-1,0.4511109067414328,0.44745829567402573
C8,48207,2462,SA17/D04_SA17_R01.txt,SA17,D04,1,0,test,18200,18400,-1,0.4721515007903293,0.44745829567402573
C8,48208,2462,SA17/D04_SA17_R01.txt,SA17,D04,1,0,test,18300,18500,-1,0.4580514394268041,0.44745829567402573
C8,48212,2462,SA17/D04_SA17_R01.txt,SA17,D04,1,0,test,18700,18900,-1,0.4852016135996186,0.44745829567402573
C8,48213,2462,SA17/D04_SA17_R01.txt,SA17,D04,1,0,test,18800,19000,-1,0.4788397885189425,0.44745829567402573
C8,49093,2490,SA17/D10_SA17_R04.txt,SA17,D10,4,0,test,1500,1700,-1,0.5098457515171236,0.44745829567402573
C8,49115,2491,SA17/D10_SA17_R05.txt,SA17,D10,5,0,test,1400,1600,-1,0.45635576676200645,0.44745829567402573
C8,49358,2502,SA17/D13_SA17_R01.txt,SA17,D13,1,0,test,600,800,-1,0.510331204266885,0.44745829567402573
C8,49382,2503,SA17/D13_SA17_R02.txt,SA17,D13,2,0,test,700,900,-1,0.49122984587652807,0.44745829567402573
C8,49404,2504,SA17/D13_SA17_R03.txt,SA17,D13,3,0,test,600,800,-1,0.532489160066637,0.44745829567402573
C8,49415,2504,SA17/D13_SA17_R03.txt,SA17,D13,3,0,test,1700,1900,-1,0.529966233799288,0.44745829567402573
C8,49425,2505,SA17/D13_SA17_R04.txt,SA17,D13,4,0,test,400,600,-1,0.4492221405120319,0.44745829567402573
C8,49463,2506,SA17/D13_SA17_R05.txt,SA17,D13,5,0,test,1900,2100,-1,0.5002008060181719,0.44745829567402573
C8,50158,2531,SA17/D18_SA17_R05.txt,SA17,D18,5,0,test,1100,1300,-1,0.5281674433527639,0.44745829567402573
C8,50159,2531,SA17/D18_SA17_R05.txt,SA17,D18,5,0,test,1200,1400,-1,0.6314584211028242,0.44745829567402573
C8,65805,3381,SA23/D04_SA23_R01.txt,SA23,D04,1,0,test,6400,6600,-1,0.45806546314273233,0.44745829567402573
C8,65839,3381,SA23/D04_SA23_R01.txt,SA23,D04,1,0,test,9800,10000,-1,0.44792842306026215,0.44745829567402573
C8,65853,3381,SA23/D04_SA23_R01.txt,SA23,D04,1,0,test,11200,11400,-1,0.4490837123326561,0.44745829567402573
C8,65874,3381,SA23/D04_SA23_R01.txt,SA23,D04,1,0,test,13300,13500,-1,0.45751688481730163,0.44745829567402573
C8,65890,3381,SA23/D04_SA23_R01.txt,SA23,D04,1,0,test,14900,15100,-1,0.4685152763398656,0.44745829567402573
C8,65891,3381,SA23/D04_SA23_R01.txt,SA23,D04,1,0,test,15000,15200,-1,0.4752249844895145,0.44745829567402573
C8,66190,3387,SA23/D06_SA23_R01.txt,SA23,D06,1,0,test,500,700,-1,0.4881305598855986,0.44745829567402573
C8,66191,3387,SA23/D06_SA23_R01.txt,SA23,D06,1,0,test,600,800,-1,0.5081324644949593,0.44745829567402573
C8,66192,3387,SA23/D06_SA23_R01.txt,SA23,D06,1,0,test,700,900,-1,0.5033780286627074,0.44745829567402573
C8,66193,3387,SA23/D06_SA23_R01.txt,SA23,D06,1,0,test,800,1000,-1,0.45332920047283765,0.44745829567402573
C8,66238,3388,SA23/D06_SA23_R02.txt,SA23,D06,2,0,test,400,600,-1,0.4683311641617438,0.44745829567402573
C8,66239,3388,SA23/D06_SA23_R02.txt,SA23,D06,2,0,test,500,700,-1,0.5116723914131706,0.44745829567402573
C8,66240,3388,SA23/D06_SA23_R02.txt,SA23,D06,2,0,test,600,800,-1,0.46063818860077016,0.44745829567402573
C8,66286,3389,SA23/D06_SA23_R03.txt,SA23,D06,3,0,test,400,600,-1,0.4990275628202332,0.44745829567402573
C8,66287,3389,SA23/D06_SA23_R03.txt,SA23,D06,3,0,test,500,700,-1,0.4751129723940416,0.44745829567402573
C8,66288,3389,SA23/D06_SA23_R03.txt,SA23,D06,3,0,test,600,800,-1,0.4697195609109379,0.44745829567402573
C8,66289,3389,SA23/D06_SA23_R03.txt,SA23,D06,3,0,test,700,900,-1,0.4653987870816597,0.44745829567402573
C8,66335,3390,SA23/D06_SA23_R04.txt,SA23,D06,4,0,test,400,600,-1,0.5317779254990231,0.44745829567402573
C8,66336,3390,SA23/D06_SA23_R04.txt,SA23,D06,4,0,test,500,700,-1,0.536884999736961,0.44745829567402573
C8,66337,3390,SA23/D06_SA23_R04.txt,SA23,D06,4,0,test,600,800,-1,0.5159359958642733,0.44745829567402573
C8,66338,3390,SA23/D06_SA23_R04.txt,SA23,D06,4,0,test,700,900,-1,0.48355326626934975,0.44745829567402573
C8,66384,3391,SA23/D06_SA23_R05.txt,SA23,D06,5,0,test,400,600,-1,0.49041489896111795,0.44745829567402573
C8,66385,3391,SA23/D06_SA23_R05.txt,SA23,D06,5,0,test,500,700,-1,0.5147605900795909,0.44745829567402573
C8,66386,3391,SA23/D06_SA23_R05.txt,SA23,D06,5,0,test,600,800,-1,0.469832209620181,0.44745829567402573
C8,67271,3428,SA23/D14_SA23_R02.txt,SA23,D14,2,0,test,1600,1800,-1,0.45800123410534427,0.44745829567402573
C8,67296,3429,SA23/D14_SA23_R03.txt,SA23,D14,3,0,test,1800,2000,-1,0.45010315943237705,0.44745829567402573
C8,68070,3477,SA23/F05_SA23_R01.txt,SA23,F05,1,1,test,521,721,621,0.30393397941102385,0.44745829567402573
C8,68071,3478,SA23/F05_SA23_R02.txt,SA23,F05,2,1,test,609,809,709,0.27960163001740623,0.44745829567402573
C8,68072,3479,SA23/F05_SA23_R03.txt,SA23,F05,3,1,test,535,735,635,0.29358586585926383,0.44745829567402573
C8,68074,3481,SA23/F05_SA23_R05.txt,SA23,F05,5,1,test,577,777,677,0.3067516184788025,0.44745829567402573
C8,68087,3494,SA23/F08_SA23_R03.txt,SA23,F08,3,1,test,1304,1504,1404,0.40417773475052154,0.44745829567402573
C8,68112,3519,SA23/F13_SA23_R03.txt,SA23,F13,3,1,test,1227,1427,1327,0.2852720157983919,0.44745829567402573
C8,68115,3522,SA23/F14_SA23_R01.txt,SA23,F14,1,1,test,1334,1534,1434,0.31861326214056984,0.44745829567402573
C8,68116,3523,SA23/F14_SA23_R02.txt,SA23,F14,2,1,test,1877,2077,1977,0.40703281030313493,0.44745829567402573
C8,68122,3529,SA23/F15_SA23_R03.txt,SA23,F15,3,1,test,1189,1389,1289,0.4404669084427278,0.44745829567402573
C8,68863,3534,SE01/D03_SE01_R01.txt,SE01,D03,1,0,test,2100,2300,-1,0.4599753831570449,0.44745829567402573
C8,68901,3534,SE01/D03_SE01_R01.txt,SE01,D03,1,0,test,5900,6100,-1,0.4552997426181265,0.44745829567402573
C8,68908,3534,SE01/D03_SE01_R01.txt,SE01,D03,1,0,test,6600,6800,-1,0.4611451614993943,0.44745829567402573
C8,68911,3534,SE01/D03_SE01_R01.txt,SE01,D03,1,0,test,6900,7100,-1,0.4509287140776811,0.44745829567402573
C8,68914,3534,SE01/D03_SE01_R01.txt,SE01,D03,1,0,test,7200,7400,-1,0.46952299040071144,0.44745829567402573
C8,68990,3534,SE01/D03_SE01_R01.txt,SE01,D03,1,0,test,14800,15000,-1,0.4535703913292799,0.44745829567402573
C8,68991,3534,SE01/D03_SE01_R01.txt,SE01,D03,1,0,test,14900,15100,-1,0.4633891503716165,0.44745829567402573
C8,69026,3534,SE01/D03_SE01_R01.txt,SE01,D03,1,0,test,18400,18600,-1,0.45674892520084304,0.44745829567402573
C8,69204,3535,SE01/D04_SE01_R01.txt,SE01,D04,1,0,test,400,600,-1,0.45361294286211357,0.44745829567402573
C8,69205,3535,SE01/D04_SE01_R01.txt,SE01,D04,1,0,test,500,700,-1,0.48821924510792386,0.44745829567402573
C8,69206,3535,SE01/D04_SE01_R01.txt,SE01,D04,1,0,test,600,800,-1,0.48740176576437394,0.44745829567402573
C8,69207,3535,SE01/D04_SE01_R01.txt,SE01,D04,1,0,test,700,900,-1,0.45441736903291796,0.44745829567402573
C8,69208,3535,SE01/D04_SE01_R01.txt,SE01,D04,1,0,test,800,1000,-1,0.4519830482068143,0.44745829567402573
C8,69209,3535,SE01/D04_SE01_R01.txt,SE01,D04,1,0,test,900,1100,-1,0.4914258364357064,0.44745829567402573
C8,69210,3535,SE01/D04_SE01_R01.txt,SE01,D04,1,0,test,1000,1200,-1,0.486399139632798,0.44745829567402573
C8,69211,3535,SE01/D04_SE01_R01.txt,SE01,D04,1,0,test,1100,1300,-1,0.4556864885580053,0.44745829567402573
C8,69212,3535,SE01/D04_SE01_R01.txt,SE01,D04,1,0,test,1200,1400,-1,0.47559173172709607,0.44745829567402573
C8,69213,3535,SE01/D04_SE01_R01.txt,SE01,D04,1,0,test,1300,1500,-1,0.4622078346924903,0.44745829567402573
C8,69215,3535,SE01/D04_SE01_R01.txt,SE01,D04,1,0,test,1500,1700,-1,0.47580873666076584,0.44745829567402573
C8,69216,3535,SE01/D04_SE01_R01.txt,SE01,D04,1,0,test,1600,1800,-1,0.5032803731731124,0.44745829567402573
C8,69217,3535,SE01/D04_SE01_R01.txt,SE01,D04,1,0,test,1700,1900,-1,0.4651060767697453,0.44745829567402573
C8,69218,3535,SE01/D04_SE01_R01.txt,SE01,D04,1,0,test,1800,2000,-1,0.45501321007704554,0.44745829567402573
C8,69219,3535,SE01/D04_SE01_R01.txt,SE01,D04,1,0,test,1900,2100,-1,0.46949943588288195,0.44745829567402573
C8,69220,3535,SE01/D04_SE01_R01.txt,SE01,D04,1,0,test,2000,2200,-1,0.4611372485054511,0.44745829567402573
C8,69221,3535,SE01/D04_SE01_R01.txt,SE01,D04,1,0,test,2100,2300,-1,0.5069117465791847,0.44745829567402573
C8,69222,3535,SE01/D04_SE01_R01.txt,SE01,D04,1,0,test,2200,2400,-1,0.5265491213504692,0.44745829567402573
C8,69223,3535,SE01/D04_SE01_R01.txt,SE01,D04,1,0,test,2300,2500,-1,0.5093016851297304,0.44745829567402573
C8,69224,3535,SE01/D04_SE01_R01.txt,SE01,D04,1,0,test,2400,2600,-1,0.45772243086924425,0.44745829567402573
C8,69225,3535,SE01/D04_SE01_R01.txt,SE01,D04,1,0,test,2500,2700,-1,0.4496911805466095,0.44745829567402573
C8,69226,3535,SE01/D04_SE01_R01.txt,SE01,D04,1,0,test,2600,2800,-1,0.48025881270388404,0.44745829567402573
C8,69227,3535,SE01/D04_SE01_R01.txt,SE01,D04,1,0,test,2700,2900,-1,0.4758528498862715,0.44745829567402573
C8,69228,3535,SE01/D04_SE01_R01.txt,SE01,D04,1,0,test,2800,3000,-1,0.47450551079970277,0.44745829567402573
C8,69229,3535,SE01/D04_SE01_R01.txt,SE01,D04,1,0,test,2900,3100,-1,0.4710361837079455,0.44745829567402573
C8,69230,3535,SE01/D04_SE01_R01.txt,SE01,D04,1,0,test,3000,3200,-1,0.45330798188243443,0.44745829567402573
C8,69231,3535,SE01/D04_SE01_R01.txt,SE01,D04,1,0,test,3100,3300,-1,0.4523764184416298,0.44745829567402573
C8,69232,3535,SE01/D04_SE01_R01.txt,SE01,D04,1,0,test,3200,3400,-1,0.46676448737860704,0.44745829567402573
C8,69233,3535,SE01/D04_SE01_R01.txt,SE01,D04,1,0,test,3300,3500,-1,0.4763522311791568,0.44745829567402573
C8,69234,3535,SE01/D04_SE01_R01.txt,SE01,D04,1,0,test,3400,3600,-1,0.45043305549101165,0.44745829567402573
C8,69236,3535,SE01/D04_SE01_R01.txt,SE01,D04,1,0,test,3600,3800,-1,0.4516456642172989,0.44745829567402573
C8,69239,3535,SE01/D04_SE01_R01.txt,SE01,D04,1,0,test,3900,4100,-1,0.4662107783515428,0.44745829567402573
C8,69240,3535,SE01/D04_SE01_R01.txt,SE01,D04,1,0,test,4000,4200,-1,0.47206615099694194,0.44745829567402573
C8,69241,3535,SE01/D04_SE01_R01.txt,SE01,D04,1,0,test,4100,4300,-1,0.4663089287334535,0.44745829567402573
C8,69242,3535,SE01/D04_SE01_R01.txt,SE01,D04,1,0,test,4200,4400,-1,0.4922184316691452,0.44745829567402573
C8,69243,3535,SE01/D04_SE01_R01.txt,SE01,D04,1,0,test,4300,4500,-1,0.49442709471781576,0.44745829567402573
C8,69244,3535,SE01/D04_SE01_R01.txt,SE01,D04,1,0,test,4400,4600,-1,0.4667217683252829,0.44745829567402573
C8,69245,3535,SE01/D04_SE01_R01.txt,SE01,D04,1,0,test,4500,4700,-1,0.4655397447841454,0.44745829567402573
C8,69246,3535,SE01/D04_SE01_R01.txt,SE01,D04,1,0,test,4600,4800,-1,0.47959526274981157,0.44745829567402573
C8,69247,3535,SE01/D04_SE01_R01.txt,SE01,D04,1,0,test,4700,4900,-1,0.46009663020621366,0.44745829567402573
C8,69248,3535,SE01/D04_SE01_R01.txt,SE01,D04,1,0,test,4800,5000,-1,0.451183934022592,0.44745829567402573
C8,69249,3535,SE01/D04_SE01_R01.txt,SE01,D04,1,0,test,4900,5100,-1,0.455560866994699,0.44745829567402573
C8,69254,3535,SE01/D04_SE01_R01.txt,SE01,D04,1,0,test,5400,5600,-1,0.45826282702744503,0.44745829567402573
C8,69255,3535,SE01/D04_SE01_R01.txt,SE01,D04,1,0,test,5500,5700,-1,0.4881069232227647,0.44745829567402573
C8,69256,3535,SE01/D04_SE01_R01.txt,SE01,D04,1,0,test,5600,5800,-1,0.46869317373633596,0.44745829567402573
C8,69260,3535,SE01/D04_SE01_R01.txt,SE01,D04,1,0,test,6000,6200,-1,0.4714401137372098,0.44745829567402573
C8,69261,3535,SE01/D04_SE01_R01.txt,SE01,D04,1,0,test,6100,6300,-1,0.4629754671845976,0.44745829567402573
C8,69265,3535,SE01/D04_SE01_R01.txt,SE01,D04,1,0,test,6500,6700,-1,0.45964976360947973,0.44745829567402573
C8,69266,3535,SE01/D04_SE01_R01.txt,SE01,D04,1,0,test,6600,6800,-1,0.47380964104514717,0.44745829567402573
C8,69268,3535,SE01/D04_SE01_R01.txt,SE01,D04,1,0,test,6800,7000,-1,0.46516527900220495,0.44745829567402573
C8,69269,3535,SE01/D04_SE01_R01.txt,SE01,D04,1,0,test,6900,7100,-1,0.4872454614175629,0.44745829567402573
C8,69270,3535,SE01/D04_SE01_R01.txt,SE01,D04,1,0,test,7000,7200,-1,0.4516857807014668,0.44745829567402573
C8,69271,3535,SE01/D04_SE01_R01.txt,SE01,D04,1,0,test,7100,7300,-1,0.4546518453658023,0.44745829567402573
C8,69275,3535,SE01/D04_SE01_R01.txt,SE01,D04,1,0,test,7500,7700,-1,0.4615071400489056,0.44745829567402573
C8,69276,3535,SE01/D04_SE01_R01.txt,SE01,D04,1,0,test,7600,7800,-1,0.4662879690454882,0.44745829567402573
C8,69279,3535,SE01/D04_SE01_R01.txt,SE01,D04,1,0,test,7900,8100,-1,0.45915545203565006,0.44745829567402573
C8,69280,3535,SE01/D04_SE01_R01.txt,SE01,D04,1,0,test,8000,8200,-1,0.45929112824736984,0.44745829567402573
C8,69281,3535,SE01/D04_SE01_R01.txt,SE01,D04,1,0,test,8100,8300,-1,0.45456631377374473,0.44745829567402573
C8,69282,3535,SE01/D04_SE01_R01.txt,SE01,D04,1,0,test,8200,8400,-1,0.4474932651530519,0.44745829567402573
C8,69285,3535,SE01/D04_SE01_R01.txt,SE01,D04,1,0,test,8500,8700,-1,0.45071069161428007,0.44745829567402573
C8,69286,3535,SE01/D04_SE01_R01.txt,SE01,D04,1,0,test,8600,8800,-1,0.47284029454823223,0.44745829567402573
C8,69287,3535,SE01/D04_SE01_R01.txt,SE01,D04,1,0,test,8700,8900,-1,0.4687278956289636,0.44745829567402573
C8,69288,3535,SE01/D04_SE01_R01.txt,SE01,D04,1,0,test,8800,9000,-1,0.457635660701571,0.44745829567402573
C8,69289,3535,SE01/D04_SE01_R01.txt,SE01,D04,1,0,test,8900,9100,-1,0.4641144411604005,0.44745829567402573
C8,69290,3535,SE01/D04_SE01_R01.txt,SE01,D04,1,0,test,9000,9200,-1,0.4594347241968303,0.44745829567402573
C8,69291,3535,SE01/D04_SE01_R01.txt,SE01,D04,1,0,test,9100,9300,-1,0.47943911331165523,0.44745829567402573
C8,69292,3535,SE01/D04_SE01_R01.txt,SE01,D04,1,0,test,9200,9400,-1,0.46546202158605676,0.44745829567402573
C8,69294,3535,SE01/D04_SE01_R01.txt,SE01,D04,1,0,test,9400,9600,-1,0.4743624380164167,0.44745829567402573
C8,69295,3535,SE01/D04_SE01_R01.txt,SE01,D04,1,0,test,9500,9700,-1,0.5138081705492527,0.44745829567402573
C8,69296,3535,SE01/D04_SE01_R01.txt,SE01,D04,1,0,test,9600,9800,-1,0.46582095571034543,0.44745829567402573
C8,69298,3535,SE01/D04_SE01_R01.txt,SE01,D04,1,0,test,9800,10000,-1,0.4664650592457979,0.44745829567402573
C8,69299,3535,SE01/D04_SE01_R01.txt,SE01,D04,1,0,test,9900,10100,-1,0.47449844071909403,0.44745829567402573
C8,69305,3535,SE01/D04_SE01_R01.txt,SE01,D04,1,0,test,10500,10700,-1,0.4506802530529228,0.44745829567402573
C8,69308,3535,SE01/D04_SE01_R01.txt,SE01,D04,1,0,test,10800,11000,-1,0.47903819933203434,0.44745829567402573
C8,69309,3535,SE01/D04_SE01_R01.txt,SE01,D04,1,0,test,10900,11100,-1,0.4775189331433354,0.44745829567402573
C8,69310,3535,SE01/D04_SE01_R01.txt,SE01,D04,1,0,test,11000,11200,-1,0.4582802786418609,0.44745829567402573
C8,69311,3535,SE01/D04_SE01_R01.txt,SE01,D04,1,0,test,11100,11300,-1,0.46002600148396827,0.44745829567402573
C8,69312,3535,SE01/D04_SE01_R01.txt,SE01,D04,1,0,test,11200,11400,-1,0.459861596788041,0.44745829567402573
C8,69313,3535,SE01/D04_SE01_R01.txt,SE01,D04,1,0,test,11300,11500,-1,0.45341420083938777,0.44745829567402573
C8,69314,3535,SE01/D04_SE01_R01.txt,SE01,D04,1,0,test,11400,11600,-1,0.46900145401027576,0.44745829567402573
C8,69315,3535,SE01/D04_SE01_R01.txt,SE01,D04,1,0,test,11500,11700,-1,0.4794501982821083,0.44745829567402573
C8,69316,3535,SE01/D04_SE01_R01.txt,SE01,D04,1,0,test,11600,11800,-1,0.4737585726800026,0.44745829567402573
C8,69317,3535,SE01/D04_SE01_R01.txt,SE01,D04,1,0,test,11700,11900,-1,0.469901384073483,0.44745829567402573
C8,69318,3535,SE01/D04_SE01_R01.txt,SE01,D04,1,0,test,11800,12000,-1,0.4683437981103567,0.44745829567402573
C8,69319,3535,SE01/D04_SE01_R01.txt,SE01,D04,1,0,test,11900,12100,-1,0.45999288331506655,0.44745829567402573
C8,69320,3535,SE01/D04_SE01_R01.txt,SE01,D04,1,0,test,12000,12200,-1,0.4523497914139406,0.44745829567402573
C8,69321,3535,SE01/D04_SE01_R01.txt,SE01,D04,1,0,test,12100,12300,-1,0.4573701775265936,0.44745829567402573
C8,69324,3535,SE01/D04_SE01_R01.txt,SE01,D04,1,0,test,12400,12600,-1,0.48258187634509253,0.44745829567402573
C8,69325,3535,SE01/D04_SE01_R01.txt,SE01,D04,1,0,test,12500,12700,-1,0.46490349515589907,0.44745829567402573
C8,69327,3535,SE01/D04_SE01_R01.txt,SE01,D04,1,0,test,12700,12900,-1,0.4639977935446321,0.44745829567402573
C8,69328,3535,SE01/D04_SE01_R01.txt,SE01,D04,1,0,test,12800,13000,-1,0.49625963674592005,0.44745829567402573
C8,69329,3535,SE01/D04_SE01_R01.txt,SE01,D04,1,0,test,12900,13100,-1,0.49228441029961983,0.44745829567402573
C8,69330,3535,SE01/D04_SE01_R01.txt,SE01,D04,1,0,test,13000,13200,-1,0.46997817187641755,0.44745829567402573
C8,69331,3535,SE01/D04_SE01_R01.txt,SE01,D04,1,0,test,13100,13300,-1,0.45750086140613233,0.44745829567402573
C8,69332,3535,SE01/D04_SE01_R01.txt,SE01,D04,1,0,test,13200,13400,-1,0.46024178376959907,0.44745829567402573
C8,69340,3535,SE01/D04_SE01_R01.txt,SE01,D04,1,0,test,14000,14200,-1,0.46158007526945755,0.44745829567402573
C8,69341,3535,SE01/D04_SE01_R01.txt,SE01,D04,1,0,test,14100,14300,-1,0.4607600535612022,0.44745829567402573
C8,69345,3535,SE01/D04_SE01_R01.txt,SE01,D04,1,0,test,14500,14700,-1,0.46057504076315314,0.44745829567402573
C8,69350,3535,SE01/D04_SE01_R01.txt,SE01,D04,1,0,test,15000,15200,-1,0.4675885333104813,0.44745829567402573
C8,69351,3535,SE01/D04_SE01_R01.txt,SE01,D04,1,0,test,15100,15300,-1,0.4909285866357865,0.44745829567402573
C8,69352,3535,SE01/D04_SE01_R01.txt,SE01,D04,1,0,test,15200,15400,-1,0.4582793204954838,0.44745829567402573
C8,69354,3535,SE01/D04_SE01_R01.txt,SE01,D04,1,0,test,15400,15600,-1,0.47110714056440234,0.44745829567402573
C8,69355,3535,SE01/D04_SE01_R01.txt,SE01,D04,1,0,test,15500,15700,-1,0.4668254350689936,0.44745829567402573
C8,69356,3535,SE01/D04_SE01_R01.txt,SE01,D04,1,0,test,15600,15800,-1,0.4493093706501256,0.44745829567402573
C8,69357,3535,SE01/D04_SE01_R01.txt,SE01,D04,1,0,test,15700,15900,-1,0.4961627869760299,0.44745829567402573
C8,69358,3535,SE01/D04_SE01_R01.txt,SE01,D04,1,0,test,15800,16000,-1,0.4851126692483435,0.44745829567402573
C8,69360,3535,SE01/D04_SE01_R01.txt,SE01,D04,1,0,test,16000,16200,-1,0.45758561574215323,0.44745829567402573
C8,69361,3535,SE01/D04_SE01_R01.txt,SE01,D04,1,0,test,16100,16300,-1,0.47857831847690213,0.44745829567402573
C8,69362,3535,SE01/D04_SE01_R01.txt,SE01,D04,1,0,test,16200,16400,-1,0.4656425448889482,0.44745829567402573
C8,69363,3535,SE01/D04_SE01_R01.txt,SE01,D04,1,0,test,16300,16500,-1,0.45009957006381807,0.44745829567402573
C8,69366,3535,SE01/D04_SE01_R01.txt,SE01,D04,1,0,test,16600,16800,-1,0.4534564823786555,0.44745829567402573
C8,69367,3535,SE01/D04_SE01_R01.txt,SE01,D04,1,0,test,16700,16900,-1,0.4650436317007144,0.44745829567402573
C8,69368,3535,SE01/D04_SE01_R01.txt,SE01,D04,1,0,test,16800,17000,-1,0.46801604764221094,0.44745829567402573
C8,69369,3535,SE01/D04_SE01_R01.txt,SE01,D04,1,0,test,16900,17100,-1,0.4913622865951023,0.44745829567402573
C8,69370,3535,SE01/D04_SE01_R01.txt,SE01,D04,1,0,test,17000,17200,-1,0.5256126621110531,0.44745829567402573
C8,69371,3535,SE01/D04_SE01_R01.txt,SE01,D04,1,0,test,17100,17300,-1,0.5411301530062563,0.44745829567402573
C8,69372,3535,SE01/D04_SE01_R01.txt,SE01,D04,1,0,test,17200,17400,-1,0.5193281406118698,0.44745829567402573
C8,69373,3535,SE01/D04_SE01_R01.txt,SE01,D04,1,0,test,17300,17500,-1,0.45980790367439967,0.44745829567402573
C8,69376,3535,SE01/D04_SE01_R01.txt,SE01,D04,1,0,test,17600,17800,-1,0.4499707332230945,0.44745829567402573
C8,69377,3535,SE01/D04_SE01_R01.txt,SE01,D04,1,0,test,17700,17900,-1,0.45927771381879084,0.44745829567402573
C8,69381,3535,SE01/D04_SE01_R01.txt,SE01,D04,1,0,test,18100,18300,-1,0.44865417003627434,0.44745829567402573
C8,69387,3535,SE01/D04_SE01_R01.txt,SE01,D04,1,0,test,18700,18900,-1,0.4559720460335605,0.44745829567402573
C8,69388,3535,SE01/D04_SE01_R01.txt,SE01,D04,1,0,test,18800,19000,-1,0.4590160042057031,0.44745829567402573
C8,69389,3535,SE01/D04_SE01_R01.txt,SE01,D04,1,0,test,18900,19100,-1,0.46646016168908655,0.44745829567402573
C8,69390,3535,SE01/D04_SE01_R01.txt,SE01,D04,1,0,test,19000,19200,-1,0.4674541101359272,0.44745829567402573
C8,69391,3535,SE01/D04_SE01_R01.txt,SE01,D04,1,0,test,19100,19300,-1,0.45322997192149844,0.44745829567402573
C8,69392,3535,SE01/D04_SE01_R01.txt,SE01,D04,1,0,test,19200,19400,-1,0.46810834931574413,0.44745829567402573
C8,69393,3535,SE01/D04_SE01_R01.txt,SE01,D04,1,0,test,19300,19500,-1,0.475806106736218,0.44745829567402573
C8,69394,3535,SE01/D04_SE01_R01.txt,SE01,D04,1,0,test,19400,19600,-1,0.45856714589940734,0.44745829567402573
C8,69398,3535,SE01/D04_SE01_R01.txt,SE01,D04,1,0,test,19800,20000,-1,0.4656758720066722,0.44745829567402573
C8,69399,3535,SE01/D04_SE01_R01.txt,SE01,D04,1,0,test,19900,20100,-1,0.46049818952155314,0.44745829567402573
C8,69404,3535,SE01/D04_SE01_R01.txt,SE01,D04,1,0,test,20400,20600,-1,0.45706950303820676,0.44745829567402573
C8,69407,3535,SE01/D04_SE01_R01.txt,SE01,D04,1,0,test,20700,20900,-1,0.45103414761569366,0.44745829567402573
C8,69408,3535,SE01/D04_SE01_R01.txt,SE01,D04,1,0,test,20800,21000,-1,0.4555695969165882,0.44745829567402573
C8,69413,3535,SE01/D04_SE01_R01.txt,SE01,D04,1,0,test,21300,21500,-1,0.4499104502299067,0.44745829567402573
C8,69417,3535,SE01/D04_SE01_R01.txt,SE01,D04,1,0,test,21700,21900,-1,0.4552794503819418,0.44745829567402573
C8,69418,3535,SE01/D04_SE01_R01.txt,SE01,D04,1,0,test,21800,22000,-1,0.4720923103421635,0.44745829567402573
C8,69422,3535,SE01/D04_SE01_R01.txt,SE01,D04,1,0,test,22200,22400,-1,0.45832892866754027,0.44745829567402573
C8,69426,3535,SE01/D04_SE01_R01.txt,SE01,D04,1,0,test,22600,22800,-1,0.44910786017050225,0.44745829567402573
C8,69427,3535,SE01/D04_SE01_R01.txt,SE01,D04,1,0,test,22700,22900,-1,0.4791291835460325,0.44745829567402573
C8,69428,3535,SE01/D04_SE01_R01.txt,SE01,D04,1,0,test,22800,23000,-1,0.4743205954104363,0.44745829567402573
C8,69429,3535,SE01/D04_SE01_R01.txt,SE01,D04,1,0,test,22900,23100,-1,0.4628299748534777,0.44745829567402573
C8,69430,3535,SE01/D04_SE01_R01.txt,SE01,D04,1,0,test,23000,23200,-1,0.4580291237800419,0.44745829567402573
C8,69431,3535,SE01/D04_SE01_R01.txt,SE01,D04,1,0,test,23100,23300,-1,0.45929205209609625,0.44745829567402573
C8,69432,3535,SE01/D04_SE01_R01.txt,SE01,D04,1,0,test,23200,23400,-1,0.4543236232192649,0.44745829567402573
C8,69433,3535,SE01/D04_SE01_R01.txt,SE01,D04,1,0,test,23300,23500,-1,0.4494764232770871,0.44745829567402573
C8,69434,3535,SE01/D04_SE01_R01.txt,SE01,D04,1,0,test,23400,23600,-1,0.4567160630328636,0.44745829567402573
C8,69435,3535,SE01/D04_SE01_R01.txt,SE01,D04,1,0,test,23500,23700,-1,0.4486939145986269,0.44745829567402573
C8,69438,3535,SE01/D04_SE01_R01.txt,SE01,D04,1,0,test,23800,24000,-1,0.4855747206176347,0.44745829567402573
C8,69439,3535,SE01/D04_SE01_R01.txt,SE01,D04,1,0,test,23900,24100,-1,0.49056612115554465,0.44745829567402573
C8,69444,3535,SE01/D04_SE01_R01.txt,SE01,D04,1,0,test,24400,24600,-1,0.46893259460587616,0.44745829567402573
C8,69445,3535,SE01/D04_SE01_R01.txt,SE01,D04,1,0,test,24500,24700,-1,0.4583116220145609,0.44745829567402573
C8,69446,3535,SE01/D04_SE01_R01.txt,SE01,D04,1,0,test,24600,24800,-1,0.45517861854599895,0.44745829567402573
C8,69447,3535,SE01/D04_SE01_R01.txt,SE01,D04,1,0,test,24700,24900,-1,0.46139636937997464,0.44745829567402573
C8,69448,3535,SE01/D04_SE01_R01.txt,SE01,D04,1,0,test,24800,25000,-1,0.46553783971254703,0.44745829567402573
C8,69449,3535,SE01/D04_SE01_R01.txt,SE01,D04,1,0,test,24900,25100,-1,0.4834475514089872,0.44745829567402573
C8,69450,3535,SE01/D04_SE01_R01.txt,SE01,D04,1,0,test,25000,25200,-1,0.4642988285425214,0.44745829567402573
C8,69451,3535,SE01/D04_SE01_R01.txt,SE01,D04,1,0,test,25100,25300,-1,0.45024692883445155,0.44745829567402573
C8,69457,3535,SE01/D04_SE01_R01.txt,SE01,D04,1,0,test,25700,25900,-1,0.4531729308861326,0.44745829567402573
C8,69458,3535,SE01/D04_SE01_R01.txt,SE01,D04,1,0,test,25800,26000,-1,0.4756759482176639,0.44745829567402573
C8,69459,3535,SE01/D04_SE01_R01.txt,SE01,D04,1,0,test,25900,26100,-1,0.4730425161616415,0.44745829567402573
C8,69464,3535,SE01/D04_SE01_R01.txt,SE01,D04,1,0,test,26400,26600,-1,0.45120007840049264,0.44745829567402573
C8,69473,3535,SE01/D04_SE01_R01.txt,SE01,D04,1,0,test,27300,27500,-1,0.45577050480231,0.44745829567402573
C8,69474,3535,SE01/D04_SE01_R01.txt,SE01,D04,1,0,test,27400,27600,-1,0.4736404557439067,0.44745829567402573
C8,69475,3535,SE01/D04_SE01_R01.txt,SE01,D04,1,0,test,27500,27700,-1,0.4715496358285205,0.44745829567402573
C8,69479,3535,SE01/D04_SE01_R01.txt,SE01,D04,1,0,test,27900,28100,-1,0.4496895317933747,0.44745829567402573
C8,69484,3535,SE01/D04_SE01_R01.txt,SE01,D04,1,0,test,28400,28600,-1,0.45728908363292825,0.44745829567402573
C8,69485,3535,SE01/D04_SE01_R01.txt,SE01,D04,1,0,test,28500,28700,-1,0.45053366029556474,0.44745829567402573
C8,69487,3535,SE01/D04_SE01_R01.txt,SE01,D04,1,0,test,28700,28900,-1,0.4541586560052486,0.44745829567402573
C8,69488,3535,SE01/D04_SE01_R01.txt,SE01,D04,1,0,test,28800,29000,-1,0.486362113859009,0.44745829567402573
C8,69489,3535,SE01/D04_SE01_R01.txt,SE01,D04,1,0,test,28900,29100,-1,0.45203141769590766,0.44745829567402573
C8,69491,3535,SE01/D04_SE01_R01.txt,SE01,D04,1,0,test,29100,29300,-1,0.4718880017312313,0.44745829567402573
C8,69492,3535,SE01/D04_SE01_R01.txt,SE01,D04,1,0,test,29200,29400,-1,0.4730057788024552,0.44745829567402573
C8,69502,3535,SE01/D04_SE01_R01.txt,SE01,D04,1,0,test,30200,30400,-1,0.4978010270110298,0.44745829567402573
C8,69503,3535,SE01/D04_SE01_R01.txt,SE01,D04,1,0,test,30300,30500,-1,0.5195642593718766,0.44745829567402573
C8,69504,3535,SE01/D04_SE01_R01.txt,SE01,D04,1,0,test,30400,30600,-1,0.4966023723204063,0.44745829567402573
C8,69505,3535,SE01/D04_SE01_R01.txt,SE01,D04,1,0,test,30500,30700,-1,0.4856027872953418,0.44745829567402573
C8,69506,3535,SE01/D04_SE01_R01.txt,SE01,D04,1,0,test,30600,30800,-1,0.46847136597925776,0.44745829567402573
C8,69507,3535,SE01/D04_SE01_R01.txt,SE01,D04,1,0,test,30700,30900,-1,0.4586055471930801,0.44745829567402573
C8,69508,3535,SE01/D04_SE01_R01.txt,SE01,D04,1,0,test,30800,31000,-1,0.4851550608073074,0.44745829567402573
C8,69509,3535,SE01/D04_SE01_R01.txt,SE01,D04,1,0,test,30900,31100,-1,0.4970224396539458,0.44745829567402573
C8,69510,3535,SE01/D04_SE01_R01.txt,SE01,D04,1,0,test,31000,31200,-1,0.47949476147026615,0.44745829567402573
C8,69511,3535,SE01/D04_SE01_R01.txt,SE01,D04,1,0,test,31100,31300,-1,0.4555464126472815,0.44745829567402573
C8,69512,3535,SE01/D04_SE01_R01.txt,SE01,D04,1,0,test,31200,31400,-1,0.4826830327392671,0.44745829567402573
C8,69513,3535,SE01/D04_SE01_R01.txt,SE01,D04,1,0,test,31300,31500,-1,0.4744442149064635,0.44745829567402573
C8,69514,3535,SE01/D04_SE01_R01.txt,SE01,D04,1,0,test,31400,31600,-1,0.45093862759730996,0.44745829567402573
C8,69515,3535,SE01/D04_SE01_R01.txt,SE01,D04,1,0,test,31500,31700,-1,0.4890912539287032,0.44745829567402573
C8,69516,3535,SE01/D04_SE01_R01.txt,SE01,D04,1,0,test,31600,31800,-1,0.4757788855051897,0.44745829567402573
C8,69517,3535,SE01/D04_SE01_R01.txt,SE01,D04,1,0,test,31700,31900,-1,0.4562589083781599,0.44745829567402573
C8,69518,3535,SE01/D04_SE01_R01.txt,SE01,D04,1,0,test,31800,32000,-1,0.48406739178086233,0.44745829567402573
C8,69519,3535,SE01/D04_SE01_R01.txt,SE01,D04,1,0,test,31900,32100,-1,0.49642898083116954,0.44745829567402573
C8,69520,3535,SE01/D04_SE01_R01.txt,SE01,D04,1,0,test,32000,32200,-1,0.4786462249527258,0.44745829567402573
C8,69521,3535,SE01/D04_SE01_R01.txt,SE01,D04,1,0,test,32100,32300,-1,0.4680744355663397,0.44745829567402573
C8,69522,3535,SE01/D04_SE01_R01.txt,SE01,D04,1,0,test,32200,32400,-1,0.47517215203876134,0.44745829567402573
C8,69530,3535,SE01/D04_SE01_R01.txt,SE01,D04,1,0,test,33000,33200,-1,0.4631997498868179,0.44745829567402573
C8,69531,3535,SE01/D04_SE01_R01.txt,SE01,D04,1,0,test,33100,33300,-1,0.46905230196259035,0.44745829567402573
C8,69532,3535,SE01/D04_SE01_R01.txt,SE01,D04,1,0,test,33200,33400,-1,0.46439740567536003,0.44745829567402573
C8,69536,3535,SE01/D04_SE01_R01.txt,SE01,D04,1,0,test,33600,33800,-1,0.4680432016449575,0.44745829567402573
C8,69537,3535,SE01/D04_SE01_R01.txt,SE01,D04,1,0,test,33700,33900,-1,0.4509737634329063,0.44745829567402573
C8,69539,3535,SE01/D04_SE01_R01.txt,SE01,D04,1,0,test,33900,34100,-1,0.4488790556402303,0.44745829567402573
C8,69540,3535,SE01/D04_SE01_R01.txt,SE01,D04,1,0,test,34000,34200,-1,0.4732748261530284,0.44745829567402573
C8,69542,3535,SE01/D04_SE01_R01.txt,SE01,D04,1,0,test,34200,34400,-1,0.4677118263253962,0.44745829567402573
C8,69543,3535,SE01/D04_SE01_R01.txt,SE01,D04,1,0,test,34300,34500,-1,0.46751641475546946,0.44745829567402573
C8,69544,3535,SE01/D04_SE01_R01.txt,SE01,D04,1,0,test,34400,34600,-1,0.4550111120092277,0.44745829567402573
C8,69545,3535,SE01/D04_SE01_R01.txt,SE01,D04,1,0,test,34500,34700,-1,0.4591335827912748,0.44745829567402573
C8,69546,3535,SE01/D04_SE01_R01.txt,SE01,D04,1,0,test,34600,34800,-1,0.4533949348498685,0.44745829567402573
C8,69547,3535,SE01/D04_SE01_R01.txt,SE01,D04,1,0,test,34700,34900,-1,0.4696730570882594,0.44745829567402573
C8,69548,3535,SE01/D04_SE01_R01.txt,SE01,D04,1,0,test,34800,35000,-1,0.4653448355266044,0.44745829567402573
C8,69549,3535,SE01/D04_SE01_R01.txt,SE01,D04,1,0,test,34900,35100,-1,0.46898480432620226,0.44745829567402573
C8,69550,3535,SE01/D04_SE01_R01.txt,SE01,D04,1,0,test,35000,35200,-1,0.47831283107103933,0.44745829567402573
C8,69551,3535,SE01/D04_SE01_R01.txt,SE01,D04,1,0,test,35100,35300,-1,0.4515346767857182,0.44745829567402573
C8,69552,3535,SE01/D04_SE01_R01.txt,SE01,D04,1,0,test,35200,35400,-1,0.4787952582852187,0.44745829567402573
C8,69553,3535,SE01/D04_SE01_R01.txt,SE01,D04,1,0,test,35300,35500,-1,0.5055735105237305,0.44745829567402573
C8,69554,3535,SE01/D04_SE01_R01.txt,SE01,D04,1,0,test,35400,35600,-1,0.4543043997013974,0.44745829567402573
C8,69556,3535,SE01/D04_SE01_R01.txt,SE01,D04,1,0,test,35600,35800,-1,0.4879626814535165,0.44745829567402573
C8,69557,3535,SE01/D04_SE01_R01.txt,SE01,D04,1,0,test,35700,35900,-1,0.4764414880087157,0.44745829567402573
C8,75743,3701,SE04/D04_SE04_R01.txt,SE04,D04,1,0,test,1300,1500,-1,0.4485786680835255,0.44745829567402573
C8,75760,3701,SE04/D04_SE04_R01.txt,SE04,D04,1,0,test,3000,3200,-1,0.46536594300990103,0.44745829567402573
C8,75761,3701,SE04/D04_SE04_R01.txt,SE04,D04,1,0,test,3100,3300,-1,0.45533931050422705,0.44745829567402573
C8,75762,3701,SE04/D04_SE04_R01.txt,SE04,D04,1,0,test,3200,3400,-1,0.45252038184787896,0.44745829567402573
C8,75763,3701,SE04/D04_SE04_R01.txt,SE04,D04,1,0,test,3300,3500,-1,0.491967471365367,0.44745829567402573
C8,75764,3701,SE04/D04_SE04_R01.txt,SE04,D04,1,0,test,3400,3600,-1,0.4616848485114286,0.44745829567402573
C8,75767,3701,SE04/D04_SE04_R01.txt,SE04,D04,1,0,test,3700,3900,-1,0.48278623934191384,0.44745829567402573
C8,75768,3701,SE04/D04_SE04_R01.txt,SE04,D04,1,0,test,3800,4000,-1,0.4939542310550448,0.44745829567402573
C8,75769,3701,SE04/D04_SE04_R01.txt,SE04,D04,1,0,test,3900,4100,-1,0.45160172853431163,0.44745829567402573
C8,75770,3701,SE04/D04_SE04_R01.txt,SE04,D04,1,0,test,4000,4200,-1,0.45561047114744885,0.44745829567402573
C8,75771,3701,SE04/D04_SE04_R01.txt,SE04,D04,1,0,test,4100,4300,-1,0.4647195067246099,0.44745829567402573
C8,75772,3701,SE04/D04_SE04_R01.txt,SE04,D04,1,0,test,4200,4400,-1,0.4739792590022633,0.44745829567402573
C8,75773,3701,SE04/D04_SE04_R01.txt,SE04,D04,1,0,test,4300,4500,-1,0.47570325814318004,0.44745829567402573
C8,75775,3701,SE04/D04_SE04_R01.txt,SE04,D04,1,0,test,4500,4700,-1,0.4652494724797456,0.44745829567402573
C8,75776,3701,SE04/D04_SE04_R01.txt,SE04,D04,1,0,test,4600,4800,-1,0.4714957243064593,0.44745829567402573
C8,75779,3701,SE04/D04_SE04_R01.txt,SE04,D04,1,0,test,4900,5100,-1,0.45634631550626276,0.44745829567402573
C8,75783,3701,SE04/D04_SE04_R01.txt,SE04,D04,1,0,test,5300,5500,-1,0.4480999960405234,0.44745829567402573
C8,75786,3701,SE04/D04_SE04_R01.txt,SE04,D04,1,0,test,5600,5800,-1,0.4678298987281979,0.44745829567402573
C8,75787,3701,SE04/D04_SE04_R01.txt,SE04,D04,1,0,test,5700,5900,-1,0.4737526854699889,0.44745829567402573
C8,75789,3701,SE04/D04_SE04_R01.txt,SE04,D04,1,0,test,5900,6100,-1,0.47367251772098073,0.44745829567402573
C8,75790,3701,SE04/D04_SE04_R01.txt,SE04,D04,1,0,test,6000,6200,-1,0.4536490199745462,0.44745829567402573
C8,75792,3701,SE04/D04_SE04_R01.txt,SE04,D04,1,0,test,6200,6400,-1,0.47938041194614867,0.44745829567402573
C8,75793,3701,SE04/D04_SE04_R01.txt,SE04,D04,1,0,test,6300,6500,-1,0.4728635227902724,0.44745829567402573
C8,75799,3701,SE04/D04_SE04_R01.txt,SE04,D04,1,0,test,6900,7100,-1,0.4552386717229873,0.44745829567402573
C8,75800,3701,SE04/D04_SE04_R01.txt,SE04,D04,1,0,test,7000,7200,-1,0.4721417969491762,0.44745829567402573
C8,75808,3701,SE04/D04_SE04_R01.txt,SE04,D04,1,0,test,7800,8000,-1,0.46945290714314736,0.44745829567402573
C8,75810,3701,SE04/D04_SE04_R01.txt,SE04,D04,1,0,test,8000,8200,-1,0.450390507412794,0.44745829567402573
C8,75811,3701,SE04/D04_SE04_R01.txt,SE04,D04,1,0,test,8100,8300,-1,0.49258953853481063,0.44745829567402573
C8,75814,3701,SE04/D04_SE04_R01.txt,SE04,D04,1,0,test,8400,8600,-1,0.46422334343458216,0.44745829567402573
C8,75818,3701,SE04/D04_SE04_R01.txt,SE04,D04,1,0,test,8800,9000,-1,0.4602977791599408,0.44745829567402573
C8,75827,3701,SE04/D04_SE04_R01.txt,SE04,D04,1,0,test,9700,9900,-1,0.47257368129138605,0.44745829567402573
C8,75828,3701,SE04/D04_SE04_R01.txt,SE04,D04,1,0,test,9800,10000,-1,0.45880731576838163,0.44745829567402573
C8,75836,3701,SE04/D04_SE04_R01.txt,SE04,D04,1,0,test,10600,10800,-1,0.45318807063713623,0.44745829567402573
C8,75840,3701,SE04/D04_SE04_R01.txt,SE04,D04,1,0,test,11000,11200,-1,0.4658712274583395,0.44745829567402573
C8,75843,3701,SE04/D04_SE04_R01.txt,SE04,D04,1,0,test,11300,11500,-1,0.4546421057061939,0.44745829567402573
C8,75848,3701,SE04/D04_SE04_R01.txt,SE04,D04,1,0,test,11800,12000,-1,0.47655244363196864,0.44745829567402573
C8,75849,3701,SE04/D04_SE04_R01.txt,SE04,D04,1,0,test,11900,12100,-1,0.4885872115537824,0.44745829567402573
C8,75859,3701,SE04/D04_SE04_R01.txt,SE04,D04,1,0,test,12900,13100,-1,0.45426799602621754,0.44745829567402573
C8,75868,3701,SE04/D04_SE04_R01.txt,SE04,D04,1,0,test,13800,14000,-1,0.4499514750359844,0.44745829567402573
C8,75886,3701,SE04/D04_SE04_R01.txt,SE04,D04,1,0,test,15600,15800,-1,0.45205630438742156,0.44745829567402573
C8,75890,3701,SE04/D04_SE04_R01.txt,SE04,D04,1,0,test,16000,16200,-1,0.44789278482953515,0.44745829567402573
C8,75893,3701,SE04/D04_SE04_R01.txt,SE04,D04,1,0,test,16300,16500,-1,0.48791670236581736,0.44745829567402573
C8,75900,3701,SE04/D04_SE04_R01.txt,SE04,D04,1,0,test,17000,17200,-1,0.45866480370627155,0.44745829567402573
C8,76876,3737,SE04/D14_SE04_R01.txt,SE04,D14,1,0,test,1600,1800,-1,0.5011520798738412,0.44745829567402573
C8,97091,4327,SE13/D04_SE13_R01.txt,SE13,D04,1,0,test,400,600,-1,0.4494683001519508,0.44745829567402573
C8,97183,4327,SE13/D04_SE13_R01.txt,SE13,D04,1,0,test,9600,9800,-1,0.4521211607946416,0.44745829567402573
C8,97184,4327,SE13/D04_SE13_R01.txt,SE13,D04,1,0,test,9700,9900,-1,0.47995206886419267,0.44745829567402573
C8,97185,4327,SE13/D04_SE13_R01.txt,SE13,D04,1,0,test,9800,10000,-1,0.45168103352119776,0.44745829567402573
C8,97221,4327,SE13/D04_SE13_R01.txt,SE13,D04,1,0,test,13400,13600,-1,0.4545012332811538,0.44745829567402573
C8,97222,4327,SE13/D04_SE13_R01.txt,SE13,D04,1,0,test,13500,13700,-1,0.45987726945997026,0.44745829567402573
C8,97226,4327,SE13/D04_SE13_R01.txt,SE13,D04,1,0,test,13900,14100,-1,0.45342130516271884,0.44745829567402573
C8,97227,4327,SE13/D04_SE13_R01.txt,SE13,D04,1,0,test,14000,14200,-1,0.46514211623136736,0.44745829567402573
C8,97278,4327,SE13/D04_SE13_R01.txt,SE13,D04,1,0,test,19100,19300,-1,0.45049694305296323,0.44745829567402573
C8,97279,4327,SE13/D04_SE13_R01.txt,SE13,D04,1,0,test,19200,19400,-1,0.4688048004778807,0.44745829567402573
C8,98296,4366,SE13/D14_SE13_R04.txt,SE13,D14,4,0,test,800,1000,-1,0.4508446368230566,0.44745829567402573
