split,design,path,latency_s
train,pre100_post100,SA03/F01_SA03_R01.txt,0.155
train,pre100_post100,SA03/F01_SA03_R02.txt,0.305
train,pre100_post100,SA03/F01_SA03_R03.txt,0.77
train,pre100_post100,SA03/F01_SA03_R04.txt,0.145
train,pre100_post100,SA03/F02_SA03_R04.txt,0.785
train,pre100_post100,SA03/F02_SA03_R05.txt,0.805
train,pre100_post100,SA03/F04_SA03_R01.txt,0.815
train,pre100_post100,SA03/F04_SA03_R03.txt,0.54
train,pre100_post100,SA03/F04_SA03_R04.txt,0.425
train,pre100_post100,SA03/F05_SA03_R02.txt,0.94
train,pre100_post100,SA03/F05_SA03_R03.txt,0.885
train,pre100_post100,SA03/F05_SA03_R04.txt,0.925
train,pre100_post100,SA03/F06_SA03_R02.txt,0.45
train,pre100_post100,SA03/F06_SA03_R03.txt,0.83
train,pre100_post100,SA03/F07_SA03_R01.txt,0.44
train,pre100_post100,SA03/F07_SA03_R02.txt,0.71
train,pre100_post100,SA03/F07_SA03_R03.txt,0.41
train,pre100_post100,SA03/F08_SA03_R01.txt,0.495
train,pre100_post100,SA03/F08_SA03_R02.txt,0.97
train,pre100_post100,SA03/F08_SA03_R03.txt,0.895
train,pre100_post100,SA03/F08_SA03_R04.txt,1.1
train,pre100_post100,SA03/F09_SA03_R01.txt,0.44
train,pre100_post100,SA03/F09_SA03_R02.txt,0.485
train,pre100_post100,SA03/F09_SA03_R03.txt,0.46
train,pre100_post100,SA03/F09_SA03_R04.txt,0.925
train,pre100_post100,SA03/F09_SA03_R05.txt,0.465
train,pre100_post100,SA03/F10_SA03_R03.txt,0.94
train,pre100_post100,SA03/F10_SA03_R05.txt,0.92
train,pre100_post100,SA03/F11_SA03_R01.txt,0.425
train,pre100_post100,SA03/F12_SA03_R01.txt,0.465
train,pre100_post100,SA03/F12_SA03_R03.txt,0.445
train,pre100_post100,SA03/F13_SA03_R01.txt,0.33
train,pre100_post100,SA03/F13_SA03_R02.txt,0.13
train,pre100_post100,SA03/F13_SA03_R03.txt,0.035
train,pre100_post100,SA03/F14_SA03_R03.txt,0.475
train,pre100_post100,SA03/F14_SA03_R04.txt,0.475
train,pre100_post100,SA03/F15_SA03_R01.txt,0.455
train,pre100_post100,SA03/F15_SA03_R02.txt,0.39
train,pre100_post100,SA03/F15_SA03_R03.txt,0.305
train,pre100_post100,SA03/F15_SA03_R04.txt,0.465
train,pre100_post100,SA04/F01_SA04_R01.txt,0.175
train,pre100_post100,SA04/F01_SA04_R02.txt,0.325
train,pre100_post100,SA04/F01_SA04_R03.txt,0.375
train,pre100_post100,SA04/F01_SA04_R04.txt,0.77
train,pre100_post100,SA04/F01_SA04_R05.txt,0.32
train,pre100_post100,SA04/F02_SA04_R01.txt,0.485
train,pre100_post100,SA04/F02_SA04_R02.txt,1.125
train,pre100_post100,SA04/F02_SA04_R03.txt,0.72
train,pre100_post100,SA04/F02_SA04_R04.txt,0.7
train,pre100_post100,SA04/F02_SA04_R05.txt,0.185
train,pre100_post100,SA04/F03_SA04_R01.txt,0.245
train,pre100_post100,SA04/F03_SA04_R02.txt,1.375
train,pre100_post100,SA04/F03_SA04_R03.txt,0.505
train,pre100_post100,SA04/F03_SA04_R04.txt,0.775
train,pre100_post100,SA04/F03_SA04_R05.txt,1.1
train,pre100_post100,SA04/F04_SA04_R01.txt,-0.175
train,pre100_post100,SA04/F04_SA04_R02.txt,0.455
train,pre100_post100,SA04/F04_SA04_R03.txt,0.47
train,pre100_post100,SA04/F04_SA04_R05.txt,0.79
train,pre100_post100,SA04/F05_SA04_R02.txt,0.785
train,pre100_post100,SA04/F05_SA04_R03.txt,0.76
train,pre100_post100,SA04/F05_SA04_R04.txt,0.23
train,pre100_post100,SA04/F05_SA04_R05.txt,1.08
train,pre100_post100,SA04/F06_SA04_R01.txt,0.905
train,pre100_post100,SA04/F06_SA04_R02.txt,0.765
train,pre100_post100,SA04/F06_SA04_R03.txt,0.5
train,pre100_post100,SA04/F06_SA04_R04.txt,0.685
train,pre100_post100,SA04/F06_SA04_R05.txt,1.0
train,pre100_post100,SA04/F07_SA04_R02.txt,0.475
train,pre100_post100,SA04/F07_SA04_R03.txt,0.44
train,pre100_post100,SA04/F07_SA04_R05.txt,0.49
train,pre100_post100,SA04/F08_SA04_R01.txt,0.785
train,pre100_post100,SA04/F08_SA04_R02.txt,0.85
train,pre100_post100,SA04/F08_SA04_R03.txt,1.22
train,pre100_post100,SA04/F08_SA04_R04.txt,0.895
train,pre100_post100,SA04/F08_SA04_R05.txt,0.83
train,pre100_post100,SA04/F09_SA04_R01.txt,0.69
train,pre100_post100,SA04/F09_SA04_R02.txt,0.695
train,pre100_post100,SA04/F09_SA04_R03.txt,0.87
train,pre100_post100,SA04/F09_SA04_R04.txt,0.87
train,pre100_post100,SA04/F09_SA04_R05.txt,0.7
train,pre100_post100,SA04/F10_SA04_R01.txt,0.865
train,pre100_post100,SA04/F10_SA04_R02.txt,0.5
train,pre100_post100,SA04/F10_SA04_R03.txt,0.44
train,pre100_post100,SA04/F10_SA04_R04.txt,0.175
train,pre100_post100,SA04/F10_SA04_R05.txt,0.18
train,pre100_post100,SA04/F11_SA04_R01.txt,0.445
train,pre100_post100,SA04/F11_SA04_R02.txt,0.47
train,pre100_post100,SA04/F11_SA04_R04.txt,0.695
train,pre100_post100,SA04/F11_SA04_R05.txt,0.3
train,pre100_post100,SA04/F12_SA04_R01.txt,0.49
train,pre100_post100,SA04/F12_SA04_R02.txt,0.885
train,pre100_post100,SA04/F12_SA04_R03.txt,0.415
train,pre100_post100,SA04/F12_SA04_R05.txt,0.89
train,pre100_post100,SA04/F13_SA04_R02.txt,0.76
train,pre100_post100,SA04/F14_SA04_R01.txt,0.47
train,pre100_post100,SA04/F14_SA04_R02.txt,0.5
train,pre100_post100,SA04/F14_SA04_R03.txt,0.435
train,pre100_post100,SA04/F14_SA04_R04.txt,0.48
train,pre100_post100,SA04/F14_SA04_R05.txt,0.495
train,pre100_post100,SA04/F15_SA04_R01.txt,0.395
train,pre100_post100,SA04/F15_SA04_R02.txt,0.43
train,pre100_post100,SA04/F15_SA04_R05.txt,0.46
train,pre100_post100,SA07/F01_SA07_R01.txt,0.34
train,pre100_post100,SA07/F01_SA07_R02.txt,0.895
train,pre100_post100,SA07/F01_SA07_R03.txt,-0.03
train,pre100_post100,SA07/F01_SA07_R04.txt,0.215
train,pre100_post100,SA07/F01_SA07_R05.txt,1.07
train,pre100_post100,SA07/F02_SA07_R01.txt,0.005
train,pre100_post100,SA07/F02_SA07_R02.txt,0.68
train,pre100_post100,SA07/F02_SA07_R03.txt,0.985
train,pre100_post100,SA07/F03_SA07_R02.txt,1.135
train,pre100_post100,SA07/F03_SA07_R03.txt,0.385
train,pre100_post100,SA07/F03_SA07_R05.txt,0.81
train,pre100_post100,SA07/F04_SA07_R01.txt,0.745
train,pre100_post100,SA07/F04_SA07_R02.txt,0.37
train,pre100_post100,SA07/F04_SA07_R04.txt,1.135
train,pre100_post100,SA07/F05_SA07_R05.txt,0.81
train,pre100_post100,SA07/F06_SA07_R01.txt,0.495
train,pre100_post100,SA07/F06_SA07_R02.txt,0.885
train,pre100_post100,SA07/F06_SA07_R03.txt,0.48
train,pre100_post100,SA07/F06_SA07_R04.txt,0.475
train,pre100_post100,SA07/F07_SA07_R01.txt,0.685
train,pre100_post100,SA07/F07_SA07_R03.txt,0.495
train,pre100_post100,SA07/F07_SA07_R04.txt,0.37
train,pre100_post100,SA07/F07_SA07_R05.txt,0.35
train,pre100_post100,SA07/F08_SA07_R01.txt,0.405
train,pre100_post100,SA07/F08_SA07_R02.txt,0.795
train,pre100_post100,SA07/F08_SA07_R03.txt,0.47
train,pre100_post100,SA07/F08_SA07_R04.txt,0.31
train,pre100_post100,SA07/F08_SA07_R05.txt,0.8
train,pre100_post100,SA07/F09_SA07_R01.txt,0.47
train,pre100_post100,SA07/F09_SA07_R02.txt,0.45
train,pre100_post100,SA07/F09_SA07_R03.txt,0.47
train,pre100_post100,SA07/F09_SA07_R04.txt,0.51
train,pre100_post100,SA07/F09_SA07_R05.txt,0.38
train,pre100_post100,SA07/F10_SA07_R01.txt,0.165
train,pre100_post100,SA07/F10_SA07_R02.txt,0.705
train,pre100_post100,SA07/F10_SA07_R03.txt,0.105
train,pre100_post100,SA07/F10_SA07_R04.txt,0.47
train,pre100_post100,SA07/F10_SA07_R05.txt,0.205
train,pre100_post100,SA07/F11_SA07_R01.txt,0.47
train,pre100_post100,SA07/F11_SA07_R02.txt,0.47
train,pre100_post100,SA07/F11_SA07_R03.txt,0.68
train,pre100_post100,SA07/F11_SA07_R04.txt,0.68
train,pre100_post100,SA07/F11_SA07_R05.txt,0.495
train,pre100_post100,SA07/F12_SA07_R01.txt,0.47
train,pre100_post100,SA07/F12_SA07_R02.txt,1.15
train,pre100_post100,SA07/F12_SA07_R04.txt,0.46
train,pre100_post100,SA07/F12_SA07_R05.txt,0.47
train,pre100_post100,SA07/F13_SA07_R03.txt,0.795
train,pre100_post100,SA07/F13_SA07_R04.txt,0.23
train,pre100_post100,SA07/F14_SA07_R01.txt,0.51
train,pre100_post100,SA07/F14_SA07_R02.txt,0.33
train,pre100_post100,SA07/F14_SA07_R03.txt,0.495
train,pre100_post100,SA07/F14_SA07_R04.txt,0.5
train,pre100_post100,SA07/F14_SA07_R05.txt,0.365
train,pre100_post100,SA07/F15_SA07_R01.txt,0.46
train,pre100_post100,SA07/F15_SA07_R02.txt,0.485
train,pre100_post100,SA07/F15_SA07_R03.txt,0.485
train,pre100_post100,SA10/F01_SA10_R02.txt,0.52
train,pre100_post100,SA10/F01_SA10_R03.txt,0.385
train,pre100_post100,SA10/F01_SA10_R04.txt,0.74
train,pre100_post100,SA10/F02_SA10_R01.txt,0.495
train,pre100_post100,SA10/F02_SA10_R04.txt,0.515
train,pre100_post100,SA10/F02_SA10_R05.txt,0.68
train,pre100_post100,SA10/F03_SA10_R03.txt,0.51
train,pre100_post100,SA10/F03_SA10_R04.txt,0.36
train,pre100_post100,SA10/F04_SA10_R01.txt,0.34
train,pre100_post100,SA10/F04_SA10_R02.txt,0.48
train,pre100_post100,SA10/F04_SA10_R05.txt,1.075
train,pre100_post100,SA10/F05_SA10_R03.txt,0.995
train,pre100_post100,SA10/F05_SA10_R04.txt,0.315
train,pre100_post100,SA10/F05_SA10_R05.txt,0.075
train,pre100_post100,SA10/F06_SA10_R02.txt,0.195
train,pre100_post100,SA10/F06_SA10_R03.txt,0.535
train,pre100_post100,SA10/F06_SA10_R04.txt,0.795
train,pre100_post100,SA10/F06_SA10_R05.txt,0.33
train,pre100_post100,SA10/F07_SA10_R02.txt,0.33
train,pre100_post100,SA10/F07_SA10_R03.txt,0.415
train,pre100_post100,SA10/F08_SA10_R01.txt,0.775
train,pre100_post100,SA10/F08_SA10_R02.txt,0.77
train,pre100_post100,SA10/F08_SA10_R03.txt,0.495
train,pre100_post100,SA10/F08_SA10_R04.txt,0.91
train,pre100_post100,SA10/F08_SA10_R05.txt,0.715
train,pre100_post100,SA10/F09_SA10_R01.txt,1.005
train,pre100_post100,SA10/F09_SA10_R02.txt,0.685
train,pre100_post100,SA10/F09_SA10_R03.txt,0.5
train,pre100_post100,SA10/F09_SA10_R04.txt,0.515
train,pre100_post100,SA10/F09_SA10_R05.txt,0.465
train,pre100_post100,SA10/F10_SA10_R01.txt,1.145
train,pre100_post100,SA10/F10_SA10_R03.txt,0.71
train,pre100_post100,SA10/F10_SA10_R04.txt,0.785
train,pre100_post100,SA10/F11_SA10_R01.txt,0.685
train,pre100_post100,SA10/F11_SA10_R05.txt,0.395
train,pre100_post100,SA10/F12_SA10_R01.txt,0.49
train,pre100_post100,SA10/F12_SA10_R02.txt,0.37
train,pre100_post100,SA10/F12_SA10_R03.txt,0.38
train,pre100_post100,SA10/F13_SA10_R03.txt,0.305
train,pre100_post100,SA10/F13_SA10_R05.txt,0.75
train,pre100_post100,SA10/F14_SA10_R02.txt,0.495
train,pre100_post100,SA10/F14_SA10_R03.txt,0.485
train,pre100_post100,SA10/F14_SA10_R04.txt,0.47
train,pre100_post100,SA10/F15_SA10_R04.txt,0.455
train,pre100_post100,SA10/F15_SA10_R05.txt,0.375
train,pre100_post100,SA11/F01_SA11_R01.txt,0.74
train,pre100_post100,SA11/F01_SA11_R03.txt,0.71
train,pre100_post100,SA11/F01_SA11_R05.txt,0.835
train,pre100_post100,SA11/F02_SA11_R02.txt,0.385
train,pre100_post100,SA11/F02_SA11_R03.txt,0.17
train,pre100_post100,SA11/F02_SA11_R04.txt,0.2
train,pre100_post100,SA11/F02_SA11_R05.txt,1.005
train,pre100_post100,SA11/F03_SA11_R02.txt,0.795
train,pre100_post100,SA11/F03_SA11_R03.txt,0.7
train,pre100_post100,SA11/F03_SA11_R04.txt,0.845
train,pre100_post100,SA11/F03_SA11_R05.txt,0.31
train,pre100_post100,SA11/F04_SA11_R04.txt,0.78
train,pre100_post100,SA11/F04_SA11_R05.txt,0.465
train,pre100_post100,SA11/F05_SA11_R01.txt,0.435
train,pre100_post100,SA11/F05_SA11_R03.txt,0.745
train,pre100_post100,SA11/F05_SA11_R04.txt,0.335
train,pre100_post100,SA11/F05_SA11_R05.txt,0.535
train,pre100_post100,SA11/F06_SA11_R02.txt,0.81
train,pre100_post100,SA11/F06_SA11_R03.txt,0.495
train,pre100_post100,SA11/F06_SA11_R04.txt,0.71
train,pre100_post100,SA11/F06_SA11_R05.txt,0.75
train,pre100_post100,SA11/F07_SA11_R01.txt,0.465
train,pre100_post100,SA11/F07_SA11_R02.txt,0.425
train,pre100_post100,SA11/F07_SA11_R03.txt,0.465
train,pre100_post100,SA11/F07_SA11_R04.txt,0.395
train,pre100_post100,SA11/F07_SA11_R05.txt,0.775
train,pre100_post100,SA11/F08_SA11_R04.txt,0.685
train,pre100_post100,SA11/F08_SA11_R05.txt,0.915
train,pre100_post100,SA11/F09_SA11_R01.txt,0.87
train,pre100_post100,SA11/F09_SA11_R02.txt,0.74
train,pre100_post100,SA11/F09_SA11_R03.txt,0.69
train,pre100_post100,SA11/F09_SA11_R05.txt,0.71
train,pre100_post100,SA11/F10_SA11_R01.txt,0.345
train,pre100_post100,SA11/F10_SA11_R02.txt,0.48
train,pre100_post100,SA11/F10_SA11_R03.txt,0.185
train,pre100_post100,SA11/F11_SA11_R01.txt,0.46
train,pre100_post100,SA11/F11_SA11_R02.txt,0.455
train,pre100_post100,SA11/F11_SA11_R03.txt,0.49
train,pre100_post100,SA11/F11_SA11_R04.txt,0.49
train,pre100_post100,SA11/F11_SA11_R05.txt,0.48
train,pre100_post100,SA11/F12_SA11_R01.txt,0.485
train,pre100_post100,SA11/F12_SA11_R02.txt,0.49
train,pre100_post100,SA11/F12_SA11_R03.txt,0.48
train,pre100_post100,SA11/F12_SA11_R04.txt,0.5
train,pre100_post100,SA11/F12_SA11_R05.txt,0.495
train,pre100_post100,SA11/F13_SA11_R01.txt,0.23
train,pre100_post100,SA11/F13_SA11_R03.txt,0.34
train,pre100_post100,SA11/F13_SA11_R04.txt,0.375
train,pre100_post100,SA11/F14_SA11_R01.txt,0.485
train,pre100_post100,SA11/F14_SA11_R02.txt,0.255
train,pre100_post100,SA11/F14_SA11_R04.txt,0.485
train,pre100_post100,SA11/F14_SA11_R05.txt,0.28
train,pre100_post100,SA11/F15_SA11_R01.txt,0.435
train,pre100_post100,SA11/F15_SA11_R02.txt,0.69
train,pre100_post100,SA11/F15_SA11_R03.txt,0.43
train,pre100_post100,SA11/F15_SA11_R05.txt,0.28
train,pre100_post100,SA12/F01_SA12_R03.txt,0.155
train,pre100_post100,SA12/F01_SA12_R04.txt,0.025
train,pre100_post100,SA12/F02_SA12_R01.txt,0.725
train,pre100_post100,SA12/F02_SA12_R02.txt,0.255
train,pre100_post100,SA12/F03_SA12_R01.txt,0.34
train,pre100_post100,SA12/F03_SA12_R03.txt,1.29
train,pre100_post100,SA12/F03_SA12_R04.txt,0.915
train,pre100_post100,SA12/F04_SA12_R01.txt,0.845
train,pre100_post100,SA12/F04_SA12_R02.txt,0.52
train,pre100_post100,SA12/F04_SA12_R03.txt,0.215
train,pre100_post100,SA12/F04_SA12_R04.txt,0.7
train,pre100_post100,SA12/F04_SA12_R05.txt,0.49
train,pre100_post100,SA12/F05_SA12_R01.txt,0.88
train,pre100_post100,SA12/F05_SA12_R02.txt,0.12
train,pre100_post100,SA12/F05_SA12_R03.txt,0.24
train,pre100_post100,SA12/F05_SA12_R04.txt,0.535
train,pre100_post100,SA12/F05_SA12_R05.txt,0.44
train,pre100_post100,SA12/F06_SA12_R02.txt,1.065
train,pre100_post100,SA12/F06_SA12_R03.txt,1.085
train,pre100_post100,SA12/F06_SA12_R04.txt,0.305
train,pre100_post100,SA12/F07_SA12_R01.txt,0.375
train,pre100_post100,SA12/F07_SA12_R03.txt,0.455
train,pre100_post100,SA12/F07_SA12_R04.txt,0.7
train,pre100_post100,SA12/F07_SA12_R05.txt,1.065
train,pre100_post100,SA12/F08_SA12_R01.txt,0.815
train,pre100_post100,SA12/F08_SA12_R03.txt,0.39
train,pre100_post100,SA12/F08_SA12_R04.txt,1.155
train,pre100_post100,SA12/F08_SA12_R05.txt,1.185
train,pre100_post100,SA12/F09_SA12_R03.txt,0.96
train,pre100_post100,SA12/F09_SA12_R04.txt,1.115
train,pre100_post100,SA12/F10_SA12_R01.txt,0.27
train,pre100_post100,SA12/F10_SA12_R02.txt,0.38
train,pre100_post100,SA12/F10_SA12_R03.txt,0.485
train,pre100_post100,SA12/F10_SA12_R04.txt,0.34
train,pre100_post100,SA12/F10_SA12_R05.txt,0.47
train,pre100_post100,SA12/F11_SA12_R01.txt,0.49
train,pre100_post100,SA12/F11_SA12_R02.txt,0.495
train,pre100_post100,SA12/F11_SA12_R04.txt,0.5
train,pre100_post100,SA12/F11_SA12_R05.txt,0.18
train,pre100_post100,SA12/F12_SA12_R01.txt,0.48
train,pre100_post100,SA12/F12_SA12_R02.txt,0.435
train,pre100_post100,SA12/F12_SA12_R03.txt,0.46
train,pre100_post100,SA12/F12_SA12_R04.txt,0.5
train,pre100_post100,SA12/F12_SA12_R05.txt,0.49
train,pre100_post100,SA12/F13_SA12_R02.txt,0.045
train,pre100_post100,SA12/F13_SA12_R03.txt,0.16
train,pre100_post100,SA12/F13_SA12_R04.txt,0.235
train,pre100_post100,SA12/F14_SA12_R01.txt,0.495
train,pre100_post100,SA12/F14_SA12_R02.txt,0.29
train,pre100_post100,SA12/F14_SA12_R04.txt,0.485
train,pre100_post100,SA12/F15_SA12_R01.txt,0.32
train,pre100_post100,SA12/F15_SA12_R02.txt,0.455
train,pre100_post100,SA12/F15_SA12_R03.txt,0.49
train,pre100_post100,SA12/F15_SA12_R04.txt,0.5
train,pre100_post100,SA12/F15_SA12_R05.txt,0.19
train,pre100_post100,SA14/F01_SA14_R02.txt,0.145
train,pre100_post100,SA14/F01_SA14_R04.txt,0.34
train,pre100_post100,SA14/F01_SA14_R05.txt,0.4
train,pre100_post100,SA14/F02_SA14_R03.txt,0.73
train,pre100_post100,SA14/F02_SA14_R04.txt,0.735
train,pre100_post100,SA14/F02_SA14_R05.txt,1.045
train,pre100_post100,SA14/F03_SA14_R01.txt,1.045
train,pre100_post100,SA14/F03_SA14_R02.txt,0.795
train,pre100_post100,SA14/F03_SA14_R03.txt,0.42
train,pre100_post100,SA14/F03_SA14_R05.txt,0.295
train,pre100_post100,SA14/F04_SA14_R01.txt,0.825
train,pre100_post100,SA14/F04_SA14_R02.txt,0.71
train,pre100_post100,SA14/F04_SA14_R03.txt,0.47
train,pre100_post100,SA14/F04_SA14_R04.txt,0.505
train,pre100_post100,SA14/F04_SA14_R05.txt,0.495
train,pre100_post100,SA14/F05_SA14_R01.txt,0.16
train,pre100_post100,SA14/F05_SA14_R02.txt,0.22
train,pre100_post100,SA14/F05_SA14_R04.txt,0.245
train,pre100_post100,SA14/F05_SA14_R05.txt,0.205
train,pre100_post100,SA14/F06_SA14_R01.txt,0.725
train,pre100_post100,SA14/F06_SA14_R03.txt,0.74
train,pre100_post100,SA14/F06_SA14_R04.txt,1.07
train,pre100_post100,SA14/F07_SA14_R01.txt,0.95
train,pre100_post100,SA14/F07_SA14_R03.txt,0.365
train,pre100_post100,SA14/F07_SA14_R04.txt,0.735
train,pre100_post100,SA14/F08_SA14_R01.txt,0.405
train,pre100_post100,SA14/F08_SA14_R02.txt,1.015
train,pre100_post100,SA14/F08_SA14_R03.txt,0.71
train,pre100_post100,SA14/F08_SA14_R04.txt,0.985
train,pre100_post100,SA14/F08_SA14_R05.txt,0.745
train,pre100_post100,SA14/F09_SA14_R01.txt,0.745
train,pre100_post100,SA14/F09_SA14_R02.txt,1.04
train,pre100_post100,SA14/F09_SA14_R03.txt,1.085
train,pre100_post100,SA14/F09_SA14_R04.txt,0.745
train,pre100_post100,SA14/F09_SA14_R05.txt,0.745
train,pre100_post100,SA14/F10_SA14_R01.txt,0.195
train,pre100_post100,SA14/F10_SA14_R03.txt,1.26
train,pre100_post100,SA14/F10_SA14_R04.txt,0.475
train,pre100_post100,SA14/F10_SA14_R05.txt,1.055
train,pre100_post100,SA14/F12_SA14_R02.txt,1.025
train,pre100_post100,SA14/F13_SA14_R01.txt,1.225
train,pre100_post100,SA14/F14_SA14_R01.txt,0.48
train,pre100_post100,SA14/F14_SA14_R02.txt,0.475
train,pre100_post100,SA14/F14_SA14_R03.txt,0.41
train,pre100_post100,SA14/F14_SA14_R04.txt,0.435
train,pre100_post100,SA14/F14_SA14_R05.txt,0.485
train,pre100_post100,SA14/F15_SA14_R01.txt,0.5
train,pre100_post100,SA14/F15_SA14_R02.txt,0.49
train,pre100_post100,SA14/F15_SA14_R03.txt,0.51
train,pre100_post100,SA14/F15_SA14_R04.txt,0.515
train,pre100_post100,SA14/F15_SA14_R05.txt,0.48
train,pre100_post100,SA15/F01_SA15_R01.txt,0.3
train,pre100_post100,SA15/F01_SA15_R03.txt,0.22
train,pre100_post100,SA15/F01_SA15_R04.txt,0.345
train,pre100_post100,SA15/F01_SA15_R05.txt,0.815
train,pre100_post100,SA15/F02_SA15_R02.txt,0.49
train,pre100_post100,SA15/F02_SA15_R03.txt,0.07
train,pre100_post100,SA15/F02_SA15_R04.txt,0.365
train,pre100_post100,SA15/F03_SA15_R01.txt,0.74
train,pre100_post100,SA15/F03_SA15_R02.txt,0.235
train,pre100_post100,SA15/F03_SA15_R03.txt,0.38
train,pre100_post100,SA15/F03_SA15_R04.txt,1.025
train,pre100_post100,SA15/F03_SA15_R05.txt,0.3
train,pre100_post100,SA15/F04_SA15_R01.txt,0.715
train,pre100_post100,SA15/F04_SA15_R02.txt,0.72
train,pre100_post100,SA15/F04_SA15_R03.txt,0.515
train,pre100_post100,SA15/F05_SA15_R02.txt,-0.09
train,pre100_post100,SA15/F05_SA15_R03.txt,0.34
train,pre100_post100,SA15/F05_SA15_R04.txt,0.16
train,pre100_post100,SA15/F05_SA15_R05.txt,0.525
train,pre100_post100,SA15/F06_SA15_R01.txt,0.695
train,pre100_post100,SA15/F06_SA15_R02.txt,0.36
train,pre100_post100,SA15/F06_SA15_R03.txt,0.24
train,pre100_post100,SA15/F06_SA15_R04.txt,0.355
train,pre100_post100,SA15/F06_SA15_R05.txt,0.39
train,pre100_post100,SA15/F07_SA15_R01.txt,0.2
train,pre100_post100,SA15/F07_SA15_R02.txt,0.145
train,pre100_post100,SA15/F07_SA15_R03.txt,1.01
train,pre100_post100,SA15/F07_SA15_R04.txt,0.295
train,pre100_post100,SA15/F07_SA15_R05.txt,0.37
train,pre100_post100,SA15/F08_SA15_R01.txt,0.5
train,pre100_post100,SA15/F08_SA15_R05.txt,0.36
train,pre100_post100,SA15/F09_SA15_R01.txt,0.43
train,pre100_post100,SA15/F09_SA15_R02.txt,0.45
train,pre100_post100,SA15/F09_SA15_R03.txt,0.47
train,pre100_post100,SA15/F09_SA15_R04.txt,0.29
train,pre100_post100,SA15/F09_SA15_R05.txt,0.325
train,pre100_post100,SA15/F10_SA15_R01.txt,0.395
train,pre100_post100,SA15/F10_SA15_R02.txt,0.49
train,pre100_post100,SA15/F10_SA15_R03.txt,0.285
train,pre100_post100,SA15/F10_SA15_R04.txt,0.275
train,pre100_post100,SA15/F10_SA15_R05.txt,0.16
train,pre100_post100,SA15/F11_SA15_R02.txt,0.43
train,pre100_post100,SA15/F11_SA15_R03.txt,0.39
train,pre100_post100,SA15/F12_SA15_R01.txt,0.475
train,pre100_post100,SA15/F12_SA15_R02.txt,0.355
train,pre100_post100,SA15/F12_SA15_R03.txt,0.46
train,pre100_post100,SA15/F12_SA15_R04.txt,0.325
train,pre100_post100,SA15/F12_SA15_R05.txt,0.395
train,pre100_post100,SA15/F13_SA15_R01.txt,0.39
train,pre100_post100,SA15/F13_SA15_R02.txt,0.28
train,pre100_post100,SA15/F13_SA15_R03.txt,0.165
train,pre100_post100,SA15/F13_SA15_R05.txt,0.46
train,pre100_post100,SA15/F14_SA15_R01.txt,0.47
train,pre100_post100,SA15/F14_SA15_R02.txt,0.485
train,pre100_post100,SA15/F14_SA15_R03.txt,0.49
train,pre100_post100,SA15/F14_SA15_R05.txt,0.485
train,pre100_post100,SA15/F15_SA15_R01.txt,0.42
train,pre100_post100,SA15/F15_SA15_R04.txt,0.51
train,pre100_post100,SA15/F15_SA15_R05.txt,0.35
train,pre100_post100,SA16/F01_SA16_R01.txt,1.03
train,pre100_post100,SA16/F01_SA16_R02.txt,0.12
train,pre100_post100,SA16/F01_SA16_R03.txt,0.53
train,pre100_post100,SA16/F01_SA16_R04.txt,0.37
train,pre100_post100,SA16/F02_SA16_R01.txt,0.5
train,pre100_post100,SA16/F02_SA16_R02.txt,0.9
train,pre100_post100,SA16/F03_SA16_R01.txt,1.01
train,pre100_post100,SA16/F03_SA16_R04.txt,0.71
train,pre100_post100,SA16/F03_SA16_R05.txt,0.98
train,pre100_post100,SA16/F04_SA16_R01.txt,0.755
train,pre100_post100,SA16/F04_SA16_R02.txt,0.685
train,pre100_post100,SA16/F04_SA16_R03.txt,1.16
train,pre100_post100,SA16/F04_SA16_R04.txt,0.34
train,pre100_post100,SA16/F05_SA16_R02.txt,0.03
train,pre100_post100,SA16/F05_SA16_R05.txt,0.83
train,pre100_post100,SA16/F06_SA16_R01.txt,1.325
train,pre100_post100,SA16/F06_SA16_R02.txt,1.255
train,pre100_post100,SA16/F06_SA16_R03.txt,0.495
train,pre100_post100,SA16/F06_SA16_R04.txt,0.37
train,pre100_post100,SA16/F06_SA16_R05.txt,0.41
train,pre100_post100,SA16/F07_SA16_R01.txt,0.365
train,pre100_post100,SA16/F07_SA16_R02.txt,0.485
train,pre100_post100,SA16/F07_SA16_R04.txt,1.28
train,pre100_post100,SA16/F07_SA16_R05.txt,1.27
train,pre100_post100,SA16/F08_SA16_R01.txt,0.905
train,pre100_post100,SA16/F08_SA16_R02.txt,0.415
train,pre100_post100,SA16/F08_SA16_R03.txt,0.515
train,pre100_post100,SA16/F08_SA16_R04.txt,0.515
train,pre100_post100,SA16/F08_SA16_R05.txt,0.74
train,pre100_post100,SA16/F09_SA16_R01.txt,0.485
train,pre100_post100,SA16/F09_SA16_R02.txt,0.69
train,pre100_post100,SA16/F09_SA16_R03.txt,0.485
train,pre100_post100,SA16/F09_SA16_R04.txt,0.48
train,pre100_post100,SA16/F09_SA16_R05.txt,0.495
train,pre100_post100,SA16/F10_SA16_R01.txt,0.32
train,pre100_post100,SA16/F10_SA16_R02.txt,0.31
train,pre100_post100,SA16/F10_SA16_R03.txt,0.325
train,pre100_post100,SA16/F10_SA16_R04.txt,0.29
train,pre100_post100,SA16/F10_SA16_R05.txt,0.71
train,pre100_post100,SA16/F11_SA16_R01.txt,0.51
train,pre100_post100,SA16/F11_SA16_R02.txt,0.505
train,pre100_post100,SA16/F11_SA16_R03.txt,0.51
train,pre100_post100,SA16/F11_SA16_R04.txt,0.505
train,pre100_post100,SA16/F11_SA16_R05.txt,0.5
train,pre100_post100,SA16/F12_SA16_R01.txt,0.46
train,pre100_post100,SA16/F12_SA16_R02.txt,0.47
train,pre100_post100,SA16/F12_SA16_R03.txt,0.495
train,pre100_post100,SA16/F12_SA16_R04.txt,0.48
train,pre100_post100,SA16/F12_SA16_R05.txt,0.44
train,pre100_post100,SA16/F13_SA16_R05.txt,0.09
train,pre100_post100,SA16/F14_SA16_R01.txt,0.49
train,pre100_post100,SA16/F14_SA16_R02.txt,0.495
train,pre100_post100,SA16/F14_SA16_R03.txt,0.425
train,pre100_post100,SA16/F14_SA16_R04.txt,0.41
train,pre100_post100,SA16/F14_SA16_R05.txt,0.47
train,pre100_post100,SA16/F15_SA16_R01.txt,0.425
train,pre100_post100,SA16/F15_SA16_R02.txt,0.4
train,pre100_post100,SA16/F15_SA16_R03.txt,0.405
train,pre100_post100,SA16/F15_SA16_R04.txt,0.335
train,pre100_post100,SA16/F15_SA16_R05.txt,0.485
train,pre100_post100,SA18/F01_SA18_R01.txt,0.185
train,pre100_post100,SA18/F01_SA18_R03.txt,1.04
train,pre100_post100,SA18/F01_SA18_R04.txt,0.12
train,pre100_post100,SA18/F01_SA18_R05.txt,0.82
train,pre100_post100,SA18/F02_SA18_R03.txt,0.73
train,pre100_post100,SA18/F02_SA18_R04.txt,1.095
train,pre100_post100,SA18/F02_SA18_R05.txt,1.1
train,pre100_post100,SA18/F03_SA18_R01.txt,0.475
train,pre100_post100,SA18/F03_SA18_R02.txt,0.51
train,pre100_post100,SA18/F03_SA18_R03.txt,0.74
train,pre100_post100,SA18/F03_SA18_R04.txt,0.71
train,pre100_post100,SA18/F03_SA18_R05.txt,0.505
train,pre100_post100,SA18/F04_SA18_R01.txt,0.315
train,pre100_post100,SA18/F04_SA18_R03.txt,0.7
train,pre100_post100,SA18/F04_SA18_R05.txt,0.155
train,pre100_post100,SA18/F05_SA18_R02.txt,0.265
train,pre100_post100,SA18/F05_SA18_R03.txt,0.74
train,pre100_post100,SA18/F06_SA18_R01.txt,0.49
train,pre100_post100,SA18/F06_SA18_R02.txt,0.5
train,pre100_post100,SA18/F06_SA18_R03.txt,0.335
train,pre100_post100,SA18/F06_SA18_R04.txt,0.355
train,pre100_post100,SA18/F06_SA18_R05.txt,0.705
train,pre100_post100,SA18/F07_SA18_R02.txt,0.32
train,pre100_post100,SA18/F07_SA18_R03.txt,0.455
train,pre100_post100,SA18/F07_SA18_R04.txt,0.46
train,pre100_post100,SA18/F08_SA18_R01.txt,0.275
train,pre100_post100,SA18/F08_SA18_R02.txt,0.695
train,pre100_post100,SA18/F08_SA18_R03.txt,0.185
train,pre100_post100,SA18/F08_SA18_R04.txt,0.295
train,pre100_post100,SA18/F08_SA18_R05.txt,0.325
train,pre100_post100,SA18/F09_SA18_R01.txt,0.905
train,pre100_post100,SA18/F09_SA18_R02.txt,0.71
train,pre100_post100,SA18/F09_SA18_R03.txt,0.695
train,pre100_post100,SA18/F09_SA18_R04.txt,0.72
train,pre100_post100,SA18/F09_SA18_R05.txt,0.18
train,pre100_post100,SA18/F10_SA18_R03.txt,0.39
train,pre100_post100,SA18/F11_SA18_R02.txt,0.09
train,pre100_post100,SA18/F11_SA18_R03.txt,0.49
train,pre100_post100,SA18/F11_SA18_R04.txt,0.5
train,pre100_post100,SA18/F11_SA18_R05.txt,0.495
train,pre100_post100,SA18/F12_SA18_R01.txt,0.48
train,pre100_post100,SA18/F12_SA18_R03.txt,0.92
train,pre100_post100,SA18/F12_SA18_R04.txt,0.505
train,pre100_post100,SA18/F12_SA18_R05.txt,0.5
train,pre100_post100,SA18/F13_SA18_R01.txt,0.375
train,pre100_post100,SA18/F13_SA18_R02.txt,0.36
train,pre100_post100,SA18/F13_SA18_R04.txt,0.77
train,pre100_post100,SA18/F13_SA18_R05.txt,0.47
train,pre100_post100,SA18/F14_SA18_R01.txt,0.335
train,pre100_post100,SA18/F14_SA18_R02.txt,0.43
train,pre100_post100,SA18/F14_SA18_R03.txt,0.415
train,pre100_post100,SA18/F14_SA18_R04.txt,0.39
train,pre100_post100,SA18/F14_SA18_R05.txt,0.395
train,pre100_post100,SA18/F15_SA18_R01.txt,0.485
train,pre100_post100,SA18/F15_SA18_R02.txt,0.43
train,pre100_post100,SA18/F15_SA18_R03.txt,0.355
train,pre100_post100,SA18/F15_SA18_R04.txt,0.47
train,pre100_post100,SA18/F15_SA18_R05.txt,0.485
train,pre100_post100,SA20/F01_SA20_R02.txt,0.375
train,pre100_post100,SA20/F01_SA20_R04.txt,0.45
train,pre100_post100,SA20/F01_SA20_R05.txt,0.525
train,pre100_post100,SA20/F02_SA20_R01.txt,0.755
train,pre100_post100,SA20/F02_SA20_R05.txt,0.455
train,pre100_post100,SA20/F03_SA20_R03.txt,0.86
train,pre100_post100,SA20/F03_SA20_R04.txt,1.035
train,pre100_post100,SA20/F03_SA20_R05.txt,0.195
train,pre100_post100,SA20/F04_SA20_R01.txt,0.84
train,pre100_post100,SA20/F04_SA20_R03.txt,0.32
train,pre100_post100,SA20/F05_SA20_R02.txt,0.42
train,pre100_post100,SA20/F05_SA20_R03.txt,0.365
train,pre100_post100,SA20/F05_SA20_R05.txt,1.155
train,pre100_post100,SA20/F06_SA20_R01.txt,0.675
train,pre100_post100,SA20/F06_SA20_R02.txt,1.08
train,pre100_post100,SA20/F06_SA20_R03.txt,1.37
train,pre100_post100,SA20/F06_SA20_R04.txt,1.08
train,pre100_post100,SA20/F06_SA20_R05.txt,0.475
train,pre100_post100,SA20/F07_SA20_R02.txt,0.88
train,pre100_post100,SA20/F07_SA20_R04.txt,0.92
train,pre100_post100,SA20/F07_SA20_R05.txt,0.215
train,pre100_post100,SA20/F08_SA20_R01.txt,0.495
train,pre100_post100,SA20/F08_SA20_R02.txt,0.85
train,pre100_post100,SA20/F08_SA20_R03.txt,0.53
train,pre100_post100,SA20/F08_SA20_R04.txt,0.4
train,pre100_post100,SA20/F08_SA20_R05.txt,0.525
train,pre100_post100,SA20/F09_SA20_R01.txt,0.46
train,pre100_post100,SA20/F09_SA20_R02.txt,0.745
train,pre100_post100,SA20/F09_SA20_R03.txt,0.435
train,pre100_post100,SA20/F09_SA20_R04.txt,0.375
train,pre100_post100,SA20/F10_SA20_R01.txt,0.505
train,pre100_post100,SA20/F10_SA20_R02.txt,0.455
train,pre100_post100,SA20/F10_SA20_R03.txt,0.9
train,pre100_post100,SA20/F10_SA20_R05.txt,0.515
train,pre100_post100,SA20/F11_SA20_R01.txt,1.19
train,pre100_post100,SA20/F11_SA20_R03.txt,0.335
train,pre100_post100,SA20/F11_SA20_R04.txt,0.315
train,pre100_post100,SA20/F11_SA20_R05.txt,0.48
train,pre100_post100,SA20/F12_SA20_R01.txt,0.475
train,pre100_post100,SA20/F12_SA20_R02.txt,0.47
train,pre100_post100,SA20/F12_SA20_R03.txt,0.485
train,pre100_post100,SA20/F12_SA20_R04.txt,0.46
train,pre100_post100,SA20/F13_SA20_R01.txt,0.23
train,pre100_post100,SA20/F13_SA20_R02.txt,0.195
train,pre100_post100,SA20/F13_SA20_R03.txt,0.34
train,pre100_post100,SA20/F13_SA20_R04.txt,0.265
train,pre100_post100,SA20/F13_SA20_R05.txt,0.205
train,pre100_post100,SA20/F14_SA20_R01.txt,0.355
train,pre100_post100,SA20/F14_SA20_R02.txt,0.5
train,pre100_post100,SA20/F14_SA20_R03.txt,0.395
train,pre100_post100,SA20/F14_SA20_R04.txt,0.39
train,pre100_post100,SA20/F14_SA20_R05.txt,0.495
train,pre100_post100,SA20/F15_SA20_R01.txt,0.38
train,pre100_post100,SA20/F15_SA20_R02.txt,0.43
train,pre100_post100,SA20/F15_SA20_R03.txt,0.52
train,pre100_post100,SA20/F15_SA20_R04.txt,0.33
train,pre100_post100,SA20/F15_SA20_R05.txt,0.48
train,pre100_post100,SA21/F01_SA21_R01.txt,0.3
train,pre100_post100,SA21/F01_SA21_R02.txt,0.055
train,pre100_post100,SA21/F01_SA21_R04.txt,0.255
train,pre100_post100,SA21/F01_SA21_R05.txt,0.12
train,pre100_post100,SA21/F02_SA21_R02.txt,0.325
train,pre100_post100,SA21/F02_SA21_R03.txt,0.91
train,pre100_post100,SA21/F02_SA21_R04.txt,0.515
train,pre100_post100,SA21/F03_SA21_R01.txt,0.18
train,pre100_post100,SA21/F03_SA21_R04.txt,1.28
train,pre100_post100,SA21/F03_SA21_R05.txt,-0.355
train,pre100_post100,SA21/F04_SA21_R01.txt,0.355
train,pre100_post100,SA21/F04_SA21_R02.txt,0.99
train,pre100_post100,SA21/F04_SA21_R03.txt,0.275
train,pre100_post100,SA21/F04_SA21_R05.txt,0.51
train,pre100_post100,SA21/F05_SA21_R01.txt,0.705
train,pre100_post100,SA21/F05_SA21_R02.txt,0.335
train,pre100_post100,SA21/F05_SA21_R03.txt,0.88
train,pre100_post100,SA21/F05_SA21_R04.txt,0.77
train,pre100_post100,SA21/F05_SA21_R05.txt,0.88
train,pre100_post100,SA21/F06_SA21_R01.txt,0.48
train,pre100_post100,SA21/F06_SA21_R02.txt,0.475
train,pre100_post100,SA21/F06_SA21_R03.txt,0.395
train,pre100_post100,SA21/F06_SA21_R04.txt,0.33
train,pre100_post100,SA21/F06_SA21_R05.txt,0.405
train,pre100_post100,SA21/F07_SA21_R01.txt,0.38
train,pre100_post100,SA21/F07_SA21_R02.txt,0.5
train,pre100_post100,SA21/F07_SA21_R05.txt,0.96
train,pre100_post100,SA21/F08_SA21_R01.txt,0.745
train,pre100_post100,SA21/F08_SA21_R02.txt,0.325
train,pre100_post100,SA21/F08_SA21_R03.txt,0.21
train,pre100_post100,SA21/F08_SA21_R04.txt,0.33
train,pre100_post100,SA21/F08_SA21_R05.txt,0.51
train,pre100_post100,SA21/F09_SA21_R01.txt,1.04
train,pre100_post100,SA21/F09_SA21_R02.txt,0.725
train,pre100_post100,SA21/F09_SA21_R03.txt,0.44
train,pre100_post100,SA21/F09_SA21_R04.txt,0.49
train,pre100_post100,SA21/F09_SA21_R05.txt,0.475
train,pre100_post100,SA21/F10_SA21_R01.txt,0.355
train,pre100_post100,SA21/F10_SA21_R02.txt,0.28
train,pre100_post100,SA21/F10_SA21_R03.txt,0.3
train,pre100_post100,SA21/F10_SA21_R04.txt,0.79
train,pre100_post100,SA21/F10_SA21_R05.txt,0.695
train,pre100_post100,SA21/F11_SA21_R01.txt,0.485
train,pre100_post100,SA21/F11_SA21_R02.txt,0.71
train,pre100_post100,SA21/F11_SA21_R03.txt,0.4
train,pre100_post100,SA21/F11_SA21_R04.txt,0.48
train,pre100_post100,SA21/F12_SA21_R01.txt,0.505
train,pre100_post100,SA21/F12_SA21_R02.txt,0.5
train,pre100_post100,SA21/F12_SA21_R03.txt,1.15
train,pre100_post100,SA21/F12_SA21_R04.txt,0.47
train,pre100_post100,SA21/F12_SA21_R05.txt,1.09
train,pre100_post100,SA21/F13_SA21_R01.txt,0.48
train,pre100_post100,SA21/F13_SA21_R02.txt,0.025
train,pre100_post100,SA21/F13_SA21_R05.txt,0.34
train,pre100_post100,SA21/F14_SA21_R01.txt,0.385
train,pre100_post100,SA21/F14_SA21_R02.txt,0.405
train,pre100_post100,SA21/F14_SA21_R03.txt,0.425
train,pre100_post100,SA21/F14_SA21_R04.txt,0.39
train,pre100_post100,SA21/F14_SA21_R05.txt,0.385
train,pre100_post100,SA21/F15_SA21_R01.txt,0.35
train,pre100_post100,SA21/F15_SA21_R02.txt,0.5
train,pre100_post100,SA21/F15_SA21_R04.txt,0.375
train,pre100_post100,SA21/F15_SA21_R05.txt,0.45
train,pre100_post100,SA22/F01_SA22_R01.txt,0.35
train,pre100_post100,SA22/F01_SA22_R02.txt,0.83
train,pre100_post100,SA22/F01_SA22_R03.txt,0.14
train,pre100_post100,SA22/F01_SA22_R05.txt,0.42
train,pre100_post100,SA22/F02_SA22_R01.txt,0.145
train,pre100_post100,SA22/F02_SA22_R02.txt,0.385
train,pre100_post100,SA22/F02_SA22_R04.txt,0.275
train,pre100_post100,SA22/F03_SA22_R01.txt,0.18
train,pre100_post100,SA22/F03_SA22_R02.txt,0.445
train,pre100_post100,SA22/F03_SA22_R03.txt,0.2
train,pre100_post100,SA22/F03_SA22_R04.txt,1.26
train,pre100_post100,SA22/F03_SA22_R05.txt,0.725
train,pre100_post100,SA22/F04_SA22_R02.txt,0.42
train,pre100_post100,SA22/F04_SA22_R04.txt,0.485
train,pre100_post100,SA22/F04_SA22_R05.txt,0.07
train,pre100_post100,SA22/F05_SA22_R02.txt,0.9
train,pre100_post100,SA22/F05_SA22_R03.txt,0.78
train,pre100_post100,SA22/F05_SA22_R05.txt,0.11
train,pre100_post100,SA22/F06_SA22_R04.txt,0.49
train,pre100_post100,SA22/F06_SA22_R05.txt,0.34
train,pre100_post100,SA22/F07_SA22_R02.txt,0.48
train,pre100_post100,SA22/F07_SA22_R04.txt,0.485
train,pre100_post100,SA22/F08_SA22_R02.txt,0.78
train,pre100_post100,SA22/F08_SA22_R03.txt,0.93
train,pre100_post100,SA22/F08_SA22_R05.txt,0.715
train,pre100_post100,SA22/F09_SA22_R01.txt,0.7
train,pre100_post100,SA22/F09_SA22_R02.txt,0.98
train,pre100_post100,SA22/F09_SA22_R03.txt,0.755
train,pre100_post100,SA22/F10_SA22_R02.txt,0.34
train,pre100_post100,SA22/F10_SA22_R03.txt,0.535
train,pre100_post100,SA22/F10_SA22_R05.txt,0.42
train,pre100_post100,SA22/F11_SA22_R03.txt,0.48
train,pre100_post100,SA22/F11_SA22_R04.txt,0.475
train,pre100_post100,SA22/F12_SA22_R01.txt,0.425
train,pre100_post100,SA22/F12_SA22_R05.txt,0.485
train,pre100_post100,SA22/F13_SA22_R02.txt,0.045
train,pre100_post100,SA22/F13_SA22_R03.txt,0.145
train,pre100_post100,SA22/F13_SA22_R04.txt,0.155
train,pre100_post100,SA22/F14_SA22_R01.txt,0.38
train,pre100_post100,SA22/F14_SA22_R03.txt,0.45
train,pre100_post100,SA22/F14_SA22_R04.txt,0.475
train,pre100_post100,SA22/F15_SA22_R02.txt,0.52
train,pre100_post100,SA22/F15_SA22_R03.txt,0.38
train,pre100_post100,SA22/F15_SA22_R04.txt,0.37
train,pre100_post100,SE06/F02_SE06_R02.txt,1.265
train,pre100_post100,SE06/F02_SE06_R03.txt,0.45
train,pre100_post100,SE06/F02_SE06_R04.txt,1.19
train,pre100_post100,SE06/F03_SE06_R02.txt,0.3
train,pre100_post100,SE06/F03_SE06_R03.txt,0.72
train,pre100_post100,SE06/F03_SE06_R04.txt,0.055
train,pre100_post100,SE06/F03_SE06_R05.txt,0.715
train,pre100_post100,SE06/F05_SE06_R01.txt,0.74
train,pre100_post100,SE06/F05_SE06_R03.txt,-0.355
train,pre100_post100,SE06/F05_SE06_R04.txt,0.855
train,pre100_post100,SE06/F05_SE06_R05.txt,0.35
train,pre100_post100,SE06/F06_SE06_R01.txt,0.455
train,pre100_post100,SE06/F06_SE06_R03.txt,0.45
train,pre100_post100,SE06/F06_SE06_R04.txt,0.165
train,pre100_post100,SE06/F07_SE06_R01.txt,0.42
train,pre100_post100,SE06/F07_SE06_R02.txt,0.08
train,pre100_post100,SE06/F07_SE06_R03.txt,0.395
train,pre100_post100,SE06/F08_SE06_R01.txt,0.37
train,pre100_post100,SE06/F09_SE06_R01.txt,0.705
train,pre100_post100,SE06/F09_SE06_R05.txt,0.685
train,pre100_post100,SE06/F11_SE06_R01.txt,1.175
train,pre100_post100,SE06/F11_SE06_R02.txt,1.21
train,pre100_post100,SE06/F11_SE06_R05.txt,0.435
train,pre100_post100,SE06/F15_SE06_R01.txt,0.47
train,pre100_post100,SE06/F15_SE06_R05.txt,0.325
train,pre50_post150,SA03/F01_SA03_R01.txt,0.405
train,pre50_post150,SA03/F01_SA03_R02.txt,0.555
train,pre50_post150,SA03/F01_SA03_R03.txt,1.02
train,pre50_post150,SA03/F01_SA03_R04.txt,0.395
train,pre50_post150,SA03/F01_SA03_R05.txt,0.09
train,pre50_post150,SA03/F02_SA03_R04.txt,1.035
train,pre50_post150,SA03/F02_SA03_R05.txt,1.055
train,pre50_post150,SA03/F04_SA03_R01.txt,1.065
train,pre50_post150,SA03/F04_SA03_R02.txt,0.07
train,pre50_post150,SA03/F04_SA03_R03.txt,0.79
train,pre50_post150,SA03/F04_SA03_R04.txt,0.675
train,pre50_post150,SA03/F05_SA03_R01.txt,0.095
train,pre50_post150,SA03/F05_SA03_R03.txt,1.135
train,pre50_post150,SA03/F05_SA03_R05.txt,0.335
train,pre50_post150,SA03/F06_SA03_R02.txt,0.7
train,pre50_post150,SA03/F06_SA03_R03.txt,1.08
train,pre50_post150,SA03/F07_SA03_R01.txt,0.69
train,pre50_post150,SA03/F07_SA03_R02.txt,0.96
train,pre50_post150,SA03/F07_SA03_R03.txt,0.66
train,pre50_post150,SA03/F07_SA03_R04.txt,0.335
train,pre50_post150,SA03/F08_SA03_R01.txt,0.745
train,pre50_post150,SA03/F09_SA03_R01.txt,0.69
train,pre50_post150,SA03/F09_SA03_R02.txt,0.735
train,pre50_post150,SA03/F09_SA03_R03.txt,0.71
train,pre50_post150,SA03/F09_SA03_R04.txt,1.175
train,pre50_post150,SA03/F09_SA03_R05.txt,0.715
train,pre50_post150,SA03/F11_SA03_R01.txt,0.675
train,pre50_post150,SA03/F11_SA03_R04.txt,0.305
train,pre50_post150,SA03/F12_SA03_R01.txt,0.715
train,pre50_post150,SA03/F12_SA03_R03.txt,0.695
train,pre50_post150,SA03/F12_SA03_R04.txt,0.09
train,pre50_post150,SA03/F13_SA03_R01.txt,0.58
train,pre50_post150,SA03/F13_SA03_R02.txt,0.38
train,pre50_post150,SA03/F13_SA03_R03.txt,0.285
train,pre50_post150,SA03/F13_SA03_R04.txt,0.305
train,pre50_post150,SA03/F13_SA03_R05.txt,0.225
train,pre50_post150,SA03/F14_SA03_R03.txt,0.725
train,pre50_post150,SA03/F14_SA03_R04.txt,0.725
train,pre50_post150,SA03/F15_SA03_R01.txt,0.705
train,pre50_post150,SA03/F15_SA03_R02.txt,0.64
train,pre50_post150,SA03/F15_SA03_R03.txt,0.555
train,pre50_post150,SA03/F15_SA03_R04.txt,0.715
train,pre50_post150,SA04/F01_SA04_R01.txt,0.425
train,pre50_post150,SA04/F01_SA04_R02.txt,0.575
train,pre50_post150,SA04/F01_SA04_R03.txt,0.625
train,pre50_post150,SA04/F01_SA04_R04.txt,1.02
train,pre50_post150,SA04/F01_SA04_R05.txt,0.57
train,pre50_post150,SA04/F02_SA04_R01.txt,0.735
train,pre50_post150,SA04/F02_SA04_R03.txt,0.97
train,pre50_post150,SA04/F02_SA04_R04.txt,0.95
train,pre50_post150,SA04/F02_SA04_R05.txt,0.435
train,pre50_post150,SA04/F03_SA04_R01.txt,0.495
train,pre50_post150,SA04/F03_SA04_R03.txt,0.755
train,pre50_post150,SA04/F03_SA04_R04.txt,1.025
train,pre50_post150,SA04/F04_SA04_R01.txt,0.075
train,pre50_post150,SA04/F04_SA04_R02.txt,0.705
train,pre50_post150,SA04/F04_SA04_R03.txt,0.72
train,pre50_post150,SA04/F04_SA04_R04.txt,-0.035
train,pre50_post150,SA04/F04_SA04_R05.txt,1.04
train,pre50_post150,SA04/F05_SA04_R01.txt,0.165
train,pre50_post150,SA04/F05_SA04_R02.txt,1.035
train,pre50_post150,SA04/F05_SA04_R03.txt,1.01
train,pre50_post150,SA04/F05_SA04_R04.txt,0.48
train,pre50_post150,SA04/F05_SA04_R05.txt,-0.2
train,pre50_post150,SA04/F06_SA04_R01.txt,1.155
train,pre50_post150,SA04/F06_SA04_R02.txt,1.015
train,pre50_post150,SA04/F06_SA04_R03.txt,0.75
train,pre50_post150,SA04/F06_SA04_R04.txt,0.935
train,pre50_post150,SA04/F07_SA04_R02.txt,0.725
train,pre50_post150,SA04/F07_SA04_R03.txt,0.69
train,pre50_post150,SA04/F07_SA04_R05.txt,0.74
train,pre50_post150,SA04/F08_SA04_R01.txt,1.035
train,pre50_post150,SA04/F08_SA04_R02.txt,1.1
train,pre50_post150,SA04/F08_SA04_R03.txt,1.47
train,pre50_post150,SA04/F08_SA04_R04.txt,1.145
train,pre50_post150,SA04/F09_SA04_R01.txt,0.94
train,pre50_post150,SA04/F09_SA04_R02.txt,0.945
train,pre50_post150,SA04/F09_SA04_R03.txt,1.12
train,pre50_post150,SA04/F09_SA04_R05.txt,0.95
train,pre50_post150,SA04/F10_SA04_R01.txt,1.115
train,pre50_post150,SA04/F10_SA04_R02.txt,0.75
train,pre50_post150,SA04/F10_SA04_R03.txt,0.69
train,pre50_post150,SA04/F10_SA04_R04.txt,0.425
train,pre50_post150,SA04/F10_SA04_R05.txt,0.43
train,pre50_post150,SA04/F11_SA04_R01.txt,0.695
train,pre50_post150,SA04/F11_SA04_R02.txt,0.72
train,pre50_post150,SA04/F11_SA04_R04.txt,0.945
train,pre50_post150,SA04/F11_SA04_R05.txt,0.55
train,pre50_post150,SA04/F12_SA04_R01.txt,0.74
train,pre50_post150,SA04/F12_SA04_R02.txt,1.135
train,pre50_post150,SA04/F12_SA04_R03.txt,0.665
train,pre50_post150,SA04/F12_SA04_R05.txt,1.14
train,pre50_post150,SA04/F13_SA04_R01.txt,0.2
train,pre50_post150,SA04/F13_SA04_R02.txt,1.01
train,pre50_post150,SA04/F14_SA04_R01.txt,0.72
train,pre50_post150,SA04/F14_SA04_R02.txt,0.75
train,pre50_post150,SA04/F14_SA04_R03.txt,0.685
train,pre50_post150,SA04/F14_SA04_R04.txt,0.73
train,pre50_post150,SA04/F14_SA04_R05.txt,0.745
train,pre50_post150,SA04/F15_SA04_R01.txt,0.645
train,pre50_post150,SA04/F15_SA04_R02.txt,0.68
train,pre50_post150,SA04/F15_SA04_R03.txt,0.14
train,pre50_post150,SA04/F15_SA04_R04.txt,0.145
train,pre50_post150,SA04/F15_SA04_R05.txt,0.71
train,pre50_post150,SA07/F01_SA07_R01.txt,0.59
train,pre50_post150,SA07/F01_SA07_R02.txt,1.145
train,pre50_post150,SA07/F01_SA07_R03.txt,0.22
train,pre50_post150,SA07/F01_SA07_R04.txt,0.465
train,pre50_post150,SA07/F01_SA07_R05.txt,1.32
train,pre50_post150,SA07/F02_SA07_R01.txt,0.255
train,pre50_post150,SA07/F02_SA07_R02.txt,0.93
train,pre50_post150,SA07/F02_SA07_R03.txt,1.235
train,pre50_post150,SA07/F02_SA07_R04.txt,0.145
train,pre50_post150,SA07/F02_SA07_R05.txt,0.1
train,pre50_post150,SA07/F03_SA07_R01.txt,0.07
train,pre50_post150,SA07/F03_SA07_R03.txt,0.635
train,pre50_post150,SA07/F03_SA07_R05.txt,1.06
train,pre50_post150,SA07/F04_SA07_R01.txt,0.995
train,pre50_post150,SA07/F04_SA07_R02.txt,0.62
train,pre50_post150,SA07/F05_SA07_R01.txt,0.0
train,pre50_post150,SA07/F05_SA07_R02.txt,0.0
train,pre50_post150,SA07/F05_SA07_R04.txt,0.32
train,pre50_post150,SA07/F05_SA07_R05.txt,1.06
train,pre50_post150,SA07/F06_SA07_R01.txt,0.745
train,pre50_post150,SA07/F06_SA07_R02.txt,1.135
train,pre50_post150,SA07/F06_SA07_R03.txt,0.73
train,pre50_post150,SA07/F06_SA07_R04.txt,0.725
train,pre50_post150,SA07/F07_SA07_R01.txt,0.935
train,pre50_post150,SA07/F07_SA07_R03.txt,0.745
train,pre50_post150,SA07/F07_SA07_R04.txt,0.62
train,pre50_post150,SA07/F07_SA07_R05.txt,0.6
train,pre50_post150,SA07/F08_SA07_R01.txt,0.655
train,pre50_post150,SA07/F08_SA07_R02.txt,1.045
train,pre50_post150,SA07/F08_SA07_R03.txt,0.72
train,pre50_post150,SA07/F08_SA07_R04.txt,0.56
train,pre50_post150,SA07/F08_SA07_R05.txt,1.05
train,pre50_post150,SA07/F09_SA07_R01.txt,0.72
train,pre50_post150,SA07/F09_SA07_R02.txt,0.7
train,pre50_post150,SA07/F09_SA07_R03.txt,0.72
train,pre50_post150,SA07/F09_SA07_R04.txt,0.76
train,pre50_post150,SA07/F09_SA07_R05.txt,0.63
train,pre50_post150,SA07/F10_SA07_R01.txt,0.415
train,pre50_post150,SA07/F10_SA07_R02.txt,0.955
train,pre50_post150,SA07/F10_SA07_R03.txt,0.355
train,pre50_post150,SA07/F10_SA07_R04.txt,0.72
train,pre50_post150,SA07/F10_SA07_R05.txt,0.455
train,pre50_post150,SA07/F11_SA07_R01.txt,0.72
train,pre50_post150,SA07/F11_SA07_R02.txt,0.72
train,pre50_post150,SA07/F11_SA07_R03.txt,0.93
train,pre50_post150,SA07/F11_SA07_R04.txt,0.93
train,pre50_post150,SA07/F11_SA07_R05.txt,0.745
train,pre50_post150,SA07/F12_SA07_R01.txt,0.72
train,pre50_post150,SA07/F12_SA07_R02.txt,1.4
train,pre50_post150,SA07/F12_SA07_R04.txt,0.71
train,pre50_post150,SA07/F12_SA07_R05.txt,0.72
train,pre50_post150,SA07/F13_SA07_R02.txt,0.195
train,pre50_post150,SA07/F13_SA07_R03.txt,1.045
train,pre50_post150,SA07/F13_SA07_R04.txt,0.48
train,pre50_post150,SA07/F14_SA07_R01.txt,0.76
train,pre50_post150,SA07/F14_SA07_R02.txt,0.58
train,pre50_post150,SA07/F14_SA07_R03.txt,0.745
train,pre50_post150,SA07/F14_SA07_R04.txt,0.75
train,pre50_post150,SA07/F14_SA07_R05.txt,0.615
train,pre50_post150,SA07/F15_SA07_R01.txt,0.71
train,pre50_post150,SA07/F15_SA07_R02.txt,0.735
train,pre50_post150,SA07/F15_SA07_R03.txt,0.735
train,pre50_post150,SA10/F01_SA10_R02.txt,0.77
train,pre50_post150,SA10/F01_SA10_R03.txt,0.635
train,pre50_post150,SA10/F01_SA10_R04.txt,0.99
train,pre50_post150,SA10/F01_SA10_R05.txt,0.24
train,pre50_post150,SA10/F02_SA10_R01.txt,0.745
train,pre50_post150,SA10/F02_SA10_R02.txt,0.17
train,pre50_post150,SA10/F02_SA10_R03.txt,0.25
train,pre50_post150,SA10/F02_SA10_R04.txt,0.765
train,pre50_post150,SA10/F02_SA10_R05.txt,0.93
train,pre50_post150,SA10/F03_SA10_R03.txt,0.76
train,pre50_post150,SA10/F03_SA10_R04.txt,0.61
train,pre50_post150,SA10/F04_SA10_R01.txt,0.59
train,pre50_post150,SA10/F04_SA10_R02.txt,0.73
train,pre50_post150,SA10/F04_SA10_R03.txt,0.21
train,pre50_post150,SA10/F04_SA10_R04.txt,0.16
train,pre50_post150,SA10/F05_SA10_R04.txt,0.565
train,pre50_post150,SA10/F05_SA10_R05.txt,0.325
train,pre50_post150,SA10/F06_SA10_R01.txt,0.305
train,pre50_post150,SA10/F06_SA10_R02.txt,0.445
train,pre50_post150,SA10/F06_SA10_R03.txt,0.785
train,pre50_post150,SA10/F06_SA10_R04.txt,1.045
train,pre50_post150,SA10/F06_SA10_R05.txt,0.58
train,pre50_post150,SA10/F07_SA10_R02.txt,0.58
train,pre50_post150,SA10/F07_SA10_R03.txt,0.665
train,pre50_post150,SA10/F08_SA10_R01.txt,1.025
train,pre50_post150,SA10/F08_SA10_R02.txt,1.02
train,pre50_post150,SA10/F08_SA10_R03.txt,0.745
train,pre50_post150,SA10/F08_SA10_R05.txt,0.965
train,pre50_post150,SA10/F09_SA10_R01.txt,1.255
train,pre50_post150,SA10/F09_SA10_R02.txt,0.935
train,pre50_post150,SA10/F09_SA10_R03.txt,0.75
train,pre50_post150,SA10/F09_SA10_R04.txt,0.765
train,pre50_post150,SA10/F09_SA10_R05.txt,0.715
train,pre50_post150,SA10/F10_SA10_R02.txt,0.095
train,pre50_post150,SA10/F10_SA10_R03.txt,0.96
train,pre50_post150,SA10/F10_SA10_R04.txt,1.035
train,pre50_post150,SA10/F11_SA10_R01.txt,0.935
train,pre50_post150,SA10/F11_SA10_R05.txt,0.645
train,pre50_post150,SA10/F12_SA10_R01.txt,0.74
train,pre50_post150,SA10/F12_SA10_R02.txt,0.62
train,pre50_post150,SA10/F12_SA10_R03.txt,0.63
train,pre50_post150,SA10/F13_SA10_R01.txt,0.265
train,pre50_post150,SA10/F13_SA10_R03.txt,0.555
train,pre50_post150,SA10/F13_SA10_R05.txt,1.0
train,pre50_post150,SA10/F14_SA10_R02.txt,0.745
train,pre50_post150,SA10/F14_SA10_R03.txt,0.735
train,pre50_post150,SA10/F14_SA10_R04.txt,0.72
train,pre50_post150,SA10/F15_SA10_R01.txt,0.18
train,pre50_post150,SA10/F15_SA10_R04.txt,0.705
train,pre50_post150,SA10/F15_SA10_R05.txt,0.625
train,pre50_post150,SA11/F01_SA11_R01.txt,0.99
train,pre50_post150,SA11/F01_SA11_R02.txt,0.105
train,pre50_post150,SA11/F01_SA11_R03.txt,0.96
train,pre50_post150,SA11/F01_SA11_R05.txt,1.085
train,pre50_post150,SA11/F02_SA11_R01.txt,0.24
train,pre50_post150,SA11/F02_SA11_R02.txt,0.635
train,pre50_post150,SA11/F02_SA11_R03.txt,0.42
train,pre50_post150,SA11/F02_SA11_R04.txt,0.45
train,pre50_post150,SA11/F02_SA11_R05.txt,1.255
train,pre50_post150,SA11/F03_SA11_R02.txt,1.045
train,pre50_post150,SA11/F03_SA11_R03.txt,0.95
train,pre50_post150,SA11/F03_SA11_R04.txt,1.095
train,pre50_post150,SA11/F03_SA11_R05.txt,0.56
train,pre50_post150,SA11/F04_SA11_R02.txt,0.14
train,pre50_post150,SA11/F04_SA11_R03.txt,0.085
train,pre50_post150,SA11/F04_SA11_R04.txt,1.03
train,pre50_post150,SA11/F04_SA11_R05.txt,0.715
train,pre50_post150,SA11/F05_SA11_R01.txt,0.685
train,pre50_post150,SA11/F05_SA11_R03.txt,0.995
train,pre50_post150,SA11/F05_SA11_R04.txt,0.585
train,pre50_post150,SA11/F05_SA11_R05.txt,0.785
train,pre50_post150,SA11/F06_SA11_R02.txt,1.06
train,pre50_post150,SA11/F06_SA11_R03.txt,0.745
train,pre50_post150,SA11/F06_SA11_R04.txt,0.96
train,pre50_post150,SA11/F06_SA11_R05.txt,1.0
train,pre50_post150,SA11/F07_SA11_R01.txt,0.715
train,pre50_post150,SA11/F07_SA11_R02.txt,0.675
train,pre50_post150,SA11/F07_SA11_R03.txt,0.715
train,pre50_post150,SA11/F07_SA11_R04.txt,0.645
train,pre50_post150,SA11/F07_SA11_R05.txt,1.025
train,pre50_post150,SA11/F08_SA11_R04.txt,0.935
train,pre50_post150,SA11/F08_SA11_R05.txt,1.165
train,pre50_post150,SA11/F09_SA11_R02.txt,0.99
train,pre50_post150,SA11/F09_SA11_R03.txt,0.94
train,pre50_post150,SA11/F09_SA11_R05.txt,0.96
train,pre50_post150,SA11/F10_SA11_R01.txt,0.595
train,pre50_post150,SA11/F10_SA11_R02.txt,0.73
train,pre50_post150,SA11/F10_SA11_R03.txt,0.435
train,pre50_post150,SA11/F10_SA11_R04.txt,0.24
train,pre50_post150,SA11/F10_SA11_R05.txt,0.285
train,pre50_post150,SA11/F11_SA11_R01.txt,0.71
train,pre50_post150,SA11/F11_SA11_R02.txt,0.705
train,pre50_post150,SA11/F11_SA11_R03.txt,0.74
train,pre50_post150,SA11/F11_SA11_R04.txt,0.74
train,pre50_post150,SA11/F11_SA11_R05.txt,0.73
train,pre50_post150,SA11/F12_SA11_R01.txt,0.735
train,pre50_post150,SA11/F12_SA11_R02.txt,0.74
train,pre50_post150,SA11/F12_SA11_R03.txt,0.73
train,pre50_post150,SA11/F12_SA11_R04.txt,0.75
train,pre50_post150,SA11/F12_SA11_R05.txt,0.745
train,pre50_post150,SA11/F13_SA11_R01.txt,0.48
train,pre50_post150,SA11/F13_SA11_R02.txt,0.075
train,pre50_post150,SA11/F13_SA11_R03.txt,0.59
train,pre50_post150,SA11/F13_SA11_R04.txt,0.625
train,pre50_post150,SA11/F14_SA11_R01.txt,0.735
train,pre50_post150,SA11/F14_SA11_R02.txt,0.505
train,pre50_post150,SA11/F14_SA11_R04.txt,0.735
train,pre50_post150,SA11/F14_SA11_R05.txt,0.53
train,pre50_post150,SA11/F15_SA11_R01.txt,0.685
train,pre50_post150,SA11/F15_SA11_R02.txt,0.94
train,pre50_post150,SA11/F15_SA11_R03.txt,0.68
train,pre50_post150,SA11/F15_SA11_R04.txt,0.175
train,pre50_post150,SA11/F15_SA11_R05.txt,0.53
train,pre50_post150,SA12/F01_SA12_R03.txt,0.405
train,pre50_post150,SA12/F01_SA12_R04.txt,0.275
train,pre50_post150,SA12/F02_SA12_R01.txt,0.975
train,pre50_post150,SA12/F02_SA12_R02.txt,0.505
train,pre50_post150,SA12/F03_SA12_R01.txt,0.59
train,pre50_post150,SA12/F03_SA12_R04.txt,1.165
train,pre50_post150,SA12/F04_SA12_R01.txt,1.095
train,pre50_post150,SA12/F04_SA12_R02.txt,0.77
train,pre50_post150,SA12/F04_SA12_R03.txt,0.465
train,pre50_post150,SA12/F04_SA12_R04.txt,0.95
train,pre50_post150,SA12/F04_SA12_R05.txt,0.74
train,pre50_post150,SA12/F05_SA12_R01.txt,1.13
train,pre50_post150,SA12/F05_SA12_R02.txt,0.37
train,pre50_post150,SA12/F05_SA12_R03.txt,0.49
train,pre50_post150,SA12/F05_SA12_R04.txt,0.785
train,pre50_post150,SA12/F05_SA12_R05.txt,0.69
train,pre50_post150,SA12/F06_SA12_R01.txt,0.495
train,pre50_post150,SA12/F06_SA12_R02.txt,1.315
train,pre50_post150,SA12/F06_SA12_R03.txt,1.335
train,pre50_post150,SA12/F06_SA12_R04.txt,0.555
train,pre50_post150,SA12/F06_SA12_R05.txt,0.55
train,pre50_post150,SA12/F07_SA12_R01.txt,0.625
train,pre50_post150,SA12/F07_SA12_R03.txt,0.705
train,pre50_post150,SA12/F07_SA12_R04.txt,0.95
train,pre50_post150,SA12/F07_SA12_R05.txt,1.315
train,pre50_post150,SA12/F08_SA12_R01.txt,1.065
train,pre50_post150,SA12/F08_SA12_R03.txt,0.64
train,pre50_post150,SA12/F08_SA12_R04.txt,1.405
train,pre50_post150,SA12/F09_SA12_R03.txt,1.21
train,pre50_post150,SA12/F09_SA12_R04.txt,1.365
train,pre50_post150,SA12/F10_SA12_R01.txt,0.52
train,pre50_post150,SA12/F10_SA12_R02.txt,0.63
train,pre50_post150,SA12/F10_SA12_R03.txt,0.735
train,pre50_post150,SA12/F10_SA12_R04.txt,0.59
train,pre50_post150,SA12/F10_SA12_R05.txt,0.72
train,pre50_post150,SA12/F11_SA12_R01.txt,0.74
train,pre50_post150,SA12/F11_SA12_R02.txt,0.745
train,pre50_post150,SA12/F11_SA12_R04.txt,0.75
train,pre50_post150,SA12/F11_SA12_R05.txt,0.43
train,pre50_post150,SA12/F12_SA12_R01.txt,0.73
train,pre50_post150,SA12/F12_SA12_R02.txt,0.685
train,pre50_post150,SA12/F12_SA12_R03.txt,0.71
train,pre50_post150,SA12/F12_SA12_R04.txt,0.75
train,pre50_post150,SA12/F12_SA12_R05.txt,0.74
train,pre50_post150,SA12/F13_SA12_R02.txt,0.295
train,pre50_post150,SA12/F13_SA12_R03.txt,0.41
train,pre50_post150,SA12/F13_SA12_R04.txt,0.485
train,pre50_post150,SA12/F13_SA12_R05.txt,0.285
train,pre50_post150,SA12/F14_SA12_R01.txt,0.745
train,pre50_post150,SA12/F14_SA12_R02.txt,0.54
train,pre50_post150,SA12/F14_SA12_R04.txt,0.735
train,pre50_post150,SA12/F15_SA12_R01.txt,0.57
train,pre50_post150,SA12/F15_SA12_R02.txt,0.705
train,pre50_post150,SA12/F15_SA12_R03.txt,0.74
train,pre50_post150,SA12/F15_SA12_R04.txt,0.75
train,pre50_post150,SA12/F15_SA12_R05.txt,0.44
train,pre50_post150,SA14/F01_SA14_R02.txt,0.395
train,pre50_post150,SA14/F01_SA14_R04.txt,0.59
train,pre50_post150,SA14/F01_SA14_R05.txt,0.65
train,pre50_post150,SA14/F02_SA14_R03.txt,0.98
train,pre50_post150,SA14/F02_SA14_R04.txt,0.985
train,pre50_post150,SA14/F02_SA14_R05.txt,1.295
train,pre50_post150,SA14/F03_SA14_R02.txt,1.045
train,pre50_post150,SA14/F03_SA14_R03.txt,0.67
train,pre50_post150,SA14/F03_SA14_R04.txt,0.235
train,pre50_post150,SA14/F03_SA14_R05.txt,0.545
train,pre50_post150,SA14/F04_SA14_R01.txt,1.075
train,pre50_post150,SA14/F04_SA14_R02.txt,0.96
train,pre50_post150,SA14/F04_SA14_R03.txt,0.72
train,pre50_post150,SA14/F04_SA14_R04.txt,0.755
train,pre50_post150,SA14/F04_SA14_R05.txt,0.745
train,pre50_post150,SA14/F05_SA14_R01.txt,0.41
train,pre50_post150,SA14/F05_SA14_R02.txt,0.47
train,pre50_post150,SA14/F05_SA14_R04.txt,0.495
train,pre50_post150,SA14/F05_SA14_R05.txt,0.455
train,pre50_post150,SA14/F06_SA14_R01.txt,0.975
train,pre50_post150,SA14/F06_SA14_R02.txt,0.11
train,pre50_post150,SA14/F06_SA14_R03.txt,0.99
train,pre50_post150,SA14/F07_SA14_R01.txt,1.2
train,pre50_post150,SA14/F07_SA14_R03.txt,0.615
train,pre50_post150,SA14/F07_SA14_R04.txt,0.985
train,pre50_post150,SA14/F08_SA14_R01.txt,0.655
train,pre50_post150,SA14/F08_SA14_R02.txt,1.265
train,pre50_post150,SA14/F08_SA14_R03.txt,0.96
train,pre50_post150,SA14/F08_SA14_R05.txt,0.995
train,pre50_post150,SA14/F09_SA14_R01.txt,0.995
train,pre50_post150,SA14/F09_SA14_R02.txt,1.29
train,pre50_post150,SA14/F09_SA14_R03.txt,1.335
train,pre50_post150,SA14/F09_SA14_R04.txt,0.995
train,pre50_post150,SA14/F09_SA14_R05.txt,0.995
train,pre50_post150,SA14/F10_SA14_R01.txt,0.445
train,pre50_post150,SA14/F10_SA14_R02.txt,0.18
train,pre50_post150,SA14/F10_SA14_R04.txt,0.725
train,pre50_post150,SA14/F12_SA14_R02.txt,1.275
train,pre50_post150,SA14/F13_SA14_R03.txt,0.26
train,pre50_post150,SA14/F14_SA14_R01.txt,0.73
train,pre50_post150,SA14/F14_SA14_R02.txt,0.725
train,pre50_post150,SA14/F14_SA14_R03.txt,0.66
train,pre50_post150,SA14/F14_SA14_R04.txt,0.685
train,pre50_post150,SA14/F14_SA14_R05.txt,0.735
train,pre50_post150,SA14/F15_SA14_R01.txt,0.75
train,pre50_post150,SA14/F15_SA14_R02.txt,0.74
train,pre50_post150,SA14/F15_SA14_R03.txt,0.76
train,pre50_post150,SA14/F15_SA14_R04.txt,0.765
train,pre50_post150,SA14/F15_SA14_R05.txt,0.73
train,pre50_post150,SA15/F01_SA15_R01.txt,0.55
train,pre50_post150,SA15/F01_SA15_R02.txt,0.12
train,pre50_post150,SA15/F01_SA15_R03.txt,0.47
train,pre50_post150,SA15/F01_SA15_R04.txt,0.595
train,pre50_post150,SA15/F01_SA15_R05.txt,1.065
train,pre50_post150,SA15/F02_SA15_R02.txt,0.74
train,pre50_post150,SA15/F02_SA15_R03.txt,0.32
train,pre50_post150,SA15/F02_SA15_R04.txt,0.615
train,pre50_post150,SA15/F02_SA15_R05.txt,0.245
train,pre50_post150,SA15/F03_SA15_R01.txt,0.99
train,pre50_post150,SA15/F03_SA15_R02.txt,0.485
train,pre50_post150,SA15/F03_SA15_R03.txt,0.63
train,pre50_post150,SA15/F03_SA15_R04.txt,1.275
train,pre50_post150,SA15/F03_SA15_R05.txt,0.55
train,pre50_post150,SA15/F04_SA15_R01.txt,0.965
train,pre50_post150,SA15/F04_SA15_R02.txt,0.97
train,pre50_post150,SA15/F04_SA15_R03.txt,0.765
train,pre50_post150,SA15/F05_SA15_R02.txt,0.16
train,pre50_post150,SA15/F05_SA15_R03.txt,0.59
train,pre50_post150,SA15/F05_SA15_R04.txt,0.41
train,pre50_post150,SA15/F05_SA15_R05.txt,0.775
train,pre50_post150,SA15/F06_SA15_R01.txt,0.945
train,pre50_post150,SA15/F06_SA15_R02.txt,0.61
train,pre50_post150,SA15/F06_SA15_R03.txt,0.49
train,pre50_post150,SA15/F06_SA15_R04.txt,0.605
train,pre50_post150,SA15/F06_SA15_R05.txt,0.64
train,pre50_post150,SA15/F07_SA15_R01.txt,0.45
train,pre50_post150,SA15/F07_SA15_R02.txt,0.395
train,pre50_post150,SA15/F07_SA15_R03.txt,1.26
train,pre50_post150,SA15/F07_SA15_R04.txt,0.545
train,pre50_post150,SA15/F07_SA15_R05.txt,0.62
train,pre50_post150,SA15/F08_SA15_R01.txt,0.75
train,pre50_post150,SA15/F08_SA15_R05.txt,0.61
train,pre50_post150,SA15/F09_SA15_R01.txt,0.68
train,pre50_post150,SA15/F09_SA15_R02.txt,0.7
train,pre50_post150,SA15/F09_SA15_R03.txt,0.72
train,pre50_post150,SA15/F09_SA15_R04.txt,0.54
train,pre50_post150,SA15/F09_SA15_R05.txt,0.575
train,pre50_post150,SA15/F10_SA15_R01.txt,0.645
train,pre50_post150,SA15/F10_SA15_R02.txt,0.74
train,pre50_post150,SA15/F10_SA15_R03.txt,0.535
train,pre50_post150,SA15/F10_SA15_R04.txt,0.525
train,pre50_post150,SA15/F10_SA15_R05.txt,0.41
train,pre50_post150,SA15/F11_SA15_R02.txt,0.68
train,pre50_post150,SA15/F11_SA15_R03.txt,0.64
train,pre50_post150,SA15/F11_SA15_R05.txt,0.575
train,pre50_post150,SA15/F12_SA15_R01.txt,0.725
train,pre50_post150,SA15/F12_SA15_R02.txt,0.605
train,pre50_post150,SA15/F12_SA15_R03.txt,0.71
train,pre50_post150,SA15/F12_SA15_R04.txt,0.575
train,pre50_post150,SA15/F12_SA15_R05.txt,0.645
train,pre50_post150,SA15/F13_SA15_R01.txt,0.64
train,pre50_post150,SA15/F13_SA15_R02.txt,0.53
train,pre50_post150,SA15/F13_SA15_R03.txt,0.415
train,pre50_post150,SA15/F13_SA15_R05.txt,0.71
train,pre50_post150,SA15/F14_SA15_R01.txt,0.72
train,pre50_post150,SA15/F14_SA15_R02.txt,0.735
train,pre50_post150,SA15/F14_SA15_R03.txt,0.74
train,pre50_post150,SA15/F14_SA15_R05.txt,0.735
train,pre50_post150,SA15/F15_SA15_R01.txt,0.67
train,pre50_post150,SA15/F15_SA15_R04.txt,0.76
train,pre50_post150,SA15/F15_SA15_R05.txt,0.6
train,pre50_post150,SA16/F01_SA16_R02.txt,0.37
train,pre50_post150,SA16/F01_SA16_R03.txt,0.78
train,pre50_post150,SA16/F01_SA16_R04.txt,0.62
train,pre50_post150,SA16/F02_SA16_R01.txt,0.75
train,pre50_post150,SA16/F02_SA16_R02.txt,1.15
train,pre50_post150,SA16/F02_SA16_R05.txt,0.235
train,pre50_post150,SA16/F03_SA16_R04.txt,0.96
train,pre50_post150,SA16/F04_SA16_R01.txt,1.005
train,pre50_post150,SA16/F04_SA16_R02.txt,0.935
train,pre50_post150,SA16/F04_SA16_R03.txt,1.41
train,pre50_post150,SA16/F04_SA16_R04.txt,0.59
train,pre50_post150,SA16/F05_SA16_R01.txt,-0.055
train,pre50_post150,SA16/F05_SA16_R02.txt,0.28
train,pre50_post150,SA16/F05_SA16_R05.txt,1.08
train,pre50_post150,SA16/F06_SA16_R03.txt,0.745
train,pre50_post150,SA16/F06_SA16_R04.txt,0.62
train,pre50_post150,SA16/F06_SA16_R05.txt,0.66
train,pre50_post150,SA16/F07_SA16_R01.txt,0.615
train,pre50_post150,SA16/F07_SA16_R02.txt,0.735
train,pre50_post150,SA16/F08_SA16_R02.txt,0.665
train,pre50_post150,SA16/F08_SA16_R03.txt,0.765
train,pre50_post150,SA16/F08_SA16_R04.txt,0.765
train,pre50_post150,SA16/F08_SA16_R05.txt,0.99
train,pre50_post150,SA16/F09_SA16_R01.txt,0.735
train,pre50_post150,SA16/F09_SA16_R02.txt,0.94
train,pre50_post150,SA16/F09_SA16_R03.txt,0.735
train,pre50_post150,SA16/F09_SA16_R04.txt,0.73
train,pre50_post150,SA16/F09_SA16_R05.txt,0.745
train,pre50_post150,SA16/F10_SA16_R01.txt,0.57
train,pre50_post150,SA16/F10_SA16_R02.txt,0.56
train,pre50_post150,SA16/F10_SA16_R03.txt,0.575
train,pre50_post150,SA16/F10_SA16_R04.txt,0.54
train,pre50_post150,SA16/F10_SA16_R05.txt,0.96
train,pre50_post150,SA16/F11_SA16_R01.txt,0.76
train,pre50_post150,SA16/F11_SA16_R02.txt,0.755
train,pre50_post150,SA16/F11_SA16_R03.txt,0.76
train,pre50_post150,SA16/F11_SA16_R04.txt,0.755
train,pre50_post150,SA16/F11_SA16_R05.txt,0.75
train,pre50_post150,SA16/F12_SA16_R01.txt,0.71
train,pre50_post150,SA16/F12_SA16_R02.txt,0.72
train,pre50_post150,SA16/F12_SA16_R03.txt,0.745
train,pre50_post150,SA16/F12_SA16_R04.txt,0.73
train,pre50_post150,SA16/F12_SA16_R05.txt,0.69
train,pre50_post150,SA16/F13_SA16_R01.txt,0.29
train,pre50_post150,SA16/F13_SA16_R02.txt,0.08
train,pre50_post150,SA16/F13_SA16_R03.txt,0.185
train,pre50_post150,SA16/F13_SA16_R05.txt,0.34
train,pre50_post150,SA16/F14_SA16_R01.txt,0.74
train,pre50_post150,SA16/F14_SA16_R02.txt,0.745
train,pre50_post150,SA16/F14_SA16_R03.txt,0.675
train,pre50_post150,SA16/F14_SA16_R04.txt,0.66
train,pre50_post150,SA16/F14_SA16_R05.txt,0.72
train,pre50_post150,SA16/F15_SA16_R01.txt,0.675
train,pre50_post150,SA16/F15_SA16_R02.txt,0.65
train,pre50_post150,SA16/F15_SA16_R03.txt,0.655
train,pre50_post150,SA16/F15_SA16_R04.txt,0.585
train,pre50_post150,SA16/F15_SA16_R05.txt,0.735
train,pre50_post150,SA18/F01_SA18_R01.txt,0.435
train,pre50_post150,SA18/F01_SA18_R02.txt,0.18
train,pre50_post150,SA18/F01_SA18_R04.txt,0.37
train,pre50_post150,SA18/F01_SA18_R05.txt,1.07
train,pre50_post150,SA18/F02_SA18_R02.txt,0.135
train,pre50_post150,SA18/F02_SA18_R03.txt,0.98
train,pre50_post150,SA18/F03_SA18_R01.txt,0.725
train,pre50_post150,SA18/F03_SA18_R02.txt,0.76
train,pre50_post150,SA18/F03_SA18_R03.txt,0.99
train,pre50_post150,SA18/F03_SA18_R04.txt,0.96
train,pre50_post150,SA18/F03_SA18_R05.txt,0.755
train,pre50_post150,SA18/F04_SA18_R01.txt,0.565
train,pre50_post150,SA18/F04_SA18_R03.txt,0.95
train,pre50_post150,SA18/F04_SA18_R04.txt,0.525
train,pre50_post150,SA18/F04_SA18_R05.txt,0.405
train,pre50_post150,SA18/F05_SA18_R02.txt,0.515
train,pre50_post150,SA18/F05_SA18_R03.txt,0.99
train,pre50_post150,SA18/F05_SA18_R05.txt,0.155
train,pre50_post150,SA18/F06_SA18_R01.txt,0.74
train,pre50_post150,SA18/F06_SA18_R02.txt,0.75
train,pre50_post150,SA18/F06_SA18_R03.txt,0.585
train,pre50_post150,SA18/F06_SA18_R04.txt,0.605
train,pre50_post150,SA18/F06_SA18_R05.txt,0.955
train,pre50_post150,SA18/F07_SA18_R02.txt,0.57
train,pre50_post150,SA18/F07_SA18_R03.txt,0.705
train,pre50_post150,SA18/F07_SA18_R04.txt,0.71
train,pre50_post150,SA18/F08_SA18_R01.txt,0.525
train,pre50_post150,SA18/F08_SA18_R02.txt,0.945
train,pre50_post150,SA18/F08_SA18_R03.txt,0.435
train,pre50_post150,SA18/F08_SA18_R04.txt,0.545
train,pre50_post150,SA18/F08_SA18_R05.txt,0.575
train,pre50_post150,SA18/F09_SA18_R01.txt,1.155
train,pre50_post150,SA18/F09_SA18_R02.txt,0.96
train,pre50_post150,SA18/F09_SA18_R03.txt,0.945
train,pre50_post150,SA18/F09_SA18_R04.txt,0.97
train,pre50_post150,SA18/F09_SA18_R05.txt,0.43
train,pre50_post150,SA18/F10_SA18_R03.txt,0.64
train,pre50_post150,SA18/F11_SA18_R01.txt,0.105
train,pre50_post150,SA18/F11_SA18_R02.txt,0.34
train,pre50_post150,SA18/F11_SA18_R03.txt,0.74
train,pre50_post150,SA18/F11_SA18_R04.txt,0.75
train,pre50_post150,SA18/F11_SA18_R05.txt,0.745
train,pre50_post150,SA18/F12_SA18_R01.txt,0.73
train,pre50_post150,SA18/F12_SA18_R03.txt,1.17
train,pre50_post150,SA18/F12_SA18_R04.txt,0.755
train,pre50_post150,SA18/F12_SA18_R05.txt,0.75
train,pre50_post150,SA18/F13_SA18_R01.txt,0.625
train,pre50_post150,SA18/F13_SA18_R02.txt,0.61
train,pre50_post150,SA18/F13_SA18_R04.txt,1.02
train,pre50_post150,SA18/F13_SA18_R05.txt,0.72
train,pre50_post150,SA18/F14_SA18_R01.txt,0.585
train,pre50_post150,SA18/F14_SA18_R02.txt,0.68
train,pre50_post150,SA18/F14_SA18_R03.txt,0.665
train,pre50_post150,SA18/F14_SA18_R04.txt,0.64
train,pre50_post150,SA18/F14_SA18_R05.txt,0.645
train,pre50_post150,SA18/F15_SA18_R01.txt,0.735
train,pre50_post150,SA18/F15_SA18_R02.txt,0.68
train,pre50_post150,SA18/F15_SA18_R03.txt,0.605
train,pre50_post150,SA18/F15_SA18_R04.txt,0.72
train,pre50_post150,SA18/F15_SA18_R05.txt,0.735
train,pre50_post150,SA20/F01_SA20_R02.txt,0.625
train,pre50_post150,SA20/F01_SA20_R04.txt,0.7
train,pre50_post150,SA20/F01_SA20_R05.txt,0.775
train,pre50_post150,SA20/F02_SA20_R01.txt,1.005
train,pre50_post150,SA20/F02_SA20_R03.txt,0.41
train,pre50_post150,SA20/F02_SA20_R05.txt,0.705
train,pre50_post150,SA20/F03_SA20_R04.txt,1.285
train,pre50_post150,SA20/F03_SA20_R05.txt,0.445
train,pre50_post150,SA20/F04_SA20_R01.txt,1.09
train,pre50_post150,SA20/F04_SA20_R03.txt,0.57
train,pre50_post150,SA20/F05_SA20_R02.txt,0.67
train,pre50_post150,SA20/F05_SA20_R03.txt,0.615
train,pre50_post150,SA20/F05_SA20_R04.txt,0.28
train,pre50_post150,SA20/F05_SA20_R05.txt,1.405
train,pre50_post150,SA20/F06_SA20_R01.txt,0.925
train,pre50_post150,SA20/F06_SA20_R02.txt,1.33
train,pre50_post150,SA20/F06_SA20_R05.txt,0.725
train,pre50_post150,SA20/F07_SA20_R01.txt,0.46
train,pre50_post150,SA20/F07_SA20_R02.txt,1.13
train,pre50_post150,SA20/F07_SA20_R03.txt,0.215
train,pre50_post150,SA20/F07_SA20_R04.txt,1.17
train,pre50_post150,SA20/F07_SA20_R05.txt,0.465
train,pre50_post150,SA20/F08_SA20_R01.txt,0.745
train,pre50_post150,SA20/F08_SA20_R02.txt,1.1
train,pre50_post150,SA20/F08_SA20_R03.txt,0.78
train,pre50_post150,SA20/F08_SA20_R04.txt,0.65
train,pre50_post150,SA20/F08_SA20_R05.txt,0.775
train,pre50_post150,SA20/F09_SA20_R01.txt,0.71
train,pre50_post150,SA20/F09_SA20_R02.txt,0.995
train,pre50_post150,SA20/F09_SA20_R03.txt,0.685
train,pre50_post150,SA20/F09_SA20_R04.txt,0.625
train,pre50_post150,SA20/F09_SA20_R05.txt,0.445
train,pre50_post150,SA20/F10_SA20_R01.txt,0.755
train,pre50_post150,SA20/F10_SA20_R02.txt,0.705
train,pre50_post150,SA20/F10_SA20_R03.txt,1.15
train,pre50_post150,SA20/F10_SA20_R05.txt,0.765
train,pre50_post150,SA20/F11_SA20_R03.txt,0.585
train,pre50_post150,SA20/F11_SA20_R04.txt,0.565
train,pre50_post150,SA20/F11_SA20_R05.txt,0.73
train,pre50_post150,SA20/F12_SA20_R01.txt,0.725
train,pre50_post150,SA20/F12_SA20_R02.txt,0.72
train,pre50_post150,SA20/F12_SA20_R03.txt,0.735
train,pre50_post150,SA20/F12_SA20_R04.txt,0.71
train,pre50_post150,SA20/F13_SA20_R01.txt,0.48
train,pre50_post150,SA20/F13_SA20_R02.txt,0.445
train,pre50_post150,SA20/F13_SA20_R03.txt,0.59
train,pre50_post150,SA20/F13_SA20_R04.txt,0.515
train,pre50_post150,SA20/F13_SA20_R05.txt,0.455
train,pre50_post150,SA20/F14_SA20_R01.txt,0.605
train,pre50_post150,SA20/F14_SA20_R02.txt,0.75
train,pre50_post150,SA20/F14_SA20_R03.txt,0.645
train,pre50_post150,SA20/F14_SA20_R04.txt,0.64
train,pre50_post150,SA20/F14_SA20_R05.txt,0.745
train,pre50_post150,SA20/F15_SA20_R01.txt,0.63
train,pre50_post150,SA20/F15_SA20_R02.txt,0.68
train,pre50_post150,SA20/F15_SA20_R03.txt,0.77
train,pre50_post150,SA20/F15_SA20_R04.txt,0.58
train,pre50_post150,SA20/F15_SA20_R05.txt,0.73
train,pre50_post150,SA21/F01_SA21_R01.txt,0.55
train,pre50_post150,SA21/F01_SA21_R02.txt,0.305
train,pre50_post150,SA21/F01_SA21_R04.txt,0.505
train,pre50_post150,SA21/F01_SA21_R05.txt,0.37
train,pre50_post150,SA21/F02_SA21_R01.txt,0.215
train,pre50_post150,SA21/F02_SA21_R02.txt,0.575
train,pre50_post150,SA21/F02_SA21_R04.txt,0.765
train,pre50_post150,SA21/F02_SA21_R05.txt,-0.09
train,pre50_post150,SA21/F03_SA21_R01.txt,0.43
train,pre50_post150,SA21/F03_SA21_R05.txt,-0.105
train,pre50_post150,SA21/F04_SA21_R01.txt,0.605
train,pre50_post150,SA21/F04_SA21_R03.txt,0.525
train,pre50_post150,SA21/F04_SA21_R04.txt,0.205
train,pre50_post150,SA21/F04_SA21_R05.txt,0.76
train,pre50_post150,SA21/F05_SA21_R01.txt,0.955
train,pre50_post150,SA21/F05_SA21_R02.txt,0.585
train,pre50_post150,SA21/F05_SA21_R03.txt,1.13
train,pre50_post150,SA21/F05_SA21_R04.txt,1.02
train,pre50_post150,SA21/F06_SA21_R01.txt,0.73
train,pre50_post150,SA21/F06_SA21_R02.txt,0.725
train,pre50_post150,SA21/F06_SA21_R03.txt,0.645
train,pre50_post150,SA21/F06_SA21_R04.txt,0.58
train,pre50_post150,SA21/F06_SA21_R05.txt,0.655
train,pre50_post150,SA21/F07_SA21_R01.txt,0.63
train,pre50_post150,SA21/F07_SA21_R02.txt,0.75
train,pre50_post150,SA21/F07_SA21_R05.txt,1.21
train,pre50_post150,SA21/F08_SA21_R01.txt,0.995
train,pre50_post150,SA21/F08_SA21_R02.txt,0.575
train,pre50_post150,SA21/F08_SA21_R03.txt,0.46
train,pre50_post150,SA21/F08_SA21_R04.txt,0.58
train,pre50_post150,SA21/F08_SA21_R05.txt,0.76
train,pre50_post150,SA21/F09_SA21_R01.txt,1.29
train,pre50_post150,SA21/F09_SA21_R02.txt,0.975
train,pre50_post150,SA21/F09_SA21_R03.txt,0.69
train,pre50_post150,SA21/F09_SA21_R04.txt,0.74
train,pre50_post150,SA21/F09_SA21_R05.txt,0.725
train,pre50_post150,SA21/F10_SA21_R01.txt,0.605
train,pre50_post150,SA21/F10_SA21_R02.txt,0.53
train,pre50_post150,SA21/F10_SA21_R03.txt,0.55
train,pre50_post150,SA21/F10_SA21_R04.txt,1.04
train,pre50_post150,SA21/F10_SA21_R05.txt,0.945
train,pre50_post150,SA21/F11_SA21_R01.txt,0.735
train,pre50_post150,SA21/F11_SA21_R02.txt,0.96
train,pre50_post150,SA21/F11_SA21_R03.txt,0.65
train,pre50_post150,SA21/F11_SA21_R04.txt,0.73
train,pre50_post150,SA21/F12_SA21_R01.txt,0.755
train,pre50_post150,SA21/F12_SA21_R02.txt,0.75
train,pre50_post150,SA21/F12_SA21_R04.txt,0.72
train,pre50_post150,SA21/F12_SA21_R05.txt,1.34
train,pre50_post150,SA21/F13_SA21_R01.txt,0.73
train,pre50_post150,SA21/F13_SA21_R02.txt,0.275
train,pre50_post150,SA21/F13_SA21_R05.txt,0.59
train,pre50_post150,SA21/F14_SA21_R01.txt,0.635
train,pre50_post150,SA21/F14_SA21_R02.txt,0.655
train,pre50_post150,SA21/F14_SA21_R03.txt,0.675
train,pre50_post150,SA21/F14_SA21_R04.txt,0.64
train,pre50_post150,SA21/F14_SA21_R05.txt,0.635
train,pre50_post150,SA21/F15_SA21_R01.txt,0.6
train,pre50_post150,SA21/F15_SA21_R02.txt,0.75
train,pre50_post150,SA21/F15_SA21_R04.txt,0.625
train,pre50_post150,SA21/F15_SA21_R05.txt,0.7
train,pre50_post150,SA22/F01_SA22_R01.txt,0.6
train,pre50_post150,SA22/F01_SA22_R02.txt,1.08
train,pre50_post150,SA22/F01_SA22_R03.txt,0.39
train,pre50_post150,SA22/F01_SA22_R05.txt,0.67
train,pre50_post150,SA22/F02_SA22_R01.txt,0.395
train,pre50_post150,SA22/F02_SA22_R02.txt,0.635
train,pre50_post150,SA22/F02_SA22_R04.txt,0.525
train,pre50_post150,SA22/F03_SA22_R01.txt,0.43
train,pre50_post150,SA22/F03_SA22_R02.txt,0.695
train,pre50_post150,SA22/F03_SA22_R03.txt,0.45
train,pre50_post150,SA22/F03_SA22_R04.txt,1.51
train,pre50_post150,SA22/F03_SA22_R05.txt,0.975
train,pre50_post150,SA22/F04_SA22_R02.txt,0.67
train,pre50_post150,SA22/F04_SA22_R03.txt,0.27
train,pre50_post150,SA22/F04_SA22_R04.txt,0.735
train,pre50_post150,SA22/F04_SA22_R05.txt,0.32
train,pre50_post150,SA22/F05_SA22_R02.txt,1.15
train,pre50_post150,SA22/F05_SA22_R03.txt,1.03
train,pre50_post150,SA22/F05_SA22_R04.txt,0.165
train,pre50_post150,SA22/F05_SA22_R05.txt,0.36
train,pre50_post150,SA22/F06_SA22_R02.txt,0.12
train,pre50_post150,SA22/F06_SA22_R04.txt,0.74
train,pre50_post150,SA22/F06_SA22_R05.txt,0.59
train,pre50_post150,SA22/F07_SA22_R02.txt,0.73
train,pre50_post150,SA22/F07_SA22_R04.txt,0.735
train,pre50_post150,SA22/F07_SA22_R05.txt,0.185
train,pre50_post150,SA22/F08_SA22_R02.txt,1.03
train,pre50_post150,SA22/F08_SA22_R05.txt,0.965
train,pre50_post150,SA22/F09_SA22_R01.txt,0.95
train,pre50_post150,SA22/F09_SA22_R03.txt,1.005
train,pre50_post150,SA22/F10_SA22_R02.txt,0.59
train,pre50_post150,SA22/F10_SA22_R03.txt,0.785
train,pre50_post150,SA22/F10_SA22_R04.txt,0.14
train,pre50_post150,SA22/F10_SA22_R05.txt,0.67
train,pre50_post150,SA22/F11_SA22_R01.txt,0.195
train,pre50_post150,SA22/F11_SA22_R03.txt,0.73
train,pre50_post150,SA22/F11_SA22_R04.txt,0.725
train,pre50_post150,SA22/F12_SA22_R01.txt,0.675
train,pre50_post150,SA22/F12_SA22_R03.txt,0.135
train,pre50_post150,SA22/F12_SA22_R05.txt,0.735
train,pre50_post150,SA22/F13_SA22_R02.txt,0.295
train,pre50_post150,SA22/F13_SA22_R03.txt,0.395
train,pre50_post150,SA22/F13_SA22_R04.txt,0.405
train,pre50_post150,SA22/F14_SA22_R01.txt,0.63
train,pre50_post150,SA22/F14_SA22_R03.txt,0.7
train,pre50_post150,SA22/F14_SA22_R04.txt,0.725
train,pre50_post150,SA22/F15_SA22_R02.txt,0.77
train,pre50_post150,SA22/F15_SA22_R03.txt,0.63
train,pre50_post150,SA22/F15_SA22_R04.txt,0.62
train,pre50_post150,SE06/F02_SE06_R03.txt,0.7
train,pre50_post150,SE06/F03_SE06_R01.txt,0.265
train,pre50_post150,SE06/F03_SE06_R02.txt,0.55
train,pre50_post150,SE06/F03_SE06_R03.txt,0.97
train,pre50_post150,SE06/F03_SE06_R04.txt,0.305
train,pre50_post150,SE06/F03_SE06_R05.txt,0.965
train,pre50_post150,SE06/F05_SE06_R01.txt,0.99
train,pre50_post150,SE06/F05_SE06_R03.txt,-0.105
train,pre50_post150,SE06/F05_SE06_R05.txt,0.6
train,pre50_post150,SE06/F06_SE06_R01.txt,0.705
train,pre50_post150,SE06/F06_SE06_R03.txt,0.7
train,pre50_post150,SE06/F06_SE06_R04.txt,0.415
train,pre50_post150,SE06/F07_SE06_R01.txt,0.67
train,pre50_post150,SE06/F07_SE06_R02.txt,0.33
train,pre50_post150,SE06/F07_SE06_R03.txt,0.645
train,pre50_post150,SE06/F08_SE06_R01.txt,0.62
train,pre50_post150,SE06/F09_SE06_R01.txt,0.955
train,pre50_post150,SE06/F09_SE06_R05.txt,0.935
train,pre50_post150,SE06/F11_SE06_R01.txt,1.425
train,pre50_post150,SE06/F11_SE06_R05.txt,0.685
train,pre50_post150,SE06/F15_SE06_R01.txt,0.72
train,pre50_post150,SE06/F15_SE06_R05.txt,0.575
train,pre100_post200,SA03/F01_SA03_R01.txt,0.655
train,pre100_post200,SA03/F01_SA03_R02.txt,0.805
train,pre100_post200,SA03/F01_SA03_R03.txt,1.27
train,pre100_post200,SA03/F01_SA03_R04.txt,0.645
train,pre100_post200,SA03/F01_SA03_R05.txt,0.34
train,pre100_post200,SA03/F02_SA03_R01.txt,0.145
train,pre100_post200,SA03/F02_SA03_R04.txt,1.285
train,pre100_post200,SA03/F02_SA03_R05.txt,1.305
train,pre100_post200,SA03/F03_SA03_R01.txt,0.15
train,pre100_post200,SA03/F03_SA03_R02.txt,0.14
train,pre100_post200,SA03/F04_SA03_R01.txt,1.315
train,pre100_post200,SA03/F04_SA03_R02.txt,0.32
train,pre100_post200,SA03/F04_SA03_R03.txt,1.04
train,pre100_post200,SA03/F04_SA03_R04.txt,0.925
train,pre100_post200,SA03/F04_SA03_R05.txt,0.06
train,pre100_post200,SA03/F05_SA03_R01.txt,0.345
train,pre100_post200,SA03/F05_SA03_R02.txt,1.44
train,pre100_post200,SA03/F05_SA03_R03.txt,1.385
train,pre100_post200,SA03/F05_SA03_R04.txt,1.425
train,pre100_post200,SA03/F05_SA03_R05.txt,0.585
train,pre100_post200,SA03/F06_SA03_R02.txt,0.95
train,pre100_post200,SA03/F06_SA03_R03.txt,1.33
train,pre100_post200,SA03/F06_SA03_R04.txt,0.07
train,pre100_post200,SA03/F06_SA03_R05.txt,0.07
train,pre100_post200,SA03/F07_SA03_R01.txt,0.94
train,pre100_post200,SA03/F07_SA03_R02.txt,1.21
train,pre100_post200,SA03/F07_SA03_R03.txt,0.91
train,pre100_post200,SA03/F07_SA03_R04.txt,0.585
train,pre100_post200,SA03/F08_SA03_R01.txt,0.995
train,pre100_post200,SA03/F08_SA03_R02.txt,1.47
train,pre100_post200,SA03/F08_SA03_R03.txt,1.395
train,pre100_post200,SA03/F08_SA03_R04.txt,1.6
train,pre100_post200,SA03/F09_SA03_R01.txt,0.94
train,pre100_post200,SA03/F09_SA03_R02.txt,0.985
train,pre100_post200,SA03/F09_SA03_R03.txt,0.96
train,pre100_post200,SA03/F09_SA03_R04.txt,1.425
train,pre100_post200,SA03/F09_SA03_R05.txt,0.965
train,pre100_post200,SA03/F10_SA03_R02.txt,0.285
train,pre100_post200,SA03/F10_SA03_R03.txt,1.44
train,pre100_post200,SA03/F10_SA03_R04.txt,0.29
train,pre100_post200,SA03/F10_SA03_R05.txt,1.42
train,pre100_post200,SA03/F11_SA03_R01.txt,0.925
train,pre100_post200,SA03/F11_SA03_R02.txt,0.22
train,pre100_post200,SA03/F11_SA03_R03.txt,0.27
train,pre100_post200,SA03/F11_SA03_R04.txt,0.555
train,pre100_post200,SA03/F11_SA03_R05.txt,0.115
train,pre100_post200,SA03/F12_SA03_R01.txt,0.965
train,pre100_post200,SA03/F12_SA03_R02.txt,0.195
train,pre100_post200,SA03/F12_SA03_R03.txt,0.945
train,pre100_post200,SA03/F12_SA03_R04.txt,0.34
train,pre100_post200,SA03/F12_SA03_R05.txt,0.2
train,pre100_post200,SA03/F13_SA03_R01.txt,0.83
train,pre100_post200,SA03/F13_SA03_R02.txt,0.63
train,pre100_post200,SA03/F13_SA03_R03.txt,0.535
train,pre100_post200,SA03/F13_SA03_R04.txt,0.555
train,pre100_post200,SA03/F13_SA03_R05.txt,0.475
train,pre100_post200,SA03/F14_SA03_R03.txt,0.975
train,pre100_post200,SA03/F14_SA03_R04.txt,0.975
train,pre100_post200,SA03/F15_SA03_R01.txt,0.955
train,pre100_post200,SA03/F15_SA03_R02.txt,0.89
train,pre100_post200,SA03/F15_SA03_R03.txt,0.805
train,pre100_post200,SA03/F15_SA03_R04.txt,0.965
train,pre100_post200,SA03/F15_SA03_R05.txt,0.135
train,pre100_post200,SA04/F01_SA04_R01.txt,0.675
train,pre100_post200,SA04/F01_SA04_R02.txt,0.825
train,pre100_post200,SA04/F01_SA04_R03.txt,0.875
train,pre100_post200,SA04/F01_SA04_R04.txt,1.27
train,pre100_post200,SA04/F01_SA04_R05.txt,0.82
train,pre100_post200,SA04/F02_SA04_R01.txt,0.985
train,pre100_post200,SA04/F02_SA04_R02.txt,1.625
train,pre100_post200,SA04/F02_SA04_R03.txt,1.22
train,pre100_post200,SA04/F02_SA04_R04.txt,1.2
train,pre100_post200,SA04/F02_SA04_R05.txt,0.685
train,pre100_post200,SA04/F03_SA04_R01.txt,0.745
train,pre100_post200,SA04/F03_SA04_R02.txt,0.085
train,pre100_post200,SA04/F03_SA04_R03.txt,1.005
train,pre100_post200,SA04/F03_SA04_R04.txt,1.275
train,pre100_post200,SA04/F03_SA04_R05.txt,1.6
train,pre100_post200,SA04/F04_SA04_R01.txt,0.325
train,pre100_post200,SA04/F04_SA04_R02.txt,0.955
train,pre100_post200,SA04/F04_SA04_R03.txt,0.97
train,pre100_post200,SA04/F04_SA04_R04.txt,0.215
train,pre100_post200,SA04/F04_SA04_R05.txt,1.29
train,pre100_post200,SA04/F05_SA04_R01.txt,0.415
train,pre100_post200,SA04/F05_SA04_R02.txt,1.285
train,pre100_post200,SA04/F05_SA04_R03.txt,1.26
train,pre100_post200,SA04/F05_SA04_R04.txt,0.73
train,pre100_post200,SA04/F05_SA04_R05.txt,0.05
train,pre100_post200,SA04/F06_SA04_R01.txt,1.405
train,pre100_post200,SA04/F06_SA04_R02.txt,1.265
train,pre100_post200,SA04/F06_SA04_R03.txt,1.0
train,pre100_post200,SA04/F06_SA04_R04.txt,1.185
train,pre100_post200,SA04/F06_SA04_R05.txt,1.5
train,pre100_post200,SA04/F07_SA04_R01.txt,0.165
train,pre100_post200,SA04/F07_SA04_R02.txt,0.975
train,pre100_post200,SA04/F07_SA04_R03.txt,0.94
train,pre100_post200,SA04/F07_SA04_R04.txt,0.14
train,pre100_post200,SA04/F07_SA04_R05.txt,0.99
train,pre100_post200,SA04/F08_SA04_R01.txt,1.285
train,pre100_post200,SA04/F08_SA04_R02.txt,1.35
train,pre100_post200,SA04/F08_SA04_R03.txt,1.72
train,pre100_post200,SA04/F08_SA04_R04.txt,1.395
train,pre100_post200,SA04/F08_SA04_R05.txt,1.33
train,pre100_post200,SA04/F09_SA04_R01.txt,1.19
train,pre100_post200,SA04/F09_SA04_R02.txt,1.195
train,pre100_post200,SA04/F09_SA04_R03.txt,1.37
train,pre100_post200,SA04/F09_SA04_R04.txt,1.37
train,pre100_post200,SA04/F09_SA04_R05.txt,1.2
train,pre100_post200,SA04/F10_SA04_R01.txt,1.365
train,pre100_post200,SA04/F10_SA04_R02.txt,1.0
train,pre100_post200,SA04/F10_SA04_R03.txt,0.94
train,pre100_post200,SA04/F10_SA04_R04.txt,0.675
train,pre100_post200,SA04/F10_SA04_R05.txt,0.68
train,pre100_post200,SA04/F11_SA04_R01.txt,0.945
train,pre100_post200,SA04/F11_SA04_R02.txt,0.97
train,pre100_post200,SA04/F11_SA04_R04.txt,1.195
train,pre100_post200,SA04/F11_SA04_R05.txt,0.8
train,pre100_post200,SA04/F12_SA04_R01.txt,0.99
train,pre100_post200,SA04/F12_SA04_R02.txt,1.385
train,pre100_post200,SA04/F12_SA04_R03.txt,0.915
train,pre100_post200,SA04/F12_SA04_R05.txt,1.39
train,pre100_post200,SA04/F13_SA04_R01.txt,0.45
train,pre100_post200,SA04/F13_SA04_R02.txt,1.26
train,pre100_post200,SA04/F14_SA04_R01.txt,0.97
train,pre100_post200,SA04/F14_SA04_R02.txt,1.0
train,pre100_post200,SA04/F14_SA04_R03.txt,0.935
train,pre100_post200,SA04/F14_SA04_R04.txt,0.98
train,pre100_post200,SA04/F14_SA04_R05.txt,0.995
train,pre100_post200,SA04/F15_SA04_R01.txt,0.895
train,pre100_post200,SA04/F15_SA04_R02.txt,0.93
train,pre100_post200,SA04/F15_SA04_R03.txt,0.39
train,pre100_post200,SA04/F15_SA04_R04.txt,0.395
train,pre100_post200,SA04/F15_SA04_R05.txt,0.96
train,pre100_post200,SA07/F01_SA07_R01.txt,0.84
train,pre100_post200,SA07/F01_SA07_R02.txt,1.395
train,pre100_post200,SA07/F01_SA07_R03.txt,0.47
train,pre100_post200,SA07/F01_SA07_R04.txt,0.715
train,pre100_post200,SA07/F01_SA07_R05.txt,1.57
train,pre100_post200,SA07/F02_SA07_R01.txt,0.505
train,pre100_post200,SA07/F02_SA07_R02.txt,1.18
train,pre100_post200,SA07/F02_SA07_R03.txt,1.485
train,pre100_post200,SA07/F02_SA07_R04.txt,0.395
train,pre100_post200,SA07/F02_SA07_R05.txt,0.35
train,pre100_post200,SA07/F03_SA07_R01.txt,0.32
train,pre100_post200,SA07/F03_SA07_R02.txt,1.635
train,pre100_post200,SA07/F03_SA07_R03.txt,0.885
train,pre100_post200,SA07/F03_SA07_R05.txt,1.31
train,pre100_post200,SA07/F04_SA07_R01.txt,1.245
train,pre100_post200,SA07/F04_SA07_R02.txt,0.87
train,pre100_post200,SA07/F04_SA07_R04.txt,1.635
train,pre100_post200,SA07/F05_SA07_R01.txt,0.25
train,pre100_post200,SA07/F05_SA07_R02.txt,0.25
train,pre100_post200,SA07/F05_SA07_R03.txt,0.1
train,pre100_post200,SA07/F05_SA07_R04.txt,0.57
train,pre100_post200,SA07/F05_SA07_R05.txt,1.31
train,pre100_post200,SA07/F06_SA07_R01.txt,0.995
train,pre100_post200,SA07/F06_SA07_R02.txt,1.385
train,pre100_post200,SA07/F06_SA07_R03.txt,0.98
train,pre100_post200,SA07/F06_SA07_R04.txt,0.975
train,pre100_post200,SA07/F06_SA07_R05.txt,0.295
train,pre100_post200,SA07/F07_SA07_R01.txt,1.185
train,pre100_post200,SA07/F07_SA07_R03.txt,0.995
train,pre100_post200,SA07/F07_SA07_R04.txt,0.87
train,pre100_post200,SA07/F07_SA07_R05.txt,0.85
train,pre100_post200,SA07/F08_SA07_R01.txt,0.905
train,pre100_post200,SA07/F08_SA07_R02.txt,1.295
train,pre100_post200,SA07/F08_SA07_R03.txt,0.97
train,pre100_post200,SA07/F08_SA07_R04.txt,0.81
train,pre100_post200,SA07/F08_SA07_R05.txt,1.3
train,pre100_post200,SA07/F09_SA07_R01.txt,0.97
train,pre100_post200,SA07/F09_SA07_R02.txt,0.95
train,pre100_post200,SA07/F09_SA07_R03.txt,0.97
train,pre100_post200,SA07/F09_SA07_R04.txt,1.01
train,pre100_post200,SA07/F09_SA07_R05.txt,0.88
train,pre100_post200,SA07/F10_SA07_R01.txt,0.665
train,pre100_post200,SA07/F10_SA07_R02.txt,1.205
train,pre100_post200,SA07/F10_SA07_R03.txt,0.605
train,pre100_post200,SA07/F10_SA07_R04.txt,0.97
train,pre100_post200,SA07/F10_SA07_R05.txt,0.705
train,pre100_post200,SA07/F11_SA07_R01.txt,0.97
train,pre100_post200,SA07/F11_SA07_R02.txt,0.97
train,pre100_post200,SA07/F11_SA07_R03.txt,1.18
train,pre100_post200,SA07/F11_SA07_R04.txt,1.18
train,pre100_post200,SA07/F11_SA07_R05.txt,0.995
train,pre100_post200,SA07/F12_SA07_R01.txt,0.97
train,pre100_post200,SA07/F12_SA07_R02.txt,1.65
train,pre100_post200,SA07/F12_SA07_R04.txt,0.96
train,pre100_post200,SA07/F12_SA07_R05.txt,0.97
train,pre100_post200,SA07/F13_SA07_R01.txt,0.11
train,pre100_post200,SA07/F13_SA07_R02.txt,0.445
train,pre100_post200,SA07/F13_SA07_R03.txt,1.295
train,pre100_post200,SA07/F13_SA07_R04.txt,0.73
train,pre100_post200,SA07/F14_SA07_R01.txt,1.01
train,pre100_post200,SA07/F14_SA07_R02.txt,0.83
train,pre100_post200,SA07/F14_SA07_R03.txt,0.995
train,pre100_post200,SA07/F14_SA07_R04.txt,1.0
train,pre100_post200,SA07/F14_SA07_R05.txt,0.865
train,pre100_post200,SA07/F15_SA07_R01.txt,0.96
train,pre100_post200,SA07/F15_SA07_R02.txt,0.985
train,pre100_post200,SA07/F15_SA07_R03.txt,0.985
train,pre100_post200,SA10/F01_SA10_R02.txt,1.02
train,pre100_post200,SA10/F01_SA10_R03.txt,0.885
train,pre100_post200,SA10/F01_SA10_R04.txt,1.24
train,pre100_post200,SA10/F01_SA10_R05.txt,0.49
train,pre100_post200,SA10/F02_SA10_R01.txt,0.995
train,pre100_post200,SA10/F02_SA10_R02.txt,0.42
train,pre100_post200,SA10/F02_SA10_R03.txt,0.5
train,pre100_post200,SA10/F02_SA10_R04.txt,1.015
train,pre100_post200,SA10/F02_SA10_R05.txt,1.18
train,pre100_post200,SA10/F03_SA10_R02.txt,0.18
train,pre100_post200,SA10/F03_SA10_R03.txt,1.01
train,pre100_post200,SA10/F03_SA10_R04.txt,0.86
train,pre100_post200,SA10/F04_SA10_R01.txt,0.84
train,pre100_post200,SA10/F04_SA10_R02.txt,0.98
train,pre100_post200,SA10/F04_SA10_R03.txt,0.46
train,pre100_post200,SA10/F04_SA10_R04.txt,0.41
train,pre100_post200,SA10/F04_SA10_R05.txt,0.065
train,pre100_post200,SA10/F05_SA10_R01.txt,0.27
train,pre100_post200,SA10/F05_SA10_R03.txt,1.495
train,pre100_post200,SA10/F05_SA10_R04.txt,0.815
train,pre100_post200,SA10/F05_SA10_R05.txt,0.575
train,pre100_post200,SA10/F06_SA10_R01.txt,0.555
train,pre100_post200,SA10/F06_SA10_R02.txt,0.695
train,pre100_post200,SA10/F06_SA10_R03.txt,1.035
train,pre100_post200,SA10/F06_SA10_R04.txt,1.295
train,pre100_post200,SA10/F06_SA10_R05.txt,0.83
train,pre100_post200,SA10/F07_SA10_R01.txt,0.245
train,pre100_post200,SA10/F07_SA10_R02.txt,0.83
train,pre100_post200,SA10/F07_SA10_R03.txt,0.915
train,pre100_post200,SA10/F08_SA10_R01.txt,1.275
train,pre100_post200,SA10/F08_SA10_R02.txt,1.27
train,pre100_post200,SA10/F08_SA10_R03.txt,0.995
train,pre100_post200,SA10/F08_SA10_R04.txt,1.41
train,pre100_post200,SA10/F08_SA10_R05.txt,1.215
train,pre100_post200,SA10/F09_SA10_R01.txt,1.505
train,pre100_post200,SA10/F09_SA10_R02.txt,1.185
train,pre100_post200,SA10/F09_SA10_R03.txt,1.0
train,pre100_post200,SA10/F09_SA10_R04.txt,1.015
train,pre100_post200,SA10/F09_SA10_R05.txt,0.965
train,pre100_post200,SA10/F10_SA10_R01.txt,1.645
train,pre100_post200,SA10/F10_SA10_R02.txt,0.345
train,pre100_post200,SA10/F10_SA10_R03.txt,1.21
train,pre100_post200,SA10/F10_SA10_R04.txt,1.285
train,pre100_post200,SA10/F11_SA10_R01.txt,1.185
train,pre100_post200,SA10/F11_SA10_R02.txt,0.315
train,pre100_post200,SA10/F11_SA10_R05.txt,0.895
train,pre100_post200,SA10/F12_SA10_R01.txt,0.99
train,pre100_post200,SA10/F12_SA10_R02.txt,0.87
train,pre100_post200,SA10/F12_SA10_R03.txt,0.88
train,pre100_post200,SA10/F13_SA10_R01.txt,0.515
train,pre100_post200,SA10/F13_SA10_R02.txt,0.11
train,pre100_post200,SA10/F13_SA10_R03.txt,0.805
train,pre100_post200,SA10/F13_SA10_R05.txt,1.25
train,pre100_post200,SA10/F14_SA10_R02.txt,0.995
train,pre100_post200,SA10/F14_SA10_R03.txt,0.985
train,pre100_post200,SA10/F14_SA10_R04.txt,0.97
train,pre100_post200,SA10/F15_SA10_R01.txt,0.43
train,pre100_post200,SA10/F15_SA10_R04.txt,0.955
train,pre100_post200,SA10/F15_SA10_R05.txt,0.875
train,pre100_post200,SA11/F01_SA11_R01.txt,1.24
train,pre100_post200,SA11/F01_SA11_R02.txt,0.355
train,pre100_post200,SA11/F01_SA11_R03.txt,1.21
train,pre100_post200,SA11/F01_SA11_R04.txt,0.125
train,pre100_post200,SA11/F01_SA11_R05.txt,1.335
train,pre100_post200,SA11/F02_SA11_R01.txt,0.49
train,pre100_post200,SA11/F02_SA11_R02.txt,0.885
train,pre100_post200,SA11/F02_SA11_R03.txt,0.67
train,pre100_post200,SA11/F02_SA11_R04.txt,0.7
train,pre100_post200,SA11/F02_SA11_R05.txt,1.505
train,pre100_post200,SA11/F03_SA11_R02.txt,1.295
train,pre100_post200,SA11/F03_SA11_R03.txt,1.2
train,pre100_post200,SA11/F03_SA11_R04.txt,1.345
train,pre100_post200,SA11/F03_SA11_R05.txt,0.81
train,pre100_post200,SA11/F04_SA11_R01.txt,0.235
train,pre100_post200,SA11/F04_SA11_R02.txt,0.39
train,pre100_post200,SA11/F04_SA11_R03.txt,0.335
train,pre100_post200,SA11/F04_SA11_R04.txt,1.28
train,pre100_post200,SA11/F04_SA11_R05.txt,0.965
train,pre100_post200,SA11/F05_SA11_R01.txt,0.935
train,pre100_post200,SA11/F05_SA11_R02.txt,0.055
train,pre100_post200,SA11/F05_SA11_R03.txt,1.245
train,pre100_post200,SA11/F05_SA11_R04.txt,0.835
train,pre100_post200,SA11/F05_SA11_R05.txt,1.035
train,pre100_post200,SA11/F06_SA11_R02.txt,1.31
train,pre100_post200,SA11/F06_SA11_R03.txt,0.995
train,pre100_post200,SA11/F06_SA11_R04.txt,1.21
train,pre100_post200,SA11/F06_SA11_R05.txt,1.25
train,pre100_post200,SA11/F07_SA11_R01.txt,0.965
train,pre100_post200,SA11/F07_SA11_R02.txt,0.925
train,pre100_post200,SA11/F07_SA11_R03.txt,0.965
train,pre100_post200,SA11/F07_SA11_R04.txt,0.895
train,pre100_post200,SA11/F07_SA11_R05.txt,1.275
train,pre100_post200,SA11/F08_SA11_R04.txt,1.185
train,pre100_post200,SA11/F08_SA11_R05.txt,1.415
train,pre100_post200,SA11/F09_SA11_R01.txt,1.37
train,pre100_post200,SA11/F09_SA11_R02.txt,1.24
train,pre100_post200,SA11/F09_SA11_R03.txt,1.19
train,pre100_post200,SA11/F09_SA11_R05.txt,1.21
train,pre100_post200,SA11/F10_SA11_R01.txt,0.845
train,pre100_post200,SA11/F10_SA11_R02.txt,0.98
train,pre100_post200,SA11/F10_SA11_R03.txt,0.685
train,pre100_post200,SA11/F10_SA11_R04.txt,0.49
train,pre100_post200,SA11/F10_SA11_R05.txt,0.535
train,pre100_post200,SA11/F11_SA11_R01.txt,0.96
train,pre100_post200,SA11/F11_SA11_R02.txt,0.955
train,pre100_post200,SA11/F11_SA11_R03.txt,0.99
train,pre100_post200,SA11/F11_SA11_R04.txt,0.99
train,pre100_post200,SA11/F11_SA11_R05.txt,0.98
train,pre100_post200,SA11/F12_SA11_R01.txt,0.985
train,pre100_post200,SA11/F12_SA11_R02.txt,0.99
train,pre100_post200,SA11/F12_SA11_R03.txt,0.98
train,pre100_post200,SA11/F12_SA11_R04.txt,1.0
train,pre100_post200,SA11/F12_SA11_R05.txt,0.995
train,pre100_post200,SA11/F13_SA11_R01.txt,0.73
train,pre100_post200,SA11/F13_SA11_R02.txt,0.325
train,pre100_post200,SA11/F13_SA11_R03.txt,0.84
train,pre100_post200,SA11/F13_SA11_R04.txt,0.875
train,pre100_post200,SA11/F13_SA11_R05.txt,0.215
train,pre100_post200,SA11/F14_SA11_R01.txt,0.985
train,pre100_post200,SA11/F14_SA11_R02.txt,0.755
train,pre100_post200,SA11/F14_SA11_R04.txt,0.985
train,pre100_post200,SA11/F14_SA11_R05.txt,0.78
train,pre100_post200,SA11/F15_SA11_R01.txt,0.935
train,pre100_post200,SA11/F15_SA11_R02.txt,1.19
train,pre100_post200,SA11/F15_SA11_R03.txt,0.93
train,pre100_post200,SA11/F15_SA11_R04.txt,0.425
train,pre100_post200,SA11/F15_SA11_R05.txt,0.78
train,pre100_post200,SA12/F01_SA12_R03.txt,0.655
train,pre100_post200,SA12/F01_SA12_R04.txt,0.525
train,pre100_post200,SA12/F02_SA12_R01.txt,1.225
train,pre100_post200,SA12/F02_SA12_R02.txt,0.755
train,pre100_post200,SA12/F02_SA12_R03.txt,0.29
train,pre100_post200,SA12/F03_SA12_R01.txt,0.84
train,pre100_post200,SA12/F03_SA12_R03.txt,1.79
train,pre100_post200,SA12/F03_SA12_R04.txt,1.415
train,pre100_post200,SA12/F04_SA12_R01.txt,1.345
train,pre100_post200,SA12/F04_SA12_R02.txt,1.02
train,pre100_post200,SA12/F04_SA12_R03.txt,0.715
train,pre100_post200,SA12/F04_SA12_R04.txt,1.2
train,pre100_post200,SA12/F04_SA12_R05.txt,0.99
train,pre100_post200,SA12/F05_SA12_R01.txt,1.38
train,pre100_post200,SA12/F05_SA12_R02.txt,0.62
train,pre100_post200,SA12/F05_SA12_R03.txt,0.74
train,pre100_post200,SA12/F05_SA12_R04.txt,1.035
train,pre100_post200,SA12/F05_SA12_R05.txt,0.94
train,pre100_post200,SA12/F06_SA12_R01.txt,0.745
train,pre100_post200,SA12/F06_SA12_R02.txt,1.565
train,pre100_post200,SA12/F06_SA12_R03.txt,1.585
train,pre100_post200,SA12/F06_SA12_R04.txt,0.805
train,pre100_post200,SA12/F06_SA12_R05.txt,0.8
train,pre100_post200,SA12/F07_SA12_R01.txt,0.875
train,pre100_post200,SA12/F07_SA12_R03.txt,0.955
train,pre100_post200,SA12/F07_SA12_R04.txt,1.2
train,pre100_post200,SA12/F07_SA12_R05.txt,1.565
train,pre100_post200,SA12/F08_SA12_R01.txt,1.315
train,pre100_post200,SA12/F08_SA12_R03.txt,0.89
train,pre100_post200,SA12/F08_SA12_R04.txt,0.06
train,pre100_post200,SA12/F08_SA12_R05.txt,0.07
train,pre100_post200,SA12/F09_SA12_R02.txt,0.055
train,pre100_post200,SA12/F09_SA12_R03.txt,1.46
train,pre100_post200,SA12/F09_SA12_R04.txt,1.615
train,pre100_post200,SA12/F10_SA12_R01.txt,0.77
train,pre100_post200,SA12/F10_SA12_R02.txt,0.88
train,pre100_post200,SA12/F10_SA12_R03.txt,0.985
train,pre100_post200,SA12/F10_SA12_R04.txt,0.84
train,pre100_post200,SA12/F10_SA12_R05.txt,0.97
train,pre100_post200,SA12/F11_SA12_R01.txt,0.99
train,pre100_post200,SA12/F11_SA12_R02.txt,0.995
train,pre100_post200,SA12/F11_SA12_R04.txt,1.0
train,pre100_post200,SA12/F11_SA12_R05.txt,0.68
train,pre100_post200,SA12/F12_SA12_R01.txt,0.98
train,pre100_post200,SA12/F12_SA12_R02.txt,0.935
train,pre100_post200,SA12/F12_SA12_R03.txt,0.96
train,pre100_post200,SA12/F12_SA12_R04.txt,1.0
train,pre100_post200,SA12/F12_SA12_R05.txt,0.99
train,pre100_post200,SA12/F13_SA12_R01.txt,0.15
train,pre100_post200,SA12/F13_SA12_R02.txt,0.545
train,pre100_post200,SA12/F13_SA12_R03.txt,0.66
train,pre100_post200,SA12/F13_SA12_R04.txt,0.735
train,pre100_post200,SA12/F13_SA12_R05.txt,0.535
train,pre100_post200,SA12/F14_SA12_R01.txt,0.995
train,pre100_post200,SA12/F14_SA12_R02.txt,0.79
train,pre100_post200,SA12/F14_SA12_R04.txt,0.985
train,pre100_post200,SA12/F15_SA12_R01.txt,0.82
train,pre100_post200,SA12/F15_SA12_R02.txt,0.955
train,pre100_post200,SA12/F15_SA12_R03.txt,0.99
train,pre100_post200,SA12/F15_SA12_R04.txt,1.0
train,pre100_post200,SA12/F15_SA12_R05.txt,0.69
train,pre100_post200,SA14/F01_SA14_R02.txt,0.645
train,pre100_post200,SA14/F01_SA14_R03.txt,0.275
train,pre100_post200,SA14/F01_SA14_R04.txt,0.84
train,pre100_post200,SA14/F01_SA14_R05.txt,0.9
train,pre100_post200,SA14/F02_SA14_R03.txt,1.23
train,pre100_post200,SA14/F02_SA14_R04.txt,1.235
train,pre100_post200,SA14/F02_SA14_R05.txt,1.545
train,pre100_post200,SA14/F03_SA14_R01.txt,1.545
train,pre100_post200,SA14/F03_SA14_R02.txt,1.295
train,pre100_post200,SA14/F03_SA14_R03.txt,0.92
train,pre100_post200,SA14/F03_SA14_R04.txt,0.485
train,pre100_post200,SA14/F03_SA14_R05.txt,0.795
train,pre100_post200,SA14/F04_SA14_R01.txt,1.325
train,pre100_post200,SA14/F04_SA14_R02.txt,1.21
train,pre100_post200,SA14/F04_SA14_R03.txt,0.97
train,pre100_post200,SA14/F04_SA14_R04.txt,1.005
train,pre100_post200,SA14/F04_SA14_R05.txt,0.995
train,pre100_post200,SA14/F05_SA14_R01.txt,0.66
train,pre100_post200,SA14/F05_SA14_R02.txt,0.72
train,pre100_post200,SA14/F05_SA14_R04.txt,0.745
train,pre100_post200,SA14/F05_SA14_R05.txt,0.705
train,pre100_post200,SA14/F06_SA14_R01.txt,1.225
train,pre100_post200,SA14/F06_SA14_R02.txt,0.36
train,pre100_post200,SA14/F06_SA14_R03.txt,1.24
train,pre100_post200,SA14/F06_SA14_R04.txt,1.57
train,pre100_post200,SA14/F06_SA14_R05.txt,0.205
train,pre100_post200,SA14/F07_SA14_R01.txt,1.45
train,pre100_post200,SA14/F07_SA14_R03.txt,0.865
train,pre100_post200,SA14/F07_SA14_R04.txt,1.235
train,pre100_post200,SA14/F08_SA14_R01.txt,0.905
train,pre100_post200,SA14/F08_SA14_R02.txt,1.515
train,pre100_post200,SA14/F08_SA14_R03.txt,1.21
train,pre100_post200,SA14/F08_SA14_R04.txt,1.485
train,pre100_post200,SA14/F08_SA14_R05.txt,1.245
train,pre100_post200,SA14/F09_SA14_R01.txt,1.245
train,pre100_post200,SA14/F09_SA14_R02.txt,1.54
train,pre100_post200,SA14/F09_SA14_R03.txt,1.585
train,pre100_post200,SA14/F09_SA14_R04.txt,1.245
train,pre100_post200,SA14/F09_SA14_R05.txt,1.245
train,pre100_post200,SA14/F10_SA14_R01.txt,0.695
train,pre100_post200,SA14/F10_SA14_R02.txt,0.43
train,pre100_post200,SA14/F10_SA14_R03.txt,0.26
train,pre100_post200,SA14/F10_SA14_R04.txt,0.975
train,pre100_post200,SA14/F10_SA14_R05.txt,1.555
train,pre100_post200,SA14/F12_SA14_R02.txt,1.525
train,pre100_post200,SA14/F13_SA14_R01.txt,1.725
train,pre100_post200,SA14/F13_SA14_R03.txt,0.51
train,pre100_post200,SA14/F13_SA14_R05.txt,0.23
train,pre100_post200,SA14/F14_SA14_R01.txt,0.98
train,pre100_post200,SA14/F14_SA14_R02.txt,0.975
train,pre100_post200,SA14/F14_SA14_R03.txt,0.91
train,pre100_post200,SA14/F14_SA14_R04.txt,0.935
train,pre100_post200,SA14/F14_SA14_R05.txt,0.985
train,pre100_post200,SA14/F15_SA14_R01.txt,1.0
train,pre100_post200,SA14/F15_SA14_R02.txt,0.99
train,pre100_post200,SA14/F15_SA14_R03.txt,1.01
train,pre100_post200,SA14/F15_SA14_R04.txt,1.015
train,pre100_post200,SA14/F15_SA14_R05.txt,0.98
train,pre100_post200,SA15/F01_SA15_R01.txt,0.8
train,pre100_post200,SA15/F01_SA15_R02.txt,0.37
train,pre100_post200,SA15/F01_SA15_R03.txt,0.72
train,pre100_post200,SA15/F01_SA15_R04.txt,0.845
train,pre100_post200,SA15/F01_SA15_R05.txt,1.315
train,pre100_post200,SA15/F02_SA15_R01.txt,0.21
train,pre100_post200,SA15/F02_SA15_R02.txt,0.99
train,pre100_post200,SA15/F02_SA15_R03.txt,0.57
train,pre100_post200,SA15/F02_SA15_R04.txt,0.865
train,pre100_post200,SA15/F02_SA15_R05.txt,0.495
train,pre100_post200,SA15/F03_SA15_R01.txt,1.24
train,pre100_post200,SA15/F03_SA15_R02.txt,0.735
train,pre100_post200,SA15/F03_SA15_R03.txt,0.88
train,pre100_post200,SA15/F03_SA15_R04.txt,1.525
train,pre100_post200,SA15/F03_SA15_R05.txt,0.8
train,pre100_post200,SA15/F04_SA15_R01.txt,1.215
train,pre100_post200,SA15/F04_SA15_R02.txt,1.22
train,pre100_post200,SA15/F04_SA15_R03.txt,1.015
train,pre100_post200,SA15/F05_SA15_R02.txt,0.41
train,pre100_post200,SA15/F05_SA15_R03.txt,0.84
train,pre100_post200,SA15/F05_SA15_R04.txt,0.66
train,pre100_post200,SA15/F05_SA15_R05.txt,1.025
train,pre100_post200,SA15/F06_SA15_R01.txt,1.195
train,pre100_post200,SA15/F06_SA15_R02.txt,0.86
train,pre100_post200,SA15/F06_SA15_R03.txt,0.74
train,pre100_post200,SA15/F06_SA15_R04.txt,0.855
train,pre100_post200,SA15/F06_SA15_R05.txt,0.89
train,pre100_post200,SA15/F07_SA15_R01.txt,0.7
train,pre100_post200,SA15/F07_SA15_R02.txt,0.645
train,pre100_post200,SA15/F07_SA15_R03.txt,1.51
train,pre100_post200,SA15/F07_SA15_R04.txt,0.795
train,pre100_post200,SA15/F07_SA15_R05.txt,0.87
train,pre100_post200,SA15/F08_SA15_R01.txt,1.0
train,pre100_post200,SA15/F08_SA15_R05.txt,0.86
train,pre100_post200,SA15/F09_SA15_R01.txt,0.93
train,pre100_post200,SA15/F09_SA15_R02.txt,0.95
train,pre100_post200,SA15/F09_SA15_R03.txt,0.97
train,pre100_post200,SA15/F09_SA15_R04.txt,0.79
train,pre100_post200,SA15/F09_SA15_R05.txt,0.825
train,pre100_post200,SA15/F10_SA15_R01.txt,0.895
train,pre100_post200,SA15/F10_SA15_R02.txt,0.99
train,pre100_post200,SA15/F10_SA15_R03.txt,0.785
train,pre100_post200,SA15/F10_SA15_R04.txt,0.775
train,pre100_post200,SA15/F10_SA15_R05.txt,0.66
train,pre100_post200,SA15/F11_SA15_R02.txt,0.93
train,pre100_post200,SA15/F11_SA15_R03.txt,0.89
train,pre100_post200,SA15/F11_SA15_R05.txt,0.825
train,pre100_post200,SA15/F12_SA15_R01.txt,0.975
train,pre100_post200,SA15/F12_SA15_R02.txt,0.855
train,pre100_post200,SA15/F12_SA15_R03.txt,0.96
train,pre100_post200,SA15/F12_SA15_R04.txt,0.825
train,pre100_post200,SA15/F12_SA15_R05.txt,0.895
train,pre100_post200,SA15/F13_SA15_R01.txt,0.89
train,pre100_post200,SA15/F13_SA15_R02.txt,0.78
train,pre100_post200,SA15/F13_SA15_R03.txt,0.665
train,pre100_post200,SA15/F13_SA15_R05.txt,0.96
train,pre100_post200,SA15/F14_SA15_R01.txt,0.97
train,pre100_post200,SA15/F14_SA15_R02.txt,0.985
train,pre100_post200,SA15/F14_SA15_R03.txt,0.99
train,pre100_post200,SA15/F14_SA15_R05.txt,0.985
train,pre100_post200,SA15/F15_SA15_R01.txt,0.92
train,pre100_post200,SA15/F15_SA15_R04.txt,1.01
train,pre100_post200,SA15/F15_SA15_R05.txt,0.85
train,pre100_post200,SA16/F01_SA16_R01.txt,1.53
train,pre100_post200,SA16/F01_SA16_R02.txt,0.62
train,pre100_post200,SA16/F01_SA16_R03.txt,1.03
train,pre100_post200,SA16/F01_SA16_R04.txt,0.87
train,pre100_post200,SA16/F02_SA16_R01.txt,1.0
train,pre100_post200,SA16/F02_SA16_R02.txt,1.4
train,pre100_post200,SA16/F02_SA16_R03.txt,0.12
train,pre100_post200,SA16/F02_SA16_R04.txt,0.275
train,pre100_post200,SA16/F02_SA16_R05.txt,0.485
train,pre100_post200,SA16/F03_SA16_R01.txt,1.51
train,pre100_post200,SA16/F03_SA16_R02.txt,0.195
train,pre100_post200,SA16/F03_SA16_R03.txt,0.14
train,pre100_post200,SA16/F03_SA16_R04.txt,1.21
train,pre100_post200,SA16/F03_SA16_R05.txt,1.48
train,pre100_post200,SA16/F04_SA16_R01.txt,1.255
train,pre100_post200,SA16/F04_SA16_R02.txt,1.185
train,pre100_post200,SA16/F04_SA16_R03.txt,1.66
train,pre100_post200,SA16/F04_SA16_R04.txt,0.84
train,pre100_post200,SA16/F04_SA16_R05.txt,0.2
train,pre100_post200,SA16/F05_SA16_R01.txt,0.195
train,pre100_post200,SA16/F05_SA16_R02.txt,0.53
train,pre100_post200,SA16/F05_SA16_R03.txt,0.16
train,pre100_post200,SA16/F05_SA16_R05.txt,1.33
train,pre100_post200,SA16/F06_SA16_R01.txt,0.3
train,pre100_post200,SA16/F06_SA16_R02.txt,1.755
train,pre100_post200,SA16/F06_SA16_R03.txt,0.995
train,pre100_post200,SA16/F06_SA16_R04.txt,0.87
train,pre100_post200,SA16/F06_SA16_R05.txt,0.91
train,pre100_post200,SA16/F07_SA16_R01.txt,0.865
train,pre100_post200,SA16/F07_SA16_R02.txt,0.985
train,pre100_post200,SA16/F07_SA16_R03.txt,0.245
train,pre100_post200,SA16/F07_SA16_R04.txt,0.155
train,pre100_post200,SA16/F07_SA16_R05.txt,0.105
train,pre100_post200,SA16/F08_SA16_R01.txt,1.405
train,pre100_post200,SA16/F08_SA16_R02.txt,0.915
train,pre100_post200,SA16/F08_SA16_R03.txt,1.015
train,pre100_post200,SA16/F08_SA16_R04.txt,1.015
train,pre100_post200,SA16/F08_SA16_R05.txt,1.24
train,pre100_post200,SA16/F09_SA16_R01.txt,0.985
train,pre100_post200,SA16/F09_SA16_R02.txt,1.19
train,pre100_post200,SA16/F09_SA16_R03.txt,0.985
train,pre100_post200,SA16/F09_SA16_R04.txt,0.98
train,pre100_post200,SA16/F09_SA16_R05.txt,0.995
train,pre100_post200,SA16/F10_SA16_R01.txt,0.82
train,pre100_post200,SA16/F10_SA16_R02.txt,0.81
train,pre100_post200,SA16/F10_SA16_R03.txt,0.825
train,pre100_post200,SA16/F10_SA16_R04.txt,0.79
train,pre100_post200,SA16/F10_SA16_R05.txt,1.21
train,pre100_post200,SA16/F11_SA16_R01.txt,1.01
train,pre100_post200,SA16/F11_SA16_R02.txt,1.005
train,pre100_post200,SA16/F11_SA16_R03.txt,1.01
train,pre100_post200,SA16/F11_SA16_R04.txt,1.005
train,pre100_post200,SA16/F11_SA16_R05.txt,1.0
train,pre100_post200,SA16/F12_SA16_R01.txt,0.96
train,pre100_post200,SA16/F12_SA16_R02.txt,0.97
train,pre100_post200,SA16/F12_SA16_R03.txt,0.995
train,pre100_post200,SA16/F12_SA16_R04.txt,0.98
train,pre100_post200,SA16/F12_SA16_R05.txt,0.94
train,pre100_post200,SA16/F13_SA16_R01.txt,0.54
train,pre100_post200,SA16/F13_SA16_R02.txt,0.33
train,pre100_post200,SA16/F13_SA16_R03.txt,0.435
train,pre100_post200,SA16/F13_SA16_R04.txt,0.265
train,pre100_post200,SA16/F13_SA16_R05.txt,0.59
train,pre100_post200,SA16/F14_SA16_R01.txt,0.99
train,pre100_post200,SA16/F14_SA16_R02.txt,0.995
train,pre100_post200,SA16/F14_SA16_R03.txt,0.925
train,pre100_post200,SA16/F14_SA16_R04.txt,0.91
train,pre100_post200,SA16/F14_SA16_R05.txt,0.97
train,pre100_post200,SA16/F15_SA16_R01.txt,0.925
train,pre100_post200,SA16/F15_SA16_R02.txt,0.9
train,pre100_post200,SA16/F15_SA16_R03.txt,0.905
train,pre100_post200,SA16/F15_SA16_R04.txt,0.835
train,pre100_post200,SA16/F15_SA16_R05.txt,0.985
train,pre100_post200,SA18/F01_SA18_R01.txt,0.685
train,pre100_post200,SA18/F01_SA18_R02.txt,0.43
train,pre100_post200,SA18/F01_SA18_R03.txt,1.54
train,pre100_post200,SA18/F01_SA18_R04.txt,0.62
train,pre100_post200,SA18/F01_SA18_R05.txt,1.32
train,pre100_post200,SA18/F02_SA18_R01.txt,0.07
train,pre100_post200,SA18/F02_SA18_R02.txt,0.385
train,pre100_post200,SA18/F02_SA18_R03.txt,1.23
train,pre100_post200,SA18/F02_SA18_R04.txt,1.595
train,pre100_post200,SA18/F02_SA18_R05.txt,1.6
train,pre100_post200,SA18/F03_SA18_R01.txt,0.975
train,pre100_post200,SA18/F03_SA18_R02.txt,1.01
train,pre100_post200,SA18/F03_SA18_R03.txt,1.24
train,pre100_post200,SA18/F03_SA18_R04.txt,1.21
train,pre100_post200,SA18/F03_SA18_R05.txt,1.005
train,pre100_post200,SA18/F04_SA18_R01.txt,0.815
train,pre100_post200,SA18/F04_SA18_R03.txt,1.2
train,pre100_post200,SA18/F04_SA18_R04.txt,0.775
train,pre100_post200,SA18/F04_SA18_R05.txt,0.655
train,pre100_post200,SA18/F05_SA18_R01.txt,0.085
train,pre100_post200,SA18/F05_SA18_R02.txt,0.765
train,pre100_post200,SA18/F05_SA18_R03.txt,1.24
train,pre100_post200,SA18/F05_SA18_R04.txt,0.085
train,pre100_post200,SA18/F05_SA18_R05.txt,0.405
train,pre100_post200,SA18/F06_SA18_R01.txt,0.99
train,pre100_post200,SA18/F06_SA18_R02.txt,1.0
train,pre100_post200,SA18/F06_SA18_R03.txt,0.835
train,pre100_post200,SA18/F06_SA18_R04.txt,0.855
train,pre100_post200,SA18/F06_SA18_R05.txt,1.205
train,pre100_post200,SA18/F07_SA18_R02.txt,0.82
train,pre100_post200,SA18/F07_SA18_R03.txt,0.955
train,pre100_post200,SA18/F07_SA18_R04.txt,0.96
train,pre100_post200,SA18/F08_SA18_R01.txt,0.775
train,pre100_post200,SA18/F08_SA18_R02.txt,1.195
train,pre100_post200,SA18/F08_SA18_R03.txt,0.685
train,pre100_post200,SA18/F08_SA18_R04.txt,0.795
train,pre100_post200,SA18/F08_SA18_R05.txt,0.825
train,pre100_post200,SA18/F09_SA18_R01.txt,1.405
train,pre100_post200,SA18/F09_SA18_R02.txt,1.21
train,pre100_post200,SA18/F09_SA18_R03.txt,1.195
train,pre100_post200,SA18/F09_SA18_R04.txt,1.22
train,pre100_post200,SA18/F09_SA18_R05.txt,0.68
train,pre100_post200,SA18/F10_SA18_R03.txt,0.89
train,pre100_post200,SA18/F11_SA18_R01.txt,0.355
train,pre100_post200,SA18/F11_SA18_R02.txt,0.59
train,pre100_post200,SA18/F11_SA18_R03.txt,0.99
train,pre100_post200,SA18/F11_SA18_R04.txt,1.0
train,pre100_post200,SA18/F11_SA18_R05.txt,0.995
train,pre100_post200,SA18/F12_SA18_R01.txt,0.98
train,pre100_post200,SA18/F12_SA18_R02.txt,0.19
train,pre100_post200,SA18/F12_SA18_R03.txt,1.42
train,pre100_post200,SA18/F12_SA18_R04.txt,1.005
train,pre100_post200,SA18/F12_SA18_R05.txt,1.0
train,pre100_post200,SA18/F13_SA18_R01.txt,0.875
train,pre100_post200,SA18/F13_SA18_R02.txt,0.86
train,pre100_post200,SA18/F13_SA18_R04.txt,1.27
train,pre100_post200,SA18/F13_SA18_R05.txt,0.97
train,pre100_post200,SA18/F14_SA18_R01.txt,0.835
train,pre100_post200,SA18/F14_SA18_R02.txt,0.93
train,pre100_post200,SA18/F14_SA18_R03.txt,0.915
train,pre100_post200,SA18/F14_SA18_R04.txt,0.89
train,pre100_post200,SA18/F14_SA18_R05.txt,0.895
train,pre100_post200,SA18/F15_SA18_R01.txt,0.985
train,pre100_post200,SA18/F15_SA18_R02.txt,0.93
train,pre100_post200,SA18/F15_SA18_R03.txt,0.855
train,pre100_post200,SA18/F15_SA18_R04.txt,0.97
train,pre100_post200,SA18/F15_SA18_R05.txt,0.985
train,pre100_post200,SA20/F01_SA20_R02.txt,0.875
train,pre100_post200,SA20/F01_SA20_R04.txt,0.95
train,pre100_post200,SA20/F01_SA20_R05.txt,1.025
train,pre100_post200,SA20/F02_SA20_R01.txt,1.255
train,pre100_post200,SA20/F02_SA20_R02.txt,0.44
train,pre100_post200,SA20/F02_SA20_R03.txt,0.66
train,pre100_post200,SA20/F02_SA20_R05.txt,0.955
train,pre100_post200,SA20/F03_SA20_R03.txt,1.36
train,pre100_post200,SA20/F03_SA20_R04.txt,1.535
train,pre100_post200,SA20/F03_SA20_R05.txt,0.695
train,pre100_post200,SA20/F04_SA20_R01.txt,1.34
train,pre100_post200,SA20/F04_SA20_R03.txt,0.82
train,pre100_post200,SA20/F05_SA20_R02.txt,0.92
train,pre100_post200,SA20/F05_SA20_R03.txt,0.865
train,pre100_post200,SA20/F05_SA20_R04.txt,0.53
train,pre100_post200,SA20/F05_SA20_R05.txt,1.655
train,pre100_post200,SA20/F06_SA20_R01.txt,1.175
train,pre100_post200,SA20/F06_SA20_R02.txt,1.58
train,pre100_post200,SA20/F06_SA20_R03.txt,0.115
train,pre100_post200,SA20/F06_SA20_R04.txt,1.58
train,pre100_post200,SA20/F06_SA20_R05.txt,0.975
train,pre100_post200,SA20/F07_SA20_R01.txt,0.71
train,pre100_post200,SA20/F07_SA20_R02.txt,1.38
train,pre100_post200,SA20/F07_SA20_R03.txt,0.465
train,pre100_post200,SA20/F07_SA20_R04.txt,1.42
train,pre100_post200,SA20/F07_SA20_R05.txt,0.715
train,pre100_post200,SA20/F08_SA20_R01.txt,0.995
train,pre100_post200,SA20/F08_SA20_R02.txt,1.35
train,pre100_post200,SA20/F08_SA20_R03.txt,1.03
train,pre100_post200,SA20/F08_SA20_R04.txt,0.9
train,pre100_post200,SA20/F08_SA20_R05.txt,1.025
train,pre100_post200,SA20/F09_SA20_R01.txt,0.96
train,pre100_post200,SA20/F09_SA20_R02.txt,1.245
train,pre100_post200,SA20/F09_SA20_R03.txt,0.935
train,pre100_post200,SA20/F09_SA20_R04.txt,0.875
train,pre100_post200,SA20/F09_SA20_R05.txt,0.695
train,pre100_post200,SA20/F10_SA20_R01.txt,1.005
train,pre100_post200,SA20/F10_SA20_R02.txt,0.955
train,pre100_post200,SA20/F10_SA20_R03.txt,1.4
train,pre100_post200,SA20/F10_SA20_R05.txt,1.015
train,pre100_post200,SA20/F11_SA20_R01.txt,0.175
train,pre100_post200,SA20/F11_SA20_R03.txt,0.835
train,pre100_post200,SA20/F11_SA20_R04.txt,0.815
train,pre100_post200,SA20/F11_SA20_R05.txt,0.98
train,pre100_post200,SA20/F12_SA20_R01.txt,0.975
train,pre100_post200,SA20/F12_SA20_R02.txt,0.97
train,pre100_post200,SA20/F12_SA20_R03.txt,0.985
train,pre100_post200,SA20/F12_SA20_R04.txt,0.96
train,pre100_post200,SA20/F13_SA20_R01.txt,0.73
train,pre100_post200,SA20/F13_SA20_R02.txt,0.695
train,pre100_post200,SA20/F13_SA20_R03.txt,0.84
train,pre100_post200,SA20/F13_SA20_R04.txt,0.765
train,pre100_post200,SA20/F13_SA20_R05.txt,0.705
train,pre100_post200,SA20/F14_SA20_R01.txt,0.855
train,pre100_post200,SA20/F14_SA20_R02.txt,1.0
train,pre100_post200,SA20/F14_SA20_R03.txt,0.895
train,pre100_post200,SA20/F14_SA20_R04.txt,0.89
train,pre100_post200,SA20/F14_SA20_R05.txt,0.995
train,pre100_post200,SA20/F15_SA20_R01.txt,0.88
train,pre100_post200,SA20/F15_SA20_R02.txt,0.93
train,pre100_post200,SA20/F15_SA20_R03.txt,1.02
train,pre100_post200,SA20/F15_SA20_R04.txt,0.83
train,pre100_post200,SA20/F15_SA20_R05.txt,0.98
train,pre100_post200,SA21/F01_SA21_R01.txt,0.8
train,pre100_post200,SA21/F01_SA21_R02.txt,0.555
train,pre100_post200,SA21/F01_SA21_R04.txt,0.755
train,pre100_post200,SA21/F01_SA21_R05.txt,0.62
train,pre100_post200,SA21/F02_SA21_R01.txt,0.465
train,pre100_post200,SA21/F02_SA21_R02.txt,0.825
train,pre100_post200,SA21/F02_SA21_R03.txt,1.41
train,pre100_post200,SA21/F02_SA21_R04.txt,1.015
train,pre100_post200,SA21/F02_SA21_R05.txt,0.16
train,pre100_post200,SA21/F03_SA21_R01.txt,0.68
train,pre100_post200,SA21/F03_SA21_R02.txt,0.07
train,pre100_post200,SA21/F03_SA21_R04.txt,0.18
train,pre100_post200,SA21/F03_SA21_R05.txt,0.145
train,pre100_post200,SA21/F04_SA21_R01.txt,0.855
train,pre100_post200,SA21/F04_SA21_R02.txt,1.49
train,pre100_post200,SA21/F04_SA21_R03.txt,0.775
train,pre100_post200,SA21/F04_SA21_R04.txt,0.455
train,pre100_post200,SA21/F04_SA21_R05.txt,1.01
train,pre100_post200,SA21/F05_SA21_R01.txt,1.205
train,pre100_post200,SA21/F05_SA21_R02.txt,0.835
train,pre100_post200,SA21/F05_SA21_R03.txt,1.38
train,pre100_post200,SA21/F05_SA21_R04.txt,1.27
train,pre100_post200,SA21/F05_SA21_R05.txt,1.38
train,pre100_post200,SA21/F06_SA21_R01.txt,0.98
train,pre100_post200,SA21/F06_SA21_R02.txt,0.975
train,pre100_post200,SA21/F06_SA21_R03.txt,0.895
train,pre100_post200,SA21/F06_SA21_R04.txt,0.83
train,pre100_post200,SA21/F06_SA21_R05.txt,0.905
train,pre100_post200,SA21/F07_SA21_R01.txt,0.88
train,pre100_post200,SA21/F07_SA21_R02.txt,1.0
train,pre100_post200,SA21/F07_SA21_R05.txt,1.46
train,pre100_post200,SA21/F08_SA21_R01.txt,1.245
train,pre100_post200,SA21/F08_SA21_R02.txt,0.825
train,pre100_post200,SA21/F08_SA21_R03.txt,0.71
train,pre100_post200,SA21/F08_SA21_R04.txt,0.83
train,pre100_post200,SA21/F08_SA21_R05.txt,1.01
train,pre100_post200,SA21/F09_SA21_R01.txt,1.54
train,pre100_post200,SA21/F09_SA21_R02.txt,1.225
train,pre100_post200,SA21/F09_SA21_R03.txt,0.94
train,pre100_post200,SA21/F09_SA21_R04.txt,0.99
train,pre100_post200,SA21/F09_SA21_R05.txt,0.975
train,pre100_post200,SA21/F10_SA21_R01.txt,0.855
train,pre100_post200,SA21/F10_SA21_R02.txt,0.78
train,pre100_post200,SA21/F10_SA21_R03.txt,0.8
train,pre100_post200,SA21/F10_SA21_R04.txt,1.29
train,pre100_post200,SA21/F10_SA21_R05.txt,1.195
train,pre100_post200,SA21/F11_SA21_R01.txt,0.985
train,pre100_post200,SA21/F11_SA21_R02.txt,1.21
train,pre100_post200,SA21/F11_SA21_R03.txt,0.9
train,pre100_post200,SA21/F11_SA21_R04.txt,0.98
train,pre100_post200,SA21/F12_SA21_R01.txt,1.005
train,pre100_post200,SA21/F12_SA21_R02.txt,1.0
train,pre100_post200,SA21/F12_SA21_R03.txt,1.65
train,pre100_post200,SA21/F12_SA21_R04.txt,0.97
train,pre100_post200,SA21/F12_SA21_R05.txt,1.59
train,pre100_post200,SA21/F13_SA21_R01.txt,0.98
train,pre100_post200,SA21/F13_SA21_R02.txt,0.525
train,pre100_post200,SA21/F13_SA21_R03.txt,0.18
train,pre100_post200,SA21/F13_SA21_R05.txt,0.84
train,pre100_post200,SA21/F14_SA21_R01.txt,0.885
train,pre100_post200,SA21/F14_SA21_R02.txt,0.905
train,pre100_post200,SA21/F14_SA21_R03.txt,0.925
train,pre100_post200,SA21/F14_SA21_R04.txt,0.89
train,pre100_post200,SA21/F14_SA21_R05.txt,0.885
train,pre100_post200,SA21/F15_SA21_R01.txt,0.85
train,pre100_post200,SA21/F15_SA21_R02.txt,1.0
train,pre100_post200,SA21/F15_SA21_R04.txt,0.875
train,pre100_post200,SA21/F15_SA21_R05.txt,0.95
train,pre100_post200,SA22/F01_SA22_R01.txt,0.85
train,pre100_post200,SA22/F01_SA22_R02.txt,1.33
train,pre100_post200,SA22/F01_SA22_R03.txt,0.64
train,pre100_post200,SA22/F01_SA22_R04.txt,0.035
train,pre100_post200,SA22/F01_SA22_R05.txt,0.92
train,pre100_post200,SA22/F02_SA22_R01.txt,0.645
train,pre100_post200,SA22/F02_SA22_R02.txt,0.885
train,pre100_post200,SA22/F02_SA22_R03.txt,0.225
train,pre100_post200,SA22/F02_SA22_R04.txt,0.775
train,pre100_post200,SA22/F03_SA22_R01.txt,0.68
train,pre100_post200,SA22/F03_SA22_R02.txt,0.945
train,pre100_post200,SA22/F03_SA22_R03.txt,0.7
train,pre100_post200,SA22/F03_SA22_R04.txt,0.105
train,pre100_post200,SA22/F03_SA22_R05.txt,1.225
train,pre100_post200,SA22/F04_SA22_R02.txt,0.92
train,pre100_post200,SA22/F04_SA22_R03.txt,0.52
train,pre100_post200,SA22/F04_SA22_R04.txt,0.985
train,pre100_post200,SA22/F04_SA22_R05.txt,0.57
train,pre100_post200,SA22/F05_SA22_R01.txt,0.13
train,pre100_post200,SA22/F05_SA22_R02.txt,1.4
train,pre100_post200,SA22/F05_SA22_R03.txt,1.28
train,pre100_post200,SA22/F05_SA22_R04.txt,0.415
train,pre100_post200,SA22/F05_SA22_R05.txt,0.61
train,pre100_post200,SA22/F06_SA22_R01.txt,0.51
train,pre100_post200,SA22/F06_SA22_R02.txt,0.37
train,pre100_post200,SA22/F06_SA22_R04.txt,0.99
train,pre100_post200,SA22/F06_SA22_R05.txt,0.84
train,pre100_post200,SA22/F07_SA22_R01.txt,0.075
train,pre100_post200,SA22/F07_SA22_R02.txt,0.98
train,pre100_post200,SA22/F07_SA22_R03.txt,0.06
train,pre100_post200,SA22/F07_SA22_R04.txt,0.985
train,pre100_post200,SA22/F07_SA22_R05.txt,0.435
train,pre100_post200,SA22/F08_SA22_R01.txt,0.135
train,pre100_post200,SA22/F08_SA22_R02.txt,1.28
train,pre100_post200,SA22/F08_SA22_R03.txt,1.43
train,pre100_post200,SA22/F08_SA22_R05.txt,1.215
train,pre100_post200,SA22/F09_SA22_R01.txt,1.2
train,pre100_post200,SA22/F09_SA22_R02.txt,1.48
train,pre100_post200,SA22/F09_SA22_R03.txt,1.255
train,pre100_post200,SA22/F10_SA22_R01.txt,0.28
train,pre100_post200,SA22/F10_SA22_R02.txt,0.84
train,pre100_post200,SA22/F10_SA22_R03.txt,1.035
train,pre100_post200,SA22/F10_SA22_R04.txt,0.39
train,pre100_post200,SA22/F10_SA22_R05.txt,0.92
train,pre100_post200,SA22/F11_SA22_R01.txt,0.445
train,pre100_post200,SA22/F11_SA22_R03.txt,0.98
train,pre100_post200,SA22/F11_SA22_R04.txt,0.975
train,pre100_post200,SA22/F11_SA22_R05.txt,0.21
train,pre100_post200,SA22/F12_SA22_R01.txt,0.925
train,pre100_post200,SA22/F12_SA22_R03.txt,0.385
train,pre100_post200,SA22/F12_SA22_R04.txt,0.285
train,pre100_post200,SA22/F12_SA22_R05.txt,0.985
train,pre100_post200,SA22/F13_SA22_R02.txt,0.545
train,pre100_post200,SA22/F13_SA22_R03.txt,0.645
train,pre100_post200,SA22/F13_SA22_R04.txt,0.655
train,pre100_post200,SA22/F13_SA22_R05.txt,0.15
train,pre100_post200,SA22/F14_SA22_R01.txt,0.88
train,pre100_post200,SA22/F14_SA22_R03.txt,0.95
train,pre100_post200,SA22/F14_SA22_R04.txt,0.975
train,pre100_post200,SA22/F15_SA22_R02.txt,1.02
train,pre100_post200,SA22/F15_SA22_R03.txt,0.88
train,pre100_post200,SA22/F15_SA22_R04.txt,0.87
train,pre100_post200,SE06/F01_SE06_R02.txt,0.105
train,pre100_post200,SE06/F02_SE06_R01.txt,0.16
train,pre100_post200,SE06/F02_SE06_R02.txt,1.765
train,pre100_post200,SE06/F02_SE06_R03.txt,0.95
train,pre100_post200,SE06/F02_SE06_R04.txt,0.105
train,pre100_post200,SE06/F03_SE06_R01.txt,0.515
train,pre100_post200,SE06/F03_SE06_R02.txt,0.8
train,pre100_post200,SE06/F03_SE06_R03.txt,1.22
train,pre100_post200,SE06/F03_SE06_R04.txt,0.555
train,pre100_post200,SE06/F03_SE06_R05.txt,1.215
train,pre100_post200,SE06/F05_SE06_R01.txt,1.24
train,pre100_post200,SE06/F05_SE06_R03.txt,0.145
train,pre100_post200,SE06/F05_SE06_R04.txt,1.355
train,pre100_post200,SE06/F05_SE06_R05.txt,0.85
train,pre100_post200,SE06/F06_SE06_R01.txt,0.955
train,pre100_post200,SE06/F06_SE06_R02.txt,0.415
train,pre100_post200,SE06/F06_SE06_R03.txt,0.95
train,pre100_post200,SE06/F06_SE06_R04.txt,0.665
train,pre100_post200,SE06/F07_SE06_R01.txt,0.92
train,pre100_post200,SE06/F07_SE06_R02.txt,0.58
train,pre100_post200,SE06/F07_SE06_R03.txt,0.895
train,pre100_post200,SE06/F08_SE06_R01.txt,0.87
train,pre100_post200,SE06/F09_SE06_R01.txt,1.205
train,pre100_post200,SE06/F09_SE06_R05.txt,1.185
train,pre100_post200,SE06/F11_SE06_R01.txt,1.675
train,pre100_post200,SE06/F11_SE06_R02.txt,0.065
train,pre100_post200,SE06/F11_SE06_R03.txt,0.295
train,pre100_post200,SE06/F11_SE06_R05.txt,0.935
train,pre100_post200,SE06/F12_SE06_R03.txt,0.22
train,pre100_post200,SE06/F12_SE06_R05.txt,0.095
train,pre100_post200,SE06/F15_SE06_R01.txt,0.97
train,pre100_post200,SE06/F15_SE06_R05.txt,0.825
validation,pre100_post100,SA05/F01_SA05_R03.txt,0.255
validation,pre100_post100,SA05/F02_SA05_R02.txt,0.75
validation,pre100_post100,SA05/F02_SA05_R03.txt,0.735
validation,pre100_post100,SA05/F02_SA05_R05.txt,0.7
validation,pre100_post100,SA05/F03_SA05_R01.txt,0.135
validation,pre100_post100,SA05/F03_SA05_R02.txt,0.45
validation,pre100_post100,SA05/F03_SA05_R03.txt,0.075
validation,pre100_post100,SA05/F03_SA05_R04.txt,1.155
validation,pre100_post100,SA05/F03_SA05_R05.txt,0.41
validation,pre100_post100,SA05/F04_SA05_R01.txt,0.065
validation,pre100_post100,SA05/F04_SA05_R02.txt,0.325
validation,pre100_post100,SA05/F05_SA05_R01.txt,0.855
validation,pre100_post100,SA05/F05_SA05_R05.txt,0.825
validation,pre100_post100,SA05/F06_SA05_R02.txt,0.155
validation,pre100_post100,SA05/F06_SA05_R04.txt,0.335
validation,pre100_post100,SA05/F07_SA05_R01.txt,0.925
validation,pre100_post100,SA05/F07_SA05_R02.txt,0.39
validation,pre100_post100,SA05/F07_SA05_R03.txt,0.875
validation,pre100_post100,SA05/F07_SA05_R04.txt,0.425
validation,pre100_post100,SA05/F07_SA05_R05.txt,0.33
validation,pre100_post100,SA05/F08_SA05_R01.txt,0.75
validation,pre100_post100,SA05/F08_SA05_R02.txt,0.35
validation,pre100_post100,SA05/F09_SA05_R02.txt,0.925
validation,pre100_post100,SA05/F09_SA05_R03.txt,0.5
validation,pre100_post100,SA05/F09_SA05_R04.txt,0.435
validation,pre100_post100,SA05/F09_SA05_R05.txt,0.375
validation,pre100_post100,SA05/F10_SA05_R01.txt,0.535
validation,pre100_post100,SA05/F10_SA05_R02.txt,0.31
validation,pre100_post100,SA05/F10_SA05_R04.txt,0.345
validation,pre100_post100,SA05/F10_SA05_R05.txt,0.325
validation,pre100_post100,SA05/F11_SA05_R01.txt,0.475
validation,pre100_post100,SA05/F11_SA05_R02.txt,0.505
validation,pre100_post100,SA05/F11_SA05_R03.txt,0.305
validation,pre100_post100,SA05/F12_SA05_R01.txt,0.485
validation,pre100_post100,SA05/F12_SA05_R02.txt,0.49
validation,pre100_post100,SA05/F12_SA05_R03.txt,0.475
validation,pre100_post100,SA05/F12_SA05_R04.txt,0.685
validation,pre100_post100,SA05/F12_SA05_R05.txt,0.505
validation,pre100_post100,SA05/F13_SA05_R02.txt,-0.225
validation,pre100_post100,SA05/F13_SA05_R03.txt,0.395
validation,pre100_post100,SA05/F14_SA05_R02.txt,0.385
validation,pre100_post100,SA05/F14_SA05_R03.txt,0.395
validation,pre100_post100,SA05/F14_SA05_R04.txt,0.45
validation,pre100_post100,SA05/F14_SA05_R05.txt,0.44
validation,pre100_post100,SA05/F15_SA05_R02.txt,0.465
validation,pre100_post100,SA08/F01_SA08_R02.txt,0.395
validation,pre100_post100,SA08/F02_SA08_R01.txt,0.14
validation,pre100_post100,SA08/F02_SA08_R04.txt,1.06
validation,pre100_post100,SA08/F02_SA08_R05.txt,0.3
validation,pre100_post100,SA08/F03_SA08_R01.txt,0.49
validation,pre100_post100,SA08/F03_SA08_R03.txt,0.45
validation,pre100_post100,SA08/F03_SA08_R04.txt,0.695
validation,pre100_post100,SA08/F03_SA08_R05.txt,0.985
validation,pre100_post100,SA08/F04_SA08_R01.txt,0.51
validation,pre100_post100,SA08/F04_SA08_R02.txt,0.74
validation,pre100_post100,SA08/F04_SA08_R03.txt,0.205
validation,pre100_post100,SA08/F04_SA08_R04.txt,0.095
validation,pre100_post100,SA08/F04_SA08_R05.txt,0.475
validation,pre100_post100,SA08/F05_SA08_R01.txt,0.36
validation,pre100_post100,SA08/F05_SA08_R04.txt,-0.115
validation,pre100_post100,SA08/F05_SA08_R05.txt,0.865
validation,pre100_post100,SA08/F06_SA08_R01.txt,0.48
validation,pre100_post100,SA08/F06_SA08_R02.txt,0.48
validation,pre100_post100,SA08/F06_SA08_R03.txt,1.38
validation,pre100_post100,SA08/F06_SA08_R04.txt,0.245
validation,pre100_post100,SA08/F06_SA08_R05.txt,0.89
validation,pre100_post100,SA08/F07_SA08_R01.txt,0.885
validation,pre100_post100,SA08/F07_SA08_R02.txt,0.475
validation,pre100_post100,SA08/F07_SA08_R05.txt,0.235
validation,pre100_post100,SA08/F08_SA08_R01.txt,0.39
validation,pre100_post100,SA08/F08_SA08_R02.txt,0.385
validation,pre100_post100,SA08/F08_SA08_R03.txt,0.23
validation,pre100_post100,SA08/F08_SA08_R04.txt,0.375
validation,pre100_post100,SA08/F08_SA08_R05.txt,0.435
validation,pre100_post100,SA08/F09_SA08_R01.txt,0.385
validation,pre100_post100,SA08/F09_SA08_R03.txt,0.36
validation,pre100_post100,SA08/F09_SA08_R04.txt,0.335
validation,pre100_post100,SA08/F09_SA08_R05.txt,0.47
validation,pre100_post100,SA08/F10_SA08_R01.txt,0.335
validation,pre100_post100,SA08/F10_SA08_R02.txt,0.345
validation,pre100_post100,SA08/F10_SA08_R03.txt,0.335
validation,pre100_post100,SA08/F10_SA08_R05.txt,0.315
validation,pre100_post100,SA08/F11_SA08_R01.txt,0.495
validation,pre100_post100,SA08/F11_SA08_R02.txt,0.13
validation,pre100_post100,SA08/F11_SA08_R03.txt,0.49
validation,pre100_post100,SA08/F11_SA08_R04.txt,0.48
validation,pre100_post100,SA08/F11_SA08_R05.txt,0.415
validation,pre100_post100,SA08/F12_SA08_R01.txt,0.485
validation,pre100_post100,SA08/F12_SA08_R02.txt,1.31
validation,pre100_post100,SA08/F12_SA08_R03.txt,0.46
validation,pre100_post100,SA08/F12_SA08_R04.txt,0.48
validation,pre100_post100,SA08/F12_SA08_R05.txt,0.495
validation,pre100_post100,SA08/F13_SA08_R02.txt,0.375
validation,pre100_post100,SA08/F13_SA08_R03.txt,0.295
validation,pre100_post100,SA08/F13_SA08_R04.txt,0.455
validation,pre100_post100,SA08/F14_SA08_R01.txt,0.48
validation,pre100_post100,SA08/F14_SA08_R02.txt,0.16
validation,pre100_post100,SA08/F14_SA08_R04.txt,0.18
validation,pre100_post100,SA08/F14_SA08_R05.txt,0.495
validation,pre100_post100,SA08/F15_SA08_R01.txt,0.415
validation,pre100_post100,SA08/F15_SA08_R02.txt,0.51
validation,pre100_post100,SA08/F15_SA08_R03.txt,0.505
validation,pre100_post100,SA08/F15_SA08_R04.txt,0.49
validation,pre100_post100,SA08/F15_SA08_R05.txt,0.245
validation,pre100_post100,SA09/F01_SA09_R01.txt,0.15
validation,pre100_post100,SA09/F01_SA09_R02.txt,0.085
validation,pre100_post100,SA09/F01_SA09_R04.txt,0.07
validation,pre100_post100,SA09/F01_SA09_R05.txt,0.13
validation,pre100_post100,SA09/F02_SA09_R04.txt,0.165
validation,pre100_post100,SA09/F02_SA09_R05.txt,0.105
validation,pre100_post100,SA09/F03_SA09_R04.txt,0.82
validation,pre100_post100,SA09/F03_SA09_R05.txt,0.76
validation,pre100_post100,SA09/F04_SA09_R02.txt,0.435
validation,pre100_post100,SA09/F05_SA09_R01.txt,0.715
validation,pre100_post100,SA09/F05_SA09_R02.txt,0.765
validation,pre100_post100,SA09/F05_SA09_R04.txt,0.5
validation,pre100_post100,SA09/F05_SA09_R05.txt,0.98
validation,pre100_post100,SA09/F06_SA09_R01.txt,0.72
validation,pre100_post100,SA09/F06_SA09_R02.txt,0.405
validation,pre100_post100,SA09/F06_SA09_R03.txt,0.705
validation,pre100_post100,SA09/F07_SA09_R03.txt,0.49
validation,pre100_post100,SA09/F07_SA09_R04.txt,0.37
validation,pre100_post100,SA09/F07_SA09_R05.txt,0.215
validation,pre100_post100,SA09/F08_SA09_R02.txt,0.31
validation,pre100_post100,SA09/F08_SA09_R03.txt,0.39
validation,pre100_post100,SA09/F08_SA09_R04.txt,0.355
validation,pre100_post100,SA09/F09_SA09_R01.txt,0.28
validation,pre100_post100,SA09/F09_SA09_R02.txt,0.42
validation,pre100_post100,SA09/F09_SA09_R03.txt,0.3
validation,pre100_post100,SA09/F09_SA09_R04.txt,0.285
validation,pre100_post100,SA09/F09_SA09_R05.txt,0.095
validation,pre100_post100,SA09/F10_SA09_R01.txt,0.26
validation,pre100_post100,SA09/F10_SA09_R03.txt,0.375
validation,pre100_post100,SA09/F10_SA09_R05.txt,0.52
validation,pre100_post100,SA09/F11_SA09_R01.txt,0.19
validation,pre100_post100,SA09/F11_SA09_R02.txt,0.465
validation,pre100_post100,SA09/F11_SA09_R03.txt,0.49
validation,pre100_post100,SA09/F11_SA09_R04.txt,0.5
validation,pre100_post100,SA09/F11_SA09_R05.txt,0.5
validation,pre100_post100,SA09/F12_SA09_R01.txt,0.465
validation,pre100_post100,SA09/F12_SA09_R02.txt,0.355
validation,pre100_post100,SA09/F12_SA09_R03.txt,0.44
validation,pre100_post100,SA09/F12_SA09_R04.txt,0.44
validation,pre100_post100,SA09/F12_SA09_R05.txt,0.435
validation,pre100_post100,SA09/F13_SA09_R01.txt,0.26
validation,pre100_post100,SA09/F13_SA09_R02.txt,0.15
validation,pre100_post100,SA09/F14_SA09_R01.txt,0.48
validation,pre100_post100,SA09/F14_SA09_R02.txt,0.5
validation,pre100_post100,SA09/F14_SA09_R03.txt,0.49
validation,pre100_post100,SA09/F14_SA09_R04.txt,0.335
validation,pre100_post100,SA09/F14_SA09_R05.txt,0.27
validation,pre100_post100,SA09/F15_SA09_R01.txt,0.38
validation,pre100_post100,SA09/F15_SA09_R02.txt,0.445
validation,pre100_post100,SA09/F15_SA09_R04.txt,0.265
validation,pre100_post100,SA09/F15_SA09_R05.txt,0.445
validation,pre100_post100,SA13/F01_SA13_R01.txt,0.85
validation,pre100_post100,SA13/F01_SA13_R02.txt,1.155
validation,pre100_post100,SA13/F01_SA13_R03.txt,0.09
validation,pre100_post100,SA13/F01_SA13_R04.txt,0.385
validation,pre100_post100,SA13/F01_SA13_R05.txt,0.18
validation,pre100_post100,SA13/F02_SA13_R01.txt,0.1
validation,pre100_post100,SA13/F02_SA13_R03.txt,0.165
validation,pre100_post100,SA13/F02_SA13_R04.txt,0.09
validation,pre100_post100,SA13/F03_SA13_R01.txt,0.22
validation,pre100_post100,SA13/F04_SA13_R01.txt,0.83
validation,pre100_post100,SA13/F04_SA13_R03.txt,1.145
validation,pre100_post100,SA13/F04_SA13_R04.txt,0.475
validation,pre100_post100,SA13/F04_SA13_R05.txt,0.48
validation,pre100_post100,SA13/F05_SA13_R01.txt,0.81
validation,pre100_post100,SA13/F05_SA13_R02.txt,0.45
validation,pre100_post100,SA13/F05_SA13_R03.txt,1.105
validation,pre100_post100,SA13/F05_SA13_R04.txt,0.175
validation,pre100_post100,SA13/F06_SA13_R01.txt,0.44
validation,pre100_post100,SA13/F06_SA13_R02.txt,0.445
validation,pre100_post100,SA13/F06_SA13_R03.txt,0.335
validation,pre100_post100,SA13/F06_SA13_R05.txt,0.29
validation,pre100_post100,SA13/F07_SA13_R01.txt,0.96
validation,pre100_post100,SA13/F07_SA13_R02.txt,0.905
validation,pre100_post100,SA13/F07_SA13_R04.txt,1.385
validation,pre100_post100,SA13/F08_SA13_R01.txt,0.82
validation,pre100_post100,SA13/F08_SA13_R02.txt,0.83
validation,pre100_post100,SA13/F08_SA13_R03.txt,1.195
validation,pre100_post100,SA13/F08_SA13_R04.txt,1.27
validation,pre100_post100,SA13/F08_SA13_R05.txt,0.975
validation,pre100_post100,SA13/F09_SA13_R01.txt,0.92
validation,pre100_post100,SA13/F09_SA13_R02.txt,0.985
validation,pre100_post100,SA13/F09_SA13_R03.txt,0.91
validation,pre100_post100,SA13/F09_SA13_R04.txt,0.735
validation,pre100_post100,SA13/F09_SA13_R05.txt,0.715
validation,pre100_post100,SA13/F10_SA13_R01.txt,0.305
validation,pre100_post100,SA13/F10_SA13_R02.txt,0.09
validation,pre100_post100,SA13/F10_SA13_R03.txt,0.17
validation,pre100_post100,SA13/F10_SA13_R04.txt,0.13
validation,pre100_post100,SA13/F10_SA13_R05.txt,0.145
validation,pre100_post100,SA13/F11_SA13_R01.txt,0.305
validation,pre100_post100,SA13/F11_SA13_R02.txt,0.295
validation,pre100_post100,SA13/F11_SA13_R04.txt,0.51
validation,pre100_post100,SA13/F11_SA13_R05.txt,0.69
validation,pre100_post100,SA13/F12_SA13_R01.txt,0.28
validation,pre100_post100,SA13/F12_SA13_R02.txt,0.24
validation,pre100_post100,SA13/F12_SA13_R03.txt,0.175
validation,pre100_post100,SA13/F12_SA13_R04.txt,0.385
validation,pre100_post100,SA13/F12_SA13_R05.txt,0.415
validation,pre100_post100,SA13/F13_SA13_R02.txt,0.19
validation,pre100_post100,SA13/F13_SA13_R03.txt,0.08
validation,pre100_post100,SA13/F13_SA13_R04.txt,0.115
validation,pre100_post100,SA13/F13_SA13_R05.txt,0.215
validation,pre100_post100,SA13/F14_SA13_R01.txt,0.275
validation,pre100_post100,SA13/F14_SA13_R02.txt,0.495
validation,pre100_post100,SA13/F14_SA13_R04.txt,0.465
validation,pre100_post100,SA13/F14_SA13_R05.txt,0.49
validation,pre100_post100,SA13/F15_SA13_R01.txt,0.5
validation,pre100_post100,SA13/F15_SA13_R02.txt,0.505
validation,pre100_post100,SA13/F15_SA13_R03.txt,0.495
validation,pre100_post100,SA13/F15_SA13_R04.txt,0.42
validation,pre100_post100,SA13/F15_SA13_R05.txt,0.465
validation,pre100_post100,SA19/F01_SA19_R01.txt,0.345
validation,pre100_post100,SA19/F01_SA19_R02.txt,0.285
validation,pre100_post100,SA19/F01_SA19_R03.txt,0.845
validation,pre100_post100,SA19/F02_SA19_R01.txt,0.895
validation,pre100_post100,SA19/F02_SA19_R02.txt,0.17
validation,pre100_post100,SA19/F02_SA19_R04.txt,0.115
validation,pre100_post100,SA19/F03_SA19_R01.txt,0.505
validation,pre100_post100,SA19/F03_SA19_R03.txt,0.74
validation,pre100_post100,SA19/F03_SA19_R04.txt,0.5
validation,pre100_post100,SA19/F03_SA19_R05.txt,0.315
validation,pre100_post100,SA19/F04_SA19_R01.txt,0.32
validation,pre100_post100,SA19/F04_SA19_R02.txt,0.82
validation,pre100_post100,SA19/F04_SA19_R03.txt,0.755
validation,pre100_post100,SA19/F04_SA19_R04.txt,0.385
validation,pre100_post100,SA19/F05_SA19_R01.txt,0.865
validation,pre100_post100,SA19/F05_SA19_R04.txt,0.24
validation,pre100_post100,SA19/F05_SA19_R05.txt,0.31
validation,pre100_post100,SA19/F06_SA19_R01.txt,0.33
validation,pre100_post100,SA19/F06_SA19_R04.txt,1.02
validation,pre100_post100,SA19/F06_SA19_R05.txt,0.71
validation,pre100_post100,SA19/F07_SA19_R02.txt,0.345
validation,pre100_post100,SA19/F07_SA19_R04.txt,0.11
validation,pre100_post100,SA19/F07_SA19_R05.txt,0.745
validation,pre100_post100,SA19/F08_SA19_R03.txt,0.9
validation,pre100_post100,SA19/F08_SA19_R04.txt,0.76
validation,pre100_post100,SA19/F08_SA19_R05.txt,0.91
validation,pre100_post100,SA19/F09_SA19_R01.txt,0.905
validation,pre100_post100,SA19/F09_SA19_R02.txt,1.005
validation,pre100_post100,SA19/F09_SA19_R03.txt,0.99
validation,pre100_post100,SA19/F09_SA19_R04.txt,1.07
validation,pre100_post100,SA19/F10_SA19_R01.txt,-0.065
validation,pre100_post100,SA19/F10_SA19_R02.txt,0.21
validation,pre100_post100,SA19/F10_SA19_R05.txt,0.22
validation,pre100_post100,SA19/F11_SA19_R01.txt,0.48
validation,pre100_post100,SA19/F11_SA19_R02.txt,0.49
validation,pre100_post100,SA19/F11_SA19_R03.txt,0.37
validation,pre100_post100,SA19/F11_SA19_R04.txt,0.27
validation,pre100_post100,SA19/F12_SA19_R01.txt,0.08
validation,pre100_post100,SA19/F12_SA19_R02.txt,0.45
validation,pre100_post100,SA19/F12_SA19_R03.txt,0.17
validation,pre100_post100,SA19/F12_SA19_R04.txt,0.06
validation,pre100_post100,SA19/F13_SA19_R04.txt,0.47
validation,pre100_post100,SA19/F13_SA19_R05.txt,0.26
validation,pre100_post100,SA19/F14_SA19_R01.txt,0.295
validation,pre100_post100,SA19/F14_SA19_R02.txt,0.51
validation,pre100_post100,SA19/F14_SA19_R03.txt,0.495
validation,pre100_post100,SA19/F14_SA19_R04.txt,0.32
validation,pre100_post100,SA19/F14_SA19_R05.txt,0.335
validation,pre100_post100,SA19/F15_SA19_R01.txt,0.355
validation,pre100_post100,SA19/F15_SA19_R02.txt,0.455
validation,pre100_post100,SA19/F15_SA19_R03.txt,0.48
validation,pre100_post100,SA19/F15_SA19_R05.txt,0.47
validation,pre50_post150,SA05/F01_SA05_R03.txt,0.505
validation,pre50_post150,SA05/F02_SA05_R01.txt,0.255
validation,pre50_post150,SA05/F02_SA05_R02.txt,1.0
validation,pre50_post150,SA05/F02_SA05_R03.txt,0.985
validation,pre50_post150,SA05/F02_SA05_R05.txt,0.95
validation,pre50_post150,SA05/F03_SA05_R01.txt,0.385
validation,pre50_post150,SA05/F03_SA05_R02.txt,0.7
validation,pre50_post150,SA05/F03_SA05_R03.txt,0.325
validation,pre50_post150,SA05/F03_SA05_R05.txt,0.66
validation,pre50_post150,SA05/F04_SA05_R01.txt,0.315
validation,pre50_post150,SA05/F04_SA05_R02.txt,0.575
validation,pre50_post150,SA05/F04_SA05_R03.txt,0.29
validation,pre50_post150,SA05/F05_SA05_R02.txt,0.325
validation,pre50_post150,SA05/F05_SA05_R03.txt,0.27
validation,pre50_post150,SA05/F05_SA05_R05.txt,1.075
validation,pre50_post150,SA05/F06_SA05_R02.txt,0.405
validation,pre50_post150,SA05/F06_SA05_R04.txt,0.585
validation,pre50_post150,SA05/F07_SA05_R01.txt,1.175
validation,pre50_post150,SA05/F07_SA05_R02.txt,0.64
validation,pre50_post150,SA05/F07_SA05_R03.txt,1.125
validation,pre50_post150,SA05/F07_SA05_R04.txt,0.675
validation,pre50_post150,SA05/F07_SA05_R05.txt,0.58
validation,pre50_post150,SA05/F08_SA05_R01.txt,1.0
validation,pre50_post150,SA05/F08_SA05_R02.txt,0.6
validation,pre50_post150,SA05/F08_SA05_R03.txt,0.155
validation,pre50_post150,SA05/F09_SA05_R03.txt,0.75
validation,pre50_post150,SA05/F09_SA05_R04.txt,0.685
validation,pre50_post150,SA05/F09_SA05_R05.txt,0.625
validation,pre50_post150,SA05/F10_SA05_R01.txt,0.785
validation,pre50_post150,SA05/F10_SA05_R02.txt,0.56
validation,pre50_post150,SA05/F10_SA05_R04.txt,0.595
validation,pre50_post150,SA05/F10_SA05_R05.txt,0.575
validation,pre50_post150,SA05/F11_SA05_R01.txt,0.725
validation,pre50_post150,SA05/F11_SA05_R02.txt,0.755
validation,pre50_post150,SA05/F11_SA05_R03.txt,0.555
validation,pre50_post150,SA05/F11_SA05_R05.txt,0.37
validation,pre50_post150,SA05/F12_SA05_R01.txt,0.735
validation,pre50_post150,SA05/F12_SA05_R02.txt,0.74
validation,pre50_post150,SA05/F12_SA05_R03.txt,0.725
validation,pre50_post150,SA05/F12_SA05_R04.txt,0.935
validation,pre50_post150,SA05/F12_SA05_R05.txt,0.755
validation,pre50_post150,SA05/F13_SA05_R02.txt,0.025
validation,pre50_post150,SA05/F13_SA05_R03.txt,0.645
validation,pre50_post150,SA05/F14_SA05_R02.txt,0.635
validation,pre50_post150,SA05/F14_SA05_R03.txt,0.645
validation,pre50_post150,SA05/F14_SA05_R04.txt,0.7
validation,pre50_post150,SA05/F14_SA05_R05.txt,0.69
validation,pre50_post150,SA05/F15_SA05_R02.txt,0.715
validation,pre50_post150,SA08/F01_SA08_R01.txt,0.31
validation,pre50_post150,SA08/F01_SA08_R02.txt,0.645
validation,pre50_post150,SA08/F01_SA08_R03.txt,0.245
validation,pre50_post150,SA08/F02_SA08_R01.txt,0.39
validation,pre50_post150,SA08/F02_SA08_R04.txt,1.31
validation,pre50_post150,SA08/F02_SA08_R05.txt,0.55
validation,pre50_post150,SA08/F03_SA08_R01.txt,0.74
validation,pre50_post150,SA08/F03_SA08_R02.txt,0.46
validation,pre50_post150,SA08/F03_SA08_R03.txt,0.7
validation,pre50_post150,SA08/F03_SA08_R04.txt,0.945
validation,pre50_post150,SA08/F03_SA08_R05.txt,1.235
validation,pre50_post150,SA08/F04_SA08_R01.txt,0.76
validation,pre50_post150,SA08/F04_SA08_R02.txt,0.99
validation,pre50_post150,SA08/F04_SA08_R03.txt,0.455
validation,pre50_post150,SA08/F04_SA08_R04.txt,0.345
validation,pre50_post150,SA08/F04_SA08_R05.txt,0.725
validation,pre50_post150,SA08/F05_SA08_R01.txt,0.61
validation,pre50_post150,SA08/F05_SA08_R04.txt,0.135
validation,pre50_post150,SA08/F05_SA08_R05.txt,1.115
validation,pre50_post150,SA08/F06_SA08_R01.txt,0.73
validation,pre50_post150,SA08/F06_SA08_R02.txt,0.73
validation,pre50_post150,SA08/F06_SA08_R04.txt,0.495
validation,pre50_post150,SA08/F06_SA08_R05.txt,1.14
validation,pre50_post150,SA08/F07_SA08_R01.txt,1.135
validation,pre50_post150,SA08/F07_SA08_R02.txt,0.725
validation,pre50_post150,SA08/F07_SA08_R05.txt,0.485
validation,pre50_post150,SA08/F08_SA08_R01.txt,0.64
validation,pre50_post150,SA08/F08_SA08_R02.txt,0.635
validation,pre50_post150,SA08/F08_SA08_R03.txt,0.48
validation,pre50_post150,SA08/F08_SA08_R04.txt,0.625
validation,pre50_post150,SA08/F08_SA08_R05.txt,0.685
validation,pre50_post150,SA08/F09_SA08_R01.txt,0.635
validation,pre50_post150,SA08/F09_SA08_R03.txt,0.61
validation,pre50_post150,SA08/F09_SA08_R04.txt,0.585
validation,pre50_post150,SA08/F09_SA08_R05.txt,0.72
validation,pre50_post150,SA08/F10_SA08_R01.txt,0.585
validation,pre50_post150,SA08/F10_SA08_R02.txt,0.595
validation,pre50_post150,SA08/F10_SA08_R03.txt,0.585
validation,pre50_post150,SA08/F10_SA08_R04.txt,0.315
validation,pre50_post150,SA08/F10_SA08_R05.txt,0.565
validation,pre50_post150,SA08/F11_SA08_R01.txt,0.745
validation,pre50_post150,SA08/F11_SA08_R02.txt,0.38
validation,pre50_post150,SA08/F11_SA08_R03.txt,0.74
validation,pre50_post150,SA08/F11_SA08_R04.txt,0.73
validation,pre50_post150,SA08/F11_SA08_R05.txt,0.665
validation,pre50_post150,SA08/F12_SA08_R01.txt,0.735
validation,pre50_post150,SA08/F12_SA08_R03.txt,0.71
validation,pre50_post150,SA08/F12_SA08_R04.txt,0.73
validation,pre50_post150,SA08/F12_SA08_R05.txt,0.745
validation,pre50_post150,SA08/F13_SA08_R02.txt,0.625
validation,pre50_post150,SA08/F13_SA08_R03.txt,0.545
validation,pre50_post150,SA08/F13_SA08_R04.txt,0.705
validation,pre50_post150,SA08/F14_SA08_R01.txt,0.73
validation,pre50_post150,SA08/F14_SA08_R02.txt,0.41
validation,pre50_post150,SA08/F14_SA08_R04.txt,0.43
validation,pre50_post150,SA08/F14_SA08_R05.txt,0.745
validation,pre50_post150,SA08/F15_SA08_R01.txt,0.665
validation,pre50_post150,SA08/F15_SA08_R02.txt,0.76
validation,pre50_post150,SA08/F15_SA08_R03.txt,0.755
validation,pre50_post150,SA08/F15_SA08_R04.txt,0.74
validation,pre50_post150,SA08/F15_SA08_R05.txt,0.495
validation,pre50_post150,SA09/F01_SA09_R01.txt,0.4
validation,pre50_post150,SA09/F01_SA09_R02.txt,0.335
validation,pre50_post150,SA09/F01_SA09_R04.txt,0.32
validation,pre50_post150,SA09/F01_SA09_R05.txt,0.38
validation,pre50_post150,SA09/F02_SA09_R01.txt,-0.215
validation,pre50_post150,SA09/F02_SA09_R02.txt,0.045
validation,pre50_post150,SA09/F02_SA09_R03.txt,-0.1
validation,pre50_post150,SA09/F02_SA09_R04.txt,0.415
validation,pre50_post150,SA09/F02_SA09_R05.txt,0.355
validation,pre50_post150,SA09/F03_SA09_R01.txt,0.03
validation,pre50_post150,SA09/F03_SA09_R04.txt,1.07
validation,pre50_post150,SA09/F03_SA09_R05.txt,1.01
validation,pre50_post150,SA09/F04_SA09_R02.txt,0.685
validation,pre50_post150,SA09/F04_SA09_R03.txt,0.24
validation,pre50_post150,SA09/F05_SA09_R01.txt,0.965
validation,pre50_post150,SA09/F05_SA09_R02.txt,1.015
validation,pre50_post150,SA09/F05_SA09_R03.txt,-0.02
validation,pre50_post150,SA09/F05_SA09_R04.txt,0.75
validation,pre50_post150,SA09/F05_SA09_R05.txt,1.23
validation,pre50_post150,SA09/F06_SA09_R01.txt,0.97
validation,pre50_post150,SA09/F06_SA09_R02.txt,0.655
validation,pre50_post150,SA09/F06_SA09_R03.txt,0.955
validation,pre50_post150,SA09/F07_SA09_R03.txt,0.74
validation,pre50_post150,SA09/F07_SA09_R04.txt,0.62
validation,pre50_post150,SA09/F07_SA09_R05.txt,0.465
validation,pre50_post150,SA09/F08_SA09_R02.txt,0.56
validation,pre50_post150,SA09/F08_SA09_R03.txt,0.64
validation,pre50_post150,SA09/F08_SA09_R04.txt,0.605
validation,pre50_post150,SA09/F09_SA09_R01.txt,0.53
validation,pre50_post150,SA09/F09_SA09_R02.txt,0.67
validation,pre50_post150,SA09/F09_SA09_R03.txt,0.55
validation,pre50_post150,SA09/F09_SA09_R04.txt,0.535
validation,pre50_post150,SA09/F09_SA09_R05.txt,0.345
validation,pre50_post150,SA09/F10_SA09_R01.txt,0.51
validation,pre50_post150,SA09/F10_SA09_R03.txt,0.625
validation,pre50_post150,SA09/F10_SA09_R05.txt,0.77
validation,pre50_post150,SA09/F11_SA09_R01.txt,0.44
validation,pre50_post150,SA09/F11_SA09_R02.txt,0.715
validation,pre50_post150,SA09/F11_SA09_R03.txt,0.74
validation,pre50_post150,SA09/F11_SA09_R04.txt,0.75
validation,pre50_post150,SA09/F11_SA09_R05.txt,0.75
validation,pre50_post150,SA09/F12_SA09_R01.txt,0.715
validation,pre50_post150,SA09/F12_SA09_R02.txt,0.605
validation,pre50_post150,SA09/F12_SA09_R03.txt,0.69
validation,pre50_post150,SA09/F12_SA09_R04.txt,0.69
validation,pre50_post150,SA09/F12_SA09_R05.txt,0.685
validation,pre50_post150,SA09/F13_SA09_R01.txt,0.51
validation,pre50_post150,SA09/F13_SA09_R02.txt,0.4
validation,pre50_post150,SA09/F13_SA09_R03.txt,0.29
validation,pre50_post150,SA09/F13_SA09_R05.txt,0.19
validation,pre50_post150,SA09/F14_SA09_R01.txt,0.73
validation,pre50_post150,SA09/F14_SA09_R02.txt,0.75
validation,pre50_post150,SA09/F14_SA09_R03.txt,0.74
validation,pre50_post150,SA09/F14_SA09_R04.txt,0.585
validation,pre50_post150,SA09/F14_SA09_R05.txt,0.52
validation,pre50_post150,SA09/F15_SA09_R01.txt,0.63
validation,pre50_post150,SA09/F15_SA09_R02.txt,0.695
validation,pre50_post150,SA09/F15_SA09_R03.txt,0.215
validation,pre50_post150,SA09/F15_SA09_R04.txt,0.515
validation,pre50_post150,SA09/F15_SA09_R05.txt,0.695
validation,pre50_post150,SA13/F01_SA13_R01.txt,1.1
validation,pre50_post150,SA13/F01_SA13_R03.txt,0.34
validation,pre50_post150,SA13/F01_SA13_R04.txt,0.635
validation,pre50_post150,SA13/F01_SA13_R05.txt,0.43
validation,pre50_post150,SA13/F02_SA13_R01.txt,0.35
validation,pre50_post150,SA13/F02_SA13_R02.txt,0.28
validation,pre50_post150,SA13/F02_SA13_R03.txt,0.415
validation,pre50_post150,SA13/F02_SA13_R04.txt,0.34
validation,pre50_post150,SA13/F02_SA13_R05.txt,0.32
validation,pre50_post150,SA13/F03_SA13_R01.txt,0.47
validation,pre50_post150,SA13/F03_SA13_R05.txt,0.315
validation,pre50_post150,SA13/F04_SA13_R01.txt,1.08
validation,pre50_post150,SA13/F04_SA13_R02.txt,0.72
validation,pre50_post150,SA13/F04_SA13_R03.txt,1.395
validation,pre50_post150,SA13/F04_SA13_R04.txt,0.725
validation,pre50_post150,SA13/F04_SA13_R05.txt,0.73
validation,pre50_post150,SA13/F05_SA13_R01.txt,1.06
validation,pre50_post150,SA13/F05_SA13_R02.txt,0.7
validation,pre50_post150,SA13/F05_SA13_R03.txt,1.355
validation,pre50_post150,SA13/F05_SA13_R04.txt,0.425
validation,pre50_post150,SA13/F06_SA13_R01.txt,0.69
validation,pre50_post150,SA13/F06_SA13_R02.txt,0.695
validation,pre50_post150,SA13/F06_SA13_R03.txt,0.585
validation,pre50_post150,SA13/F06_SA13_R04.txt,0.3
validation,pre50_post150,SA13/F06_SA13_R05.txt,0.54
validation,pre50_post150,SA13/F07_SA13_R01.txt,1.21
validation,pre50_post150,SA13/F07_SA13_R02.txt,1.155
validation,pre50_post150,SA13/F07_SA13_R03.txt,0.12
validation,pre50_post150,SA13/F07_SA13_R05.txt,0.48
validation,pre50_post150,SA13/F08_SA13_R01.txt,1.07
validation,pre50_post150,SA13/F08_SA13_R02.txt,1.08
validation,pre50_post150,SA13/F08_SA13_R03.txt,1.445
validation,pre50_post150,SA13/F08_SA13_R04.txt,1.52
validation,pre50_post150,SA13/F08_SA13_R05.txt,1.225
validation,pre50_post150,SA13/F09_SA13_R01.txt,1.17
validation,pre50_post150,SA13/F09_SA13_R02.txt,1.235
validation,pre50_post150,SA13/F09_SA13_R03.txt,1.16
validation,pre50_post150,SA13/F09_SA13_R04.txt,0.985
validation,pre50_post150,SA13/F09_SA13_R05.txt,0.965
validation,pre50_post150,SA13/F10_SA13_R01.txt,0.555
validation,pre50_post150,SA13/F10_SA13_R02.txt,0.34
validation,pre50_post150,SA13/F10_SA13_R03.txt,0.42
validation,pre50_post150,SA13/F10_SA13_R04.txt,0.38
validation,pre50_post150,SA13/F10_SA13_R05.txt,0.395
validation,pre50_post150,SA13/F11_SA13_R01.txt,0.555
validation,pre50_post150,SA13/F11_SA13_R02.txt,0.545
validation,pre50_post150,SA13/F11_SA13_R04.txt,0.76
validation,pre50_post150,SA13/F11_SA13_R05.txt,0.94
validation,pre50_post150,SA13/F12_SA13_R01.txt,0.53
validation,pre50_post150,SA13/F12_SA13_R02.txt,0.49
validation,pre50_post150,SA13/F12_SA13_R03.txt,0.425
validation,pre50_post150,SA13/F12_SA13_R04.txt,0.635
validation,pre50_post150,SA13/F12_SA13_R05.txt,0.665
validation,pre50_post150,SA13/F13_SA13_R01.txt,0.245
validation,pre50_post150,SA13/F13_SA13_R02.txt,0.44
validation,pre50_post150,SA13/F13_SA13_R03.txt,0.33
validation,pre50_post150,SA13/F13_SA13_R04.txt,0.365
validation,pre50_post150,SA13/F13_SA13_R05.txt,0.465
validation,pre50_post150,SA13/F14_SA13_R01.txt,0.525
validation,pre50_post150,SA13/F14_SA13_R02.txt,0.745
validation,pre50_post150,SA13/F14_SA13_R04.txt,0.715
validation,pre50_post150,SA13/F14_SA13_R05.txt,0.74
validation,pre50_post150,SA13/F15_SA13_R01.txt,0.75
validation,pre50_post150,SA13/F15_SA13_R02.txt,0.755
validation,pre50_post150,SA13/F15_SA13_R03.txt,0.745
validation,pre50_post150,SA13/F15_SA13_R04.txt,0.67
validation,pre50_post150,SA13/F15_SA13_R05.txt,0.715
validation,pre50_post150,SA19/F01_SA19_R01.txt,0.595
validation,pre50_post150,SA19/F01_SA19_R02.txt,0.535
validation,pre50_post150,SA19/F02_SA19_R01.txt,1.145
validation,pre50_post150,SA19/F02_SA19_R02.txt,0.42
validation,pre50_post150,SA19/F02_SA19_R04.txt,0.365
validation,pre50_post150,SA19/F03_SA19_R01.txt,0.755
validation,pre50_post150,SA19/F03_SA19_R03.txt,0.99
validation,pre50_post150,SA19/F03_SA19_R04.txt,0.75
validation,pre50_post150,SA19/F03_SA19_R05.txt,0.565
validation,pre50_post150,SA19/F04_SA19_R01.txt,0.57
validation,pre50_post150,SA19/F04_SA19_R02.txt,1.07
validation,pre50_post150,SA19/F04_SA19_R03.txt,1.005
validation,pre50_post150,SA19/F04_SA19_R04.txt,0.635
validation,pre50_post150,SA19/F04_SA19_R05.txt,0.255
validation,pre50_post150,SA19/F05_SA19_R01.txt,1.115
validation,pre50_post150,SA19/F05_SA19_R02.txt,-0.005
validation,pre50_post150,SA19/F05_SA19_R03.txt,0.12
validation,pre50_post150,SA19/F05_SA19_R04.txt,0.49
validation,pre50_post150,SA19/F05_SA19_R05.txt,0.56
validation,pre50_post150,SA19/F06_SA19_R01.txt,0.58
validation,pre50_post150,SA19/F06_SA19_R03.txt,0.105
validation,pre50_post150,SA19/F06_SA19_R05.txt,0.96
validation,pre50_post150,SA19/F07_SA19_R02.txt,0.595
validation,pre50_post150,SA19/F07_SA19_R04.txt,0.36
validation,pre50_post150,SA19/F07_SA19_R05.txt,0.995
validation,pre50_post150,SA19/F08_SA19_R04.txt,1.01
validation,pre50_post150,SA19/F09_SA19_R04.txt,1.32
validation,pre50_post150,SA19/F10_SA19_R01.txt,0.185
validation,pre50_post150,SA19/F10_SA19_R02.txt,0.46
validation,pre50_post150,SA19/F10_SA19_R03.txt,0.285
validation,pre50_post150,SA19/F10_SA19_R05.txt,0.47
validation,pre50_post150,SA19/F11_SA19_R01.txt,0.73
validation,pre50_post150,SA19/F11_SA19_R02.txt,0.74
validation,pre50_post150,SA19/F11_SA19_R03.txt,0.62
validation,pre50_post150,SA19/F11_SA19_R04.txt,0.52
validation,pre50_post150,SA19/F11_SA19_R05.txt,0.405
validation,pre50_post150,SA19/F12_SA19_R01.txt,0.33
validation,pre50_post150,SA19/F12_SA19_R02.txt,0.7
validation,pre50_post150,SA19/F12_SA19_R03.txt,0.42
validation,pre50_post150,SA19/F12_SA19_R04.txt,0.31
validation,pre50_post150,SA19/F12_SA19_R05.txt,0.15
validation,pre50_post150,SA19/F13_SA19_R04.txt,0.72
validation,pre50_post150,SA19/F13_SA19_R05.txt,0.51
validation,pre50_post150,SA19/F14_SA19_R01.txt,0.545
validation,pre50_post150,SA19/F14_SA19_R02.txt,0.76
validation,pre50_post150,SA19/F14_SA19_R03.txt,0.745
validation,pre50_post150,SA19/F14_SA19_R04.txt,0.57
validation,pre50_post150,SA19/F14_SA19_R05.txt,0.585
validation,pre50_post150,SA19/F15_SA19_R01.txt,0.605
validation,pre50_post150,SA19/F15_SA19_R02.txt,0.705
validation,pre50_post150,SA19/F15_SA19_R03.txt,0.73
validation,pre50_post150,SA19/F15_SA19_R04.txt,0.285
validation,pre50_post150,SA19/F15_SA19_R05.txt,0.72
validation,pre100_post200,SA05/F01_SA05_R03.txt,0.755
validation,pre100_post200,SA05/F02_SA05_R01.txt,0.505
validation,pre100_post200,SA05/F02_SA05_R02.txt,1.25
validation,pre100_post200,SA05/F02_SA05_R03.txt,1.235
validation,pre100_post200,SA05/F02_SA05_R05.txt,1.2
validation,pre100_post200,SA05/F03_SA05_R01.txt,0.635
validation,pre100_post200,SA05/F03_SA05_R02.txt,0.95
validation,pre100_post200,SA05/F03_SA05_R03.txt,0.575
validation,pre100_post200,SA05/F03_SA05_R04.txt,1.655
validation,pre100_post200,SA05/F03_SA05_R05.txt,0.91
validation,pre100_post200,SA05/F04_SA05_R01.txt,0.565
validation,pre100_post200,SA05/F04_SA05_R02.txt,0.825
validation,pre100_post200,SA05/F04_SA05_R03.txt,0.54
validation,pre100_post200,SA05/F05_SA05_R01.txt,1.355
validation,pre100_post200,SA05/F05_SA05_R02.txt,0.575
validation,pre100_post200,SA05/F05_SA05_R03.txt,0.52
validation,pre100_post200,SA05/F05_SA05_R05.txt,1.325
validation,pre100_post200,SA05/F06_SA05_R02.txt,0.655
validation,pre100_post200,SA05/F06_SA05_R04.txt,0.835
validation,pre100_post200,SA05/F07_SA05_R01.txt,1.425
validation,pre100_post200,SA05/F07_SA05_R02.txt,0.89
validation,pre100_post200,SA05/F07_SA05_R03.txt,1.375
validation,pre100_post200,SA05/F07_SA05_R04.txt,0.925
validation,pre100_post200,SA05/F07_SA05_R05.txt,0.83
validation,pre100_post200,SA05/F08_SA05_R01.txt,1.25
validation,pre100_post200,SA05/F08_SA05_R02.txt,0.85
validation,pre100_post200,SA05/F08_SA05_R03.txt,0.405
validation,pre100_post200,SA05/F09_SA05_R01.txt,0.255
validation,pre100_post200,SA05/F09_SA05_R02.txt,1.425
validation,pre100_post200,SA05/F09_SA05_R03.txt,1.0
validation,pre100_post200,SA05/F09_SA05_R04.txt,0.935
validation,pre100_post200,SA05/F09_SA05_R05.txt,0.875
validation,pre100_post200,SA05/F10_SA05_R01.txt,1.035
validation,pre100_post200,SA05/F10_SA05_R02.txt,0.81
validation,pre100_post200,SA05/F10_SA05_R03.txt,0.205
validation,pre100_post200,SA05/F10_SA05_R04.txt,0.845
validation,pre100_post200,SA05/F10_SA05_R05.txt,0.825
validation,pre100_post200,SA05/F11_SA05_R01.txt,0.975
validation,pre100_post200,SA05/F11_SA05_R02.txt,1.005
validation,pre100_post200,SA05/F11_SA05_R03.txt,0.805
validation,pre100_post200,SA05/F11_SA05_R05.txt,0.62
validation,pre100_post200,SA05/F12_SA05_R01.txt,0.985
validation,pre100_post200,SA05/F12_SA05_R02.txt,0.99
validation,pre100_post200,SA05/F12_SA05_R03.txt,0.975
validation,pre100_post200,SA05/F12_SA05_R04.txt,1.185
validation,pre100_post200,SA05/F12_SA05_R05.txt,1.005
validation,pre100_post200,SA05/F13_SA05_R02.txt,0.275
validation,pre100_post200,SA05/F13_SA05_R03.txt,0.895
validation,pre100_post200,SA05/F14_SA05_R02.txt,0.885
validation,pre100_post200,SA05/F14_SA05_R03.txt,0.895
validation,pre100_post200,SA05/F14_SA05_R04.txt,0.95
validation,pre100_post200,SA05/F14_SA05_R05.txt,0.94
validation,pre100_post200,SA05/F15_SA05_R02.txt,0.965
validation,pre100_post200,SA08/F01_SA08_R01.txt,0.56
validation,pre100_post200,SA08/F01_SA08_R02.txt,0.895
validation,pre100_post200,SA08/F01_SA08_R03.txt,0.495
validation,pre100_post200,SA08/F02_SA08_R01.txt,0.64
validation,pre100_post200,SA08/F02_SA08_R02.txt,0.2
validation,pre100_post200,SA08/F02_SA08_R04.txt,1.56
validation,pre100_post200,SA08/F02_SA08_R05.txt,0.8
validation,pre100_post200,SA08/F03_SA08_R01.txt,0.99
validation,pre100_post200,SA08/F03_SA08_R02.txt,0.71
validation,pre100_post200,SA08/F03_SA08_R03.txt,0.95
validation,pre100_post200,SA08/F03_SA08_R04.txt,1.195
validation,pre100_post200,SA08/F03_SA08_R05.txt,1.485
validation,pre100_post200,SA08/F04_SA08_R01.txt,1.01
validation,pre100_post200,SA08/F04_SA08_R02.txt,1.24
validation,pre100_post200,SA08/F04_SA08_R03.txt,0.705
validation,pre100_post200,SA08/F04_SA08_R04.txt,0.595
validation,pre100_post200,SA08/F04_SA08_R05.txt,0.975
validation,pre100_post200,SA08/F05_SA08_R01.txt,0.86
validation,pre100_post200,SA08/F05_SA08_R02.txt,0.175
validation,pre100_post200,SA08/F05_SA08_R04.txt,0.385
validation,pre100_post200,SA08/F05_SA08_R05.txt,1.365
validation,pre100_post200,SA08/F06_SA08_R01.txt,0.98
validation,pre100_post200,SA08/F06_SA08_R02.txt,0.98
validation,pre100_post200,SA08/F06_SA08_R03.txt,1.88
validation,pre100_post200,SA08/F06_SA08_R04.txt,0.745
validation,pre100_post200,SA08/F06_SA08_R05.txt,1.39
validation,pre100_post200,SA08/F07_SA08_R01.txt,1.385
validation,pre100_post200,SA08/F07_SA08_R02.txt,0.975
validation,pre100_post200,SA08/F07_SA08_R04.txt,0.66
validation,pre100_post200,SA08/F07_SA08_R05.txt,0.735
validation,pre100_post200,SA08/F08_SA08_R01.txt,0.89
validation,pre100_post200,SA08/F08_SA08_R02.txt,0.885
validation,pre100_post200,SA08/F08_SA08_R03.txt,0.73
validation,pre100_post200,SA08/F08_SA08_R04.txt,0.875
validation,pre100_post200,SA08/F08_SA08_R05.txt,0.935
validation,pre100_post200,SA08/F09_SA08_R01.txt,0.885
validation,pre100_post200,SA08/F09_SA08_R03.txt,0.86
validation,pre100_post200,SA08/F09_SA08_R04.txt,0.835
validation,pre100_post200,SA08/F09_SA08_R05.txt,0.97
validation,pre100_post200,SA08/F10_SA08_R01.txt,0.835
validation,pre100_post200,SA08/F10_SA08_R02.txt,0.845
validation,pre100_post200,SA08/F10_SA08_R03.txt,0.835
validation,pre100_post200,SA08/F10_SA08_R04.txt,0.565
validation,pre100_post200,SA08/F10_SA08_R05.txt,0.815
validation,pre100_post200,SA08/F11_SA08_R01.txt,0.995
validation,pre100_post200,SA08/F11_SA08_R02.txt,0.63
validation,pre100_post200,SA08/F11_SA08_R03.txt,0.99
validation,pre100_post200,SA08/F11_SA08_R04.txt,0.98
validation,pre100_post200,SA08/F11_SA08_R05.txt,0.915
validation,pre100_post200,SA08/F12_SA08_R01.txt,0.985
validation,pre100_post200,SA08/F12_SA08_R02.txt,1.81
validation,pre100_post200,SA08/F12_SA08_R03.txt,0.96
validation,pre100_post200,SA08/F12_SA08_R04.txt,0.98
validation,pre100_post200,SA08/F12_SA08_R05.txt,0.995
validation,pre100_post200,SA08/F13_SA08_R02.txt,0.875
validation,pre100_post200,SA08/F13_SA08_R03.txt,0.795
validation,pre100_post200,SA08/F13_SA08_R04.txt,0.955
validation,pre100_post200,SA08/F14_SA08_R01.txt,0.98
validation,pre100_post200,SA08/F14_SA08_R02.txt,0.66
validation,pre100_post200,SA08/F14_SA08_R04.txt,0.68
validation,pre100_post200,SA08/F14_SA08_R05.txt,0.995
validation,pre100_post200,SA08/F15_SA08_R01.txt,0.915
validation,pre100_post200,SA08/F15_SA08_R02.txt,1.01
validation,pre100_post200,SA08/F15_SA08_R03.txt,1.005
validation,pre100_post200,SA08/F15_SA08_R04.txt,0.99
validation,pre100_post200,SA08/F15_SA08_R05.txt,0.745
validation,pre100_post200,SA09/F01_SA09_R01.txt,0.65
validation,pre100_post200,SA09/F01_SA09_R02.txt,0.585
validation,pre100_post200,SA09/F01_SA09_R04.txt,0.57
validation,pre100_post200,SA09/F01_SA09_R05.txt,0.63
validation,pre100_post200,SA09/F02_SA09_R01.txt,0.035
validation,pre100_post200,SA09/F02_SA09_R02.txt,0.295
validation,pre100_post200,SA09/F02_SA09_R03.txt,0.15
validation,pre100_post200,SA09/F02_SA09_R04.txt,0.665
validation,pre100_post200,SA09/F02_SA09_R05.txt,0.605
validation,pre100_post200,SA09/F03_SA09_R01.txt,0.28
validation,pre100_post200,SA09/F03_SA09_R03.txt,0.365
validation,pre100_post200,SA09/F03_SA09_R04.txt,1.32
validation,pre100_post200,SA09/F03_SA09_R05.txt,1.26
validation,pre100_post200,SA09/F04_SA09_R01.txt,0.205
validation,pre100_post200,SA09/F04_SA09_R02.txt,0.935
validation,pre100_post200,SA09/F04_SA09_R03.txt,0.49
validation,pre100_post200,SA09/F04_SA09_R04.txt,0.23
validation,pre100_post200,SA09/F04_SA09_R05.txt,0.19
validation,pre100_post200,SA09/F05_SA09_R01.txt,1.215
validation,pre100_post200,SA09/F05_SA09_R02.txt,1.265
validation,pre100_post200,SA09/F05_SA09_R03.txt,0.23
validation,pre100_post200,SA09/F05_SA09_R04.txt,1.0
validation,pre100_post200,SA09/F05_SA09_R05.txt,1.48
validation,pre100_post200,SA09/F06_SA09_R01.txt,1.22
validation,pre100_post200,SA09/F06_SA09_R02.txt,0.905
validation,pre100_post200,SA09/F06_SA09_R03.txt,1.205
validation,pre100_post200,SA09/F06_SA09_R04.txt,0.2
validation,pre100_post200,SA09/F07_SA09_R03.txt,0.99
validation,pre100_post200,SA09/F07_SA09_R04.txt,0.87
validation,pre100_post200,SA09/F07_SA09_R05.txt,0.715
validation,pre100_post200,SA09/F08_SA09_R02.txt,0.81
validation,pre100_post200,SA09/F08_SA09_R03.txt,0.89
validation,pre100_post200,SA09/F08_SA09_R04.txt,0.855
validation,pre100_post200,SA09/F09_SA09_R01.txt,0.78
validation,pre100_post200,SA09/F09_SA09_R02.txt,0.92
validation,pre100_post200,SA09/F09_SA09_R03.txt,0.8
validation,pre100_post200,SA09/F09_SA09_R04.txt,0.785
validation,pre100_post200,SA09/F09_SA09_R05.txt,0.595
validation,pre100_post200,SA09/F10_SA09_R01.txt,0.76
validation,pre100_post200,SA09/F10_SA09_R03.txt,0.875
validation,pre100_post200,SA09/F10_SA09_R05.txt,1.02
validation,pre100_post200,SA09/F11_SA09_R01.txt,0.69
validation,pre100_post200,SA09/F11_SA09_R02.txt,0.965
validation,pre100_post200,SA09/F11_SA09_R03.txt,0.99
validation,pre100_post200,SA09/F11_SA09_R04.txt,1.0
validation,pre100_post200,SA09/F11_SA09_R05.txt,1.0
validation,pre100_post200,SA09/F12_SA09_R01.txt,0.965
validation,pre100_post200,SA09/F12_SA09_R02.txt,0.855
validation,pre100_post200,SA09/F12_SA09_R03.txt,0.94
validation,pre100_post200,SA09/F12_SA09_R04.txt,0.94
validation,pre100_post200,SA09/F12_SA09_R05.txt,0.935
validation,pre100_post200,SA09/F13_SA09_R01.txt,0.76
validation,pre100_post200,SA09/F13_SA09_R02.txt,0.65
validation,pre100_post200,SA09/F13_SA09_R03.txt,0.54
validation,pre100_post200,SA09/F13_SA09_R05.txt,0.44
validation,pre100_post200,SA09/F14_SA09_R01.txt,0.98
validation,pre100_post200,SA09/F14_SA09_R02.txt,1.0
validation,pre100_post200,SA09/F14_SA09_R03.txt,0.99
validation,pre100_post200,SA09/F14_SA09_R04.txt,0.835
validation,pre100_post200,SA09/F14_SA09_R05.txt,0.77
validation,pre100_post200,SA09/F15_SA09_R01.txt,0.88
validation,pre100_post200,SA09/F15_SA09_R02.txt,0.945
validation,pre100_post200,SA09/F15_SA09_R03.txt,0.465
validation,pre100_post200,SA09/F15_SA09_R04.txt,0.765
validation,pre100_post200,SA09/F15_SA09_R05.txt,0.945
validation,pre100_post200,SA13/F01_SA13_R01.txt,1.35
validation,pre100_post200,SA13/F01_SA13_R02.txt,0.135
validation,pre100_post200,SA13/F01_SA13_R03.txt,0.59
validation,pre100_post200,SA13/F01_SA13_R04.txt,0.885
validation,pre100_post200,SA13/F01_SA13_R05.txt,0.68
validation,pre100_post200,SA13/F02_SA13_R01.txt,0.6
validation,pre100_post200,SA13/F02_SA13_R02.txt,0.53
validation,pre100_post200,SA13/F02_SA13_R03.txt,0.665
validation,pre100_post200,SA13/F02_SA13_R04.txt,0.59
validation,pre100_post200,SA13/F02_SA13_R05.txt,0.57
validation,pre100_post200,SA13/F03_SA13_R01.txt,0.72
validation,pre100_post200,SA13/F03_SA13_R02.txt,0.485
validation,pre100_post200,SA13/F03_SA13_R03.txt,0.505
validation,pre100_post200,SA13/F03_SA13_R05.txt,0.565
validation,pre100_post200,SA13/F04_SA13_R01.txt,1.33
validation,pre100_post200,SA13/F04_SA13_R02.txt,0.97
validation,pre100_post200,SA13/F04_SA13_R03.txt,1.645
validation,pre100_post200,SA13/F04_SA13_R04.txt,0.975
validation,pre100_post200,SA13/F04_SA13_R05.txt,0.98
validation,pre100_post200,SA13/F05_SA13_R01.txt,1.31
validation,pre100_post200,SA13/F05_SA13_R02.txt,0.95
validation,pre100_post200,SA13/F05_SA13_R03.txt,1.605
validation,pre100_post200,SA13/F05_SA13_R04.txt,0.675
validation,pre100_post200,SA13/F05_SA13_R05.txt,0.895
validation,pre100_post200,SA13/F06_SA13_R01.txt,0.94
validation,pre100_post200,SA13/F06_SA13_R02.txt,0.945
validation,pre100_post200,SA13/F06_SA13_R03.txt,0.835
validation,pre100_post200,SA13/F06_SA13_R04.txt,0.55
validation,pre100_post200,SA13/F06_SA13_R05.txt,0.79
validation,pre100_post200,SA13/F07_SA13_R01.txt,1.46
validation,pre100_post200,SA13/F07_SA13_R02.txt,1.405
validation,pre100_post200,SA13/F07_SA13_R03.txt,0.37
validation,pre100_post200,SA13/F07_SA13_R04.txt,0.075
validation,pre100_post200,SA13/F07_SA13_R05.txt,0.73
validation,pre100_post200,SA13/F08_SA13_R01.txt,1.32
validation,pre100_post200,SA13/F08_SA13_R02.txt,1.33
validation,pre100_post200,SA13/F08_SA13_R03.txt,1.695
validation,pre100_post200,SA13/F08_SA13_R04.txt,1.77
validation,pre100_post200,SA13/F08_SA13_R05.txt,1.475
validation,pre100_post200,SA13/F09_SA13_R01.txt,1.42
validation,pre100_post200,SA13/F09_SA13_R02.txt,1.485
validation,pre100_post200,SA13/F09_SA13_R03.txt,1.41
validation,pre100_post200,SA13/F09_SA13_R04.txt,1.235
validation,pre100_post200,SA13/F09_SA13_R05.txt,1.215
validation,pre100_post200,SA13/F10_SA13_R01.txt,0.805
validation,pre100_post200,SA13/F10_SA13_R02.txt,0.59
validation,pre100_post200,SA13/F10_SA13_R03.txt,0.67
validation,pre100_post200,SA13/F10_SA13_R04.txt,0.63
validation,pre100_post200,SA13/F10_SA13_R05.txt,0.645
validation,pre100_post200,SA13/F11_SA13_R01.txt,0.805
validation,pre100_post200,SA13/F11_SA13_R02.txt,0.795
validation,pre100_post200,SA13/F11_SA13_R04.txt,1.01
validation,pre100_post200,SA13/F11_SA13_R05.txt,1.19
validation,pre100_post200,SA13/F12_SA13_R01.txt,0.78
validation,pre100_post200,SA13/F12_SA13_R02.txt,0.74
validation,pre100_post200,SA13/F12_SA13_R03.txt,0.675
validation,pre100_post200,SA13/F12_SA13_R04.txt,0.885
validation,pre100_post200,SA13/F12_SA13_R05.txt,0.915
validation,pre100_post200,SA13/F13_SA13_R01.txt,0.495
validation,pre100_post200,SA13/F13_SA13_R02.txt,0.69
validation,pre100_post200,SA13/F13_SA13_R03.txt,0.58
validation,pre100_post200,SA13/F13_SA13_R04.txt,0.615
validation,pre100_post200,SA13/F13_SA13_R05.txt,0.715
validation,pre100_post200,SA13/F14_SA13_R01.txt,0.775
validation,pre100_post200,SA13/F14_SA13_R02.txt,0.995
validation,pre100_post200,SA13/F14_SA13_R04.txt,0.965
validation,pre100_post200,SA13/F14_SA13_R05.txt,0.99
validation,pre100_post200,SA13/F15_SA13_R01.txt,1.0
validation,pre100_post200,SA13/F15_SA13_R02.txt,1.005
validation,pre100_post200,SA13/F15_SA13_R03.txt,0.995
validation,pre100_post200,SA13/F15_SA13_R04.txt,0.92
validation,pre100_post200,SA13/F15_SA13_R05.txt,0.965
validation,pre100_post200,SA19/F01_SA19_R01.txt,0.845
validation,pre100_post200,SA19/F01_SA19_R02.txt,0.785
validation,pre100_post200,SA19/F01_SA19_R03.txt,1.345
validation,pre100_post200,SA19/F02_SA19_R01.txt,1.395
validation,pre100_post200,SA19/F02_SA19_R02.txt,0.67
validation,pre100_post200,SA19/F02_SA19_R03.txt,0.145
validation,pre100_post200,SA19/F02_SA19_R04.txt,0.615
validation,pre100_post200,SA19/F03_SA19_R01.txt,1.005
validation,pre100_post200,SA19/F03_SA19_R03.txt,1.24
validation,pre100_post200,SA19/F03_SA19_R04.txt,1.0
validation,pre100_post200,SA19/F03_SA19_R05.txt,0.815
validation,pre100_post200,SA19/F04_SA19_R01.txt,0.82
validation,pre100_post200,SA19/F04_SA19_R02.txt,1.32
validation,pre100_post200,SA19/F04_SA19_R03.txt,1.255
validation,pre100_post200,SA19/F04_SA19_R04.txt,0.885
validation,pre100_post200,SA19/F04_SA19_R05.txt,0.505
validation,pre100_post200,SA19/F05_SA19_R01.txt,1.365
validation,pre100_post200,SA19/F05_SA19_R02.txt,0.245
validation,pre100_post200,SA19/F05_SA19_R03.txt,0.37
validation,pre100_post200,SA19/F05_SA19_R04.txt,0.74
validation,pre100_post200,SA19/F05_SA19_R05.txt,0.81
validation,pre100_post200,SA19/F06_SA19_R01.txt,0.83
validation,pre100_post200,SA19/F06_SA19_R03.txt,0.355
validation,pre100_post200,SA19/F06_SA19_R04.txt,1.52
validation,pre100_post200,SA19/F06_SA19_R05.txt,1.21
validation,pre100_post200,SA19/F07_SA19_R02.txt,0.845
validation,pre100_post200,SA19/F07_SA19_R04.txt,0.61
validation,pre100_post200,SA19/F07_SA19_R05.txt,1.245
validation,pre100_post200,SA19/F08_SA19_R03.txt,1.4
validation,pre100_post200,SA19/F08_SA19_R04.txt,1.26
validation,pre100_post200,SA19/F08_SA19_R05.txt,1.41
validation,pre100_post200,SA19/F09_SA19_R01.txt,1.405
validation,pre100_post200,SA19/F09_SA19_R02.txt,1.505
validation,pre100_post200,SA19/F09_SA19_R03.txt,1.49
validation,pre100_post200,SA19/F09_SA19_R04.txt,1.57
validation,pre100_post200,SA19/F10_SA19_R01.txt,0.435
validation,pre100_post200,SA19/F10_SA19_R02.txt,0.71
validation,pre100_post200,SA19/F10_SA19_R03.txt,0.535
validation,pre100_post200,SA19/F10_SA19_R04.txt,0.135
validation,pre100_post200,SA19/F10_SA19_R05.txt,0.72
validation,pre100_post200,SA19/F11_SA19_R01.txt,0.98
validation,pre100_post200,SA19/F11_SA19_R02.txt,0.99
validation,pre100_post200,SA19/F11_SA19_R03.txt,0.87
validation,pre100_post200,SA19/F11_SA19_R04.txt,0.77
validation,pre100_post200,SA19/F11_SA19_R05.txt,0.655
validation,pre100_post200,SA19/F12_SA19_R01.txt,0.58
validation,pre100_post200,SA19/F12_SA19_R02.txt,0.95
validation,pre100_post200,SA19/F12_SA19_R03.txt,0.67
validation,pre100_post200,SA19/F12_SA19_R04.txt,0.56
validation,pre100_post200,SA19/F12_SA19_R05.txt,0.4
validation,pre100_post200,SA19/F13_SA19_R04.txt,0.97
validation,pre100_post200,SA19/F13_SA19_R05.txt,0.76
validation,pre100_post200,SA19/F14_SA19_R01.txt,0.795
validation,pre100_post200,SA19/F14_SA19_R02.txt,1.01
validation,pre100_post200,SA19/F14_SA19_R03.txt,0.995
validation,pre100_post200,SA19/F14_SA19_R04.txt,0.82
validation,pre100_post200,SA19/F14_SA19_R05.txt,0.835
validation,pre100_post200,SA19/F15_SA19_R01.txt,0.855
validation,pre100_post200,SA19/F15_SA19_R02.txt,0.955
validation,pre100_post200,SA19/F15_SA19_R03.txt,0.98
validation,pre100_post200,SA19/F15_SA19_R04.txt,0.535
validation,pre100_post200,SA19/F15_SA19_R05.txt,0.97
test,pre100_post100,SA01/F01_SA01_R01.txt,0.265
test,pre100_post100,SA01/F01_SA01_R03.txt,0.045
test,pre100_post100,SA01/F02_SA01_R04.txt,0.5
test,pre100_post100,SA01/F03_SA01_R01.txt,0.41
test,pre100_post100,SA01/F03_SA01_R03.txt,-0.03
test,pre100_post100,SA01/F04_SA01_R01.txt,0.42
test,pre100_post100,SA01/F04_SA01_R05.txt,0.8
test,pre100_post100,SA01/F05_SA01_R01.txt,0.945
test,pre100_post100,SA01/F05_SA01_R02.txt,0.025
test,pre100_post100,SA01/F05_SA01_R05.txt,0.285
test,pre100_post100,SA01/F06_SA01_R03.txt,0.985
test,pre100_post100,SA01/F06_SA01_R04.txt,1.08
test,pre100_post100,SA01/F07_SA01_R03.txt,0.77
test,pre100_post100,SA01/F07_SA01_R04.txt,0.46
test,pre100_post100,SA01/F07_SA01_R05.txt,0.77
test,pre100_post100,SA01/F08_SA01_R01.txt,0.695
test,pre100_post100,SA01/F08_SA01_R02.txt,0.72
test,pre100_post100,SA01/F08_SA01_R03.txt,0.34
test,pre100_post100,SA01/F08_SA01_R04.txt,0.885
test,pre100_post100,SA01/F08_SA01_R05.txt,0.915
test,pre100_post100,SA01/F09_SA01_R01.txt,0.72
test,pre100_post100,SA01/F09_SA01_R02.txt,0.395
test,pre100_post100,SA01/F09_SA01_R04.txt,0.465
test,pre100_post100,SA01/F09_SA01_R05.txt,0.365
test,pre100_post100,SA01/F10_SA01_R01.txt,0.87
test,pre100_post100,SA01/F10_SA01_R04.txt,0.395
test,pre100_post100,SA01/F11_SA01_R03.txt,0.355
test,pre100_post100,SA01/F11_SA01_R04.txt,0.74
test,pre100_post100,SA01/F12_SA01_R01.txt,0.735
test,pre100_post100,SA01/F12_SA01_R02.txt,0.77
test,pre100_post100,SA01/F12_SA01_R04.txt,0.315
test,pre100_post100,SA01/F12_SA01_R05.txt,0.485
test,pre100_post100,SA01/F13_SA01_R01.txt,0.07
test,pre100_post100,SA01/F13_SA01_R02.txt,0.175
test,pre100_post100,SA01/F13_SA01_R03.txt,0.475
test,pre100_post100,SA01/F14_SA01_R02.txt,0.355
test,pre100_post100,SA01/F14_SA01_R03.txt,0.375
test,pre100_post100,SA01/F14_SA01_R04.txt,0.465
test,pre100_post100,SA01/F14_SA01_R05.txt,0.495
test,pre100_post100,SA01/F15_SA01_R05.txt,0.39
test,pre100_post100,SA02/F01_SA02_R02.txt,0.975
test,pre100_post100,SA02/F01_SA02_R03.txt,0.245
test,pre100_post100,SA02/F01_SA02_R04.txt,0.365
test,pre100_post100,SA02/F02_SA02_R05.txt,0.415
test,pre100_post100,SA02/F03_SA02_R01.txt,0.49
test,pre100_post100,SA02/F03_SA02_R02.txt,0.325
test,pre100_post100,SA02/F03_SA02_R03.txt,1.07
test,pre100_post100,SA02/F03_SA02_R05.txt,0.2
test,pre100_post100,SA02/F04_SA02_R02.txt,0.93
test,pre100_post100,SA02/F04_SA02_R03.txt,0.185
test,pre100_post100,SA02/F04_SA02_R05.txt,0.275
test,pre100_post100,SA02/F05_SA02_R03.txt,0.265
test,pre100_post100,SA02/F05_SA02_R04.txt,0.73
test,pre100_post100,SA02/F05_SA02_R05.txt,0.695
test,pre100_post100,SA02/F06_SA02_R01.txt,0.34
test,pre100_post100,SA02/F06_SA02_R02.txt,0.37
test,pre100_post100,SA02/F06_SA02_R03.txt,0.11
test,pre100_post100,SA02/F06_SA02_R04.txt,1.14
test,pre100_post100,SA02/F06_SA02_R05.txt,0.305
test,pre100_post100,SA02/F07_SA02_R02.txt,0.205
test,pre100_post100,SA02/F07_SA02_R03.txt,0.355
test,pre100_post100,SA02/F07_SA02_R04.txt,0.49
test,pre100_post100,SA02/F08_SA02_R01.txt,0.49
test,pre100_post100,SA02/F09_SA02_R02.txt,0.715
test,pre100_post100,SA02/F09_SA02_R03.txt,0.68
test,pre100_post100,SA02/F09_SA02_R04.txt,0.42
test,pre100_post100,SA02/F09_SA02_R05.txt,0.48
test,pre100_post100,SA02/F10_SA02_R02.txt,0.24
test,pre100_post100,SA02/F10_SA02_R04.txt,0.115
test,pre100_post100,SA02/F11_SA02_R01.txt,0.49
test,pre100_post100,SA02/F11_SA02_R02.txt,0.45
test,pre100_post100,SA02/F12_SA02_R01.txt,0.465
test,pre100_post100,SA02/F12_SA02_R03.txt,0.485
test,pre100_post100,SA02/F12_SA02_R04.txt,0.49
test,pre100_post100,SA02/F12_SA02_R05.txt,0.485
test,pre100_post100,SA02/F13_SA02_R02.txt,-0.325
test,pre100_post100,SA02/F14_SA02_R01.txt,0.505
test,pre100_post100,SA02/F14_SA02_R03.txt,0.49
test,pre100_post100,SA02/F14_SA02_R05.txt,0.4
test,pre100_post100,SA02/F15_SA02_R01.txt,0.365
test,pre100_post100,SA02/F15_SA02_R03.txt,0.51
test,pre100_post100,SA02/F15_SA02_R04.txt,0.515
test,pre100_post100,SA02/F15_SA02_R05.txt,0.5
test,pre100_post100,SA06/F01_SA06_R02.txt,0.22
test,pre100_post100,SA06/F01_SA06_R03.txt,0.73
test,pre100_post100,SA06/F01_SA06_R04.txt,0.255
test,pre100_post100,SA06/F01_SA06_R05.txt,0.165
test,pre100_post100,SA06/F02_SA06_R01.txt,0.46
test,pre100_post100,SA06/F02_SA06_R04.txt,0.47
test,pre100_post100,SA06/F02_SA06_R05.txt,0.37
test,pre100_post100,SA06/F03_SA06_R01.txt,0.35
test,pre100_post100,SA06/F03_SA06_R02.txt,0.505
test,pre100_post100,SA06/F03_SA06_R03.txt,1.125
test,pre100_post100,SA06/F03_SA06_R05.txt,0.385
test,pre100_post100,SA06/F04_SA06_R01.txt,0.785
test,pre100_post100,SA06/F04_SA06_R02.txt,0.5
test,pre100_post100,SA06/F04_SA06_R03.txt,0.77
test,pre100_post100,SA06/F04_SA06_R04.txt,0.145
test,pre100_post100,SA06/F05_SA06_R01.txt,0.4
test,pre100_post100,SA06/F06_SA06_R01.txt,0.4
test,pre100_post100,SA06/F06_SA06_R03.txt,0.225
test,pre100_post100,SA06/F06_SA06_R04.txt,0.72
test,pre100_post100,SA06/F06_SA06_R05.txt,0.29
test,pre100_post100,SA06/F07_SA06_R01.txt,0.515
test,pre100_post100,SA06/F07_SA06_R02.txt,0.485
test,pre100_post100,SA06/F07_SA06_R03.txt,0.28
test,pre100_post100,SA06/F07_SA06_R05.txt,0.485
test,pre100_post100,SA06/F08_SA06_R01.txt,0.785
test,pre100_post100,SA06/F08_SA06_R02.txt,0.725
test,pre100_post100,SA06/F08_SA06_R03.txt,0.7
test,pre100_post100,SA06/F08_SA06_R04.txt,0.56
test,pre100_post100,SA06/F08_SA06_R05.txt,0.53
test,pre100_post100,SA06/F09_SA06_R01.txt,0.705
test,pre100_post100,SA06/F09_SA06_R02.txt,0.48
test,pre100_post100,SA06/F09_SA06_R03.txt,0.495
test,pre100_post100,SA06/F09_SA06_R04.txt,0.415
test,pre100_post100,SA06/F09_SA06_R05.txt,0.93
test,pre100_post100,SA06/F10_SA06_R01.txt,0.44
test,pre100_post100,SA06/F10_SA06_R02.txt,0.5
test,pre100_post100,SA06/F10_SA06_R03.txt,0.42
test,pre100_post100,SA06/F10_SA06_R04.txt,0.395
test,pre100_post100,SA06/F10_SA06_R05.txt,0.455
test,pre100_post100,SA06/F11_SA06_R01.txt,0.445
test,pre100_post100,SA06/F11_SA06_R02.txt,0.46
test,pre100_post100,SA06/F11_SA06_R04.txt,0.475
test,pre100_post100,SA06/F11_SA06_R05.txt,0.405
test,pre100_post100,SA06/F12_SA06_R01.txt,0.49
test,pre100_post100,SA06/F12_SA06_R02.txt,0.485
test,pre100_post100,SA06/F12_SA06_R03.txt,0.485
test,pre100_post100,SA06/F12_SA06_R05.txt,0.495
test,pre100_post100,SA06/F13_SA06_R01.txt,0.32
test,pre100_post100,SA06/F13_SA06_R03.txt,0.495
test,pre100_post100,SA06/F14_SA06_R01.txt,0.49
test,pre100_post100,SA06/F14_SA06_R02.txt,0.335
test,pre100_post100,SA06/F14_SA06_R03.txt,0.44
test,pre100_post100,SA06/F14_SA06_R04.txt,0.49
test,pre100_post100,SA06/F14_SA06_R05.txt,0.43
test,pre100_post100,SA06/F15_SA06_R01.txt,0.515
test,pre100_post100,SA06/F15_SA06_R02.txt,0.35
test,pre100_post100,SA06/F15_SA06_R03.txt,0.435
test,pre100_post100,SA06/F15_SA06_R04.txt,0.485
test,pre100_post100,SA06/F15_SA06_R05.txt,0.36
test,pre100_post100,SA17/F01_SA17_R01.txt,0.165
test,pre100_post100,SA17/F01_SA17_R02.txt,0.955
test,pre100_post100,SA17/F01_SA17_R03.txt,-0.22
test,pre100_post100,SA17/F01_SA17_R04.txt,0.21
test,pre100_post100,SA17/F01_SA17_R05.txt,1.015
test,pre100_post100,SA17/F02_SA17_R01.txt,-0.155
test,pre100_post100,SA17/F02_SA17_R02.txt,0.935
test,pre100_post100,SA17/F02_SA17_R03.txt,0.68
test,pre100_post100,SA17/F02_SA17_R04.txt,0.14
test,pre100_post100,SA17/F03_SA17_R02.txt,0.715
test,pre100_post100,SA17/F04_SA17_R01.txt,0.97
test,pre100_post100,SA17/F04_SA17_R02.txt,1.23
test,pre100_post100,SA17/F04_SA17_R03.txt,1.265
test,pre100_post100,SA17/F04_SA17_R04.txt,0.52
test,pre100_post100,SA17/F04_SA17_R05.txt,0.73
test,pre100_post100,SA17/F05_SA17_R01.txt,0.01
test,pre100_post100,SA17/F05_SA17_R02.txt,0.35
test,pre100_post100,SA17/F06_SA17_R01.txt,0.135
test,pre100_post100,SA17/F06_SA17_R02.txt,0.215
test,pre100_post100,SA17/F06_SA17_R03.txt,0.265
test,pre100_post100,SA17/F06_SA17_R05.txt,0.365
test,pre100_post100,SA17/F07_SA17_R01.txt,0.235
test,pre100_post100,SA17/F07_SA17_R04.txt,0.48
test,pre100_post100,SA17/F08_SA17_R01.txt,0.415
test,pre100_post100,SA17/F08_SA17_R02.txt,0.49
test,pre100_post100,SA17/F08_SA17_R03.txt,0.285
test,pre100_post100,SA17/F08_SA17_R04.txt,0.285
test,pre100_post100,SA17/F08_SA17_R05.txt,0.405
test,pre100_post100,SA17/F09_SA17_R01.txt,0.5
test,pre100_post100,SA17/F09_SA17_R02.txt,0.42
test,pre100_post100,SA17/F09_SA17_R03.txt,0.49
test,pre100_post100,SA17/F09_SA17_R04.txt,0.485
test,pre100_post100,SA17/F09_SA17_R05.txt,0.465
test,pre100_post100,SA17/F10_SA17_R02.txt,0.92
test,pre100_post100,SA17/F10_SA17_R03.txt,1.17
test,pre100_post100,SA17/F10_SA17_R04.txt,0.695
test,pre100_post100,SA17/F10_SA17_R05.txt,0.71
test,pre100_post100,SA17/F11_SA17_R01.txt,0.485
test,pre100_post100,SA17/F11_SA17_R02.txt,0.345
test,pre100_post100,SA17/F11_SA17_R03.txt,0.165
test,pre100_post100,SA17/F11_SA17_R04.txt,0.52
test,pre100_post100,SA17/F11_SA17_R05.txt,0.48
test,pre100_post100,SA17/F12_SA17_R01.txt,0.51
test,pre100_post100,SA17/F12_SA17_R02.txt,0.5
test,pre100_post100,SA17/F12_SA17_R03.txt,0.49
test,pre100_post100,SA17/F12_SA17_R04.txt,0.95
test,pre100_post100,SA17/F12_SA17_R05.txt,0.51
test,pre100_post100,SA17/F14_SA17_R01.txt,0.495
test,pre100_post100,SA17/F14_SA17_R02.txt,0.43
test,pre100_post100,SA17/F14_SA17_R03.txt,0.4
test,pre100_post100,SA17/F14_SA17_R04.txt,0.415
test,pre100_post100,SA17/F14_SA17_R05.txt,0.385
test,pre100_post100,SA17/F15_SA17_R01.txt,0.5
test,pre100_post100,SA17/F15_SA17_R02.txt,0.42
test,pre100_post100,SA17/F15_SA17_R03.txt,0.485
test,pre100_post100,SA17/F15_SA17_R04.txt,0.32
test,pre100_post100,SA17/F15_SA17_R05.txt,0.375
test,pre100_post100,SA23/F01_SA23_R02.txt,0.76
test,pre100_post100,SA23/F01_SA23_R05.txt,0.15
test,pre100_post100,SA23/F02_SA23_R02.txt,0.755
test,pre100_post100,SA23/F02_SA23_R03.txt,0.83
test,pre100_post100,SA23/F02_SA23_R05.txt,0.7
test,pre100_post100,SA23/F04_SA23_R01.txt,0.23
test,pre100_post100,SA23/F04_SA23_R02.txt,0.39
test,pre100_post100,SA23/F04_SA23_R03.txt,0.22
test,pre100_post100,SA23/F04_SA23_R04.txt,1.255
test,pre100_post100,SA23/F04_SA23_R05.txt,0.98
test,pre100_post100,SA23/F05_SA23_R04.txt,0.075
test,pre100_post100,SA23/F05_SA23_R05.txt,1.32
test,pre100_post100,SA23/F06_SA23_R02.txt,0.76
test,pre100_post100,SA23/F06_SA23_R05.txt,0.19
test,pre100_post100,SA23/F07_SA23_R05.txt,0.735
test,pre100_post100,SA23/F08_SA23_R03.txt,0.755
test,pre100_post100,SA23/F09_SA23_R02.txt,0.5
test,pre100_post100,SA23/F09_SA23_R03.txt,0.84
test,pre100_post100,SA23/F09_SA23_R04.txt,0.99
test,pre100_post100,SA23/F09_SA23_R05.txt,0.42
test,pre100_post100,SA23/F10_SA23_R02.txt,0.775
test,pre100_post100,SA23/F10_SA23_R03.txt,0.365
test,pre100_post100,SA23/F10_SA23_R04.txt,0.74
test,pre100_post100,SA23/F10_SA23_R05.txt,0.37
test,pre100_post100,SA23/F11_SA23_R01.txt,0.48
test,pre100_post100,SA23/F11_SA23_R02.txt,0.475
test,pre100_post100,SA23/F11_SA23_R03.txt,0.475
test,pre100_post100,SA23/F11_SA23_R04.txt,0.47
test,pre100_post100,SA23/F11_SA23_R05.txt,0.485
test,pre100_post100,SA23/F12_SA23_R05.txt,1.13
test,pre100_post100,SA23/F14_SA23_R05.txt,0.37
test,pre100_post100,SA23/F15_SA23_R05.txt,0.36
test,pre50_post150,SA01/F01_SA01_R01.txt,0.515
test,pre50_post150,SA01/F01_SA01_R02.txt,0.095
test,pre50_post150,SA01/F01_SA01_R03.txt,0.295
test,pre50_post150,SA01/F01_SA01_R04.txt,0.125
test,pre50_post150,SA01/F01_SA01_R05.txt,0.1
test,pre50_post150,SA01/F02_SA01_R03.txt,0.23
test,pre50_post150,SA01/F02_SA01_R04.txt,0.75
test,pre50_post150,SA01/F03_SA01_R01.txt,0.66
test,pre50_post150,SA01/F03_SA01_R03.txt,0.22
test,pre50_post150,SA01/F04_SA01_R01.txt,0.67
test,pre50_post150,SA01/F04_SA01_R02.txt,0.085
test,pre50_post150,SA01/F04_SA01_R03.txt,0.2
test,pre50_post150,SA01/F04_SA01_R05.txt,1.05
test,pre50_post150,SA01/F05_SA01_R02.txt,0.275
test,pre50_post150,SA01/F05_SA01_R04.txt,0.08
test,pre50_post150,SA01/F05_SA01_R05.txt,0.535
test,pre50_post150,SA01/F06_SA01_R02.txt,0.535
test,pre50_post150,SA01/F06_SA01_R03.txt,1.235
test,pre50_post150,SA01/F06_SA01_R04.txt,1.33
test,pre50_post150,SA01/F07_SA01_R03.txt,1.02
test,pre50_post150,SA01/F07_SA01_R04.txt,0.71
test,pre50_post150,SA01/F07_SA01_R05.txt,1.02
test,pre50_post150,SA01/F08_SA01_R01.txt,0.945
test,pre50_post150,SA01/F08_SA01_R02.txt,0.97
test,pre50_post150,SA01/F08_SA01_R03.txt,0.59
test,pre50_post150,SA01/F08_SA01_R04.txt,1.135
test,pre50_post150,SA01/F09_SA01_R01.txt,0.97
test,pre50_post150,SA01/F09_SA01_R02.txt,0.645
test,pre50_post150,SA01/F09_SA01_R04.txt,0.715
test,pre50_post150,SA01/F09_SA01_R05.txt,0.615
test,pre50_post150,SA01/F10_SA01_R01.txt,1.12
test,pre50_post150,SA01/F10_SA01_R04.txt,0.645
test,pre50_post150,SA01/F11_SA01_R03.txt,0.605
test,pre50_post150,SA01/F11_SA01_R04.txt,0.99
test,pre50_post150,SA01/F12_SA01_R01.txt,0.985
test,pre50_post150,SA01/F12_SA01_R02.txt,1.02
test,pre50_post150,SA01/F12_SA01_R04.txt,0.565
test,pre50_post150,SA01/F12_SA01_R05.txt,0.735
test,pre50_post150,SA01/F13_SA01_R01.txt,0.32
test,pre50_post150,SA01/F13_SA01_R02.txt,0.425
test,pre50_post150,SA01/F13_SA01_R03.txt,0.725
test,pre50_post150,SA01/F14_SA01_R02.txt,0.605
test,pre50_post150,SA01/F14_SA01_R03.txt,0.625
test,pre50_post150,SA01/F14_SA01_R04.txt,0.715
test,pre50_post150,SA01/F14_SA01_R05.txt,0.745
test,pre50_post150,SA01/F15_SA01_R05.txt,0.64
test,pre50_post150,SA02/F01_SA02_R03.txt,0.495
test,pre50_post150,SA02/F01_SA02_R04.txt,0.615
test,pre50_post150,SA02/F01_SA02_R05.txt,0.205
test,pre50_post150,SA02/F02_SA02_R01.txt,0.12
test,pre50_post150,SA02/F02_SA02_R04.txt,0.16
test,pre50_post150,SA02/F02_SA02_R05.txt,0.665
test,pre50_post150,SA02/F03_SA02_R01.txt,0.74
test,pre50_post150,SA02/F03_SA02_R02.txt,0.575
test,pre50_post150,SA02/F03_SA02_R03.txt,1.32
test,pre50_post150,SA02/F03_SA02_R04.txt,0.295
test,pre50_post150,SA02/F03_SA02_R05.txt,0.45
test,pre50_post150,SA02/F04_SA02_R03.txt,0.435
test,pre50_post150,SA02/F04_SA02_R04.txt,0.26
test,pre50_post150,SA02/F04_SA02_R05.txt,0.525
test,pre50_post150,SA02/F05_SA02_R03.txt,0.515
test,pre50_post150,SA02/F05_SA02_R04.txt,0.98
test,pre50_post150,SA02/F05_SA02_R05.txt,0.945
test,pre50_post150,SA02/F06_SA02_R01.txt,0.59
test,pre50_post150,SA02/F06_SA02_R02.txt,0.62
test,pre50_post150,SA02/F06_SA02_R03.txt,0.36
test,pre50_post150,SA02/F06_SA02_R05.txt,0.555
test,pre50_post150,SA02/F07_SA02_R01.txt,0.22
test,pre50_post150,SA02/F07_SA02_R02.txt,0.455
test,pre50_post150,SA02/F07_SA02_R03.txt,0.605
test,pre50_post150,SA02/F07_SA02_R04.txt,0.74
test,pre50_post150,SA02/F07_SA02_R05.txt,0.315
test,pre50_post150,SA02/F08_SA02_R01.txt,0.74
test,pre50_post150,SA02/F09_SA02_R02.txt,0.965
test,pre50_post150,SA02/F09_SA02_R03.txt,0.93
test,pre50_post150,SA02/F09_SA02_R04.txt,0.67
test,pre50_post150,SA02/F09_SA02_R05.txt,0.73
test,pre50_post150,SA02/F10_SA02_R02.txt,0.49
test,pre50_post150,SA02/F10_SA02_R03.txt,0.28
test,pre50_post150,SA02/F10_SA02_R04.txt,0.365
test,pre50_post150,SA02/F11_SA02_R01.txt,0.74
test,pre50_post150,SA02/F11_SA02_R02.txt,0.7
test,pre50_post150,SA02/F12_SA02_R01.txt,0.715
test,pre50_post150,SA02/F12_SA02_R03.txt,0.735
test,pre50_post150,SA02/F12_SA02_R04.txt,0.74
test,pre50_post150,SA02/F12_SA02_R05.txt,0.735
test,pre50_post150,SA02/F13_SA02_R02.txt,-0.075
test,pre50_post150,SA02/F14_SA02_R01.txt,0.755
test,pre50_post150,SA02/F14_SA02_R03.txt,0.74
test,pre50_post150,SA02/F14_SA02_R05.txt,0.65
test,pre50_post150,SA02/F15_SA02_R01.txt,0.615
test,pre50_post150,SA02/F15_SA02_R03.txt,0.76
test,pre50_post150,SA02/F15_SA02_R04.txt,0.765
test,pre50_post150,SA02/F15_SA02_R05.txt,0.75
test,pre50_post150,SA06/F01_SA06_R02.txt,0.47
test,pre50_post150,SA06/F01_SA06_R03.txt,0.98
test,pre50_post150,SA06/F01_SA06_R04.txt,0.505
test,pre50_post150,SA06/F01_SA06_R05.txt,0.415
test,pre50_post150,SA06/F02_SA06_R01.txt,0.71
test,pre50_post150,SA06/F02_SA06_R03.txt,0.39
test,pre50_post150,SA06/F02_SA06_R04.txt,0.72
test,pre50_post150,SA06/F02_SA06_R05.txt,0.62
test,pre50_post150,SA06/F03_SA06_R01.txt,0.6
test,pre50_post150,SA06/F03_SA06_R02.txt,0.755
test,pre50_post150,SA06/F03_SA06_R03.txt,1.375
test,pre50_post150,SA06/F03_SA06_R04.txt,0.255
test,pre50_post150,SA06/F03_SA06_R05.txt,0.635
test,pre50_post150,SA06/F04_SA06_R01.txt,1.035
test,pre50_post150,SA06/F04_SA06_R02.txt,0.75
test,pre50_post150,SA06/F04_SA06_R03.txt,1.02
test,pre50_post150,SA06/F04_SA06_R04.txt,0.395
test,pre50_post150,SA06/F05_SA06_R01.txt,0.65
test,pre50_post150,SA06/F05_SA06_R02.txt,0.17
test,pre50_post150,SA06/F05_SA06_R03.txt,0.075
test,pre50_post150,SA06/F05_SA06_R04.txt,0.195
test,pre50_post150,SA06/F05_SA06_R05.txt,0.135
test,pre50_post150,SA06/F06_SA06_R01.txt,0.65
test,pre50_post150,SA06/F06_SA06_R03.txt,0.475
test,pre50_post150,SA06/F06_SA06_R04.txt,0.97
test,pre50_post150,SA06/F06_SA06_R05.txt,0.54
test,pre50_post150,SA06/F07_SA06_R01.txt,0.765
test,pre50_post150,SA06/F07_SA06_R02.txt,0.735
test,pre50_post150,SA06/F07_SA06_R03.txt,0.53
test,pre50_post150,SA06/F07_SA06_R05.txt,0.735
test,pre50_post150,SA06/F08_SA06_R01.txt,1.035
test,pre50_post150,SA06/F08_SA06_R02.txt,0.975
test,pre50_post150,SA06/F08_SA06_R03.txt,0.95
test,pre50_post150,SA06/F08_SA06_R04.txt,0.81
test,pre50_post150,SA06/F08_SA06_R05.txt,0.78
test,pre50_post150,SA06/F09_SA06_R01.txt,0.955
test,pre50_post150,SA06/F09_SA06_R02.txt,0.73
test,pre50_post150,SA06/F09_SA06_R03.txt,0.745
test,pre50_post150,SA06/F09_SA06_R04.txt,0.665
test,pre50_post150,SA06/F10_SA06_R01.txt,0.69
test,pre50_post150,SA06/F10_SA06_R02.txt,0.75
test,pre50_post150,SA06/F10_SA06_R03.txt,0.67
test,pre50_post150,SA06/F10_SA06_R04.txt,0.645
test,pre50_post150,SA06/F10_SA06_R05.txt,0.705
test,pre50_post150,SA06/F11_SA06_R01.txt,0.695
test,pre50_post150,SA06/F11_SA06_R02.txt,0.71
test,pre50_post150,SA06/F11_SA06_R04.txt,0.725
test,pre50_post150,SA06/F11_SA06_R05.txt,0.655
test,pre50_post150,SA06/F12_SA06_R01.txt,0.74
test,pre50_post150,SA06/F12_SA06_R02.txt,0.735
test,pre50_post150,SA06/F12_SA06_R03.txt,0.735
test,pre50_post150,SA06/F12_SA06_R05.txt,0.745
test,pre50_post150,SA06/F13_SA06_R01.txt,0.57
test,pre50_post150,SA06/F13_SA06_R02.txt,0.13
test,pre50_post150,SA06/F13_SA06_R03.txt,0.745
test,pre50_post150,SA06/F14_SA06_R01.txt,0.74
test,pre50_post150,SA06/F14_SA06_R02.txt,0.585
test,pre50_post150,SA06/F14_SA06_R03.txt,0.69
test,pre50_post150,SA06/F14_SA06_R04.txt,0.74
test,pre50_post150,SA06/F14_SA06_R05.txt,0.68
test,pre50_post150,SA06/F15_SA06_R01.txt,0.765
test,pre50_post150,SA06/F15_SA06_R02.txt,0.6
test,pre50_post150,SA06/F15_SA06_R03.txt,0.685
test,pre50_post150,SA06/F15_SA06_R04.txt,0.735
test,pre50_post150,SA06/F15_SA06_R05.txt,0.61
test,pre50_post150,SA17/F01_SA17_R01.txt,0.415
test,pre50_post150,SA17/F01_SA17_R03.txt,0.03
test,pre50_post150,SA17/F01_SA17_R04.txt,0.46
test,pre50_post150,SA17/F02_SA17_R01.txt,0.095
test,pre50_post150,SA17/F02_SA17_R02.txt,1.185
test,pre50_post150,SA17/F02_SA17_R03.txt,0.93
test,pre50_post150,SA17/F02_SA17_R04.txt,0.39
test,pre50_post150,SA17/F02_SA17_R05.txt,-0.15
test,pre50_post150,SA17/F03_SA17_R02.txt,0.965
test,pre50_post150,SA17/F03_SA17_R03.txt,0.185
test,pre50_post150,SA17/F04_SA17_R04.txt,0.77
test,pre50_post150,SA17/F04_SA17_R05.txt,0.98
test,pre50_post150,SA17/F05_SA17_R01.txt,0.26
test,pre50_post150,SA17/F05_SA17_R02.txt,0.6
test,pre50_post150,SA17/F05_SA17_R03.txt,0.025
test,pre50_post150,SA17/F05_SA17_R04.txt,-0.14
test,pre50_post150,SA17/F05_SA17_R05.txt,0.14
test,pre50_post150,SA17/F06_SA17_R01.txt,0.385
test,pre50_post150,SA17/F06_SA17_R02.txt,0.465
test,pre50_post150,SA17/F06_SA17_R03.txt,0.515
test,pre50_post150,SA17/F06_SA17_R05.txt,0.615
test,pre50_post150,SA17/F07_SA17_R01.txt,0.485
test,pre50_post150,SA17/F07_SA17_R04.txt,0.73
test,pre50_post150,SA17/F08_SA17_R01.txt,0.665
test,pre50_post150,SA17/F08_SA17_R02.txt,0.74
test,pre50_post150,SA17/F08_SA17_R03.txt,0.535
test,pre50_post150,SA17/F08_SA17_R04.txt,0.535
test,pre50_post150,SA17/F08_SA17_R05.txt,0.655
test,pre50_post150,SA17/F09_SA17_R01.txt,0.75
test,pre50_post150,SA17/F09_SA17_R02.txt,0.67
test,pre50_post150,SA17/F09_SA17_R03.txt,0.74
test,pre50_post150,SA17/F09_SA17_R04.txt,0.735
test,pre50_post150,SA17/F09_SA17_R05.txt,0.715
test,pre50_post150,SA17/F10_SA17_R04.txt,0.945
test,pre50_post150,SA17/F10_SA17_R05.txt,0.96
test,pre50_post150,SA17/F11_SA17_R01.txt,0.735
test,pre50_post150,SA17/F11_SA17_R02.txt,0.595
test,pre50_post150,SA17/F11_SA17_R03.txt,0.415
test,pre50_post150,SA17/F11_SA17_R04.txt,0.77
test,pre50_post150,SA17/F11_SA17_R05.txt,0.73
test,pre50_post150,SA17/F12_SA17_R01.txt,0.76
test,pre50_post150,SA17/F12_SA17_R02.txt,0.75
test,pre50_post150,SA17/F12_SA17_R03.txt,0.74
test,pre50_post150,SA17/F12_SA17_R04.txt,1.2
test,pre50_post150,SA17/F12_SA17_R05.txt,0.76
test,pre50_post150,SA17/F13_SA17_R02.txt,0.18
test,pre50_post150,SA17/F13_SA17_R03.txt,0.22
test,pre50_post150,SA17/F13_SA17_R05.txt,0.14
test,pre50_post150,SA17/F14_SA17_R01.txt,0.745
test,pre50_post150,SA17/F14_SA17_R02.txt,0.68
test,pre50_post150,SA17/F14_SA17_R03.txt,0.65
test,pre50_post150,SA17/F14_SA17_R04.txt,0.665
test,pre50_post150,SA17/F14_SA17_R05.txt,0.635
test,pre50_post150,SA17/F15_SA17_R01.txt,0.75
test,pre50_post150,SA17/F15_SA17_R02.txt,0.67
test,pre50_post150,SA17/F15_SA17_R03.txt,0.735
test,pre50_post150,SA17/F15_SA17_R04.txt,0.57
test,pre50_post150,SA17/F15_SA17_R05.txt,0.625
test,pre50_post150,SA23/F01_SA23_R02.txt,1.01
test,pre50_post150,SA23/F01_SA23_R05.txt,0.4
test,pre50_post150,SA23/F02_SA23_R02.txt,1.005
test,pre50_post150,SA23/F02_SA23_R03.txt,1.08
test,pre50_post150,SA23/F02_SA23_R05.txt,0.95
test,pre50_post150,SA23/F04_SA23_R01.txt,0.48
test,pre50_post150,SA23/F04_SA23_R02.txt,0.64
test,pre50_post150,SA23/F04_SA23_R03.txt,0.47
test,pre50_post150,SA23/F04_SA23_R04.txt,1.505
test,pre50_post150,SA23/F05_SA23_R04.txt,0.325
test,pre50_post150,SA23/F05_SA23_R05.txt,1.57
test,pre50_post150,SA23/F06_SA23_R02.txt,1.01
test,pre50_post150,SA23/F06_SA23_R03.txt,0.51
test,pre50_post150,SA23/F06_SA23_R05.txt,0.44
test,pre50_post150,SA23/F07_SA23_R01.txt,0.47
test,pre50_post150,SA23/F07_SA23_R02.txt,0.62
test,pre50_post150,SA23/F07_SA23_R05.txt,0.985
test,pre50_post150,SA23/F09_SA23_R02.txt,0.75
test,pre50_post150,SA23/F09_SA23_R03.txt,1.09
test,pre50_post150,SA23/F09_SA23_R04.txt,1.24
test,pre50_post150,SA23/F09_SA23_R05.txt,0.67
test,pre50_post150,SA23/F10_SA23_R02.txt,1.025
test,pre50_post150,SA23/F10_SA23_R03.txt,0.615
test,pre50_post150,SA23/F10_SA23_R04.txt,0.99
test,pre50_post150,SA23/F10_SA23_R05.txt,0.62
test,pre50_post150,SA23/F11_SA23_R01.txt,0.73
test,pre50_post150,SA23/F11_SA23_R02.txt,0.725
test,pre50_post150,SA23/F11_SA23_R03.txt,0.725
test,pre50_post150,SA23/F11_SA23_R04.txt,0.72
test,pre50_post150,SA23/F11_SA23_R05.txt,0.735
test,pre50_post150,SA23/F12_SA23_R05.txt,1.38
test,pre50_post150,SA23/F14_SA23_R05.txt,0.62
test,pre50_post150,SA23/F15_SA23_R05.txt,0.61
test,pre100_post200,SA01/F01_SA01_R01.txt,0.765
test,pre100_post200,SA01/F01_SA01_R02.txt,0.345
test,pre100_post200,SA01/F01_SA01_R03.txt,0.545
test,pre100_post200,SA01/F01_SA01_R04.txt,0.375
test,pre100_post200,SA01/F01_SA01_R05.txt,0.35
test,pre100_post200,SA01/F02_SA01_R01.txt,0.4
test,pre100_post200,SA01/F02_SA01_R03.txt,0.48
test,pre100_post200,SA01/F02_SA01_R04.txt,1.0
test,pre100_post200,SA01/F03_SA01_R01.txt,0.91
test,pre100_post200,SA01/F03_SA01_R02.txt,0.105
test,pre100_post200,SA01/F03_SA01_R03.txt,0.47
test,pre100_post200,SA01/F03_SA01_R04.txt,0.495
test,pre100_post200,SA01/F03_SA01_R05.txt,0.1
test,pre100_post200,SA01/F04_SA01_R01.txt,0.92
test,pre100_post200,SA01/F04_SA01_R02.txt,0.335
test,pre100_post200,SA01/F04_SA01_R03.txt,0.45
test,pre100_post200,SA01/F04_SA01_R04.txt,0.28
test,pre100_post200,SA01/F04_SA01_R05.txt,1.3
test,pre100_post200,SA01/F05_SA01_R01.txt,1.445
test,pre100_post200,SA01/F05_SA01_R02.txt,0.525
test,pre100_post200,SA01/F05_SA01_R03.txt,0.265
test,pre100_post200,SA01/F05_SA01_R04.txt,0.33
test,pre100_post200,SA01/F05_SA01_R05.txt,0.785
test,pre100_post200,SA01/F06_SA01_R01.txt,0.435
test,pre100_post200,SA01/F06_SA01_R02.txt,0.785
test,pre100_post200,SA01/F06_SA01_R03.txt,1.485
test,pre100_post200,SA01/F06_SA01_R04.txt,1.58
test,pre100_post200,SA01/F07_SA01_R01.txt,0.345
test,pre100_post200,SA01/F07_SA01_R03.txt,1.27
test,pre100_post200,SA01/F07_SA01_R04.txt,0.96
test,pre100_post200,SA01/F07_SA01_R05.txt,1.27
test,pre100_post200,SA01/F08_SA01_R01.txt,1.195
test,pre100_post200,SA01/F08_SA01_R02.txt,1.22
test,pre100_post200,SA01/F08_SA01_R03.txt,0.84
test,pre100_post200,SA01/F08_SA01_R04.txt,1.385
test,pre100_post200,SA01/F08_SA01_R05.txt,1.415
test,pre100_post200,SA01/F09_SA01_R01.txt,1.22
test,pre100_post200,SA01/F09_SA01_R02.txt,0.895
test,pre100_post200,SA01/F09_SA01_R04.txt,0.965
test,pre100_post200,SA01/F09_SA01_R05.txt,0.865
test,pre100_post200,SA01/F10_SA01_R01.txt,1.37
test,pre100_post200,SA01/F10_SA01_R04.txt,0.895
test,pre100_post200,SA01/F11_SA01_R03.txt,0.855
test,pre100_post200,SA01/F11_SA01_R04.txt,1.24
test,pre100_post200,SA01/F12_SA01_R01.txt,1.235
test,pre100_post200,SA01/F12_SA01_R02.txt,1.27
test,pre100_post200,SA01/F12_SA01_R03.txt,0.135
test,pre100_post200,SA01/F12_SA01_R04.txt,0.815
test,pre100_post200,SA01/F12_SA01_R05.txt,0.985
test,pre100_post200,SA01/F13_SA01_R01.txt,0.57
test,pre100_post200,SA01/F13_SA01_R02.txt,0.675
test,pre100_post200,SA01/F13_SA01_R03.txt,0.975
test,pre100_post200,SA01/F14_SA01_R02.txt,0.855
test,pre100_post200,SA01/F14_SA01_R03.txt,0.875
test,pre100_post200,SA01/F14_SA01_R04.txt,0.965
test,pre100_post200,SA01/F14_SA01_R05.txt,0.995
test,pre100_post200,SA01/F15_SA01_R03.txt,0.14
test,pre100_post200,SA01/F15_SA01_R05.txt,0.89
test,pre100_post200,SA02/F01_SA02_R01.txt,0.21
test,pre100_post200,SA02/F01_SA02_R02.txt,1.475
test,pre100_post200,SA02/F01_SA02_R03.txt,0.745
test,pre100_post200,SA02/F01_SA02_R04.txt,0.865
test,pre100_post200,SA02/F01_SA02_R05.txt,0.455
test,pre100_post200,SA02/F02_SA02_R01.txt,0.37
test,pre100_post200,SA02/F02_SA02_R02.txt,0.24
test,pre100_post200,SA02/F02_SA02_R03.txt,0.3
test,pre100_post200,SA02/F02_SA02_R04.txt,0.41
test,pre100_post200,SA02/F02_SA02_R05.txt,0.915
test,pre100_post200,SA02/F03_SA02_R01.txt,0.99
test,pre100_post200,SA02/F03_SA02_R02.txt,0.825
test,pre100_post200,SA02/F03_SA02_R03.txt,1.57
test,pre100_post200,SA02/F03_SA02_R04.txt,0.545
test,pre100_post200,SA02/F03_SA02_R05.txt,0.7
test,pre100_post200,SA02/F04_SA02_R02.txt,1.43
test,pre100_post200,SA02/F04_SA02_R03.txt,0.685
test,pre100_post200,SA02/F04_SA02_R04.txt,0.51
test,pre100_post200,SA02/F04_SA02_R05.txt,0.775
test,pre100_post200,SA02/F05_SA02_R03.txt,0.765
test,pre100_post200,SA02/F05_SA02_R04.txt,1.23
test,pre100_post200,SA02/F05_SA02_R05.txt,1.195
test,pre100_post200,SA02/F06_SA02_R01.txt,0.84
test,pre100_post200,SA02/F06_SA02_R02.txt,0.87
test,pre100_post200,SA02/F06_SA02_R03.txt,0.61
test,pre100_post200,SA02/F06_SA02_R04.txt,1.64
test,pre100_post200,SA02/F06_SA02_R05.txt,0.805
test,pre100_post200,SA02/F07_SA02_R01.txt,0.47
test,pre100_post200,SA02/F07_SA02_R02.txt,0.705
test,pre100_post200,SA02/F07_SA02_R03.txt,0.855
test,pre100_post200,SA02/F07_SA02_R04.txt,0.99
test,pre100_post200,SA02/F07_SA02_R05.txt,0.565
test,pre100_post200,SA02/F08_SA02_R01.txt,0.99
test,pre100_post200,SA02/F09_SA02_R02.txt,1.215
test,pre100_post200,SA02/F09_SA02_R03.txt,1.18
test,pre100_post200,SA02/F09_SA02_R04.txt,0.92
test,pre100_post200,SA02/F09_SA02_R05.txt,0.98
test,pre100_post200,SA02/F10_SA02_R02.txt,0.74
test,pre100_post200,SA02/F10_SA02_R03.txt,0.53
test,pre100_post200,SA02/F10_SA02_R04.txt,0.615
test,pre100_post200,SA02/F11_SA02_R01.txt,0.99
test,pre100_post200,SA02/F11_SA02_R02.txt,0.95
test,pre100_post200,SA02/F12_SA02_R01.txt,0.965
test,pre100_post200,SA02/F12_SA02_R03.txt,0.985
test,pre100_post200,SA02/F12_SA02_R04.txt,0.99
test,pre100_post200,SA02/F12_SA02_R05.txt,0.985
test,pre100_post200,SA02/F13_SA02_R02.txt,0.175
test,pre100_post200,SA02/F13_SA02_R04.txt,0.155
test,pre100_post200,SA02/F14_SA02_R01.txt,1.005
test,pre100_post200,SA02/F14_SA02_R03.txt,0.99
test,pre100_post200,SA02/F14_SA02_R05.txt,0.9
test,pre100_post200,SA02/F15_SA02_R01.txt,0.865
test,pre100_post200,SA02/F15_SA02_R03.txt,1.01
test,pre100_post200,SA02/F15_SA02_R04.txt,1.015
test,pre100_post200,SA02/F15_SA02_R05.txt,1.0
test,pre100_post200,SA06/F01_SA06_R01.txt,0.105
test,pre100_post200,SA06/F01_SA06_R02.txt,0.72
test,pre100_post200,SA06/F01_SA06_R03.txt,1.23
test,pre100_post200,SA06/F01_SA06_R04.txt,0.755
test,pre100_post200,SA06/F01_SA06_R05.txt,0.665
test,pre100_post200,SA06/F02_SA06_R01.txt,0.96
test,pre100_post200,SA06/F02_SA06_R03.txt,0.64
test,pre100_post200,SA06/F02_SA06_R04.txt,0.97
test,pre100_post200,SA06/F02_SA06_R05.txt,0.87
test,pre100_post200,SA06/F03_SA06_R01.txt,0.85
test,pre100_post200,SA06/F03_SA06_R02.txt,1.005
test,pre100_post200,SA06/F03_SA06_R03.txt,1.625
test,pre100_post200,SA06/F03_SA06_R04.txt,0.505
test,pre100_post200,SA06/F03_SA06_R05.txt,0.885
test,pre100_post200,SA06/F04_SA06_R01.txt,1.285
test,pre100_post200,SA06/F04_SA06_R02.txt,1.0
test,pre100_post200,SA06/F04_SA06_R03.txt,1.27
test,pre100_post200,SA06/F04_SA06_R04.txt,0.645
test,pre100_post200,SA06/F05_SA06_R01.txt,0.9
test,pre100_post200,SA06/F05_SA06_R02.txt,0.42
test,pre100_post200,SA06/F05_SA06_R03.txt,0.325
test,pre100_post200,SA06/F05_SA06_R04.txt,0.445
test,pre100_post200,SA06/F05_SA06_R05.txt,0.385
test,pre100_post200,SA06/F06_SA06_R01.txt,0.9
test,pre100_post200,SA06/F06_SA06_R02.txt,0.135
test,pre100_post200,SA06/F06_SA06_R03.txt,0.725
test,pre100_post200,SA06/F06_SA06_R04.txt,1.22
test,pre100_post200,SA06/F06_SA06_R05.txt,0.79
test,pre100_post200,SA06/F07_SA06_R01.txt,1.015
test,pre100_post200,SA06/F07_SA06_R02.txt,0.985
test,pre100_post200,SA06/F07_SA06_R03.txt,0.78
test,pre100_post200,SA06/F07_SA06_R05.txt,0.985
test,pre100_post200,SA06/F08_SA06_R01.txt,1.285
test,pre100_post200,SA06/F08_SA06_R02.txt,1.225
test,pre100_post200,SA06/F08_SA06_R03.txt,1.2
test,pre100_post200,SA06/F08_SA06_R04.txt,1.06
test,pre100_post200,SA06/F08_SA06_R05.txt,1.03
test,pre100_post200,SA06/F09_SA06_R01.txt,1.205
test,pre100_post200,SA06/F09_SA06_R02.txt,0.98
test,pre100_post200,SA06/F09_SA06_R03.txt,0.995
test,pre100_post200,SA06/F09_SA06_R04.txt,0.915
test,pre100_post200,SA06/F09_SA06_R05.txt,1.43
test,pre100_post200,SA06/F10_SA06_R01.txt,0.94
test,pre100_post200,SA06/F10_SA06_R02.txt,1.0
test,pre100_post200,SA06/F10_SA06_R03.txt,0.92
test,pre100_post200,SA06/F10_SA06_R04.txt,0.895
test,pre100_post200,SA06/F10_SA06_R05.txt,0.955
test,pre100_post200,SA06/F11_SA06_R01.txt,0.945
test,pre100_post200,SA06/F11_SA06_R02.txt,0.96
test,pre100_post200,SA06/F11_SA06_R04.txt,0.975
test,pre100_post200,SA06/F11_SA06_R05.txt,0.905
test,pre100_post200,SA06/F12_SA06_R01.txt,0.99
test,pre100_post200,SA06/F12_SA06_R02.txt,0.985
test,pre100_post200,SA06/F12_SA06_R03.txt,0.985
test,pre100_post200,SA06/F12_SA06_R04.txt,0.175
test,pre100_post200,SA06/F12_SA06_R05.txt,0.995
test,pre100_post200,SA06/F13_SA06_R01.txt,0.82
test,pre100_post200,SA06/F13_SA06_R02.txt,0.38
test,pre100_post200,SA06/F13_SA06_R03.txt,0.995
test,pre100_post200,SA06/F14_SA06_R01.txt,0.99
test,pre100_post200,SA06/F14_SA06_R02.txt,0.835
test,pre100_post200,SA06/F14_SA06_R03.txt,0.94
test,pre100_post200,SA06/F14_SA06_R04.txt,0.99
test,pre100_post200,SA06/F14_SA06_R05.txt,0.93
test,pre100_post200,SA06/F15_SA06_R01.txt,1.015
test,pre100_post200,SA06/F15_SA06_R02.txt,0.85
test,pre100_post200,SA06/F15_SA06_R03.txt,0.935
test,pre100_post200,SA06/F15_SA06_R04.txt,0.985
test,pre100_post200,SA06/F15_SA06_R05.txt,0.86
test,pre100_post200,SA17/F01_SA17_R01.txt,0.665
test,pre100_post200,SA17/F01_SA17_R02.txt,1.455
test,pre100_post200,SA17/F01_SA17_R03.txt,0.28
test,pre100_post200,SA17/F01_SA17_R04.txt,0.71
test,pre100_post200,SA17/F01_SA17_R05.txt,0.015
test,pre100_post200,SA17/F02_SA17_R01.txt,0.345
test,pre100_post200,SA17/F02_SA17_R02.txt,1.435
test,pre100_post200,SA17/F02_SA17_R03.txt,1.18
test,pre100_post200,SA17/F02_SA17_R04.txt,0.64
test,pre100_post200,SA17/F02_SA17_R05.txt,0.1
test,pre100_post200,SA17/F03_SA17_R01.txt,0.11
test,pre100_post200,SA17/F03_SA17_R02.txt,1.215
test,pre100_post200,SA17/F03_SA17_R03.txt,0.435
test,pre100_post200,SA17/F03_SA17_R04.txt,0.165
test,pre100_post200,SA17/F04_SA17_R01.txt,1.47
test,pre100_post200,SA17/F04_SA17_R02.txt,1.73
test,pre100_post200,SA17/F04_SA17_R03.txt,1.765
test,pre100_post200,SA17/F04_SA17_R04.txt,1.02
test,pre100_post200,SA17/F04_SA17_R05.txt,1.23
test,pre100_post200,SA17/F05_SA17_R01.txt,0.51
test,pre100_post200,SA17/F05_SA17_R02.txt,0.85
test,pre100_post200,SA17/F05_SA17_R03.txt,0.275
test,pre100_post200,SA17/F05_SA17_R04.txt,0.11
test,pre100_post200,SA17/F05_SA17_R05.txt,0.39
test,pre100_post200,SA17/F06_SA17_R01.txt,0.635
test,pre100_post200,SA17/F06_SA17_R02.txt,0.715
test,pre100_post200,SA17/F06_SA17_R03.txt,0.765
test,pre100_post200,SA17/F06_SA17_R05.txt,0.865
test,pre100_post200,SA17/F07_SA17_R01.txt,0.735
test,pre100_post200,SA17/F07_SA17_R04.txt,0.98
test,pre100_post200,SA17/F08_SA17_R01.txt,0.915
test,pre100_post200,SA17/F08_SA17_R02.txt,0.99
test,pre100_post200,SA17/F08_SA17_R03.txt,0.785
test,pre100_post200,SA17/F08_SA17_R04.txt,0.785
test,pre100_post200,SA17/F08_SA17_R05.txt,0.905
test,pre100_post200,SA17/F09_SA17_R01.txt,1.0
test,pre100_post200,SA17/F09_SA17_R02.txt,0.92
test,pre100_post200,SA17/F09_SA17_R03.txt,0.99
test,pre100_post200,SA17/F09_SA17_R04.txt,0.985
test,pre100_post200,SA17/F09_SA17_R05.txt,0.965
test,pre100_post200,SA17/F10_SA17_R01.txt,0.09
test,pre100_post200,SA17/F10_SA17_R02.txt,1.42
test,pre100_post200,SA17/F10_SA17_R03.txt,1.67
test,pre100_post200,SA17/F10_SA17_R04.txt,1.195
test,pre100_post200,SA17/F10_SA17_R05.txt,1.21
test,pre100_post200,SA17/F11_SA17_R01.txt,0.985
test,pre100_post200,SA17/F11_SA17_R02.txt,0.845
test,pre100_post200,SA17/F11_SA17_R03.txt,0.665
test,pre100_post200,SA17/F11_SA17_R04.txt,1.02
test,pre100_post200,SA17/F11_SA17_R05.txt,0.98
test,pre100_post200,SA17/F12_SA17_R01.txt,1.01
test,pre100_post200,SA17/F12_SA17_R02.txt,1.0
test,pre100_post200,SA17/F12_SA17_R03.txt,0.99
test,pre100_post200,SA17/F12_SA17_R04.txt,1.45
test,pre100_post200,SA17/F12_SA17_R05.txt,1.01
test,pre100_post200,SA17/F13_SA17_R01.txt,0.12
test,pre100_post200,SA17/F13_SA17_R02.txt,0.43
test,pre100_post200,SA17/F13_SA17_R03.txt,0.47
test,pre100_post200,SA17/F13_SA17_R04.txt,0.28
test,pre100_post200,SA17/F13_SA17_R05.txt,0.39
test,pre100_post200,SA17/F14_SA17_R01.txt,0.995
test,pre100_post200,SA17/F14_SA17_R02.txt,0.93
test,pre100_post200,SA17/F14_SA17_R03.txt,0.9
test,pre100_post200,SA17/F14_SA17_R04.txt,0.915
test,pre100_post200,SA17/F14_SA17_R05.txt,0.885
test,pre100_post200,SA17/F15_SA17_R01.txt,1.0
test,pre100_post200,SA17/F15_SA17_R02.txt,0.92
test,pre100_post200,SA17/F15_SA17_R03.txt,0.985
test,pre100_post200,SA17/F15_SA17_R04.txt,0.82
test,pre100_post200,SA17/F15_SA17_R05.txt,0.875
test,pre100_post200,SA23/F01_SA23_R02.txt,1.26
test,pre100_post200,SA23/F01_SA23_R05.txt,0.65
test,pre100_post200,SA23/F02_SA23_R01.txt,0.115
test,pre100_post200,SA23/F02_SA23_R02.txt,1.255
test,pre100_post200,SA23/F02_SA23_R03.txt,1.33
test,pre100_post200,SA23/F02_SA23_R05.txt,1.2
test,pre100_post200,SA23/F04_SA23_R01.txt,0.73
test,pre100_post200,SA23/F04_SA23_R02.txt,0.89
test,pre100_post200,SA23/F04_SA23_R03.txt,0.72
test,pre100_post200,SA23/F04_SA23_R04.txt,1.755
test,pre100_post200,SA23/F04_SA23_R05.txt,1.48
test,pre100_post200,SA23/F05_SA23_R02.txt,1.705
test,pre100_post200,SA23/F05_SA23_R04.txt,0.575
test,pre100_post200,SA23/F05_SA23_R05.txt,1.82
test,pre100_post200,SA23/F06_SA23_R02.txt,1.26
test,pre100_post200,SA23/F06_SA23_R03.txt,0.76
test,pre100_post200,SA23/F06_SA23_R05.txt,0.69
test,pre100_post200,SA23/F07_SA23_R01.txt,0.72
test,pre100_post200,SA23/F07_SA23_R02.txt,0.87
test,pre100_post200,SA23/F07_SA23_R04.txt,0.57
test,pre100_post200,SA23/F07_SA23_R05.txt,1.235
test,pre100_post200,SA23/F08_SA23_R03.txt,1.255
test,pre100_post200,SA23/F09_SA23_R02.txt,1.0
test,pre100_post200,SA23/F09_SA23_R03.txt,1.34
test,pre100_post200,SA23/F09_SA23_R04.txt,1.49
test,pre100_post200,SA23/F09_SA23_R05.txt,0.92
test,pre100_post200,SA23/F10_SA23_R02.txt,1.275
test,pre100_post200,SA23/F10_SA23_R03.txt,0.865
test,pre100_post200,SA23/F10_SA23_R04.txt,1.24
test,pre100_post200,SA23/F10_SA23_R05.txt,0.87
test,pre100_post200,SA23/F11_SA23_R01.txt,0.98
test,pre100_post200,SA23/F11_SA23_R02.txt,0.975
test,pre100_post200,SA23/F11_SA23_R03.txt,0.975
test,pre100_post200,SA23/F11_SA23_R04.txt,0.97
test,pre100_post200,SA23/F11_SA23_R05.txt,0.985
test,pre100_post200,SA23/F12_SA23_R04.txt,0.225
test,pre100_post200,SA23/F12_SA23_R05.txt,1.63
test,pre100_post200,SA23/F14_SA23_R05.txt,0.87
test,pre100_post200,SA23/F15_SA23_R05.txt,0.86
