trial_index,path,split,activity,label,duration_s,proxy_peak,raw_triggers,raw_trigger_hit,candidates,candidate_hit,alarms,detected,unmatched_or_duplicate_alarms,latency_s,key,design
308,SA03/D01_SA03_R01.txt,train,D01,0,99.995,2906,59,0,59,0,0,0,0,,g00,pre100_post100
309,SA03/D02_SA03_R01.txt,train,D02,0,100.0,10386,56,0,55,0,0,0,0,,g00,pre100_post100
310,SA03/D03_SA03_R01.txt,train,D03,0,100.0,13871,57,0,57,0,0,0,0,,g00,pre100_post100
311,SA03/D04_SA03_R01.txt,train,D04,0,100.0,2409,60,0,59,0,2,0,2,,g00,pre100_post100
312,SA03/D05_SA03_R01.txt,train,D05,0,25.0,3978,12,0,12,0,0,0,0,,g00,pre100_post100
313,SA03/D05_SA03_R02.txt,train,D05,0,25.0,4161,13,0,13,0,0,0,0,,g00,pre100_post100
314,SA03/D05_SA03_R03.txt,train,D05,0,25.0,4027,11,0,11,0,0,0,0,,g00,pre100_post100
315,SA03/D05_SA03_R04.txt,train,D05,0,25.0,2881,12,0,12,0,0,0,0,,g00,pre100_post100
316,SA03/D05_SA03_R05.txt,train,D05,0,25.0,3913,12,0,12,0,0,0,0,,g00,pre100_post100
317,SA03/D06_SA03_R01.txt,train,D06,0,24.995,626,5,0,5,0,2,0,2,,g00,pre100_post100
318,SA03/D06_SA03_R02.txt,train,D06,0,25.0,1365,6,0,6,0,0,0,0,,g00,pre100_post100
319,SA03/D06_SA03_R03.txt,train,D06,0,25.0,1194,6,0,6,0,0,0,0,,g00,pre100_post100
320,SA03/D06_SA03_R04.txt,train,D06,0,25.0,883,6,0,6,0,0,0,0,,g00,pre100_post100
321,SA03/D06_SA03_R05.txt,train,D06,0,25.0,1186,6,0,6,0,0,0,0,,g00,pre100_post100
322,SA03/D07_SA03_R01.txt,train,D07,0,12.0,2139,2,0,2,0,0,0,0,,g00,pre100_post100
323,SA03/D07_SA03_R02.txt,train,D07,0,12.0,1565,2,0,2,0,0,0,0,,g00,pre100_post100
324,SA03/D07_SA03_R03.txt,train,D07,0,12.0,1778,2,0,2,0,0,0,0,,g00,pre100_post100
325,SA03/D07_SA03_R04.txt,train,D07,0,12.0,1773,2,0,2,0,0,0,0,,g00,pre100_post100
326,SA03/D07_SA03_R05.txt,train,D07,0,12.0,1800,2,0,2,0,0,0,0,,g00,pre100_post100
327,SA03/D08_SA03_R01.txt,train,D08,0,12.0,410,2,0,2,0,0,0,0,,g00,pre100_post100
328,SA03/D08_SA03_R02.txt,train,D08,0,12.0,711,2,0,2,0,0,0,0,,g00,pre100_post100
329,SA03/D08_SA03_R03.txt,train,D08,0,12.0,805,2,0,2,0,0,0,0,,g00,pre100_post100
330,SA03/D08_SA03_R04.txt,train,D08,0,12.0,1531,2,0,2,0,0,0,0,,g00,pre100_post100
331,SA03/D08_SA03_R05.txt,train,D08,0,12.0,731,2,0,2,0,0,0,0,,g00,pre100_post100
332,SA03/D09_SA03_R01.txt,train,D09,0,12.0,966,2,0,2,0,0,0,0,,g00,pre100_post100
333,SA03/D09_SA03_R02.txt,train,D09,0,12.0,864,2,0,2,0,0,0,0,,g00,pre100_post100
334,SA03/D09_SA03_R03.txt,train,D09,0,12.0,979,2,0,2,0,0,0,0,,g00,pre100_post100
335,SA03/D09_SA03_R04.txt,train,D09,0,12.0,852,3,0,3,0,0,0,0,,g00,pre100_post100
336,SA03/D09_SA03_R05.txt,train,D09,0,12.0,867,4,0,4,0,0,0,0,,g00,pre100_post100
337,SA03/D10_SA03_R01.txt,train,D10,0,12.0,863,4,0,2,0,0,0,0,,g00,pre100_post100
338,SA03/D10_SA03_R02.txt,train,D10,0,12.0,788,3,0,2,0,0,0,0,,g00,pre100_post100
339,SA03/D10_SA03_R03.txt,train,D10,0,12.0,797,3,0,3,0,0,0,0,,g00,pre100_post100
340,SA03/D10_SA03_R04.txt,train,D10,0,12.0,889,3,0,3,0,0,0,0,,g00,pre100_post100
341,SA03/D10_SA03_R05.txt,train,D10,0,12.0,748,2,0,2,0,0,0,0,,g00,pre100_post100
342,SA03/D11_SA03_R01.txt,train,D11,0,11.995,799,3,0,3,0,1,0,1,,g00,pre100_post100
343,SA03/D11_SA03_R02.txt,train,D11,0,12.0,1044,5,0,4,0,0,0,0,,g00,pre100_post100
344,SA03/D11_SA03_R03.txt,train,D11,0,12.0,1047,7,0,6,0,0,0,0,,g00,pre100_post100
345,SA03/D11_SA03_R04.txt,train,D11,0,11.995,1479,5,0,5,0,0,0,0,,g00,pre100_post100
346,SA03/D11_SA03_R05.txt,train,D11,0,12.0,1166,5,0,5,0,0,0,0,,g00,pre100_post100
347,SA03/D12_SA03_R01.txt,train,D12,0,12.0,1020,2,0,2,0,0,0,0,,g00,pre100_post100
348,SA03/D12_SA03_R02.txt,train,D12,0,12.0,942,3,0,2,0,0,0,0,,g00,pre100_post100
349,SA03/D12_SA03_R03.txt,train,D12,0,12.0,847,2,0,2,0,0,0,0,,g00,pre100_post100
350,SA03/D12_SA03_R04.txt,train,D12,0,12.0,930,2,0,2,0,0,0,0,,g00,pre100_post100
351,SA03/D12_SA03_R05.txt,train,D12,0,12.0,1887,2,0,2,0,0,0,0,,g00,pre100_post100
352,SA03/D13_SA03_R01.txt,train,D13,0,12.0,756,3,0,3,0,0,0,0,,g00,pre100_post100
353,SA03/D13_SA03_R02.txt,train,D13,0,12.0,1092,4,0,3,0,0,0,0,,g00,pre100_post100
354,SA03/D13_SA03_R03.txt,train,D13,0,12.0,956,2,0,2,0,0,0,0,,g00,pre100_post100
355,SA03/D13_SA03_R04.txt,train,D13,0,12.0,745,2,0,2,0,0,0,0,,g00,pre100_post100
356,SA03/D13_SA03_R05.txt,train,D13,0,12.0,752,2,0,2,0,0,0,0,,g00,pre100_post100
357,SA03/D14_SA03_R01.txt,train,D14,0,12.0,1545,2,0,2,0,0,0,0,,g00,pre100_post100
358,SA03/D14_SA03_R02.txt,train,D14,0,12.0,1131,2,0,2,0,0,0,0,,g00,pre100_post100
359,SA03/D14_SA03_R03.txt,train,D14,0,12.0,1706,2,0,2,0,0,0,0,,g00,pre100_post100
360,SA03/D14_SA03_R04.txt,train,D14,0,12.0,782,2,0,2,0,0,0,0,,g00,pre100_post100
361,SA03/D14_SA03_R05.txt,train,D14,0,12.0,993,2,0,2,0,0,0,0,,g00,pre100_post100
362,SA03/D15_SA03_R01.txt,train,D15,0,12.0,1347,2,0,2,0,0,0,0,,g00,pre100_post100
363,SA03/D15_SA03_R02.txt,train,D15,0,12.0,1648,2,0,2,0,0,0,0,,g00,pre100_post100
364,SA03/D15_SA03_R03.txt,train,D15,0,12.0,1451,3,0,3,0,0,0,0,,g00,pre100_post100
365,SA03/D15_SA03_R04.txt,train,D15,0,12.0,1298,3,0,3,0,0,0,0,,g00,pre100_post100
366,SA03/D15_SA03_R05.txt,train,D15,0,12.0,1291,3,0,3,0,0,0,0,,g00,pre100_post100
367,SA03/D16_SA03_R01.txt,train,D16,0,11.995,788,2,0,2,0,0,0,0,,g00,pre100_post100
368,SA03/D16_SA03_R02.txt,train,D16,0,12.0,868,1,0,1,0,0,0,0,,g00,pre100_post100
369,SA03/D16_SA03_R03.txt,train,D16,0,12.0,612,4,0,3,0,0,0,0,,g00,pre100_post100
370,SA03/D16_SA03_R04.txt,train,D16,0,12.0,1753,2,0,2,0,0,0,0,,g00,pre100_post100
371,SA03/D16_SA03_R05.txt,train,D16,0,12.0,1423,2,0,2,0,0,0,0,,g00,pre100_post100
372,SA03/D17_SA03_R01.txt,train,D17,0,24.995,752,6,0,6,0,0,0,0,,g00,pre100_post100
373,SA03/D17_SA03_R02.txt,train,D17,0,25.0,759,4,0,4,0,0,0,0,,g00,pre100_post100
374,SA03/D17_SA03_R03.txt,train,D17,0,25.0,997,6,0,6,0,0,0,0,,g00,pre100_post100
375,SA03/D17_SA03_R04.txt,train,D17,0,25.0,1367,5,0,5,0,0,0,0,,g00,pre100_post100
376,SA03/D17_SA03_R05.txt,train,D17,0,25.0,1311,5,0,4,0,0,0,0,,g00,pre100_post100
377,SA03/D18_SA03_R01.txt,train,D18,0,12.0,578,7,0,7,0,0,0,0,,g00,pre100_post100
378,SA03/D18_SA03_R02.txt,train,D18,0,12.0,779,7,0,7,0,0,0,0,,g00,pre100_post100
379,SA03/D18_SA03_R03.txt,train,D18,0,12.0,1250,7,0,7,0,0,0,0,,g00,pre100_post100
380,SA03/D18_SA03_R04.txt,train,D18,0,12.0,956,7,0,7,0,0,0,0,,g00,pre100_post100
381,SA03/D18_SA03_R05.txt,train,D18,0,12.0,1098,7,0,7,0,0,0,0,,g00,pre100_post100
382,SA03/D19_SA03_R01.txt,train,D19,0,12.0,928,3,0,3,0,1,0,1,,g00,pre100_post100
383,SA03/D19_SA03_R02.txt,train,D19,0,12.0,1103,3,0,3,0,2,0,2,,g00,pre100_post100
384,SA03/D19_SA03_R03.txt,train,D19,0,12.0,1083,2,0,2,0,1,0,1,,g00,pre100_post100
385,SA03/D19_SA03_R04.txt,train,D19,0,12.0,1097,3,0,3,0,2,0,2,,g00,pre100_post100
386,SA03/D19_SA03_R05.txt,train,D19,0,12.0,901,2,0,2,0,2,0,2,,g00,pre100_post100
387,SA03/F01_SA03_R01.txt,train,F01,1,14.995,2278,7,1,6,1,1,1,0,0.155,g00,pre100_post100
388,SA03/F01_SA03_R02.txt,train,F01,1,15.0,2127,7,1,6,1,1,1,0,0.305,g00,pre100_post100
389,SA03/F01_SA03_R03.txt,train,F01,1,15.0,1754,6,1,5,1,1,1,0,0.77,g00,pre100_post100
390,SA03/F01_SA03_R04.txt,train,F01,1,15.0,1887,6,1,5,1,1,1,0,0.145,g00,pre100_post100
391,SA03/F01_SA03_R05.txt,train,F01,1,15.0,1518,5,1,4,1,0,0,0,,g00,pre100_post100
392,SA03/F02_SA03_R01.txt,train,F02,1,15.0,1429,4,1,4,1,0,0,0,,g00,pre100_post100
393,SA03/F02_SA03_R02.txt,train,F02,1,15.0,1307,4,1,4,1,0,0,0,,g00,pre100_post100
394,SA03/F02_SA03_R03.txt,train,F02,1,15.0,1558,5,1,5,1,0,0,0,,g00,pre100_post100
395,SA03/F02_SA03_R04.txt,train,F02,1,15.0,1383,5,1,4,1,1,1,0,0.785,g00,pre100_post100
396,SA03/F02_SA03_R05.txt,train,F02,1,15.0,1420,5,1,5,1,1,1,0,0.805,g00,pre100_post100
397,SA03/F03_SA03_R01.txt,train,F03,1,15.0,1429,5,1,5,1,0,0,0,,g00,pre100_post100
398,SA03/F03_SA03_R02.txt,train,F03,1,15.0,1624,6,1,5,1,0,0,0,,g00,pre100_post100
399,SA03/F03_SA03_R03.txt,train,F03,1,15.0,1493,4,0,4,0,0,0,0,,g00,pre100_post100
400,SA03/F03_SA03_R04.txt,train,F03,1,15.0,1448,4,1,4,1,0,0,0,,g00,pre100_post100
401,SA03/F03_SA03_R05.txt,train,F03,1,15.0,1667,5,1,5,1,0,0,0,,g00,pre100_post100
402,SA03/F04_SA03_R01.txt,train,F04,1,15.0,2302,8,1,8,1,1,1,0,0.815,g00,pre100_post100
403,SA03/F04_SA03_R02.txt,train,F04,1,15.0,2351,7,1,7,1,0,0,0,,g00,pre100_post100
404,SA03/F04_SA03_R03.txt,train,F04,1,15.0,2173,7,1,7,1,1,1,0,0.54,g00,pre100_post100
405,SA03/F04_SA03_R04.txt,train,F04,1,15.0,2233,7,1,7,1,1,1,0,0.425,g00,pre100_post100
406,SA03/F04_SA03_R05.txt,train,F04,1,15.0,2023,6,1,6,1,0,0,0,,g00,pre100_post100
407,SA03/F05_SA03_R01.txt,train,F05,1,15.0,1390,5,1,5,1,0,0,0,,g00,pre100_post100
408,SA03/F05_SA03_R02.txt,train,F05,1,15.0,1423,5,1,4,1,1,1,0,0.94,g00,pre100_post100
409,SA03/F05_SA03_R03.txt,train,F05,1,15.0,1401,5,1,5,1,1,1,0,0.885,g00,pre100_post100
410,SA03/F05_SA03_R04.txt,train,F05,1,15.0,1478,5,1,5,1,1,1,0,0.925,g00,pre100_post100
411,SA03/F05_SA03_R05.txt,train,F05,1,15.0,1294,5,1,5,1,0,0,0,,g00,pre100_post100
412,SA03/F06_SA03_R01.txt,train,F06,1,14.995,2135,7,1,6,1,0,0,0,,g00,pre100_post100
413,SA03/F06_SA03_R02.txt,train,F06,1,15.0,2095,7,1,7,1,1,1,0,0.45,g00,pre100_post100
414,SA03/F06_SA03_R03.txt,train,F06,1,15.0,1993,7,1,6,1,1,1,0,0.83,g00,pre100_post100
415,SA03/F06_SA03_R04.txt,train,F06,1,15.0,1977,6,1,6,1,0,0,0,,g00,pre100_post100
416,SA03/F06_SA03_R05.txt,train,F06,1,15.0,1985,6,1,5,1,0,0,0,,g00,pre100_post100
417,SA03/F07_SA03_R01.txt,train,F07,1,15.0,1965,6,1,6,1,1,1,0,0.44,g00,pre100_post100
418,SA03/F07_SA03_R02.txt,train,F07,1,15.0,1758,6,1,6,1,1,1,0,0.71,g00,pre100_post100
419,SA03/F07_SA03_R03.txt,train,F07,1,15.0,1838,6,1,6,1,1,1,0,0.41,g00,pre100_post100
420,SA03/F07_SA03_R04.txt,train,F07,1,15.0,1849,6,1,5,1,0,0,0,,g00,pre100_post100
421,SA03/F07_SA03_R05.txt,train,F07,1,15.0,1202,5,1,4,1,0,0,0,,g00,pre100_post100
422,SA03/F08_SA03_R01.txt,train,F08,1,14.995,1601,2,1,2,1,1,1,0,0.495,g00,pre100_post100
423,SA03/F08_SA03_R02.txt,train,F08,1,15.0,1220,2,1,2,1,1,1,0,0.97,g00,pre100_post100
424,SA03/F08_SA03_R03.txt,train,F08,1,15.0,1232,2,1,2,1,1,1,0,0.895,g00,pre100_post100
425,SA03/F08_SA03_R04.txt,train,F08,1,15.0,1294,2,1,2,1,1,1,0,1.1,g00,pre100_post100
426,SA03/F08_SA03_R05.txt,train,F08,1,15.0,1438,1,1,1,1,0,0,0,,g00,pre100_post100
427,SA03/F09_SA03_R01.txt,train,F09,1,14.995,1073,4,1,3,1,1,1,0,0.44,g00,pre100_post100
428,SA03/F09_SA03_R02.txt,train,F09,1,15.0,1180,2,1,2,1,1,1,0,0.485,g00,pre100_post100
429,SA03/F09_SA03_R03.txt,train,F09,1,15.0,1266,2,1,2,1,1,1,0,0.46,g00,pre100_post100
430,SA03/F09_SA03_R04.txt,train,F09,1,15.0,831,2,1,2,1,1,1,0,0.925,g00,pre100_post100
431,SA03/F09_SA03_R05.txt,train,F09,1,15.0,1121,2,1,2,1,1,1,0,0.465,g00,pre100_post100
432,SA03/F10_SA03_R01.txt,train,F10,1,15.0,1090,3,1,2,1,0,0,0,,g00,pre100_post100
433,SA03/F10_SA03_R02.txt,train,F10,1,15.0,1749,3,1,3,1,0,0,0,,g00,pre100_post100
434,SA03/F10_SA03_R03.txt,train,F10,1,15.0,1388,2,1,2,1,1,1,0,0.94,g00,pre100_post100
435,SA03/F10_SA03_R04.txt,train,F10,1,15.0,1968,3,1,3,1,0,0,0,,g00,pre100_post100
436,SA03/F10_SA03_R05.txt,train,F10,1,15.0,1653,2,1,2,1,1,1,0,0.92,g00,pre100_post100
437,SA03/F11_SA03_R01.txt,train,F11,1,14.995,1099,1,1,1,1,1,1,0,0.425,g00,pre100_post100
438,SA03/F11_SA03_R02.txt,train,F11,1,15.0,1242,1,1,1,1,0,0,0,,g00,pre100_post100
439,SA03/F11_SA03_R03.txt,train,F11,1,15.0,1382,1,1,1,1,0,0,0,,g00,pre100_post100
440,SA03/F11_SA03_R04.txt,train,F11,1,15.0,1338,1,1,1,1,0,0,0,,g00,pre100_post100
441,SA03/F11_SA03_R05.txt,train,F11,1,15.0,1031,2,1,2,1,0,0,0,,g00,pre100_post100
442,SA03/F12_SA03_R01.txt,train,F12,1,15.0,1075,2,1,2,1,1,1,0,0.465,g00,pre100_post100
443,SA03/F12_SA03_R02.txt,train,F12,1,15.0,1521,1,1,1,1,0,0,0,,g00,pre100_post100
444,SA03/F12_SA03_R03.txt,train,F12,1,15.0,1383,3,1,3,1,1,1,0,0.445,g00,pre100_post100
445,SA03/F12_SA03_R04.txt,train,F12,1,15.0,1073,2,1,2,1,0,0,0,,g00,pre100_post100
446,SA03/F12_SA03_R05.txt,train,F12,1,15.0,1090,2,1,2,1,0,0,0,,g00,pre100_post100
447,SA03/F13_SA03_R01.txt,train,F13,1,15.0,1995,2,1,2,1,1,1,0,0.33,g00,pre100_post100
448,SA03/F13_SA03_R02.txt,train,F13,1,15.0,1102,1,1,1,1,1,1,0,0.13,g00,pre100_post100
449,SA03/F13_SA03_R03.txt,train,F13,1,15.0,1389,1,1,1,1,1,1,0,0.035,g00,pre100_post100
450,SA03/F13_SA03_R04.txt,train,F13,1,15.0,1084,1,1,1,1,0,0,0,,g00,pre100_post100
451,SA03/F13_SA03_R05.txt,train,F13,1,15.0,1215,1,1,1,1,0,0,0,,g00,pre100_post100
452,SA03/F14_SA03_R01.txt,train,F14,1,15.0,1129,1,1,1,1,0,0,0,,g00,pre100_post100
453,SA03/F14_SA03_R02.txt,train,F14,1,15.0,1148,1,1,1,1,0,0,0,,g00,pre100_post100
454,SA03/F14_SA03_R03.txt,train,F14,1,15.0,1051,3,1,2,1,1,1,0,0.475,g00,pre100_post100
455,SA03/F14_SA03_R04.txt,train,F14,1,15.0,1092,3,1,2,1,1,1,0,0.475,g00,pre100_post100
456,SA03/F14_SA03_R05.txt,train,F14,1,15.0,971,3,1,2,1,0,0,0,,g00,pre100_post100
457,SA03/F15_SA03_R01.txt,train,F15,1,15.0,844,1,1,1,1,1,1,0,0.455,g00,pre100_post100
458,SA03/F15_SA03_R02.txt,train,F15,1,15.0,1131,1,1,1,1,1,1,0,0.39,g00,pre100_post100
459,SA03/F15_SA03_R03.txt,train,F15,1,15.0,1750,2,1,1,1,1,1,0,0.305,g00,pre100_post100
460,SA03/F15_SA03_R04.txt,train,F15,1,15.0,1264,3,1,2,1,1,1,0,0.465,g00,pre100_post100
461,SA03/F15_SA03_R05.txt,train,F15,1,15.0,1387,1,1,1,1,0,0,0,,g00,pre100_post100
462,SA04/D01_SA04_R01.txt,train,D01,0,99.995,16338,54,0,54,0,0,0,0,,g00,pre100_post100
463,SA04/D02_SA04_R01.txt,train,D02,0,100.0,5717,62,0,62,0,0,0,0,,g00,pre100_post100
464,SA04/D03_SA04_R01.txt,train,D03,0,100.0,18016,64,0,62,0,0,0,0,,g00,pre100_post100
465,SA04/D04_SA04_R01.txt,train,D04,0,100.0,19090,62,0,61,0,5,0,5,,g00,pre100_post100
466,SA04/D05_SA04_R01.txt,train,D05,0,25.0,3575,10,0,10,0,0,0,0,,g00,pre100_post100
467,SA04/D05_SA04_R02.txt,train,D05,0,25.0,1032,11,0,11,0,0,0,0,,g00,pre100_post100
468,SA04/D05_SA04_R03.txt,train,D05,0,25.0,2284,11,0,11,0,0,0,0,,g00,pre100_post100
469,SA04/D05_SA04_R04.txt,train,D05,0,25.0,3555,11,0,11,0,0,0,0,,g00,pre100_post100
470,SA04/D05_SA04_R05.txt,train,D05,0,25.0,4112,12,0,12,0,0,0,0,,g00,pre100_post100
471,SA04/D06_SA04_R01.txt,train,D06,0,24.995,1965,7,0,7,0,0,0,0,,g00,pre100_post100
472,SA04/D06_SA04_R02.txt,train,D06,0,25.0,2106,8,0,8,0,0,0,0,,g00,pre100_post100
473,SA04/D06_SA04_R03.txt,train,D06,0,25.0,1199,5,0,5,0,1,0,1,,g00,pre100_post100
474,SA04/D06_SA04_R04.txt,train,D06,0,25.0,1285,6,0,6,0,1,0,1,,g00,pre100_post100
475,SA04/D06_SA04_R05.txt,train,D06,0,25.0,515,6,0,6,0,0,0,0,,g00,pre100_post100
476,SA04/D07_SA04_R01.txt,train,D07,0,12.0,599,2,0,2,0,0,0,0,,g00,pre100_post100
477,SA04/D07_SA04_R02.txt,train,D07,0,12.0,871,3,0,3,0,0,0,0,,g00,pre100_post100
478,SA04/D07_SA04_R03.txt,train,D07,0,12.0,599,2,0,2,0,0,0,0,,g00,pre100_post100
479,SA04/D07_SA04_R04.txt,train,D07,0,12.0,1445,4,0,4,0,0,0,0,,g00,pre100_post100
480,SA04/D07_SA04_R05.txt,train,D07,0,12.0,761,2,0,2,0,0,0,0,,g00,pre100_post100
481,SA04/D08_SA04_R01.txt,train,D08,0,12.0,681,2,0,2,0,0,0,0,,g00,pre100_post100
482,SA04/D08_SA04_R02.txt,train,D08,0,12.0,493,2,0,2,0,0,0,0,,g00,pre100_post100
483,SA04/D08_SA04_R03.txt,train,D08,0,12.0,651,2,0,2,0,0,0,0,,g00,pre100_post100
484,SA04/D08_SA04_R04.txt,train,D08,0,12.0,1159,2,0,2,0,0,0,0,,g00,pre100_post100
485,SA04/D08_SA04_R05.txt,train,D08,0,12.0,742,2,0,2,0,0,0,0,,g00,pre100_post100
486,SA04/D09_SA04_R01.txt,train,D09,0,12.0,1345,3,0,2,0,0,0,0,,g00,pre100_post100
487,SA04/D09_SA04_R02.txt,train,D09,0,12.0,958,3,0,3,0,0,0,0,,g00,pre100_post100
488,SA04/D09_SA04_R03.txt,train,D09,0,12.0,1035,2,0,2,0,0,0,0,,g00,pre100_post100
489,SA04/D09_SA04_R04.txt,train,D09,0,12.0,1665,2,0,2,0,0,0,0,,g00,pre100_post100
490,SA04/D09_SA04_R05.txt,train,D09,0,12.0,597,3,0,3,0,0,0,0,,g00,pre100_post100
491,SA04/D10_SA04_R01.txt,train,D10,0,12.0,641,3,0,3,0,0,0,0,,g00,pre100_post100
492,SA04/D10_SA04_R02.txt,train,D10,0,12.0,916,3,0,3,0,0,0,0,,g00,pre100_post100
493,SA04/D10_SA04_R03.txt,train,D10,0,12.0,916,2,0,2,0,0,0,0,,g00,pre100_post100
494,SA04/D10_SA04_R04.txt,train,D10,0,12.0,857,2,0,2,0,0,0,0,,g00,pre100_post100
495,SA04/D10_SA04_R05.txt,train,D10,0,12.0,613,2,0,2,0,0,0,0,,g00,pre100_post100
496,SA04/D11_SA04_R01.txt,train,D11,0,12.0,944,2,0,2,0,0,0,0,,g00,pre100_post100
497,SA04/D11_SA04_R02.txt,train,D11,0,12.0,1087,1,0,1,0,0,0,0,,g00,pre100_post100
498,SA04/D11_SA04_R03.txt,train,D11,0,12.0,967,1,0,1,0,0,0,0,,g00,pre100_post100
499,SA04/D11_SA04_R04.txt,train,D11,0,12.0,1142,1,0,1,0,0,0,0,,g00,pre100_post100
500,SA04/D11_SA04_R05.txt,train,D11,0,12.0,746,1,0,1,0,0,0,0,,g00,pre100_post100
501,SA04/D12_SA04_R01.txt,train,D12,0,12.0,835,2,0,2,0,0,0,0,,g00,pre100_post100
502,SA04/D12_SA04_R02.txt,train,D12,0,12.0,1768,3,0,3,0,0,0,0,,g00,pre100_post100
503,SA04/D12_SA04_R03.txt,train,D12,0,12.0,1594,2,0,2,0,0,0,0,,g00,pre100_post100
504,SA04/D12_SA04_R04.txt,train,D12,0,12.0,1951,0,0,0,0,0,0,0,,g00,pre100_post100
505,SA04/D12_SA04_R05.txt,train,D12,0,12.0,1981,1,0,1,0,0,0,0,,g00,pre100_post100
506,SA04/D13_SA04_R01.txt,train,D13,0,12.0,542,2,0,2,0,0,0,0,,g00,pre100_post100
507,SA04/D13_SA04_R02.txt,train,D13,0,12.0,1393,2,0,2,0,0,0,0,,g00,pre100_post100
508,SA04/D13_SA04_R03.txt,train,D13,0,12.0,842,1,0,1,0,0,0,0,,g00,pre100_post100
509,SA04/D13_SA04_R04.txt,train,D13,0,12.0,720,2,0,2,0,0,0,0,,g00,pre100_post100
510,SA04/D13_SA04_R05.txt,train,D13,0,12.0,830,2,0,2,0,0,0,0,,g00,pre100_post100
511,SA04/D14_SA04_R01.txt,train,D14,0,12.0,756,1,0,1,0,0,0,0,,g00,pre100_post100
512,SA04/D14_SA04_R02.txt,train,D14,0,12.0,1019,1,0,1,0,0,0,0,,g00,pre100_post100
513,SA04/D14_SA04_R03.txt,train,D14,0,12.0,1120,1,0,1,0,0,0,0,,g00,pre100_post100
514,SA04/D14_SA04_R04.txt,train,D14,0,12.0,701,2,0,2,0,0,0,0,,g00,pre100_post100
515,SA04/D14_SA04_R05.txt,train,D14,0,12.0,1035,1,0,1,0,0,0,0,,g00,pre100_post100
516,SA04/D15_SA04_R01.txt,train,D15,0,12.0,732,2,0,2,0,0,0,0,,g00,pre100_post100
517,SA04/D15_SA04_R02.txt,train,D15,0,12.0,1555,3,0,3,0,0,0,0,,g00,pre100_post100
518,SA04/D15_SA04_R03.txt,train,D15,0,12.0,1180,2,0,2,0,0,0,0,,g00,pre100_post100
519,SA04/D15_SA04_R04.txt,train,D15,0,12.0,1459,2,0,2,0,0,0,0,,g00,pre100_post100
520,SA04/D15_SA04_R05.txt,train,D15,0,12.0,678,3,0,3,0,0,0,0,,g00,pre100_post100
521,SA04/D16_SA04_R01.txt,train,D16,0,11.995,1004,2,0,2,0,0,0,0,,g00,pre100_post100
522,SA04/D16_SA04_R02.txt,train,D16,0,12.0,1667,4,0,4,0,0,0,0,,g00,pre100_post100
523,SA04/D16_SA04_R03.txt,train,D16,0,12.0,1437,2,0,2,0,0,0,0,,g00,pre100_post100
524,SA04/D16_SA04_R04.txt,train,D16,0,12.0,1101,2,0,2,0,0,0,0,,g00,pre100_post100
525,SA04/D16_SA04_R05.txt,train,D16,0,12.0,1194,2,0,2,0,0,0,0,,g00,pre100_post100
526,SA04/D17_SA04_R01.txt,train,D17,0,24.995,1163,3,0,3,0,0,0,0,,g00,pre100_post100
527,SA04/D17_SA04_R02.txt,train,D17,0,25.0,4214,4,0,4,0,0,0,0,,g00,pre100_post100
528,SA04/D17_SA04_R03.txt,train,D17,0,25.0,2186,4,0,4,0,0,0,0,,g00,pre100_post100
529,SA04/D17_SA04_R04.txt,train,D17,0,25.0,4175,3,0,3,0,0,0,0,,g00,pre100_post100
530,SA04/D17_SA04_R05.txt,train,D17,0,25.0,3779,3,0,3,0,0,0,0,,g00,pre100_post100
531,SA04/D18_SA04_R01.txt,train,D18,0,12.0,772,7,0,6,0,0,0,0,,g00,pre100_post100
532,SA04/D18_SA04_R02.txt,train,D18,0,12.0,1125,7,0,7,0,0,0,0,,g00,pre100_post100
533,SA04/D18_SA04_R03.txt,train,D18,0,12.0,1195,7,0,7,0,0,0,0,,g00,pre100_post100
534,SA04/D18_SA04_R04.txt,train,D18,0,12.0,1341,6,0,6,0,0,0,0,,g00,pre100_post100
535,SA04/D18_SA04_R05.txt,train,D18,0,12.0,1098,6,0,6,0,0,0,0,,g00,pre100_post100
536,SA04/D19_SA04_R01.txt,train,D19,0,12.0,1493,3,0,3,0,0,0,0,,g00,pre100_post100
537,SA04/D19_SA04_R02.txt,train,D19,0,12.0,726,4,0,4,0,0,0,0,,g00,pre100_post100
538,SA04/D19_SA04_R03.txt,train,D19,0,12.0,1346,2,0,2,0,0,0,0,,g00,pre100_post100
539,SA04/D19_SA04_R04.txt,train,D19,0,12.0,793,2,0,2,0,0,0,0,,g00,pre100_post100
540,SA04/D19_SA04_R05.txt,train,D19,0,12.0,1701,2,0,2,0,0,0,0,,g00,pre100_post100
541,SA04/F01_SA04_R01.txt,train,F01,1,14.995,2203,6,1,6,1,1,1,0,0.175,g00,pre100_post100
542,SA04/F01_SA04_R02.txt,train,F01,1,15.0,1996,7,1,7,1,1,1,0,0.325,g00,pre100_post100
543,SA04/F01_SA04_R03.txt,train,F01,1,15.0,1913,6,1,6,1,1,1,0,0.375,g00,pre100_post100
544,SA04/F01_SA04_R04.txt,train,F01,1,15.0,1919,6,1,6,1,1,1,0,0.77,g00,pre100_post100
545,SA04/F01_SA04_R05.txt,train,F01,1,15.0,1991,6,1,6,1,1,1,0,0.32,g00,pre100_post100
546,SA04/F02_SA04_R01.txt,train,F02,1,15.0,1401,4,1,4,1,1,1,0,0.485,g00,pre100_post100
547,SA04/F02_SA04_R02.txt,train,F02,1,15.0,1637,5,1,5,1,1,1,0,1.125,g00,pre100_post100
548,SA04/F02_SA04_R03.txt,train,F02,1,15.0,1536,5,1,5,1,1,1,0,0.72,g00,pre100_post100
549,SA04/F02_SA04_R04.txt,train,F02,1,15.0,1238,4,1,4,1,1,1,0,0.7,g00,pre100_post100
550,SA04/F02_SA04_R05.txt,train,F02,1,15.0,1516,5,1,5,1,1,1,0,0.185,g00,pre100_post100
551,SA04/F03_SA04_R01.txt,train,F03,1,15.0,1363,5,1,5,1,1,1,0,0.245,g00,pre100_post100
552,SA04/F03_SA04_R02.txt,train,F03,1,15.0,1181,4,1,4,1,1,1,0,1.375,g00,pre100_post100
553,SA04/F03_SA04_R03.txt,train,F03,1,15.0,1410,4,1,4,1,1,1,0,0.505,g00,pre100_post100
554,SA04/F03_SA04_R04.txt,train,F03,1,15.0,1520,5,1,5,1,1,1,0,0.775,g00,pre100_post100
555,SA04/F03_SA04_R05.txt,train,F03,1,15.0,1473,5,1,5,1,1,1,0,1.1,g00,pre100_post100
556,SA04/F04_SA04_R01.txt,train,F04,1,15.0,1886,5,1,5,1,1,1,0,-0.175,g00,pre100_post100
557,SA04/F04_SA04_R02.txt,train,F04,1,15.0,1820,5,1,5,1,1,1,0,0.455,g00,pre100_post100
558,SA04/F04_SA04_R03.txt,train,F04,1,15.0,1952,6,1,6,1,1,1,0,0.47,g00,pre100_post100
559,SA04/F04_SA04_R04.txt,train,F04,1,15.0,1853,5,1,5,1,0,0,0,,g00,pre100_post100
560,SA04/F04_SA04_R05.txt,train,F04,1,15.0,1893,6,1,6,1,1,1,0,0.79,g00,pre100_post100
561,SA04/F05_SA04_R01.txt,train,F05,1,15.0,1197,4,1,3,1,0,0,0,,g00,pre100_post100
562,SA04/F05_SA04_R02.txt,train,F05,1,15.0,1141,4,1,4,1,1,1,0,0.785,g00,pre100_post100
563,SA04/F05_SA04_R03.txt,train,F05,1,15.0,1196,4,1,4,1,1,1,0,0.76,g00,pre100_post100
564,SA04/F05_SA04_R04.txt,train,F05,1,15.0,975,3,1,3,1,1,1,0,0.23,g00,pre100_post100
565,SA04/F05_SA04_R05.txt,train,F05,1,15.0,1093,4,1,4,1,1,1,0,1.08,g00,pre100_post100
566,SA04/F06_SA04_R01.txt,train,F06,1,14.995,1719,6,1,5,1,1,1,0,0.905,g00,pre100_post100
567,SA04/F06_SA04_R02.txt,train,F06,1,15.0,1879,6,1,6,1,1,1,0,0.765,g00,pre100_post100
568,SA04/F06_SA04_R03.txt,train,F06,1,15.0,1995,6,1,6,1,1,1,0,0.5,g00,pre100_post100
569,SA04/F06_SA04_R04.txt,train,F06,1,15.0,1902,6,1,6,1,1,1,0,0.685,g00,pre100_post100
570,SA04/F06_SA04_R05.txt,train,F06,1,15.0,1931,6,1,6,1,1,1,0,1.0,g00,pre100_post100
571,SA04/F07_SA04_R01.txt,train,F07,1,15.0,1583,5,1,5,1,0,0,0,,g00,pre100_post100
572,SA04/F07_SA04_R02.txt,train,F07,1,14.995,1413,4,1,4,1,2,1,1,0.475,g00,pre100_post100
573,SA04/F07_SA04_R03.txt,train,F07,1,15.0,1338,5,1,4,1,1,1,0,0.44,g00,pre100_post100
574,SA04/F07_SA04_R04.txt,train,F07,1,15.0,1170,4,1,4,1,0,0,0,,g00,pre100_post100
575,SA04/F07_SA04_R05.txt,train,F07,1,15.0,1603,5,1,5,1,2,1,1,0.49,g00,pre100_post100
576,SA04/F08_SA04_R01.txt,train,F08,1,15.0,987,2,1,2,1,1,1,0,0.785,g00,pre100_post100
577,SA04/F08_SA04_R02.txt,train,F08,1,15.0,933,2,1,2,1,1,1,0,0.85,g00,pre100_post100
578,SA04/F08_SA04_R03.txt,train,F08,1,15.0,988,2,1,2,1,1,1,0,1.22,g00,pre100_post100
579,SA04/F08_SA04_R04.txt,train,F08,1,15.0,820,2,1,2,1,1,1,0,0.895,g00,pre100_post100
580,SA04/F08_SA04_R05.txt,train,F08,1,15.0,720,2,1,2,1,1,1,0,0.83,g00,pre100_post100
581,SA04/F09_SA04_R01.txt,train,F09,1,15.0,929,2,1,2,1,1,1,0,0.69,g00,pre100_post100
582,SA04/F09_SA04_R02.txt,train,F09,1,15.0,1729,2,1,2,1,1,1,0,0.695,g00,pre100_post100
583,SA04/F09_SA04_R03.txt,train,F09,1,15.0,1331,2,1,2,1,1,1,0,0.87,g00,pre100_post100
584,SA04/F09_SA04_R04.txt,train,F09,1,15.0,1507,2,1,2,1,1,1,0,0.87,g00,pre100_post100
585,SA04/F09_SA04_R05.txt,train,F09,1,15.0,1549,2,1,2,1,1,1,0,0.7,g00,pre100_post100
586,SA04/F10_SA04_R01.txt,train,F10,1,15.0,1152,2,1,2,1,1,1,0,0.865,g00,pre100_post100
587,SA04/F10_SA04_R02.txt,train,F10,1,15.0,1550,2,1,2,1,1,1,0,0.5,g00,pre100_post100
588,SA04/F10_SA04_R03.txt,train,F10,1,15.0,1699,2,1,2,1,1,1,0,0.44,g00,pre100_post100
589,SA04/F10_SA04_R04.txt,train,F10,1,15.0,1961,2,1,2,1,1,1,0,0.175,g00,pre100_post100
590,SA04/F10_SA04_R05.txt,train,F10,1,15.0,1865,2,1,2,1,1,1,0,0.18,g00,pre100_post100
591,SA04/F11_SA04_R01.txt,train,F11,1,14.995,1185,1,1,1,1,1,1,0,0.445,g00,pre100_post100
592,SA04/F11_SA04_R02.txt,train,F11,1,15.0,996,1,1,1,1,1,1,0,0.47,g00,pre100_post100
593,SA04/F11_SA04_R03.txt,train,F11,1,15.0,1148,2,1,2,1,0,0,0,,g00,pre100_post100
594,SA04/F11_SA04_R04.txt,train,F11,1,15.0,992,2,1,2,1,1,1,0,0.695,g00,pre100_post100
595,SA04/F11_SA04_R05.txt,train,F11,1,15.0,927,2,1,2,1,1,1,0,0.3,g00,pre100_post100
596,SA04/F12_SA04_R01.txt,train,F12,1,15.0,931,2,1,2,1,1,1,0,0.49,g00,pre100_post100
597,SA04/F12_SA04_R02.txt,train,F12,1,15.0,904,2,1,2,1,1,1,0,0.885,g00,pre100_post100
598,SA04/F12_SA04_R03.txt,train,F12,1,15.0,928,1,1,1,1,1,1,0,0.415,g00,pre100_post100
599,SA04/F12_SA04_R04.txt,train,F12,1,15.0,975,2,1,2,1,0,0,0,,g00,pre100_post100
600,SA04/F12_SA04_R05.txt,train,F12,1,15.0,939,2,1,2,1,1,1,0,0.89,g00,pre100_post100
601,SA04/F13_SA04_R01.txt,train,F13,1,15.0,1190,1,1,1,1,0,0,0,,g00,pre100_post100
602,SA04/F13_SA04_R02.txt,train,F13,1,15.0,1101,2,1,2,1,1,1,0,0.76,g00,pre100_post100
603,SA04/F13_SA04_R03.txt,train,F13,1,15.0,1047,4,1,4,1,0,0,0,,g00,pre100_post100
604,SA04/F13_SA04_R04.txt,train,F13,1,15.0,907,2,1,2,1,0,0,0,,g00,pre100_post100
605,SA04/F13_SA04_R05.txt,train,F13,1,15.0,930,2,1,2,1,0,0,0,,g00,pre100_post100
606,SA04/F14_SA04_R01.txt,train,F14,1,15.0,661,1,1,1,1,1,1,0,0.47,g00,pre100_post100
607,SA04/F14_SA04_R02.txt,train,F14,1,15.0,870,1,1,1,1,1,1,0,0.5,g00,pre100_post100
608,SA04/F14_SA04_R03.txt,train,F14,1,15.0,577,1,1,1,1,1,1,0,0.435,g00,pre100_post100
609,SA04/F14_SA04_R04.txt,train,F14,1,15.0,714,1,1,1,1,1,1,0,0.48,g00,pre100_post100
610,SA04/F14_SA04_R05.txt,train,F14,1,15.0,994,1,1,1,1,1,1,0,0.495,g00,pre100_post100
611,SA04/F15_SA04_R01.txt,train,F15,1,15.0,663,2,1,2,1,1,1,0,0.395,g00,pre100_post100
612,SA04/F15_SA04_R02.txt,train,F15,1,15.0,1174,1,1,1,1,1,1,0,0.43,g00,pre100_post100
613,SA04/F15_SA04_R03.txt,train,F15,1,15.0,1048,1,1,1,1,0,0,0,,g00,pre100_post100
614,SA04/F15_SA04_R04.txt,train,F15,1,15.0,1153,1,1,1,1,0,0,0,,g00,pre100_post100
615,SA04/F15_SA04_R05.txt,train,F15,1,15.0,922,1,1,1,1,1,1,0,0.46,g00,pre100_post100
924,SA07/D01_SA07_R01.txt,train,D01,0,99.995,6091,56,0,55,0,0,0,0,,g00,pre100_post100
925,SA07/D02_SA07_R01.txt,train,D02,0,100.0,3863,57,0,56,0,0,0,0,,g00,pre100_post100
926,SA07/D03_SA07_R01.txt,train,D03,0,100.0,11197,62,0,60,0,0,0,0,,g00,pre100_post100
927,SA07/D04_SA07_R01.txt,train,D04,0,99.995,13327,62,0,61,0,41,0,41,,g00,pre100_post100
928,SA07/D05_SA07_R01.txt,train,D05,0,25.0,3281,10,0,10,0,0,0,0,,g00,pre100_post100
929,SA07/D05_SA07_R02.txt,train,D05,0,25.0,4669,12,0,12,0,0,0,0,,g00,pre100_post100
930,SA07/D05_SA07_R03.txt,train,D05,0,24.995,3047,10,0,10,0,0,0,0,,g00,pre100_post100
931,SA07/D05_SA07_R04.txt,train,D05,0,25.0,3430,12,0,12,0,0,0,0,,g00,pre100_post100
932,SA07/D05_SA07_R05.txt,train,D05,0,24.995,1609,10,0,10,0,0,0,0,,g00,pre100_post100
933,SA07/D06_SA07_R01.txt,train,D06,0,25.0,2667,7,0,7,0,0,0,0,,g00,pre100_post100
934,SA07/D06_SA07_R02.txt,train,D06,0,25.0,2965,6,0,6,0,0,0,0,,g00,pre100_post100
935,SA07/D06_SA07_R03.txt,train,D06,0,25.0,2713,8,0,8,0,0,0,0,,g00,pre100_post100
936,SA07/D06_SA07_R04.txt,train,D06,0,25.0,3240,7,0,7,0,0,0,0,,g00,pre100_post100
937,SA07/D06_SA07_R05.txt,train,D06,0,25.0,3077,6,0,6,0,0,0,0,,g00,pre100_post100
938,SA07/D07_SA07_R01.txt,train,D07,0,12.0,1539,2,0,2,0,0,0,0,,g00,pre100_post100
939,SA07/D07_SA07_R02.txt,train,D07,0,12.0,1366,2,0,2,0,0,0,0,,g00,pre100_post100
940,SA07/D07_SA07_R03.txt,train,D07,0,12.0,1823,2,0,2,0,0,0,0,,g00,pre100_post100
941,SA07/D07_SA07_R04.txt,train,D07,0,12.0,1603,2,0,2,0,0,0,0,,g00,pre100_post100
942,SA07/D07_SA07_R05.txt,train,D07,0,12.0,971,2,0,2,0,0,0,0,,g00,pre100_post100
943,SA07/D08_SA07_R01.txt,train,D08,0,12.0,714,2,0,2,0,0,0,0,,g00,pre100_post100
944,SA07/D08_SA07_R02.txt,train,D08,0,12.0,828,2,0,2,0,0,0,0,,g00,pre100_post100
945,SA07/D08_SA07_R03.txt,train,D08,0,12.0,591,2,0,2,0,0,0,0,,g00,pre100_post100
946,SA07/D08_SA07_R04.txt,train,D08,0,12.0,552,2,0,2,0,0,0,0,,g00,pre100_post100
947,SA07/D08_SA07_R05.txt,train,D08,0,12.0,540,2,0,2,0,0,0,0,,g00,pre100_post100
948,SA07/D09_SA07_R01.txt,train,D09,0,12.0,1549,2,0,2,0,0,0,0,,g00,pre100_post100
949,SA07/D09_SA07_R02.txt,train,D09,0,12.0,809,2,0,2,0,0,0,0,,g00,pre100_post100
950,SA07/D09_SA07_R03.txt,train,D09,0,12.0,1668,2,0,2,0,0,0,0,,g00,pre100_post100
951,SA07/D09_SA07_R04.txt,train,D09,0,12.0,1846,2,0,2,0,0,0,0,,g00,pre100_post100
952,SA07/D09_SA07_R05.txt,train,D09,0,12.0,1449,2,0,2,0,0,0,0,,g00,pre100_post100
953,SA07/D10_SA07_R01.txt,train,D10,0,12.0,700,2,0,2,0,0,0,0,,g00,pre100_post100
954,SA07/D10_SA07_R02.txt,train,D10,0,12.0,622,2,0,2,0,0,0,0,,g00,pre100_post100
955,SA07/D10_SA07_R03.txt,train,D10,0,12.0,514,2,0,2,0,0,0,0,,g00,pre100_post100
956,SA07/D10_SA07_R04.txt,train,D10,0,12.0,489,2,0,2,0,0,0,0,,g00,pre100_post100
957,SA07/D10_SA07_R05.txt,train,D10,0,12.0,548,2,0,2,0,0,0,0,,g00,pre100_post100
958,SA07/D11_SA07_R01.txt,train,D11,0,11.995,1138,1,0,1,0,0,0,0,,g00,pre100_post100
959,SA07/D11_SA07_R02.txt,train,D11,0,12.0,1013,1,0,1,0,0,0,0,,g00,pre100_post100
960,SA07/D11_SA07_R03.txt,train,D11,0,12.0,1246,1,0,1,0,0,0,0,,g00,pre100_post100
961,SA07/D11_SA07_R04.txt,train,D11,0,12.0,1338,1,0,1,0,0,0,0,,g00,pre100_post100
962,SA07/D11_SA07_R05.txt,train,D11,0,12.0,1721,1,0,1,0,0,0,0,,g00,pre100_post100
963,SA07/D12_SA07_R01.txt,train,D12,0,12.0,1518,0,0,0,0,0,0,0,,g00,pre100_post100
964,SA07/D12_SA07_R02.txt,train,D12,0,12.0,1567,0,0,0,0,0,0,0,,g00,pre100_post100
965,SA07/D12_SA07_R03.txt,train,D12,0,12.0,909,0,0,0,0,0,0,0,,g00,pre100_post100
966,SA07/D12_SA07_R04.txt,train,D12,0,12.0,1465,0,0,0,0,0,0,0,,g00,pre100_post100
967,SA07/D12_SA07_R05.txt,train,D12,0,12.0,1127,0,0,0,0,0,0,0,,g00,pre100_post100
968,SA07/D13_SA07_R01.txt,train,D13,0,12.0,737,1,0,1,0,0,0,0,,g00,pre100_post100
969,SA07/D13_SA07_R02.txt,train,D13,0,12.0,900,2,0,2,0,0,0,0,,g00,pre100_post100
970,SA07/D13_SA07_R03.txt,train,D13,0,12.0,895,1,0,1,0,0,0,0,,g00,pre100_post100
971,SA07/D13_SA07_R04.txt,train,D13,0,12.0,657,1,0,1,0,0,0,0,,g00,pre100_post100
972,SA07/D13_SA07_R05.txt,train,D13,0,12.0,581,2,0,2,0,0,0,0,,g00,pre100_post100
973,SA07/D14_SA07_R01.txt,train,D14,0,12.0,1054,0,0,0,0,0,0,0,,g00,pre100_post100
974,SA07/D14_SA07_R02.txt,train,D14,0,12.0,1039,0,0,0,0,0,0,0,,g00,pre100_post100
975,SA07/D14_SA07_R03.txt,train,D14,0,12.0,1182,0,0,0,0,0,0,0,,g00,pre100_post100
976,SA07/D14_SA07_R04.txt,train,D14,0,12.0,1192,0,0,0,0,0,0,0,,g00,pre100_post100
977,SA07/D14_SA07_R05.txt,train,D14,0,12.0,919,0,0,0,0,0,0,0,,g00,pre100_post100
978,SA07/D15_SA07_R01.txt,train,D15,0,11.995,671,2,0,2,0,0,0,0,,g00,pre100_post100
979,SA07/D15_SA07_R02.txt,train,D15,0,12.0,666,2,0,2,0,0,0,0,,g00,pre100_post100
980,SA07/D15_SA07_R03.txt,train,D15,0,12.0,1795,0,0,0,0,0,0,0,,g00,pre100_post100
981,SA07/D15_SA07_R04.txt,train,D15,0,12.0,807,2,0,2,0,0,0,0,,g00,pre100_post100
982,SA07/D15_SA07_R05.txt,train,D15,0,12.0,2213,2,0,2,0,0,0,0,,g00,pre100_post100
983,SA07/D16_SA07_R01.txt,train,D16,0,12.0,1453,0,0,0,0,0,0,0,,g00,pre100_post100
984,SA07/D16_SA07_R02.txt,train,D16,0,12.0,1657,0,0,0,0,0,0,0,,g00,pre100_post100
985,SA07/D16_SA07_R03.txt,train,D16,0,12.0,1181,0,0,0,0,0,0,0,,g00,pre100_post100
986,SA07/D16_SA07_R04.txt,train,D16,0,12.0,1508,0,0,0,0,0,0,0,,g00,pre100_post100
987,SA07/D16_SA07_R05.txt,train,D16,0,12.0,2042,0,0,0,0,0,0,0,,g00,pre100_post100
988,SA07/D17_SA07_R01.txt,train,D17,0,25.0,1592,3,0,3,0,0,0,0,,g00,pre100_post100
989,SA07/D17_SA07_R02.txt,train,D17,0,25.0,3631,2,0,2,0,0,0,0,,g00,pre100_post100
990,SA07/D17_SA07_R03.txt,train,D17,0,25.0,3839,2,0,2,0,0,0,0,,g00,pre100_post100
991,SA07/D17_SA07_R04.txt,train,D17,0,25.0,1146,3,0,3,0,0,0,0,,g00,pre100_post100
992,SA07/D17_SA07_R05.txt,train,D17,0,25.0,4085,1,0,1,0,0,0,0,,g00,pre100_post100
993,SA07/D18_SA07_R01.txt,train,D18,0,11.995,1158,7,0,7,0,0,0,0,,g00,pre100_post100
994,SA07/D18_SA07_R02.txt,train,D18,0,12.0,1015,7,0,6,0,0,0,0,,g00,pre100_post100
995,SA07/D18_SA07_R03.txt,train,D18,0,12.0,1225,6,0,6,0,0,0,0,,g00,pre100_post100
996,SA07/D18_SA07_R04.txt,train,D18,0,12.0,1330,7,0,7,0,0,0,0,,g00,pre100_post100
997,SA07/D18_SA07_R05.txt,train,D18,0,12.0,1546,6,0,6,0,0,0,0,,g00,pre100_post100
998,SA07/D19_SA07_R01.txt,train,D19,0,12.0,586,2,0,2,0,0,0,0,,g00,pre100_post100
999,SA07/D19_SA07_R02.txt,train,D19,0,12.0,626,2,0,2,0,0,0,0,,g00,pre100_post100
1000,SA07/D19_SA07_R03.txt,train,D19,0,12.0,1231,2,0,2,0,0,0,0,,g00,pre100_post100
1001,SA07/D19_SA07_R04.txt,train,D19,0,12.0,1363,2,0,2,0,0,0,0,,g00,pre100_post100
1002,SA07/D19_SA07_R05.txt,train,D19,0,12.0,1994,2,0,2,0,0,0,0,,g00,pre100_post100
1003,SA07/F01_SA07_R01.txt,train,F01,1,15.0,1449,5,1,5,1,1,1,0,0.34,g00,pre100_post100
1004,SA07/F01_SA07_R02.txt,train,F01,1,15.0,1394,5,1,5,1,1,1,0,0.895,g00,pre100_post100
1005,SA07/F01_SA07_R03.txt,train,F01,1,15.0,1215,7,1,7,1,1,1,0,-0.03,g00,pre100_post100
1006,SA07/F01_SA07_R04.txt,train,F01,1,15.0,1319,4,1,4,1,1,1,0,0.215,g00,pre100_post100
1007,SA07/F01_SA07_R05.txt,train,F01,1,15.0,1321,5,1,5,1,1,1,0,1.07,g00,pre100_post100
1008,SA07/F02_SA07_R01.txt,train,F02,1,15.0,1212,4,1,4,1,1,1,0,0.005,g00,pre100_post100
1009,SA07/F02_SA07_R02.txt,train,F02,1,15.0,1437,5,1,5,1,1,1,0,0.68,g00,pre100_post100
1010,SA07/F02_SA07_R03.txt,train,F02,1,15.0,1339,5,1,5,1,1,1,0,0.985,g00,pre100_post100
1011,SA07/F02_SA07_R04.txt,train,F02,1,15.0,1525,6,1,6,1,0,0,0,,g00,pre100_post100
1012,SA07/F02_SA07_R05.txt,train,F02,1,15.0,1547,6,1,6,1,0,0,0,,g00,pre100_post100
1013,SA07/F03_SA07_R01.txt,train,F03,1,15.0,1002,4,1,4,1,0,0,0,,g00,pre100_post100
1014,SA07/F03_SA07_R02.txt,train,F03,1,15.0,1370,5,1,5,1,1,1,0,1.135,g00,pre100_post100
1015,SA07/F03_SA07_R03.txt,train,F03,1,15.0,1246,4,1,4,1,1,1,0,0.385,g00,pre100_post100
1016,SA07/F03_SA07_R04.txt,train,F03,1,15.0,1442,5,1,5,1,0,0,0,,g00,pre100_post100
1017,SA07/F03_SA07_R05.txt,train,F03,1,15.0,1221,4,1,4,1,1,1,0,0.81,g00,pre100_post100
1018,SA07/F04_SA07_R01.txt,train,F04,1,15.0,1412,5,1,5,1,1,1,0,0.745,g00,pre100_post100
1019,SA07/F04_SA07_R02.txt,train,F04,1,15.0,1494,5,1,5,1,1,1,0,0.37,g00,pre100_post100
1020,SA07/F04_SA07_R03.txt,train,F04,1,15.0,1358,5,1,5,1,0,0,0,,g00,pre100_post100
1021,SA07/F04_SA07_R04.txt,train,F04,1,15.0,1340,5,1,5,1,1,1,0,1.135,g00,pre100_post100
1022,SA07/F04_SA07_R05.txt,train,F04,1,15.0,1388,5,1,5,1,0,0,0,,g00,pre100_post100
1023,SA07/F05_SA07_R01.txt,train,F05,1,15.0,987,5,1,5,1,0,0,0,,g00,pre100_post100
1024,SA07/F05_SA07_R02.txt,train,F05,1,15.0,1024,4,1,4,1,0,0,0,,g00,pre100_post100
1025,SA07/F05_SA07_R03.txt,train,F05,1,15.0,929,4,1,3,1,0,0,0,,g00,pre100_post100
1026,SA07/F05_SA07_R04.txt,train,F05,1,15.0,951,5,1,5,1,0,0,0,,g00,pre100_post100
1027,SA07/F05_SA07_R05.txt,train,F05,1,15.0,1042,4,1,4,1,1,1,0,0.81,g00,pre100_post100
1028,SA07/F06_SA07_R01.txt,train,F06,1,15.0,1852,6,1,6,1,1,1,0,0.495,g00,pre100_post100
1029,SA07/F06_SA07_R02.txt,train,F06,1,15.0,2068,7,1,7,1,1,1,0,0.885,g00,pre100_post100
1030,SA07/F06_SA07_R03.txt,train,F06,1,14.995,1625,5,1,5,1,1,1,0,0.48,g00,pre100_post100
1031,SA07/F06_SA07_R04.txt,train,F06,1,15.0,1759,6,1,6,1,1,1,0,0.475,g00,pre100_post100
1032,SA07/F06_SA07_R05.txt,train,F06,1,15.0,2026,6,1,6,1,0,0,0,,g00,pre100_post100
1033,SA07/F07_SA07_R01.txt,train,F07,1,15.0,1886,6,1,6,1,1,1,0,0.685,g00,pre100_post100
1034,SA07/F07_SA07_R02.txt,train,F07,1,15.0,1654,6,0,6,0,0,0,0,,g00,pre100_post100
1035,SA07/F07_SA07_R03.txt,train,F07,1,15.0,1823,6,1,6,1,1,1,0,0.495,g00,pre100_post100
1036,SA07/F07_SA07_R04.txt,train,F07,1,15.0,1591,5,1,5,1,1,1,0,0.37,g00,pre100_post100
1037,SA07/F07_SA07_R05.txt,train,F07,1,15.0,1849,5,1,5,1,1,1,0,0.35,g00,pre100_post100
1038,SA07/F08_SA07_R01.txt,train,F08,1,15.0,676,2,1,2,1,1,1,0,0.405,g00,pre100_post100
1039,SA07/F08_SA07_R02.txt,train,F08,1,15.0,895,2,1,2,1,1,1,0,0.795,g00,pre100_post100
1040,SA07/F08_SA07_R03.txt,train,F08,1,15.0,1285,2,1,2,1,1,1,0,0.47,g00,pre100_post100
1041,SA07/F08_SA07_R04.txt,train,F08,1,15.0,996,2,1,2,1,1,1,0,0.31,g00,pre100_post100
1042,SA07/F08_SA07_R05.txt,train,F08,1,15.0,1110,2,1,2,1,1,1,0,0.8,g00,pre100_post100
1043,SA07/F09_SA07_R01.txt,train,F09,1,15.0,1239,2,1,2,1,1,1,0,0.47,g00,pre100_post100
1044,SA07/F09_SA07_R02.txt,train,F09,1,15.0,1199,2,1,2,1,1,1,0,0.45,g00,pre100_post100
1045,SA07/F09_SA07_R03.txt,train,F09,1,15.0,1482,2,1,2,1,1,1,0,0.47,g00,pre100_post100
1046,SA07/F09_SA07_R04.txt,train,F09,1,15.0,1523,2,1,2,1,1,1,0,0.51,g00,pre100_post100
1047,SA07/F09_SA07_R05.txt,train,F09,1,15.0,1377,2,1,2,1,1,1,0,0.38,g00,pre100_post100
1048,SA07/F10_SA07_R01.txt,train,F10,1,15.0,994,2,1,2,1,1,1,0,0.165,g00,pre100_post100
1049,SA07/F10_SA07_R02.txt,train,F10,1,15.0,996,3,1,3,1,1,1,0,0.705,g00,pre100_post100
1050,SA07/F10_SA07_R03.txt,train,F10,1,15.0,1224,3,1,3,1,1,1,0,0.105,g00,pre100_post100
1051,SA07/F10_SA07_R04.txt,train,F10,1,15.0,1250,3,1,3,1,1,1,0,0.47,g00,pre100_post100
1052,SA07/F10_SA07_R05.txt,train,F10,1,15.0,1417,1,1,1,1,1,1,0,0.205,g00,pre100_post100
1053,SA07/F11_SA07_R01.txt,train,F11,1,14.995,563,1,1,1,1,1,1,0,0.47,g00,pre100_post100
1054,SA07/F11_SA07_R02.txt,train,F11,1,15.0,1045,1,1,1,1,1,1,0,0.47,g00,pre100_post100
1055,SA07/F11_SA07_R03.txt,train,F11,1,15.0,966,2,1,2,1,1,1,0,0.68,g00,pre100_post100
1056,SA07/F11_SA07_R04.txt,train,F11,1,15.0,927,3,1,3,1,1,1,0,0.68,g00,pre100_post100
1057,SA07/F11_SA07_R05.txt,train,F11,1,15.0,966,1,1,1,1,1,1,0,0.495,g00,pre100_post100
1058,SA07/F12_SA07_R01.txt,train,F12,1,15.0,1179,2,1,2,1,1,1,0,0.47,g00,pre100_post100
1059,SA07/F12_SA07_R02.txt,train,F12,1,15.0,1070,2,1,2,1,1,1,0,1.15,g00,pre100_post100
1060,SA07/F12_SA07_R03.txt,train,F12,1,15.0,1022,2,1,2,1,0,0,0,,g00,pre100_post100
1061,SA07/F12_SA07_R04.txt,train,F12,1,15.0,1083,2,1,2,1,1,1,0,0.46,g00,pre100_post100
1062,SA07/F12_SA07_R05.txt,train,F12,1,15.0,971,2,1,2,1,1,1,0,0.47,g00,pre100_post100
1063,SA07/F13_SA07_R01.txt,train,F13,1,15.0,1055,2,1,2,1,0,0,0,,g00,pre100_post100
1064,SA07/F13_SA07_R02.txt,train,F13,1,15.0,1198,2,1,2,1,0,0,0,,g00,pre100_post100
1065,SA07/F13_SA07_R03.txt,train,F13,1,15.0,1382,3,1,3,1,1,1,0,0.795,g00,pre100_post100
1066,SA07/F13_SA07_R04.txt,train,F13,1,15.0,1283,2,1,2,1,1,1,0,0.23,g00,pre100_post100
1067,SA07/F13_SA07_R05.txt,train,F13,1,15.0,1239,6,1,6,1,0,0,0,,g00,pre100_post100
1068,SA07/F14_SA07_R01.txt,train,F14,1,15.0,729,1,1,1,1,1,1,0,0.51,g00,pre100_post100
1069,SA07/F14_SA07_R02.txt,train,F14,1,15.0,935,1,1,1,1,1,1,0,0.33,g00,pre100_post100
1070,SA07/F14_SA07_R03.txt,train,F14,1,15.0,975,1,1,1,1,1,1,0,0.495,g00,pre100_post100
1071,SA07/F14_SA07_R04.txt,train,F14,1,15.0,805,1,1,1,1,1,1,0,0.5,g00,pre100_post100
1072,SA07/F14_SA07_R05.txt,train,F14,1,14.995,938,2,1,1,1,1,1,0,0.365,g00,pre100_post100
1073,SA07/F15_SA07_R01.txt,train,F15,1,15.03,2430,1,1,1,1,1,1,0,0.46,g00,pre100_post100
1074,SA07/F15_SA07_R02.txt,train,F15,1,15.0,1191,1,1,1,1,1,1,0,0.485,g00,pre100_post100
1075,SA07/F15_SA07_R03.txt,train,F15,1,15.0,1298,1,1,1,1,1,1,0,0.485,g00,pre100_post100
1076,SA07/F15_SA07_R04.txt,train,F15,1,15.0,974,1,1,1,1,0,0,0,,g00,pre100_post100
1077,SA07/F15_SA07_R05.txt,train,F15,1,15.0,1280,1,1,1,1,0,0,0,,g00,pre100_post100
1386,SA10/D01_SA10_R01.txt,train,D01,0,99.995,15555,50,0,49,0,0,0,0,,g00,pre100_post100
1387,SA10/D02_SA10_R01.txt,train,D02,0,100.0,632,60,0,60,0,0,0,0,,g00,pre100_post100
1388,SA10/D03_SA10_R01.txt,train,D03,0,100.0,1720,60,0,60,0,0,0,0,,g00,pre100_post100
1389,SA10/D04_SA10_R01.txt,train,D04,0,100.0,3329,62,0,61,0,0,0,0,,g00,pre100_post100
1390,SA10/D05_SA10_R01.txt,train,D05,0,24.995,2488,8,0,8,0,0,0,0,,g00,pre100_post100
1391,SA10/D05_SA10_R02.txt,train,D05,0,25.0,2229,10,0,10,0,0,0,0,,g00,pre100_post100
1392,SA10/D05_SA10_R03.txt,train,D05,0,25.0,2430,11,0,11,0,0,0,0,,g00,pre100_post100
1393,SA10/D05_SA10_R04.txt,train,D05,0,25.0,4134,12,0,12,0,0,0,0,,g00,pre100_post100
1394,SA10/D05_SA10_R05.txt,train,D05,0,25.0,2781,10,0,10,0,0,0,0,,g00,pre100_post100
1395,SA10/D06_SA10_R01.txt,train,D06,0,24.995,1368,5,0,5,0,0,0,0,,g00,pre100_post100
1396,SA10/D06_SA10_R02.txt,train,D06,0,25.0,355,6,0,6,0,0,0,0,,g00,pre100_post100
1397,SA10/D06_SA10_R03.txt,train,D06,0,25.0,694,6,0,6,0,0,0,0,,g00,pre100_post100
1398,SA10/D06_SA10_R04.txt,train,D06,0,25.025,1666,6,0,6,0,0,0,0,,g00,pre100_post100
1399,SA10/D06_SA10_R05.txt,train,D06,0,25.0,322,6,0,6,0,0,0,0,,g00,pre100_post100
1400,SA10/D07_SA10_R01.txt,train,D07,0,12.0,1712,2,0,2,0,0,0,0,,g00,pre100_post100
1401,SA10/D07_SA10_R02.txt,train,D07,0,12.0,1404,2,0,2,0,0,0,0,,g00,pre100_post100
1402,SA10/D07_SA10_R03.txt,train,D07,0,12.0,1680,2,0,2,0,0,0,0,,g00,pre100_post100
1403,SA10/D07_SA10_R04.txt,train,D07,0,12.0,1441,2,0,2,0,0,0,0,,g00,pre100_post100
1404,SA10/D07_SA10_R05.txt,train,D07,0,12.0,1417,2,0,2,0,0,0,0,,g00,pre100_post100
1405,SA10/D08_SA10_R01.txt,train,D08,0,12.0,1279,2,0,2,0,0,0,0,,g00,pre100_post100
1406,SA10/D08_SA10_R02.txt,train,D08,0,12.0,1095,2,0,2,0,0,0,0,,g00,pre100_post100
1407,SA10/D08_SA10_R03.txt,train,D08,0,12.0,722,3,0,3,0,0,0,0,,g00,pre100_post100
1408,SA10/D08_SA10_R04.txt,train,D08,0,12.0,496,2,0,2,0,0,0,0,,g00,pre100_post100
1409,SA10/D08_SA10_R05.txt,train,D08,0,11.995,1124,2,0,2,0,0,0,0,,g00,pre100_post100
1410,SA10/D09_SA10_R01.txt,train,D09,0,11.995,990,2,0,2,0,0,0,0,,g00,pre100_post100
1411,SA10/D09_SA10_R02.txt,train,D09,0,12.0,829,2,0,2,0,0,0,0,,g00,pre100_post100
1412,SA10/D09_SA10_R03.txt,train,D09,0,12.0,906,2,0,2,0,0,0,0,,g00,pre100_post100
1413,SA10/D09_SA10_R04.txt,train,D09,0,12.0,811,2,0,2,0,0,0,0,,g00,pre100_post100
1414,SA10/D09_SA10_R05.txt,train,D09,0,12.0,796,2,0,2,0,0,0,0,,g00,pre100_post100
1415,SA10/D10_SA10_R01.txt,train,D10,0,12.0,681,2,0,2,0,0,0,0,,g00,pre100_post100
1416,SA10/D10_SA10_R02.txt,train,D10,0,12.0,529,2,0,2,0,0,0,0,,g00,pre100_post100
1417,SA10/D10_SA10_R03.txt,train,D10,0,12.0,1030,2,0,2,0,0,0,0,,g00,pre100_post100
1418,SA10/D10_SA10_R04.txt,train,D10,0,12.0,528,2,0,2,0,0,0,0,,g00,pre100_post100
1419,SA10/D10_SA10_R05.txt,train,D10,0,12.0,1242,2,0,2,0,0,0,0,,g00,pre100_post100
1420,SA10/D11_SA10_R01.txt,train,D11,0,11.995,830,1,0,1,0,0,0,0,,g00,pre100_post100
1421,SA10/D11_SA10_R02.txt,train,D11,0,12.0,834,1,0,1,0,0,0,0,,g00,pre100_post100
1422,SA10/D11_SA10_R03.txt,train,D11,0,12.0,777,1,0,1,0,0,0,0,,g00,pre100_post100
1423,SA10/D11_SA10_R04.txt,train,D11,0,12.0,835,1,0,1,0,0,0,0,,g00,pre100_post100
1424,SA10/D11_SA10_R05.txt,train,D11,0,12.0,1059,1,0,1,0,0,0,0,,g00,pre100_post100
1425,SA10/D12_SA10_R01.txt,train,D12,0,12.0,1894,0,0,0,0,0,0,0,,g00,pre100_post100
1426,SA10/D12_SA10_R02.txt,train,D12,0,12.0,540,0,0,0,0,0,0,0,,g00,pre100_post100
1427,SA10/D12_SA10_R03.txt,train,D12,0,12.0,1432,0,0,0,0,0,0,0,,g00,pre100_post100
1428,SA10/D12_SA10_R04.txt,train,D12,0,12.0,1744,0,0,0,0,0,0,0,,g00,pre100_post100
1429,SA10/D12_SA10_R05.txt,train,D12,0,12.0,1588,1,0,1,0,0,0,0,,g00,pre100_post100
1430,SA10/D13_SA10_R01.txt,train,D13,0,12.0,1349,2,0,2,0,0,0,0,,g00,pre100_post100
1431,SA10/D13_SA10_R02.txt,train,D13,0,12.0,1490,3,0,3,0,0,0,0,,g00,pre100_post100
1432,SA10/D13_SA10_R03.txt,train,D13,0,12.0,1515,2,0,2,0,0,0,0,,g00,pre100_post100
1433,SA10/D13_SA10_R04.txt,train,D13,0,12.0,1200,2,0,2,0,0,0,0,,g00,pre100_post100
1434,SA10/D13_SA10_R05.txt,train,D13,0,12.0,1235,3,0,3,0,0,0,0,,g00,pre100_post100
1435,SA10/D14_SA10_R01.txt,train,D14,0,12.0,820,1,0,1,0,0,0,0,,g00,pre100_post100
1436,SA10/D14_SA10_R02.txt,train,D14,0,12.0,878,1,0,1,0,0,0,0,,g00,pre100_post100
1437,SA10/D14_SA10_R03.txt,train,D14,0,12.0,961,1,0,1,0,0,0,0,,g00,pre100_post100
1438,SA10/D14_SA10_R04.txt,train,D14,0,12.0,1687,0,0,0,0,0,0,0,,g00,pre100_post100
1439,SA10/D14_SA10_R05.txt,train,D14,0,12.0,1375,0,0,0,0,0,0,0,,g00,pre100_post100
1440,SA10/D15_SA10_R01.txt,train,D15,0,12.0,597,2,0,2,0,0,0,0,,g00,pre100_post100
1441,SA10/D15_SA10_R02.txt,train,D15,0,12.0,1328,2,0,2,0,0,0,0,,g00,pre100_post100
1442,SA10/D15_SA10_R03.txt,train,D15,0,12.0,557,2,0,2,0,0,0,0,,g00,pre100_post100
1443,SA10/D15_SA10_R04.txt,train,D15,0,12.0,524,2,0,2,0,0,0,0,,g00,pre100_post100
1444,SA10/D15_SA10_R05.txt,train,D15,0,12.0,1104,2,0,2,0,0,0,0,,g00,pre100_post100
1445,SA10/D16_SA10_R01.txt,train,D16,0,11.995,776,2,0,2,0,0,0,0,,g00,pre100_post100
1446,SA10/D16_SA10_R02.txt,train,D16,0,12.0,833,2,0,2,0,0,0,0,,g00,pre100_post100
1447,SA10/D16_SA10_R03.txt,train,D16,0,12.0,644,2,0,2,0,0,0,0,,g00,pre100_post100
1448,SA10/D16_SA10_R04.txt,train,D16,0,12.0,549,2,0,2,0,0,0,0,,g00,pre100_post100
1449,SA10/D16_SA10_R05.txt,train,D16,0,12.0,584,3,0,3,0,0,0,0,,g00,pre100_post100
1450,SA10/D17_SA10_R01.txt,train,D17,0,24.995,1391,4,0,4,0,0,0,0,,g00,pre100_post100
1451,SA10/D17_SA10_R02.txt,train,D17,0,25.0,2394,3,0,3,0,0,0,0,,g00,pre100_post100
1452,SA10/D17_SA10_R03.txt,train,D17,0,25.0,2484,4,0,4,0,0,0,0,,g00,pre100_post100
1453,SA10/D17_SA10_R04.txt,train,D17,0,25.0,2610,4,0,4,0,0,0,0,,g00,pre100_post100
1454,SA10/D17_SA10_R05.txt,train,D17,0,25.0,2146,3,0,3,0,0,0,0,,g00,pre100_post100
1455,SA10/D18_SA10_R01.txt,train,D18,0,12.0,585,7,0,6,0,0,0,0,,g00,pre100_post100
1456,SA10/D18_SA10_R02.txt,train,D18,0,12.0,839,6,0,6,0,0,0,0,,g00,pre100_post100
1457,SA10/D18_SA10_R03.txt,train,D18,0,12.0,1072,7,0,6,0,0,0,0,,g00,pre100_post100
1458,SA10/D18_SA10_R04.txt,train,D18,0,12.0,526,7,0,6,0,0,0,0,,g00,pre100_post100
1459,SA10/D18_SA10_R05.txt,train,D18,0,11.995,1425,6,0,6,0,0,0,0,,g00,pre100_post100
1460,SA10/D19_SA10_R01.txt,train,D19,0,12.0,553,2,0,2,0,0,0,0,,g00,pre100_post100
1461,SA10/D19_SA10_R02.txt,train,D19,0,12.0,554,3,0,3,0,0,0,0,,g00,pre100_post100
1462,SA10/D19_SA10_R03.txt,train,D19,0,12.0,1257,3,0,3,0,0,0,0,,g00,pre100_post100
1463,SA10/D19_SA10_R04.txt,train,D19,0,12.0,1331,2,0,2,0,0,0,0,,g00,pre100_post100
1464,SA10/D19_SA10_R05.txt,train,D19,0,12.0,520,2,0,2,0,0,0,0,,g00,pre100_post100
1465,SA10/F01_SA10_R01.txt,train,F01,1,14.995,985,4,1,3,1,0,0,0,,g00,pre100_post100
1466,SA10/F01_SA10_R02.txt,train,F01,1,15.0,1224,4,1,4,1,1,1,0,0.52,g00,pre100_post100
1467,SA10/F01_SA10_R03.txt,train,F01,1,15.0,1121,5,1,5,1,1,1,0,0.385,g00,pre100_post100
1468,SA10/F01_SA10_R04.txt,train,F01,1,15.0,1095,5,1,5,1,1,1,0,0.74,g00,pre100_post100
1469,SA10/F01_SA10_R05.txt,train,F01,1,15.0,1228,6,1,6,1,0,0,0,,g00,pre100_post100
1470,SA10/F02_SA10_R01.txt,train,F02,1,15.0,933,3,1,3,1,1,1,0,0.495,g00,pre100_post100
1471,SA10/F02_SA10_R02.txt,train,F02,1,15.0,1041,3,1,3,1,0,0,0,,g00,pre100_post100
1472,SA10/F02_SA10_R03.txt,train,F02,1,15.0,992,3,1,3,1,0,0,0,,g00,pre100_post100
1473,SA10/F02_SA10_R04.txt,train,F02,1,15.0,1246,4,1,4,1,1,1,0,0.515,g00,pre100_post100
1474,SA10/F02_SA10_R05.txt,train,F02,1,15.0,1052,4,1,4,1,1,1,0,0.68,g00,pre100_post100
1475,SA10/F03_SA10_R01.txt,train,F03,1,15.0,1377,5,1,5,1,0,0,0,,g00,pre100_post100
1476,SA10/F03_SA10_R02.txt,train,F03,1,15.0,1432,5,1,5,1,0,0,0,,g00,pre100_post100
1477,SA10/F03_SA10_R03.txt,train,F03,1,15.0,1143,4,1,4,1,1,1,0,0.51,g00,pre100_post100
1478,SA10/F03_SA10_R04.txt,train,F03,1,15.0,1267,5,1,5,1,1,1,0,0.36,g00,pre100_post100
1479,SA10/F03_SA10_R05.txt,train,F03,1,15.0,1130,4,1,4,1,0,0,0,,g00,pre100_post100
1480,SA10/F04_SA10_R01.txt,train,F04,1,15.0,1173,4,1,4,1,1,1,0,0.34,g00,pre100_post100
1481,SA10/F04_SA10_R02.txt,train,F04,1,15.0,1108,4,1,3,1,1,1,0,0.48,g00,pre100_post100
1482,SA10/F04_SA10_R03.txt,train,F04,1,15.0,1184,5,1,5,1,0,0,0,,g00,pre100_post100
1483,SA10/F04_SA10_R04.txt,train,F04,1,15.0,1400,5,1,5,1,0,0,0,,g00,pre100_post100
1484,SA10/F04_SA10_R05.txt,train,F04,1,15.0,1347,5,1,4,1,1,1,0,1.075,g00,pre100_post100
1485,SA10/F05_SA10_R01.txt,train,F05,1,15.0,962,5,1,5,1,0,0,0,,g00,pre100_post100
1486,SA10/F05_SA10_R02.txt,train,F05,1,15.0,1064,5,1,5,1,0,0,0,,g00,pre100_post100
1487,SA10/F05_SA10_R03.txt,train,F05,1,15.0,1042,4,1,4,1,1,1,0,0.995,g00,pre100_post100
1488,SA10/F05_SA10_R04.txt,train,F05,1,15.0,893,3,1,3,1,1,1,0,0.315,g00,pre100_post100
1489,SA10/F05_SA10_R05.txt,train,F05,1,15.0,1134,4,1,3,1,1,1,0,0.075,g00,pre100_post100
1490,SA10/F06_SA10_R01.txt,train,F06,1,14.995,1387,5,1,5,1,0,0,0,,g00,pre100_post100
1491,SA10/F06_SA10_R02.txt,train,F06,1,15.0,1294,5,1,5,1,1,1,0,0.195,g00,pre100_post100
1492,SA10/F06_SA10_R03.txt,train,F06,1,15.0,1261,4,1,4,1,1,1,0,0.535,g00,pre100_post100
1493,SA10/F06_SA10_R04.txt,train,F06,1,15.0,1490,5,1,5,1,1,1,0,0.795,g00,pre100_post100
1494,SA10/F06_SA10_R05.txt,train,F06,1,15.0,1288,4,1,3,1,1,1,0,0.33,g00,pre100_post100
1495,SA10/F07_SA10_R01.txt,train,F07,1,15.0,1303,5,1,5,1,0,0,0,,g00,pre100_post100
1496,SA10/F07_SA10_R02.txt,train,F07,1,15.0,1234,5,1,5,1,1,1,0,0.33,g00,pre100_post100
1497,SA10/F07_SA10_R03.txt,train,F07,1,15.0,1443,5,1,5,1,1,1,0,0.415,g00,pre100_post100
1498,SA10/F07_SA10_R04.txt,train,F07,1,15.0,1437,5,1,5,1,0,0,0,,g00,pre100_post100
1499,SA10/F07_SA10_R05.txt,train,F07,1,15.0,1622,5,1,5,1,0,0,0,,g00,pre100_post100
1500,SA10/F08_SA10_R01.txt,train,F08,1,14.995,970,2,1,2,1,1,1,0,0.775,g00,pre100_post100
1501,SA10/F08_SA10_R02.txt,train,F08,1,15.0,1334,2,1,2,1,1,1,0,0.77,g00,pre100_post100
1502,SA10/F08_SA10_R03.txt,train,F08,1,14.995,1114,2,1,2,1,1,1,0,0.495,g00,pre100_post100
1503,SA10/F08_SA10_R04.txt,train,F08,1,15.0,1329,2,1,2,1,1,1,0,0.91,g00,pre100_post100
1504,SA10/F08_SA10_R05.txt,train,F08,1,15.0,1309,2,1,2,1,1,1,0,0.715,g00,pre100_post100
1505,SA10/F09_SA10_R01.txt,train,F09,1,15.0,1085,2,1,2,1,1,1,0,1.005,g00,pre100_post100
1506,SA10/F09_SA10_R02.txt,train,F09,1,15.0,1243,2,1,2,1,1,1,0,0.685,g00,pre100_post100
1507,SA10/F09_SA10_R03.txt,train,F09,1,15.0,1454,2,1,2,1,1,1,0,0.5,g00,pre100_post100
1508,SA10/F09_SA10_R04.txt,train,F09,1,15.0,1237,2,1,2,1,1,1,0,0.515,g00,pre100_post100
1509,SA10/F09_SA10_R05.txt,train,F09,1,15.0,1307,6,1,6,1,1,1,0,0.465,g00,pre100_post100
1510,SA10/F10_SA10_R01.txt,train,F10,1,15.0,596,3,1,3,1,1,1,0,1.145,g00,pre100_post100
1511,SA10/F10_SA10_R02.txt,train,F10,1,15.0,861,3,1,3,1,0,0,0,,g00,pre100_post100
1512,SA10/F10_SA10_R03.txt,train,F10,1,15.0,968,5,1,5,1,1,1,0,0.71,g00,pre100_post100
1513,SA10/F10_SA10_R04.txt,train,F10,1,15.0,1131,2,1,2,1,1,1,0,0.785,g00,pre100_post100
1514,SA10/F10_SA10_R05.txt,train,F10,1,15.0,998,2,1,2,1,0,0,0,,g00,pre100_post100
1515,SA10/F11_SA10_R01.txt,train,F11,1,14.995,1015,2,1,2,1,1,1,0,0.685,g00,pre100_post100
1516,SA10/F11_SA10_R02.txt,train,F11,1,15.0,1027,1,1,1,1,0,0,0,,g00,pre100_post100
1517,SA10/F11_SA10_R03.txt,train,F11,1,15.0,707,1,1,1,1,0,0,0,,g00,pre100_post100
1518,SA10/F11_SA10_R04.txt,train,F11,1,15.0,895,1,1,1,1,0,0,0,,g00,pre100_post100
1519,SA10/F11_SA10_R05.txt,train,F11,1,15.0,968,1,1,1,1,1,1,0,0.395,g00,pre100_post100
1520,SA10/F12_SA10_R01.txt,train,F12,1,14.995,795,2,1,2,1,1,1,0,0.49,g00,pre100_post100
1521,SA10/F12_SA10_R02.txt,train,F12,1,15.0,739,2,1,2,1,1,1,0,0.37,g00,pre100_post100
1522,SA10/F12_SA10_R03.txt,train,F12,1,15.0,645,2,1,2,1,1,1,0,0.38,g00,pre100_post100
1523,SA10/F12_SA10_R04.txt,train,F12,1,15.0,468,2,1,2,1,0,0,0,,g00,pre100_post100
1524,SA10/F12_SA10_R05.txt,train,F12,1,15.0,675,2,1,2,1,0,0,0,,g00,pre100_post100
1525,SA10/F13_SA10_R01.txt,train,F13,1,15.0,763,1,1,1,1,0,0,0,,g00,pre100_post100
1526,SA10/F13_SA10_R02.txt,train,F13,1,15.0,695,2,1,2,1,0,0,0,,g00,pre100_post100
1527,SA10/F13_SA10_R03.txt,train,F13,1,15.0,554,2,1,2,1,1,1,0,0.305,g00,pre100_post100
1528,SA10/F13_SA10_R04.txt,train,F13,1,15.0,802,2,1,2,1,0,0,0,,g00,pre100_post100
1529,SA10/F13_SA10_R05.txt,train,F13,1,15.0,932,2,1,2,1,1,1,0,0.75,g00,pre100_post100
1530,SA10/F14_SA10_R01.txt,train,F14,1,15.0,933,1,1,1,1,0,0,0,,g00,pre100_post100
1531,SA10/F14_SA10_R02.txt,train,F14,1,15.0,1057,1,1,1,1,1,1,0,0.495,g00,pre100_post100
1532,SA10/F14_SA10_R03.txt,train,F14,1,15.0,1034,1,1,1,1,1,1,0,0.485,g00,pre100_post100
1533,SA10/F14_SA10_R04.txt,train,F14,1,15.0,1074,1,1,1,1,1,1,0,0.47,g00,pre100_post100
1534,SA10/F14_SA10_R05.txt,train,F14,1,15.0,1133,1,1,1,1,0,0,0,,g00,pre100_post100
1535,SA10/F15_SA10_R01.txt,train,F15,1,15.0,1104,1,1,1,1,0,0,0,,g00,pre100_post100
1536,SA10/F15_SA10_R02.txt,train,F15,1,15.0,1074,1,1,1,1,0,0,0,,g00,pre100_post100
1537,SA10/F15_SA10_R03.txt,train,F15,1,14.995,1226,1,1,1,1,0,0,0,,g00,pre100_post100
1538,SA10/F15_SA10_R04.txt,train,F15,1,15.0,1260,1,1,1,1,1,1,0,0.455,g00,pre100_post100
1539,SA10/F15_SA10_R05.txt,train,F15,1,15.0,1464,1,1,1,1,1,1,0,0.375,g00,pre100_post100
1540,SA11/D01_SA11_R01.txt,train,D01,0,99.995,15985,60,0,60,0,0,0,0,,g00,pre100_post100
1541,SA11/D02_SA11_R01.txt,train,D02,0,100.0,17860,61,0,60,0,0,0,0,,g00,pre100_post100
1542,SA11/D03_SA11_R01.txt,train,D03,0,99.995,18245,61,0,61,0,0,0,0,,g00,pre100_post100
1543,SA11/D04_SA11_R01.txt,train,D04,0,100.0,17463,62,0,62,0,0,0,0,,g00,pre100_post100
1544,SA11/D05_SA11_R01.txt,train,D05,0,24.995,2962,10,0,10,0,0,0,0,,g00,pre100_post100
1545,SA11/D05_SA11_R02.txt,train,D05,0,25.0,4307,11,0,11,0,0,0,0,,g00,pre100_post100
1546,SA11/D05_SA11_R03.txt,train,D05,0,25.0,3035,11,0,11,0,0,0,0,,g00,pre100_post100
1547,SA11/D05_SA11_R04.txt,train,D05,0,24.995,3005,10,0,10,0,0,0,0,,g00,pre100_post100
1548,SA11/D05_SA11_R05.txt,train,D05,0,25.0,3684,11,0,11,0,0,0,0,,g00,pre100_post100
1549,SA11/D06_SA11_R01.txt,train,D06,0,24.995,364,5,0,5,0,0,0,0,,g00,pre100_post100
1550,SA11/D06_SA11_R02.txt,train,D06,0,25.0,758,6,0,6,0,0,0,0,,g00,pre100_post100
1551,SA11/D06_SA11_R03.txt,train,D06,0,25.0,693,5,0,5,0,1,0,1,,g00,pre100_post100
1552,SA11/D06_SA11_R04.txt,train,D06,0,25.0,737,5,0,5,0,0,0,0,,g00,pre100_post100
1553,SA11/D06_SA11_R05.txt,train,D06,0,25.0,255,6,0,6,0,1,0,1,,g00,pre100_post100
1554,SA11/D07_SA11_R01.txt,train,D07,0,12.0,763,2,0,2,0,0,0,0,,g00,pre100_post100
1555,SA11/D07_SA11_R02.txt,train,D07,0,12.0,1148,2,0,2,0,0,0,0,,g00,pre100_post100
1556,SA11/D07_SA11_R03.txt,train,D07,0,12.0,987,2,0,2,0,0,0,0,,g00,pre100_post100
1557,SA11/D07_SA11_R04.txt,train,D07,0,12.0,1580,2,0,2,0,0,0,0,,g00,pre100_post100
1558,SA11/D07_SA11_R05.txt,train,D07,0,12.0,854,2,0,2,0,0,0,0,,g00,pre100_post100
1559,SA11/D08_SA11_R01.txt,train,D08,0,12.0,607,2,0,2,0,0,0,0,,g00,pre100_post100
1560,SA11/D08_SA11_R02.txt,train,D08,0,12.0,597,2,0,2,0,0,0,0,,g00,pre100_post100
1561,SA11/D08_SA11_R03.txt,train,D08,0,12.0,767,2,0,2,0,0,0,0,,g00,pre100_post100
1562,SA11/D08_SA11_R04.txt,train,D08,0,12.0,548,2,0,2,0,0,0,0,,g00,pre100_post100
1563,SA11/D08_SA11_R05.txt,train,D08,0,12.0,212,2,0,2,0,0,0,0,,g00,pre100_post100
1564,SA11/D09_SA11_R01.txt,train,D09,0,12.0,911,2,0,2,0,0,0,0,,g00,pre100_post100
1565,SA11/D09_SA11_R02.txt,train,D09,0,12.0,1841,2,0,2,0,0,0,0,,g00,pre100_post100
1566,SA11/D09_SA11_R03.txt,train,D09,0,12.0,1648,2,0,2,0,0,0,0,,g00,pre100_post100
1567,SA11/D09_SA11_R04.txt,train,D09,0,12.0,1852,2,0,2,0,0,0,0,,g00,pre100_post100
1568,SA11/D09_SA11_R05.txt,train,D09,0,12.0,1573,2,0,2,0,0,0,0,,g00,pre100_post100
1569,SA11/D10_SA11_R01.txt,train,D10,0,12.0,278,2,0,2,0,0,0,0,,g00,pre100_post100
1570,SA11/D10_SA11_R02.txt,train,D10,0,12.0,695,2,0,2,0,0,0,0,,g00,pre100_post100
1571,SA11/D10_SA11_R03.txt,train,D10,0,12.0,1601,2,0,2,0,0,0,0,,g00,pre100_post100
1572,SA11/D10_SA11_R04.txt,train,D10,0,12.0,1601,2,0,2,0,0,0,0,,g00,pre100_post100
1573,SA11/D10_SA11_R05.txt,train,D10,0,12.0,1783,2,0,2,0,0,0,0,,g00,pre100_post100
1574,SA11/D11_SA11_R01.txt,train,D11,0,11.995,1213,1,0,1,0,0,0,0,,g00,pre100_post100
1575,SA11/D11_SA11_R02.txt,train,D11,0,12.0,1449,1,0,1,0,0,0,0,,g00,pre100_post100
1576,SA11/D11_SA11_R03.txt,train,D11,0,12.0,1060,1,0,1,0,0,0,0,,g00,pre100_post100
1577,SA11/D11_SA11_R04.txt,train,D11,0,12.0,1385,1,0,1,0,0,0,0,,g00,pre100_post100
1578,SA11/D11_SA11_R05.txt,train,D11,0,12.0,1284,1,0,1,0,0,0,0,,g00,pre100_post100
1579,SA11/D12_SA11_R01.txt,train,D12,0,11.995,119,0,0,0,0,0,0,0,,g00,pre100_post100
1580,SA11/D12_SA11_R02.txt,train,D12,0,12.0,1690,0,0,0,0,0,0,0,,g00,pre100_post100
1581,SA11/D12_SA11_R03.txt,train,D12,0,12.0,930,0,0,0,0,0,0,0,,g00,pre100_post100
1582,SA11/D12_SA11_R04.txt,train,D12,0,12.0,1991,0,0,0,0,0,0,0,,g00,pre100_post100
1583,SA11/D12_SA11_R05.txt,train,D12,0,12.0,1586,0,0,0,0,0,0,0,,g00,pre100_post100
1584,SA11/D13_SA11_R01.txt,train,D13,0,12.0,1278,2,0,2,0,0,0,0,,g00,pre100_post100
1585,SA11/D13_SA11_R02.txt,train,D13,0,12.0,1703,2,0,2,0,0,0,0,,g00,pre100_post100
1586,SA11/D13_SA11_R03.txt,train,D13,0,12.0,1044,0,0,0,0,0,0,0,,g00,pre100_post100
1587,SA11/D13_SA11_R04.txt,train,D13,0,12.0,1807,2,0,2,0,0,0,0,,g00,pre100_post100
1588,SA11/D13_SA11_R05.txt,train,D13,0,12.0,2252,2,0,2,0,0,0,0,,g00,pre100_post100
1589,SA11/D14_SA11_R01.txt,train,D14,0,12.0,1964,2,0,2,0,0,0,0,,g00,pre100_post100
1590,SA11/D14_SA11_R02.txt,train,D14,0,12.0,2200,2,0,2,0,0,0,0,,g00,pre100_post100
1591,SA11/D14_SA11_R03.txt,train,D14,0,12.0,812,2,0,2,0,0,0,0,,g00,pre100_post100
1592,SA11/D14_SA11_R04.txt,train,D14,0,12.0,934,3,0,3,0,0,0,0,,g00,pre100_post100
1593,SA11/D14_SA11_R05.txt,train,D14,0,12.0,1717,2,0,2,0,0,0,0,,g00,pre100_post100
1594,SA11/D15_SA11_R01.txt,train,D15,0,12.0,1634,2,0,2,0,0,0,0,,g00,pre100_post100
1595,SA11/D15_SA11_R02.txt,train,D15,0,12.0,1509,2,0,2,0,0,0,0,,g00,pre100_post100
1596,SA11/D15_SA11_R03.txt,train,D15,0,12.0,1663,2,0,2,0,0,0,0,,g00,pre100_post100
1597,SA11/D15_SA11_R04.txt,train,D15,0,12.0,1796,2,0,2,0,0,0,0,,g00,pre100_post100
1598,SA11/D15_SA11_R05.txt,train,D15,0,12.0,1011,2,0,2,0,0,0,0,,g00,pre100_post100
1599,SA11/D16_SA11_R01.txt,train,D16,0,11.995,79,0,0,0,0,0,0,0,,g00,pre100_post100
1600,SA11/D16_SA11_R02.txt,train,D16,0,12.0,1097,0,0,0,0,0,0,0,,g00,pre100_post100
1601,SA11/D16_SA11_R03.txt,train,D16,0,12.0,1071,0,0,0,0,0,0,0,,g00,pre100_post100
1602,SA11/D16_SA11_R04.txt,train,D16,0,12.0,2120,0,0,0,0,0,0,0,,g00,pre100_post100
1603,SA11/D16_SA11_R05.txt,train,D16,0,12.0,2233,0,0,0,0,0,0,0,,g00,pre100_post100
1604,SA11/D17_SA11_R01.txt,train,D17,0,24.995,3220,2,0,2,0,0,0,0,,g00,pre100_post100
1605,SA11/D17_SA11_R02.txt,train,D17,0,25.0,1154,1,0,1,0,0,0,0,,g00,pre100_post100
1606,SA11/D17_SA11_R03.txt,train,D17,0,25.0,2378,2,0,2,0,0,0,0,,g00,pre100_post100
1607,SA11/D17_SA11_R04.txt,train,D17,0,25.0,1692,2,0,2,0,0,0,0,,g00,pre100_post100
1608,SA11/D17_SA11_R05.txt,train,D17,0,25.0,1961,1,0,1,0,0,0,0,,g00,pre100_post100
1609,SA11/D18_SA11_R01.txt,train,D18,0,12.0,905,6,0,6,0,0,0,0,,g00,pre100_post100
1610,SA11/D18_SA11_R02.txt,train,D18,0,12.0,1111,5,0,5,0,0,0,0,,g00,pre100_post100
1611,SA11/D18_SA11_R03.txt,train,D18,0,12.0,896,6,0,6,0,1,0,1,,g00,pre100_post100
1612,SA11/D18_SA11_R04.txt,train,D18,0,12.0,1267,6,0,5,0,0,0,0,,g00,pre100_post100
1613,SA11/D18_SA11_R05.txt,train,D18,0,12.0,1172,6,0,6,0,0,0,0,,g00,pre100_post100
1614,SA11/D19_SA11_R01.txt,train,D19,0,12.0,1556,2,0,2,0,0,0,0,,g00,pre100_post100
1615,SA11/D19_SA11_R02.txt,train,D19,0,12.0,1360,2,0,2,0,0,0,0,,g00,pre100_post100
1616,SA11/D19_SA11_R03.txt,train,D19,0,12.0,1821,2,0,2,0,0,0,0,,g00,pre100_post100
1617,SA11/D19_SA11_R04.txt,train,D19,0,12.0,891,3,0,3,0,0,0,0,,g00,pre100_post100
1618,SA11/D19_SA11_R05.txt,train,D19,0,12.0,1683,2,0,2,0,1,0,1,,g00,pre100_post100
1619,SA11/F01_SA11_R01.txt,train,F01,1,15.0,1000,4,1,3,1,1,1,0,0.74,g00,pre100_post100
1620,SA11/F01_SA11_R02.txt,train,F01,1,15.0,1285,5,1,5,1,0,0,0,,g00,pre100_post100
1621,SA11/F01_SA11_R03.txt,train,F01,1,15.0,1025,4,1,3,1,1,1,0,0.71,g00,pre100_post100
1622,SA11/F01_SA11_R04.txt,train,F01,1,15.0,1030,3,1,3,1,0,0,0,,g00,pre100_post100
1623,SA11/F01_SA11_R05.txt,train,F01,1,14.995,1038,4,1,4,1,1,1,0,0.835,g00,pre100_post100
1624,SA11/F02_SA11_R01.txt,train,F02,1,15.0,931,3,1,3,1,0,0,0,,g00,pre100_post100
1625,SA11/F02_SA11_R02.txt,train,F02,1,15.0,823,3,1,3,1,1,1,0,0.385,g00,pre100_post100
1626,SA11/F02_SA11_R03.txt,train,F02,1,15.0,803,3,1,2,1,1,1,0,0.17,g00,pre100_post100
1627,SA11/F02_SA11_R04.txt,train,F02,1,15.0,787,3,1,3,1,1,1,0,0.2,g00,pre100_post100
1628,SA11/F02_SA11_R05.txt,train,F02,1,15.0,897,4,1,3,1,1,1,0,1.005,g00,pre100_post100
1629,SA11/F03_SA11_R01.txt,train,F03,1,15.0,1102,4,1,4,1,0,0,0,,g00,pre100_post100
1630,SA11/F03_SA11_R02.txt,train,F03,1,15.0,1095,4,1,4,1,1,1,0,0.795,g00,pre100_post100
1631,SA11/F03_SA11_R03.txt,train,F03,1,15.0,1048,4,1,4,1,1,1,0,0.7,g00,pre100_post100
1632,SA11/F03_SA11_R04.txt,train,F03,1,15.0,1064,4,1,4,1,1,1,0,0.845,g00,pre100_post100
1633,SA11/F03_SA11_R05.txt,train,F03,1,15.0,1096,4,1,4,1,1,1,0,0.31,g00,pre100_post100
1634,SA11/F04_SA11_R01.txt,train,F04,1,15.0,1350,4,1,4,1,0,0,0,,g00,pre100_post100
1635,SA11/F04_SA11_R02.txt,train,F04,1,15.0,1327,4,1,4,1,0,0,0,,g00,pre100_post100
1636,SA11/F04_SA11_R03.txt,train,F04,1,15.0,1319,4,1,3,1,0,0,0,,g00,pre100_post100
1637,SA11/F04_SA11_R04.txt,train,F04,1,15.0,1421,5,1,5,1,1,1,0,0.78,g00,pre100_post100
1638,SA11/F04_SA11_R05.txt,train,F04,1,15.0,1275,4,1,4,1,1,1,0,0.465,g00,pre100_post100
1639,SA11/F05_SA11_R01.txt,train,F05,1,15.0,1321,5,1,4,1,1,1,0,0.435,g00,pre100_post100
1640,SA11/F05_SA11_R02.txt,train,F05,1,14.995,1269,4,1,4,1,0,0,0,,g00,pre100_post100
1641,SA11/F05_SA11_R03.txt,train,F05,1,15.0,1416,5,1,5,1,1,1,0,0.745,g00,pre100_post100
1642,SA11/F05_SA11_R04.txt,train,F05,1,15.0,1276,4,1,4,1,1,1,0,0.335,g00,pre100_post100
1643,SA11/F05_SA11_R05.txt,train,F05,1,15.0,1333,5,1,4,1,1,1,0,0.535,g00,pre100_post100
1644,SA11/F06_SA11_R01.txt,train,F06,1,14.995,1439,4,0,4,0,0,0,0,,g00,pre100_post100
1645,SA11/F06_SA11_R02.txt,train,F06,1,15.0,1559,5,1,5,1,1,1,0,0.81,g00,pre100_post100
1646,SA11/F06_SA11_R03.txt,train,F06,1,15.0,1345,4,1,4,1,1,1,0,0.495,g00,pre100_post100
1647,SA11/F06_SA11_R04.txt,train,F06,1,15.0,1556,5,1,5,1,1,1,0,0.71,g00,pre100_post100
1648,SA11/F06_SA11_R05.txt,train,F06,1,15.0,1501,5,1,5,1,1,1,0,0.75,g00,pre100_post100
1649,SA11/F07_SA11_R01.txt,train,F07,1,15.0,1310,4,1,4,1,1,1,0,0.465,g00,pre100_post100
1650,SA11/F07_SA11_R02.txt,train,F07,1,15.0,1285,4,1,4,1,1,1,0,0.425,g00,pre100_post100
1651,SA11/F07_SA11_R03.txt,train,F07,1,15.0,1344,4,1,4,1,1,1,0,0.465,g00,pre100_post100
1652,SA11/F07_SA11_R04.txt,train,F07,1,15.0,1201,4,1,4,1,1,1,0,0.395,g00,pre100_post100
1653,SA11/F07_SA11_R05.txt,train,F07,1,15.0,1361,5,1,4,1,1,1,0,0.775,g00,pre100_post100
1654,SA11/F08_SA11_R01.txt,train,F08,1,15.0,1319,2,1,2,1,0,0,0,,g00,pre100_post100
1655,SA11/F08_SA11_R02.txt,train,F08,1,15.0,1593,2,1,2,1,0,0,0,,g00,pre100_post100
1656,SA11/F08_SA11_R03.txt,train,F08,1,15.0,1475,2,1,2,1,0,0,0,,g00,pre100_post100
1657,SA11/F08_SA11_R04.txt,train,F08,1,15.0,1482,2,1,2,1,1,1,0,0.685,g00,pre100_post100
1658,SA11/F08_SA11_R05.txt,train,F08,1,15.0,1437,2,1,2,1,1,1,0,0.915,g00,pre100_post100
1659,SA11/F09_SA11_R01.txt,train,F09,1,15.0,1168,2,1,2,1,1,1,0,0.87,g00,pre100_post100
1660,SA11/F09_SA11_R02.txt,train,F09,1,15.0,1452,2,1,2,1,1,1,0,0.74,g00,pre100_post100
1661,SA11/F09_SA11_R03.txt,train,F09,1,15.0,1522,2,1,2,1,1,1,0,0.69,g00,pre100_post100
1662,SA11/F09_SA11_R04.txt,train,F09,1,15.0,1324,2,1,2,1,0,0,0,,g00,pre100_post100
1663,SA11/F09_SA11_R05.txt,train,F09,1,15.0,1375,2,1,2,1,1,1,0,0.71,g00,pre100_post100
1664,SA11/F10_SA11_R01.txt,train,F10,1,15.0,906,1,1,1,1,1,1,0,0.345,g00,pre100_post100
1665,SA11/F10_SA11_R02.txt,train,F10,1,15.0,656,1,1,1,1,1,1,0,0.48,g00,pre100_post100
1666,SA11/F10_SA11_R03.txt,train,F10,1,15.0,1243,1,1,1,1,1,1,0,0.185,g00,pre100_post100
1667,SA11/F10_SA11_R04.txt,train,F10,1,15.0,1258,2,1,1,1,0,0,0,,g00,pre100_post100
1668,SA11/F10_SA11_R05.txt,train,F10,1,15.0,918,1,1,1,1,0,0,0,,g00,pre100_post100
1669,SA11/F11_SA11_R01.txt,train,F11,1,14.995,1181,1,1,1,1,1,1,0,0.46,g00,pre100_post100
1670,SA11/F11_SA11_R02.txt,train,F11,1,15.0,1088,1,1,1,1,1,1,0,0.455,g00,pre100_post100
1671,SA11/F11_SA11_R03.txt,train,F11,1,15.0,839,1,1,1,1,1,1,0,0.49,g00,pre100_post100
1672,SA11/F11_SA11_R04.txt,train,F11,1,15.0,843,1,1,1,1,1,1,0,0.49,g00,pre100_post100
1673,SA11/F11_SA11_R05.txt,train,F11,1,15.0,1391,1,1,1,1,1,1,0,0.48,g00,pre100_post100
1674,SA11/F12_SA11_R01.txt,train,F12,1,15.0,856,1,1,1,1,1,1,0,0.485,g00,pre100_post100
1675,SA11/F12_SA11_R02.txt,train,F12,1,15.0,1008,1,1,1,1,1,1,0,0.49,g00,pre100_post100
1676,SA11/F12_SA11_R03.txt,train,F12,1,15.0,1092,1,1,1,1,1,1,0,0.48,g00,pre100_post100
1677,SA11/F12_SA11_R04.txt,train,F12,1,15.0,588,1,1,1,1,1,1,0,0.5,g00,pre100_post100
1678,SA11/F12_SA11_R05.txt,train,F12,1,15.0,1095,1,1,1,1,1,1,0,0.495,g00,pre100_post100
1679,SA11/F13_SA11_R01.txt,train,F13,1,14.995,871,1,1,1,1,1,1,0,0.23,g00,pre100_post100
1680,SA11/F13_SA11_R02.txt,train,F13,1,15.0,1016,1,1,1,1,0,0,0,,g00,pre100_post100
1681,SA11/F13_SA11_R03.txt,train,F13,1,15.0,834,1,1,1,1,1,1,0,0.34,g00,pre100_post100
1682,SA11/F13_SA11_R04.txt,train,F13,1,15.0,674,1,1,1,1,1,1,0,0.375,g00,pre100_post100
1683,SA11/F13_SA11_R05.txt,train,F13,1,15.0,1420,1,1,1,1,0,0,0,,g00,pre100_post100
1684,SA11/F14_SA11_R01.txt,train,F14,1,15.0,885,1,1,1,1,1,1,0,0.485,g00,pre100_post100
1685,SA11/F14_SA11_R02.txt,train,F14,1,15.0,1223,1,1,1,1,1,1,0,0.255,g00,pre100_post100
1686,SA11/F14_SA11_R03.txt,train,F14,1,15.0,1323,1,1,1,1,0,0,0,,g00,pre100_post100
1687,SA11/F14_SA11_R04.txt,train,F14,1,15.0,1080,1,1,1,1,1,1,0,0.485,g00,pre100_post100
1688,SA11/F14_SA11_R05.txt,train,F14,1,15.0,1314,1,1,1,1,1,1,0,0.28,g00,pre100_post100
1689,SA11/F15_SA11_R01.txt,train,F15,1,15.0,1140,1,1,1,1,1,1,0,0.435,g00,pre100_post100
1690,SA11/F15_SA11_R02.txt,train,F15,1,15.0,1394,2,1,2,1,1,1,0,0.69,g00,pre100_post100
1691,SA11/F15_SA11_R03.txt,train,F15,1,15.0,926,1,1,1,1,1,1,0,0.43,g00,pre100_post100
1692,SA11/F15_SA11_R04.txt,train,F15,1,15.0,1387,1,1,1,1,0,0,0,,g00,pre100_post100
1693,SA11/F15_SA11_R05.txt,train,F15,1,15.0,1057,1,1,1,1,1,1,0,0.28,g00,pre100_post100
1694,SA12/D01_SA12_R01.txt,train,D01,0,99.995,7532,48,0,48,0,0,0,0,,g00,pre100_post100
1695,SA12/D02_SA12_R01.txt,train,D02,0,100.0,15830,58,0,57,0,0,0,0,,g00,pre100_post100
1696,SA12/D03_SA12_R01.txt,train,D03,0,100.0,10571,64,0,62,0,0,0,0,,g00,pre100_post100
1697,SA12/D04_SA12_R01.txt,train,D04,0,100.0,19272,58,0,57,0,0,0,0,,g00,pre100_post100
1698,SA12/D05_SA12_R01.txt,train,D05,0,25.0,3431,10,0,10,0,0,0,0,,g00,pre100_post100
1699,SA12/D05_SA12_R02.txt,train,D05,0,25.0,3428,10,0,10,0,0,0,0,,g00,pre100_post100
1700,SA12/D05_SA12_R03.txt,train,D05,0,25.0,1612,10,0,10,0,0,0,0,,g00,pre100_post100
1701,SA12/D05_SA12_R04.txt,train,D05,0,25.0,177,10,0,10,0,0,0,0,,g00,pre100_post100
1702,SA12/D05_SA12_R05.txt,train,D05,0,25.0,4092,11,0,11,0,0,0,0,,g00,pre100_post100
1703,SA12/D06_SA12_R01.txt,train,D06,0,24.995,2756,5,0,5,0,0,0,0,,g00,pre100_post100
1704,SA12/D06_SA12_R02.txt,train,D06,0,25.0,967,5,0,5,0,0,0,0,,g00,pre100_post100
1705,SA12/D06_SA12_R03.txt,train,D06,0,25.0,1272,5,0,5,0,0,0,0,,g00,pre100_post100
1706,SA12/D06_SA12_R04.txt,train,D06,0,25.0,1442,6,0,6,0,0,0,0,,g00,pre100_post100
1707,SA12/D06_SA12_R05.txt,train,D06,0,25.0,3091,5,0,5,0,0,0,0,,g00,pre100_post100
1708,SA12/D07_SA12_R01.txt,train,D07,0,12.0,2126,0,0,0,0,0,0,0,,g00,pre100_post100
1709,SA12/D07_SA12_R02.txt,train,D07,0,12.0,2255,0,0,0,0,0,0,0,,g00,pre100_post100
1710,SA12/D07_SA12_R03.txt,train,D07,0,12.0,1312,0,0,0,0,0,0,0,,g00,pre100_post100
1711,SA12/D07_SA12_R04.txt,train,D07,0,12.0,1425,0,0,0,0,0,0,0,,g00,pre100_post100
1712,SA12/D07_SA12_R05.txt,train,D07,0,12.0,1433,0,0,0,0,0,0,0,,g00,pre100_post100
1713,SA12/D08_SA12_R01.txt,train,D08,0,12.0,538,2,0,2,0,0,0,0,,g00,pre100_post100
1714,SA12/D08_SA12_R02.txt,train,D08,0,12.0,728,2,0,2,0,0,0,0,,g00,pre100_post100
1715,SA12/D08_SA12_R03.txt,train,D08,0,12.0,736,2,0,2,0,0,0,0,,g00,pre100_post100
1716,SA12/D08_SA12_R04.txt,train,D08,0,12.0,635,2,0,2,0,0,0,0,,g00,pre100_post100
1717,SA12/D08_SA12_R05.txt,train,D08,0,12.0,699,2,0,2,0,0,0,0,,g00,pre100_post100
1718,SA12/D09_SA12_R01.txt,train,D09,0,12.0,723,2,0,2,0,0,0,0,,g00,pre100_post100
1719,SA12/D09_SA12_R02.txt,train,D09,0,12.0,823,2,0,2,0,0,0,0,,g00,pre100_post100
1720,SA12/D09_SA12_R03.txt,train,D09,0,11.995,1964,1,0,1,0,0,0,0,,g00,pre100_post100
1721,SA12/D09_SA12_R04.txt,train,D09,0,12.0,1109,2,0,2,0,0,0,0,,g00,pre100_post100
1722,SA12/D09_SA12_R05.txt,train,D09,0,12.0,708,2,0,2,0,0,0,0,,g00,pre100_post100
1723,SA12/D10_SA12_R01.txt,train,D10,0,12.0,573,2,0,2,0,0,0,0,,g00,pre100_post100
1724,SA12/D10_SA12_R02.txt,train,D10,0,12.0,764,2,0,2,0,0,0,0,,g00,pre100_post100
1725,SA12/D10_SA12_R03.txt,train,D10,0,12.0,701,2,0,2,0,0,0,0,,g00,pre100_post100
1726,SA12/D10_SA12_R04.txt,train,D10,0,12.0,762,2,0,2,0,0,0,0,,g00,pre100_post100
1727,SA12/D10_SA12_R05.txt,train,D10,0,12.0,478,2,0,2,0,0,0,0,,g00,pre100_post100
1728,SA12/D11_SA12_R01.txt,train,D11,0,11.995,1062,1,0,1,0,0,0,0,,g00,pre100_post100
1729,SA12/D11_SA12_R02.txt,train,D11,0,12.0,1161,1,0,1,0,0,0,0,,g00,pre100_post100
1730,SA12/D11_SA12_R03.txt,train,D11,0,12.0,1186,1,0,1,0,0,0,0,,g00,pre100_post100
1731,SA12/D11_SA12_R04.txt,train,D11,0,12.0,950,1,0,1,0,0,0,0,,g00,pre100_post100
1732,SA12/D11_SA12_R05.txt,train,D11,0,12.0,981,1,0,1,0,0,0,0,,g00,pre100_post100
1733,SA12/D12_SA12_R01.txt,train,D12,0,12.0,1503,0,0,0,0,0,0,0,,g00,pre100_post100
1734,SA12/D12_SA12_R02.txt,train,D12,0,12.0,1427,0,0,0,0,0,0,0,,g00,pre100_post100
1735,SA12/D12_SA12_R03.txt,train,D12,0,12.0,813,0,0,0,0,0,0,0,,g00,pre100_post100
1736,SA12/D12_SA12_R04.txt,train,D12,0,12.0,923,0,0,0,0,0,0,0,,g00,pre100_post100
1737,SA12/D12_SA12_R05.txt,train,D12,0,12.0,773,0,0,0,0,0,0,0,,g00,pre100_post100
1738,SA12/D13_SA12_R01.txt,train,D13,0,12.0,575,1,0,1,0,0,0,0,,g00,pre100_post100
1739,SA12/D13_SA12_R02.txt,train,D13,0,12.0,681,1,0,1,0,0,0,0,,g00,pre100_post100
1740,SA12/D13_SA12_R03.txt,train,D13,0,12.0,703,0,0,0,0,0,0,0,,g00,pre100_post100
1741,SA12/D13_SA12_R04.txt,train,D13,0,12.0,1283,1,0,1,0,0,0,0,,g00,pre100_post100
1742,SA12/D13_SA12_R05.txt,train,D13,0,12.0,729,2,0,2,0,0,0,0,,g00,pre100_post100
1743,SA12/D14_SA12_R01.txt,train,D14,0,12.0,811,2,0,2,0,0,0,0,,g00,pre100_post100
1744,SA12/D14_SA12_R02.txt,train,D14,0,12.0,1821,2,0,2,0,0,0,0,,g00,pre100_post100
1745,SA12/D14_SA12_R03.txt,train,D14,0,12.0,1677,2,0,2,0,0,0,0,,g00,pre100_post100
1746,SA12/D14_SA12_R04.txt,train,D14,0,12.0,633,1,0,1,0,0,0,0,,g00,pre100_post100
1747,SA12/D14_SA12_R05.txt,train,D14,0,12.0,589,1,0,1,0,0,0,0,,g00,pre100_post100
1748,SA12/D15_SA12_R01.txt,train,D15,0,12.0,1075,1,0,1,0,0,0,0,,g00,pre100_post100
1749,SA12/D15_SA12_R02.txt,train,D15,0,12.0,1276,2,0,2,0,0,0,0,,g00,pre100_post100
1750,SA12/D15_SA12_R03.txt,train,D15,0,12.0,1217,1,0,1,0,0,0,0,,g00,pre100_post100
1751,SA12/D15_SA12_R04.txt,train,D15,0,12.0,1209,1,0,1,0,0,0,0,,g00,pre100_post100
1752,SA12/D15_SA12_R05.txt,train,D15,0,12.0,1311,1,0,1,0,0,0,0,,g00,pre100_post100
1753,SA12/D16_SA12_R01.txt,train,D16,0,11.995,1678,0,0,0,0,0,0,0,,g00,pre100_post100
1754,SA12/D16_SA12_R02.txt,train,D16,0,12.0,1804,0,0,0,0,0,0,0,,g00,pre100_post100
1755,SA12/D16_SA12_R03.txt,train,D16,0,12.0,2278,0,0,0,0,0,0,0,,g00,pre100_post100
1756,SA12/D16_SA12_R04.txt,train,D16,0,12.0,845,0,0,0,0,0,0,0,,g00,pre100_post100
1757,SA12/D16_SA12_R05.txt,train,D16,0,12.0,1514,0,0,0,0,0,0,0,,g00,pre100_post100
1758,SA12/D17_SA12_R01.txt,train,D17,0,24.995,496,1,0,1,0,0,0,0,,g00,pre100_post100
1759,SA12/D17_SA12_R02.txt,train,D17,0,25.0,3861,0,0,0,0,0,0,0,,g00,pre100_post100
1760,SA12/D17_SA12_R03.txt,train,D17,0,25.0,1190,1,0,1,0,0,0,0,,g00,pre100_post100
1761,SA12/D17_SA12_R04.txt,train,D17,0,25.0,995,3,0,3,0,0,0,0,,g00,pre100_post100
1762,SA12/D17_SA12_R05.txt,train,D17,0,25.0,3783,2,0,2,0,0,0,0,,g00,pre100_post100
1763,SA12/D18_SA12_R01.txt,train,D18,0,12.0,1121,6,0,5,0,1,0,1,,g00,pre100_post100
1764,SA12/D18_SA12_R02.txt,train,D18,0,12.0,1369,6,0,6,0,0,0,0,,g00,pre100_post100
1765,SA12/D18_SA12_R03.txt,train,D18,0,12.0,1525,6,0,5,0,0,0,0,,g00,pre100_post100
1766,SA12/D18_SA12_R04.txt,train,D18,0,12.0,1586,6,0,6,0,0,0,0,,g00,pre100_post100
1767,SA12/D18_SA12_R05.txt,train,D18,0,12.0,1731,6,0,5,0,0,0,0,,g00,pre100_post100
1768,SA12/D19_SA12_R01.txt,train,D19,0,12.0,604,2,0,2,0,0,0,0,,g00,pre100_post100
1769,SA12/D19_SA12_R02.txt,train,D19,0,12.0,772,2,0,2,0,0,0,0,,g00,pre100_post100
1770,SA12/D19_SA12_R03.txt,train,D19,0,12.0,695,2,0,2,0,0,0,0,,g00,pre100_post100
1771,SA12/D19_SA12_R04.txt,train,D19,0,12.0,968,2,0,2,0,0,0,0,,g00,pre100_post100
1772,SA12/D19_SA12_R05.txt,train,D19,0,12.0,1413,2,0,2,0,0,0,0,,g00,pre100_post100
1773,SA12/F01_SA12_R01.txt,train,F01,1,15.0,1472,5,1,5,1,0,0,0,,g00,pre100_post100
1774,SA12/F01_SA12_R02.txt,train,F01,1,15.0,1610,5,1,5,1,0,0,0,,g00,pre100_post100
1775,SA12/F01_SA12_R03.txt,train,F01,1,15.0,1753,5,1,5,1,1,1,0,0.155,g00,pre100_post100
1776,SA12/F01_SA12_R04.txt,train,F01,1,15.0,1831,5,1,5,1,1,1,0,0.025,g00,pre100_post100
1777,SA12/F01_SA12_R05.txt,train,F01,1,15.0,1679,5,1,5,1,0,0,0,,g00,pre100_post100
1778,SA12/F02_SA12_R01.txt,train,F02,1,15.0,2004,6,1,6,1,1,1,0,0.725,g00,pre100_post100
1779,SA12/F02_SA12_R02.txt,train,F02,1,15.0,2202,6,1,6,1,1,1,0,0.255,g00,pre100_post100
1780,SA12/F02_SA12_R03.txt,train,F02,1,15.0,2258,6,1,6,1,0,0,0,,g00,pre100_post100
1781,SA12/F02_SA12_R04.txt,train,F02,1,15.0,1940,5,1,5,1,0,0,0,,g00,pre100_post100
1782,SA12/F02_SA12_R05.txt,train,F02,1,15.0,2004,5,0,5,0,0,0,0,,g00,pre100_post100
1783,SA12/F03_SA12_R01.txt,train,F03,1,15.0,1722,5,1,5,1,1,1,0,0.34,g00,pre100_post100
1784,SA12/F03_SA12_R02.txt,train,F03,1,15.0,1852,5,1,5,1,0,0,0,,g00,pre100_post100
1785,SA12/F03_SA12_R03.txt,train,F03,1,15.0,1894,6,1,6,1,1,1,0,1.29,g00,pre100_post100
1786,SA12/F03_SA12_R04.txt,train,F03,1,15.0,1949,6,1,6,1,1,1,0,0.915,g00,pre100_post100
1787,SA12/F03_SA12_R05.txt,train,F03,1,15.0,2310,6,1,6,1,0,0,0,,g00,pre100_post100
1788,SA12/F04_SA12_R01.txt,train,F04,1,15.0,1606,5,1,5,1,1,1,0,0.845,g00,pre100_post100
1789,SA12/F04_SA12_R02.txt,train,F04,1,15.0,1583,5,1,5,1,1,1,0,0.52,g00,pre100_post100
1790,SA12/F04_SA12_R03.txt,train,F04,1,14.995,1796,5,1,5,1,1,1,0,0.215,g00,pre100_post100
1791,SA12/F04_SA12_R04.txt,train,F04,1,15.0,1685,5,1,5,1,1,1,0,0.7,g00,pre100_post100
1792,SA12/F04_SA12_R05.txt,train,F04,1,15.0,1712,5,1,5,1,1,1,0,0.49,g00,pre100_post100
1793,SA12/F05_SA12_R01.txt,train,F05,1,15.0,751,3,1,3,1,1,1,0,0.88,g00,pre100_post100
1794,SA12/F05_SA12_R02.txt,train,F05,1,15.0,899,3,1,3,1,1,1,0,0.12,g00,pre100_post100
1795,SA12/F05_SA12_R03.txt,train,F05,1,15.0,863,3,1,3,1,1,1,0,0.24,g00,pre100_post100
1796,SA12/F05_SA12_R04.txt,train,F05,1,15.0,839,3,1,3,1,1,1,0,0.535,g00,pre100_post100
1797,SA12/F05_SA12_R05.txt,train,F05,1,15.0,791,3,1,3,1,1,1,0,0.44,g00,pre100_post100
1798,SA12/F06_SA12_R01.txt,train,F06,1,14.995,1624,5,1,5,1,0,0,0,,g00,pre100_post100
1799,SA12/F06_SA12_R02.txt,train,F06,1,15.0,1902,6,1,6,1,1,1,0,1.065,g00,pre100_post100
1800,SA12/F06_SA12_R03.txt,train,F06,1,14.995,1439,5,1,5,1,1,1,0,1.085,g00,pre100_post100
1801,SA12/F06_SA12_R04.txt,train,F06,1,14.995,1682,5,1,5,1,1,1,0,0.305,g00,pre100_post100
1802,SA12/F06_SA12_R05.txt,train,F06,1,15.0,1627,5,1,5,1,0,0,0,,g00,pre100_post100
1803,SA12/F07_SA12_R01.txt,train,F07,1,15.0,1419,4,1,4,1,1,1,0,0.375,g00,pre100_post100
1804,SA12/F07_SA12_R02.txt,train,F07,1,15.0,1521,4,1,4,1,0,0,0,,g00,pre100_post100
1805,SA12/F07_SA12_R03.txt,train,F07,1,15.0,1361,4,1,4,1,1,1,0,0.455,g00,pre100_post100
1806,SA12/F07_SA12_R04.txt,train,F07,1,15.0,1572,5,1,5,1,1,1,0,0.7,g00,pre100_post100
1807,SA12/F07_SA12_R05.txt,train,F07,1,14.995,1540,5,1,5,1,1,1,0,1.065,g00,pre100_post100
1808,SA12/F08_SA12_R01.txt,train,F08,1,15.0,1266,2,1,2,1,1,1,0,0.815,g00,pre100_post100
1809,SA12/F08_SA12_R02.txt,train,F08,1,15.0,1199,1,0,1,0,0,0,0,,g00,pre100_post100
1810,SA12/F08_SA12_R03.txt,train,F08,1,15.0,1158,1,1,1,1,1,1,0,0.39,g00,pre100_post100
1811,SA12/F08_SA12_R04.txt,train,F08,1,15.0,1051,2,1,2,1,1,1,0,1.155,g00,pre100_post100
1812,SA12/F08_SA12_R05.txt,train,F08,1,15.0,1118,2,1,2,1,1,1,0,1.185,g00,pre100_post100
1813,SA12/F09_SA12_R01.txt,train,F09,1,15.0,1198,1,0,1,0,0,0,0,,g00,pre100_post100
1814,SA12/F09_SA12_R02.txt,train,F09,1,15.0,1116,1,1,1,1,0,0,0,,g00,pre100_post100
1815,SA12/F09_SA12_R03.txt,train,F09,1,15.0,1219,2,1,2,1,1,1,0,0.96,g00,pre100_post100
1816,SA12/F09_SA12_R04.txt,train,F09,1,15.0,1087,2,1,2,1,1,1,0,1.115,g00,pre100_post100
1817,SA12/F09_SA12_R05.txt,train,F09,1,15.0,1157,1,1,1,1,0,0,0,,g00,pre100_post100
1818,SA12/F10_SA12_R01.txt,train,F10,1,15.0,1233,1,1,1,1,1,1,0,0.27,g00,pre100_post100
1819,SA12/F10_SA12_R02.txt,train,F10,1,15.0,1190,1,1,1,1,1,1,0,0.38,g00,pre100_post100
1820,SA12/F10_SA12_R03.txt,train,F10,1,15.0,1134,1,1,1,1,1,1,0,0.485,g00,pre100_post100
1821,SA12/F10_SA12_R04.txt,train,F10,1,15.0,1256,1,1,1,1,1,1,0,0.34,g00,pre100_post100
1822,SA12/F10_SA12_R05.txt,train,F10,1,15.0,1172,1,1,1,1,1,1,0,0.47,g00,pre100_post100
1823,SA12/F11_SA12_R01.txt,train,F11,1,14.995,1141,1,1,1,1,1,1,0,0.49,g00,pre100_post100
1824,SA12/F11_SA12_R02.txt,train,F11,1,15.0,1173,1,1,1,1,1,1,0,0.495,g00,pre100_post100
1825,SA12/F11_SA12_R03.txt,train,F11,1,15.0,944,1,1,1,1,0,0,0,,g00,pre100_post100
1826,SA12/F11_SA12_R04.txt,train,F11,1,15.0,961,1,1,1,1,1,1,0,0.5,g00,pre100_post100
1827,SA12/F11_SA12_R05.txt,train,F11,1,15.0,1183,1,1,1,1,1,1,0,0.18,g00,pre100_post100
1828,SA12/F12_SA12_R01.txt,train,F12,1,15.0,1004,1,1,1,1,1,1,0,0.48,g00,pre100_post100
1829,SA12/F12_SA12_R02.txt,train,F12,1,15.0,1046,1,1,1,1,1,1,0,0.435,g00,pre100_post100
1830,SA12/F12_SA12_R03.txt,train,F12,1,15.0,1279,1,1,1,1,1,1,0,0.46,g00,pre100_post100
1831,SA12/F12_SA12_R04.txt,train,F12,1,15.0,1127,1,1,1,1,1,1,0,0.5,g00,pre100_post100
1832,SA12/F12_SA12_R05.txt,train,F12,1,15.0,1277,1,1,1,1,1,1,0,0.49,g00,pre100_post100
1833,SA12/F13_SA12_R01.txt,train,F13,1,15.0,1704,1,1,1,1,0,0,0,,g00,pre100_post100
1834,SA12/F13_SA12_R02.txt,train,F13,1,15.0,921,1,1,1,1,1,1,0,0.045,g00,pre100_post100
1835,SA12/F13_SA12_R03.txt,train,F13,1,15.0,1175,1,1,1,1,1,1,0,0.16,g00,pre100_post100
1836,SA12/F13_SA12_R04.txt,train,F13,1,15.0,1075,1,1,1,1,1,1,0,0.235,g00,pre100_post100
1837,SA12/F13_SA12_R05.txt,train,F13,1,15.0,1551,1,1,1,1,0,0,0,,g00,pre100_post100
1838,SA12/F14_SA12_R01.txt,train,F14,1,15.0,867,1,1,1,1,1,1,0,0.495,g00,pre100_post100
1839,SA12/F14_SA12_R02.txt,train,F14,1,15.0,959,1,1,1,1,1,1,0,0.29,g00,pre100_post100
1840,SA12/F14_SA12_R03.txt,train,F14,1,15.0,1154,1,1,1,1,0,0,0,,g00,pre100_post100
1841,SA12/F14_SA12_R04.txt,train,F14,1,15.0,1168,1,1,1,1,1,1,0,0.485,g00,pre100_post100
1842,SA12/F14_SA12_R05.txt,train,F14,1,15.0,1189,1,1,1,1,0,0,0,,g00,pre100_post100
1843,SA12/F15_SA12_R01.txt,train,F15,1,15.0,1242,1,1,1,1,1,1,0,0.32,g00,pre100_post100
1844,SA12/F15_SA12_R02.txt,train,F15,1,15.0,1305,1,1,1,1,1,1,0,0.455,g00,pre100_post100
1845,SA12/F15_SA12_R03.txt,train,F15,1,15.0,1223,1,1,1,1,1,1,0,0.49,g00,pre100_post100
1846,SA12/F15_SA12_R04.txt,train,F15,1,15.0,1236,1,1,1,1,1,1,0,0.5,g00,pre100_post100
1847,SA12/F15_SA12_R05.txt,train,F15,1,15.0,1232,1,1,1,1,1,1,0,0.19,g00,pre100_post100
2002,SA14/D01_SA14_R01.txt,train,D01,0,99.995,981,56,0,55,0,0,0,0,,g00,pre100_post100
2003,SA14/D02_SA14_R01.txt,train,D02,0,100.0,8585,63,0,61,0,0,0,0,,g00,pre100_post100
2004,SA14/D03_SA14_R01.txt,train,D03,0,100.0,12928,56,0,55,0,0,0,0,,g00,pre100_post100
2005,SA14/D04_SA14_R01.txt,train,D04,0,99.995,6178,58,0,56,0,0,0,0,,g00,pre100_post100
2006,SA14/D05_SA14_R01.txt,train,D05,0,25.0,3113,9,0,8,0,0,0,0,,g00,pre100_post100
2007,SA14/D05_SA14_R02.txt,train,D05,0,25.0,3130,10,0,10,0,0,0,0,,g00,pre100_post100
2008,SA14/D05_SA14_R03.txt,train,D05,0,25.0,3305,12,0,11,0,0,0,0,,g00,pre100_post100
2009,SA14/D05_SA14_R04.txt,train,D05,0,25.0,3265,12,0,11,0,0,0,0,,g00,pre100_post100
2010,SA14/D05_SA14_R05.txt,train,D05,0,24.995,3010,10,0,10,0,0,0,0,,g00,pre100_post100
2011,SA14/D06_SA14_R01.txt,train,D06,0,25.0,2414,7,0,7,0,0,0,0,,g00,pre100_post100
2012,SA14/D06_SA14_R02.txt,train,D06,0,24.995,1868,6,0,6,0,0,0,0,,g00,pre100_post100
2013,SA14/D06_SA14_R03.txt,train,D06,0,25.0,2031,8,0,7,0,0,0,0,,g00,pre100_post100
2014,SA14/D06_SA14_R04.txt,train,D06,0,25.0,2439,7,0,7,0,0,0,0,,g00,pre100_post100
2015,SA14/D06_SA14_R05.txt,train,D06,0,25.0,2192,7,0,7,0,0,0,0,,g00,pre100_post100
2016,SA14/D07_SA14_R01.txt,train,D07,0,12.0,1797,2,0,2,0,0,0,0,,g00,pre100_post100
2017,SA14/D07_SA14_R02.txt,train,D07,0,12.0,2088,2,0,2,0,0,0,0,,g00,pre100_post100
2018,SA14/D07_SA14_R03.txt,train,D07,0,12.0,1598,2,0,2,0,0,0,0,,g00,pre100_post100
2019,SA14/D07_SA14_R04.txt,train,D07,0,12.0,658,2,0,2,0,0,0,0,,g00,pre100_post100
2020,SA14/D07_SA14_R05.txt,train,D07,0,12.0,608,2,0,2,0,0,0,0,,g00,pre100_post100
2021,SA14/D08_SA14_R01.txt,train,D08,0,12.0,678,2,0,2,0,0,0,0,,g00,pre100_post100
2022,SA14/D08_SA14_R02.txt,train,D08,0,12.0,608,2,0,2,0,0,0,0,,g00,pre100_post100
2023,SA14/D08_SA14_R03.txt,train,D08,0,12.0,658,3,0,3,0,0,0,0,,g00,pre100_post100
2024,SA14/D08_SA14_R04.txt,train,D08,0,12.0,660,2,0,2,0,0,0,0,,g00,pre100_post100
2025,SA14/D08_SA14_R05.txt,train,D08,0,12.0,636,3,0,2,0,0,0,0,,g00,pre100_post100
2026,SA14/D09_SA14_R01.txt,train,D09,0,12.0,833,2,0,2,0,0,0,0,,g00,pre100_post100
2027,SA14/D09_SA14_R02.txt,train,D09,0,12.0,679,3,0,3,0,0,0,0,,g00,pre100_post100
2028,SA14/D09_SA14_R03.txt,train,D09,0,12.0,1007,3,0,3,0,0,0,0,,g00,pre100_post100
2029,SA14/D09_SA14_R04.txt,train,D09,0,12.0,1000,2,0,2,0,0,0,0,,g00,pre100_post100
2030,SA14/D09_SA14_R05.txt,train,D09,0,12.0,929,2,0,2,0,0,0,0,,g00,pre100_post100
2031,SA14/D10_SA14_R01.txt,train,D10,0,12.0,735,2,0,2,0,0,0,0,,g00,pre100_post100
2032,SA14/D10_SA14_R02.txt,train,D10,0,12.0,594,2,0,2,0,0,0,0,,g00,pre100_post100
2033,SA14/D10_SA14_R03.txt,train,D10,0,12.0,688,2,0,2,0,0,0,0,,g00,pre100_post100
2034,SA14/D10_SA14_R04.txt,train,D10,0,12.0,613,2,0,2,0,0,0,0,,g00,pre100_post100
2035,SA14/D10_SA14_R05.txt,train,D10,0,12.0,627,2,0,2,0,0,0,0,,g00,pre100_post100
2036,SA14/D11_SA14_R01.txt,train,D11,0,11.995,1336,1,0,1,0,0,0,0,,g00,pre100_post100
2037,SA14/D11_SA14_R02.txt,train,D11,0,12.0,1529,1,0,1,0,0,0,0,,g00,pre100_post100
2038,SA14/D11_SA14_R03.txt,train,D11,0,12.0,1197,1,0,1,0,0,0,0,,g00,pre100_post100
2039,SA14/D11_SA14_R04.txt,train,D11,0,12.0,1405,1,0,1,0,0,0,0,,g00,pre100_post100
2040,SA14/D11_SA14_R05.txt,train,D11,0,12.0,1143,1,0,1,0,0,0,0,,g00,pre100_post100
2041,SA14/D12_SA14_R01.txt,train,D12,0,12.0,570,0,0,0,0,0,0,0,,g00,pre100_post100
2042,SA14/D12_SA14_R02.txt,train,D12,0,12.0,682,1,0,1,0,0,0,0,,g00,pre100_post100
2043,SA14/D12_SA14_R03.txt,train,D12,0,12.0,856,1,0,1,0,0,0,0,,g00,pre100_post100
2044,SA14/D12_SA14_R04.txt,train,D12,0,12.0,768,2,0,2,0,0,0,0,,g00,pre100_post100
2045,SA14/D12_SA14_R05.txt,train,D12,0,12.0,741,1,0,1,0,0,0,0,,g00,pre100_post100
2046,SA14/D13_SA14_R01.txt,train,D13,0,12.0,585,2,0,2,0,0,0,0,,g00,pre100_post100
2047,SA14/D13_SA14_R02.txt,train,D13,0,12.0,1388,2,0,2,0,0,0,0,,g00,pre100_post100
2048,SA14/D13_SA14_R03.txt,train,D13,0,12.0,805,2,0,2,0,0,0,0,,g00,pre100_post100
2049,SA14/D13_SA14_R04.txt,train,D13,0,12.0,808,2,0,2,0,0,0,0,,g00,pre100_post100
2050,SA14/D13_SA14_R05.txt,train,D13,0,12.0,1473,2,0,2,0,0,0,0,,g00,pre100_post100
2051,SA14/D14_SA14_R01.txt,train,D14,0,12.0,1985,2,0,2,0,0,0,0,,g00,pre100_post100
2052,SA14/D14_SA14_R02.txt,train,D14,0,12.0,757,2,0,2,0,0,0,0,,g00,pre100_post100
2053,SA14/D14_SA14_R03.txt,train,D14,0,12.0,1048,2,0,1,0,0,0,0,,g00,pre100_post100
2054,SA14/D14_SA14_R04.txt,train,D14,0,12.0,668,2,0,2,0,0,0,0,,g00,pre100_post100
2055,SA14/D14_SA14_R05.txt,train,D14,0,12.0,1995,1,0,1,0,0,0,0,,g00,pre100_post100
2056,SA14/D15_SA14_R01.txt,train,D15,0,12.0,602,3,0,3,0,0,0,0,,g00,pre100_post100
2057,SA14/D15_SA14_R02.txt,train,D15,0,12.0,2166,3,0,3,0,0,0,0,,g00,pre100_post100
2058,SA14/D15_SA14_R03.txt,train,D15,0,12.0,1784,3,0,3,0,0,0,0,,g00,pre100_post100
2059,SA14/D15_SA14_R04.txt,train,D15,0,12.0,846,2,0,2,0,0,0,0,,g00,pre100_post100
2060,SA14/D15_SA14_R05.txt,train,D15,0,12.0,925,3,0,3,0,0,0,0,,g00,pre100_post100
2061,SA14/D16_SA14_R01.txt,train,D16,0,11.995,692,2,0,2,0,0,0,0,,g00,pre100_post100
2062,SA14/D16_SA14_R02.txt,train,D16,0,12.0,770,4,0,4,0,0,0,0,,g00,pre100_post100
2063,SA14/D16_SA14_R03.txt,train,D16,0,12.0,599,4,0,4,0,0,0,0,,g00,pre100_post100
2064,SA14/D16_SA14_R04.txt,train,D16,0,12.0,613,2,0,2,0,0,0,0,,g00,pre100_post100
2065,SA14/D16_SA14_R05.txt,train,D16,0,12.0,663,2,0,2,0,0,0,0,,g00,pre100_post100
2066,SA14/D17_SA14_R01.txt,train,D17,0,24.995,3271,4,0,4,0,0,0,0,,g00,pre100_post100
2067,SA14/D17_SA14_R02.txt,train,D17,0,25.0,3571,4,0,4,0,0,0,0,,g00,pre100_post100
2068,SA14/D17_SA14_R03.txt,train,D17,0,25.0,1138,4,0,4,0,0,0,0,,g00,pre100_post100
2069,SA14/D17_SA14_R04.txt,train,D17,0,25.0,3637,5,0,5,0,0,0,0,,g00,pre100_post100
2070,SA14/D17_SA14_R05.txt,train,D17,0,25.0,4102,4,0,4,0,0,0,0,,g00,pre100_post100
2071,SA14/D18_SA14_R01.txt,train,D18,0,12.0,846,7,0,6,0,0,0,0,,g00,pre100_post100
2072,SA14/D18_SA14_R02.txt,train,D18,0,12.0,1073,6,0,6,0,0,0,0,,g00,pre100_post100
2073,SA14/D18_SA14_R03.txt,train,D18,0,12.0,1272,6,0,6,0,0,0,0,,g00,pre100_post100
2074,SA14/D18_SA14_R04.txt,train,D18,0,12.0,1004,7,0,6,0,0,0,0,,g00,pre100_post100
2075,SA14/D18_SA14_R05.txt,train,D18,0,12.0,922,7,0,7,0,0,0,0,,g00,pre100_post100
2076,SA14/D19_SA14_R01.txt,train,D19,0,12.0,243,2,0,2,0,0,0,0,,g00,pre100_post100
2077,SA14/D19_SA14_R02.txt,train,D19,0,12.0,1259,2,0,2,0,0,0,0,,g00,pre100_post100
2078,SA14/D19_SA14_R03.txt,train,D19,0,12.0,993,2,0,2,0,0,0,0,,g00,pre100_post100
2079,SA14/D19_SA14_R04.txt,train,D19,0,12.0,1793,3,0,3,0,0,0,0,,g00,pre100_post100
2080,SA14/D19_SA14_R05.txt,train,D19,0,12.0,1335,3,0,3,0,0,0,0,,g00,pre100_post100
2081,SA14/F01_SA14_R01.txt,train,F01,1,14.995,1337,5,0,5,0,0,0,0,,g00,pre100_post100
2082,SA14/F01_SA14_R02.txt,train,F01,1,14.91,1307,4,1,3,1,1,1,0,0.145,g00,pre100_post100
2083,SA14/F01_SA14_R03.txt,train,F01,1,15.0,1437,4,1,4,1,0,0,0,,g00,pre100_post100
2084,SA14/F01_SA14_R04.txt,train,F01,1,15.0,1267,4,1,4,1,1,1,0,0.34,g00,pre100_post100
2085,SA14/F01_SA14_R05.txt,train,F01,1,15.0,1262,4,1,4,1,1,1,0,0.4,g00,pre100_post100
2086,SA14/F02_SA14_R01.txt,train,F02,1,15.0,1710,6,1,6,1,0,0,0,,g00,pre100_post100
2087,SA14/F02_SA14_R02.txt,train,F02,1,15.0,1654,6,1,6,1,0,0,0,,g00,pre100_post100
2088,SA14/F02_SA14_R03.txt,train,F02,1,15.0,1564,5,1,5,1,1,1,0,0.73,g00,pre100_post100
2089,SA14/F02_SA14_R04.txt,train,F02,1,15.0,1526,5,1,5,1,1,1,0,0.735,g00,pre100_post100
2090,SA14/F02_SA14_R05.txt,train,F02,1,15.0,1449,5,1,5,1,1,1,0,1.045,g00,pre100_post100
2091,SA14/F03_SA14_R01.txt,train,F03,1,15.0,671,3,1,3,1,1,1,0,1.045,g00,pre100_post100
2092,SA14/F03_SA14_R02.txt,train,F03,1,15.0,807,3,1,3,1,1,1,0,0.795,g00,pre100_post100
2093,SA14/F03_SA14_R03.txt,train,F03,1,15.0,848,3,1,3,1,1,1,0,0.42,g00,pre100_post100
2094,SA14/F03_SA14_R04.txt,train,F03,1,15.0,899,3,1,3,1,0,0,0,,g00,pre100_post100
2095,SA14/F03_SA14_R05.txt,train,F03,1,15.0,838,3,1,2,1,1,1,0,0.295,g00,pre100_post100
2096,SA14/F04_SA14_R01.txt,train,F04,1,15.0,1153,4,1,4,1,1,1,0,0.825,g00,pre100_post100
2097,SA14/F04_SA14_R02.txt,train,F04,1,15.0,1033,4,1,3,1,1,1,0,0.71,g00,pre100_post100
2098,SA14/F04_SA14_R03.txt,train,F04,1,15.0,1127,4,1,4,1,1,1,0,0.47,g00,pre100_post100
2099,SA14/F04_SA14_R04.txt,train,F04,1,15.0,1116,4,1,4,1,1,1,0,0.505,g00,pre100_post100
2100,SA14/F04_SA14_R05.txt,train,F04,1,14.995,1132,4,1,3,1,1,1,0,0.495,g00,pre100_post100
2101,SA14/F05_SA14_R01.txt,train,F05,1,15.0,868,3,1,2,1,1,1,0,0.16,g00,pre100_post100
2102,SA14/F05_SA14_R02.txt,train,F05,1,15.0,814,3,1,2,1,1,1,0,0.22,g00,pre100_post100
2103,SA14/F05_SA14_R03.txt,train,F05,1,15.0,911,4,1,3,1,0,0,0,,g00,pre100_post100
2104,SA14/F05_SA14_R04.txt,train,F05,1,15.0,835,3,1,3,1,1,1,0,0.245,g00,pre100_post100
2105,SA14/F05_SA14_R05.txt,train,F05,1,15.0,905,3,1,3,1,1,1,0,0.205,g00,pre100_post100
2106,SA14/F06_SA14_R01.txt,train,F06,1,14.995,1409,5,1,5,1,1,1,0,0.725,g00,pre100_post100
2107,SA14/F06_SA14_R02.txt,train,F06,1,14.905,1303,4,1,4,1,0,0,0,,g00,pre100_post100
2108,SA14/F06_SA14_R03.txt,train,F06,1,15.0,1314,5,1,4,1,1,1,0,0.74,g00,pre100_post100
2109,SA14/F06_SA14_R04.txt,train,F06,1,15.0,1323,5,1,5,1,1,1,0,1.07,g00,pre100_post100
2110,SA14/F06_SA14_R05.txt,train,F06,1,15.0,1327,4,1,4,1,0,0,0,,g00,pre100_post100
2111,SA14/F07_SA14_R01.txt,train,F07,1,15.0,1371,5,1,5,1,1,1,0,0.95,g00,pre100_post100
2112,SA14/F07_SA14_R02.txt,train,F07,1,15.0,1247,5,1,5,1,1,0,1,,g00,pre100_post100
2113,SA14/F07_SA14_R03.txt,train,F07,1,15.0,1226,4,1,4,1,1,1,0,0.365,g00,pre100_post100
2114,SA14/F07_SA14_R04.txt,train,F07,1,15.0,1468,5,1,5,1,1,1,0,0.735,g00,pre100_post100
2115,SA14/F07_SA14_R05.txt,train,F07,1,15.0,1360,4,1,4,1,0,0,0,,g00,pre100_post100
2116,SA14/F08_SA14_R01.txt,train,F08,1,15.0,659,2,1,2,1,1,1,0,0.405,g00,pre100_post100
2117,SA14/F08_SA14_R02.txt,train,F08,1,15.0,1160,2,1,2,1,1,1,0,1.015,g00,pre100_post100
2118,SA14/F08_SA14_R03.txt,train,F08,1,15.0,1027,2,1,2,1,1,1,0,0.71,g00,pre100_post100
2119,SA14/F08_SA14_R04.txt,train,F08,1,15.0,1424,2,1,2,1,1,1,0,0.985,g00,pre100_post100
2120,SA14/F08_SA14_R05.txt,train,F08,1,14.995,996,2,1,2,1,1,1,0,0.745,g00,pre100_post100
2121,SA14/F09_SA14_R01.txt,train,F09,1,15.0,972,2,1,2,1,1,1,0,0.745,g00,pre100_post100
2122,SA14/F09_SA14_R02.txt,train,F09,1,15.0,1144,2,1,2,1,1,1,0,1.04,g00,pre100_post100
2123,SA14/F09_SA14_R03.txt,train,F09,1,15.0,963,2,1,2,1,1,1,0,1.085,g00,pre100_post100
2124,SA14/F09_SA14_R04.txt,train,F09,1,15.0,844,2,1,2,1,1,1,0,0.745,g00,pre100_post100
2125,SA14/F09_SA14_R05.txt,train,F09,1,15.0,939,2,1,2,1,1,1,0,0.745,g00,pre100_post100
2126,SA14/F10_SA14_R01.txt,train,F10,1,15.0,1014,1,1,1,1,1,1,0,0.195,g00,pre100_post100
2127,SA14/F10_SA14_R02.txt,train,F10,1,15.0,764,1,1,1,1,0,0,0,,g00,pre100_post100
2128,SA14/F10_SA14_R03.txt,train,F10,1,15.0,1046,2,1,2,1,1,1,0,1.26,g00,pre100_post100
2129,SA14/F10_SA14_R04.txt,train,F10,1,15.0,763,1,1,1,1,1,1,0,0.475,g00,pre100_post100
2130,SA14/F10_SA14_R05.txt,train,F10,1,15.0,908,2,1,2,1,1,1,0,1.055,g00,pre100_post100
2131,SA14/F11_SA14_R01.txt,train,F11,1,14.995,737,1,1,1,1,0,0,0,,g00,pre100_post100
2132,SA14/F11_SA14_R02.txt,train,F11,1,14.91,798,1,1,1,1,0,0,0,,g00,pre100_post100
2133,SA14/F11_SA14_R03.txt,train,F11,1,15.0,1088,1,1,1,1,0,0,0,,g00,pre100_post100
2134,SA14/F11_SA14_R04.txt,train,F11,1,15.0,808,1,0,1,0,0,0,0,,g00,pre100_post100
2135,SA14/F11_SA14_R05.txt,train,F11,1,15.0,958,1,1,1,1,0,0,0,,g00,pre100_post100
2136,SA14/F12_SA14_R01.txt,train,F12,1,14.995,790,1,1,1,1,0,0,0,,g00,pre100_post100
2137,SA14/F12_SA14_R02.txt,train,F12,1,15.0,752,2,1,2,1,1,1,0,1.025,g00,pre100_post100
2138,SA14/F12_SA14_R03.txt,train,F12,1,15.0,877,2,1,2,1,0,0,0,,g00,pre100_post100
2139,SA14/F12_SA14_R04.txt,train,F12,1,15.0,714,1,1,1,1,0,0,0,,g00,pre100_post100
2140,SA14/F12_SA14_R05.txt,train,F12,1,15.0,929,1,1,1,1,0,0,0,,g00,pre100_post100
2141,SA14/F13_SA14_R01.txt,train,F13,1,15.0,930,2,1,2,1,1,1,0,1.225,g00,pre100_post100
2142,SA14/F13_SA14_R02.txt,train,F13,1,15.0,898,1,1,1,1,0,0,0,,g00,pre100_post100
2143,SA14/F13_SA14_R03.txt,train,F13,1,15.0,1118,1,1,1,1,0,0,0,,g00,pre100_post100
2144,SA14/F13_SA14_R04.txt,train,F13,1,15.0,791,1,0,1,0,0,0,0,,g00,pre100_post100
2145,SA14/F13_SA14_R05.txt,train,F13,1,15.0,887,1,1,1,1,0,0,0,,g00,pre100_post100
2146,SA14/F14_SA14_R01.txt,train,F14,1,15.0,640,1,1,1,1,1,1,0,0.48,g00,pre100_post100
2147,SA14/F14_SA14_R02.txt,train,F14,1,15.0,791,1,1,1,1,1,1,0,0.475,g00,pre100_post100
2148,SA14/F14_SA14_R03.txt,train,F14,1,15.0,908,1,1,1,1,1,1,0,0.41,g00,pre100_post100
2149,SA14/F14_SA14_R04.txt,train,F14,1,15.0,676,1,1,1,1,1,1,0,0.435,g00,pre100_post100
2150,SA14/F14_SA14_R05.txt,train,F14,1,15.0,976,1,1,1,1,1,1,0,0.485,g00,pre100_post100
2151,SA14/F15_SA14_R01.txt,train,F15,1,15.0,813,1,1,1,1,1,1,0,0.5,g00,pre100_post100
2152,SA14/F15_SA14_R02.txt,train,F15,1,15.0,886,1,1,1,1,1,1,0,0.49,g00,pre100_post100
2153,SA14/F15_SA14_R03.txt,train,F15,1,15.0,704,1,1,1,1,1,1,0,0.51,g00,pre100_post100
2154,SA14/F15_SA14_R04.txt,train,F15,1,15.0,638,1,1,1,1,1,1,0,0.515,g00,pre100_post100
2155,SA14/F15_SA14_R05.txt,train,F15,1,15.0,818,1,1,1,1,1,1,0,0.48,g00,pre100_post100
2156,SA15/D01_SA15_R01.txt,train,D01,0,99.995,8372,56,0,55,0,0,0,0,,g00,pre100_post100
2157,SA15/D02_SA15_R01.txt,train,D02,0,100.0,7269,62,0,60,0,0,0,0,,g00,pre100_post100
2158,SA15/D03_SA15_R01.txt,train,D03,0,100.0,4665,63,0,62,0,0,0,0,,g00,pre100_post100
2159,SA15/D04_SA15_R01.txt,train,D04,0,100.0,430,58,0,57,0,0,0,0,,g00,pre100_post100
2160,SA15/D05_SA15_R01.txt,train,D05,0,25.0,2764,10,0,9,0,0,0,0,,g00,pre100_post100
2161,SA15/D05_SA15_R02.txt,train,D05,0,25.0,3249,9,0,9,0,0,0,0,,g00,pre100_post100
2162,SA15/D05_SA15_R03.txt,train,D05,0,25.0,3637,11,0,11,0,0,0,0,,g00,pre100_post100
2163,SA15/D05_SA15_R04.txt,train,D05,0,25.0,3981,11,0,11,0,0,0,0,,g00,pre100_post100
2164,SA15/D05_SA15_R05.txt,train,D05,0,25.0,3913,11,0,11,0,0,0,0,,g00,pre100_post100
2165,SA15/D06_SA15_R01.txt,train,D06,0,24.995,2096,6,0,6,0,0,0,0,,g00,pre100_post100
2166,SA15/D06_SA15_R02.txt,train,D06,0,25.0,449,6,0,6,0,0,0,0,,g00,pre100_post100
2167,SA15/D06_SA15_R03.txt,train,D06,0,25.0,2005,6,0,6,0,0,0,0,,g00,pre100_post100
2168,SA15/D06_SA15_R04.txt,train,D06,0,25.0,2403,7,0,7,0,0,0,0,,g00,pre100_post100
2169,SA15/D06_SA15_R05.txt,train,D06,0,25.0,2301,6,0,6,0,0,0,0,,g00,pre100_post100
2170,SA15/D07_SA15_R01.txt,train,D07,0,12.0,613,2,0,2,0,0,0,0,,g00,pre100_post100
2171,SA15/D07_SA15_R02.txt,train,D07,0,12.0,890,2,0,2,0,0,0,0,,g00,pre100_post100
2172,SA15/D07_SA15_R03.txt,train,D07,0,12.0,724,2,0,2,0,0,0,0,,g00,pre100_post100
2173,SA15/D07_SA15_R04.txt,train,D07,0,12.0,686,2,0,2,0,0,0,0,,g00,pre100_post100
2174,SA15/D07_SA15_R05.txt,train,D07,0,12.0,586,2,0,2,0,0,0,0,,g00,pre100_post100
2175,SA15/D08_SA15_R01.txt,train,D08,0,12.0,762,2,0,2,0,0,0,0,,g00,pre100_post100
2176,SA15/D08_SA15_R02.txt,train,D08,0,12.0,737,2,0,2,0,0,0,0,,g00,pre100_post100
2177,SA15/D08_SA15_R03.txt,train,D08,0,12.0,688,2,0,2,0,0,0,0,,g00,pre100_post100
2178,SA15/D08_SA15_R04.txt,train,D08,0,12.0,614,2,0,2,0,0,0,0,,g00,pre100_post100
2179,SA15/D08_SA15_R05.txt,train,D08,0,12.0,686,2,0,2,0,0,0,0,,g00,pre100_post100
2180,SA15/D09_SA15_R01.txt,train,D09,0,12.0,614,2,0,2,0,0,0,0,,g00,pre100_post100
2181,SA15/D09_SA15_R02.txt,train,D09,0,12.0,704,2,0,2,0,0,0,0,,g00,pre100_post100
2182,SA15/D09_SA15_R03.txt,train,D09,0,12.0,779,2,0,2,0,0,0,0,,g00,pre100_post100
2183,SA15/D09_SA15_R04.txt,train,D09,0,12.0,775,2,0,2,0,0,0,0,,g00,pre100_post100
2184,SA15/D09_SA15_R05.txt,train,D09,0,12.0,743,2,0,2,0,0,0,0,,g00,pre100_post100
2185,SA15/D10_SA15_R01.txt,train,D10,0,12.0,612,2,0,2,0,0,0,0,,g00,pre100_post100
2186,SA15/D10_SA15_R02.txt,train,D10,0,12.0,517,2,0,2,0,0,0,0,,g00,pre100_post100
2187,SA15/D10_SA15_R03.txt,train,D10,0,12.0,591,2,0,2,0,0,0,0,,g00,pre100_post100
2188,SA15/D10_SA15_R04.txt,train,D10,0,12.0,580,2,0,2,0,0,0,0,,g00,pre100_post100
2189,SA15/D10_SA15_R05.txt,train,D10,0,12.0,596,2,0,2,0,0,0,0,,g00,pre100_post100
2190,SA15/D11_SA15_R01.txt,train,D11,0,11.995,1225,1,0,1,0,0,0,0,,g00,pre100_post100
2191,SA15/D11_SA15_R02.txt,train,D11,0,12.0,1513,1,0,1,0,0,0,0,,g00,pre100_post100
2192,SA15/D11_SA15_R03.txt,train,D11,0,12.0,1409,1,0,1,0,0,0,0,,g00,pre100_post100
2193,SA15/D11_SA15_R04.txt,train,D11,0,12.0,1392,1,0,1,0,0,0,0,,g00,pre100_post100
2194,SA15/D11_SA15_R05.txt,train,D11,0,12.0,1236,1,0,1,0,0,0,0,,g00,pre100_post100
2195,SA15/D12_SA15_R01.txt,train,D12,0,12.0,777,2,0,2,0,0,0,0,,g00,pre100_post100
2196,SA15/D12_SA15_R02.txt,train,D12,0,12.0,817,1,0,1,0,0,0,0,,g00,pre100_post100
2197,SA15/D12_SA15_R03.txt,train,D12,0,12.0,818,2,0,2,0,0,0,0,,g00,pre100_post100
2198,SA15/D12_SA15_R04.txt,train,D12,0,11.995,685,1,0,1,0,0,0,0,,g00,pre100_post100
2199,SA15/D12_SA15_R05.txt,train,D12,0,12.0,995,0,0,0,0,0,0,0,,g00,pre100_post100
2200,SA15/D13_SA15_R01.txt,train,D13,0,12.0,616,2,0,2,0,0,0,0,,g00,pre100_post100
2201,SA15/D13_SA15_R02.txt,train,D13,0,12.0,510,2,0,2,0,0,0,0,,g00,pre100_post100
2202,SA15/D13_SA15_R03.txt,train,D13,0,12.0,575,2,0,2,0,0,0,0,,g00,pre100_post100
2203,SA15/D13_SA15_R04.txt,train,D13,0,12.0,646,2,0,2,0,0,0,0,,g00,pre100_post100
2204,SA15/D13_SA15_R05.txt,train,D13,0,12.0,673,2,0,2,0,0,0,0,,g00,pre100_post100
2205,SA15/D14_SA15_R01.txt,train,D14,0,12.0,1893,3,0,3,0,0,0,0,,g00,pre100_post100
2206,SA15/D14_SA15_R02.txt,train,D14,0,12.0,1927,2,0,2,0,0,0,0,,g00,pre100_post100
2207,SA15/D14_SA15_R03.txt,train,D14,0,12.0,1655,2,0,2,0,0,0,0,,g00,pre100_post100
2208,SA15/D14_SA15_R04.txt,train,D14,0,12.0,1677,2,0,2,0,0,0,0,,g00,pre100_post100
2209,SA15/D14_SA15_R05.txt,train,D14,0,12.0,1873,3,0,3,0,0,0,0,,g00,pre100_post100
2210,SA15/D15_SA15_R01.txt,train,D15,0,12.0,1438,2,0,2,0,0,0,0,,g00,pre100_post100
2211,SA15/D15_SA15_R02.txt,train,D15,0,12.0,2044,2,0,2,0,0,0,0,,g00,pre100_post100
2212,SA15/D15_SA15_R03.txt,train,D15,0,12.0,1304,2,0,2,0,0,0,0,,g00,pre100_post100
2213,SA15/D15_SA15_R04.txt,train,D15,0,12.0,1601,2,0,2,0,0,0,0,,g00,pre100_post100
2214,SA15/D15_SA15_R05.txt,train,D15,0,12.0,1599,2,0,2,0,0,0,0,,g00,pre100_post100
2215,SA15/D16_SA15_R01.txt,train,D16,0,11.995,1325,0,0,0,0,0,0,0,,g00,pre100_post100
2216,SA15/D16_SA15_R02.txt,train,D16,0,12.0,735,0,0,0,0,0,0,0,,g00,pre100_post100
2217,SA15/D16_SA15_R03.txt,train,D16,0,12.0,643,0,0,0,0,0,0,0,,g00,pre100_post100
2218,SA15/D16_SA15_R04.txt,train,D16,0,12.0,617,0,0,0,0,0,0,0,,g00,pre100_post100
2219,SA15/D16_SA15_R05.txt,train,D16,0,12.0,1638,0,0,0,0,0,0,0,,g00,pre100_post100
2220,SA15/D18_SA15_R01.txt,train,D18,0,12.0,824,7,0,7,0,0,0,0,,g00,pre100_post100
2221,SA15/D18_SA15_R02.txt,train,D18,0,12.0,1047,7,0,7,0,0,0,0,,g00,pre100_post100
2222,SA15/D18_SA15_R03.txt,train,D18,0,12.0,1103,7,0,7,0,0,0,0,,g00,pre100_post100
2223,SA15/D18_SA15_R04.txt,train,D18,0,12.0,1030,7,0,7,0,0,0,0,,g00,pre100_post100
2224,SA15/D18_SA15_R05.txt,train,D18,0,12.0,917,7,0,7,0,0,0,0,,g00,pre100_post100
2225,SA15/D19_SA15_R01.txt,train,D19,0,12.0,772,2,0,2,0,0,0,0,,g00,pre100_post100
2226,SA15/D19_SA15_R02.txt,train,D19,0,12.0,1148,2,0,2,0,0,0,0,,g00,pre100_post100
2227,SA15/D19_SA15_R03.txt,train,D19,0,12.0,752,2,0,2,0,0,0,0,,g00,pre100_post100
2228,SA15/D19_SA15_R04.txt,train,D19,0,12.0,1157,2,0,2,0,0,0,0,,g00,pre100_post100
2229,SA15/D19_SA15_R05.txt,train,D19,0,12.0,1309,2,0,2,0,0,0,0,,g00,pre100_post100
2230,SA15/F01_SA15_R01.txt,train,F01,1,14.995,1457,5,1,5,1,1,1,0,0.3,g00,pre100_post100
2231,SA15/F01_SA15_R02.txt,train,F01,1,15.0,1458,4,1,4,1,0,0,0,,g00,pre100_post100
2232,SA15/F01_SA15_R03.txt,train,F01,1,15.0,1539,5,1,5,1,1,1,0,0.22,g00,pre100_post100
2233,SA15/F01_SA15_R04.txt,train,F01,1,15.0,1527,5,1,5,1,1,1,0,0.345,g00,pre100_post100
2234,SA15/F01_SA15_R05.txt,train,F01,1,15.0,1432,5,1,5,1,1,1,0,0.815,g00,pre100_post100
2235,SA15/F02_SA15_R01.txt,train,F02,1,15.0,1355,4,1,4,1,0,0,0,,g00,pre100_post100
2236,SA15/F02_SA15_R02.txt,train,F02,1,15.0,1442,5,1,5,1,1,1,0,0.49,g00,pre100_post100
2237,SA15/F02_SA15_R03.txt,train,F02,1,15.0,1505,5,1,4,1,1,1,0,0.07,g00,pre100_post100
2238,SA15/F02_SA15_R04.txt,train,F02,1,15.0,1556,5,1,5,1,1,1,0,0.365,g00,pre100_post100
2239,SA15/F02_SA15_R05.txt,train,F02,1,15.0,1586,5,1,5,1,0,0,0,,g00,pre100_post100
2240,SA15/F03_SA15_R01.txt,train,F03,1,15.0,1423,5,1,5,1,1,1,0,0.74,g00,pre100_post100
2241,SA15/F03_SA15_R02.txt,train,F03,1,15.0,943,3,1,3,1,1,1,0,0.235,g00,pre100_post100
2242,SA15/F03_SA15_R03.txt,train,F03,1,15.0,1079,3,1,3,1,1,1,0,0.38,g00,pre100_post100
2243,SA15/F03_SA15_R04.txt,train,F03,1,15.0,1163,4,1,4,1,1,1,0,1.025,g00,pre100_post100
2244,SA15/F03_SA15_R05.txt,train,F03,1,15.0,1262,4,1,4,1,1,1,0,0.3,g00,pre100_post100
2245,SA15/F04_SA15_R01.txt,train,F04,1,15.0,1412,5,1,5,1,1,1,0,0.715,g00,pre100_post100
2246,SA15/F04_SA15_R02.txt,train,F04,1,15.0,1368,5,1,5,1,1,1,0,0.72,g00,pre100_post100
2247,SA15/F04_SA15_R03.txt,train,F04,1,15.0,1490,5,1,5,1,1,1,0,0.515,g00,pre100_post100
2248,SA15/F04_SA15_R04.txt,train,F04,1,15.0,1457,4,0,4,0,0,0,0,,g00,pre100_post100
2249,SA15/F04_SA15_R05.txt,train,F04,1,15.0,1458,4,0,4,0,0,0,0,,g00,pre100_post100
2250,SA15/F05_SA15_R01.txt,train,F05,1,15.0,1098,4,1,4,1,0,0,0,,g00,pre100_post100
2251,SA15/F05_SA15_R02.txt,train,F05,1,15.0,1236,4,1,4,1,1,1,0,-0.09,g00,pre100_post100
2252,SA15/F05_SA15_R03.txt,train,F05,1,15.0,1107,4,1,3,1,1,1,0,0.34,g00,pre100_post100
2253,SA15/F05_SA15_R04.txt,train,F05,1,15.0,1121,4,1,4,1,1,1,0,0.16,g00,pre100_post100
2254,SA15/F05_SA15_R05.txt,train,F05,1,15.0,1077,4,1,4,1,1,1,0,0.525,g00,pre100_post100
2255,SA15/F06_SA15_R01.txt,train,F06,1,14.995,1519,5,1,5,1,1,1,0,0.695,g00,pre100_post100
2256,SA15/F06_SA15_R02.txt,train,F06,1,15.0,1581,5,1,5,1,1,1,0,0.36,g00,pre100_post100
2257,SA15/F06_SA15_R03.txt,train,F06,1,15.0,1567,6,1,6,1,1,1,0,0.24,g00,pre100_post100
2258,SA15/F06_SA15_R04.txt,train,F06,1,15.0,1601,5,1,5,1,1,1,0,0.355,g00,pre100_post100
2259,SA15/F06_SA15_R05.txt,train,F06,1,15.0,1576,6,1,6,1,1,1,0,0.39,g00,pre100_post100
2260,SA15/F07_SA15_R01.txt,train,F07,1,15.0,1342,4,1,4,1,1,1,0,0.2,g00,pre100_post100
2261,SA15/F07_SA15_R02.txt,train,F07,1,15.0,1396,4,1,4,1,1,1,0,0.145,g00,pre100_post100
2262,SA15/F07_SA15_R03.txt,train,F07,1,15.0,1560,5,1,5,1,1,1,0,1.01,g00,pre100_post100
2263,SA15/F07_SA15_R04.txt,train,F07,1,15.0,1637,5,1,5,1,1,1,0,0.295,g00,pre100_post100
2264,SA15/F07_SA15_R05.txt,train,F07,1,15.0,1650,5,1,5,1,1,1,0,0.37,g00,pre100_post100
2265,SA15/F08_SA15_R01.txt,train,F08,1,14.995,1363,1,1,1,1,1,1,0,0.5,g00,pre100_post100
2266,SA15/F08_SA15_R02.txt,train,F08,1,15.0,1355,1,1,1,1,0,0,0,,g00,pre100_post100
2267,SA15/F08_SA15_R03.txt,train,F08,1,15.0,1485,1,1,1,1,0,0,0,,g00,pre100_post100
2268,SA15/F08_SA15_R04.txt,train,F08,1,15.0,1506,1,1,1,1,0,0,0,,g00,pre100_post100
2269,SA15/F08_SA15_R05.txt,train,F08,1,15.0,1366,1,1,1,1,1,1,0,0.36,g00,pre100_post100
2270,SA15/F09_SA15_R01.txt,train,F09,1,15.0,1099,1,1,1,1,1,1,0,0.43,g00,pre100_post100
2271,SA15/F09_SA15_R02.txt,train,F09,1,15.0,1230,1,1,1,1,1,1,0,0.45,g00,pre100_post100
2272,SA15/F09_SA15_R03.txt,train,F09,1,15.0,1208,1,1,1,1,1,1,0,0.47,g00,pre100_post100
2273,SA15/F09_SA15_R04.txt,train,F09,1,15.0,1226,1,1,1,1,1,1,0,0.29,g00,pre100_post100
2274,SA15/F09_SA15_R05.txt,train,F09,1,15.0,1305,1,1,1,1,1,1,0,0.325,g00,pre100_post100
2275,SA15/F10_SA15_R01.txt,train,F10,1,15.0,1199,1,1,1,1,1,1,0,0.395,g00,pre100_post100
2276,SA15/F10_SA15_R02.txt,train,F10,1,15.0,2091,1,1,1,1,1,1,0,0.49,g00,pre100_post100
2277,SA15/F10_SA15_R03.txt,train,F10,1,15.0,1238,1,1,1,1,1,1,0,0.285,g00,pre100_post100
2278,SA15/F10_SA15_R04.txt,train,F10,1,15.0,1397,1,1,1,1,1,1,0,0.275,g00,pre100_post100
2279,SA15/F10_SA15_R05.txt,train,F10,1,15.0,1238,1,1,1,1,1,1,0,0.16,g00,pre100_post100
2280,SA15/F11_SA15_R01.txt,train,F11,1,14.995,1155,1,1,1,1,0,0,0,,g00,pre100_post100
2281,SA15/F11_SA15_R02.txt,train,F11,1,15.0,1243,1,1,1,1,1,1,0,0.43,g00,pre100_post100
2282,SA15/F11_SA15_R03.txt,train,F11,1,15.0,1144,1,1,1,1,1,1,0,0.39,g00,pre100_post100
2283,SA15/F11_SA15_R04.txt,train,F11,1,15.0,1061,1,1,1,1,0,0,0,,g00,pre100_post100
2284,SA15/F11_SA15_R05.txt,train,F11,1,15.0,1130,1,1,1,1,0,0,0,,g00,pre100_post100
2285,SA15/F12_SA15_R01.txt,train,F12,1,15.0,1138,1,1,1,1,1,1,0,0.475,g00,pre100_post100
2286,SA15/F12_SA15_R02.txt,train,F12,1,15.0,1096,1,1,1,1,1,1,0,0.355,g00,pre100_post100
2287,SA15/F12_SA15_R03.txt,train,F12,1,15.0,1188,1,1,1,1,1,1,0,0.46,g00,pre100_post100
2288,SA15/F12_SA15_R04.txt,train,F12,1,15.0,1162,1,1,1,1,1,1,0,0.325,g00,pre100_post100
2289,SA15/F12_SA15_R05.txt,train,F12,1,15.0,938,1,1,1,1,1,1,0,0.395,g00,pre100_post100
2290,SA15/F13_SA15_R01.txt,train,F13,1,15.0,1120,1,1,1,1,1,1,0,0.39,g00,pre100_post100
2291,SA15/F13_SA15_R02.txt,train,F13,1,15.0,1281,1,1,1,1,1,1,0,0.28,g00,pre100_post100
2292,SA15/F13_SA15_R03.txt,train,F13,1,15.0,1273,1,1,1,1,1,1,0,0.165,g00,pre100_post100
2293,SA15/F13_SA15_R04.txt,train,F13,1,15.0,1537,1,1,1,1,0,0,0,,g00,pre100_post100
2294,SA15/F13_SA15_R05.txt,train,F13,1,15.0,1320,1,1,1,1,1,1,0,0.46,g00,pre100_post100
2295,SA15/F14_SA15_R01.txt,train,F14,1,15.0,1000,2,1,2,1,1,1,0,0.47,g00,pre100_post100
2296,SA15/F14_SA15_R02.txt,train,F14,1,15.0,1077,1,1,1,1,1,1,0,0.485,g00,pre100_post100
2297,SA15/F14_SA15_R03.txt,train,F14,1,15.0,1036,1,1,1,1,1,1,0,0.49,g00,pre100_post100
2298,SA15/F14_SA15_R04.txt,train,F14,1,15.0,1172,1,1,1,1,0,0,0,,g00,pre100_post100
2299,SA15/F14_SA15_R05.txt,train,F14,1,15.0,1039,1,1,1,1,1,1,0,0.485,g00,pre100_post100
2300,SA15/F15_SA15_R01.txt,train,F15,1,15.0,1445,1,1,1,1,1,1,0,0.42,g00,pre100_post100
2301,SA15/F15_SA15_R02.txt,train,F15,1,15.0,1330,1,1,1,1,0,0,0,,g00,pre100_post100
2302,SA15/F15_SA15_R03.txt,train,F15,1,15.0,1447,1,1,1,1,0,0,0,,g00,pre100_post100
2303,SA15/F15_SA15_R04.txt,train,F15,1,15.0,1363,1,1,1,1,1,1,0,0.51,g00,pre100_post100
2304,SA15/F15_SA15_R05.txt,train,F15,1,15.0,1411,1,1,1,1,1,1,0,0.35,g00,pre100_post100
2305,SA16/D01_SA16_R01.txt,train,D01,0,99.995,19759,57,0,56,0,0,0,0,,g00,pre100_post100
2306,SA16/D02_SA16_R01.txt,train,D02,0,100.0,3989,63,0,63,0,0,0,0,,g00,pre100_post100
2307,SA16/D03_SA16_R01.txt,train,D03,0,100.0,14580,59,0,59,0,0,0,0,,g00,pre100_post100
2308,SA16/D04_SA16_R01.txt,train,D04,0,100.0,16850,59,0,58,0,0,0,0,,g00,pre100_post100
2309,SA16/D05_SA16_R01.txt,train,D05,0,25.0,3940,12,0,12,0,0,0,0,,g00,pre100_post100
2310,SA16/D05_SA16_R02.txt,train,D05,0,25.0,1771,12,0,12,0,0,0,0,,g00,pre100_post100
2311,SA16/D05_SA16_R03.txt,train,D05,0,25.0,2231,12,0,12,0,0,0,0,,g00,pre100_post100
2312,SA16/D05_SA16_R04.txt,train,D05,0,25.0,3353,12,0,12,0,0,0,0,,g00,pre100_post100
2313,SA16/D05_SA16_R05.txt,train,D05,0,25.0,4391,12,0,12,0,0,0,0,,g00,pre100_post100
2314,SA16/D06_SA16_R01.txt,train,D06,0,24.995,862,5,0,5,0,0,0,0,,g00,pre100_post100
2315,SA16/D06_SA16_R02.txt,train,D06,0,25.0,904,6,0,6,0,0,0,0,,g00,pre100_post100
2316,SA16/D06_SA16_R03.txt,train,D06,0,25.0,871,6,0,6,0,0,0,0,,g00,pre100_post100
2317,SA16/D06_SA16_R04.txt,train,D06,0,25.0,978,6,0,6,0,0,0,0,,g00,pre100_post100
2318,SA16/D06_SA16_R05.txt,train,D06,0,25.0,808,7,0,7,0,0,0,0,,g00,pre100_post100
2319,SA16/D07_SA16_R01.txt,train,D07,0,12.0,1754,2,0,2,0,0,0,0,,g00,pre100_post100
2320,SA16/D07_SA16_R02.txt,train,D07,0,12.0,1909,2,0,2,0,0,0,0,,g00,pre100_post100
2321,SA16/D07_SA16_R03.txt,train,D07,0,12.0,1402,2,0,2,0,0,0,0,,g00,pre100_post100
2322,SA16/D07_SA16_R04.txt,train,D07,0,12.0,1122,2,0,2,0,0,0,0,,g00,pre100_post100
2323,SA16/D07_SA16_R05.txt,train,D07,0,12.0,1917,2,0,2,0,0,0,0,,g00,pre100_post100
2324,SA16/D08_SA16_R01.txt,train,D08,0,12.0,521,2,0,2,0,0,0,0,,g00,pre100_post100
2325,SA16/D08_SA16_R02.txt,train,D08,0,12.0,710,2,0,2,0,0,0,0,,g00,pre100_post100
2326,SA16/D08_SA16_R03.txt,train,D08,0,12.0,1735,2,0,2,0,0,0,0,,g00,pre100_post100
2327,SA16/D08_SA16_R04.txt,train,D08,0,12.0,902,2,0,2,0,0,0,0,,g00,pre100_post100
2328,SA16/D08_SA16_R05.txt,train,D08,0,12.0,961,2,0,2,0,0,0,0,,g00,pre100_post100
2329,SA16/D09_SA16_R01.txt,train,D09,0,12.0,816,2,0,2,0,0,0,0,,g00,pre100_post100
2330,SA16/D09_SA16_R02.txt,train,D09,0,12.0,930,2,0,2,0,0,0,0,,g00,pre100_post100
2331,SA16/D09_SA16_R03.txt,train,D09,0,12.0,926,2,0,2,0,0,0,0,,g00,pre100_post100
2332,SA16/D09_SA16_R04.txt,train,D09,0,12.0,1232,2,0,2,0,0,0,0,,g00,pre100_post100
2333,SA16/D09_SA16_R05.txt,train,D09,0,12.0,1767,2,0,2,0,0,0,0,,g00,pre100_post100
2334,SA16/D10_SA16_R01.txt,train,D10,0,12.0,581,2,0,2,0,0,0,0,,g00,pre100_post100
2335,SA16/D10_SA16_R02.txt,train,D10,0,12.0,786,2,0,2,0,0,0,0,,g00,pre100_post100
2336,SA16/D10_SA16_R03.txt,train,D10,0,12.0,873,2,0,2,0,0,0,0,,g00,pre100_post100
2337,SA16/D10_SA16_R04.txt,train,D10,0,12.0,1087,2,0,2,0,0,0,0,,g00,pre100_post100
2338,SA16/D10_SA16_R05.txt,train,D10,0,12.0,1002,2,0,2,0,0,0,0,,g00,pre100_post100
2339,SA16/D11_SA16_R01.txt,train,D11,0,11.995,1646,1,0,1,0,0,0,0,,g00,pre100_post100
2340,SA16/D11_SA16_R02.txt,train,D11,0,12.0,1226,1,0,1,0,0,0,0,,g00,pre100_post100
2341,SA16/D11_SA16_R03.txt,train,D11,0,12.0,1373,1,0,1,0,0,0,0,,g00,pre100_post100
2342,SA16/D11_SA16_R04.txt,train,D11,0,12.0,1259,1,0,1,0,0,0,0,,g00,pre100_post100
2343,SA16/D11_SA16_R05.txt,train,D11,0,12.0,1294,1,0,1,0,0,0,0,,g00,pre100_post100
2344,SA16/D12_SA16_R01.txt,train,D12,0,12.0,1092,0,0,0,0,0,0,0,,g00,pre100_post100
2345,SA16/D12_SA16_R02.txt,train,D12,0,12.0,976,0,0,0,0,0,0,0,,g00,pre100_post100
2346,SA16/D12_SA16_R03.txt,train,D12,0,12.0,919,0,0,0,0,0,0,0,,g00,pre100_post100
2347,SA16/D12_SA16_R04.txt,train,D12,0,12.0,1017,0,0,0,0,0,0,0,,g00,pre100_post100
2348,SA16/D12_SA16_R05.txt,train,D12,0,12.0,996,1,0,1,0,0,0,0,,g00,pre100_post100
2349,SA16/D13_SA16_R01.txt,train,D13,0,12.0,538,2,0,2,0,0,0,0,,g00,pre100_post100
2350,SA16/D13_SA16_R02.txt,train,D13,0,12.0,792,2,0,2,0,0,0,0,,g00,pre100_post100
2351,SA16/D13_SA16_R03.txt,train,D13,0,12.0,1744,2,0,2,0,0,0,0,,g00,pre100_post100
2352,SA16/D13_SA16_R04.txt,train,D13,0,12.0,1029,2,0,2,0,0,0,0,,g00,pre100_post100
2353,SA16/D13_SA16_R05.txt,train,D13,0,12.0,1010,2,0,2,0,0,0,0,,g00,pre100_post100
2354,SA16/D14_SA16_R01.txt,train,D14,0,12.0,808,1,0,1,0,0,0,0,,g00,pre100_post100
2355,SA16/D14_SA16_R02.txt,train,D14,0,12.0,833,2,0,2,0,0,0,0,,g00,pre100_post100
2356,SA16/D14_SA16_R03.txt,train,D14,0,12.0,897,1,0,1,0,0,0,0,,g00,pre100_post100
2357,SA16/D14_SA16_R04.txt,train,D14,0,12.0,886,1,0,1,0,0,0,0,,g00,pre100_post100
2358,SA16/D14_SA16_R05.txt,train,D14,0,12.0,1113,1,0,1,0,0,0,0,,g00,pre100_post100
2359,SA16/D15_SA16_R01.txt,train,D15,0,12.0,1292,2,0,2,0,0,0,0,,g00,pre100_post100
2360,SA16/D15_SA16_R02.txt,train,D15,0,12.0,1379,2,0,2,0,0,0,0,,g00,pre100_post100
2361,SA16/D15_SA16_R03.txt,train,D15,0,12.0,1312,3,0,3,0,0,0,0,,g00,pre100_post100
2362,SA16/D15_SA16_R04.txt,train,D15,0,12.0,1664,2,0,2,0,0,0,0,,g00,pre100_post100
2363,SA16/D15_SA16_R05.txt,train,D15,0,12.0,1510,1,0,1,0,0,0,0,,g00,pre100_post100
2364,SA16/D16_SA16_R01.txt,train,D16,0,11.995,805,0,0,0,0,0,0,0,,g00,pre100_post100
2365,SA16/D16_SA16_R02.txt,train,D16,0,12.0,869,0,0,0,0,0,0,0,,g00,pre100_post100
2366,SA16/D16_SA16_R03.txt,train,D16,0,12.0,751,0,0,0,0,0,0,0,,g00,pre100_post100
2367,SA16/D16_SA16_R04.txt,train,D16,0,12.0,1070,0,0,0,0,0,0,0,,g00,pre100_post100
2368,SA16/D16_SA16_R05.txt,train,D16,0,12.0,2194,0,0,0,0,0,0,0,,g00,pre100_post100
2369,SA16/D17_SA16_R01.txt,train,D17,0,24.995,1912,3,0,3,0,0,0,0,,g00,pre100_post100
2370,SA16/D17_SA16_R02.txt,train,D17,0,25.0,1599,4,0,4,0,0,0,0,,g00,pre100_post100
2371,SA16/D17_SA16_R03.txt,train,D17,0,25.0,3934,3,0,3,0,0,0,0,,g00,pre100_post100
2372,SA16/D17_SA16_R04.txt,train,D17,0,25.0,1945,3,0,3,0,0,0,0,,g00,pre100_post100
2373,SA16/D17_SA16_R05.txt,train,D17,0,25.0,2304,3,0,3,0,0,0,0,,g00,pre100_post100
2374,SA16/D18_SA16_R01.txt,train,D18,0,12.0,849,7,0,6,0,0,0,0,,g00,pre100_post100
2375,SA16/D18_SA16_R02.txt,train,D18,0,12.0,1226,7,0,6,0,0,0,0,,g00,pre100_post100
2376,SA16/D18_SA16_R03.txt,train,D18,0,12.0,1450,6,0,6,0,0,0,0,,g00,pre100_post100
2377,SA16/D18_SA16_R04.txt,train,D18,0,12.0,1279,7,0,6,0,0,0,0,,g00,pre100_post100
2378,SA16/D18_SA16_R05.txt,train,D18,0,12.0,1328,7,0,7,0,0,0,0,,g00,pre100_post100
2379,SA16/D19_SA16_R01.txt,train,D19,0,12.0,762,3,0,3,0,0,0,0,,g00,pre100_post100
2380,SA16/D19_SA16_R02.txt,train,D19,0,12.0,1258,2,0,2,0,0,0,0,,g00,pre100_post100
2381,SA16/D19_SA16_R03.txt,train,D19,0,12.0,1371,2,0,2,0,0,0,0,,g00,pre100_post100
2382,SA16/D19_SA16_R04.txt,train,D19,0,12.0,1540,2,0,2,0,0,0,0,,g00,pre100_post100
2383,SA16/D19_SA16_R05.txt,train,D19,0,12.0,1209,2,0,2,0,0,0,0,,g00,pre100_post100
2384,SA16/F01_SA16_R01.txt,train,F01,1,15.0,1408,5,1,5,1,1,1,0,1.03,g00,pre100_post100
2385,SA16/F01_SA16_R02.txt,train,F01,1,15.0,1354,4,1,4,1,1,1,0,0.12,g00,pre100_post100
2386,SA16/F01_SA16_R03.txt,train,F01,1,15.0,1179,4,1,3,1,1,1,0,0.53,g00,pre100_post100
2387,SA16/F01_SA16_R04.txt,train,F01,1,15.0,1403,4,1,4,1,1,1,0,0.37,g00,pre100_post100
2388,SA16/F01_SA16_R05.txt,train,F01,1,15.0,1433,4,0,4,0,0,0,0,,g00,pre100_post100
2389,SA16/F02_SA16_R01.txt,train,F02,1,14.995,1237,4,1,4,1,1,1,0,0.5,g00,pre100_post100
2390,SA16/F02_SA16_R02.txt,train,F02,1,15.0,1120,4,1,4,1,1,1,0,0.9,g00,pre100_post100
2391,SA16/F02_SA16_R03.txt,train,F02,1,15.0,1049,3,1,3,1,0,0,0,,g00,pre100_post100
2392,SA16/F02_SA16_R04.txt,train,F02,1,15.0,950,3,1,3,1,0,0,0,,g00,pre100_post100
2393,SA16/F02_SA16_R05.txt,train,F02,1,15.0,948,3,1,3,1,0,0,0,,g00,pre100_post100
2394,SA16/F03_SA16_R01.txt,train,F03,1,15.0,1439,5,1,5,1,1,1,0,1.01,g00,pre100_post100
2395,SA16/F03_SA16_R02.txt,train,F03,1,15.0,1278,4,1,4,1,0,0,0,,g00,pre100_post100
2396,SA16/F03_SA16_R03.txt,train,F03,1,15.0,1054,3,1,3,1,0,0,0,,g00,pre100_post100
2397,SA16/F03_SA16_R04.txt,train,F03,1,15.0,1060,4,1,3,1,1,1,0,0.71,g00,pre100_post100
2398,SA16/F03_SA16_R05.txt,train,F03,1,15.0,1280,5,1,5,1,1,1,0,0.98,g00,pre100_post100
2399,SA16/F04_SA16_R01.txt,train,F04,1,14.995,1260,4,1,4,1,1,1,0,0.755,g00,pre100_post100
2400,SA16/F04_SA16_R02.txt,train,F04,1,15.0,1231,4,1,4,1,1,1,0,0.685,g00,pre100_post100
2401,SA16/F04_SA16_R03.txt,train,F04,1,15.0,1121,4,1,4,1,1,1,0,1.16,g00,pre100_post100
2402,SA16/F04_SA16_R04.txt,train,F04,1,15.0,1107,4,1,4,1,1,1,0,0.34,g00,pre100_post100
2403,SA16/F04_SA16_R05.txt,train,F04,1,15.0,1071,3,1,3,1,0,0,0,,g00,pre100_post100
2404,SA16/F05_SA16_R01.txt,train,F05,1,15.0,1011,3,1,3,1,0,0,0,,g00,pre100_post100
2405,SA16/F05_SA16_R02.txt,train,F05,1,15.0,1011,3,1,3,1,1,1,0,0.03,g00,pre100_post100
2406,SA16/F05_SA16_R03.txt,train,F05,1,15.0,907,3,1,2,1,0,0,0,,g00,pre100_post100
2407,SA16/F05_SA16_R04.txt,train,F05,1,15.0,947,3,0,2,0,0,0,0,,g00,pre100_post100
2408,SA16/F05_SA16_R05.txt,train,F05,1,15.0,965,4,1,4,1,1,1,0,0.83,g00,pre100_post100
2409,SA16/F06_SA16_R01.txt,train,F06,1,14.995,1022,4,1,4,1,1,1,0,1.325,g00,pre100_post100
2410,SA16/F06_SA16_R02.txt,train,F06,1,15.0,1405,5,1,5,1,1,1,0,1.255,g00,pre100_post100
2411,SA16/F06_SA16_R03.txt,train,F06,1,15.0,1228,4,1,4,1,1,1,0,0.495,g00,pre100_post100
2412,SA16/F06_SA16_R04.txt,train,F06,1,15.0,1314,4,1,4,1,1,1,0,0.37,g00,pre100_post100
2413,SA16/F06_SA16_R05.txt,train,F06,1,15.0,1328,4,1,4,1,1,1,0,0.41,g00,pre100_post100
2414,SA16/F07_SA16_R01.txt,train,F07,1,15.0,1179,4,1,4,1,1,1,0,0.365,g00,pre100_post100
2415,SA16/F07_SA16_R02.txt,train,F07,1,15.0,1283,4,1,4,1,1,1,0,0.485,g00,pre100_post100
2416,SA16/F07_SA16_R03.txt,train,F07,1,15.0,1304,4,1,4,1,0,0,0,,g00,pre100_post100
2417,SA16/F07_SA16_R04.txt,train,F07,1,15.0,1401,5,1,5,1,1,1,0,1.28,g00,pre100_post100
2418,SA16/F07_SA16_R05.txt,train,F07,1,15.0,1425,5,1,5,1,1,1,0,1.27,g00,pre100_post100
2419,SA16/F08_SA16_R01.txt,train,F08,1,15.0,1348,2,1,2,1,1,1,0,0.905,g00,pre100_post100
2420,SA16/F08_SA16_R02.txt,train,F08,1,15.0,1563,2,1,2,1,1,1,0,0.415,g00,pre100_post100
2421,SA16/F08_SA16_R03.txt,train,F08,1,15.0,1470,2,1,2,1,1,1,0,0.515,g00,pre100_post100
2422,SA16/F08_SA16_R04.txt,train,F08,1,15.0,1199,2,1,2,1,1,1,0,0.515,g00,pre100_post100
2423,SA16/F08_SA16_R05.txt,train,F08,1,15.0,1411,2,1,2,1,1,1,0,0.74,g00,pre100_post100
2424,SA16/F09_SA16_R01.txt,train,F09,1,15.0,1242,2,1,2,1,1,1,0,0.485,g00,pre100_post100
2425,SA16/F09_SA16_R02.txt,train,F09,1,15.0,1398,2,1,2,1,1,1,0,0.69,g00,pre100_post100
2426,SA16/F09_SA16_R03.txt,train,F09,1,15.0,1537,2,1,2,1,1,1,0,0.485,g00,pre100_post100
2427,SA16/F09_SA16_R04.txt,train,F09,1,15.0,1866,2,1,2,1,1,1,0,0.48,g00,pre100_post100
2428,SA16/F09_SA16_R05.txt,train,F09,1,15.0,1621,2,1,2,1,1,1,0,0.495,g00,pre100_post100
2429,SA16/F10_SA16_R01.txt,train,F10,1,15.0,807,1,1,1,1,1,1,0,0.32,g00,pre100_post100
2430,SA16/F10_SA16_R02.txt,train,F10,1,15.0,804,1,1,1,1,1,1,0,0.31,g00,pre100_post100
2431,SA16/F10_SA16_R03.txt,train,F10,1,15.0,755,1,1,1,1,1,1,0,0.325,g00,pre100_post100
2432,SA16/F10_SA16_R04.txt,train,F10,1,15.0,624,1,1,1,1,1,1,0,0.29,g00,pre100_post100
2433,SA16/F10_SA16_R05.txt,train,F10,1,15.0,901,2,1,2,1,1,1,0,0.71,g00,pre100_post100
2434,SA16/F11_SA16_R01.txt,train,F11,1,14.995,595,1,1,1,1,1,1,0,0.51,g00,pre100_post100
2435,SA16/F11_SA16_R02.txt,train,F11,1,15.0,561,1,1,1,1,1,1,0,0.505,g00,pre100_post100
2436,SA16/F11_SA16_R03.txt,train,F11,1,15.0,527,1,1,1,1,1,1,0,0.51,g00,pre100_post100
2437,SA16/F11_SA16_R04.txt,train,F11,1,15.0,536,1,1,1,1,1,1,0,0.505,g00,pre100_post100
2438,SA16/F11_SA16_R05.txt,train,F11,1,15.0,643,1,1,1,1,1,1,0,0.5,g00,pre100_post100
2439,SA16/F12_SA16_R01.txt,train,F12,1,15.0,918,1,1,1,1,1,1,0,0.46,g00,pre100_post100
2440,SA16/F12_SA16_R02.txt,train,F12,1,15.0,886,1,1,1,1,1,1,0,0.47,g00,pre100_post100
2441,SA16/F12_SA16_R03.txt,train,F12,1,15.0,938,2,1,2,1,1,1,0,0.495,g00,pre100_post100
2442,SA16/F12_SA16_R04.txt,train,F12,1,15.0,902,2,1,2,1,1,1,0,0.48,g00,pre100_post100
2443,SA16/F12_SA16_R05.txt,train,F12,1,15.0,917,1,1,1,1,1,1,0,0.44,g00,pre100_post100
2444,SA16/F13_SA16_R01.txt,train,F13,1,15.0,1199,1,1,1,1,0,0,0,,g00,pre100_post100
2445,SA16/F13_SA16_R02.txt,train,F13,1,15.0,1328,1,1,1,1,0,0,0,,g00,pre100_post100
2446,SA16/F13_SA16_R03.txt,train,F13,1,15.0,1452,1,1,1,1,0,0,0,,g00,pre100_post100
2447,SA16/F13_SA16_R04.txt,train,F13,1,15.0,1123,1,1,1,1,0,0,0,,g00,pre100_post100
2448,SA16/F13_SA16_R05.txt,train,F13,1,15.0,1498,1,1,1,1,1,1,0,0.09,g00,pre100_post100
2449,SA16/F14_SA16_R01.txt,train,F14,1,15.0,1300,1,1,1,1,1,1,0,0.49,g00,pre100_post100
2450,SA16/F14_SA16_R02.txt,train,F14,1,15.0,1824,1,1,1,1,1,1,0,0.495,g00,pre100_post100
2451,SA16/F14_SA16_R03.txt,train,F14,1,15.0,1587,1,1,1,1,1,1,0,0.425,g00,pre100_post100
2452,SA16/F14_SA16_R04.txt,train,F14,1,15.0,1703,1,1,1,1,1,1,0,0.41,g00,pre100_post100
2453,SA16/F14_SA16_R05.txt,train,F14,1,15.0,1298,1,1,1,1,1,1,0,0.47,g00,pre100_post100
2454,SA16/F15_SA16_R01.txt,train,F15,1,15.0,1172,1,1,1,1,1,1,0,0.425,g00,pre100_post100
2455,SA16/F15_SA16_R02.txt,train,F15,1,15.0,1658,1,1,1,1,1,1,0,0.4,g00,pre100_post100
2456,SA16/F15_SA16_R03.txt,train,F15,1,15.0,1438,1,1,1,1,1,1,0,0.405,g00,pre100_post100
2457,SA16/F15_SA16_R04.txt,train,F15,1,15.0,1263,1,1,1,1,1,1,0,0.335,g00,pre100_post100
2458,SA16/F15_SA16_R05.txt,train,F15,1,15.0,1079,1,1,1,1,1,1,0,0.485,g00,pre100_post100
2612,SA18/D01_SA18_R01.txt,train,D01,0,99.995,15273,51,0,51,0,0,0,0,,g00,pre100_post100
2613,SA18/D02_SA18_R01.txt,train,D02,0,100.0,16049,57,0,57,0,0,0,0,,g00,pre100_post100
2614,SA18/D03_SA18_R01.txt,train,D03,0,100.0,15540,62,0,61,0,0,0,0,,g00,pre100_post100
2615,SA18/D04_SA18_R01.txt,train,D04,0,100.0,889,59,0,57,0,0,0,0,,g00,pre100_post100
2616,SA18/D05_SA18_R01.txt,train,D05,0,25.0,4183,11,0,11,0,0,0,0,,g00,pre100_post100
2617,SA18/D05_SA18_R02.txt,train,D05,0,25.0,3920,10,0,10,0,0,0,0,,g00,pre100_post100
2618,SA18/D05_SA18_R03.txt,train,D05,0,25.0,4237,11,0,11,0,0,0,0,,g00,pre100_post100
2619,SA18/D05_SA18_R04.txt,train,D05,0,25.0,3766,11,0,11,0,0,0,0,,g00,pre100_post100
2620,SA18/D05_SA18_R05.txt,train,D05,0,25.0,3809,11,0,11,0,0,0,0,,g00,pre100_post100
2621,SA18/D06_SA18_R01.txt,train,D06,0,24.995,2639,5,0,5,0,0,0,0,,g00,pre100_post100
2622,SA18/D06_SA18_R02.txt,train,D06,0,25.0,1833,6,0,6,0,0,0,0,,g00,pre100_post100
2623,SA18/D06_SA18_R03.txt,train,D06,0,25.0,1940,6,0,6,0,0,0,0,,g00,pre100_post100
2624,SA18/D06_SA18_R04.txt,train,D06,0,25.0,1924,5,0,5,0,0,0,0,,g00,pre100_post100
2625,SA18/D06_SA18_R05.txt,train,D06,0,25.0,2262,6,0,6,0,0,0,0,,g00,pre100_post100
2626,SA18/D07_SA18_R01.txt,train,D07,0,12.0,1082,2,0,2,0,0,0,0,,g00,pre100_post100
2627,SA18/D07_SA18_R02.txt,train,D07,0,12.0,860,2,0,2,0,0,0,0,,g00,pre100_post100
2628,SA18/D07_SA18_R03.txt,train,D07,0,12.0,1089,2,0,2,0,0,0,0,,g00,pre100_post100
2629,SA18/D07_SA18_R04.txt,train,D07,0,12.0,744,2,0,2,0,0,0,0,,g00,pre100_post100
2630,SA18/D07_SA18_R05.txt,train,D07,0,12.0,984,2,0,2,0,0,0,0,,g00,pre100_post100
2631,SA18/D08_SA18_R01.txt,train,D08,0,12.0,493,2,0,2,0,0,0,0,,g00,pre100_post100
2632,SA18/D08_SA18_R02.txt,train,D08,0,12.0,259,2,0,2,0,0,0,0,,g00,pre100_post100
2633,SA18/D08_SA18_R03.txt,train,D08,0,12.0,552,3,0,3,0,0,0,0,,g00,pre100_post100
2634,SA18/D08_SA18_R04.txt,train,D08,0,12.0,680,2,0,2,0,0,0,0,,g00,pre100_post100
2635,SA18/D08_SA18_R05.txt,train,D08,0,12.0,615,2,0,2,0,0,0,0,,g00,pre100_post100
2636,SA18/D09_SA18_R01.txt,train,D09,0,12.0,807,2,0,2,0,0,0,0,,g00,pre100_post100
2637,SA18/D09_SA18_R02.txt,train,D09,0,12.0,997,2,0,2,0,0,0,0,,g00,pre100_post100
2638,SA18/D09_SA18_R03.txt,train,D09,0,12.0,831,2,0,2,0,0,0,0,,g00,pre100_post100
2639,SA18/D09_SA18_R04.txt,train,D09,0,12.0,1078,2,0,2,0,0,0,0,,g00,pre100_post100
2640,SA18/D09_SA18_R05.txt,train,D09,0,12.0,944,2,0,2,0,0,0,0,,g00,pre100_post100
2641,SA18/D10_SA18_R01.txt,train,D10,0,12.0,706,2,0,2,0,0,0,0,,g00,pre100_post100
2642,SA18/D10_SA18_R02.txt,train,D10,0,12.0,694,2,0,2,0,0,0,0,,g00,pre100_post100
2643,SA18/D10_SA18_R03.txt,train,D10,0,12.0,601,2,0,2,0,0,0,0,,g00,pre100_post100
2644,SA18/D10_SA18_R04.txt,train,D10,0,12.0,613,2,0,2,0,0,0,0,,g00,pre100_post100
2645,SA18/D10_SA18_R05.txt,train,D10,0,12.0,631,2,0,2,0,0,0,0,,g00,pre100_post100
2646,SA18/D11_SA18_R01.txt,train,D11,0,11.995,1295,2,0,2,0,0,0,0,,g00,pre100_post100
2647,SA18/D11_SA18_R02.txt,train,D11,0,12.0,1162,1,0,1,0,0,0,0,,g00,pre100_post100
2648,SA18/D11_SA18_R03.txt,train,D11,0,12.0,1368,2,0,2,0,0,0,0,,g00,pre100_post100
2649,SA18/D11_SA18_R04.txt,train,D11,0,12.0,1269,2,0,2,0,0,0,0,,g00,pre100_post100
2650,SA18/D11_SA18_R05.txt,train,D11,0,12.0,1318,2,0,2,0,0,0,0,,g00,pre100_post100
2651,SA18/D12_SA18_R01.txt,train,D12,0,12.0,851,1,0,1,0,0,0,0,,g00,pre100_post100
2652,SA18/D12_SA18_R02.txt,train,D12,0,12.0,969,1,0,1,0,0,0,0,,g00,pre100_post100
2653,SA18/D12_SA18_R03.txt,train,D12,0,12.0,819,0,0,0,0,0,0,0,,g00,pre100_post100
2654,SA18/D12_SA18_R04.txt,train,D12,0,12.0,924,1,0,1,0,0,0,0,,g00,pre100_post100
2655,SA18/D12_SA18_R05.txt,train,D12,0,12.0,866,0,0,0,0,0,0,0,,g00,pre100_post100
2656,SA18/D13_SA18_R01.txt,train,D13,0,12.0,691,2,0,2,0,0,0,0,,g00,pre100_post100
2657,SA18/D13_SA18_R02.txt,train,D13,0,12.0,909,2,0,2,0,0,0,0,,g00,pre100_post100
2658,SA18/D13_SA18_R03.txt,train,D13,0,12.0,769,2,0,2,0,0,0,0,,g00,pre100_post100
2659,SA18/D13_SA18_R04.txt,train,D13,0,12.0,689,2,0,2,0,0,0,0,,g00,pre100_post100
2660,SA18/D13_SA18_R05.txt,train,D13,0,12.0,1163,2,0,2,0,0,0,0,,g00,pre100_post100
2661,SA18/D14_SA18_R01.txt,train,D14,0,12.0,1974,2,0,2,0,0,0,0,,g00,pre100_post100
2662,SA18/D14_SA18_R02.txt,train,D14,0,12.0,1931,0,0,0,0,0,0,0,,g00,pre100_post100
2663,SA18/D14_SA18_R03.txt,train,D14,0,12.0,1611,0,0,0,0,0,0,0,,g00,pre100_post100
2664,SA18/D14_SA18_R04.txt,train,D14,0,12.0,821,2,0,2,0,0,0,0,,g00,pre100_post100
2665,SA18/D14_SA18_R05.txt,train,D14,0,12.0,1859,1,0,1,0,0,0,0,,g00,pre100_post100
2666,SA18/D15_SA18_R01.txt,train,D15,0,12.0,2040,2,0,2,0,0,0,0,,g00,pre100_post100
2667,SA18/D15_SA18_R02.txt,train,D15,0,12.0,787,2,0,2,0,0,0,0,,g00,pre100_post100
2668,SA18/D15_SA18_R03.txt,train,D15,0,12.0,990,2,0,2,0,0,0,0,,g00,pre100_post100
2669,SA18/D15_SA18_R04.txt,train,D15,0,12.0,791,2,0,2,0,0,0,0,,g00,pre100_post100
2670,SA18/D15_SA18_R05.txt,train,D15,0,12.0,612,2,0,2,0,0,0,0,,g00,pre100_post100
2671,SA18/D16_SA18_R01.txt,train,D16,0,11.995,641,0,0,0,0,0,0,0,,g00,pre100_post100
2672,SA18/D16_SA18_R02.txt,train,D16,0,12.0,626,0,0,0,0,0,0,0,,g00,pre100_post100
2673,SA18/D16_SA18_R03.txt,train,D16,0,12.0,594,0,0,0,0,0,0,0,,g00,pre100_post100
2674,SA18/D16_SA18_R04.txt,train,D16,0,12.0,557,0,0,0,0,0,0,0,,g00,pre100_post100
2675,SA18/D16_SA18_R05.txt,train,D16,0,12.0,761,0,0,0,0,0,0,0,,g00,pre100_post100
2676,SA18/D17_SA18_R01.txt,train,D17,0,24.995,1256,4,0,4,0,0,0,0,,g00,pre100_post100
2677,SA18/D17_SA18_R02.txt,train,D17,0,25.0,3783,3,0,3,0,0,0,0,,g00,pre100_post100
2678,SA18/D17_SA18_R03.txt,train,D17,0,25.0,1829,3,0,3,0,0,0,0,,g00,pre100_post100
2679,SA18/D17_SA18_R04.txt,train,D17,0,25.0,1648,2,0,2,0,0,0,0,,g00,pre100_post100
2680,SA18/D17_SA18_R05.txt,train,D17,0,24.995,3644,4,0,4,0,0,0,0,,g00,pre100_post100
2681,SA18/D18_SA18_R01.txt,train,D18,0,12.0,1158,5,0,5,0,0,0,0,,g00,pre100_post100
2682,SA18/D18_SA18_R02.txt,train,D18,0,12.0,1230,6,0,6,0,1,0,1,,g00,pre100_post100
2683,SA18/D18_SA18_R03.txt,train,D18,0,12.0,972,6,0,6,0,0,0,0,,g00,pre100_post100
2684,SA18/D18_SA18_R04.txt,train,D18,0,12.0,1087,6,0,5,0,0,0,0,,g00,pre100_post100
2685,SA18/D18_SA18_R05.txt,train,D18,0,12.0,959,6,0,6,0,0,0,0,,g00,pre100_post100
2686,SA18/D19_SA18_R01.txt,train,D19,0,12.0,1289,2,0,2,0,0,0,0,,g00,pre100_post100
2687,SA18/D19_SA18_R02.txt,train,D19,0,12.0,603,2,0,2,0,0,0,0,,g00,pre100_post100
2688,SA18/D19_SA18_R03.txt,train,D19,0,12.0,1498,2,0,2,0,0,0,0,,g00,pre100_post100
2689,SA18/D19_SA18_R04.txt,train,D19,0,12.0,641,2,0,2,0,0,0,0,,g00,pre100_post100
2690,SA18/D19_SA18_R05.txt,train,D19,0,12.0,612,2,0,2,0,0,0,0,,g00,pre100_post100
2691,SA18/F01_SA18_R01.txt,train,F01,1,14.995,1440,4,1,4,1,1,1,0,0.185,g00,pre100_post100
2692,SA18/F01_SA18_R02.txt,train,F01,1,15.0,1024,4,1,4,1,0,0,0,,g00,pre100_post100
2693,SA18/F01_SA18_R03.txt,train,F01,1,15.0,1301,4,1,4,1,1,1,0,1.04,g00,pre100_post100
2694,SA18/F01_SA18_R04.txt,train,F01,1,15.0,1218,4,1,4,1,1,1,0,0.12,g00,pre100_post100
2695,SA18/F01_SA18_R05.txt,train,F01,1,15.0,1175,4,1,4,1,1,1,0,0.82,g00,pre100_post100
2696,SA18/F02_SA18_R01.txt,train,F02,1,15.0,1356,4,1,4,1,0,0,0,,g00,pre100_post100
2697,SA18/F02_SA18_R02.txt,train,F02,1,15.0,1435,4,1,4,1,0,0,0,,g00,pre100_post100
2698,SA18/F02_SA18_R03.txt,train,F02,1,15.0,1410,5,1,5,1,1,1,0,0.73,g00,pre100_post100
2699,SA18/F02_SA18_R04.txt,train,F02,1,15.0,1412,5,1,5,1,1,1,0,1.095,g00,pre100_post100
2700,SA18/F02_SA18_R05.txt,train,F02,1,15.0,1366,5,1,5,1,1,1,0,1.1,g00,pre100_post100
2701,SA18/F03_SA18_R01.txt,train,F03,1,15.0,1002,3,1,3,1,1,1,0,0.475,g00,pre100_post100
2702,SA18/F03_SA18_R02.txt,train,F03,1,15.0,1220,4,1,4,1,1,1,0,0.51,g00,pre100_post100
2703,SA18/F03_SA18_R03.txt,train,F03,1,15.0,1193,4,1,4,1,1,1,0,0.74,g00,pre100_post100
2704,SA18/F03_SA18_R04.txt,train,F03,1,15.0,1199,4,1,4,1,1,1,0,0.71,g00,pre100_post100
2705,SA18/F03_SA18_R05.txt,train,F03,1,15.0,1227,4,1,4,1,1,1,0,0.505,g00,pre100_post100
2706,SA18/F04_SA18_R01.txt,train,F04,1,15.0,1245,4,1,4,1,1,1,0,0.315,g00,pre100_post100
2707,SA18/F04_SA18_R02.txt,train,F04,1,15.0,1095,3,0,3,0,0,0,0,,g00,pre100_post100
2708,SA18/F04_SA18_R03.txt,train,F04,1,15.0,1117,4,1,4,1,1,1,0,0.7,g00,pre100_post100
2709,SA18/F04_SA18_R04.txt,train,F04,1,15.0,1179,4,1,4,1,0,0,0,,g00,pre100_post100
2710,SA18/F04_SA18_R05.txt,train,F04,1,15.0,1255,4,1,4,1,1,1,0,0.155,g00,pre100_post100
2711,SA18/F05_SA18_R01.txt,train,F05,1,15.0,1032,4,1,4,1,0,0,0,,g00,pre100_post100
2712,SA18/F05_SA18_R02.txt,train,F05,1,15.0,1097,5,1,4,1,1,1,0,0.265,g00,pre100_post100
2713,SA18/F05_SA18_R03.txt,train,F05,1,15.0,1166,4,1,4,1,1,1,0,0.74,g00,pre100_post100
2714,SA18/F05_SA18_R04.txt,train,F05,1,15.0,1318,5,1,5,1,0,0,0,,g00,pre100_post100
2715,SA18/F05_SA18_R05.txt,train,F05,1,15.0,1266,4,1,4,1,0,0,0,,g00,pre100_post100
2716,SA18/F06_SA18_R01.txt,train,F06,1,14.995,1441,4,1,4,1,1,1,0,0.49,g00,pre100_post100
2717,SA18/F06_SA18_R02.txt,train,F06,1,15.0,1384,4,1,4,1,1,1,0,0.5,g00,pre100_post100
2718,SA18/F06_SA18_R03.txt,train,F06,1,15.0,1513,4,1,4,1,1,1,0,0.335,g00,pre100_post100
2719,SA18/F06_SA18_R04.txt,train,F06,1,15.0,1360,4,1,4,1,1,1,0,0.355,g00,pre100_post100
2720,SA18/F06_SA18_R05.txt,train,F06,1,15.0,1653,6,1,6,1,1,1,0,0.705,g00,pre100_post100
2721,SA18/F07_SA18_R01.txt,train,F07,1,15.0,1568,4,1,4,1,0,0,0,,g00,pre100_post100
2722,SA18/F07_SA18_R02.txt,train,F07,1,15.0,1386,4,1,4,1,1,1,0,0.32,g00,pre100_post100
2723,SA18/F07_SA18_R03.txt,train,F07,1,15.0,1465,4,1,4,1,1,1,0,0.455,g00,pre100_post100
2724,SA18/F07_SA18_R04.txt,train,F07,1,15.0,1466,4,1,4,1,1,1,0,0.46,g00,pre100_post100
2725,SA18/F07_SA18_R05.txt,train,F07,1,15.0,1276,3,1,3,1,0,0,0,,g00,pre100_post100
2726,SA18/F08_SA18_R01.txt,train,F08,1,15.0,1421,2,1,2,1,1,1,0,0.275,g00,pre100_post100
2727,SA18/F08_SA18_R02.txt,train,F08,1,15.0,1256,2,1,2,1,1,1,0,0.695,g00,pre100_post100
2728,SA18/F08_SA18_R03.txt,train,F08,1,15.0,1209,2,1,2,1,1,1,0,0.185,g00,pre100_post100
2729,SA18/F08_SA18_R04.txt,train,F08,1,15.0,1325,2,1,2,1,1,1,0,0.295,g00,pre100_post100
2730,SA18/F08_SA18_R05.txt,train,F08,1,15.0,1269,2,1,2,1,1,1,0,0.325,g00,pre100_post100
2731,SA18/F09_SA18_R01.txt,train,F09,1,15.0,1039,2,1,2,1,1,1,0,0.905,g00,pre100_post100
2732,SA18/F09_SA18_R02.txt,train,F09,1,15.0,1229,2,1,2,1,1,1,0,0.71,g00,pre100_post100
2733,SA18/F09_SA18_R03.txt,train,F09,1,15.0,1281,2,1,2,1,1,1,0,0.695,g00,pre100_post100
2734,SA18/F09_SA18_R04.txt,train,F09,1,15.0,1261,2,1,2,1,1,1,0,0.72,g00,pre100_post100
2735,SA18/F09_SA18_R05.txt,train,F09,1,15.0,1318,2,1,2,1,1,1,0,0.18,g00,pre100_post100
2736,SA18/F10_SA18_R01.txt,train,F10,1,15.0,1110,2,1,2,1,0,0,0,,g00,pre100_post100
2737,SA18/F10_SA18_R02.txt,train,F10,1,15.0,1305,2,1,2,1,0,0,0,,g00,pre100_post100
2738,SA18/F10_SA18_R03.txt,train,F10,1,15.0,1300,1,1,1,1,1,1,0,0.39,g00,pre100_post100
2739,SA18/F10_SA18_R04.txt,train,F10,1,15.0,1415,2,1,2,1,0,0,0,,g00,pre100_post100
2740,SA18/F10_SA18_R05.txt,train,F10,1,15.0,1461,2,1,2,1,0,0,0,,g00,pre100_post100
2741,SA18/F11_SA18_R01.txt,train,F11,1,14.995,895,1,1,1,1,0,0,0,,g00,pre100_post100
2742,SA18/F11_SA18_R02.txt,train,F11,1,15.0,1131,1,1,1,1,1,1,0,0.09,g00,pre100_post100
2743,SA18/F11_SA18_R03.txt,train,F11,1,15.0,1086,1,1,1,1,1,1,0,0.49,g00,pre100_post100
2744,SA18/F11_SA18_R04.txt,train,F11,1,15.0,1322,1,1,1,1,1,1,0,0.5,g00,pre100_post100
2745,SA18/F11_SA18_R05.txt,train,F11,1,15.0,1151,1,1,1,1,1,1,0,0.495,g00,pre100_post100
2746,SA18/F12_SA18_R01.txt,train,F12,1,15.0,989,1,1,1,1,1,1,0,0.48,g00,pre100_post100
2747,SA18/F12_SA18_R02.txt,train,F12,1,15.0,1115,1,1,1,1,0,0,0,,g00,pre100_post100
2748,SA18/F12_SA18_R03.txt,train,F12,1,15.0,1126,2,1,2,1,1,1,0,0.92,g00,pre100_post100
2749,SA18/F12_SA18_R04.txt,train,F12,1,15.0,1120,1,1,1,1,1,1,0,0.505,g00,pre100_post100
2750,SA18/F12_SA18_R05.txt,train,F12,1,15.0,1144,1,1,1,1,1,1,0,0.5,g00,pre100_post100
2751,SA18/F13_SA18_R01.txt,train,F13,1,15.0,1125,1,1,1,1,1,1,0,0.375,g00,pre100_post100
2752,SA18/F13_SA18_R02.txt,train,F13,1,15.0,1276,1,1,1,1,1,1,0,0.36,g00,pre100_post100
2753,SA18/F13_SA18_R03.txt,train,F13,1,15.0,1442,1,1,1,1,0,0,0,,g00,pre100_post100
2754,SA18/F13_SA18_R04.txt,train,F13,1,15.0,1385,2,1,2,1,1,1,0,0.77,g00,pre100_post100
2755,SA18/F13_SA18_R05.txt,train,F13,1,15.0,1291,1,1,1,1,1,1,0,0.47,g00,pre100_post100
2756,SA18/F14_SA18_R01.txt,train,F14,1,15.0,1274,1,1,1,1,1,1,0,0.335,g00,pre100_post100
2757,SA18/F14_SA18_R02.txt,train,F14,1,15.0,1011,1,1,1,1,1,1,0,0.43,g00,pre100_post100
2758,SA18/F14_SA18_R03.txt,train,F14,1,15.0,973,1,1,1,1,1,1,0,0.415,g00,pre100_post100
2759,SA18/F14_SA18_R04.txt,train,F14,1,15.0,1004,1,1,1,1,1,1,0,0.39,g00,pre100_post100
2760,SA18/F14_SA18_R05.txt,train,F14,1,15.0,1010,1,1,1,1,1,1,0,0.395,g00,pre100_post100
2761,SA18/F15_SA18_R01.txt,train,F15,1,15.0,1187,1,1,1,1,1,1,0,0.485,g00,pre100_post100
2762,SA18/F15_SA18_R02.txt,train,F15,1,15.0,1161,1,1,1,1,1,1,0,0.43,g00,pre100_post100
2763,SA18/F15_SA18_R03.txt,train,F15,1,15.0,1399,1,1,1,1,1,1,0,0.355,g00,pre100_post100
2764,SA18/F15_SA18_R04.txt,train,F15,1,15.0,1173,1,1,1,1,1,1,0,0.47,g00,pre100_post100
2765,SA18/F15_SA18_R05.txt,train,F15,1,15.0,1351,1,1,1,1,1,1,0,0.485,g00,pre100_post100
2920,SA20/D01_SA20_R01.txt,train,D01,0,99.985,4450,59,0,59,0,0,0,0,,g00,pre100_post100
2921,SA20/D02_SA20_R01.txt,train,D02,0,99.995,11536,61,0,61,0,0,0,0,,g00,pre100_post100
2922,SA20/D03_SA20_R01.txt,train,D03,0,100.0,10420,57,0,56,0,0,0,0,,g00,pre100_post100
2923,SA20/D04_SA20_R01.txt,train,D04,0,100.0,3921,62,0,61,0,0,0,0,,g00,pre100_post100
2924,SA20/D05_SA20_R01.txt,train,D05,0,25.0,4883,12,0,12,0,0,0,0,,g00,pre100_post100
2925,SA20/D05_SA20_R02.txt,train,D05,0,25.0,1184,11,0,11,0,0,0,0,,g00,pre100_post100
2926,SA20/D05_SA20_R03.txt,train,D05,0,25.0,4070,10,0,10,0,0,0,0,,g00,pre100_post100
2927,SA20/D05_SA20_R04.txt,train,D05,0,25.0,4381,11,0,11,0,0,0,0,,g00,pre100_post100
2928,SA20/D05_SA20_R05.txt,train,D05,0,25.0,4188,12,0,12,0,0,0,0,,g00,pre100_post100
2929,SA20/D06_SA20_R01.txt,train,D06,0,24.995,988,6,0,6,0,0,0,0,,g00,pre100_post100
2930,SA20/D06_SA20_R03.txt,train,D06,0,24.99,1227,4,0,4,0,0,0,0,,g00,pre100_post100
2931,SA20/D06_SA20_R04.txt,train,D06,0,25.0,872,6,0,6,0,0,0,0,,g00,pre100_post100
2932,SA20/D06_SA20_R05.txt,train,D06,0,25.0,869,5,0,5,0,0,0,0,,g00,pre100_post100
2933,SA20/D07_SA20_R01.txt,train,D07,0,12.0,1964,1,0,1,0,0,0,0,,g00,pre100_post100
2934,SA20/D07_SA20_R02.txt,train,D07,0,12.0,766,2,0,2,0,0,0,0,,g00,pre100_post100
2935,SA20/D07_SA20_R03.txt,train,D07,0,12.0,1805,0,0,0,0,0,0,0,,g00,pre100_post100
2936,SA20/D07_SA20_R04.txt,train,D07,0,12.0,814,2,0,2,0,0,0,0,,g00,pre100_post100
2937,SA20/D07_SA20_R05.txt,train,D07,0,12.0,1941,0,0,0,0,0,0,0,,g00,pre100_post100
2938,SA20/D08_SA20_R01.txt,train,D08,0,12.0,557,2,0,2,0,0,0,0,,g00,pre100_post100
2939,SA20/D08_SA20_R02.txt,train,D08,0,12.0,296,2,0,2,0,0,0,0,,g00,pre100_post100
2940,SA20/D08_SA20_R03.txt,train,D08,0,12.0,1104,2,0,2,0,0,0,0,,g00,pre100_post100
2941,SA20/D08_SA20_R04.txt,train,D08,0,12.0,823,2,0,2,0,0,0,0,,g00,pre100_post100
2942,SA20/D08_SA20_R05.txt,train,D08,0,12.0,822,2,0,2,0,0,0,0,,g00,pre100_post100
2943,SA20/D09_SA20_R01.txt,train,D09,0,12.0,819,2,0,2,0,0,0,0,,g00,pre100_post100
2944,SA20/D09_SA20_R02.txt,train,D09,0,12.0,1024,2,0,2,0,0,0,0,,g00,pre100_post100
2945,SA20/D09_SA20_R03.txt,train,D09,0,12.0,951,2,0,2,0,0,0,0,,g00,pre100_post100
2946,SA20/D09_SA20_R04.txt,train,D09,0,12.0,1556,2,0,2,0,0,0,0,,g00,pre100_post100
2947,SA20/D09_SA20_R05.txt,train,D09,0,12.0,2108,2,0,2,0,0,0,0,,g00,pre100_post100
2948,SA20/D10_SA20_R01.txt,train,D10,0,12.0,506,2,0,2,0,0,0,0,,g00,pre100_post100
2949,SA20/D10_SA20_R02.txt,train,D10,0,12.0,1480,2,0,2,0,0,0,0,,g00,pre100_post100
2950,SA20/D10_SA20_R03.txt,train,D10,0,11.97,1593,2,0,2,0,0,0,0,,g00,pre100_post100
2951,SA20/D10_SA20_R04.txt,train,D10,0,12.0,1836,2,0,2,0,0,0,0,,g00,pre100_post100
2952,SA20/D10_SA20_R05.txt,train,D10,0,12.0,1571,2,0,2,0,0,0,0,,g00,pre100_post100
2953,SA20/D11_SA20_R01.txt,train,D11,0,11.995,1000,1,0,1,0,0,0,0,,g00,pre100_post100
2954,SA20/D11_SA20_R02.txt,train,D11,0,12.0,1110,1,0,1,0,0,0,0,,g00,pre100_post100
2955,SA20/D11_SA20_R03.txt,train,D11,0,12.0,1438,1,0,1,0,0,0,0,,g00,pre100_post100
2956,SA20/D11_SA20_R04.txt,train,D11,0,12.0,1071,1,0,1,0,0,0,0,,g00,pre100_post100
2957,SA20/D11_SA20_R05.txt,train,D11,0,12.0,1207,1,0,1,0,0,0,0,,g00,pre100_post100
2958,SA20/D12_SA20_R01.txt,train,D12,0,12.0,900,0,0,0,0,0,0,0,,g00,pre100_post100
2959,SA20/D12_SA20_R02.txt,train,D12,0,12.0,561,0,0,0,0,0,0,0,,g00,pre100_post100
2960,SA20/D12_SA20_R03.txt,train,D12,0,12.0,1868,0,0,0,0,0,0,0,,g00,pre100_post100
2961,SA20/D12_SA20_R04.txt,train,D12,0,12.0,553,0,0,0,0,0,0,0,,g00,pre100_post100
2962,SA20/D12_SA20_R05.txt,train,D12,0,12.0,820,1,0,1,0,0,0,0,,g00,pre100_post100
2963,SA20/D13_SA20_R01.txt,train,D13,0,12.0,491,2,0,2,0,0,0,0,,g00,pre100_post100
2964,SA20/D13_SA20_R02.txt,train,D13,0,11.98,617,2,0,2,0,0,0,0,,g00,pre100_post100
2965,SA20/D13_SA20_R03.txt,train,D13,0,12.0,1297,2,0,2,0,0,0,0,,g00,pre100_post100
2966,SA20/D13_SA20_R04.txt,train,D13,0,12.0,452,2,0,2,0,0,0,0,,g00,pre100_post100
2967,SA20/D13_SA20_R05.txt,train,D13,0,12.0,1211,2,0,2,0,0,0,0,,g00,pre100_post100
2968,SA20/D14_SA20_R01.txt,train,D14,0,12.0,1111,0,0,0,0,0,0,0,,g00,pre100_post100
2969,SA20/D14_SA20_R02.txt,train,D14,0,12.0,831,1,0,1,0,0,0,0,,g00,pre100_post100
2970,SA20/D14_SA20_R03.txt,train,D14,0,12.0,1404,0,0,0,0,0,0,0,,g00,pre100_post100
2971,SA20/D14_SA20_R04.txt,train,D14,0,12.0,680,1,0,1,0,0,0,0,,g00,pre100_post100
2972,SA20/D14_SA20_R05.txt,train,D14,0,12.0,1096,1,0,1,0,0,0,0,,g00,pre100_post100
2973,SA20/D15_SA20_R01.txt,train,D15,0,12.0,1727,1,0,1,0,0,0,0,,g00,pre100_post100
2974,SA20/D15_SA20_R02.txt,train,D15,0,12.0,1144,2,0,2,0,0,0,0,,g00,pre100_post100
2975,SA20/D15_SA20_R03.txt,train,D15,0,12.0,1707,2,0,2,0,0,0,0,,g00,pre100_post100
2976,SA20/D15_SA20_R04.txt,train,D15,0,12.0,1843,0,0,0,0,0,0,0,,g00,pre100_post100
2977,SA20/D15_SA20_R05.txt,train,D15,0,12.0,1121,1,0,1,0,0,0,0,,g00,pre100_post100
2978,SA20/D16_SA20_R01.txt,train,D16,0,11.995,878,1,0,1,0,0,0,0,,g00,pre100_post100
2979,SA20/D16_SA20_R02.txt,train,D16,0,12.0,793,0,0,0,0,0,0,0,,g00,pre100_post100
2980,SA20/D16_SA20_R03.txt,train,D16,0,12.0,645,0,0,0,0,0,0,0,,g00,pre100_post100
2981,SA20/D16_SA20_R04.txt,train,D16,0,12.0,1224,0,0,0,0,0,0,0,,g00,pre100_post100
2982,SA20/D16_SA20_R05.txt,train,D16,0,12.0,682,0,0,0,0,0,0,0,,g00,pre100_post100
2983,SA20/D17_SA20_R01.txt,train,D17,0,24.995,4600,5,0,5,0,0,0,0,,g00,pre100_post100
2984,SA20/D17_SA20_R03.txt,train,D17,0,25.0,4134,3,0,3,0,0,0,0,,g00,pre100_post100
2985,SA20/D17_SA20_R04.txt,train,D17,0,25.0,4320,4,0,4,0,0,0,0,,g00,pre100_post100
2986,SA20/D17_SA20_R05.txt,train,D17,0,25.0,1793,4,0,4,0,0,0,0,,g00,pre100_post100
2987,SA20/D18_SA20_R01.txt,train,D18,0,12.0,1101,6,0,6,0,0,0,0,,g00,pre100_post100
2988,SA20/D18_SA20_R02.txt,train,D18,0,12.0,1309,6,0,6,0,0,0,0,,g00,pre100_post100
2989,SA20/D18_SA20_R03.txt,train,D18,0,12.0,1522,6,0,5,0,0,0,0,,g00,pre100_post100
2990,SA20/D18_SA20_R04.txt,train,D18,0,12.0,1269,7,0,6,0,0,0,0,,g00,pre100_post100
2991,SA20/D18_SA20_R05.txt,train,D18,0,11.995,1259,6,0,6,0,0,0,0,,g00,pre100_post100
2992,SA20/D19_SA20_R01.txt,train,D19,0,12.0,1364,2,0,2,0,1,0,1,,g00,pre100_post100
2993,SA20/D19_SA20_R02.txt,train,D19,0,12.0,721,2,0,2,0,2,0,2,,g00,pre100_post100
2994,SA20/D19_SA20_R03.txt,train,D19,0,12.0,1540,2,0,2,0,1,0,1,,g00,pre100_post100
2995,SA20/D19_SA20_R04.txt,train,D19,0,12.0,846,2,0,2,0,2,0,2,,g00,pre100_post100
2996,SA20/D19_SA20_R05.txt,train,D19,0,12.0,718,2,0,2,0,2,0,2,,g00,pre100_post100
2997,SA20/F01_SA20_R01.txt,train,F01,1,14.995,1174,4,1,4,1,0,0,0,,g00,pre100_post100
2998,SA20/F01_SA20_R02.txt,train,F01,1,15.0,1784,5,1,5,1,1,1,0,0.375,g00,pre100_post100
2999,SA20/F01_SA20_R04.txt,train,F01,1,15.0,2244,6,1,6,1,1,1,0,0.45,g00,pre100_post100
3000,SA20/F01_SA20_R05.txt,train,F01,1,15.0,1616,5,1,5,1,1,1,0,0.525,g00,pre100_post100
3001,SA20/F02_SA20_R01.txt,train,F02,1,15.0,1511,5,1,5,1,1,1,0,0.755,g00,pre100_post100
3002,SA20/F02_SA20_R02.txt,train,F02,1,15.0,2047,6,1,6,1,0,0,0,,g00,pre100_post100
3003,SA20/F02_SA20_R03.txt,train,F02,1,15.0,1994,6,1,6,1,0,0,0,,g00,pre100_post100
3004,SA20/F02_SA20_R04.txt,train,F02,1,15.0,1856,5,1,5,1,0,0,0,,g00,pre100_post100
3005,SA20/F02_SA20_R05.txt,train,F02,1,14.995,1580,5,1,5,1,1,1,0,0.455,g00,pre100_post100
3006,SA20/F03_SA20_R01.txt,train,F03,1,15.0,1691,5,1,5,1,0,0,0,,g00,pre100_post100
3007,SA20/F03_SA20_R02.txt,train,F03,1,15.0,1672,5,1,5,1,0,0,0,,g00,pre100_post100
3008,SA20/F03_SA20_R03.txt,train,F03,1,15.0,1839,6,1,6,1,1,1,0,0.86,g00,pre100_post100
3009,SA20/F03_SA20_R04.txt,train,F03,1,15.0,2125,6,1,6,1,1,1,0,1.035,g00,pre100_post100
3010,SA20/F03_SA20_R05.txt,train,F03,1,14.995,1654,6,1,5,1,1,1,0,0.195,g00,pre100_post100
3011,SA20/F04_SA20_R01.txt,train,F04,1,15.0,1343,5,1,5,1,1,1,0,0.84,g00,pre100_post100
3012,SA20/F04_SA20_R02.txt,train,F04,1,15.0,1499,5,1,5,1,0,0,0,,g00,pre100_post100
3013,SA20/F04_SA20_R03.txt,train,F04,1,15.0,1613,5,1,5,1,1,1,0,0.32,g00,pre100_post100
3014,SA20/F04_SA20_R04.txt,train,F04,1,15.0,1549,5,1,5,1,0,0,0,,g00,pre100_post100
3015,SA20/F04_SA20_R05.txt,train,F04,1,15.0,1400,4,1,4,1,0,0,0,,g00,pre100_post100
3016,SA20/F05_SA20_R01.txt,train,F05,1,15.0,1033,4,1,4,1,0,0,0,,g00,pre100_post100
3017,SA20/F05_SA20_R02.txt,train,F05,1,15.0,883,3,1,3,1,1,1,0,0.42,g00,pre100_post100
3018,SA20/F05_SA20_R03.txt,train,F05,1,15.0,824,3,1,3,1,1,1,0,0.365,g00,pre100_post100
3019,SA20/F05_SA20_R04.txt,train,F05,1,15.0,907,3,1,3,1,0,0,0,,g00,pre100_post100
3020,SA20/F05_SA20_R05.txt,train,F05,1,15.0,1128,4,1,4,1,1,1,0,1.155,g00,pre100_post100
3021,SA20/F06_SA20_R01.txt,train,F06,1,14.995,1643,5,1,5,1,1,1,0,0.675,g00,pre100_post100
3022,SA20/F06_SA20_R02.txt,train,F06,1,15.0,1751,6,1,6,1,1,1,0,1.08,g00,pre100_post100
3023,SA20/F06_SA20_R03.txt,train,F06,1,15.0,1674,6,1,6,1,1,1,0,1.37,g00,pre100_post100
3024,SA20/F06_SA20_R04.txt,train,F06,1,15.0,1748,6,1,6,1,1,1,0,1.08,g00,pre100_post100
3025,SA20/F06_SA20_R05.txt,train,F06,1,15.0,1902,6,1,6,1,1,1,0,0.475,g00,pre100_post100
3026,SA20/F07_SA20_R01.txt,train,F07,1,15.0,1633,5,1,5,1,0,0,0,,g00,pre100_post100
3027,SA20/F07_SA20_R02.txt,train,F07,1,15.0,1731,6,1,6,1,1,1,0,0.88,g00,pre100_post100
3028,SA20/F07_SA20_R03.txt,train,F07,1,15.0,1778,5,1,5,1,0,0,0,,g00,pre100_post100
3029,SA20/F07_SA20_R04.txt,train,F07,1,15.0,1906,6,1,6,1,1,1,0,0.92,g00,pre100_post100
3030,SA20/F07_SA20_R05.txt,train,F07,1,14.995,1624,5,1,5,1,1,1,0,0.215,g00,pre100_post100
3031,SA20/F08_SA20_R01.txt,train,F08,1,15.0,1465,2,1,2,1,1,1,0,0.495,g00,pre100_post100
3032,SA20/F08_SA20_R02.txt,train,F08,1,15.0,1222,2,1,2,1,1,1,0,0.85,g00,pre100_post100
3033,SA20/F08_SA20_R03.txt,train,F08,1,15.0,1496,2,1,2,1,1,1,0,0.53,g00,pre100_post100
3034,SA20/F08_SA20_R04.txt,train,F08,1,15.0,1748,1,1,1,1,1,1,0,0.4,g00,pre100_post100
3035,SA20/F08_SA20_R05.txt,train,F08,1,14.995,1412,1,1,1,1,1,1,0,0.525,g00,pre100_post100
3036,SA20/F09_SA20_R01.txt,train,F09,1,15.0,1072,1,1,1,1,1,1,0,0.46,g00,pre100_post100
3037,SA20/F09_SA20_R02.txt,train,F09,1,15.0,1235,2,1,2,1,1,1,0,0.745,g00,pre100_post100
3038,SA20/F09_SA20_R03.txt,train,F09,1,15.0,1327,2,1,2,1,1,1,0,0.435,g00,pre100_post100
3039,SA20/F09_SA20_R04.txt,train,F09,1,15.0,1072,1,1,1,1,1,1,0,0.375,g00,pre100_post100
3040,SA20/F09_SA20_R05.txt,train,F09,1,15.0,1258,1,1,1,1,0,0,0,,g00,pre100_post100
3041,SA20/F10_SA20_R01.txt,train,F10,1,15.0,1025,1,1,1,1,1,1,0,0.505,g00,pre100_post100
3042,SA20/F10_SA20_R02.txt,train,F10,1,15.0,1136,1,1,1,1,1,1,0,0.455,g00,pre100_post100
3043,SA20/F10_SA20_R03.txt,train,F10,1,15.0,1159,2,1,2,1,1,1,0,0.9,g00,pre100_post100
3044,SA20/F10_SA20_R05.txt,train,F10,1,15.0,1104,1,1,1,1,1,1,0,0.515,g00,pre100_post100
3045,SA20/F11_SA20_R01.txt,train,F11,1,14.995,1137,2,1,2,1,1,1,0,1.19,g00,pre100_post100
3046,SA20/F11_SA20_R02.txt,train,F11,1,15.0,1116,1,1,1,1,0,0,0,,g00,pre100_post100
3047,SA20/F11_SA20_R03.txt,train,F11,1,15.0,1045,1,1,1,1,1,1,0,0.335,g00,pre100_post100
3048,SA20/F11_SA20_R04.txt,train,F11,1,15.0,1591,1,1,1,1,1,1,0,0.315,g00,pre100_post100
3049,SA20/F11_SA20_R05.txt,train,F11,1,15.0,1527,1,1,1,1,1,1,0,0.48,g00,pre100_post100
3050,SA20/F12_SA20_R01.txt,train,F12,1,15.0,929,1,1,1,1,1,1,0,0.475,g00,pre100_post100
3051,SA20/F12_SA20_R02.txt,train,F12,1,15.0,1006,1,1,1,1,1,1,0,0.47,g00,pre100_post100
3052,SA20/F12_SA20_R03.txt,train,F12,1,15.0,1080,1,1,1,1,1,1,0,0.485,g00,pre100_post100
3053,SA20/F12_SA20_R04.txt,train,F12,1,15.0,1230,1,1,1,1,1,1,0,0.46,g00,pre100_post100
3054,SA20/F12_SA20_R05.txt,train,F12,1,14.995,1198,1,1,1,1,0,0,0,,g00,pre100_post100
3055,SA20/F13_SA20_R01.txt,train,F13,1,15.0,1613,1,1,1,1,1,1,0,0.23,g00,pre100_post100
3056,SA20/F13_SA20_R02.txt,train,F13,1,15.0,1333,1,1,1,1,1,1,0,0.195,g00,pre100_post100
3057,SA20/F13_SA20_R03.txt,train,F13,1,15.0,1393,1,1,1,1,1,1,0,0.34,g00,pre100_post100
3058,SA20/F13_SA20_R04.txt,train,F13,1,15.0,1230,1,1,1,1,1,1,0,0.265,g00,pre100_post100
3059,SA20/F13_SA20_R05.txt,train,F13,1,15.0,1064,1,1,1,1,1,1,0,0.205,g00,pre100_post100
3060,SA20/F14_SA20_R01.txt,train,F14,1,15.0,916,1,1,1,1,1,1,0,0.355,g00,pre100_post100
3061,SA20/F14_SA20_R02.txt,train,F14,1,15.0,588,1,1,1,1,1,1,0,0.5,g00,pre100_post100
3062,SA20/F14_SA20_R03.txt,train,F14,1,15.0,802,1,1,1,1,1,1,0,0.395,g00,pre100_post100
3063,SA20/F14_SA20_R04.txt,train,F14,1,15.0,1034,1,1,1,1,1,1,0,0.39,g00,pre100_post100
3064,SA20/F14_SA20_R05.txt,train,F14,1,15.0,1169,1,1,1,1,1,1,0,0.495,g00,pre100_post100
3065,SA20/F15_SA20_R01.txt,train,F15,1,15.0,1088,1,1,1,1,1,1,0,0.38,g00,pre100_post100
3066,SA20/F15_SA20_R02.txt,train,F15,1,15.0,989,2,1,1,1,1,1,0,0.43,g00,pre100_post100
3067,SA20/F15_SA20_R03.txt,train,F15,1,15.0,895,1,1,1,1,1,1,0,0.52,g00,pre100_post100
3068,SA20/F15_SA20_R04.txt,train,F15,1,15.0,1012,1,1,1,1,1,1,0,0.33,g00,pre100_post100
3069,SA20/F15_SA20_R05.txt,train,F15,1,15.0,954,1,1,1,1,1,1,0,0.48,g00,pre100_post100
3070,SA21/D01_SA21_R01.txt,train,D01,0,99.995,3635,56,0,56,0,0,0,0,,g00,pre100_post100
3071,SA21/D02_SA21_R01.txt,train,D02,0,100.0,7019,56,0,55,0,0,0,0,,g00,pre100_post100
3072,SA21/D03_SA21_R01.txt,train,D03,0,100.0,1801,60,0,60,0,0,0,0,,g00,pre100_post100
3073,SA21/D04_SA21_R01.txt,train,D04,0,100.0,662,58,0,58,0,1,0,1,,g00,pre100_post100
3074,SA21/D05_SA21_R01.txt,train,D05,0,25.0,2534,12,0,12,0,0,0,0,,g00,pre100_post100
3075,SA21/D05_SA21_R02.txt,train,D05,0,24.995,2847,11,0,11,0,0,0,0,,g00,pre100_post100
3076,SA21/D05_SA21_R03.txt,train,D05,0,24.995,4288,12,0,12,0,0,0,0,,g00,pre100_post100
3077,SA21/D05_SA21_R04.txt,train,D05,0,25.0,4402,14,0,14,0,0,0,0,,g00,pre100_post100
3078,SA21/D05_SA21_R05.txt,train,D05,0,25.0,2740,13,0,13,0,0,0,0,,g00,pre100_post100
3079,SA21/D06_SA21_R01.txt,train,D06,0,25.0,816,9,0,9,0,0,0,0,,g00,pre100_post100
3080,SA21/D06_SA21_R02.txt,train,D06,0,25.0,1016,7,0,7,0,0,0,0,,g00,pre100_post100
3081,SA21/D06_SA21_R03.txt,train,D06,0,25.0,560,7,0,7,0,0,0,0,,g00,pre100_post100
3082,SA21/D06_SA21_R04.txt,train,D06,0,25.0,821,8,0,8,0,0,0,0,,g00,pre100_post100
3083,SA21/D06_SA21_R05.txt,train,D06,0,25.0,970,7,0,7,0,0,0,0,,g00,pre100_post100
3084,SA21/D07_SA21_R01.txt,train,D07,0,12.0,1934,2,0,2,0,0,0,0,,g00,pre100_post100
3085,SA21/D07_SA21_R02.txt,train,D07,0,12.0,688,2,0,2,0,0,0,0,,g00,pre100_post100
3086,SA21/D07_SA21_R03.txt,train,D07,0,12.0,666,2,0,2,0,0,0,0,,g00,pre100_post100
3087,SA21/D07_SA21_R04.txt,train,D07,0,12.0,849,2,0,2,0,0,0,0,,g00,pre100_post100
3088,SA21/D07_SA21_R05.txt,train,D07,0,12.0,771,2,0,2,0,0,0,0,,g00,pre100_post100
3089,SA21/D08_SA21_R01.txt,train,D08,0,12.0,353,2,0,2,0,0,0,0,,g00,pre100_post100
3090,SA21/D08_SA21_R02.txt,train,D08,0,12.0,399,2,0,2,0,0,0,0,,g00,pre100_post100
3091,SA21/D08_SA21_R03.txt,train,D08,0,12.0,427,2,0,2,0,0,0,0,,g00,pre100_post100
3092,SA21/D08_SA21_R04.txt,train,D08,0,12.0,821,2,0,2,0,0,0,0,,g00,pre100_post100
3093,SA21/D08_SA21_R05.txt,train,D08,0,12.0,803,2,0,2,0,0,0,0,,g00,pre100_post100
3094,SA21/D09_SA21_R01.txt,train,D09,0,12.0,687,2,0,2,0,0,0,0,,g00,pre100_post100
3095,SA21/D09_SA21_R02.txt,train,D09,0,12.0,934,2,0,2,0,0,0,0,,g00,pre100_post100
3096,SA21/D09_SA21_R03.txt,train,D09,0,12.0,1646,2,0,2,0,0,0,0,,g00,pre100_post100
3097,SA21/D09_SA21_R04.txt,train,D09,0,12.0,1012,2,0,2,0,0,0,0,,g00,pre100_post100
3098,SA21/D09_SA21_R05.txt,train,D09,0,12.0,1837,2,0,2,0,0,0,0,,g00,pre100_post100
3099,SA21/D10_SA21_R01.txt,train,D10,0,12.0,556,2,0,2,0,0,0,0,,g00,pre100_post100
3100,SA21/D10_SA21_R02.txt,train,D10,0,12.0,1390,2,0,2,0,0,0,0,,g00,pre100_post100
3101,SA21/D10_SA21_R03.txt,train,D10,0,12.0,852,2,0,2,0,0,0,0,,g00,pre100_post100
3102,SA21/D10_SA21_R04.txt,train,D10,0,12.0,796,2,0,2,0,0,0,0,,g00,pre100_post100
3103,SA21/D10_SA21_R05.txt,train,D10,0,12.0,687,2,0,2,0,0,0,0,,g00,pre100_post100
3104,SA21/D11_SA21_R01.txt,train,D11,0,11.995,1131,1,0,1,0,0,0,0,,g00,pre100_post100
3105,SA21/D11_SA21_R02.txt,train,D11,0,12.0,1133,1,0,1,0,0,0,0,,g00,pre100_post100
3106,SA21/D11_SA21_R03.txt,train,D11,0,12.0,1011,1,0,1,0,0,0,0,,g00,pre100_post100
3107,SA21/D11_SA21_R04.txt,train,D11,0,12.0,1195,1,0,1,0,0,0,0,,g00,pre100_post100
3108,SA21/D11_SA21_R05.txt,train,D11,0,12.0,1185,1,0,1,0,0,0,0,,g00,pre100_post100
3109,SA21/D12_SA21_R01.txt,train,D12,0,12.0,2108,0,0,0,0,0,0,0,,g00,pre100_post100
3110,SA21/D12_SA21_R02.txt,train,D12,0,12.0,772,1,0,1,0,0,0,0,,g00,pre100_post100
3111,SA21/D12_SA21_R03.txt,train,D12,0,12.0,732,0,0,0,0,0,0,0,,g00,pre100_post100
3112,SA21/D12_SA21_R04.txt,train,D12,0,12.0,1744,0,0,0,0,0,0,0,,g00,pre100_post100
3113,SA21/D12_SA21_R05.txt,train,D12,0,12.0,655,1,0,1,0,0,0,0,,g00,pre100_post100
3114,SA21/D13_SA21_R01.txt,train,D13,0,12.0,584,2,0,2,0,0,0,0,,g00,pre100_post100
3115,SA21/D13_SA21_R02.txt,train,D13,0,12.0,414,2,0,2,0,0,0,0,,g00,pre100_post100
3116,SA21/D13_SA21_R03.txt,train,D13,0,12.0,598,2,0,2,0,0,0,0,,g00,pre100_post100
3117,SA21/D13_SA21_R04.txt,train,D13,0,12.0,1521,2,0,2,0,0,0,0,,g00,pre100_post100
3118,SA21/D13_SA21_R05.txt,train,D13,0,12.0,595,2,0,2,0,0,0,0,,g00,pre100_post100
3119,SA21/D14_SA21_R01.txt,train,D14,0,12.0,1467,3,0,3,0,0,0,0,,g00,pre100_post100
3120,SA21/D14_SA21_R02.txt,train,D14,0,12.0,1789,2,0,2,0,0,0,0,,g00,pre100_post100
3121,SA21/D14_SA21_R03.txt,train,D14,0,12.0,1541,2,0,2,0,0,0,0,,g00,pre100_post100
3122,SA21/D14_SA21_R04.txt,train,D14,0,12.0,512,3,0,3,0,0,0,0,,g00,pre100_post100
3123,SA21/D14_SA21_R05.txt,train,D14,0,12.0,582,2,0,2,0,0,0,0,,g00,pre100_post100
3124,SA21/D15_SA21_R01.txt,train,D15,0,12.0,671,2,0,2,0,0,0,0,,g00,pre100_post100
3125,SA21/D15_SA21_R02.txt,train,D15,0,12.0,1701,2,0,2,0,0,0,0,,g00,pre100_post100
3126,SA21/D15_SA21_R03.txt,train,D15,0,12.0,1473,2,0,2,0,0,0,0,,g00,pre100_post100
3127,SA21/D15_SA21_R04.txt,train,D15,0,12.0,846,2,0,2,0,0,0,0,,g00,pre100_post100
3128,SA21/D15_SA21_R05.txt,train,D15,0,12.0,1627,2,0,2,0,0,0,0,,g00,pre100_post100
3129,SA21/D16_SA21_R01.txt,train,D16,0,11.995,803,0,0,0,0,0,0,0,,g00,pre100_post100
3130,SA21/D16_SA21_R02.txt,train,D16,0,12.0,603,0,0,0,0,0,0,0,,g00,pre100_post100
3131,SA21/D16_SA21_R03.txt,train,D16,0,12.0,885,0,0,0,0,0,0,0,,g00,pre100_post100
3132,SA21/D16_SA21_R04.txt,train,D16,0,12.0,721,0,0,0,0,0,0,0,,g00,pre100_post100
3133,SA21/D16_SA21_R05.txt,train,D16,0,12.0,945,0,0,0,0,0,0,0,,g00,pre100_post100
3134,SA21/D17_SA21_R01.txt,train,D17,0,25.0,4120,4,0,4,0,0,0,0,,g00,pre100_post100
3135,SA21/D17_SA21_R02.txt,train,D17,0,25.0,1251,3,0,3,0,0,0,0,,g00,pre100_post100
3136,SA21/D17_SA21_R03.txt,train,D17,0,25.0,1639,3,0,3,0,0,0,0,,g00,pre100_post100
3137,SA21/D17_SA21_R04.txt,train,D17,0,25.0,4053,3,0,3,0,0,0,0,,g00,pre100_post100
3138,SA21/D17_SA21_R05.txt,train,D17,0,24.995,1337,3,0,3,0,0,0,0,,g00,pre100_post100
3139,SA21/D18_SA21_R01.txt,train,D18,0,12.0,971,6,0,6,0,0,0,0,,g00,pre100_post100
3140,SA21/D18_SA21_R02.txt,train,D18,0,12.0,1306,6,0,5,0,0,0,0,,g00,pre100_post100
3141,SA21/D18_SA21_R03.txt,train,D18,0,12.0,1204,6,0,6,0,0,0,0,,g00,pre100_post100
3142,SA21/D18_SA21_R04.txt,train,D18,0,12.0,1239,6,0,6,0,0,0,0,,g00,pre100_post100
3143,SA21/D18_SA21_R05.txt,train,D18,0,12.0,1151,6,0,5,0,0,0,0,,g00,pre100_post100
3144,SA21/D19_SA21_R01.txt,train,D19,0,12.0,1508,2,0,2,0,0,0,0,,g00,pre100_post100
3145,SA21/D19_SA21_R02.txt,train,D19,0,12.0,658,2,0,2,0,0,0,0,,g00,pre100_post100
3146,SA21/D19_SA21_R03.txt,train,D19,0,12.0,1426,2,0,2,0,0,0,0,,g00,pre100_post100
3147,SA21/D19_SA21_R04.txt,train,D19,0,12.0,889,2,0,2,0,0,0,0,,g00,pre100_post100
3148,SA21/D19_SA21_R05.txt,train,D19,0,12.0,1305,2,0,2,0,0,0,0,,g00,pre100_post100
3149,SA21/F01_SA21_R01.txt,train,F01,1,15.0,1292,4,1,4,1,1,1,0,0.3,g00,pre100_post100
3150,SA21/F01_SA21_R02.txt,train,F01,1,15.0,1249,4,1,4,1,1,1,0,0.055,g00,pre100_post100
3151,SA21/F01_SA21_R03.txt,train,F01,1,15.0,1142,3,0,3,0,0,0,0,,g00,pre100_post100
3152,SA21/F01_SA21_R04.txt,train,F01,1,15.0,1330,4,1,4,1,1,1,0,0.255,g00,pre100_post100
3153,SA21/F01_SA21_R05.txt,train,F01,1,15.0,1409,4,1,4,1,1,1,0,0.12,g00,pre100_post100
3154,SA21/F02_SA21_R01.txt,train,F02,1,15.0,1562,5,1,5,1,0,0,0,,g00,pre100_post100
3155,SA21/F02_SA21_R02.txt,train,F02,1,15.0,1696,5,1,5,1,1,1,0,0.325,g00,pre100_post100
3156,SA21/F02_SA21_R03.txt,train,F02,1,15.0,2282,5,1,5,1,1,1,0,0.91,g00,pre100_post100
3157,SA21/F02_SA21_R04.txt,train,F02,1,15.0,1765,5,1,5,1,1,1,0,0.515,g00,pre100_post100
3158,SA21/F02_SA21_R05.txt,train,F02,1,15.0,1367,5,1,5,1,0,0,0,,g00,pre100_post100
3159,SA21/F03_SA21_R01.txt,train,F03,1,15.0,1347,4,1,4,1,1,1,0,0.18,g00,pre100_post100
3160,SA21/F03_SA21_R02.txt,train,F03,1,15.0,1451,5,1,5,1,0,0,0,,g00,pre100_post100
3161,SA21/F03_SA21_R03.txt,train,F03,1,15.0,1378,5,1,5,1,0,0,0,,g00,pre100_post100
3162,SA21/F03_SA21_R04.txt,train,F03,1,15.0,1303,5,1,4,1,1,1,0,1.28,g00,pre100_post100
3163,SA21/F03_SA21_R05.txt,train,F03,1,15.0,1339,4,1,4,1,1,1,0,-0.355,g00,pre100_post100
3164,SA21/F04_SA21_R01.txt,train,F04,1,15.0,1285,4,1,4,1,1,1,0,0.355,g00,pre100_post100
3165,SA21/F04_SA21_R02.txt,train,F04,1,15.0,1653,5,1,5,1,1,1,0,0.99,g00,pre100_post100
3166,SA21/F04_SA21_R03.txt,train,F04,1,15.0,1301,4,1,4,1,1,1,0,0.275,g00,pre100_post100
3167,SA21/F04_SA21_R04.txt,train,F04,1,15.0,1470,4,1,4,1,0,0,0,,g00,pre100_post100
3168,SA21/F04_SA21_R05.txt,train,F04,1,15.0,1258,4,1,4,1,1,1,0,0.51,g00,pre100_post100
3169,SA21/F05_SA21_R01.txt,train,F05,1,15.0,1160,4,1,4,1,1,1,0,0.705,g00,pre100_post100
3170,SA21/F05_SA21_R02.txt,train,F05,1,15.0,1172,4,1,4,1,1,1,0,0.335,g00,pre100_post100
3171,SA21/F05_SA21_R03.txt,train,F05,1,15.0,1175,4,1,4,1,1,1,0,0.88,g00,pre100_post100
3172,SA21/F05_SA21_R04.txt,train,F05,1,15.0,1170,4,1,4,1,1,1,0,0.77,g00,pre100_post100
3173,SA21/F05_SA21_R05.txt,train,F05,1,15.0,1155,4,1,4,1,1,1,0,0.88,g00,pre100_post100
3174,SA21/F06_SA21_R01.txt,train,F06,1,15.0,1318,4,1,4,1,1,1,0,0.48,g00,pre100_post100
3175,SA21/F06_SA21_R02.txt,train,F06,1,15.0,1315,4,1,4,1,1,1,0,0.475,g00,pre100_post100
3176,SA21/F06_SA21_R03.txt,train,F06,1,15.0,1538,4,1,4,1,1,1,0,0.395,g00,pre100_post100
3177,SA21/F06_SA21_R04.txt,train,F06,1,15.0,2080,6,1,6,1,1,1,0,0.33,g00,pre100_post100
3178,SA21/F06_SA21_R05.txt,train,F06,1,15.0,1904,6,1,6,1,1,1,0,0.405,g00,pre100_post100
3179,SA21/F07_SA21_R01.txt,train,F07,1,15.0,1764,5,1,5,1,1,1,0,0.38,g00,pre100_post100
3180,SA21/F07_SA21_R02.txt,train,F07,1,15.0,2012,6,1,6,1,1,1,0,0.5,g00,pre100_post100
3181,SA21/F07_SA21_R03.txt,train,F07,1,15.0,1953,5,1,5,1,0,0,0,,g00,pre100_post100
3182,SA21/F07_SA21_R04.txt,train,F07,1,15.0,1817,6,1,6,1,0,0,0,,g00,pre100_post100
3183,SA21/F07_SA21_R05.txt,train,F07,1,15.0,2134,7,1,7,1,1,1,0,0.96,g00,pre100_post100
3184,SA21/F08_SA21_R01.txt,train,F08,1,15.0,1111,2,1,2,1,1,1,0,0.745,g00,pre100_post100
3185,SA21/F08_SA21_R02.txt,train,F08,1,15.0,1180,2,1,2,1,1,1,0,0.325,g00,pre100_post100
3186,SA21/F08_SA21_R03.txt,train,F08,1,15.0,1437,2,1,2,1,1,1,0,0.21,g00,pre100_post100
3187,SA21/F08_SA21_R04.txt,train,F08,1,15.0,1234,2,1,2,1,1,1,0,0.33,g00,pre100_post100
3188,SA21/F08_SA21_R05.txt,train,F08,1,15.0,1435,2,1,2,1,1,1,0,0.51,g00,pre100_post100
3189,SA21/F09_SA21_R01.txt,train,F09,1,15.0,1003,2,1,2,1,1,1,0,1.04,g00,pre100_post100
3190,SA21/F09_SA21_R02.txt,train,F09,1,15.0,1582,2,1,2,1,1,1,0,0.725,g00,pre100_post100
3191,SA21/F09_SA21_R03.txt,train,F09,1,15.0,1338,2,1,2,1,1,1,0,0.44,g00,pre100_post100
3192,SA21/F09_SA21_R04.txt,train,F09,1,15.0,1220,2,1,2,1,1,1,0,0.49,g00,pre100_post100
3193,SA21/F09_SA21_R05.txt,train,F09,1,15.0,1398,2,1,2,1,1,1,0,0.475,g00,pre100_post100
3194,SA21/F10_SA21_R01.txt,train,F10,1,15.0,1334,1,1,1,1,1,1,0,0.355,g00,pre100_post100
3195,SA21/F10_SA21_R02.txt,train,F10,1,15.0,1241,1,1,1,1,1,1,0,0.28,g00,pre100_post100
3196,SA21/F10_SA21_R03.txt,train,F10,1,15.0,1045,2,1,2,1,1,1,0,0.3,g00,pre100_post100
3197,SA21/F10_SA21_R04.txt,train,F10,1,15.0,1247,2,1,2,1,1,1,0,0.79,g00,pre100_post100
3198,SA21/F10_SA21_R05.txt,train,F10,1,15.0,1246,2,1,2,1,1,1,0,0.695,g00,pre100_post100
3199,SA21/F11_SA21_R01.txt,train,F11,1,14.995,1144,1,1,1,1,1,1,0,0.485,g00,pre100_post100
3200,SA21/F11_SA21_R02.txt,train,F11,1,15.0,1487,2,1,2,1,1,1,0,0.71,g00,pre100_post100
3201,SA21/F11_SA21_R03.txt,train,F11,1,15.0,984,1,1,1,1,1,1,0,0.4,g00,pre100_post100
3202,SA21/F11_SA21_R04.txt,train,F11,1,15.0,1175,1,1,1,1,1,1,0,0.48,g00,pre100_post100
3203,SA21/F11_SA21_R05.txt,train,F11,1,15.0,1129,2,0,2,0,0,0,0,,g00,pre100_post100
3204,SA21/F12_SA21_R01.txt,train,F12,1,15.0,1128,1,1,1,1,1,1,0,0.505,g00,pre100_post100
3205,SA21/F12_SA21_R02.txt,train,F12,1,15.0,1312,2,1,2,1,1,1,0,0.5,g00,pre100_post100
3206,SA21/F12_SA21_R03.txt,train,F12,1,15.0,1151,2,1,2,1,1,1,0,1.15,g00,pre100_post100
3207,SA21/F12_SA21_R04.txt,train,F12,1,15.0,986,2,1,2,1,1,1,0,0.47,g00,pre100_post100
3208,SA21/F12_SA21_R05.txt,train,F12,1,15.0,1256,2,1,2,1,1,1,0,1.09,g00,pre100_post100
3209,SA21/F13_SA21_R01.txt,train,F13,1,15.0,873,1,1,1,1,1,1,0,0.48,g00,pre100_post100
3210,SA21/F13_SA21_R02.txt,train,F13,1,15.0,1176,2,1,2,1,1,1,0,0.025,g00,pre100_post100
3211,SA21/F13_SA21_R03.txt,train,F13,1,15.0,876,1,1,1,1,0,0,0,,g00,pre100_post100
3212,SA21/F13_SA21_R04.txt,train,F13,1,15.0,1166,1,1,1,1,0,0,0,,g00,pre100_post100
3213,SA21/F13_SA21_R05.txt,train,F13,1,15.0,1114,1,1,1,1,1,1,0,0.34,g00,pre100_post100
3214,SA21/F14_SA21_R01.txt,train,F14,1,15.0,951,1,1,1,1,1,1,0,0.385,g00,pre100_post100
3215,SA21/F14_SA21_R02.txt,train,F14,1,15.0,1083,1,1,1,1,1,1,0,0.405,g00,pre100_post100
3216,SA21/F14_SA21_R03.txt,train,F14,1,15.0,929,1,1,1,1,1,1,0,0.425,g00,pre100_post100
3217,SA21/F14_SA21_R04.txt,train,F14,1,15.0,954,1,1,1,1,1,1,0,0.39,g00,pre100_post100
3218,SA21/F14_SA21_R05.txt,train,F14,1,15.0,1278,1,1,1,1,1,1,0,0.385,g00,pre100_post100
3219,SA21/F15_SA21_R01.txt,train,F15,1,15.0,1022,1,1,1,1,1,1,0,0.35,g00,pre100_post100
3220,SA21/F15_SA21_R02.txt,train,F15,1,15.0,992,1,1,1,1,1,1,0,0.5,g00,pre100_post100
3221,SA21/F15_SA21_R03.txt,train,F15,1,15.0,884,1,1,1,1,0,0,0,,g00,pre100_post100
3222,SA21/F15_SA21_R04.txt,train,F15,1,15.0,771,1,1,1,1,1,1,0,0.375,g00,pre100_post100
3223,SA21/F15_SA21_R05.txt,train,F15,1,15.0,1086,1,1,1,1,1,1,0,0.45,g00,pre100_post100
3224,SA22/D01_SA22_R01.txt,train,D01,0,99.995,8023,61,0,59,0,0,0,0,,g00,pre100_post100
3225,SA22/D02_SA22_R01.txt,train,D02,0,99.995,10804,62,0,60,0,0,0,0,,g00,pre100_post100
3226,SA22/D03_SA22_R01.txt,train,D03,0,100.0,10503,62,0,62,0,26,0,26,,g00,pre100_post100
3227,SA22/D04_SA22_R01.txt,train,D04,0,99.985,13859,64,0,64,0,42,0,42,,g00,pre100_post100
3228,SA22/D05_SA22_R01.txt,train,D05,0,25.0,3573,10,0,10,0,0,0,0,,g00,pre100_post100
3229,SA22/D05_SA22_R02.txt,train,D05,0,25.0,4526,9,0,9,0,0,0,0,,g00,pre100_post100
3230,SA22/D05_SA22_R03.txt,train,D05,0,25.0,4281,10,0,10,0,0,0,0,,g00,pre100_post100
3231,SA22/D05_SA22_R04.txt,train,D05,0,25.0,3196,9,0,9,0,0,0,0,,g00,pre100_post100
3232,SA22/D05_SA22_R05.txt,train,D05,0,25.0,3789,9,0,9,0,0,0,0,,g00,pre100_post100
3233,SA22/D06_SA22_R01.txt,train,D06,0,24.995,2592,7,0,7,0,1,0,1,,g00,pre100_post100
3234,SA22/D06_SA22_R02.txt,train,D06,0,25.0,2945,6,0,6,0,2,0,2,,g00,pre100_post100
3235,SA22/D06_SA22_R03.txt,train,D06,0,25.0,2515,6,0,6,0,3,0,3,,g00,pre100_post100
3236,SA22/D06_SA22_R04.txt,train,D06,0,25.0,3213,7,0,6,0,2,0,2,,g00,pre100_post100
3237,SA22/D06_SA22_R05.txt,train,D06,0,25.0,3011,7,0,6,0,2,0,2,,g00,pre100_post100
3238,SA22/D07_SA22_R01.txt,train,D07,0,11.995,1805,3,0,2,0,0,0,0,,g00,pre100_post100
3239,SA22/D07_SA22_R02.txt,train,D07,0,12.0,943,2,0,2,0,0,0,0,,g00,pre100_post100
3240,SA22/D07_SA22_R03.txt,train,D07,0,12.0,915,2,0,2,0,0,0,0,,g00,pre100_post100
3241,SA22/D07_SA22_R04.txt,train,D07,0,12.0,956,2,0,2,0,0,0,0,,g00,pre100_post100
3242,SA22/D07_SA22_R05.txt,train,D07,0,12.0,384,2,0,2,0,0,0,0,,g00,pre100_post100
3243,SA22/D08_SA22_R01.txt,train,D08,0,12.0,697,2,0,2,0,0,0,0,,g00,pre100_post100
3244,SA22/D08_SA22_R02.txt,train,D08,0,12.0,786,2,0,2,0,0,0,0,,g00,pre100_post100
3245,SA22/D08_SA22_R03.txt,train,D08,0,12.0,717,2,0,2,0,0,0,0,,g00,pre100_post100
3246,SA22/D08_SA22_R04.txt,train,D08,0,12.0,611,2,0,2,0,0,0,0,,g00,pre100_post100
3247,SA22/D08_SA22_R05.txt,train,D08,0,11.99,798,2,0,2,0,0,0,0,,g00,pre100_post100
3248,SA22/D09_SA22_R01.txt,train,D09,0,11.995,844,2,0,2,0,0,0,0,,g00,pre100_post100
3249,SA22/D09_SA22_R02.txt,train,D09,0,12.0,876,2,0,2,0,0,0,0,,g00,pre100_post100
3250,SA22/D09_SA22_R03.txt,train,D09,0,12.0,918,2,0,2,0,0,0,0,,g00,pre100_post100
3251,SA22/D09_SA22_R04.txt,train,D09,0,12.0,792,2,0,2,0,0,0,0,,g00,pre100_post100
3252,SA22/D09_SA22_R05.txt,train,D09,0,12.0,986,2,0,2,0,0,0,0,,g00,pre100_post100
3253,SA22/D10_SA22_R01.txt,train,D10,0,12.0,683,2,0,2,0,0,0,0,,g00,pre100_post100
3254,SA22/D10_SA22_R02.txt,train,D10,0,12.0,668,2,0,2,0,0,0,0,,g00,pre100_post100
3255,SA22/D10_SA22_R03.txt,train,D10,0,12.0,690,2,0,2,0,0,0,0,,g00,pre100_post100
3256,SA22/D10_SA22_R04.txt,train,D10,0,12.0,785,2,0,2,0,0,0,0,,g00,pre100_post100
3257,SA22/D10_SA22_R05.txt,train,D10,0,12.0,641,2,0,2,0,0,0,0,,g00,pre100_post100
3258,SA22/D11_SA22_R01.txt,train,D11,0,11.995,1355,2,0,2,0,0,0,0,,g00,pre100_post100
3259,SA22/D11_SA22_R02.txt,train,D11,0,12.0,1092,2,0,2,0,0,0,0,,g00,pre100_post100
3260,SA22/D11_SA22_R03.txt,train,D11,0,12.0,1282,2,0,2,0,0,0,0,,g00,pre100_post100
3261,SA22/D11_SA22_R04.txt,train,D11,0,12.0,1182,1,0,1,0,0,0,0,,g00,pre100_post100
3262,SA22/D11_SA22_R05.txt,train,D11,0,12.0,1298,1,0,1,0,0,0,0,,g00,pre100_post100
3263,SA22/D12_SA22_R01.txt,train,D12,0,12.0,1709,1,0,1,0,0,0,0,,g00,pre100_post100
3264,SA22/D12_SA22_R02.txt,train,D12,0,12.0,898,1,0,1,0,0,0,0,,g00,pre100_post100
3265,SA22/D12_SA22_R03.txt,train,D12,0,12.0,954,0,0,0,0,0,0,0,,g00,pre100_post100
3266,SA22/D12_SA22_R04.txt,train,D12,0,12.0,791,0,0,0,0,0,0,0,,g00,pre100_post100
3267,SA22/D12_SA22_R05.txt,train,D12,0,12.0,853,0,0,0,0,0,0,0,,g00,pre100_post100
3268,SA22/D13_SA22_R01.txt,train,D13,0,12.0,464,2,0,2,0,0,0,0,,g00,pre100_post100
3269,SA22/D13_SA22_R02.txt,train,D13,0,12.0,579,2,0,2,0,0,0,0,,g00,pre100_post100
3270,SA22/D13_SA22_R03.txt,train,D13,0,12.0,675,1,0,1,0,0,0,0,,g00,pre100_post100
3271,SA22/D13_SA22_R04.txt,train,D13,0,12.0,623,2,0,2,0,0,0,0,,g00,pre100_post100
3272,SA22/D13_SA22_R05.txt,train,D13,0,12.0,1651,2,0,2,0,0,0,0,,g00,pre100_post100
3273,SA22/D14_SA22_R01.txt,train,D14,0,12.0,1125,2,0,2,0,0,0,0,,g00,pre100_post100
3274,SA22/D14_SA22_R02.txt,train,D14,0,12.0,1032,1,0,1,0,0,0,0,,g00,pre100_post100
3275,SA22/D14_SA22_R03.txt,train,D14,0,12.0,958,1,0,1,0,0,0,0,,g00,pre100_post100
3276,SA22/D14_SA22_R04.txt,train,D14,0,12.0,850,0,0,0,0,0,0,0,,g00,pre100_post100
3277,SA22/D14_SA22_R05.txt,train,D14,0,12.0,903,1,0,1,0,0,0,0,,g00,pre100_post100
3278,SA22/D15_SA22_R01.txt,train,D15,0,12.0,1416,2,0,2,0,0,0,0,,g00,pre100_post100
3279,SA22/D15_SA22_R02.txt,train,D15,0,12.0,890,2,0,2,0,0,0,0,,g00,pre100_post100
3280,SA22/D15_SA22_R03.txt,train,D15,0,12.0,771,2,0,2,0,0,0,0,,g00,pre100_post100
3281,SA22/D15_SA22_R04.txt,train,D15,0,12.0,823,2,0,2,0,0,0,0,,g00,pre100_post100
3282,SA22/D15_SA22_R05.txt,train,D15,0,11.995,992,3,0,3,0,0,0,0,,g00,pre100_post100
3283,SA22/D16_SA22_R01.txt,train,D16,0,11.995,811,0,0,0,0,0,0,0,,g00,pre100_post100
3284,SA22/D16_SA22_R02.txt,train,D16,0,12.0,770,0,0,0,0,0,0,0,,g00,pre100_post100
3285,SA22/D16_SA22_R03.txt,train,D16,0,12.0,739,0,0,0,0,0,0,0,,g00,pre100_post100
3286,SA22/D16_SA22_R04.txt,train,D16,0,12.0,1833,0,0,0,0,0,0,0,,g00,pre100_post100
3287,SA22/D16_SA22_R05.txt,train,D16,0,12.0,992,0,0,0,0,0,0,0,,g00,pre100_post100
3288,SA22/D17_SA22_R01.txt,train,D17,0,24.995,4114,5,0,5,0,0,0,0,,g00,pre100_post100
3289,SA22/D17_SA22_R02.txt,train,D17,0,25.0,1329,4,0,4,0,0,0,0,,g00,pre100_post100
3290,SA22/D17_SA22_R03.txt,train,D17,0,25.0,1408,4,0,4,0,0,0,0,,g00,pre100_post100
3291,SA22/D17_SA22_R04.txt,train,D17,0,24.995,3987,3,0,3,0,0,0,0,,g00,pre100_post100
3292,SA22/D17_SA22_R05.txt,train,D17,0,25.0,3421,3,0,3,0,0,0,0,,g00,pre100_post100
3293,SA22/D18_SA22_R01.txt,train,D18,0,11.97,1150,6,0,6,0,0,0,0,,g00,pre100_post100
3294,SA22/D18_SA22_R02.txt,train,D18,0,12.0,1111,7,0,6,0,0,0,0,,g00,pre100_post100
3295,SA22/D18_SA22_R03.txt,train,D18,0,12.0,1308,7,0,7,0,0,0,0,,g00,pre100_post100
3296,SA22/D18_SA22_R04.txt,train,D18,0,12.0,1138,7,0,7,0,0,0,0,,g00,pre100_post100
3297,SA22/D18_SA22_R05.txt,train,D18,0,12.0,1191,7,0,6,0,1,0,1,,g00,pre100_post100
3298,SA22/D19_SA22_R01.txt,train,D19,0,12.0,1592,2,0,2,0,0,0,0,,g00,pre100_post100
3299,SA22/D19_SA22_R02.txt,train,D19,0,12.0,1390,2,0,2,0,0,0,0,,g00,pre100_post100
3300,SA22/D19_SA22_R03.txt,train,D19,0,12.0,553,3,0,3,0,0,0,0,,g00,pre100_post100
3301,SA22/D19_SA22_R04.txt,train,D19,0,12.0,1219,2,0,2,0,0,0,0,,g00,pre100_post100
3302,SA22/D19_SA22_R05.txt,train,D19,0,12.0,1509,2,0,2,0,0,0,0,,g00,pre100_post100
3303,SA22/F01_SA22_R01.txt,train,F01,1,14.995,1410,4,1,4,1,1,1,0,0.35,g00,pre100_post100
3304,SA22/F01_SA22_R02.txt,train,F01,1,15.0,1481,5,1,5,1,1,1,0,0.83,g00,pre100_post100
3305,SA22/F01_SA22_R03.txt,train,F01,1,15.0,1499,5,1,4,1,1,1,0,0.14,g00,pre100_post100
3306,SA22/F01_SA22_R04.txt,train,F01,1,15.0,1466,4,1,4,1,0,0,0,,g00,pre100_post100
3307,SA22/F01_SA22_R05.txt,train,F01,1,15.0,1515,5,1,5,1,1,1,0,0.42,g00,pre100_post100
3308,SA22/F02_SA22_R01.txt,train,F02,1,15.0,1661,5,1,5,1,1,1,0,0.145,g00,pre100_post100
3309,SA22/F02_SA22_R02.txt,train,F02,1,15.0,1529,5,1,5,1,1,1,0,0.385,g00,pre100_post100
3310,SA22/F02_SA22_R03.txt,train,F02,1,15.0,1531,4,1,4,1,0,0,0,,g00,pre100_post100
3311,SA22/F02_SA22_R04.txt,train,F02,1,15.0,1300,4,1,4,1,1,1,0,0.275,g00,pre100_post100
3312,SA22/F02_SA22_R05.txt,train,F02,1,15.0,1385,4,0,4,0,0,0,0,,g00,pre100_post100
3313,SA22/F03_SA22_R01.txt,train,F03,1,15.0,1760,4,1,4,1,1,1,0,0.18,g00,pre100_post100
3314,SA22/F03_SA22_R02.txt,train,F03,1,15.0,1099,4,1,3,1,1,1,0,0.445,g00,pre100_post100
3315,SA22/F03_SA22_R03.txt,train,F03,1,15.0,1319,4,1,4,1,1,1,0,0.2,g00,pre100_post100
3316,SA22/F03_SA22_R04.txt,train,F03,1,14.985,1181,4,1,4,1,1,1,0,1.26,g00,pre100_post100
3317,SA22/F03_SA22_R05.txt,train,F03,1,15.0,1374,4,1,4,1,1,1,0,0.725,g00,pre100_post100
3318,SA22/F04_SA22_R01.txt,train,F04,1,15.0,1401,4,1,4,1,0,0,0,,g00,pre100_post100
3319,SA22/F04_SA22_R02.txt,train,F04,1,15.0,1413,5,1,5,1,1,1,0,0.42,g00,pre100_post100
3320,SA22/F04_SA22_R03.txt,train,F04,1,15.0,1553,5,1,5,1,0,0,0,,g00,pre100_post100
3321,SA22/F04_SA22_R04.txt,train,F04,1,15.0,1875,5,1,5,1,1,1,0,0.485,g00,pre100_post100
3322,SA22/F04_SA22_R05.txt,train,F04,1,15.0,1760,5,1,5,1,1,1,0,0.07,g00,pre100_post100
3323,SA22/F05_SA22_R01.txt,train,F05,1,15.0,859,4,1,3,1,0,0,0,,g00,pre100_post100
3324,SA22/F05_SA22_R02.txt,train,F05,1,15.0,791,3,1,3,1,1,1,0,0.9,g00,pre100_post100
3325,SA22/F05_SA22_R03.txt,train,F05,1,15.0,857,3,1,3,1,1,1,0,0.78,g00,pre100_post100
3326,SA22/F05_SA22_R04.txt,train,F05,1,15.0,891,3,1,3,1,0,0,0,,g00,pre100_post100
3327,SA22/F05_SA22_R05.txt,train,F05,1,14.995,774,3,1,2,1,1,1,0,0.11,g00,pre100_post100
3328,SA22/F06_SA22_R01.txt,train,F06,1,14.995,1522,5,1,4,1,0,0,0,,g00,pre100_post100
3329,SA22/F06_SA22_R02.txt,train,F06,1,15.0,1723,5,1,5,1,0,0,0,,g00,pre100_post100
3330,SA22/F06_SA22_R03.txt,train,F06,1,15.0,1856,5,1,5,1,0,0,0,,g00,pre100_post100
3331,SA22/F06_SA22_R04.txt,train,F06,1,15.0,1568,5,1,5,1,1,1,0,0.49,g00,pre100_post100
3332,SA22/F06_SA22_R05.txt,train,F06,1,14.995,1777,5,1,5,1,1,1,0,0.34,g00,pre100_post100
3333,SA22/F07_SA22_R01.txt,train,F07,1,15.0,1495,4,1,4,1,0,0,0,,g00,pre100_post100
3334,SA22/F07_SA22_R02.txt,train,F07,1,15.0,1210,4,1,4,1,1,1,0,0.48,g00,pre100_post100
3335,SA22/F07_SA22_R03.txt,train,F07,1,15.0,1566,4,1,4,1,0,0,0,,g00,pre100_post100
3336,SA22/F07_SA22_R04.txt,train,F07,1,15.0,1486,4,1,4,1,1,1,0,0.485,g00,pre100_post100
3337,SA22/F07_SA22_R05.txt,train,F07,1,14.995,1459,4,1,4,1,0,0,0,,g00,pre100_post100
3338,SA22/F08_SA22_R01.txt,train,F08,1,15.0,1661,2,1,2,1,0,0,0,,g00,pre100_post100
3339,SA22/F08_SA22_R02.txt,train,F08,1,15.0,1417,2,1,2,1,1,1,0,0.78,g00,pre100_post100
3340,SA22/F08_SA22_R03.txt,train,F08,1,15.0,1275,2,1,2,1,1,1,0,0.93,g00,pre100_post100
3341,SA22/F08_SA22_R04.txt,train,F08,1,15.0,1208,2,1,2,1,0,0,0,,g00,pre100_post100
3342,SA22/F08_SA22_R05.txt,train,F08,1,15.0,1245,2,1,2,1,1,1,0,0.715,g00,pre100_post100
3343,SA22/F09_SA22_R01.txt,train,F09,1,15.0,1125,2,1,2,1,1,1,0,0.7,g00,pre100_post100
3344,SA22/F09_SA22_R02.txt,train,F09,1,15.0,1251,2,1,2,1,1,1,0,0.98,g00,pre100_post100
3345,SA22/F09_SA22_R03.txt,train,F09,1,15.0,1200,2,1,2,1,1,1,0,0.755,g00,pre100_post100
3346,SA22/F09_SA22_R04.txt,train,F09,1,15.0,934,2,1,2,1,0,0,0,,g00,pre100_post100
3347,SA22/F09_SA22_R05.txt,train,F09,1,15.0,1263,2,1,2,1,0,0,0,,g00,pre100_post100
3348,SA22/F10_SA22_R01.txt,train,F10,1,15.0,1420,1,1,1,1,0,0,0,,g00,pre100_post100
3349,SA22/F10_SA22_R02.txt,train,F10,1,15.0,1219,1,1,1,1,1,1,0,0.34,g00,pre100_post100
3350,SA22/F10_SA22_R03.txt,train,F10,1,15.0,1258,1,1,1,1,1,1,0,0.535,g00,pre100_post100
3351,SA22/F10_SA22_R04.txt,train,F10,1,15.0,1292,1,1,1,1,0,0,0,,g00,pre100_post100
3352,SA22/F10_SA22_R05.txt,train,F10,1,15.0,1443,1,1,1,1,1,1,0,0.42,g00,pre100_post100
3353,SA22/F11_SA22_R01.txt,train,F11,1,14.995,1320,1,1,1,1,0,0,0,,g00,pre100_post100
3354,SA22/F11_SA22_R02.txt,train,F11,1,15.0,1305,1,1,1,1,0,0,0,,g00,pre100_post100
3355,SA22/F11_SA22_R03.txt,train,F11,1,15.0,1520,1,1,1,1,1,1,0,0.48,g00,pre100_post100
3356,SA22/F11_SA22_R04.txt,train,F11,1,15.0,1242,1,1,1,1,1,1,0,0.475,g00,pre100_post100
3357,SA22/F11_SA22_R05.txt,train,F11,1,15.0,1364,1,1,1,1,0,0,0,,g00,pre100_post100
3358,SA22/F12_SA22_R01.txt,train,F12,1,15.0,1047,1,1,1,1,1,1,0,0.425,g00,pre100_post100
3359,SA22/F12_SA22_R02.txt,train,F12,1,15.0,1324,1,1,1,1,0,0,0,,g00,pre100_post100
3360,SA22/F12_SA22_R03.txt,train,F12,1,15.0,1410,1,1,1,1,0,0,0,,g00,pre100_post100
3361,SA22/F12_SA22_R04.txt,train,F12,1,15.0,1311,1,1,1,1,0,0,0,,g00,pre100_post100
3362,SA22/F12_SA22_R05.txt,train,F12,1,15.0,1552,1,1,1,1,1,1,0,0.485,g00,pre100_post100
3363,SA22/F13_SA22_R01.txt,train,F13,1,15.0,1287,1,1,1,1,0,0,0,,g00,pre100_post100
3364,SA22/F13_SA22_R02.txt,train,F13,1,15.0,1388,1,1,1,1,1,1,0,0.045,g00,pre100_post100
3365,SA22/F13_SA22_R03.txt,train,F13,1,15.0,1649,1,1,1,1,1,1,0,0.145,g00,pre100_post100
3366,SA22/F13_SA22_R04.txt,train,F13,1,15.0,1445,1,1,1,1,1,1,0,0.155,g00,pre100_post100
3367,SA22/F13_SA22_R05.txt,train,F13,1,15.0,1406,2,1,2,1,0,0,0,,g00,pre100_post100
3368,SA22/F14_SA22_R01.txt,train,F14,1,15.0,1949,1,1,1,1,1,1,0,0.38,g00,pre100_post100
3369,SA22/F14_SA22_R02.txt,train,F14,1,14.995,1400,1,1,1,1,0,0,0,,g00,pre100_post100
3370,SA22/F14_SA22_R03.txt,train,F14,1,15.0,1642,1,1,1,1,1,1,0,0.45,g00,pre100_post100
3371,SA22/F14_SA22_R04.txt,train,F14,1,15.0,1778,1,1,1,1,1,1,0,0.475,g00,pre100_post100
3372,SA22/F14_SA22_R05.txt,train,F14,1,15.0,1137,1,1,1,1,0,0,0,,g00,pre100_post100
3373,SA22/F15_SA22_R01.txt,train,F15,1,14.455,1234,1,1,1,1,0,0,0,,g00,pre100_post100
3374,SA22/F15_SA22_R02.txt,train,F15,1,15.0,967,1,1,1,1,1,1,0,0.52,g00,pre100_post100
3375,SA22/F15_SA22_R03.txt,train,F15,1,15.0,1348,1,1,1,1,1,1,0,0.38,g00,pre100_post100
3376,SA22/F15_SA22_R04.txt,train,F15,1,15.0,1765,1,1,1,1,1,1,0,0.37,g00,pre100_post100
3377,SA22/F15_SA22_R05.txt,train,F15,1,14.995,1189,1,1,1,1,0,0,0,,g00,pre100_post100
3591,SE02/D01_SE02_R01.txt,train,D01,0,99.995,7143,55,0,54,0,0,0,0,,g00,pre100_post100
3592,SE02/D02_SE02_R01.txt,train,D02,0,100.0,4267,61,0,60,0,0,0,0,,g00,pre100_post100
3593,SE02/D03_SE02_R01.txt,train,D03,0,100.0,6348,62,0,62,0,0,0,0,,g00,pre100_post100
3594,SE02/D05_SE02_R01.txt,train,D05,0,25.0,3232,10,0,10,0,0,0,0,,g00,pre100_post100
3595,SE02/D05_SE02_R02.txt,train,D05,0,24.995,2713,9,0,8,0,0,0,0,,g00,pre100_post100
3596,SE02/D05_SE02_R03.txt,train,D05,0,25.0,3175,11,0,11,0,0,0,0,,g00,pre100_post100
3597,SE02/D05_SE02_R04.txt,train,D05,0,25.0,3335,10,0,10,0,0,0,0,,g00,pre100_post100
3598,SE02/D05_SE02_R05.txt,train,D05,0,25.0,3203,10,0,10,0,0,0,0,,g00,pre100_post100
3599,SE02/D07_SE02_R01.txt,train,D07,0,12.0,2044,2,0,2,0,0,0,0,,g00,pre100_post100
3600,SE02/D07_SE02_R02.txt,train,D07,0,12.0,1623,2,0,2,0,0,0,0,,g00,pre100_post100
3601,SE02/D07_SE02_R03.txt,train,D07,0,12.0,1681,2,0,2,0,0,0,0,,g00,pre100_post100
3602,SE02/D07_SE02_R04.txt,train,D07,0,12.0,979,2,0,2,0,0,0,0,,g00,pre100_post100
3603,SE02/D07_SE02_R05.txt,train,D07,0,12.0,1847,2,0,2,0,0,0,0,,g00,pre100_post100
3604,SE02/D08_SE02_R01.txt,train,D08,0,12.0,799,2,0,2,0,0,0,0,,g00,pre100_post100
3605,SE02/D08_SE02_R02.txt,train,D08,0,12.0,713,2,0,2,0,0,0,0,,g00,pre100_post100
3606,SE02/D08_SE02_R03.txt,train,D08,0,12.0,1397,2,0,2,0,0,0,0,,g00,pre100_post100
3607,SE02/D08_SE02_R04.txt,train,D08,0,12.005,727,2,0,2,0,0,0,0,,g00,pre100_post100
3608,SE02/D08_SE02_R05.txt,train,D08,0,12.0,859,2,0,2,0,0,0,0,,g00,pre100_post100
3609,SE02/D11_SE02_R01.txt,train,D11,0,12.0,868,2,0,2,0,0,0,0,,g00,pre100_post100
3610,SE02/D11_SE02_R02.txt,train,D11,0,12.0,1014,1,0,1,0,0,0,0,,g00,pre100_post100
3611,SE02/D11_SE02_R03.txt,train,D11,0,12.0,1014,1,0,1,0,0,0,0,,g00,pre100_post100
3612,SE02/D11_SE02_R04.txt,train,D11,0,12.0,906,1,0,1,0,0,0,0,,g00,pre100_post100
3613,SE02/D11_SE02_R05.txt,train,D11,0,12.0,936,1,0,1,0,0,0,0,,g00,pre100_post100
3614,SE02/D12_SE02_R01.txt,train,D12,0,12.0,494,1,0,1,0,0,0,0,,g00,pre100_post100
3615,SE02/D12_SE02_R02.txt,train,D12,0,12.0,1119,1,0,1,0,0,0,0,,g00,pre100_post100
3616,SE02/D12_SE02_R03.txt,train,D12,0,12.0,1558,1,0,1,0,0,0,0,,g00,pre100_post100
3617,SE02/D12_SE02_R04.txt,train,D12,0,12.005,1029,1,0,1,0,0,0,0,,g00,pre100_post100
3618,SE02/D12_SE02_R05.txt,train,D12,0,12.0,934,1,0,1,0,0,0,0,,g00,pre100_post100
3619,SE02/D14_SE02_R01.txt,train,D14,0,12.0,751,2,0,2,0,0,0,0,,g00,pre100_post100
3620,SE02/D14_SE02_R02.txt,train,D14,0,12.0,888,2,0,2,0,0,0,0,,g00,pre100_post100
3621,SE02/D14_SE02_R03.txt,train,D14,0,12.0,852,2,0,2,0,0,0,0,,g00,pre100_post100
3622,SE02/D14_SE02_R04.txt,train,D14,0,12.0,1666,4,0,4,0,0,0,0,,g00,pre100_post100
3623,SE02/D14_SE02_R05.txt,train,D14,0,12.0,788,2,0,2,0,0,0,0,,g00,pre100_post100
3624,SE02/D15_SE02_R01.txt,train,D15,0,12.0,1087,0,0,0,0,0,0,0,,g00,pre100_post100
3625,SE02/D15_SE02_R02.txt,train,D15,0,12.0,669,1,0,1,0,0,0,0,,g00,pre100_post100
3626,SE02/D15_SE02_R03.txt,train,D15,0,12.0,689,3,0,3,0,0,0,0,,g00,pre100_post100
3627,SE02/D15_SE02_R04.txt,train,D15,0,12.0,611,2,0,2,0,0,0,0,,g00,pre100_post100
3628,SE02/D15_SE02_R05.txt,train,D15,0,12.0,937,2,0,2,0,0,0,0,,g00,pre100_post100
3629,SE02/D16_SE02_R01.txt,train,D16,0,11.995,519,2,0,2,0,0,0,0,,g00,pre100_post100
3630,SE02/D16_SE02_R02.txt,train,D16,0,12.005,1418,0,0,0,0,0,0,0,,g00,pre100_post100
3631,SE02/D16_SE02_R03.txt,train,D16,0,12.005,780,0,0,0,0,0,0,0,,g00,pre100_post100
3632,SE02/D16_SE02_R04.txt,train,D16,0,11.995,605,1,0,1,0,0,0,0,,g00,pre100_post100
3633,SE02/D16_SE02_R05.txt,train,D16,0,12.0,730,1,0,1,0,0,0,0,,g00,pre100_post100
3634,SE02/D17_SE02_R01.txt,train,D17,0,16.02,2312,3,0,3,0,0,0,0,,g00,pre100_post100
3635,SE02/D17_SE02_R02.txt,train,D17,0,16.02,843,3,0,3,0,0,0,0,,g00,pre100_post100
3636,SE02/D17_SE02_R03.txt,train,D17,0,16.025,718,3,0,3,0,0,0,0,,g00,pre100_post100
3637,SE02/D17_SE02_R04.txt,train,D17,0,16.02,903,4,0,4,0,0,0,0,,g00,pre100_post100
3638,SE02/D17_SE02_R05.txt,train,D17,0,18.035,666,4,0,3,0,0,0,0,,g00,pre100_post100
3639,SE03/D01_SE03_R01.txt,train,D01,0,99.995,14975,61,0,60,0,0,0,0,,g00,pre100_post100
3640,SE03/D02_SE03_R01.txt,train,D02,0,100.005,18372,57,0,56,0,0,0,0,,g00,pre100_post100
3641,SE03/D03_SE03_R01.txt,train,D03,0,100.0,1282,61,0,61,0,0,0,0,,g00,pre100_post100
3642,SE03/D04_SE03_R01.txt,train,D04,0,110.03,6916,62,0,62,0,0,0,0,,g00,pre100_post100
3643,SE03/D05_SE03_R01.txt,train,D05,0,24.995,2951,12,0,11,0,0,0,0,,g00,pre100_post100
3644,SE03/D05_SE03_R02.txt,train,D05,0,25.0,3319,12,0,12,0,0,0,0,,g00,pre100_post100
3645,SE03/D05_SE03_R03.txt,train,D05,0,24.995,3959,12,0,11,0,0,0,0,,g00,pre100_post100
3646,SE03/D05_SE03_R04.txt,train,D05,0,25.005,2897,13,0,12,0,0,0,0,,g00,pre100_post100
3647,SE03/D05_SE03_R05.txt,train,D05,0,25.0,2954,12,0,12,0,0,0,0,,g00,pre100_post100
3648,SE03/D07_SE03_R01.txt,train,D07,0,12.0,1447,2,0,2,0,0,0,0,,g00,pre100_post100
3649,SE03/D07_SE03_R02.txt,train,D07,0,12.0,1467,2,0,2,0,0,0,0,,g00,pre100_post100
3650,SE03/D07_SE03_R03.txt,train,D07,0,12.0,1188,2,0,2,0,0,0,0,,g00,pre100_post100
3651,SE03/D07_SE03_R04.txt,train,D07,0,12.0,1550,2,0,2,0,0,0,0,,g00,pre100_post100
3652,SE03/D07_SE03_R05.txt,train,D07,0,12.0,784,2,0,2,0,0,0,0,,g00,pre100_post100
3653,SE03/D08_SE03_R01.txt,train,D08,0,12.0,648,2,0,2,0,0,0,0,,g00,pre100_post100
3654,SE03/D08_SE03_R02.txt,train,D08,0,12.0,604,2,0,2,0,0,0,0,,g00,pre100_post100
3655,SE03/D08_SE03_R03.txt,train,D08,0,11.995,1503,2,0,2,0,0,0,0,,g00,pre100_post100
3656,SE03/D08_SE03_R04.txt,train,D08,0,12.0,758,2,0,2,0,0,0,0,,g00,pre100_post100
3657,SE03/D08_SE03_R05.txt,train,D08,0,12.0,663,2,0,2,0,0,0,0,,g00,pre100_post100
3658,SE03/D09_SE03_R01.txt,train,D09,0,12.005,910,2,0,2,0,0,0,0,,g00,pre100_post100
3659,SE03/D09_SE03_R02.txt,train,D09,0,12.0,940,2,0,2,0,0,0,0,,g00,pre100_post100
3660,SE03/D09_SE03_R03.txt,train,D09,0,12.0,930,2,0,2,0,0,0,0,,g00,pre100_post100
3661,SE03/D09_SE03_R04.txt,train,D09,0,12.0,923,2,0,2,0,0,0,0,,g00,pre100_post100
3662,SE03/D09_SE03_R05.txt,train,D09,0,12.0,945,2,0,2,0,0,0,0,,g00,pre100_post100
3663,SE03/D10_SE03_R01.txt,train,D10,0,12.0,501,2,0,2,0,0,0,0,,g00,pre100_post100
3664,SE03/D10_SE03_R02.txt,train,D10,0,11.995,664,2,0,2,0,0,0,0,,g00,pre100_post100
3665,SE03/D10_SE03_R03.txt,train,D10,0,11.995,658,2,0,2,0,0,0,0,,g00,pre100_post100
3666,SE03/D10_SE03_R04.txt,train,D10,0,12.005,761,2,0,2,0,0,0,0,,g00,pre100_post100
3667,SE03/D10_SE03_R05.txt,train,D10,0,12.0,1483,2,0,2,0,0,0,0,,g00,pre100_post100
3668,SE03/D11_SE03_R01.txt,train,D11,0,11.995,906,1,0,1,0,0,0,0,,g00,pre100_post100
3669,SE03/D11_SE03_R02.txt,train,D11,0,12.005,875,1,0,1,0,0,0,0,,g00,pre100_post100
3670,SE03/D11_SE03_R03.txt,train,D11,0,12.0,874,1,0,1,0,0,0,0,,g00,pre100_post100
3671,SE03/D11_SE03_R04.txt,train,D11,0,12.0,942,1,0,1,0,0,0,0,,g00,pre100_post100
3672,SE03/D11_SE03_R05.txt,train,D11,0,12.0,1156,1,0,1,0,0,0,0,,g00,pre100_post100
3673,SE03/D12_SE03_R01.txt,train,D12,0,12.0,941,5,0,5,0,0,0,0,,g00,pre100_post100
3674,SE03/D12_SE03_R02.txt,train,D12,0,12.0,614,6,0,5,0,0,0,0,,g00,pre100_post100
3675,SE03/D12_SE03_R03.txt,train,D12,0,12.0,668,4,0,4,0,0,0,0,,g00,pre100_post100
3676,SE03/D12_SE03_R04.txt,train,D12,0,12.0,746,5,0,5,0,0,0,0,,g00,pre100_post100
3677,SE03/D12_SE03_R05.txt,train,D12,0,12.0,752,4,0,4,0,0,0,0,,g00,pre100_post100
3678,SE03/D14_SE03_R01.txt,train,D14,0,12.0,832,2,0,2,0,0,0,0,,g00,pre100_post100
3679,SE03/D14_SE03_R02.txt,train,D14,0,12.0,2282,4,0,4,0,0,0,0,,g00,pre100_post100
3680,SE03/D14_SE03_R03.txt,train,D14,0,12.0,1796,3,0,3,0,0,0,0,,g00,pre100_post100
3681,SE03/D14_SE03_R04.txt,train,D14,0,12.0,1610,3,0,3,0,0,0,0,,g00,pre100_post100
3682,SE03/D14_SE03_R05.txt,train,D14,0,12.0,812,3,0,3,0,0,0,0,,g00,pre100_post100
3683,SE03/D15_SE03_R01.txt,train,D15,0,12.0,1186,1,0,1,0,0,0,0,,g00,pre100_post100
3684,SE03/D15_SE03_R02.txt,train,D15,0,12.0,1257,2,0,2,0,0,0,0,,g00,pre100_post100
3685,SE03/D15_SE03_R03.txt,train,D15,0,12.0,764,0,0,0,0,0,0,0,,g00,pre100_post100
3686,SE03/D15_SE03_R04.txt,train,D15,0,12.0,1314,2,0,2,0,0,0,0,,g00,pre100_post100
3687,SE03/D15_SE03_R05.txt,train,D15,0,12.0,1427,2,0,2,0,0,0,0,,g00,pre100_post100
3688,SE03/D16_SE03_R01.txt,train,D16,0,12.0,643,2,0,2,0,0,0,0,,g00,pre100_post100
3689,SE03/D16_SE03_R02.txt,train,D16,0,12.0,533,1,0,1,0,0,0,0,,g00,pre100_post100
3690,SE03/D16_SE03_R03.txt,train,D16,0,12.0,576,2,0,2,0,0,0,0,,g00,pre100_post100
3691,SE03/D16_SE03_R04.txt,train,D16,0,12.0,930,2,0,2,0,0,0,0,,g00,pre100_post100
3692,SE03/D16_SE03_R05.txt,train,D16,0,12.0,404,3,0,3,0,0,0,0,,g00,pre100_post100
3693,SE03/D17_SE03_R01.txt,train,D17,0,23.03,2568,1,0,1,0,0,0,0,,g00,pre100_post100
3694,SE03/D17_SE03_R02.txt,train,D17,0,21.025,1259,3,0,3,0,0,0,0,,g00,pre100_post100
3695,SE03/D17_SE03_R03.txt,train,D17,0,25.025,2718,2,0,2,0,0,0,0,,g00,pre100_post100
3696,SE03/D17_SE03_R04.txt,train,D17,0,25.055,2520,4,0,4,0,0,0,0,,g00,pre100_post100
3697,SE03/D17_SE03_R05.txt,train,D17,0,24.03,3474,1,0,1,0,0,0,0,,g00,pre100_post100
3757,SE05/D01_SE05_R01.txt,train,D01,0,99.995,10937,58,0,58,0,0,0,0,,g00,pre100_post100
3758,SE05/D02_SE05_R01.txt,train,D02,0,100.005,1300,60,0,59,0,0,0,0,,g00,pre100_post100
3759,SE05/D03_SE05_R01.txt,train,D03,0,100.0,3013,62,0,60,0,0,0,0,,g00,pre100_post100
3760,SE05/D04_SE05_R01.txt,train,D04,0,100.0,4858,62,0,61,0,12,0,12,,g00,pre100_post100
3761,SE05/D05_SE05_R01.txt,train,D05,0,25.005,2698,11,0,11,0,0,0,0,,g00,pre100_post100
3762,SE05/D05_SE05_R02.txt,train,D05,0,25.0,2387,11,0,10,0,0,0,0,,g00,pre100_post100
3763,SE05/D05_SE05_R03.txt,train,D05,0,25.0,2302,12,0,11,0,0,0,0,,g00,pre100_post100
3764,SE05/D05_SE05_R04.txt,train,D05,0,25.0,3227,13,0,12,0,0,0,0,,g00,pre100_post100
3765,SE05/D05_SE05_R05.txt,train,D05,0,25.0,3199,13,0,13,0,0,0,0,,g00,pre100_post100
3766,SE05/D07_SE05_R01.txt,train,D07,0,11.995,1466,2,0,2,0,0,0,0,,g00,pre100_post100
3767,SE05/D07_SE05_R02.txt,train,D07,0,12.0,1900,2,0,2,0,0,0,0,,g00,pre100_post100
3768,SE05/D07_SE05_R03.txt,train,D07,0,12.0,1591,2,0,2,0,0,0,0,,g00,pre100_post100
3769,SE05/D07_SE05_R04.txt,train,D07,0,12.0,1632,3,0,3,0,0,0,0,,g00,pre100_post100
3770,SE05/D07_SE05_R05.txt,train,D07,0,11.995,1626,2,0,2,0,0,0,0,,g00,pre100_post100
3771,SE05/D08_SE05_R01.txt,train,D08,0,12.0,1037,2,0,2,0,0,0,0,,g00,pre100_post100
3772,SE05/D08_SE05_R02.txt,train,D08,0,12.0,1409,2,0,2,0,0,0,0,,g00,pre100_post100
3773,SE05/D08_SE05_R03.txt,train,D08,0,12.005,1460,2,0,2,0,0,0,0,,g00,pre100_post100
3774,SE05/D08_SE05_R04.txt,train,D08,0,12.0,1702,2,0,2,0,0,0,0,,g00,pre100_post100
3775,SE05/D08_SE05_R05.txt,train,D08,0,12.0,1619,2,0,2,0,0,0,0,,g00,pre100_post100
3776,SE05/D09_SE05_R01.txt,train,D09,0,12.0,709,3,0,3,0,0,0,0,,g00,pre100_post100
3777,SE05/D09_SE05_R02.txt,train,D09,0,12.0,1256,2,0,2,0,0,0,0,,g00,pre100_post100
3778,SE05/D09_SE05_R03.txt,train,D09,0,12.0,840,2,0,2,0,0,0,0,,g00,pre100_post100
3779,SE05/D09_SE05_R04.txt,train,D09,0,12.0,1706,3,0,3,0,0,0,0,,g00,pre100_post100
3780,SE05/D09_SE05_R05.txt,train,D09,0,12.0,1680,2,0,2,0,0,0,0,,g00,pre100_post100
3781,SE05/D10_SE05_R01.txt,train,D10,0,12.0,1512,3,0,3,0,0,0,0,,g00,pre100_post100
3782,SE05/D10_SE05_R02.txt,train,D10,0,12.0,658,2,0,2,0,0,0,0,,g00,pre100_post100
3783,SE05/D10_SE05_R03.txt,train,D10,0,12.0,1487,2,0,2,0,0,0,0,,g00,pre100_post100
3784,SE05/D10_SE05_R04.txt,train,D10,0,12.0,1834,2,0,2,0,0,0,0,,g00,pre100_post100
3785,SE05/D10_SE05_R05.txt,train,D10,0,12.0,865,2,0,2,0,0,0,0,,g00,pre100_post100
3786,SE05/D11_SE05_R01.txt,train,D11,0,11.995,909,2,0,2,0,0,0,0,,g00,pre100_post100
3787,SE05/D11_SE05_R02.txt,train,D11,0,12.0,701,1,0,1,0,0,0,0,,g00,pre100_post100
3788,SE05/D11_SE05_R03.txt,train,D11,0,12.0,1093,1,0,1,0,0,0,0,,g00,pre100_post100
3789,SE05/D11_SE05_R04.txt,train,D11,0,12.0,1070,1,0,1,0,0,0,0,,g00,pre100_post100
3790,SE05/D11_SE05_R05.txt,train,D11,0,12.0,1045,1,0,1,0,0,0,0,,g00,pre100_post100
3791,SE05/D12_SE05_R01.txt,train,D12,0,12.0,658,2,0,2,0,0,0,0,,g00,pre100_post100
3792,SE05/D12_SE05_R02.txt,train,D12,0,12.0,630,2,0,2,0,0,0,0,,g00,pre100_post100
3793,SE05/D12_SE05_R03.txt,train,D12,0,12.0,1387,1,0,1,0,0,0,0,,g00,pre100_post100
3794,SE05/D12_SE05_R04.txt,train,D12,0,12.0,796,2,0,2,0,0,0,0,,g00,pre100_post100
3795,SE05/D12_SE05_R05.txt,train,D12,0,12.0,1572,1,0,1,0,0,0,0,,g00,pre100_post100
3796,SE05/D14_SE05_R01.txt,train,D14,0,12.0,713,1,0,1,0,0,0,0,,g00,pre100_post100
3797,SE05/D14_SE05_R02.txt,train,D14,0,12.0,824,2,0,2,0,0,0,0,,g00,pre100_post100
3798,SE05/D14_SE05_R03.txt,train,D14,0,12.0,789,3,0,3,0,0,0,0,,g00,pre100_post100
3799,SE05/D14_SE05_R04.txt,train,D14,0,12.0,745,2,0,2,0,0,0,0,,g00,pre100_post100
3800,SE05/D14_SE05_R05.txt,train,D14,0,12.0,1613,2,0,2,0,0,0,0,,g00,pre100_post100
3801,SE05/D15_SE05_R01.txt,train,D15,0,12.0,910,4,0,4,0,0,0,0,,g00,pre100_post100
3802,SE05/D15_SE05_R02.txt,train,D15,0,12.0,986,5,0,4,0,0,0,0,,g00,pre100_post100
3803,SE05/D15_SE05_R03.txt,train,D15,0,12.0,1698,3,0,2,0,0,0,0,,g00,pre100_post100
3804,SE05/D15_SE05_R04.txt,train,D15,0,12.0,1620,5,0,4,0,0,0,0,,g00,pre100_post100
3805,SE05/D15_SE05_R05.txt,train,D15,0,12.0,1798,2,0,2,0,0,0,0,,g00,pre100_post100
3806,SE05/D16_SE05_R01.txt,train,D16,0,11.995,694,3,0,2,0,0,0,0,,g00,pre100_post100
3807,SE05/D16_SE05_R02.txt,train,D16,0,12.0,779,3,0,3,0,0,0,0,,g00,pre100_post100
3808,SE05/D16_SE05_R03.txt,train,D16,0,12.0,1419,2,0,2,0,0,0,0,,g00,pre100_post100
3809,SE05/D16_SE05_R04.txt,train,D16,0,12.0,1298,2,0,2,0,0,0,0,,g00,pre100_post100
3810,SE05/D16_SE05_R05.txt,train,D16,0,12.0,784,2,0,2,0,0,0,0,,g00,pre100_post100
3811,SE05/D17_SE05_R01.txt,train,D17,0,20.03,1345,4,0,4,0,0,0,0,,g00,pre100_post100
3812,SE05/D17_SE05_R02.txt,train,D17,0,25.035,923,3,0,3,0,0,0,0,,g00,pre100_post100
3813,SE05/D17_SE05_R03.txt,train,D17,0,17.02,778,4,0,4,0,0,0,0,,g00,pre100_post100
3814,SE05/D17_SE05_R04.txt,train,D17,0,17.025,592,4,0,4,0,0,0,0,,g00,pre100_post100
3815,SE05/D17_SE05_R05.txt,train,D17,0,19.02,2967,4,0,4,0,0,0,0,,g00,pre100_post100
3816,SE06/D01_SE06_R01.txt,train,D01,0,99.995,12813,58,0,58,0,0,0,0,,g00,pre100_post100
3817,SE06/D02_SE06_R01.txt,train,D02,0,100.0,6740,55,0,55,0,0,0,0,,g00,pre100_post100
3818,SE06/D03_SE06_R01.txt,train,D03,0,99.995,17286,57,0,56,0,0,0,0,,g00,pre100_post100
3819,SE06/D04_SE06_R01.txt,train,D04,0,100.0,2012,59,0,59,0,0,0,0,,g00,pre100_post100
3820,SE06/D05_SE06_R01.txt,train,D05,0,25.0,2409,8,0,8,0,0,0,0,,g00,pre100_post100
3821,SE06/D05_SE06_R02.txt,train,D05,0,25.0,3394,11,0,11,0,0,0,0,,g00,pre100_post100
3822,SE06/D05_SE06_R03.txt,train,D05,0,25.0,3261,10,0,10,0,0,0,0,,g00,pre100_post100
3823,SE06/D05_SE06_R04.txt,train,D05,0,25.0,3620,11,0,11,0,0,0,0,,g00,pre100_post100
3824,SE06/D05_SE06_R05.txt,train,D05,0,25.0,4158,10,0,10,0,0,0,0,,g00,pre100_post100
3825,SE06/D06_SE06_R01.txt,train,D06,0,24.995,1701,5,0,5,0,0,0,0,,g00,pre100_post100
3826,SE06/D06_SE06_R02.txt,train,D06,0,25.0,2075,6,0,6,0,0,0,0,,g00,pre100_post100
3827,SE06/D06_SE06_R03.txt,train,D06,0,25.0,2428,7,0,7,0,0,0,0,,g00,pre100_post100
3828,SE06/D06_SE06_R04.txt,train,D06,0,25.0,1663,6,0,6,0,0,0,0,,g00,pre100_post100
3829,SE06/D06_SE06_R05.txt,train,D06,0,25.0,1829,7,0,7,0,0,0,0,,g00,pre100_post100
3830,SE06/D07_SE06_R01.txt,train,D07,0,11.995,1624,2,0,2,0,0,0,0,,g00,pre100_post100
3831,SE06/D07_SE06_R02.txt,train,D07,0,12.0,1678,0,0,0,0,0,0,0,,g00,pre100_post100
3832,SE06/D07_SE06_R03.txt,train,D07,0,12.0,1339,0,0,0,0,0,0,0,,g00,pre100_post100
3833,SE06/D07_SE06_R04.txt,train,D07,0,12.0,1462,1,0,1,0,0,0,0,,g00,pre100_post100
3834,SE06/D07_SE06_R05.txt,train,D07,0,12.0,1592,1,0,1,0,0,0,0,,g00,pre100_post100
3835,SE06/D08_SE06_R01.txt,train,D08,0,12.0,464,2,0,2,0,0,0,0,,g00,pre100_post100
3836,SE06/D08_SE06_R02.txt,train,D08,0,12.0,1053,2,0,2,0,0,0,0,,g00,pre100_post100
3837,SE06/D08_SE06_R03.txt,train,D08,0,12.0,1249,2,0,2,0,0,0,0,,g00,pre100_post100
3838,SE06/D08_SE06_R04.txt,train,D08,0,12.0,1289,2,0,2,0,0,0,0,,g00,pre100_post100
3839,SE06/D08_SE06_R05.txt,train,D08,0,12.0,1577,2,0,2,0,0,0,0,,g00,pre100_post100
3840,SE06/D09_SE06_R01.txt,train,D09,0,12.0,688,2,0,2,0,0,0,0,,g00,pre100_post100
3841,SE06/D09_SE06_R02.txt,train,D09,0,12.0,1095,2,0,2,0,0,0,0,,g00,pre100_post100
3842,SE06/D09_SE06_R03.txt,train,D09,0,12.0,661,2,0,2,0,0,0,0,,g00,pre100_post100
3843,SE06/D09_SE06_R04.txt,train,D09,0,12.0,813,2,0,2,0,0,0,0,,g00,pre100_post100
3844,SE06/D09_SE06_R05.txt,train,D09,0,12.0,1039,2,0,2,0,0,0,0,,g00,pre100_post100
3845,SE06/D10_SE06_R01.txt,train,D10,0,12.0,771,2,0,2,0,0,0,0,,g00,pre100_post100
3846,SE06/D10_SE06_R02.txt,train,D10,0,12.0,656,2,0,2,0,0,0,0,,g00,pre100_post100
3847,SE06/D10_SE06_R03.txt,train,D10,0,12.0,571,2,0,2,0,0,0,0,,g00,pre100_post100
3848,SE06/D10_SE06_R04.txt,train,D10,0,12.0,712,2,0,2,0,0,0,0,,g00,pre100_post100
3849,SE06/D10_SE06_R05.txt,train,D10,0,12.0,604,2,0,2,0,0,0,0,,g00,pre100_post100
3850,SE06/D11_SE06_R01.txt,train,D11,0,12.02,427,1,0,1,0,0,0,0,,g00,pre100_post100
3851,SE06/D11_SE06_R02.txt,train,D11,0,12.0,593,1,0,1,0,0,0,0,,g00,pre100_post100
3852,SE06/D11_SE06_R03.txt,train,D11,0,12.0,456,1,0,1,0,0,0,0,,g00,pre100_post100
3853,SE06/D11_SE06_R04.txt,train,D11,0,12.0,827,1,0,1,0,0,0,0,,g00,pre100_post100
3854,SE06/D11_SE06_R05.txt,train,D11,0,12.0,884,1,0,1,0,0,0,0,,g00,pre100_post100
3855,SE06/D12_SE06_R01.txt,train,D12,0,12.0,1313,0,0,0,0,0,0,0,,g00,pre100_post100
3856,SE06/D12_SE06_R02.txt,train,D12,0,12.0,886,1,0,1,0,0,0,0,,g00,pre100_post100
3857,SE06/D12_SE06_R03.txt,train,D12,0,12.0,1216,0,0,0,0,0,0,0,,g00,pre100_post100
3858,SE06/D12_SE06_R04.txt,train,D12,0,12.0,721,0,0,0,0,0,0,0,,g00,pre100_post100
3859,SE06/D12_SE06_R05.txt,train,D12,0,12.0,561,0,0,0,0,0,0,0,,g00,pre100_post100
3860,SE06/D13_SE06_R01.txt,train,D13,0,12.0,407,2,0,2,0,0,0,0,,g00,pre100_post100
3861,SE06/D13_SE06_R02.txt,train,D13,0,12.0,482,2,0,2,0,0,0,0,,g00,pre100_post100
3862,SE06/D13_SE06_R03.txt,train,D13,0,12.0,391,2,0,2,0,0,0,0,,g00,pre100_post100
3863,SE06/D13_SE06_R04.txt,train,D13,0,12.0,1341,2,0,2,0,0,0,0,,g00,pre100_post100
3864,SE06/D13_SE06_R05.txt,train,D13,0,12.0,341,1,0,1,0,0,0,0,,g00,pre100_post100
3865,SE06/D14_SE06_R01.txt,train,D14,0,12.0,1635,2,0,2,0,0,0,0,,g00,pre100_post100
3866,SE06/D14_SE06_R02.txt,train,D14,0,12.0,1727,3,0,3,0,0,0,0,,g00,pre100_post100
3867,SE06/D14_SE06_R03.txt,train,D14,0,12.0,1767,2,0,2,0,0,0,0,,g00,pre100_post100
3868,SE06/D14_SE06_R04.txt,train,D14,0,12.0,1651,2,0,2,0,0,0,0,,g00,pre100_post100
3869,SE06/D14_SE06_R05.txt,train,D14,0,12.0,1663,3,0,3,0,0,0,0,,g00,pre100_post100
3870,SE06/D15_SE06_R01.txt,train,D15,0,12.0,983,2,0,2,0,0,0,0,,g00,pre100_post100
3871,SE06/D15_SE06_R02.txt,train,D15,0,12.0,1532,1,0,1,0,0,0,0,,g00,pre100_post100
3872,SE06/D15_SE06_R03.txt,train,D15,0,12.0,1422,2,0,2,0,0,0,0,,g00,pre100_post100
3873,SE06/D15_SE06_R04.txt,train,D15,0,12.0,1158,1,0,1,0,0,0,0,,g00,pre100_post100
3874,SE06/D15_SE06_R05.txt,train,D15,0,12.0,1105,1,0,1,0,0,0,0,,g00,pre100_post100
3875,SE06/D16_SE06_R01.txt,train,D16,0,11.995,958,0,0,0,0,0,0,0,,g00,pre100_post100
3876,SE06/D16_SE06_R02.txt,train,D16,0,12.0,523,0,0,0,0,0,0,0,,g00,pre100_post100
3877,SE06/D16_SE06_R03.txt,train,D16,0,12.0,360,0,0,0,0,0,0,0,,g00,pre100_post100
3878,SE06/D16_SE06_R04.txt,train,D16,0,12.0,1195,0,0,0,0,0,0,0,,g00,pre100_post100
3879,SE06/D16_SE06_R05.txt,train,D16,0,12.0,576,0,0,0,0,0,0,0,,g00,pre100_post100
3880,SE06/D17_SE06_R01.txt,train,D17,0,24.995,785,4,0,4,0,0,0,0,,g00,pre100_post100
3881,SE06/D17_SE06_R02.txt,train,D17,0,25.0,4349,2,0,2,0,0,0,0,,g00,pre100_post100
3882,SE06/D17_SE06_R03.txt,train,D17,0,25.0,971,4,0,4,0,0,0,0,,g00,pre100_post100
3883,SE06/D17_SE06_R04.txt,train,D17,0,25.0,3162,2,0,2,0,0,0,0,,g00,pre100_post100
3884,SE06/D17_SE06_R05.txt,train,D17,0,25.0,65,5,0,4,0,0,0,0,,g00,pre100_post100
3885,SE06/D18_SE06_R01.txt,train,D18,0,12.0,1332,5,0,5,0,0,0,0,,g00,pre100_post100
3886,SE06/D18_SE06_R02.txt,train,D18,0,12.0,817,3,0,3,0,0,0,0,,g00,pre100_post100
3887,SE06/D18_SE06_R03.txt,train,D18,0,12.0,861,4,0,4,0,0,0,0,,g00,pre100_post100
3888,SE06/D18_SE06_R04.txt,train,D18,0,12.0,1025,5,0,5,0,0,0,0,,g00,pre100_post100
3889,SE06/D18_SE06_R05.txt,train,D18,0,12.0,824,5,0,5,0,0,0,0,,g00,pre100_post100
3890,SE06/D19_SE06_R01.txt,train,D19,0,12.0,1230,2,0,2,0,0,0,0,,g00,pre100_post100
3891,SE06/D19_SE06_R02.txt,train,D19,0,12.0,657,2,0,2,0,0,0,0,,g00,pre100_post100
3892,SE06/D19_SE06_R03.txt,train,D19,0,12.0,1105,2,0,2,0,0,0,0,,g00,pre100_post100
3893,SE06/D19_SE06_R04.txt,train,D19,0,12.0,939,3,0,3,0,0,0,0,,g00,pre100_post100
3894,SE06/D19_SE06_R05.txt,train,D19,0,12.0,1027,2,0,2,0,0,0,0,,g00,pre100_post100
3895,SE06/F01_SE06_R01.txt,train,F01,1,15.0,2529,7,1,7,1,0,0,0,,g00,pre100_post100
3896,SE06/F01_SE06_R02.txt,train,F01,1,15.0,1983,6,1,5,1,0,0,0,,g00,pre100_post100
3897,SE06/F01_SE06_R03.txt,train,F01,1,15.0,1802,6,1,5,1,0,0,0,,g00,pre100_post100
3898,SE06/F01_SE06_R04.txt,train,F01,1,15.0,1988,6,1,6,1,0,0,0,,g00,pre100_post100
3899,SE06/F01_SE06_R05.txt,train,F01,1,15.0,2169,6,1,6,1,0,0,0,,g00,pre100_post100
3900,SE06/F02_SE06_R01.txt,train,F02,1,15.0,1137,4,1,4,1,0,0,0,,g00,pre100_post100
3901,SE06/F02_SE06_R02.txt,train,F02,1,15.0,1375,5,1,5,1,1,1,0,1.265,g00,pre100_post100
3902,SE06/F02_SE06_R03.txt,train,F02,1,15.0,1330,4,1,4,1,1,1,0,0.45,g00,pre100_post100
3903,SE06/F02_SE06_R04.txt,train,F02,1,15.0,1675,5,1,5,1,1,1,0,1.19,g00,pre100_post100
3904,SE06/F02_SE06_R05.txt,train,F02,1,15.0,1613,4,1,4,1,0,0,0,,g00,pre100_post100
3905,SE06/F03_SE06_R01.txt,train,F03,1,15.0,1442,5,1,5,1,0,0,0,,g00,pre100_post100
3906,SE06/F03_SE06_R02.txt,train,F03,1,15.0,1783,5,1,5,1,1,1,0,0.3,g00,pre100_post100
3907,SE06/F03_SE06_R03.txt,train,F03,1,15.0,1316,4,1,4,1,1,1,0,0.72,g00,pre100_post100
3908,SE06/F03_SE06_R04.txt,train,F03,1,15.0,1393,5,1,5,1,1,1,0,0.055,g00,pre100_post100
3909,SE06/F03_SE06_R05.txt,train,F03,1,15.0,1263,4,1,4,1,1,1,0,0.715,g00,pre100_post100
3910,SE06/F04_SE06_R01.txt,train,F04,1,15.0,1737,6,1,5,1,0,0,0,,g00,pre100_post100
3911,SE06/F04_SE06_R02.txt,train,F04,1,15.0,2476,7,1,7,1,0,0,0,,g00,pre100_post100
3912,SE06/F04_SE06_R03.txt,train,F04,1,15.0,2129,7,1,7,1,0,0,0,,g00,pre100_post100
3913,SE06/F04_SE06_R04.txt,train,F04,1,15.0,2091,7,1,7,1,0,0,0,,g00,pre100_post100
3914,SE06/F04_SE06_R05.txt,train,F04,1,15.0,1809,6,1,6,1,0,0,0,,g00,pre100_post100
3915,SE06/F05_SE06_R01.txt,train,F05,1,15.0,1536,6,1,6,1,1,1,0,0.74,g00,pre100_post100
3916,SE06/F05_SE06_R02.txt,train,F05,1,15.0,1521,5,1,5,1,1,0,1,,g00,pre100_post100
3917,SE06/F05_SE06_R03.txt,train,F05,1,15.0,1423,4,1,4,1,1,1,0,-0.355,g00,pre100_post100
3918,SE06/F05_SE06_R04.txt,train,F05,1,15.0,1445,5,1,5,1,1,1,0,0.855,g00,pre100_post100
3919,SE06/F05_SE06_R05.txt,train,F05,1,15.0,1673,5,1,5,1,1,1,0,0.35,g00,pre100_post100
3920,SE06/F06_SE06_R01.txt,train,F06,1,14.995,2558,6,1,6,1,1,1,0,0.455,g00,pre100_post100
3921,SE06/F06_SE06_R02.txt,train,F06,1,15.0,2191,6,1,6,1,0,0,0,,g00,pre100_post100
3922,SE06/F06_SE06_R03.txt,train,F06,1,15.0,2025,6,1,6,1,1,1,0,0.45,g00,pre100_post100
3923,SE06/F06_SE06_R04.txt,train,F06,1,15.0,1881,6,1,6,1,1,1,0,0.165,g00,pre100_post100
3924,SE06/F06_SE06_R05.txt,train,F06,1,15.0,1890,6,1,6,1,0,0,0,,g00,pre100_post100
3925,SE06/F07_SE06_R01.txt,train,F07,1,15.0,1676,5,1,5,1,1,1,0,0.42,g00,pre100_post100
3926,SE06/F07_SE06_R02.txt,train,F07,1,15.0,1795,5,1,5,1,1,1,0,0.08,g00,pre100_post100
3927,SE06/F07_SE06_R03.txt,train,F07,1,15.0,1901,5,1,5,1,1,1,0,0.395,g00,pre100_post100
3928,SE06/F07_SE06_R04.txt,train,F07,1,15.0,1096,5,1,4,1,0,0,0,,g00,pre100_post100
3929,SE06/F07_SE06_R05.txt,train,F07,1,14.995,1848,6,1,6,1,0,0,0,,g00,pre100_post100
3930,SE06/F08_SE06_R01.txt,train,F08,1,15.0,1260,2,1,2,1,1,1,0,0.37,g00,pre100_post100
3931,SE06/F08_SE06_R02.txt,train,F08,1,15.0,1135,2,1,2,1,0,0,0,,g00,pre100_post100
3932,SE06/F08_SE06_R03.txt,train,F08,1,15.0,1194,2,1,2,1,0,0,0,,g00,pre100_post100
3933,SE06/F08_SE06_R04.txt,train,F08,1,15.0,1171,2,1,2,1,0,0,0,,g00,pre100_post100
3934,SE06/F08_SE06_R05.txt,train,F08,1,15.0,1208,2,1,2,1,0,0,0,,g00,pre100_post100
3935,SE06/F09_SE06_R01.txt,train,F09,1,14.995,896,2,1,2,1,1,1,0,0.705,g00,pre100_post100
3936,SE06/F09_SE06_R02.txt,train,F09,1,15.0,755,2,1,2,1,0,0,0,,g00,pre100_post100
3937,SE06/F09_SE06_R03.txt,train,F09,1,15.0,922,2,1,2,1,0,0,0,,g00,pre100_post100
3938,SE06/F09_SE06_R04.txt,train,F09,1,15.0,789,1,1,1,1,0,0,0,,g00,pre100_post100
3939,SE06/F09_SE06_R05.txt,train,F09,1,15.0,1030,2,1,2,1,1,1,0,0.685,g00,pre100_post100
3940,SE06/F10_SE06_R01.txt,train,F10,1,15.0,643,1,1,1,1,0,0,0,,g00,pre100_post100
3941,SE06/F10_SE06_R02.txt,train,F10,1,15.0,1321,1,0,1,0,0,0,0,,g00,pre100_post100
3942,SE06/F10_SE06_R03.txt,train,F10,1,15.0,738,1,1,1,1,0,0,0,,g00,pre100_post100
3943,SE06/F10_SE06_R04.txt,train,F10,1,15.0,764,1,0,1,0,0,0,0,,g00,pre100_post100
3944,SE06/F10_SE06_R05.txt,train,F10,1,15.0,972,1,1,1,1,0,0,0,,g00,pre100_post100
3945,SE06/F11_SE06_R01.txt,train,F11,1,14.995,1378,2,1,2,1,1,1,0,1.175,g00,pre100_post100
3946,SE06/F11_SE06_R02.txt,train,F11,1,15.0,1098,2,1,2,1,1,1,0,1.21,g00,pre100_post100
3947,SE06/F11_SE06_R03.txt,train,F11,1,15.0,1356,2,1,2,1,0,0,0,,g00,pre100_post100
3948,SE06/F11_SE06_R04.txt,train,F11,1,15.0,599,1,1,1,1,0,0,0,,g00,pre100_post100
3949,SE06/F11_SE06_R05.txt,train,F11,1,14.995,933,2,1,2,1,1,1,0,0.435,g00,pre100_post100
3950,SE06/F12_SE06_R01.txt,train,F12,1,15.0,506,1,1,1,1,0,0,0,,g00,pre100_post100
3951,SE06/F12_SE06_R02.txt,train,F12,1,15.0,1352,1,1,1,1,0,0,0,,g00,pre100_post100
3952,SE06/F12_SE06_R03.txt,train,F12,1,15.0,737,1,1,1,1,0,0,0,,g00,pre100_post100
3953,SE06/F12_SE06_R04.txt,train,F12,1,15.0,584,1,1,1,1,0,0,0,,g00,pre100_post100
3954,SE06/F12_SE06_R05.txt,train,F12,1,15.0,579,1,1,1,1,0,0,0,,g00,pre100_post100
3955,SE06/F13_SE06_R01.txt,train,F13,1,15.0,1230,1,1,1,1,0,0,0,,g00,pre100_post100
3956,SE06/F13_SE06_R02.txt,train,F13,1,14.995,1982,1,1,1,1,0,0,0,,g00,pre100_post100
3957,SE06/F13_SE06_R03.txt,train,F13,1,15.0,2088,1,1,1,1,0,0,0,,g00,pre100_post100
3958,SE06/F13_SE06_R04.txt,train,F13,1,15.0,1653,1,1,1,1,0,0,0,,g00,pre100_post100
3959,SE06/F13_SE06_R05.txt,train,F13,1,15.0,1861,1,1,1,1,0,0,0,,g00,pre100_post100
3960,SE06/F14_SE06_R01.txt,train,F14,1,15.0,467,1,1,1,1,0,0,0,,g00,pre100_post100
3961,SE06/F14_SE06_R02.txt,train,F14,1,15.0,1095,1,1,1,1,0,0,0,,g00,pre100_post100
3962,SE06/F14_SE06_R03.txt,train,F14,1,15.0,914,1,1,1,1,0,0,0,,g00,pre100_post100
3963,SE06/F14_SE06_R04.txt,train,F14,1,15.0,1269,1,1,1,1,0,0,0,,g00,pre100_post100
3964,SE06/F14_SE06_R05.txt,train,F14,1,15.0,848,1,1,1,1,0,0,0,,g00,pre100_post100
3965,SE06/F15_SE06_R01.txt,train,F15,1,15.0,1296,1,1,1,1,1,1,0,0.47,g00,pre100_post100
3966,SE06/F15_SE06_R02.txt,train,F15,1,15.0,1625,1,1,1,1,0,0,0,,g00,pre100_post100
3967,SE06/F15_SE06_R03.txt,train,F15,1,15.0,1148,2,1,1,1,0,0,0,,g00,pre100_post100
3968,SE06/F15_SE06_R04.txt,train,F15,1,15.0,1650,1,1,1,1,0,0,0,,g00,pre100_post100
3969,SE06/F15_SE06_R05.txt,train,F15,1,15.0,1880,1,1,1,1,1,1,0,0.325,g00,pre100_post100
3970,SE07/D01_SE07_R01.txt,train,D01,0,99.995,2203,62,0,62,0,0,0,0,,g00,pre100_post100
3971,SE07/D02_SE07_R01.txt,train,D02,0,99.995,10856,59,0,59,0,0,0,0,,g00,pre100_post100
3972,SE07/D03_SE07_R01.txt,train,D03,0,99.975,6530,61,0,61,0,1,0,1,,g00,pre100_post100
3973,SE07/D04_SE07_R01.txt,train,D04,0,99.985,612,65,0,64,0,5,0,5,,g00,pre100_post100
3974,SE07/D05_SE07_R01.txt,train,D05,0,24.995,3191,8,0,8,0,0,0,0,,g00,pre100_post100
3975,SE07/D05_SE07_R02.txt,train,D05,0,24.995,2633,11,0,11,0,0,0,0,,g00,pre100_post100
3976,SE07/D05_SE07_R03.txt,train,D05,0,24.995,3227,11,0,11,0,0,0,0,,g00,pre100_post100
3977,SE07/D05_SE07_R04.txt,train,D05,0,24.995,2969,10,0,10,0,0,0,0,,g00,pre100_post100
3978,SE07/D05_SE07_R05.txt,train,D05,0,24.995,3697,9,0,9,0,0,0,0,,g00,pre100_post100
3979,SE07/D07_SE07_R01.txt,train,D07,0,12.0,1726,2,0,2,0,0,0,0,,g00,pre100_post100
3980,SE07/D07_SE07_R02.txt,train,D07,0,12.0,1812,2,0,2,0,0,0,0,,g00,pre100_post100
3981,SE07/D07_SE07_R03.txt,train,D07,0,12.0,1908,3,0,3,0,0,0,0,,g00,pre100_post100
3982,SE07/D07_SE07_R04.txt,train,D07,0,12.0,1756,2,0,2,0,0,0,0,,g00,pre100_post100
3983,SE07/D07_SE07_R05.txt,train,D07,0,12.0,1707,2,0,2,0,0,0,0,,g00,pre100_post100
3984,SE07/D08_SE07_R01.txt,train,D08,0,12.0,733,2,0,2,0,0,0,0,,g00,pre100_post100
3985,SE07/D08_SE07_R02.txt,train,D08,0,12.0,630,2,0,2,0,0,0,0,,g00,pre100_post100
3986,SE07/D08_SE07_R03.txt,train,D08,0,11.995,637,3,0,3,0,0,0,0,,g00,pre100_post100
3987,SE07/D08_SE07_R04.txt,train,D08,0,12.0,550,2,0,2,0,0,0,0,,g00,pre100_post100
3988,SE07/D08_SE07_R05.txt,train,D08,0,12.0,596,2,0,2,0,0,0,0,,g00,pre100_post100
3989,SE07/D09_SE07_R01.txt,train,D09,0,12.0,946,3,0,3,0,0,0,0,,g00,pre100_post100
3990,SE07/D09_SE07_R02.txt,train,D09,0,12.0,833,2,0,2,0,0,0,0,,g00,pre100_post100
3991,SE07/D09_SE07_R03.txt,train,D09,0,12.0,1571,2,0,2,0,0,0,0,,g00,pre100_post100
3992,SE07/D09_SE07_R04.txt,train,D09,0,12.0,872,2,0,2,0,0,0,0,,g00,pre100_post100
3993,SE07/D09_SE07_R05.txt,train,D09,0,12.0,976,2,0,2,0,0,0,0,,g00,pre100_post100
3994,SE07/D10_SE07_R01.txt,train,D10,0,12.0,829,3,0,3,0,0,0,0,,g00,pre100_post100
3995,SE07/D10_SE07_R02.txt,train,D10,0,12.0,980,2,0,2,0,0,0,0,,g00,pre100_post100
3996,SE07/D10_SE07_R03.txt,train,D10,0,12.0,858,2,0,2,0,0,0,0,,g00,pre100_post100
3997,SE07/D10_SE07_R04.txt,train,D10,0,12.0,1083,2,0,2,0,0,0,0,,g00,pre100_post100
3998,SE07/D10_SE07_R05.txt,train,D10,0,12.0,713,2,0,2,0,0,0,0,,g00,pre100_post100
3999,SE07/D11_SE07_R01.txt,train,D11,0,12.0,1169,1,0,1,0,0,0,0,,g00,pre100_post100
4000,SE07/D11_SE07_R02.txt,train,D11,0,12.0,1250,1,0,1,0,0,0,0,,g00,pre100_post100
4001,SE07/D11_SE07_R03.txt,train,D11,0,12.0,1128,1,0,1,0,0,0,0,,g00,pre100_post100
4002,SE07/D11_SE07_R04.txt,train,D11,0,12.0,1021,1,0,1,0,0,0,0,,g00,pre100_post100
4003,SE07/D11_SE07_R05.txt,train,D11,0,12.0,1259,1,0,1,0,0,0,0,,g00,pre100_post100
4004,SE07/D12_SE07_R01.txt,train,D12,0,12.0,2226,0,0,0,0,0,0,0,,g00,pre100_post100
4005,SE07/D12_SE07_R02.txt,train,D12,0,12.0,1068,0,0,0,0,0,0,0,,g00,pre100_post100
4006,SE07/D12_SE07_R03.txt,train,D12,0,12.0,1657,0,0,0,0,0,0,0,,g00,pre100_post100
4007,SE07/D12_SE07_R04.txt,train,D12,0,12.0,835,0,0,0,0,0,0,0,,g00,pre100_post100
4008,SE07/D12_SE07_R05.txt,train,D12,0,12.0,1160,0,0,0,0,0,0,0,,g00,pre100_post100
4009,SE07/D14_SE07_R01.txt,train,D14,0,12.0,2033,3,0,3,0,0,0,0,,g00,pre100_post100
4010,SE07/D14_SE07_R02.txt,train,D14,0,12.0,2134,3,0,3,0,0,0,0,,g00,pre100_post100
4011,SE07/D14_SE07_R03.txt,train,D14,0,12.0,1813,2,0,2,0,0,0,0,,g00,pre100_post100
4012,SE07/D14_SE07_R04.txt,train,D14,0,12.0,1991,2,0,2,0,0,0,0,,g00,pre100_post100
4013,SE07/D14_SE07_R05.txt,train,D14,0,12.0,2116,2,0,2,0,0,0,0,,g00,pre100_post100
4014,SE07/D15_SE07_R01.txt,train,D15,0,12.0,726,2,0,2,0,0,0,0,,g00,pre100_post100
4015,SE07/D15_SE07_R02.txt,train,D15,0,12.0,901,2,0,2,0,0,0,0,,g00,pre100_post100
4016,SE07/D15_SE07_R03.txt,train,D15,0,12.0,1979,2,0,2,0,0,0,0,,g00,pre100_post100
4017,SE07/D15_SE07_R04.txt,train,D15,0,12.0,1574,2,0,2,0,0,0,0,,g00,pre100_post100
4018,SE07/D15_SE07_R05.txt,train,D15,0,12.0,1747,2,0,2,0,0,0,0,,g00,pre100_post100
4019,SE07/D16_SE07_R01.txt,train,D16,0,12.0,1914,0,0,0,0,0,0,0,,g00,pre100_post100
4020,SE07/D16_SE07_R02.txt,train,D16,0,12.0,1423,0,0,0,0,0,0,0,,g00,pre100_post100
4021,SE07/D16_SE07_R03.txt,train,D16,0,12.0,661,0,0,0,0,0,0,0,,g00,pre100_post100
4022,SE07/D16_SE07_R04.txt,train,D16,0,12.0,1651,0,0,0,0,0,0,0,,g00,pre100_post100
4023,SE07/D16_SE07_R05.txt,train,D16,0,12.0,858,1,0,1,0,0,0,0,,g00,pre100_post100
4024,SE07/D17_SE07_R01.txt,train,D17,0,24.995,3983,3,0,3,0,0,0,0,,g00,pre100_post100
4025,SE07/D17_SE07_R02.txt,train,D17,0,24.995,3874,3,0,3,0,0,0,0,,g00,pre100_post100
4026,SE07/D17_SE07_R03.txt,train,D17,0,24.995,1117,4,0,4,0,0,0,0,,g00,pre100_post100
4027,SE07/D17_SE07_R04.txt,train,D17,0,24.995,1068,2,0,2,0,0,0,0,,g00,pre100_post100
4028,SE07/D17_SE07_R05.txt,train,D17,0,24.995,1139,4,0,4,0,0,0,0,,g00,pre100_post100
4147,SE10/D01_SE10_R01.txt,train,D01,0,99.995,19979,61,0,60,0,0,0,0,,g00,pre100_post100
4148,SE10/D02_SE10_R01.txt,train,D02,0,100.0,13768,58,0,57,0,0,0,0,,g00,pre100_post100
4149,SE10/D03_SE10_R01.txt,train,D03,0,100.0,5978,62,0,61,0,1,0,1,,g00,pre100_post100
4150,SE10/D04_SE10_R01.txt,train,D04,0,100.0,1713,61,0,61,0,0,0,0,,g00,pre100_post100
4151,SE10/D05_SE10_R01.txt,train,D05,0,25.0,2971,12,0,12,0,0,0,0,,g00,pre100_post100
4152,SE10/D05_SE10_R02.txt,train,D05,0,25.0,2321,12,0,12,0,0,0,0,,g00,pre100_post100
4153,SE10/D05_SE10_R03.txt,train,D05,0,25.0,2511,12,0,12,0,0,0,0,,g00,pre100_post100
4154,SE10/D05_SE10_R04.txt,train,D05,0,25.0,3134,13,0,13,0,0,0,0,,g00,pre100_post100
4155,SE10/D05_SE10_R05.txt,train,D05,0,25.0,2416,11,0,11,0,0,0,0,,g00,pre100_post100
4156,SE10/D07_SE10_R01.txt,train,D07,0,12.0,1741,2,0,2,0,0,0,0,,g00,pre100_post100
4157,SE10/D07_SE10_R02.txt,train,D07,0,11.995,1814,2,0,2,0,0,0,0,,g00,pre100_post100
4158,SE10/D07_SE10_R03.txt,train,D07,0,12.0,1795,2,0,2,0,0,0,0,,g00,pre100_post100
4159,SE10/D07_SE10_R04.txt,train,D07,0,12.0,1583,2,0,2,0,0,0,0,,g00,pre100_post100
4160,SE10/D07_SE10_R05.txt,train,D07,0,12.0,1692,2,0,2,0,0,0,0,,g00,pre100_post100
4161,SE10/D08_SE10_R01.txt,train,D08,0,12.0,570,2,0,2,0,0,0,0,,g00,pre100_post100
4162,SE10/D08_SE10_R02.txt,train,D08,0,12.0,577,2,0,2,0,0,0,0,,g00,pre100_post100
4163,SE10/D08_SE10_R03.txt,train,D08,0,12.0,753,2,0,2,0,0,0,0,,g00,pre100_post100
4164,SE10/D08_SE10_R04.txt,train,D08,0,12.0,590,3,0,3,0,0,0,0,,g00,pre100_post100
4165,SE10/D08_SE10_R05.txt,train,D08,0,12.0,569,2,0,2,0,0,0,0,,g00,pre100_post100
4166,SE10/D09_SE10_R01.txt,train,D09,0,12.0,712,3,0,3,0,0,0,0,,g00,pre100_post100
4167,SE10/D09_SE10_R02.txt,train,D09,0,12.0,878,2,0,2,0,0,0,0,,g00,pre100_post100
4168,SE10/D09_SE10_R03.txt,train,D09,0,12.0,797,2,0,2,0,0,0,0,,g00,pre100_post100
4169,SE10/D09_SE10_R04.txt,train,D09,0,12.0,1735,2,0,2,0,0,0,0,,g00,pre100_post100
4170,SE10/D09_SE10_R05.txt,train,D09,0,12.0,814,2,0,2,0,0,0,0,,g00,pre100_post100
4171,SE10/D10_SE10_R01.txt,train,D10,0,12.0,645,4,0,4,0,0,0,0,,g00,pre100_post100
4172,SE10/D10_SE10_R02.txt,train,D10,0,12.0,694,2,0,2,0,0,0,0,,g00,pre100_post100
4173,SE10/D10_SE10_R03.txt,train,D10,0,12.0,706,2,0,2,0,0,0,0,,g00,pre100_post100
4174,SE10/D10_SE10_R04.txt,train,D10,0,12.0,721,2,0,2,0,0,0,0,,g00,pre100_post100
4175,SE10/D10_SE10_R05.txt,train,D10,0,12.0,574,2,0,2,0,0,0,0,,g00,pre100_post100
4176,SE10/D11_SE10_R01.txt,train,D11,0,11.995,1257,1,0,1,0,0,0,0,,g00,pre100_post100
4177,SE10/D11_SE10_R02.txt,train,D11,0,12.0,931,1,0,1,0,0,0,0,,g00,pre100_post100
4178,SE10/D11_SE10_R03.txt,train,D11,0,12.0,1207,1,0,1,0,0,0,0,,g00,pre100_post100
4179,SE10/D11_SE10_R04.txt,train,D11,0,12.0,1327,1,0,1,0,0,0,0,,g00,pre100_post100
4180,SE10/D11_SE10_R05.txt,train,D11,0,12.0,990,1,0,1,0,0,0,0,,g00,pre100_post100
4181,SE10/D12_SE10_R01.txt,train,D12,0,12.0,2161,1,0,1,0,0,0,0,,g00,pre100_post100
4182,SE10/D12_SE10_R02.txt,train,D12,0,12.0,669,0,0,0,0,0,0,0,,g00,pre100_post100
4183,SE10/D12_SE10_R03.txt,train,D12,0,12.0,2151,1,0,1,0,0,0,0,,g00,pre100_post100
4184,SE10/D12_SE10_R04.txt,train,D12,0,12.0,610,0,0,0,0,0,0,0,,g00,pre100_post100
4185,SE10/D12_SE10_R05.txt,train,D12,0,12.0,1802,2,0,2,0,0,0,0,,g00,pre100_post100
4186,SE10/D14_SE10_R01.txt,train,D14,0,12.0,1989,4,0,4,0,0,0,0,,g00,pre100_post100
4187,SE10/D14_SE10_R02.txt,train,D14,0,12.0,1973,4,0,4,0,0,0,0,,g00,pre100_post100
4188,SE10/D14_SE10_R03.txt,train,D14,0,12.0,2141,3,0,3,0,0,0,0,,g00,pre100_post100
4189,SE10/D14_SE10_R04.txt,train,D14,0,12.0,2161,3,0,3,0,0,0,0,,g00,pre100_post100
4190,SE10/D14_SE10_R05.txt,train,D14,0,12.0,2162,4,0,4,0,0,0,0,,g00,pre100_post100
4191,SE10/D15_SE10_R01.txt,train,D15,0,12.0,845,2,0,2,0,0,0,0,,g00,pre100_post100
4192,SE10/D15_SE10_R02.txt,train,D15,0,12.0,781,2,0,2,0,0,0,0,,g00,pre100_post100
4193,SE10/D15_SE10_R03.txt,train,D15,0,12.0,1311,2,0,2,0,0,0,0,,g00,pre100_post100
4194,SE10/D15_SE10_R04.txt,train,D15,0,12.0,1465,2,0,2,0,0,0,0,,g00,pre100_post100
4195,SE10/D15_SE10_R05.txt,train,D15,0,12.0,809,2,0,2,0,0,0,0,,g00,pre100_post100
4196,SE10/D16_SE10_R01.txt,train,D16,0,11.995,1931,1,0,1,0,0,0,0,,g00,pre100_post100
4197,SE10/D16_SE10_R02.txt,train,D16,0,12.0,1768,0,0,0,0,0,0,0,,g00,pre100_post100
4198,SE10/D16_SE10_R03.txt,train,D16,0,12.0,1884,0,0,0,0,0,0,0,,g00,pre100_post100
4199,SE10/D16_SE10_R04.txt,train,D16,0,12.0,912,0,0,0,0,0,0,0,,g00,pre100_post100
4200,SE10/D16_SE10_R05.txt,train,D16,0,12.0,2036,0,0,0,0,0,0,0,,g00,pre100_post100
4201,SE10/D17_SE10_R01.txt,train,D17,0,25.0,3722,6,0,6,0,0,0,0,,g00,pre100_post100
4202,SE10/D17_SE10_R02.txt,train,D17,0,25.0,1202,4,0,4,0,0,0,0,,g00,pre100_post100
4203,SE10/D17_SE10_R03.txt,train,D17,0,25.0,1577,5,0,5,0,0,0,0,,g00,pre100_post100
4204,SE10/D17_SE10_R04.txt,train,D17,0,25.0,1815,4,0,4,0,0,0,0,,g00,pre100_post100
4205,SE10/D17_SE10_R05.txt,train,D17,0,25.0,3898,5,0,5,0,0,0,0,,g00,pre100_post100
4265,SE12/D01_SE12_R01.txt,train,D01,0,99.99,5191,60,0,59,0,0,0,0,,g00,pre100_post100
4266,SE12/D02_SE12_R01.txt,train,D02,0,100.0,14332,55,0,54,0,0,0,0,,g00,pre100_post100
4267,SE12/D03_SE12_R01.txt,train,D03,0,100.0,15944,63,0,62,0,0,0,0,,g00,pre100_post100
4268,SE12/D04_SE12_R01.txt,train,D04,0,99.98,16777,60,0,59,0,0,0,0,,g00,pre100_post100
4269,SE12/D05_SE12_R01.txt,train,D05,0,25.0,3194,13,0,13,0,0,0,0,,g00,pre100_post100
4270,SE12/D05_SE12_R02.txt,train,D05,0,24.965,2480,12,0,12,0,0,0,0,,g00,pre100_post100
4271,SE12/D05_SE12_R03.txt,train,D05,0,25.0,3405,11,0,11,0,0,0,0,,g00,pre100_post100
4272,SE12/D05_SE12_R04.txt,train,D05,0,25.0,3409,9,0,9,0,0,0,0,,g00,pre100_post100
4273,SE12/D05_SE12_R05.txt,train,D05,0,25.0,3996,12,0,12,0,0,0,0,,g00,pre100_post100
4274,SE12/D07_SE12_R01.txt,train,D07,0,11.995,908,2,0,2,0,0,0,0,,g00,pre100_post100
4275,SE12/D07_SE12_R02.txt,train,D07,0,12.0,1660,2,0,2,0,0,0,0,,g00,pre100_post100
4276,SE12/D07_SE12_R03.txt,train,D07,0,12.0,1832,2,0,2,0,0,0,0,,g00,pre100_post100
4277,SE12/D07_SE12_R04.txt,train,D07,0,12.0,1805,2,0,2,0,0,0,0,,g00,pre100_post100
4278,SE12/D07_SE12_R05.txt,train,D07,0,12.0,1834,2,0,2,0,0,0,0,,g00,pre100_post100
4279,SE12/D08_SE12_R01.txt,train,D08,0,12.0,628,2,0,2,0,0,0,0,,g00,pre100_post100
4280,SE12/D08_SE12_R02.txt,train,D08,0,12.0,659,2,0,2,0,0,0,0,,g00,pre100_post100
4281,SE12/D08_SE12_R03.txt,train,D08,0,12.0,601,2,0,2,0,0,0,0,,g00,pre100_post100
4282,SE12/D08_SE12_R04.txt,train,D08,0,12.0,694,2,0,2,0,0,0,0,,g00,pre100_post100
4283,SE12/D08_SE12_R05.txt,train,D08,0,12.0,718,2,0,2,0,0,0,0,,g00,pre100_post100
4284,SE12/D09_SE12_R01.txt,train,D09,0,12.0,766,2,0,2,0,0,0,0,,g00,pre100_post100
4285,SE12/D09_SE12_R02.txt,train,D09,0,12.0,779,2,0,2,0,0,0,0,,g00,pre100_post100
4286,SE12/D09_SE12_R03.txt,train,D09,0,12.0,787,2,0,2,0,0,0,0,,g00,pre100_post100
4287,SE12/D09_SE12_R04.txt,train,D09,0,12.0,1069,2,0,2,0,0,0,0,,g00,pre100_post100
4288,SE12/D09_SE12_R05.txt,train,D09,0,12.0,809,2,0,2,0,0,0,0,,g00,pre100_post100
4289,SE12/D10_SE12_R01.txt,train,D10,0,12.0,755,2,0,2,0,0,0,0,,g00,pre100_post100
4290,SE12/D10_SE12_R02.txt,train,D10,0,12.0,671,2,0,2,0,0,0,0,,g00,pre100_post100
4291,SE12/D10_SE12_R03.txt,train,D10,0,12.0,825,2,0,2,0,0,0,0,,g00,pre100_post100
4292,SE12/D10_SE12_R04.txt,train,D10,0,12.0,674,2,0,2,0,0,0,0,,g00,pre100_post100
4293,SE12/D10_SE12_R05.txt,train,D10,0,12.0,1708,2,0,2,0,0,0,0,,g00,pre100_post100
4294,SE12/D11_SE12_R01.txt,train,D11,0,11.995,1109,2,0,2,0,0,0,0,,g00,pre100_post100
4295,SE12/D11_SE12_R02.txt,train,D11,0,12.0,1102,1,0,1,0,0,0,0,,g00,pre100_post100
4296,SE12/D11_SE12_R03.txt,train,D11,0,12.0,1211,1,0,1,0,0,0,0,,g00,pre100_post100
4297,SE12/D11_SE12_R04.txt,train,D11,0,12.0,1223,1,0,1,0,0,0,0,,g00,pre100_post100
4298,SE12/D11_SE12_R05.txt,train,D11,0,12.0,1220,1,0,1,0,0,0,0,,g00,pre100_post100
4299,SE12/D12_SE12_R01.txt,train,D12,0,11.995,587,1,0,1,0,0,0,0,,g00,pre100_post100
4300,SE12/D12_SE12_R02.txt,train,D12,0,12.0,565,1,0,1,0,0,0,0,,g00,pre100_post100
4301,SE12/D12_SE12_R03.txt,train,D12,0,12.0,687,2,0,2,0,0,0,0,,g00,pre100_post100
4302,SE12/D12_SE12_R04.txt,train,D12,0,12.0,1740,2,0,2,0,0,0,0,,g00,pre100_post100
4303,SE12/D12_SE12_R05.txt,train,D12,0,12.0,1554,2,0,2,0,0,0,0,,g00,pre100_post100
4304,SE12/D14_SE12_R01.txt,train,D14,0,12.0,666,2,0,2,0,0,0,0,,g00,pre100_post100
4305,SE12/D14_SE12_R02.txt,train,D14,0,12.0,1528,2,0,2,0,0,0,0,,g00,pre100_post100
4306,SE12/D14_SE12_R03.txt,train,D14,0,12.0,788,2,0,2,0,0,0,0,,g00,pre100_post100
4307,SE12/D14_SE12_R04.txt,train,D14,0,12.0,1926,2,0,2,0,0,0,0,,g00,pre100_post100
4308,SE12/D14_SE12_R05.txt,train,D14,0,12.0,1555,2,0,2,0,0,0,0,,g00,pre100_post100
4309,SE12/D15_SE12_R01.txt,train,D15,0,12.0,1436,2,0,2,0,0,0,0,,g00,pre100_post100
4310,SE12/D15_SE12_R02.txt,train,D15,0,12.0,1210,2,0,2,0,0,0,0,,g00,pre100_post100
4311,SE12/D15_SE12_R03.txt,train,D15,0,12.0,1364,2,0,2,0,0,0,0,,g00,pre100_post100
4312,SE12/D15_SE12_R04.txt,train,D15,0,12.0,822,2,0,2,0,0,0,0,,g00,pre100_post100
4313,SE12/D15_SE12_R05.txt,train,D15,0,12.0,1346,2,0,2,0,0,0,0,,g00,pre100_post100
4314,SE12/D16_SE12_R01.txt,train,D16,0,11.995,51,2,0,1,0,0,0,0,,g00,pre100_post100
4315,SE12/D16_SE12_R02.txt,train,D16,0,12.0,1341,1,0,1,0,0,0,0,,g00,pre100_post100
4316,SE12/D16_SE12_R03.txt,train,D16,0,11.99,785,2,0,2,0,0,0,0,,g00,pre100_post100
4317,SE12/D16_SE12_R04.txt,train,D16,0,12.0,783,1,0,1,0,0,0,0,,g00,pre100_post100
4318,SE12/D16_SE12_R05.txt,train,D16,0,12.0,908,1,0,1,0,0,0,0,,g00,pre100_post100
4319,SE12/D17_SE12_R01.txt,train,D17,0,25.0,1301,5,0,5,0,0,0,0,,g00,pre100_post100
4320,SE12/D17_SE12_R02.txt,train,D17,0,25.0,1650,4,0,4,0,0,0,0,,g00,pre100_post100
4321,SE12/D17_SE12_R03.txt,train,D17,0,24.985,3548,5,0,5,0,0,0,0,,g00,pre100_post100
4322,SE12/D17_SE12_R04.txt,train,D17,0,25.0,3710,4,0,4,0,0,0,0,,g00,pre100_post100
4323,SE12/D17_SE12_R05.txt,train,D17,0,25.0,3589,4,0,4,0,0,0,0,,g00,pre100_post100
4383,SE14/D01_SE14_R01.txt,train,D01,0,99.995,15519,57,0,56,0,0,0,0,,g00,pre100_post100
4384,SE14/D02_SE14_R01.txt,train,D02,0,100.0,6115,55,0,55,0,0,0,0,,g00,pre100_post100
4385,SE14/D03_SE14_R01.txt,train,D03,0,99.95,18500,63,0,63,0,0,0,0,,g00,pre100_post100
4386,SE14/D04_SE14_R01.txt,train,D04,0,99.975,2365,61,0,61,0,0,0,0,,g00,pre100_post100
4387,SE14/D05_SE14_R01.txt,train,D05,0,25.0,3273,11,0,11,0,0,0,0,,g00,pre100_post100
4388,SE14/D05_SE14_R02.txt,train,D05,0,25.0,3279,10,0,10,0,0,0,0,,g00,pre100_post100
4389,SE14/D05_SE14_R03.txt,train,D05,0,25.0,4033,12,0,12,0,0,0,0,,g00,pre100_post100
4390,SE14/D05_SE14_R04.txt,train,D05,0,25.0,4371,10,0,10,0,0,0,0,,g00,pre100_post100
4391,SE14/D05_SE14_R05.txt,train,D05,0,25.0,3827,11,0,11,0,0,0,0,,g00,pre100_post100
4392,SE14/D07_SE14_R01.txt,train,D07,0,11.995,865,2,0,2,0,0,0,0,,g00,pre100_post100
4393,SE14/D07_SE14_R02.txt,train,D07,0,12.0,571,2,0,2,0,0,0,0,,g00,pre100_post100
4394,SE14/D07_SE14_R03.txt,train,D07,0,12.0,686,2,0,2,0,0,0,0,,g00,pre100_post100
4395,SE14/D07_SE14_R05.txt,train,D07,0,12.0,658,2,0,2,0,0,0,0,,g00,pre100_post100
4396,SE14/D07_SE14_R06.txt,train,D07,0,12.0,693,2,0,2,0,0,0,0,,g00,pre100_post100
4397,SE14/D08_SE14_R01.txt,train,D08,0,12.0,630,2,0,2,0,0,0,0,,g00,pre100_post100
4398,SE14/D08_SE14_R02.txt,train,D08,0,12.0,626,2,0,2,0,0,0,0,,g00,pre100_post100
4399,SE14/D08_SE14_R03.txt,train,D08,0,12.0,698,2,0,2,0,0,0,0,,g00,pre100_post100
4400,SE14/D08_SE14_R04.txt,train,D08,0,12.0,644,2,0,2,0,0,0,0,,g00,pre100_post100
4401,SE14/D08_SE14_R05.txt,train,D08,0,12.0,675,2,0,2,0,0,0,0,,g00,pre100_post100
4402,SE14/D09_SE14_R01.txt,train,D09,0,12.0,846,2,0,2,0,0,0,0,,g00,pre100_post100
4403,SE14/D09_SE14_R02.txt,train,D09,0,12.0,720,2,0,2,0,0,0,0,,g00,pre100_post100
4404,SE14/D09_SE14_R03.txt,train,D09,0,12.0,834,2,0,2,0,0,0,0,,g00,pre100_post100
4405,SE14/D09_SE14_R04.txt,train,D09,0,12.0,806,2,0,2,0,0,0,0,,g00,pre100_post100
4406,SE14/D09_SE14_R05.txt,train,D09,0,12.0,850,2,0,2,0,0,0,0,,g00,pre100_post100
4407,SE14/D10_SE14_R01.txt,train,D10,0,12.0,732,2,0,2,0,0,0,0,,g00,pre100_post100
4408,SE14/D10_SE14_R02.txt,train,D10,0,12.0,697,2,0,2,0,0,0,0,,g00,pre100_post100
4409,SE14/D10_SE14_R03.txt,train,D10,0,12.0,689,2,0,2,0,0,0,0,,g00,pre100_post100
4410,SE14/D10_SE14_R04.txt,train,D10,0,12.0,1822,2,0,2,0,0,0,0,,g00,pre100_post100
4411,SE14/D10_SE14_R05.txt,train,D10,0,12.0,627,2,0,2,0,0,0,0,,g00,pre100_post100
4412,SE14/D11_SE14_R01.txt,train,D11,0,11.995,1303,1,0,1,0,0,0,0,,g00,pre100_post100
4413,SE14/D11_SE14_R02.txt,train,D11,0,12.0,1376,1,0,1,0,0,0,0,,g00,pre100_post100
4414,SE14/D11_SE14_R03.txt,train,D11,0,12.0,1453,1,0,1,0,0,0,0,,g00,pre100_post100
4415,SE14/D11_SE14_R04.txt,train,D11,0,12.0,1289,1,0,1,0,0,0,0,,g00,pre100_post100
4416,SE14/D11_SE14_R05.txt,train,D11,0,12.0,1304,1,0,1,0,0,0,0,,g00,pre100_post100
4417,SE14/D12_SE14_R01.txt,train,D12,0,12.0,1647,1,0,1,0,0,0,0,,g00,pre100_post100
4418,SE14/D12_SE14_R02.txt,train,D12,0,12.0,1932,2,0,2,0,0,0,0,,g00,pre100_post100
4419,SE14/D12_SE14_R03.txt,train,D12,0,12.0,1145,1,0,1,0,0,0,0,,g00,pre100_post100
4420,SE14/D12_SE14_R04.txt,train,D12,0,12.0,1746,1,0,1,0,0,0,0,,g00,pre100_post100
4421,SE14/D12_SE14_R05.txt,train,D12,0,12.0,1619,2,0,2,0,0,0,0,,g00,pre100_post100
4422,SE14/D14_SE14_R01.txt,train,D14,0,12.0,970,0,0,0,0,0,0,0,,g00,pre100_post100
4423,SE14/D14_SE14_R02.txt,train,D14,0,12.0,736,1,0,1,0,0,0,0,,g00,pre100_post100
4424,SE14/D14_SE14_R03.txt,train,D14,0,11.995,2365,0,0,0,0,0,0,0,,g00,pre100_post100
4425,SE14/D14_SE14_R04.txt,train,D14,0,12.0,1726,0,0,0,0,0,0,0,,g00,pre100_post100
4426,SE14/D14_SE14_R05.txt,train,D14,0,12.0,596,0,0,0,0,0,0,0,,g00,pre100_post100
4427,SE14/D15_SE14_R01.txt,train,D15,0,12.0,1565,0,0,0,0,0,0,0,,g00,pre100_post100
4428,SE14/D15_SE14_R02.txt,train,D15,0,12.0,1345,1,0,1,0,0,0,0,,g00,pre100_post100
4429,SE14/D15_SE14_R03.txt,train,D15,0,12.0,1714,0,0,0,0,0,0,0,,g00,pre100_post100
4430,SE14/D15_SE14_R04.txt,train,D15,0,11.97,1762,1,0,1,0,0,0,0,,g00,pre100_post100
4431,SE14/D15_SE14_R05.txt,train,D15,0,12.0,1787,1,0,1,0,0,0,0,,g00,pre100_post100
4432,SE14/D16_SE14_R01.txt,train,D16,0,12.0,1703,1,0,1,0,0,0,0,,g00,pre100_post100
4433,SE14/D16_SE14_R02.txt,train,D16,0,12.0,897,1,0,1,0,0,0,0,,g00,pre100_post100
4434,SE14/D16_SE14_R03.txt,train,D16,0,12.0,912,0,0,0,0,0,0,0,,g00,pre100_post100
4435,SE14/D16_SE14_R04.txt,train,D16,0,12.0,1402,1,0,1,0,0,0,0,,g00,pre100_post100
4436,SE14/D16_SE14_R05.txt,train,D16,0,12.0,1620,0,0,0,0,0,0,0,,g00,pre100_post100
4437,SE14/D17_SE14_R01.txt,train,D17,0,25.0,1117,4,0,4,0,0,0,0,,g00,pre100_post100
4438,SE14/D17_SE14_R02.txt,train,D17,0,25.0,1122,5,0,5,0,0,0,0,,g00,pre100_post100
4439,SE14/D17_SE14_R03.txt,train,D17,0,25.0,1235,5,0,5,0,0,0,0,,g00,pre100_post100
4440,SE14/D17_SE14_R04.txt,train,D17,0,25.0,3750,4,0,4,0,0,0,0,,g00,pre100_post100
4441,SE14/D17_SE14_R05.txt,train,D17,0,25.0,1134,5,0,5,0,0,0,0,,g00,pre100_post100
4442,SE15/D01_SE15_R01.txt,train,D01,0,99.995,3902,62,0,61,0,0,0,0,,g00,pre100_post100
4443,SE15/D02_SE15_R01.txt,train,D02,0,100.0,8775,58,0,56,0,0,0,0,,g00,pre100_post100
4444,SE15/D03_SE15_R01.txt,train,D03,0,100.0,12807,59,0,57,0,0,0,0,,g00,pre100_post100
4445,SE15/D05_SE15_R01.txt,train,D05,0,25.0,4651,11,0,10,0,0,0,0,,g00,pre100_post100
4446,SE15/D05_SE15_R02.txt,train,D05,0,25.0,4295,11,0,11,0,0,0,0,,g00,pre100_post100
4447,SE15/D05_SE15_R03.txt,train,D05,0,25.0,3885,11,0,11,0,0,0,0,,g00,pre100_post100
4448,SE15/D05_SE15_R04.txt,train,D05,0,25.0,4837,10,0,10,0,0,0,0,,g00,pre100_post100
4449,SE15/D05_SE15_R05.txt,train,D05,0,25.0,4578,10,0,10,0,0,0,0,,g00,pre100_post100
4450,SE15/D07_SE15_R01.txt,train,D07,0,11.995,1851,1,0,1,0,0,0,0,,g00,pre100_post100
4451,SE15/D07_SE15_R02.txt,train,D07,0,12.0,1915,1,0,1,0,0,0,0,,g00,pre100_post100
4452,SE15/D07_SE15_R03.txt,train,D07,0,12.0,1420,1,0,1,0,0,0,0,,g00,pre100_post100
4453,SE15/D07_SE15_R04.txt,train,D07,0,12.0,1754,0,0,0,0,0,0,0,,g00,pre100_post100
4454,SE15/D07_SE15_R05.txt,train,D07,0,12.0,1750,1,0,1,0,0,0,0,,g00,pre100_post100
4455,SE15/D08_SE15_R01.txt,train,D08,0,12.0,1471,2,0,2,0,0,0,0,,g00,pre100_post100
4456,SE15/D08_SE15_R02.txt,train,D08,0,12.0,498,2,0,2,0,0,0,0,,g00,pre100_post100
4457,SE15/D08_SE15_R03.txt,train,D08,0,12.0,1192,2,0,2,0,0,0,0,,g00,pre100_post100
4458,SE15/D08_SE15_R04.txt,train,D08,0,12.0,1611,2,0,2,0,0,0,0,,g00,pre100_post100
4459,SE15/D08_SE15_R05.txt,train,D08,0,12.0,658,2,0,2,0,0,0,0,,g00,pre100_post100
4460,SE15/D09_SE15_R01.txt,train,D09,0,12.0,683,2,0,2,0,0,0,0,,g00,pre100_post100
4461,SE15/D09_SE15_R02.txt,train,D09,0,12.0,1738,2,0,2,0,0,0,0,,g00,pre100_post100
4462,SE15/D09_SE15_R03.txt,train,D09,0,12.0,1767,1,0,1,0,0,0,0,,g00,pre100_post100
4463,SE15/D09_SE15_R04.txt,train,D09,0,12.0,1710,2,0,2,0,0,0,0,,g00,pre100_post100
4464,SE15/D09_SE15_R05.txt,train,D09,0,12.0,1855,1,0,1,0,0,0,0,,g00,pre100_post100
4465,SE15/D10_SE15_R01.txt,train,D10,0,12.0,1229,2,0,2,0,0,0,0,,g00,pre100_post100
4466,SE15/D10_SE15_R02.txt,train,D10,0,12.0,494,2,0,2,0,0,0,0,,g00,pre100_post100
4467,SE15/D10_SE15_R03.txt,train,D10,0,12.0,581,2,0,2,0,0,0,0,,g00,pre100_post100
4468,SE15/D10_SE15_R04.txt,train,D10,0,12.0,1587,2,0,2,0,0,0,0,,g00,pre100_post100
4469,SE15/D10_SE15_R05.txt,train,D10,0,12.0,729,2,0,2,0,0,0,0,,g00,pre100_post100
4470,SE15/D11_SE15_R01.txt,train,D11,0,12.0,1019,1,0,1,0,0,0,0,,g00,pre100_post100
4471,SE15/D11_SE15_R02.txt,train,D11,0,12.0,1241,1,0,1,0,0,0,0,,g00,pre100_post100
4472,SE15/D11_SE15_R03.txt,train,D11,0,12.0,1072,1,0,1,0,0,0,0,,g00,pre100_post100
4473,SE15/D11_SE15_R04.txt,train,D11,0,12.0,1128,1,0,1,0,0,0,0,,g00,pre100_post100
4474,SE15/D11_SE15_R05.txt,train,D11,0,12.0,1281,1,0,1,0,0,0,0,,g00,pre100_post100
4475,SE15/D12_SE15_R01.txt,train,D12,0,11.995,986,1,0,1,0,0,0,0,,g00,pre100_post100
4476,SE15/D12_SE15_R02.txt,train,D12,0,12.0,367,2,0,2,0,0,0,0,,g00,pre100_post100
4477,SE15/D12_SE15_R03.txt,train,D12,0,12.0,1652,0,0,0,0,0,0,0,,g00,pre100_post100
4478,SE15/D12_SE15_R04.txt,train,D12,0,12.0,773,0,0,0,0,0,0,0,,g00,pre100_post100
4479,SE15/D12_SE15_R05.txt,train,D12,0,12.0,644,2,0,2,0,0,0,0,,g00,pre100_post100
4480,SE15/D14_SE15_R01.txt,train,D14,0,12.0,2105,2,0,2,0,0,0,0,,g00,pre100_post100
4481,SE15/D14_SE15_R02.txt,train,D14,0,12.0,1953,3,0,3,0,0,0,0,,g00,pre100_post100
4482,SE15/D14_SE15_R03.txt,train,D14,0,12.0,1990,2,0,2,0,0,0,0,,g00,pre100_post100
4483,SE15/D14_SE15_R04.txt,train,D14,0,12.0,2043,3,0,3,0,0,0,0,,g00,pre100_post100
4484,SE15/D14_SE15_R05.txt,train,D14,0,12.0,2195,4,0,4,0,0,0,0,,g00,pre100_post100
4485,SE15/D15_SE15_R01.txt,train,D15,0,12.0,1540,2,0,2,0,0,0,0,,g00,pre100_post100
4486,SE15/D15_SE15_R02.txt,train,D15,0,12.0,1595,1,0,1,0,0,0,0,,g00,pre100_post100
4487,SE15/D15_SE15_R03.txt,train,D15,0,12.0,1847,1,0,1,0,0,0,0,,g00,pre100_post100
4488,SE15/D15_SE15_R04.txt,train,D15,0,12.0,1456,2,0,2,0,0,0,0,,g00,pre100_post100
4489,SE15/D15_SE15_R05.txt,train,D15,0,12.0,1473,2,0,2,0,0,0,0,,g00,pre100_post100
4490,SE15/D16_SE15_R01.txt,train,D16,0,11.995,691,0,0,0,0,0,0,0,,g00,pre100_post100
4491,SE15/D16_SE15_R02.txt,train,D16,0,12.0,849,0,0,0,0,0,0,0,,g00,pre100_post100
4492,SE15/D16_SE15_R03.txt,train,D16,0,12.0,939,0,0,0,0,0,0,0,,g00,pre100_post100
4493,SE15/D16_SE15_R04.txt,train,D16,0,12.0,902,0,0,0,0,0,0,0,,g00,pre100_post100
4494,SE15/D16_SE15_R05.txt,train,D16,0,12.0,965,0,0,0,0,0,0,0,,g00,pre100_post100
4495,SE15/D17_SE15_R01.txt,train,D17,0,24.995,3769,4,0,4,0,0,0,0,,g00,pre100_post100
4496,SE15/D17_SE15_R02.txt,train,D17,0,25.0,1058,3,0,3,0,0,0,0,,g00,pre100_post100
4497,SE15/D17_SE15_R03.txt,train,D17,0,25.0,1690,3,0,3,0,0,0,0,,g00,pre100_post100
4498,SE15/D17_SE15_R04.txt,train,D17,0,25.0,3508,3,0,3,0,0,0,0,,g00,pre100_post100
4499,SE15/D17_SE15_R05.txt,train,D17,0,25.0,1337,3,0,3,0,0,0,0,,g00,pre100_post100
308,SA03/D01_SA03_R01.txt,train,D01,0,99.995,2906,59,0,59,0,0,0,0,,g00,pre50_post150
309,SA03/D02_SA03_R01.txt,train,D02,0,100.0,10386,56,0,55,0,0,0,0,,g00,pre50_post150
310,SA03/D03_SA03_R01.txt,train,D03,0,100.0,13871,57,0,57,0,0,0,0,,g00,pre50_post150
311,SA03/D04_SA03_R01.txt,train,D04,0,100.0,2409,60,0,59,0,2,0,2,,g00,pre50_post150
312,SA03/D05_SA03_R01.txt,train,D05,0,25.0,3978,12,0,12,0,0,0,0,,g00,pre50_post150
313,SA03/D05_SA03_R02.txt,train,D05,0,25.0,4161,13,0,12,0,0,0,0,,g00,pre50_post150
314,SA03/D05_SA03_R03.txt,train,D05,0,25.0,4027,11,0,11,0,0,0,0,,g00,pre50_post150
315,SA03/D05_SA03_R04.txt,train,D05,0,25.0,2881,12,0,12,0,0,0,0,,g00,pre50_post150
316,SA03/D05_SA03_R05.txt,train,D05,0,25.0,3913,12,0,12,0,0,0,0,,g00,pre50_post150
317,SA03/D06_SA03_R01.txt,train,D06,0,24.995,626,5,0,5,0,2,0,2,,g00,pre50_post150
318,SA03/D06_SA03_R02.txt,train,D06,0,25.0,1365,6,0,6,0,0,0,0,,g00,pre50_post150
319,SA03/D06_SA03_R03.txt,train,D06,0,25.0,1194,6,0,6,0,0,0,0,,g00,pre50_post150
320,SA03/D06_SA03_R04.txt,train,D06,0,25.0,883,6,0,6,0,0,0,0,,g00,pre50_post150
321,SA03/D06_SA03_R05.txt,train,D06,0,25.0,1186,6,0,6,0,0,0,0,,g00,pre50_post150
322,SA03/D07_SA03_R01.txt,train,D07,0,12.0,2139,2,0,2,0,0,0,0,,g00,pre50_post150
323,SA03/D07_SA03_R02.txt,train,D07,0,12.0,1565,2,0,2,0,0,0,0,,g00,pre50_post150
324,SA03/D07_SA03_R03.txt,train,D07,0,12.0,1778,2,0,2,0,0,0,0,,g00,pre50_post150
325,SA03/D07_SA03_R04.txt,train,D07,0,12.0,1773,2,0,2,0,0,0,0,,g00,pre50_post150
326,SA03/D07_SA03_R05.txt,train,D07,0,12.0,1800,2,0,2,0,0,0,0,,g00,pre50_post150
327,SA03/D08_SA03_R01.txt,train,D08,0,12.0,410,2,0,2,0,0,0,0,,g00,pre50_post150
328,SA03/D08_SA03_R02.txt,train,D08,0,12.0,711,2,0,2,0,0,0,0,,g00,pre50_post150
329,SA03/D08_SA03_R03.txt,train,D08,0,12.0,805,2,0,2,0,0,0,0,,g00,pre50_post150
330,SA03/D08_SA03_R04.txt,train,D08,0,12.0,1531,2,0,2,0,0,0,0,,g00,pre50_post150
331,SA03/D08_SA03_R05.txt,train,D08,0,12.0,731,2,0,2,0,0,0,0,,g00,pre50_post150
332,SA03/D09_SA03_R01.txt,train,D09,0,12.0,966,2,0,2,0,0,0,0,,g00,pre50_post150
333,SA03/D09_SA03_R02.txt,train,D09,0,12.0,864,2,0,2,0,0,0,0,,g00,pre50_post150
334,SA03/D09_SA03_R03.txt,train,D09,0,12.0,979,2,0,2,0,0,0,0,,g00,pre50_post150
335,SA03/D09_SA03_R04.txt,train,D09,0,12.0,852,3,0,3,0,0,0,0,,g00,pre50_post150
336,SA03/D09_SA03_R05.txt,train,D09,0,12.0,867,4,0,4,0,0,0,0,,g00,pre50_post150
337,SA03/D10_SA03_R01.txt,train,D10,0,12.0,863,4,0,2,0,0,0,0,,g00,pre50_post150
338,SA03/D10_SA03_R02.txt,train,D10,0,12.0,788,3,0,2,0,0,0,0,,g00,pre50_post150
339,SA03/D10_SA03_R03.txt,train,D10,0,12.0,797,3,0,3,0,0,0,0,,g00,pre50_post150
340,SA03/D10_SA03_R04.txt,train,D10,0,12.0,889,3,0,3,0,0,0,0,,g00,pre50_post150
341,SA03/D10_SA03_R05.txt,train,D10,0,12.0,748,2,0,2,0,0,0,0,,g00,pre50_post150
342,SA03/D11_SA03_R01.txt,train,D11,0,11.995,799,3,0,3,0,0,0,0,,g00,pre50_post150
343,SA03/D11_SA03_R02.txt,train,D11,0,12.0,1044,5,0,4,0,1,0,1,,g00,pre50_post150
344,SA03/D11_SA03_R03.txt,train,D11,0,12.0,1047,7,0,6,0,0,0,0,,g00,pre50_post150
345,SA03/D11_SA03_R04.txt,train,D11,0,11.995,1479,5,0,4,0,0,0,0,,g00,pre50_post150
346,SA03/D11_SA03_R05.txt,train,D11,0,12.0,1166,5,0,5,0,0,0,0,,g00,pre50_post150
347,SA03/D12_SA03_R01.txt,train,D12,0,12.0,1020,2,0,1,0,0,0,0,,g00,pre50_post150
348,SA03/D12_SA03_R02.txt,train,D12,0,12.0,942,3,0,2,0,0,0,0,,g00,pre50_post150
349,SA03/D12_SA03_R03.txt,train,D12,0,12.0,847,2,0,2,0,0,0,0,,g00,pre50_post150
350,SA03/D12_SA03_R04.txt,train,D12,0,12.0,930,2,0,2,0,0,0,0,,g00,pre50_post150
351,SA03/D12_SA03_R05.txt,train,D12,0,12.0,1887,2,0,2,0,0,0,0,,g00,pre50_post150
352,SA03/D13_SA03_R01.txt,train,D13,0,12.0,756,3,0,3,0,0,0,0,,g00,pre50_post150
353,SA03/D13_SA03_R02.txt,train,D13,0,12.0,1092,4,0,3,0,0,0,0,,g00,pre50_post150
354,SA03/D13_SA03_R03.txt,train,D13,0,12.0,956,2,0,2,0,0,0,0,,g00,pre50_post150
355,SA03/D13_SA03_R04.txt,train,D13,0,12.0,745,2,0,2,0,0,0,0,,g00,pre50_post150
356,SA03/D13_SA03_R05.txt,train,D13,0,12.0,752,2,0,2,0,0,0,0,,g00,pre50_post150
357,SA03/D14_SA03_R01.txt,train,D14,0,12.0,1545,2,0,2,0,0,0,0,,g00,pre50_post150
358,SA03/D14_SA03_R02.txt,train,D14,0,12.0,1131,2,0,2,0,0,0,0,,g00,pre50_post150
359,SA03/D14_SA03_R03.txt,train,D14,0,12.0,1706,2,0,2,0,0,0,0,,g00,pre50_post150
360,SA03/D14_SA03_R04.txt,train,D14,0,12.0,782,2,0,2,0,0,0,0,,g00,pre50_post150
361,SA03/D14_SA03_R05.txt,train,D14,0,12.0,993,2,0,2,0,0,0,0,,g00,pre50_post150
362,SA03/D15_SA03_R01.txt,train,D15,0,12.0,1347,2,0,2,0,0,0,0,,g00,pre50_post150
363,SA03/D15_SA03_R02.txt,train,D15,0,12.0,1648,2,0,2,0,0,0,0,,g00,pre50_post150
364,SA03/D15_SA03_R03.txt,train,D15,0,12.0,1451,3,0,3,0,0,0,0,,g00,pre50_post150
365,SA03/D15_SA03_R04.txt,train,D15,0,12.0,1298,3,0,3,0,0,0,0,,g00,pre50_post150
366,SA03/D15_SA03_R05.txt,train,D15,0,12.0,1291,3,0,3,0,0,0,0,,g00,pre50_post150
367,SA03/D16_SA03_R01.txt,train,D16,0,11.995,788,2,0,2,0,0,0,0,,g00,pre50_post150
368,SA03/D16_SA03_R02.txt,train,D16,0,12.0,868,1,0,1,0,0,0,0,,g00,pre50_post150
369,SA03/D16_SA03_R03.txt,train,D16,0,12.0,612,4,0,3,0,0,0,0,,g00,pre50_post150
370,SA03/D16_SA03_R04.txt,train,D16,0,12.0,1753,2,0,2,0,0,0,0,,g00,pre50_post150
371,SA03/D16_SA03_R05.txt,train,D16,0,12.0,1423,2,0,2,0,0,0,0,,g00,pre50_post150
372,SA03/D17_SA03_R01.txt,train,D17,0,24.995,752,6,0,6,0,0,0,0,,g00,pre50_post150
373,SA03/D17_SA03_R02.txt,train,D17,0,25.0,759,4,0,4,0,0,0,0,,g00,pre50_post150
374,SA03/D17_SA03_R03.txt,train,D17,0,25.0,997,6,0,6,0,0,0,0,,g00,pre50_post150
375,SA03/D17_SA03_R04.txt,train,D17,0,25.0,1367,5,0,5,0,0,0,0,,g00,pre50_post150
376,SA03/D17_SA03_R05.txt,train,D17,0,25.0,1311,5,0,4,0,0,0,0,,g00,pre50_post150
377,SA03/D18_SA03_R01.txt,train,D18,0,12.0,578,7,0,7,0,0,0,0,,g00,pre50_post150
378,SA03/D18_SA03_R02.txt,train,D18,0,12.0,779,7,0,6,0,0,0,0,,g00,pre50_post150
379,SA03/D18_SA03_R03.txt,train,D18,0,12.0,1250,7,0,7,0,0,0,0,,g00,pre50_post150
380,SA03/D18_SA03_R04.txt,train,D18,0,12.0,956,7,0,7,0,0,0,0,,g00,pre50_post150
381,SA03/D18_SA03_R05.txt,train,D18,0,12.0,1098,7,0,6,0,0,0,0,,g00,pre50_post150
382,SA03/D19_SA03_R01.txt,train,D19,0,12.0,928,3,0,3,0,1,0,1,,g00,pre50_post150
383,SA03/D19_SA03_R02.txt,train,D19,0,12.0,1103,3,0,3,0,2,0,2,,g00,pre50_post150
384,SA03/D19_SA03_R03.txt,train,D19,0,12.0,1083,2,0,2,0,1,0,1,,g00,pre50_post150
385,SA03/D19_SA03_R04.txt,train,D19,0,12.0,1097,3,0,3,0,2,0,2,,g00,pre50_post150
386,SA03/D19_SA03_R05.txt,train,D19,0,12.0,901,2,0,2,0,2,0,2,,g00,pre50_post150
387,SA03/F01_SA03_R01.txt,train,F01,1,14.995,2278,7,1,7,1,1,1,0,0.405,g00,pre50_post150
388,SA03/F01_SA03_R02.txt,train,F01,1,15.0,2127,7,1,6,1,1,1,0,0.555,g00,pre50_post150
389,SA03/F01_SA03_R03.txt,train,F01,1,15.0,1754,6,1,6,1,1,1,0,1.02,g00,pre50_post150
390,SA03/F01_SA03_R04.txt,train,F01,1,15.0,1887,6,1,5,1,1,1,0,0.395,g00,pre50_post150
391,SA03/F01_SA03_R05.txt,train,F01,1,15.0,1518,5,1,4,1,1,1,0,0.09,g00,pre50_post150
392,SA03/F02_SA03_R01.txt,train,F02,1,15.0,1429,4,1,4,1,0,0,0,,g00,pre50_post150
393,SA03/F02_SA03_R02.txt,train,F02,1,15.0,1307,4,1,4,1,0,0,0,,g00,pre50_post150
394,SA03/F02_SA03_R03.txt,train,F02,1,15.0,1558,5,1,5,1,0,0,0,,g00,pre50_post150
395,SA03/F02_SA03_R04.txt,train,F02,1,15.0,1383,5,1,5,1,1,1,0,1.035,g00,pre50_post150
396,SA03/F02_SA03_R05.txt,train,F02,1,15.0,1420,5,1,5,1,1,1,0,1.055,g00,pre50_post150
397,SA03/F03_SA03_R01.txt,train,F03,1,15.0,1429,5,1,5,1,0,0,0,,g00,pre50_post150
398,SA03/F03_SA03_R02.txt,train,F03,1,15.0,1624,6,1,6,1,0,0,0,,g00,pre50_post150
399,SA03/F03_SA03_R03.txt,train,F03,1,15.0,1493,4,0,4,0,0,0,0,,g00,pre50_post150
400,SA03/F03_SA03_R04.txt,train,F03,1,15.0,1448,4,1,4,1,0,0,0,,g00,pre50_post150
401,SA03/F03_SA03_R05.txt,train,F03,1,15.0,1667,5,1,5,1,0,0,0,,g00,pre50_post150
402,SA03/F04_SA03_R01.txt,train,F04,1,15.0,2302,8,1,8,1,1,1,0,1.065,g00,pre50_post150
403,SA03/F04_SA03_R02.txt,train,F04,1,15.0,2351,7,1,7,1,1,1,0,0.07,g00,pre50_post150
404,SA03/F04_SA03_R03.txt,train,F04,1,15.0,2173,7,1,7,1,1,1,0,0.79,g00,pre50_post150
405,SA03/F04_SA03_R04.txt,train,F04,1,15.0,2233,7,1,7,1,1,1,0,0.675,g00,pre50_post150
406,SA03/F04_SA03_R05.txt,train,F04,1,15.0,2023,6,1,6,1,0,0,0,,g00,pre50_post150
407,SA03/F05_SA03_R01.txt,train,F05,1,15.0,1390,5,1,5,1,1,1,0,0.095,g00,pre50_post150
408,SA03/F05_SA03_R02.txt,train,F05,1,15.0,1423,5,1,4,1,0,0,0,,g00,pre50_post150
409,SA03/F05_SA03_R03.txt,train,F05,1,15.0,1401,5,1,5,1,1,1,0,1.135,g00,pre50_post150
410,SA03/F05_SA03_R04.txt,train,F05,1,15.0,1478,5,1,5,1,0,0,0,,g00,pre50_post150
411,SA03/F05_SA03_R05.txt,train,F05,1,15.0,1294,5,1,5,1,1,1,0,0.335,g00,pre50_post150
412,SA03/F06_SA03_R01.txt,train,F06,1,14.995,2135,7,1,7,1,0,0,0,,g00,pre50_post150
413,SA03/F06_SA03_R02.txt,train,F06,1,15.0,2095,7,1,7,1,1,1,0,0.7,g00,pre50_post150
414,SA03/F06_SA03_R03.txt,train,F06,1,15.0,1993,7,1,6,1,1,1,0,1.08,g00,pre50_post150
415,SA03/F06_SA03_R04.txt,train,F06,1,15.0,1977,6,1,6,1,0,0,0,,g00,pre50_post150
416,SA03/F06_SA03_R05.txt,train,F06,1,15.0,1985,6,1,6,1,0,0,0,,g00,pre50_post150
417,SA03/F07_SA03_R01.txt,train,F07,1,15.0,1965,6,1,6,1,1,1,0,0.69,g00,pre50_post150
418,SA03/F07_SA03_R02.txt,train,F07,1,15.0,1758,6,1,6,1,1,1,0,0.96,g00,pre50_post150
419,SA03/F07_SA03_R03.txt,train,F07,1,15.0,1838,6,1,6,1,1,1,0,0.66,g00,pre50_post150
420,SA03/F07_SA03_R04.txt,train,F07,1,15.0,1849,6,1,5,1,1,1,0,0.335,g00,pre50_post150
421,SA03/F07_SA03_R05.txt,train,F07,1,15.0,1202,5,1,4,1,0,0,0,,g00,pre50_post150
422,SA03/F08_SA03_R01.txt,train,F08,1,14.995,1601,2,1,2,1,1,1,0,0.745,g00,pre50_post150
423,SA03/F08_SA03_R02.txt,train,F08,1,15.0,1220,2,1,2,1,0,0,0,,g00,pre50_post150
424,SA03/F08_SA03_R03.txt,train,F08,1,15.0,1232,2,1,2,1,0,0,0,,g00,pre50_post150
425,SA03/F08_SA03_R04.txt,train,F08,1,15.0,1294,2,1,2,1,0,0,0,,g00,pre50_post150
426,SA03/F08_SA03_R05.txt,train,F08,1,15.0,1438,1,1,1,1,0,0,0,,g00,pre50_post150
427,SA03/F09_SA03_R01.txt,train,F09,1,14.995,1073,4,1,3,1,1,1,0,0.69,g00,pre50_post150
428,SA03/F09_SA03_R02.txt,train,F09,1,15.0,1180,2,1,2,1,1,1,0,0.735,g00,pre50_post150
429,SA03/F09_SA03_R03.txt,train,F09,1,15.0,1266,2,1,2,1,1,1,0,0.71,g00,pre50_post150
430,SA03/F09_SA03_R04.txt,train,F09,1,15.0,831,2,1,2,1,1,1,0,1.175,g00,pre50_post150
431,SA03/F09_SA03_R05.txt,train,F09,1,15.0,1121,2,1,2,1,1,1,0,0.715,g00,pre50_post150
432,SA03/F10_SA03_R01.txt,train,F10,1,15.0,1090,3,1,2,1,0,0,0,,g00,pre50_post150
433,SA03/F10_SA03_R02.txt,train,F10,1,15.0,1749,3,1,3,1,0,0,0,,g00,pre50_post150
434,SA03/F10_SA03_R03.txt,train,F10,1,15.0,1388,2,1,2,1,0,0,0,,g00,pre50_post150
435,SA03/F10_SA03_R04.txt,train,F10,1,15.0,1968,3,1,3,1,0,0,0,,g00,pre50_post150
436,SA03/F10_SA03_R05.txt,train,F10,1,15.0,1653,2,1,2,1,0,0,0,,g00,pre50_post150
437,SA03/F11_SA03_R01.txt,train,F11,1,14.995,1099,1,1,1,1,1,1,0,0.675,g00,pre50_post150
438,SA03/F11_SA03_R02.txt,train,F11,1,15.0,1242,1,1,1,1,0,0,0,,g00,pre50_post150
439,SA03/F11_SA03_R03.txt,train,F11,1,15.0,1382,1,1,1,1,0,0,0,,g00,pre50_post150
440,SA03/F11_SA03_R04.txt,train,F11,1,15.0,1338,1,1,1,1,1,1,0,0.305,g00,pre50_post150
441,SA03/F11_SA03_R05.txt,train,F11,1,15.0,1031,2,1,2,1,0,0,0,,g00,pre50_post150
442,SA03/F12_SA03_R01.txt,train,F12,1,15.0,1075,2,1,2,1,1,1,0,0.715,g00,pre50_post150
443,SA03/F12_SA03_R02.txt,train,F12,1,15.0,1521,1,1,1,1,0,0,0,,g00,pre50_post150
444,SA03/F12_SA03_R03.txt,train,F12,1,15.0,1383,3,1,3,1,1,1,0,0.695,g00,pre50_post150
445,SA03/F12_SA03_R04.txt,train,F12,1,15.0,1073,2,1,2,1,1,1,0,0.09,g00,pre50_post150
446,SA03/F12_SA03_R05.txt,train,F12,1,15.0,1090,2,1,2,1,0,0,0,,g00,pre50_post150
447,SA03/F13_SA03_R01.txt,train,F13,1,15.0,1995,2,1,2,1,1,1,0,0.58,g00,pre50_post150
448,SA03/F13_SA03_R02.txt,train,F13,1,15.0,1102,1,1,1,1,1,1,0,0.38,g00,pre50_post150
449,SA03/F13_SA03_R03.txt,train,F13,1,15.0,1389,1,1,1,1,1,1,0,0.285,g00,pre50_post150
450,SA03/F13_SA03_R04.txt,train,F13,1,15.0,1084,1,1,1,1,1,1,0,0.305,g00,pre50_post150
451,SA03/F13_SA03_R05.txt,train,F13,1,15.0,1215,1,1,1,1,1,1,0,0.225,g00,pre50_post150
452,SA03/F14_SA03_R01.txt,train,F14,1,15.0,1129,1,1,1,1,0,0,0,,g00,pre50_post150
453,SA03/F14_SA03_R02.txt,train,F14,1,15.0,1148,1,1,1,1,0,0,0,,g00,pre50_post150
454,SA03/F14_SA03_R03.txt,train,F14,1,15.0,1051,3,1,2,1,1,1,0,0.725,g00,pre50_post150
455,SA03/F14_SA03_R04.txt,train,F14,1,15.0,1092,3,1,2,1,1,1,0,0.725,g00,pre50_post150
456,SA03/F14_SA03_R05.txt,train,F14,1,15.0,971,3,1,2,1,0,0,0,,g00,pre50_post150
457,SA03/F15_SA03_R01.txt,train,F15,1,15.0,844,1,1,1,1,1,1,0,0.705,g00,pre50_post150
458,SA03/F15_SA03_R02.txt,train,F15,1,15.0,1131,1,1,1,1,1,1,0,0.64,g00,pre50_post150
459,SA03/F15_SA03_R03.txt,train,F15,1,15.0,1750,2,1,2,1,1,1,0,0.555,g00,pre50_post150
460,SA03/F15_SA03_R04.txt,train,F15,1,15.0,1264,3,1,2,1,1,1,0,0.715,g00,pre50_post150
461,SA03/F15_SA03_R05.txt,train,F15,1,15.0,1387,1,1,1,1,0,0,0,,g00,pre50_post150
462,SA04/D01_SA04_R01.txt,train,D01,0,99.995,16338,54,0,54,0,0,0,0,,g00,pre50_post150
463,SA04/D02_SA04_R01.txt,train,D02,0,100.0,5717,62,0,61,0,0,0,0,,g00,pre50_post150
464,SA04/D03_SA04_R01.txt,train,D03,0,100.0,18016,64,0,63,0,0,0,0,,g00,pre50_post150
465,SA04/D04_SA04_R01.txt,train,D04,0,100.0,19090,62,0,62,0,4,0,4,,g00,pre50_post150
466,SA04/D05_SA04_R01.txt,train,D05,0,25.0,3575,10,0,10,0,0,0,0,,g00,pre50_post150
467,SA04/D05_SA04_R02.txt,train,D05,0,25.0,1032,11,0,11,0,0,0,0,,g00,pre50_post150
468,SA04/D05_SA04_R03.txt,train,D05,0,25.0,2284,11,0,11,0,0,0,0,,g00,pre50_post150
469,SA04/D05_SA04_R04.txt,train,D05,0,25.0,3555,11,0,11,0,0,0,0,,g00,pre50_post150
470,SA04/D05_SA04_R05.txt,train,D05,0,25.0,4112,12,0,12,0,0,0,0,,g00,pre50_post150
471,SA04/D06_SA04_R01.txt,train,D06,0,24.995,1965,7,0,7,0,0,0,0,,g00,pre50_post150
472,SA04/D06_SA04_R02.txt,train,D06,0,25.0,2106,8,0,8,0,0,0,0,,g00,pre50_post150
473,SA04/D06_SA04_R03.txt,train,D06,0,25.0,1199,5,0,5,0,0,0,0,,g00,pre50_post150
474,SA04/D06_SA04_R04.txt,train,D06,0,25.0,1285,6,0,6,0,0,0,0,,g00,pre50_post150
475,SA04/D06_SA04_R05.txt,train,D06,0,25.0,515,6,0,6,0,0,0,0,,g00,pre50_post150
476,SA04/D07_SA04_R01.txt,train,D07,0,12.0,599,2,0,2,0,0,0,0,,g00,pre50_post150
477,SA04/D07_SA04_R02.txt,train,D07,0,12.0,871,3,0,3,0,0,0,0,,g00,pre50_post150
478,SA04/D07_SA04_R03.txt,train,D07,0,12.0,599,2,0,2,0,0,0,0,,g00,pre50_post150
479,SA04/D07_SA04_R04.txt,train,D07,0,12.0,1445,4,0,4,0,0,0,0,,g00,pre50_post150
480,SA04/D07_SA04_R05.txt,train,D07,0,12.0,761,2,0,2,0,0,0,0,,g00,pre50_post150
481,SA04/D08_SA04_R01.txt,train,D08,0,12.0,681,2,0,2,0,0,0,0,,g00,pre50_post150
482,SA04/D08_SA04_R02.txt,train,D08,0,12.0,493,2,0,2,0,0,0,0,,g00,pre50_post150
483,SA04/D08_SA04_R03.txt,train,D08,0,12.0,651,2,0,2,0,0,0,0,,g00,pre50_post150
484,SA04/D08_SA04_R04.txt,train,D08,0,12.0,1159,2,0,2,0,0,0,0,,g00,pre50_post150
485,SA04/D08_SA04_R05.txt,train,D08,0,12.0,742,2,0,2,0,0,0,0,,g00,pre50_post150
486,SA04/D09_SA04_R01.txt,train,D09,0,12.0,1345,3,0,3,0,0,0,0,,g00,pre50_post150
487,SA04/D09_SA04_R02.txt,train,D09,0,12.0,958,3,0,3,0,0,0,0,,g00,pre50_post150
488,SA04/D09_SA04_R03.txt,train,D09,0,12.0,1035,2,0,2,0,0,0,0,,g00,pre50_post150
489,SA04/D09_SA04_R04.txt,train,D09,0,12.0,1665,2,0,2,0,0,0,0,,g00,pre50_post150
490,SA04/D09_SA04_R05.txt,train,D09,0,12.0,597,3,0,3,0,0,0,0,,g00,pre50_post150
491,SA04/D10_SA04_R01.txt,train,D10,0,12.0,641,3,0,3,0,0,0,0,,g00,pre50_post150
492,SA04/D10_SA04_R02.txt,train,D10,0,12.0,916,3,0,3,0,0,0,0,,g00,pre50_post150
493,SA04/D10_SA04_R03.txt,train,D10,0,12.0,916,2,0,2,0,0,0,0,,g00,pre50_post150
494,SA04/D10_SA04_R04.txt,train,D10,0,12.0,857,2,0,2,0,0,0,0,,g00,pre50_post150
495,SA04/D10_SA04_R05.txt,train,D10,0,12.0,613,2,0,2,0,0,0,0,,g00,pre50_post150
496,SA04/D11_SA04_R01.txt,train,D11,0,12.0,944,2,0,2,0,0,0,0,,g00,pre50_post150
497,SA04/D11_SA04_R02.txt,train,D11,0,12.0,1087,1,0,1,0,0,0,0,,g00,pre50_post150
498,SA04/D11_SA04_R03.txt,train,D11,0,12.0,967,1,0,1,0,0,0,0,,g00,pre50_post150
499,SA04/D11_SA04_R04.txt,train,D11,0,12.0,1142,1,0,1,0,0,0,0,,g00,pre50_post150
500,SA04/D11_SA04_R05.txt,train,D11,0,12.0,746,1,0,1,0,0,0,0,,g00,pre50_post150
501,SA04/D12_SA04_R01.txt,train,D12,0,12.0,835,2,0,2,0,0,0,0,,g00,pre50_post150
502,SA04/D12_SA04_R02.txt,train,D12,0,12.0,1768,3,0,3,0,0,0,0,,g00,pre50_post150
503,SA04/D12_SA04_R03.txt,train,D12,0,12.0,1594,2,0,2,0,0,0,0,,g00,pre50_post150
504,SA04/D12_SA04_R04.txt,train,D12,0,12.0,1951,0,0,0,0,0,0,0,,g00,pre50_post150
505,SA04/D12_SA04_R05.txt,train,D12,0,12.0,1981,1,0,1,0,0,0,0,,g00,pre50_post150
506,SA04/D13_SA04_R01.txt,train,D13,0,12.0,542,2,0,2,0,0,0,0,,g00,pre50_post150
507,SA04/D13_SA04_R02.txt,train,D13,0,12.0,1393,2,0,2,0,0,0,0,,g00,pre50_post150
508,SA04/D13_SA04_R03.txt,train,D13,0,12.0,842,1,0,1,0,0,0,0,,g00,pre50_post150
509,SA04/D13_SA04_R04.txt,train,D13,0,12.0,720,2,0,2,0,0,0,0,,g00,pre50_post150
510,SA04/D13_SA04_R05.txt,train,D13,0,12.0,830,2,0,2,0,0,0,0,,g00,pre50_post150
511,SA04/D14_SA04_R01.txt,train,D14,0,12.0,756,1,0,1,0,0,0,0,,g00,pre50_post150
512,SA04/D14_SA04_R02.txt,train,D14,0,12.0,1019,1,0,1,0,0,0,0,,g00,pre50_post150
513,SA04/D14_SA04_R03.txt,train,D14,0,12.0,1120,1,0,1,0,0,0,0,,g00,pre50_post150
514,SA04/D14_SA04_R04.txt,train,D14,0,12.0,701,2,0,2,0,0,0,0,,g00,pre50_post150
515,SA04/D14_SA04_R05.txt,train,D14,0,12.0,1035,1,0,1,0,0,0,0,,g00,pre50_post150
516,SA04/D15_SA04_R01.txt,train,D15,0,12.0,732,2,0,2,0,0,0,0,,g00,pre50_post150
517,SA04/D15_SA04_R02.txt,train,D15,0,12.0,1555,3,0,3,0,0,0,0,,g00,pre50_post150
518,SA04/D15_SA04_R03.txt,train,D15,0,12.0,1180,2,0,2,0,0,0,0,,g00,pre50_post150
519,SA04/D15_SA04_R04.txt,train,D15,0,12.0,1459,2,0,2,0,0,0,0,,g00,pre50_post150
520,SA04/D15_SA04_R05.txt,train,D15,0,12.0,678,3,0,3,0,0,0,0,,g00,pre50_post150
521,SA04/D16_SA04_R01.txt,train,D16,0,11.995,1004,2,0,2,0,0,0,0,,g00,pre50_post150
522,SA04/D16_SA04_R02.txt,train,D16,0,12.0,1667,4,0,3,0,0,0,0,,g00,pre50_post150
523,SA04/D16_SA04_R03.txt,train,D16,0,12.0,1437,2,0,2,0,0,0,0,,g00,pre50_post150
524,SA04/D16_SA04_R04.txt,train,D16,0,12.0,1101,2,0,2,0,0,0,0,,g00,pre50_post150
525,SA04/D16_SA04_R05.txt,train,D16,0,12.0,1194,2,0,2,0,0,0,0,,g00,pre50_post150
526,SA04/D17_SA04_R01.txt,train,D17,0,24.995,1163,3,0,3,0,0,0,0,,g00,pre50_post150
527,SA04/D17_SA04_R02.txt,train,D17,0,25.0,4214,4,0,4,0,0,0,0,,g00,pre50_post150
528,SA04/D17_SA04_R03.txt,train,D17,0,25.0,2186,4,0,4,0,0,0,0,,g00,pre50_post150
529,SA04/D17_SA04_R04.txt,train,D17,0,25.0,4175,3,0,3,0,0,0,0,,g00,pre50_post150
530,SA04/D17_SA04_R05.txt,train,D17,0,25.0,3779,3,0,3,0,0,0,0,,g00,pre50_post150
531,SA04/D18_SA04_R01.txt,train,D18,0,12.0,772,7,0,6,0,0,0,0,,g00,pre50_post150
532,SA04/D18_SA04_R02.txt,train,D18,0,12.0,1125,7,0,6,0,0,0,0,,g00,pre50_post150
533,SA04/D18_SA04_R03.txt,train,D18,0,12.0,1195,7,0,6,0,0,0,0,,g00,pre50_post150
534,SA04/D18_SA04_R04.txt,train,D18,0,12.0,1341,6,0,6,0,0,0,0,,g00,pre50_post150
535,SA04/D18_SA04_R05.txt,train,D18,0,12.0,1098,6,0,6,0,0,0,0,,g00,pre50_post150
536,SA04/D19_SA04_R01.txt,train,D19,0,12.0,1493,3,0,3,0,0,0,0,,g00,pre50_post150
537,SA04/D19_SA04_R02.txt,train,D19,0,12.0,726,4,0,4,0,0,0,0,,g00,pre50_post150
538,SA04/D19_SA04_R03.txt,train,D19,0,12.0,1346,2,0,2,0,0,0,0,,g00,pre50_post150
539,SA04/D19_SA04_R04.txt,train,D19,0,12.0,793,2,0,2,0,0,0,0,,g00,pre50_post150
540,SA04/D19_SA04_R05.txt,train,D19,0,12.0,1701,2,0,2,0,0,0,0,,g00,pre50_post150
541,SA04/F01_SA04_R01.txt,train,F01,1,14.995,2203,6,1,6,1,1,1,0,0.425,g00,pre50_post150
542,SA04/F01_SA04_R02.txt,train,F01,1,15.0,1996,7,1,7,1,1,1,0,0.575,g00,pre50_post150
543,SA04/F01_SA04_R03.txt,train,F01,1,15.0,1913,6,1,6,1,1,1,0,0.625,g00,pre50_post150
544,SA04/F01_SA04_R04.txt,train,F01,1,15.0,1919,6,1,6,1,1,1,0,1.02,g00,pre50_post150
545,SA04/F01_SA04_R05.txt,train,F01,1,15.0,1991,6,1,6,1,1,1,0,0.57,g00,pre50_post150
546,SA04/F02_SA04_R01.txt,train,F02,1,15.0,1401,4,1,4,1,1,1,0,0.735,g00,pre50_post150
547,SA04/F02_SA04_R02.txt,train,F02,1,15.0,1637,5,1,5,1,0,0,0,,g00,pre50_post150
548,SA04/F02_SA04_R03.txt,train,F02,1,15.0,1536,5,1,5,1,1,1,0,0.97,g00,pre50_post150
549,SA04/F02_SA04_R04.txt,train,F02,1,15.0,1238,4,1,4,1,1,1,0,0.95,g00,pre50_post150
550,SA04/F02_SA04_R05.txt,train,F02,1,15.0,1516,5,1,5,1,1,1,0,0.435,g00,pre50_post150
551,SA04/F03_SA04_R01.txt,train,F03,1,15.0,1363,5,1,5,1,1,1,0,0.495,g00,pre50_post150
552,SA04/F03_SA04_R02.txt,train,F03,1,15.0,1181,4,1,4,1,0,0,0,,g00,pre50_post150
553,SA04/F03_SA04_R03.txt,train,F03,1,15.0,1410,4,1,4,1,1,1,0,0.755,g00,pre50_post150
554,SA04/F03_SA04_R04.txt,train,F03,1,15.0,1520,5,1,5,1,1,1,0,1.025,g00,pre50_post150
555,SA04/F03_SA04_R05.txt,train,F03,1,15.0,1473,5,1,5,1,0,0,0,,g00,pre50_post150
556,SA04/F04_SA04_R01.txt,train,F04,1,15.0,1886,5,1,5,1,1,1,0,0.075,g00,pre50_post150
557,SA04/F04_SA04_R02.txt,train,F04,1,15.0,1820,5,1,5,1,1,1,0,0.705,g00,pre50_post150
558,SA04/F04_SA04_R03.txt,train,F04,1,15.0,1952,6,1,6,1,1,1,0,0.72,g00,pre50_post150
559,SA04/F04_SA04_R04.txt,train,F04,1,15.0,1853,5,1,5,1,1,1,0,-0.035,g00,pre50_post150
560,SA04/F04_SA04_R05.txt,train,F04,1,15.0,1893,6,1,6,1,1,1,0,1.04,g00,pre50_post150
561,SA04/F05_SA04_R01.txt,train,F05,1,15.0,1197,4,1,4,1,1,1,0,0.165,g00,pre50_post150
562,SA04/F05_SA04_R02.txt,train,F05,1,15.0,1141,4,1,4,1,1,1,0,1.035,g00,pre50_post150
563,SA04/F05_SA04_R03.txt,train,F05,1,15.0,1196,4,1,4,1,1,1,0,1.01,g00,pre50_post150
564,SA04/F05_SA04_R04.txt,train,F05,1,15.0,975,3,1,3,1,1,1,0,0.48,g00,pre50_post150
565,SA04/F05_SA04_R05.txt,train,F05,1,15.0,1093,4,1,4,1,1,1,0,-0.2,g00,pre50_post150
566,SA04/F06_SA04_R01.txt,train,F06,1,14.995,1719,6,1,5,1,1,1,0,1.155,g00,pre50_post150
567,SA04/F06_SA04_R02.txt,train,F06,1,15.0,1879,6,1,6,1,1,1,0,1.015,g00,pre50_post150
568,SA04/F06_SA04_R03.txt,train,F06,1,15.0,1995,6,1,6,1,1,1,0,0.75,g00,pre50_post150
569,SA04/F06_SA04_R04.txt,train,F06,1,15.0,1902,6,1,6,1,1,1,0,0.935,g00,pre50_post150
570,SA04/F06_SA04_R05.txt,train,F06,1,15.0,1931,6,1,6,1,0,0,0,,g00,pre50_post150
571,SA04/F07_SA04_R01.txt,train,F07,1,15.0,1583,5,1,5,1,0,0,0,,g00,pre50_post150
572,SA04/F07_SA04_R02.txt,train,F07,1,14.995,1413,4,1,4,1,2,1,1,0.725,g00,pre50_post150
573,SA04/F07_SA04_R03.txt,train,F07,1,15.0,1338,5,1,4,1,1,1,0,0.69,g00,pre50_post150
574,SA04/F07_SA04_R04.txt,train,F07,1,15.0,1170,4,1,4,1,0,0,0,,g00,pre50_post150
575,SA04/F07_SA04_R05.txt,train,F07,1,15.0,1603,5,1,5,1,2,1,1,0.74,g00,pre50_post150
576,SA04/F08_SA04_R01.txt,train,F08,1,15.0,987,2,1,2,1,1,1,0,1.035,g00,pre50_post150
577,SA04/F08_SA04_R02.txt,train,F08,1,15.0,933,2,1,2,1,1,1,0,1.1,g00,pre50_post150
578,SA04/F08_SA04_R03.txt,train,F08,1,15.0,988,2,1,2,1,1,1,0,1.47,g00,pre50_post150
579,SA04/F08_SA04_R04.txt,train,F08,1,15.0,820,2,1,2,1,1,1,0,1.145,g00,pre50_post150
580,SA04/F08_SA04_R05.txt,train,F08,1,15.0,720,2,1,2,1,0,0,0,,g00,pre50_post150
581,SA04/F09_SA04_R01.txt,train,F09,1,15.0,929,2,1,2,1,1,1,0,0.94,g00,pre50_post150
582,SA04/F09_SA04_R02.txt,train,F09,1,15.0,1729,2,1,2,1,1,1,0,0.945,g00,pre50_post150
583,SA04/F09_SA04_R03.txt,train,F09,1,15.0,1331,2,1,2,1,1,1,0,1.12,g00,pre50_post150
584,SA04/F09_SA04_R04.txt,train,F09,1,15.0,1507,2,1,2,1,0,0,0,,g00,pre50_post150
585,SA04/F09_SA04_R05.txt,train,F09,1,15.0,1549,2,1,2,1,1,1,0,0.95,g00,pre50_post150
586,SA04/F10_SA04_R01.txt,train,F10,1,15.0,1152,2,1,2,1,1,1,0,1.115,g00,pre50_post150
587,SA04/F10_SA04_R02.txt,train,F10,1,15.0,1550,2,1,2,1,1,1,0,0.75,g00,pre50_post150
588,SA04/F10_SA04_R03.txt,train,F10,1,15.0,1699,2,1,2,1,1,1,0,0.69,g00,pre50_post150
589,SA04/F10_SA04_R04.txt,train,F10,1,15.0,1961,2,1,2,1,1,1,0,0.425,g00,pre50_post150
590,SA04/F10_SA04_R05.txt,train,F10,1,15.0,1865,2,1,2,1,1,1,0,0.43,g00,pre50_post150
591,SA04/F11_SA04_R01.txt,train,F11,1,14.995,1185,1,1,1,1,1,1,0,0.695,g00,pre50_post150
592,SA04/F11_SA04_R02.txt,train,F11,1,15.0,996,1,1,1,1,1,1,0,0.72,g00,pre50_post150
593,SA04/F11_SA04_R03.txt,train,F11,1,15.0,1148,2,1,2,1,0,0,0,,g00,pre50_post150
594,SA04/F11_SA04_R04.txt,train,F11,1,15.0,992,2,1,2,1,1,1,0,0.945,g00,pre50_post150
595,SA04/F11_SA04_R05.txt,train,F11,1,15.0,927,2,1,2,1,1,1,0,0.55,g00,pre50_post150
596,SA04/F12_SA04_R01.txt,train,F12,1,15.0,931,2,1,2,1,1,1,0,0.74,g00,pre50_post150
597,SA04/F12_SA04_R02.txt,train,F12,1,15.0,904,2,1,2,1,1,1,0,1.135,g00,pre50_post150
598,SA04/F12_SA04_R03.txt,train,F12,1,15.0,928,1,1,1,1,1,1,0,0.665,g00,pre50_post150
599,SA04/F12_SA04_R04.txt,train,F12,1,15.0,975,2,1,2,1,0,0,0,,g00,pre50_post150
600,SA04/F12_SA04_R05.txt,train,F12,1,15.0,939,2,1,2,1,1,1,0,1.14,g00,pre50_post150
601,SA04/F13_SA04_R01.txt,train,F13,1,15.0,1190,1,1,1,1,1,1,0,0.2,g00,pre50_post150
602,SA04/F13_SA04_R02.txt,train,F13,1,15.0,1101,2,1,2,1,1,1,0,1.01,g00,pre50_post150
603,SA04/F13_SA04_R03.txt,train,F13,1,15.0,1047,4,1,4,1,0,0,0,,g00,pre50_post150
604,SA04/F13_SA04_R04.txt,train,F13,1,15.0,907,2,1,2,1,0,0,0,,g00,pre50_post150
605,SA04/F13_SA04_R05.txt,train,F13,1,15.0,930,2,1,2,1,0,0,0,,g00,pre50_post150
606,SA04/F14_SA04_R01.txt,train,F14,1,15.0,661,1,1,1,1,1,1,0,0.72,g00,pre50_post150
607,SA04/F14_SA04_R02.txt,train,F14,1,15.0,870,1,1,1,1,1,1,0,0.75,g00,pre50_post150
608,SA04/F14_SA04_R03.txt,train,F14,1,15.0,577,1,1,1,1,1,1,0,0.685,g00,pre50_post150
609,SA04/F14_SA04_R04.txt,train,F14,1,15.0,714,1,1,1,1,1,1,0,0.73,g00,pre50_post150
610,SA04/F14_SA04_R05.txt,train,F14,1,15.0,994,1,1,1,1,1,1,0,0.745,g00,pre50_post150
611,SA04/F15_SA04_R01.txt,train,F15,1,15.0,663,2,1,2,1,1,1,0,0.645,g00,pre50_post150
612,SA04/F15_SA04_R02.txt,train,F15,1,15.0,1174,1,1,1,1,1,1,0,0.68,g00,pre50_post150
613,SA04/F15_SA04_R03.txt,train,F15,1,15.0,1048,1,1,1,1,1,1,0,0.14,g00,pre50_post150
614,SA04/F15_SA04_R04.txt,train,F15,1,15.0,1153,1,1,1,1,1,1,0,0.145,g00,pre50_post150
615,SA04/F15_SA04_R05.txt,train,F15,1,15.0,922,1,1,1,1,1,1,0,0.71,g00,pre50_post150
924,SA07/D01_SA07_R01.txt,train,D01,0,99.995,6091,56,0,55,0,0,0,0,,g00,pre50_post150
925,SA07/D02_SA07_R01.txt,train,D02,0,100.0,3863,57,0,55,0,0,0,0,,g00,pre50_post150
926,SA07/D03_SA07_R01.txt,train,D03,0,100.0,11197,62,0,60,0,0,0,0,,g00,pre50_post150
927,SA07/D04_SA07_R01.txt,train,D04,0,99.995,13327,62,0,60,0,40,0,40,,g00,pre50_post150
928,SA07/D05_SA07_R01.txt,train,D05,0,25.0,3281,10,0,10,0,0,0,0,,g00,pre50_post150
929,SA07/D05_SA07_R02.txt,train,D05,0,25.0,4669,12,0,12,0,0,0,0,,g00,pre50_post150
930,SA07/D05_SA07_R03.txt,train,D05,0,24.995,3047,10,0,10,0,0,0,0,,g00,pre50_post150
931,SA07/D05_SA07_R04.txt,train,D05,0,25.0,3430,12,0,12,0,0,0,0,,g00,pre50_post150
932,SA07/D05_SA07_R05.txt,train,D05,0,24.995,1609,10,0,10,0,0,0,0,,g00,pre50_post150
933,SA07/D06_SA07_R01.txt,train,D06,0,25.0,2667,7,0,7,0,0,0,0,,g00,pre50_post150
934,SA07/D06_SA07_R02.txt,train,D06,0,25.0,2965,6,0,6,0,0,0,0,,g00,pre50_post150
935,SA07/D06_SA07_R03.txt,train,D06,0,25.0,2713,8,0,8,0,0,0,0,,g00,pre50_post150
936,SA07/D06_SA07_R04.txt,train,D06,0,25.0,3240,7,0,7,0,0,0,0,,g00,pre50_post150
937,SA07/D06_SA07_R05.txt,train,D06,0,25.0,3077,6,0,6,0,0,0,0,,g00,pre50_post150
938,SA07/D07_SA07_R01.txt,train,D07,0,12.0,1539,2,0,2,0,0,0,0,,g00,pre50_post150
939,SA07/D07_SA07_R02.txt,train,D07,0,12.0,1366,2,0,2,0,0,0,0,,g00,pre50_post150
940,SA07/D07_SA07_R03.txt,train,D07,0,12.0,1823,2,0,2,0,0,0,0,,g00,pre50_post150
941,SA07/D07_SA07_R04.txt,train,D07,0,12.0,1603,2,0,2,0,0,0,0,,g00,pre50_post150
942,SA07/D07_SA07_R05.txt,train,D07,0,12.0,971,2,0,2,0,0,0,0,,g00,pre50_post150
943,SA07/D08_SA07_R01.txt,train,D08,0,12.0,714,2,0,2,0,0,0,0,,g00,pre50_post150
944,SA07/D08_SA07_R02.txt,train,D08,0,12.0,828,2,0,2,0,0,0,0,,g00,pre50_post150
945,SA07/D08_SA07_R03.txt,train,D08,0,12.0,591,2,0,2,0,0,0,0,,g00,pre50_post150
946,SA07/D08_SA07_R04.txt,train,D08,0,12.0,552,2,0,2,0,0,0,0,,g00,pre50_post150
947,SA07/D08_SA07_R05.txt,train,D08,0,12.0,540,2,0,2,0,0,0,0,,g00,pre50_post150
948,SA07/D09_SA07_R01.txt,train,D09,0,12.0,1549,2,0,2,0,0,0,0,,g00,pre50_post150
949,SA07/D09_SA07_R02.txt,train,D09,0,12.0,809,2,0,2,0,0,0,0,,g00,pre50_post150
950,SA07/D09_SA07_R03.txt,train,D09,0,12.0,1668,2,0,2,0,0,0,0,,g00,pre50_post150
951,SA07/D09_SA07_R04.txt,train,D09,0,12.0,1846,2,0,2,0,0,0,0,,g00,pre50_post150
952,SA07/D09_SA07_R05.txt,train,D09,0,12.0,1449,2,0,2,0,0,0,0,,g00,pre50_post150
953,SA07/D10_SA07_R01.txt,train,D10,0,12.0,700,2,0,2,0,0,0,0,,g00,pre50_post150
954,SA07/D10_SA07_R02.txt,train,D10,0,12.0,622,2,0,2,0,0,0,0,,g00,pre50_post150
955,SA07/D10_SA07_R03.txt,train,D10,0,12.0,514,2,0,2,0,0,0,0,,g00,pre50_post150
956,SA07/D10_SA07_R04.txt,train,D10,0,12.0,489,2,0,2,0,0,0,0,,g00,pre50_post150
957,SA07/D10_SA07_R05.txt,train,D10,0,12.0,548,2,0,2,0,0,0,0,,g00,pre50_post150
958,SA07/D11_SA07_R01.txt,train,D11,0,11.995,1138,1,0,1,0,0,0,0,,g00,pre50_post150
959,SA07/D11_SA07_R02.txt,train,D11,0,12.0,1013,1,0,1,0,0,0,0,,g00,pre50_post150
960,SA07/D11_SA07_R03.txt,train,D11,0,12.0,1246,1,0,1,0,0,0,0,,g00,pre50_post150
961,SA07/D11_SA07_R04.txt,train,D11,0,12.0,1338,1,0,1,0,0,0,0,,g00,pre50_post150
962,SA07/D11_SA07_R05.txt,train,D11,0,12.0,1721,1,0,1,0,0,0,0,,g00,pre50_post150
963,SA07/D12_SA07_R01.txt,train,D12,0,12.0,1518,0,0,0,0,0,0,0,,g00,pre50_post150
964,SA07/D12_SA07_R02.txt,train,D12,0,12.0,1567,0,0,0,0,0,0,0,,g00,pre50_post150
965,SA07/D12_SA07_R03.txt,train,D12,0,12.0,909,0,0,0,0,0,0,0,,g00,pre50_post150
966,SA07/D12_SA07_R04.txt,train,D12,0,12.0,1465,0,0,0,0,0,0,0,,g00,pre50_post150
967,SA07/D12_SA07_R05.txt,train,D12,0,12.0,1127,0,0,0,0,0,0,0,,g00,pre50_post150
968,SA07/D13_SA07_R01.txt,train,D13,0,12.0,737,1,0,1,0,0,0,0,,g00,pre50_post150
969,SA07/D13_SA07_R02.txt,train,D13,0,12.0,900,2,0,2,0,0,0,0,,g00,pre50_post150
970,SA07/D13_SA07_R03.txt,train,D13,0,12.0,895,1,0,1,0,0,0,0,,g00,pre50_post150
971,SA07/D13_SA07_R04.txt,train,D13,0,12.0,657,1,0,1,0,0,0,0,,g00,pre50_post150
972,SA07/D13_SA07_R05.txt,train,D13,0,12.0,581,2,0,2,0,0,0,0,,g00,pre50_post150
973,SA07/D14_SA07_R01.txt,train,D14,0,12.0,1054,0,0,0,0,0,0,0,,g00,pre50_post150
974,SA07/D14_SA07_R02.txt,train,D14,0,12.0,1039,0,0,0,0,0,0,0,,g00,pre50_post150
975,SA07/D14_SA07_R03.txt,train,D14,0,12.0,1182,0,0,0,0,0,0,0,,g00,pre50_post150
976,SA07/D14_SA07_R04.txt,train,D14,0,12.0,1192,0,0,0,0,0,0,0,,g00,pre50_post150
977,SA07/D14_SA07_R05.txt,train,D14,0,12.0,919,0,0,0,0,0,0,0,,g00,pre50_post150
978,SA07/D15_SA07_R01.txt,train,D15,0,11.995,671,2,0,2,0,0,0,0,,g00,pre50_post150
979,SA07/D15_SA07_R02.txt,train,D15,0,12.0,666,2,0,2,0,0,0,0,,g00,pre50_post150
980,SA07/D15_SA07_R03.txt,train,D15,0,12.0,1795,0,0,0,0,0,0,0,,g00,pre50_post150
981,SA07/D15_SA07_R04.txt,train,D15,0,12.0,807,2,0,2,0,0,0,0,,g00,pre50_post150
982,SA07/D15_SA07_R05.txt,train,D15,0,12.0,2213,2,0,2,0,0,0,0,,g00,pre50_post150
983,SA07/D16_SA07_R01.txt,train,D16,0,12.0,1453,0,0,0,0,0,0,0,,g00,pre50_post150
984,SA07/D16_SA07_R02.txt,train,D16,0,12.0,1657,0,0,0,0,0,0,0,,g00,pre50_post150
985,SA07/D16_SA07_R03.txt,train,D16,0,12.0,1181,0,0,0,0,0,0,0,,g00,pre50_post150
986,SA07/D16_SA07_R04.txt,train,D16,0,12.0,1508,0,0,0,0,0,0,0,,g00,pre50_post150
987,SA07/D16_SA07_R05.txt,train,D16,0,12.0,2042,0,0,0,0,0,0,0,,g00,pre50_post150
988,SA07/D17_SA07_R01.txt,train,D17,0,25.0,1592,3,0,3,0,0,0,0,,g00,pre50_post150
989,SA07/D17_SA07_R02.txt,train,D17,0,25.0,3631,2,0,2,0,0,0,0,,g00,pre50_post150
990,SA07/D17_SA07_R03.txt,train,D17,0,25.0,3839,2,0,2,0,0,0,0,,g00,pre50_post150
991,SA07/D17_SA07_R04.txt,train,D17,0,25.0,1146,3,0,3,0,0,0,0,,g00,pre50_post150
992,SA07/D17_SA07_R05.txt,train,D17,0,25.0,4085,1,0,1,0,0,0,0,,g00,pre50_post150
993,SA07/D18_SA07_R01.txt,train,D18,0,11.995,1158,7,0,6,0,0,0,0,,g00,pre50_post150
994,SA07/D18_SA07_R02.txt,train,D18,0,12.0,1015,7,0,6,0,0,0,0,,g00,pre50_post150
995,SA07/D18_SA07_R03.txt,train,D18,0,12.0,1225,6,0,6,0,0,0,0,,g00,pre50_post150
996,SA07/D18_SA07_R04.txt,train,D18,0,12.0,1330,7,0,7,0,0,0,0,,g00,pre50_post150
997,SA07/D18_SA07_R05.txt,train,D18,0,12.0,1546,6,0,6,0,0,0,0,,g00,pre50_post150
998,SA07/D19_SA07_R01.txt,train,D19,0,12.0,586,2,0,2,0,0,0,0,,g00,pre50_post150
999,SA07/D19_SA07_R02.txt,train,D19,0,12.0,626,2,0,2,0,0,0,0,,g00,pre50_post150
1000,SA07/D19_SA07_R03.txt,train,D19,0,12.0,1231,2,0,2,0,0,0,0,,g00,pre50_post150
1001,SA07/D19_SA07_R04.txt,train,D19,0,12.0,1363,2,0,2,0,0,0,0,,g00,pre50_post150
1002,SA07/D19_SA07_R05.txt,train,D19,0,12.0,1994,2,0,2,0,0,0,0,,g00,pre50_post150
1003,SA07/F01_SA07_R01.txt,train,F01,1,15.0,1449,5,1,5,1,1,1,0,0.59,g00,pre50_post150
1004,SA07/F01_SA07_R02.txt,train,F01,1,15.0,1394,5,1,5,1,1,1,0,1.145,g00,pre50_post150
1005,SA07/F01_SA07_R03.txt,train,F01,1,15.0,1215,7,1,7,1,1,1,0,0.22,g00,pre50_post150
1006,SA07/F01_SA07_R04.txt,train,F01,1,15.0,1319,4,1,4,1,1,1,0,0.465,g00,pre50_post150
1007,SA07/F01_SA07_R05.txt,train,F01,1,15.0,1321,5,1,5,1,1,1,0,1.32,g00,pre50_post150
1008,SA07/F02_SA07_R01.txt,train,F02,1,15.0,1212,4,1,4,1,1,1,0,0.255,g00,pre50_post150
1009,SA07/F02_SA07_R02.txt,train,F02,1,15.0,1437,5,1,5,1,1,1,0,0.93,g00,pre50_post150
1010,SA07/F02_SA07_R03.txt,train,F02,1,15.0,1339,5,1,5,1,1,1,0,1.235,g00,pre50_post150
1011,SA07/F02_SA07_R04.txt,train,F02,1,15.0,1525,6,1,6,1,1,1,0,0.145,g00,pre50_post150
1012,SA07/F02_SA07_R05.txt,train,F02,1,15.0,1547,6,1,6,1,1,1,0,0.1,g00,pre50_post150
1013,SA07/F03_SA07_R01.txt,train,F03,1,15.0,1002,4,1,4,1,1,1,0,0.07,g00,pre50_post150
1014,SA07/F03_SA07_R02.txt,train,F03,1,15.0,1370,5,1,5,1,0,0,0,,g00,pre50_post150
1015,SA07/F03_SA07_R03.txt,train,F03,1,15.0,1246,4,1,4,1,1,1,0,0.635,g00,pre50_post150
1016,SA07/F03_SA07_R04.txt,train,F03,1,15.0,1442,5,1,5,1,0,0,0,,g00,pre50_post150
1017,SA07/F03_SA07_R05.txt,train,F03,1,15.0,1221,4,1,4,1,1,1,0,1.06,g00,pre50_post150
1018,SA07/F04_SA07_R01.txt,train,F04,1,15.0,1412,5,1,5,1,1,1,0,0.995,g00,pre50_post150
1019,SA07/F04_SA07_R02.txt,train,F04,1,15.0,1494,5,1,5,1,1,1,0,0.62,g00,pre50_post150
1020,SA07/F04_SA07_R03.txt,train,F04,1,15.0,1358,5,1,5,1,0,0,0,,g00,pre50_post150
1021,SA07/F04_SA07_R04.txt,train,F04,1,15.0,1340,5,1,5,1,0,0,0,,g00,pre50_post150
1022,SA07/F04_SA07_R05.txt,train,F04,1,15.0,1388,5,1,5,1,0,0,0,,g00,pre50_post150
1023,SA07/F05_SA07_R01.txt,train,F05,1,15.0,987,5,1,5,1,1,1,0,0.0,g00,pre50_post150
1024,SA07/F05_SA07_R02.txt,train,F05,1,15.0,1024,4,1,4,1,1,1,0,0.0,g00,pre50_post150
1025,SA07/F05_SA07_R03.txt,train,F05,1,15.0,929,4,1,4,1,0,0,0,,g00,pre50_post150
1026,SA07/F05_SA07_R04.txt,train,F05,1,15.0,951,5,1,5,1,1,1,0,0.32,g00,pre50_post150
1027,SA07/F05_SA07_R05.txt,train,F05,1,15.0,1042,4,1,4,1,1,1,0,1.06,g00,pre50_post150
1028,SA07/F06_SA07_R01.txt,train,F06,1,15.0,1852,6,1,6,1,1,1,0,0.745,g00,pre50_post150
1029,SA07/F06_SA07_R02.txt,train,F06,1,15.0,2068,7,1,7,1,1,1,0,1.135,g00,pre50_post150
1030,SA07/F06_SA07_R03.txt,train,F06,1,14.995,1625,5,1,5,1,1,1,0,0.73,g00,pre50_post150
1031,SA07/F06_SA07_R04.txt,train,F06,1,15.0,1759,6,1,6,1,1,1,0,0.725,g00,pre50_post150
1032,SA07/F06_SA07_R05.txt,train,F06,1,15.0,2026,6,1,6,1,0,0,0,,g00,pre50_post150
1033,SA07/F07_SA07_R01.txt,train,F07,1,15.0,1886,6,1,6,1,1,1,0,0.935,g00,pre50_post150
1034,SA07/F07_SA07_R02.txt,train,F07,1,15.0,1654,6,0,6,0,0,0,0,,g00,pre50_post150
1035,SA07/F07_SA07_R03.txt,train,F07,1,15.0,1823,6,1,6,1,1,1,0,0.745,g00,pre50_post150
1036,SA07/F07_SA07_R04.txt,train,F07,1,15.0,1591,5,1,5,1,1,1,0,0.62,g00,pre50_post150
1037,SA07/F07_SA07_R05.txt,train,F07,1,15.0,1849,5,1,5,1,1,1,0,0.6,g00,pre50_post150
1038,SA07/F08_SA07_R01.txt,train,F08,1,15.0,676,2,1,2,1,1,1,0,0.655,g00,pre50_post150
1039,SA07/F08_SA07_R02.txt,train,F08,1,15.0,895,2,1,2,1,1,1,0,1.045,g00,pre50_post150
1040,SA07/F08_SA07_R03.txt,train,F08,1,15.0,1285,2,1,2,1,1,1,0,0.72,g00,pre50_post150
1041,SA07/F08_SA07_R04.txt,train,F08,1,15.0,996,2,1,2,1,1,1,0,0.56,g00,pre50_post150
1042,SA07/F08_SA07_R05.txt,train,F08,1,15.0,1110,2,1,2,1,1,1,0,1.05,g00,pre50_post150
1043,SA07/F09_SA07_R01.txt,train,F09,1,15.0,1239,2,1,2,1,1,1,0,0.72,g00,pre50_post150
1044,SA07/F09_SA07_R02.txt,train,F09,1,15.0,1199,2,1,2,1,1,1,0,0.7,g00,pre50_post150
1045,SA07/F09_SA07_R03.txt,train,F09,1,15.0,1482,2,1,2,1,1,1,0,0.72,g00,pre50_post150
1046,SA07/F09_SA07_R04.txt,train,F09,1,15.0,1523,2,1,2,1,1,1,0,0.76,g00,pre50_post150
1047,SA07/F09_SA07_R05.txt,train,F09,1,15.0,1377,2,1,2,1,1,1,0,0.63,g00,pre50_post150
1048,SA07/F10_SA07_R01.txt,train,F10,1,15.0,994,2,1,2,1,1,1,0,0.415,g00,pre50_post150
1049,SA07/F10_SA07_R02.txt,train,F10,1,15.0,996,3,1,3,1,1,1,0,0.955,g00,pre50_post150
1050,SA07/F10_SA07_R03.txt,train,F10,1,15.0,1224,3,1,3,1,1,1,0,0.355,g00,pre50_post150
1051,SA07/F10_SA07_R04.txt,train,F10,1,15.0,1250,3,1,3,1,1,1,0,0.72,g00,pre50_post150
1052,SA07/F10_SA07_R05.txt,train,F10,1,15.0,1417,1,1,1,1,1,1,0,0.455,g00,pre50_post150
1053,SA07/F11_SA07_R01.txt,train,F11,1,14.995,563,1,1,1,1,1,1,0,0.72,g00,pre50_post150
1054,SA07/F11_SA07_R02.txt,train,F11,1,15.0,1045,1,1,1,1,1,1,0,0.72,g00,pre50_post150
1055,SA07/F11_SA07_R03.txt,train,F11,1,15.0,966,2,1,2,1,1,1,0,0.93,g00,pre50_post150
1056,SA07/F11_SA07_R04.txt,train,F11,1,15.0,927,3,1,3,1,1,1,0,0.93,g00,pre50_post150
1057,SA07/F11_SA07_R05.txt,train,F11,1,15.0,966,1,1,1,1,1,1,0,0.745,g00,pre50_post150
1058,SA07/F12_SA07_R01.txt,train,F12,1,15.0,1179,2,1,2,1,1,1,0,0.72,g00,pre50_post150
1059,SA07/F12_SA07_R02.txt,train,F12,1,15.0,1070,2,1,2,1,1,1,0,1.4,g00,pre50_post150
1060,SA07/F12_SA07_R03.txt,train,F12,1,15.0,1022,2,1,2,1,0,0,0,,g00,pre50_post150
1061,SA07/F12_SA07_R04.txt,train,F12,1,15.0,1083,2,1,2,1,1,1,0,0.71,g00,pre50_post150
1062,SA07/F12_SA07_R05.txt,train,F12,1,15.0,971,2,1,2,1,1,1,0,0.72,g00,pre50_post150
1063,SA07/F13_SA07_R01.txt,train,F13,1,15.0,1055,2,1,2,1,0,0,0,,g00,pre50_post150
1064,SA07/F13_SA07_R02.txt,train,F13,1,15.0,1198,2,1,2,1,1,1,0,0.195,g00,pre50_post150
1065,SA07/F13_SA07_R03.txt,train,F13,1,15.0,1382,3,1,3,1,1,1,0,1.045,g00,pre50_post150
1066,SA07/F13_SA07_R04.txt,train,F13,1,15.0,1283,2,1,2,1,1,1,0,0.48,g00,pre50_post150
1067,SA07/F13_SA07_R05.txt,train,F13,1,15.0,1239,6,1,6,1,0,0,0,,g00,pre50_post150
1068,SA07/F14_SA07_R01.txt,train,F14,1,15.0,729,1,1,1,1,1,1,0,0.76,g00,pre50_post150
1069,SA07/F14_SA07_R02.txt,train,F14,1,15.0,935,1,1,1,1,1,1,0,0.58,g00,pre50_post150
1070,SA07/F14_SA07_R03.txt,train,F14,1,15.0,975,1,1,1,1,1,1,0,0.745,g00,pre50_post150
1071,SA07/F14_SA07_R04.txt,train,F14,1,15.0,805,1,1,1,1,1,1,0,0.75,g00,pre50_post150
1072,SA07/F14_SA07_R05.txt,train,F14,1,14.995,938,2,1,2,1,1,1,0,0.615,g00,pre50_post150
1073,SA07/F15_SA07_R01.txt,train,F15,1,15.03,2430,1,1,1,1,1,1,0,0.71,g00,pre50_post150
1074,SA07/F15_SA07_R02.txt,train,F15,1,15.0,1191,1,1,1,1,1,1,0,0.735,g00,pre50_post150
1075,SA07/F15_SA07_R03.txt,train,F15,1,15.0,1298,1,1,1,1,1,1,0,0.735,g00,pre50_post150
1076,SA07/F15_SA07_R04.txt,train,F15,1,15.0,974,1,1,1,1,0,0,0,,g00,pre50_post150
1077,SA07/F15_SA07_R05.txt,train,F15,1,15.0,1280,1,1,1,1,0,0,0,,g00,pre50_post150
1386,SA10/D01_SA10_R01.txt,train,D01,0,99.995,15555,50,0,49,0,0,0,0,,g00,pre50_post150
1387,SA10/D02_SA10_R01.txt,train,D02,0,100.0,632,60,0,60,0,0,0,0,,g00,pre50_post150
1388,SA10/D03_SA10_R01.txt,train,D03,0,100.0,1720,60,0,60,0,0,0,0,,g00,pre50_post150
1389,SA10/D04_SA10_R01.txt,train,D04,0,100.0,3329,62,0,61,0,0,0,0,,g00,pre50_post150
1390,SA10/D05_SA10_R01.txt,train,D05,0,24.995,2488,8,0,8,0,0,0,0,,g00,pre50_post150
1391,SA10/D05_SA10_R02.txt,train,D05,0,25.0,2229,10,0,10,0,0,0,0,,g00,pre50_post150
1392,SA10/D05_SA10_R03.txt,train,D05,0,25.0,2430,11,0,11,0,0,0,0,,g00,pre50_post150
1393,SA10/D05_SA10_R04.txt,train,D05,0,25.0,4134,12,0,12,0,0,0,0,,g00,pre50_post150
1394,SA10/D05_SA10_R05.txt,train,D05,0,25.0,2781,10,0,10,0,0,0,0,,g00,pre50_post150
1395,SA10/D06_SA10_R01.txt,train,D06,0,24.995,1368,5,0,5,0,0,0,0,,g00,pre50_post150
1396,SA10/D06_SA10_R02.txt,train,D06,0,25.0,355,6,0,6,0,0,0,0,,g00,pre50_post150
1397,SA10/D06_SA10_R03.txt,train,D06,0,25.0,694,6,0,6,0,0,0,0,,g00,pre50_post150
1398,SA10/D06_SA10_R04.txt,train,D06,0,25.025,1666,6,0,6,0,0,0,0,,g00,pre50_post150
1399,SA10/D06_SA10_R05.txt,train,D06,0,25.0,322,6,0,6,0,0,0,0,,g00,pre50_post150
1400,SA10/D07_SA10_R01.txt,train,D07,0,12.0,1712,2,0,2,0,0,0,0,,g00,pre50_post150
1401,SA10/D07_SA10_R02.txt,train,D07,0,12.0,1404,2,0,2,0,0,0,0,,g00,pre50_post150
1402,SA10/D07_SA10_R03.txt,train,D07,0,12.0,1680,2,0,2,0,0,0,0,,g00,pre50_post150
1403,SA10/D07_SA10_R04.txt,train,D07,0,12.0,1441,2,0,2,0,0,0,0,,g00,pre50_post150
1404,SA10/D07_SA10_R05.txt,train,D07,0,12.0,1417,2,0,2,0,0,0,0,,g00,pre50_post150
1405,SA10/D08_SA10_R01.txt,train,D08,0,12.0,1279,2,0,2,0,0,0,0,,g00,pre50_post150
1406,SA10/D08_SA10_R02.txt,train,D08,0,12.0,1095,2,0,2,0,0,0,0,,g00,pre50_post150
1407,SA10/D08_SA10_R03.txt,train,D08,0,12.0,722,3,0,3,0,0,0,0,,g00,pre50_post150
1408,SA10/D08_SA10_R04.txt,train,D08,0,12.0,496,2,0,2,0,0,0,0,,g00,pre50_post150
1409,SA10/D08_SA10_R05.txt,train,D08,0,11.995,1124,2,0,2,0,0,0,0,,g00,pre50_post150
1410,SA10/D09_SA10_R01.txt,train,D09,0,11.995,990,2,0,2,0,0,0,0,,g00,pre50_post150
1411,SA10/D09_SA10_R02.txt,train,D09,0,12.0,829,2,0,2,0,0,0,0,,g00,pre50_post150
1412,SA10/D09_SA10_R03.txt,train,D09,0,12.0,906,2,0,2,0,0,0,0,,g00,pre50_post150
1413,SA10/D09_SA10_R04.txt,train,D09,0,12.0,811,2,0,2,0,0,0,0,,g00,pre50_post150
1414,SA10/D09_SA10_R05.txt,train,D09,0,12.0,796,2,0,2,0,0,0,0,,g00,pre50_post150
1415,SA10/D10_SA10_R01.txt,train,D10,0,12.0,681,2,0,2,0,0,0,0,,g00,pre50_post150
1416,SA10/D10_SA10_R02.txt,train,D10,0,12.0,529,2,0,2,0,0,0,0,,g00,pre50_post150
1417,SA10/D10_SA10_R03.txt,train,D10,0,12.0,1030,2,0,2,0,0,0,0,,g00,pre50_post150
1418,SA10/D10_SA10_R04.txt,train,D10,0,12.0,528,2,0,2,0,0,0,0,,g00,pre50_post150
1419,SA10/D10_SA10_R05.txt,train,D10,0,12.0,1242,2,0,2,0,0,0,0,,g00,pre50_post150
1420,SA10/D11_SA10_R01.txt,train,D11,0,11.995,830,1,0,1,0,0,0,0,,g00,pre50_post150
1421,SA10/D11_SA10_R02.txt,train,D11,0,12.0,834,1,0,1,0,0,0,0,,g00,pre50_post150
1422,SA10/D11_SA10_R03.txt,train,D11,0,12.0,777,1,0,1,0,0,0,0,,g00,pre50_post150
1423,SA10/D11_SA10_R04.txt,train,D11,0,12.0,835,1,0,1,0,0,0,0,,g00,pre50_post150
1424,SA10/D11_SA10_R05.txt,train,D11,0,12.0,1059,1,0,1,0,0,0,0,,g00,pre50_post150
1425,SA10/D12_SA10_R01.txt,train,D12,0,12.0,1894,0,0,0,0,0,0,0,,g00,pre50_post150
1426,SA10/D12_SA10_R02.txt,train,D12,0,12.0,540,0,0,0,0,0,0,0,,g00,pre50_post150
1427,SA10/D12_SA10_R03.txt,train,D12,0,12.0,1432,0,0,0,0,0,0,0,,g00,pre50_post150
1428,SA10/D12_SA10_R04.txt,train,D12,0,12.0,1744,0,0,0,0,0,0,0,,g00,pre50_post150
1429,SA10/D12_SA10_R05.txt,train,D12,0,12.0,1588,1,0,1,0,0,0,0,,g00,pre50_post150
1430,SA10/D13_SA10_R01.txt,train,D13,0,12.0,1349,2,0,2,0,0,0,0,,g00,pre50_post150
1431,SA10/D13_SA10_R02.txt,train,D13,0,12.0,1490,3,0,3,0,0,0,0,,g00,pre50_post150
1432,SA10/D13_SA10_R03.txt,train,D13,0,12.0,1515,2,0,2,0,0,0,0,,g00,pre50_post150
1433,SA10/D13_SA10_R04.txt,train,D13,0,12.0,1200,2,0,2,0,0,0,0,,g00,pre50_post150
1434,SA10/D13_SA10_R05.txt,train,D13,0,12.0,1235,3,0,3,0,0,0,0,,g00,pre50_post150
1435,SA10/D14_SA10_R01.txt,train,D14,0,12.0,820,1,0,1,0,0,0,0,,g00,pre50_post150
1436,SA10/D14_SA10_R02.txt,train,D14,0,12.0,878,1,0,1,0,0,0,0,,g00,pre50_post150
1437,SA10/D14_SA10_R03.txt,train,D14,0,12.0,961,1,0,1,0,0,0,0,,g00,pre50_post150
1438,SA10/D14_SA10_R04.txt,train,D14,0,12.0,1687,0,0,0,0,0,0,0,,g00,pre50_post150
1439,SA10/D14_SA10_R05.txt,train,D14,0,12.0,1375,0,0,0,0,0,0,0,,g00,pre50_post150
1440,SA10/D15_SA10_R01.txt,train,D15,0,12.0,597,2,0,2,0,0,0,0,,g00,pre50_post150
1441,SA10/D15_SA10_R02.txt,train,D15,0,12.0,1328,2,0,2,0,0,0,0,,g00,pre50_post150
1442,SA10/D15_SA10_R03.txt,train,D15,0,12.0,557,2,0,2,0,0,0,0,,g00,pre50_post150
1443,SA10/D15_SA10_R04.txt,train,D15,0,12.0,524,2,0,2,0,0,0,0,,g00,pre50_post150
1444,SA10/D15_SA10_R05.txt,train,D15,0,12.0,1104,2,0,2,0,0,0,0,,g00,pre50_post150
1445,SA10/D16_SA10_R01.txt,train,D16,0,11.995,776,2,0,2,0,0,0,0,,g00,pre50_post150
1446,SA10/D16_SA10_R02.txt,train,D16,0,12.0,833,2,0,2,0,0,0,0,,g00,pre50_post150
1447,SA10/D16_SA10_R03.txt,train,D16,0,12.0,644,2,0,2,0,0,0,0,,g00,pre50_post150
1448,SA10/D16_SA10_R04.txt,train,D16,0,12.0,549,2,0,2,0,0,0,0,,g00,pre50_post150
1449,SA10/D16_SA10_R05.txt,train,D16,0,12.0,584,3,0,3,0,0,0,0,,g00,pre50_post150
1450,SA10/D17_SA10_R01.txt,train,D17,0,24.995,1391,4,0,4,0,0,0,0,,g00,pre50_post150
1451,SA10/D17_SA10_R02.txt,train,D17,0,25.0,2394,3,0,3,0,0,0,0,,g00,pre50_post150
1452,SA10/D17_SA10_R03.txt,train,D17,0,25.0,2484,4,0,4,0,0,0,0,,g00,pre50_post150
1453,SA10/D17_SA10_R04.txt,train,D17,0,25.0,2610,4,0,4,0,0,0,0,,g00,pre50_post150
1454,SA10/D17_SA10_R05.txt,train,D17,0,25.0,2146,3,0,3,0,0,0,0,,g00,pre50_post150
1455,SA10/D18_SA10_R01.txt,train,D18,0,12.0,585,7,0,6,0,0,0,0,,g00,pre50_post150
1456,SA10/D18_SA10_R02.txt,train,D18,0,12.0,839,6,0,6,0,0,0,0,,g00,pre50_post150
1457,SA10/D18_SA10_R03.txt,train,D18,0,12.0,1072,7,0,6,0,0,0,0,,g00,pre50_post150
1458,SA10/D18_SA10_R04.txt,train,D18,0,12.0,526,7,0,7,0,0,0,0,,g00,pre50_post150
1459,SA10/D18_SA10_R05.txt,train,D18,0,11.995,1425,6,0,6,0,0,0,0,,g00,pre50_post150
1460,SA10/D19_SA10_R01.txt,train,D19,0,12.0,553,2,0,2,0,0,0,0,,g00,pre50_post150
1461,SA10/D19_SA10_R02.txt,train,D19,0,12.0,554,3,0,3,0,0,0,0,,g00,pre50_post150
1462,SA10/D19_SA10_R03.txt,train,D19,0,12.0,1257,3,0,3,0,0,0,0,,g00,pre50_post150
1463,SA10/D19_SA10_R04.txt,train,D19,0,12.0,1331,2,0,2,0,0,0,0,,g00,pre50_post150
1464,SA10/D19_SA10_R05.txt,train,D19,0,12.0,520,2,0,2,0,0,0,0,,g00,pre50_post150
1465,SA10/F01_SA10_R01.txt,train,F01,1,14.995,985,4,1,3,1,0,0,0,,g00,pre50_post150
1466,SA10/F01_SA10_R02.txt,train,F01,1,15.0,1224,4,1,4,1,1,1,0,0.77,g00,pre50_post150
1467,SA10/F01_SA10_R03.txt,train,F01,1,15.0,1121,5,1,5,1,1,1,0,0.635,g00,pre50_post150
1468,SA10/F01_SA10_R04.txt,train,F01,1,15.0,1095,5,1,5,1,1,1,0,0.99,g00,pre50_post150
1469,SA10/F01_SA10_R05.txt,train,F01,1,15.0,1228,6,1,6,1,1,1,0,0.24,g00,pre50_post150
1470,SA10/F02_SA10_R01.txt,train,F02,1,15.0,933,3,1,3,1,1,1,0,0.745,g00,pre50_post150
1471,SA10/F02_SA10_R02.txt,train,F02,1,15.0,1041,3,1,3,1,1,1,0,0.17,g00,pre50_post150
1472,SA10/F02_SA10_R03.txt,train,F02,1,15.0,992,3,1,3,1,1,1,0,0.25,g00,pre50_post150
1473,SA10/F02_SA10_R04.txt,train,F02,1,15.0,1246,4,1,4,1,1,1,0,0.765,g00,pre50_post150
1474,SA10/F02_SA10_R05.txt,train,F02,1,15.0,1052,4,1,4,1,1,1,0,0.93,g00,pre50_post150
1475,SA10/F03_SA10_R01.txt,train,F03,1,15.0,1377,5,1,5,1,0,0,0,,g00,pre50_post150
1476,SA10/F03_SA10_R02.txt,train,F03,1,15.0,1432,5,1,5,1,0,0,0,,g00,pre50_post150
1477,SA10/F03_SA10_R03.txt,train,F03,1,15.0,1143,4,1,4,1,1,1,0,0.76,g00,pre50_post150
1478,SA10/F03_SA10_R04.txt,train,F03,1,15.0,1267,5,1,5,1,1,1,0,0.61,g00,pre50_post150
1479,SA10/F03_SA10_R05.txt,train,F03,1,15.0,1130,4,1,4,1,0,0,0,,g00,pre50_post150
1480,SA10/F04_SA10_R01.txt,train,F04,1,15.0,1173,4,1,4,1,1,1,0,0.59,g00,pre50_post150
1481,SA10/F04_SA10_R02.txt,train,F04,1,15.0,1108,4,1,3,1,1,1,0,0.73,g00,pre50_post150
1482,SA10/F04_SA10_R03.txt,train,F04,1,15.0,1184,5,1,5,1,1,1,0,0.21,g00,pre50_post150
1483,SA10/F04_SA10_R04.txt,train,F04,1,15.0,1400,5,1,5,1,1,1,0,0.16,g00,pre50_post150
1484,SA10/F04_SA10_R05.txt,train,F04,1,15.0,1347,5,1,5,1,0,0,0,,g00,pre50_post150
1485,SA10/F05_SA10_R01.txt,train,F05,1,15.0,962,5,1,5,1,0,0,0,,g00,pre50_post150
1486,SA10/F05_SA10_R02.txt,train,F05,1,15.0,1064,5,1,5,1,0,0,0,,g00,pre50_post150
1487,SA10/F05_SA10_R03.txt,train,F05,1,15.0,1042,4,1,4,1,0,0,0,,g00,pre50_post150
1488,SA10/F05_SA10_R04.txt,train,F05,1,15.0,893,3,1,3,1,1,1,0,0.565,g00,pre50_post150
1489,SA10/F05_SA10_R05.txt,train,F05,1,15.0,1134,4,1,4,1,1,1,0,0.325,g00,pre50_post150
1490,SA10/F06_SA10_R01.txt,train,F06,1,14.995,1387,5,1,5,1,1,1,0,0.305,g00,pre50_post150
1491,SA10/F06_SA10_R02.txt,train,F06,1,15.0,1294,5,1,5,1,1,1,0,0.445,g00,pre50_post150
1492,SA10/F06_SA10_R03.txt,train,F06,1,15.0,1261,4,1,4,1,1,1,0,0.785,g00,pre50_post150
1493,SA10/F06_SA10_R04.txt,train,F06,1,15.0,1490,5,1,5,1,1,1,0,1.045,g00,pre50_post150
1494,SA10/F06_SA10_R05.txt,train,F06,1,15.0,1288,4,1,4,1,1,1,0,0.58,g00,pre50_post150
1495,SA10/F07_SA10_R01.txt,train,F07,1,15.0,1303,5,1,5,1,0,0,0,,g00,pre50_post150
1496,SA10/F07_SA10_R02.txt,train,F07,1,15.0,1234,5,1,5,1,1,1,0,0.58,g00,pre50_post150
1497,SA10/F07_SA10_R03.txt,train,F07,1,15.0,1443,5,1,5,1,1,1,0,0.665,g00,pre50_post150
1498,SA10/F07_SA10_R04.txt,train,F07,1,15.0,1437,5,1,5,1,0,0,0,,g00,pre50_post150
1499,SA10/F07_SA10_R05.txt,train,F07,1,15.0,1622,5,1,5,1,0,0,0,,g00,pre50_post150
1500,SA10/F08_SA10_R01.txt,train,F08,1,14.995,970,2,1,2,1,1,1,0,1.025,g00,pre50_post150
1501,SA10/F08_SA10_R02.txt,train,F08,1,15.0,1334,2,1,2,1,1,1,0,1.02,g00,pre50_post150
1502,SA10/F08_SA10_R03.txt,train,F08,1,14.995,1114,2,1,2,1,1,1,0,0.745,g00,pre50_post150
1503,SA10/F08_SA10_R04.txt,train,F08,1,15.0,1329,2,1,2,1,0,0,0,,g00,pre50_post150
1504,SA10/F08_SA10_R05.txt,train,F08,1,15.0,1309,2,1,2,1,1,1,0,0.965,g00,pre50_post150
1505,SA10/F09_SA10_R01.txt,train,F09,1,15.0,1085,2,1,2,1,1,1,0,1.255,g00,pre50_post150
1506,SA10/F09_SA10_R02.txt,train,F09,1,15.0,1243,2,1,2,1,1,1,0,0.935,g00,pre50_post150
1507,SA10/F09_SA10_R03.txt,train,F09,1,15.0,1454,2,1,2,1,1,1,0,0.75,g00,pre50_post150
1508,SA10/F09_SA10_R04.txt,train,F09,1,15.0,1237,2,1,2,1,1,1,0,0.765,g00,pre50_post150
1509,SA10/F09_SA10_R05.txt,train,F09,1,15.0,1307,6,1,5,1,1,1,0,0.715,g00,pre50_post150
1510,SA10/F10_SA10_R01.txt,train,F10,1,15.0,596,3,1,3,1,0,0,0,,g00,pre50_post150
1511,SA10/F10_SA10_R02.txt,train,F10,1,15.0,861,3,1,3,1,1,1,0,0.095,g00,pre50_post150
1512,SA10/F10_SA10_R03.txt,train,F10,1,15.0,968,5,1,5,1,1,1,0,0.96,g00,pre50_post150
1513,SA10/F10_SA10_R04.txt,train,F10,1,15.0,1131,2,1,2,1,1,1,0,1.035,g00,pre50_post150
1514,SA10/F10_SA10_R05.txt,train,F10,1,15.0,998,2,1,2,1,0,0,0,,g00,pre50_post150
1515,SA10/F11_SA10_R01.txt,train,F11,1,14.995,1015,2,1,2,1,1,1,0,0.935,g00,pre50_post150
1516,SA10/F11_SA10_R02.txt,train,F11,1,15.0,1027,1,1,1,1,0,0,0,,g00,pre50_post150
1517,SA10/F11_SA10_R03.txt,train,F11,1,15.0,707,1,1,1,1,0,0,0,,g00,pre50_post150
1518,SA10/F11_SA10_R04.txt,train,F11,1,15.0,895,1,1,1,1,0,0,0,,g00,pre50_post150
1519,SA10/F11_SA10_R05.txt,train,F11,1,15.0,968,1,1,1,1,1,1,0,0.645,g00,pre50_post150
1520,SA10/F12_SA10_R01.txt,train,F12,1,14.995,795,2,1,2,1,1,1,0,0.74,g00,pre50_post150
1521,SA10/F12_SA10_R02.txt,train,F12,1,15.0,739,2,1,2,1,1,1,0,0.62,g00,pre50_post150
1522,SA10/F12_SA10_R03.txt,train,F12,1,15.0,645,2,1,2,1,1,1,0,0.63,g00,pre50_post150
1523,SA10/F12_SA10_R04.txt,train,F12,1,15.0,468,2,1,2,1,0,0,0,,g00,pre50_post150
1524,SA10/F12_SA10_R05.txt,train,F12,1,15.0,675,2,1,2,1,0,0,0,,g00,pre50_post150
1525,SA10/F13_SA10_R01.txt,train,F13,1,15.0,763,1,1,1,1,1,1,0,0.265,g00,pre50_post150
1526,SA10/F13_SA10_R02.txt,train,F13,1,15.0,695,2,1,2,1,0,0,0,,g00,pre50_post150
1527,SA10/F13_SA10_R03.txt,train,F13,1,15.0,554,2,1,2,1,1,1,0,0.555,g00,pre50_post150
1528,SA10/F13_SA10_R04.txt,train,F13,1,15.0,802,2,1,2,1,0,0,0,,g00,pre50_post150
1529,SA10/F13_SA10_R05.txt,train,F13,1,15.0,932,2,1,2,1,1,1,0,1.0,g00,pre50_post150
1530,SA10/F14_SA10_R01.txt,train,F14,1,15.0,933,1,1,1,1,0,0,0,,g00,pre50_post150
1531,SA10/F14_SA10_R02.txt,train,F14,1,15.0,1057,1,1,1,1,1,1,0,0.745,g00,pre50_post150
1532,SA10/F14_SA10_R03.txt,train,F14,1,15.0,1034,1,1,1,1,1,1,0,0.735,g00,pre50_post150
1533,SA10/F14_SA10_R04.txt,train,F14,1,15.0,1074,1,1,1,1,1,1,0,0.72,g00,pre50_post150
1534,SA10/F14_SA10_R05.txt,train,F14,1,15.0,1133,1,1,1,1,0,0,0,,g00,pre50_post150
1535,SA10/F15_SA10_R01.txt,train,F15,1,15.0,1104,1,1,1,1,1,1,0,0.18,g00,pre50_post150
1536,SA10/F15_SA10_R02.txt,train,F15,1,15.0,1074,1,1,1,1,0,0,0,,g00,pre50_post150
1537,SA10/F15_SA10_R03.txt,train,F15,1,14.995,1226,1,1,1,1,0,0,0,,g00,pre50_post150
1538,SA10/F15_SA10_R04.txt,train,F15,1,15.0,1260,1,1,1,1,1,1,0,0.705,g00,pre50_post150
1539,SA10/F15_SA10_R05.txt,train,F15,1,15.0,1464,1,1,1,1,1,1,0,0.625,g00,pre50_post150
1540,SA11/D01_SA11_R01.txt,train,D01,0,99.995,15985,60,0,60,0,0,0,0,,g00,pre50_post150
1541,SA11/D02_SA11_R01.txt,train,D02,0,100.0,17860,61,0,60,0,0,0,0,,g00,pre50_post150
1542,SA11/D03_SA11_R01.txt,train,D03,0,99.995,18245,61,0,60,0,0,0,0,,g00,pre50_post150
1543,SA11/D04_SA11_R01.txt,train,D04,0,100.0,17463,62,0,62,0,0,0,0,,g00,pre50_post150
1544,SA11/D05_SA11_R01.txt,train,D05,0,24.995,2962,10,0,10,0,0,0,0,,g00,pre50_post150
1545,SA11/D05_SA11_R02.txt,train,D05,0,25.0,4307,11,0,11,0,0,0,0,,g00,pre50_post150
1546,SA11/D05_SA11_R03.txt,train,D05,0,25.0,3035,11,0,11,0,0,0,0,,g00,pre50_post150
1547,SA11/D05_SA11_R04.txt,train,D05,0,24.995,3005,10,0,10,0,0,0,0,,g00,pre50_post150
1548,SA11/D05_SA11_R05.txt,train,D05,0,25.0,3684,11,0,11,0,0,0,0,,g00,pre50_post150
1549,SA11/D06_SA11_R01.txt,train,D06,0,24.995,364,5,0,5,0,0,0,0,,g00,pre50_post150
1550,SA11/D06_SA11_R02.txt,train,D06,0,25.0,758,6,0,6,0,0,0,0,,g00,pre50_post150
1551,SA11/D06_SA11_R03.txt,train,D06,0,25.0,693,5,0,5,0,1,0,1,,g00,pre50_post150
1552,SA11/D06_SA11_R04.txt,train,D06,0,25.0,737,5,0,5,0,0,0,0,,g00,pre50_post150
1553,SA11/D06_SA11_R05.txt,train,D06,0,25.0,255,6,0,6,0,1,0,1,,g00,pre50_post150
1554,SA11/D07_SA11_R01.txt,train,D07,0,12.0,763,2,0,2,0,0,0,0,,g00,pre50_post150
1555,SA11/D07_SA11_R02.txt,train,D07,0,12.0,1148,2,0,2,0,0,0,0,,g00,pre50_post150
1556,SA11/D07_SA11_R03.txt,train,D07,0,12.0,987,2,0,2,0,0,0,0,,g00,pre50_post150
1557,SA11/D07_SA11_R04.txt,train,D07,0,12.0,1580,2,0,2,0,0,0,0,,g00,pre50_post150
1558,SA11/D07_SA11_R05.txt,train,D07,0,12.0,854,2,0,2,0,0,0,0,,g00,pre50_post150
1559,SA11/D08_SA11_R01.txt,train,D08,0,12.0,607,2,0,2,0,0,0,0,,g00,pre50_post150
1560,SA11/D08_SA11_R02.txt,train,D08,0,12.0,597,2,0,2,0,0,0,0,,g00,pre50_post150
1561,SA11/D08_SA11_R03.txt,train,D08,0,12.0,767,2,0,2,0,0,0,0,,g00,pre50_post150
1562,SA11/D08_SA11_R04.txt,train,D08,0,12.0,548,2,0,2,0,0,0,0,,g00,pre50_post150
1563,SA11/D08_SA11_R05.txt,train,D08,0,12.0,212,2,0,2,0,0,0,0,,g00,pre50_post150
1564,SA11/D09_SA11_R01.txt,train,D09,0,12.0,911,2,0,2,0,0,0,0,,g00,pre50_post150
1565,SA11/D09_SA11_R02.txt,train,D09,0,12.0,1841,2,0,2,0,0,0,0,,g00,pre50_post150
1566,SA11/D09_SA11_R03.txt,train,D09,0,12.0,1648,2,0,2,0,0,0,0,,g00,pre50_post150
1567,SA11/D09_SA11_R04.txt,train,D09,0,12.0,1852,2,0,2,0,0,0,0,,g00,pre50_post150
1568,SA11/D09_SA11_R05.txt,train,D09,0,12.0,1573,2,0,2,0,0,0,0,,g00,pre50_post150
1569,SA11/D10_SA11_R01.txt,train,D10,0,12.0,278,2,0,2,0,0,0,0,,g00,pre50_post150
1570,SA11/D10_SA11_R02.txt,train,D10,0,12.0,695,2,0,2,0,0,0,0,,g00,pre50_post150
1571,SA11/D10_SA11_R03.txt,train,D10,0,12.0,1601,2,0,2,0,0,0,0,,g00,pre50_post150
1572,SA11/D10_SA11_R04.txt,train,D10,0,12.0,1601,2,0,2,0,0,0,0,,g00,pre50_post150
1573,SA11/D10_SA11_R05.txt,train,D10,0,12.0,1783,2,0,2,0,0,0,0,,g00,pre50_post150
1574,SA11/D11_SA11_R01.txt,train,D11,0,11.995,1213,1,0,1,0,0,0,0,,g00,pre50_post150
1575,SA11/D11_SA11_R02.txt,train,D11,0,12.0,1449,1,0,1,0,0,0,0,,g00,pre50_post150
1576,SA11/D11_SA11_R03.txt,train,D11,0,12.0,1060,1,0,1,0,0,0,0,,g00,pre50_post150
1577,SA11/D11_SA11_R04.txt,train,D11,0,12.0,1385,1,0,1,0,0,0,0,,g00,pre50_post150
1578,SA11/D11_SA11_R05.txt,train,D11,0,12.0,1284,1,0,1,0,0,0,0,,g00,pre50_post150
1579,SA11/D12_SA11_R01.txt,train,D12,0,11.995,119,0,0,0,0,0,0,0,,g00,pre50_post150
1580,SA11/D12_SA11_R02.txt,train,D12,0,12.0,1690,0,0,0,0,0,0,0,,g00,pre50_post150
1581,SA11/D12_SA11_R03.txt,train,D12,0,12.0,930,0,0,0,0,0,0,0,,g00,pre50_post150
1582,SA11/D12_SA11_R04.txt,train,D12,0,12.0,1991,0,0,0,0,0,0,0,,g00,pre50_post150
1583,SA11/D12_SA11_R05.txt,train,D12,0,12.0,1586,0,0,0,0,0,0,0,,g00,pre50_post150
1584,SA11/D13_SA11_R01.txt,train,D13,0,12.0,1278,2,0,2,0,0,0,0,,g00,pre50_post150
1585,SA11/D13_SA11_R02.txt,train,D13,0,12.0,1703,2,0,2,0,0,0,0,,g00,pre50_post150
1586,SA11/D13_SA11_R03.txt,train,D13,0,12.0,1044,0,0,0,0,0,0,0,,g00,pre50_post150
1587,SA11/D13_SA11_R04.txt,train,D13,0,12.0,1807,2,0,2,0,0,0,0,,g00,pre50_post150
1588,SA11/D13_SA11_R05.txt,train,D13,0,12.0,2252,2,0,2,0,0,0,0,,g00,pre50_post150
1589,SA11/D14_SA11_R01.txt,train,D14,0,12.0,1964,2,0,2,0,0,0,0,,g00,pre50_post150
1590,SA11/D14_SA11_R02.txt,train,D14,0,12.0,2200,2,0,2,0,0,0,0,,g00,pre50_post150
1591,SA11/D14_SA11_R03.txt,train,D14,0,12.0,812,2,0,2,0,0,0,0,,g00,pre50_post150
1592,SA11/D14_SA11_R04.txt,train,D14,0,12.0,934,3,0,3,0,0,0,0,,g00,pre50_post150
1593,SA11/D14_SA11_R05.txt,train,D14,0,12.0,1717,2,0,2,0,0,0,0,,g00,pre50_post150
1594,SA11/D15_SA11_R01.txt,train,D15,0,12.0,1634,2,0,2,0,0,0,0,,g00,pre50_post150
1595,SA11/D15_SA11_R02.txt,train,D15,0,12.0,1509,2,0,2,0,0,0,0,,g00,pre50_post150
1596,SA11/D15_SA11_R03.txt,train,D15,0,12.0,1663,2,0,2,0,0,0,0,,g00,pre50_post150
1597,SA11/D15_SA11_R04.txt,train,D15,0,12.0,1796,2,0,2,0,0,0,0,,g00,pre50_post150
1598,SA11/D15_SA11_R05.txt,train,D15,0,12.0,1011,2,0,2,0,0,0,0,,g00,pre50_post150
1599,SA11/D16_SA11_R01.txt,train,D16,0,11.995,79,0,0,0,0,0,0,0,,g00,pre50_post150
1600,SA11/D16_SA11_R02.txt,train,D16,0,12.0,1097,0,0,0,0,0,0,0,,g00,pre50_post150
1601,SA11/D16_SA11_R03.txt,train,D16,0,12.0,1071,0,0,0,0,0,0,0,,g00,pre50_post150
1602,SA11/D16_SA11_R04.txt,train,D16,0,12.0,2120,0,0,0,0,0,0,0,,g00,pre50_post150
1603,SA11/D16_SA11_R05.txt,train,D16,0,12.0,2233,0,0,0,0,0,0,0,,g00,pre50_post150
1604,SA11/D17_SA11_R01.txt,train,D17,0,24.995,3220,2,0,2,0,0,0,0,,g00,pre50_post150
1605,SA11/D17_SA11_R02.txt,train,D17,0,25.0,1154,1,0,1,0,0,0,0,,g00,pre50_post150
1606,SA11/D17_SA11_R03.txt,train,D17,0,25.0,2378,2,0,2,0,0,0,0,,g00,pre50_post150
1607,SA11/D17_SA11_R04.txt,train,D17,0,25.0,1692,2,0,2,0,0,0,0,,g00,pre50_post150
1608,SA11/D17_SA11_R05.txt,train,D17,0,25.0,1961,1,0,1,0,0,0,0,,g00,pre50_post150
1609,SA11/D18_SA11_R01.txt,train,D18,0,12.0,905,6,0,6,0,1,0,1,,g00,pre50_post150
1610,SA11/D18_SA11_R02.txt,train,D18,0,12.0,1111,5,0,5,0,1,0,1,,g00,pre50_post150
1611,SA11/D18_SA11_R03.txt,train,D18,0,12.0,896,6,0,6,0,0,0,0,,g00,pre50_post150
1612,SA11/D18_SA11_R04.txt,train,D18,0,12.0,1267,6,0,5,0,1,0,1,,g00,pre50_post150
1613,SA11/D18_SA11_R05.txt,train,D18,0,12.0,1172,6,0,6,0,0,0,0,,g00,pre50_post150
1614,SA11/D19_SA11_R01.txt,train,D19,0,12.0,1556,2,0,2,0,0,0,0,,g00,pre50_post150
1615,SA11/D19_SA11_R02.txt,train,D19,0,12.0,1360,2,0,2,0,0,0,0,,g00,pre50_post150
1616,SA11/D19_SA11_R03.txt,train,D19,0,12.0,1821,2,0,2,0,0,0,0,,g00,pre50_post150
1617,SA11/D19_SA11_R04.txt,train,D19,0,12.0,891,3,0,3,0,0,0,0,,g00,pre50_post150
1618,SA11/D19_SA11_R05.txt,train,D19,0,12.0,1683,2,0,2,0,1,0,1,,g00,pre50_post150
1619,SA11/F01_SA11_R01.txt,train,F01,1,15.0,1000,4,1,4,1,1,1,0,0.99,g00,pre50_post150
1620,SA11/F01_SA11_R02.txt,train,F01,1,15.0,1285,5,1,5,1,1,1,0,0.105,g00,pre50_post150
1621,SA11/F01_SA11_R03.txt,train,F01,1,15.0,1025,4,1,4,1,1,1,0,0.96,g00,pre50_post150
1622,SA11/F01_SA11_R04.txt,train,F01,1,15.0,1030,3,1,3,1,0,0,0,,g00,pre50_post150
1623,SA11/F01_SA11_R05.txt,train,F01,1,14.995,1038,4,1,4,1,1,1,0,1.085,g00,pre50_post150
1624,SA11/F02_SA11_R01.txt,train,F02,1,15.0,931,3,1,3,1,1,1,0,0.24,g00,pre50_post150
1625,SA11/F02_SA11_R02.txt,train,F02,1,15.0,823,3,1,3,1,1,1,0,0.635,g00,pre50_post150
1626,SA11/F02_SA11_R03.txt,train,F02,1,15.0,803,3,1,2,1,1,1,0,0.42,g00,pre50_post150
1627,SA11/F02_SA11_R04.txt,train,F02,1,15.0,787,3,1,3,1,1,1,0,0.45,g00,pre50_post150
1628,SA11/F02_SA11_R05.txt,train,F02,1,15.0,897,4,1,4,1,1,1,0,1.255,g00,pre50_post150
1629,SA11/F03_SA11_R01.txt,train,F03,1,15.0,1102,4,1,4,1,0,0,0,,g00,pre50_post150
1630,SA11/F03_SA11_R02.txt,train,F03,1,15.0,1095,4,1,4,1,1,1,0,1.045,g00,pre50_post150
1631,SA11/F03_SA11_R03.txt,train,F03,1,15.0,1048,4,1,4,1,1,1,0,0.95,g00,pre50_post150
1632,SA11/F03_SA11_R04.txt,train,F03,1,15.0,1064,4,1,4,1,1,1,0,1.095,g00,pre50_post150
1633,SA11/F03_SA11_R05.txt,train,F03,1,15.0,1096,4,1,4,1,1,1,0,0.56,g00,pre50_post150
1634,SA11/F04_SA11_R01.txt,train,F04,1,15.0,1350,4,1,4,1,0,0,0,,g00,pre50_post150
1635,SA11/F04_SA11_R02.txt,train,F04,1,15.0,1327,4,1,4,1,1,1,0,0.14,g00,pre50_post150
1636,SA11/F04_SA11_R03.txt,train,F04,1,15.0,1319,4,1,4,1,1,1,0,0.085,g00,pre50_post150
1637,SA11/F04_SA11_R04.txt,train,F04,1,15.0,1421,5,1,5,1,1,1,0,1.03,g00,pre50_post150
1638,SA11/F04_SA11_R05.txt,train,F04,1,15.0,1275,4,1,4,1,1,1,0,0.715,g00,pre50_post150
1639,SA11/F05_SA11_R01.txt,train,F05,1,15.0,1321,5,1,5,1,1,1,0,0.685,g00,pre50_post150
1640,SA11/F05_SA11_R02.txt,train,F05,1,14.995,1269,4,1,4,1,0,0,0,,g00,pre50_post150
1641,SA11/F05_SA11_R03.txt,train,F05,1,15.0,1416,5,1,5,1,1,1,0,0.995,g00,pre50_post150
1642,SA11/F05_SA11_R04.txt,train,F05,1,15.0,1276,4,1,4,1,1,1,0,0.585,g00,pre50_post150
1643,SA11/F05_SA11_R05.txt,train,F05,1,15.0,1333,5,1,5,1,1,1,0,0.785,g00,pre50_post150
1644,SA11/F06_SA11_R01.txt,train,F06,1,14.995,1439,4,0,4,0,1,0,1,,g00,pre50_post150
1645,SA11/F06_SA11_R02.txt,train,F06,1,15.0,1559,5,1,5,1,1,1,0,1.06,g00,pre50_post150
1646,SA11/F06_SA11_R03.txt,train,F06,1,15.0,1345,4,1,4,1,1,1,0,0.745,g00,pre50_post150
1647,SA11/F06_SA11_R04.txt,train,F06,1,15.0,1556,5,1,5,1,1,1,0,0.96,g00,pre50_post150
1648,SA11/F06_SA11_R05.txt,train,F06,1,15.0,1501,5,1,5,1,1,1,0,1.0,g00,pre50_post150
1649,SA11/F07_SA11_R01.txt,train,F07,1,15.0,1310,4,1,4,1,1,1,0,0.715,g00,pre50_post150
1650,SA11/F07_SA11_R02.txt,train,F07,1,15.0,1285,4,1,4,1,1,1,0,0.675,g00,pre50_post150
1651,SA11/F07_SA11_R03.txt,train,F07,1,15.0,1344,4,1,4,1,1,1,0,0.715,g00,pre50_post150
1652,SA11/F07_SA11_R04.txt,train,F07,1,15.0,1201,4,1,4,1,1,1,0,0.645,g00,pre50_post150
1653,SA11/F07_SA11_R05.txt,train,F07,1,15.0,1361,5,1,5,1,1,1,0,1.025,g00,pre50_post150
1654,SA11/F08_SA11_R01.txt,train,F08,1,15.0,1319,2,1,2,1,0,0,0,,g00,pre50_post150
1655,SA11/F08_SA11_R02.txt,train,F08,1,15.0,1593,2,1,2,1,0,0,0,,g00,pre50_post150
1656,SA11/F08_SA11_R03.txt,train,F08,1,15.0,1475,2,1,2,1,0,0,0,,g00,pre50_post150
1657,SA11/F08_SA11_R04.txt,train,F08,1,15.0,1482,2,1,2,1,1,1,0,0.935,g00,pre50_post150
1658,SA11/F08_SA11_R05.txt,train,F08,1,15.0,1437,2,1,2,1,1,1,0,1.165,g00,pre50_post150
1659,SA11/F09_SA11_R01.txt,train,F09,1,15.0,1168,2,1,2,1,0,0,0,,g00,pre50_post150
1660,SA11/F09_SA11_R02.txt,train,F09,1,15.0,1452,2,1,2,1,1,1,0,0.99,g00,pre50_post150
1661,SA11/F09_SA11_R03.txt,train,F09,1,15.0,1522,2,1,2,1,1,1,0,0.94,g00,pre50_post150
1662,SA11/F09_SA11_R04.txt,train,F09,1,15.0,1324,2,1,2,1,0,0,0,,g00,pre50_post150
1663,SA11/F09_SA11_R05.txt,train,F09,1,15.0,1375,2,1,2,1,1,1,0,0.96,g00,pre50_post150
1664,SA11/F10_SA11_R01.txt,train,F10,1,15.0,906,1,1,1,1,1,1,0,0.595,g00,pre50_post150
1665,SA11/F10_SA11_R02.txt,train,F10,1,15.0,656,1,1,1,1,1,1,0,0.73,g00,pre50_post150
1666,SA11/F10_SA11_R03.txt,train,F10,1,15.0,1243,1,1,1,1,1,1,0,0.435,g00,pre50_post150
1667,SA11/F10_SA11_R04.txt,train,F10,1,15.0,1258,2,1,2,1,1,1,0,0.24,g00,pre50_post150
1668,SA11/F10_SA11_R05.txt,train,F10,1,15.0,918,1,1,1,1,1,1,0,0.285,g00,pre50_post150
1669,SA11/F11_SA11_R01.txt,train,F11,1,14.995,1181,1,1,1,1,1,1,0,0.71,g00,pre50_post150
1670,SA11/F11_SA11_R02.txt,train,F11,1,15.0,1088,1,1,1,1,1,1,0,0.705,g00,pre50_post150
1671,SA11/F11_SA11_R03.txt,train,F11,1,15.0,839,1,1,1,1,1,1,0,0.74,g00,pre50_post150
1672,SA11/F11_SA11_R04.txt,train,F11,1,15.0,843,1,1,1,1,1,1,0,0.74,g00,pre50_post150
1673,SA11/F11_SA11_R05.txt,train,F11,1,15.0,1391,1,1,1,1,1,1,0,0.73,g00,pre50_post150
1674,SA11/F12_SA11_R01.txt,train,F12,1,15.0,856,1,1,1,1,1,1,0,0.735,g00,pre50_post150
1675,SA11/F12_SA11_R02.txt,train,F12,1,15.0,1008,1,1,1,1,1,1,0,0.74,g00,pre50_post150
1676,SA11/F12_SA11_R03.txt,train,F12,1,15.0,1092,1,1,1,1,1,1,0,0.73,g00,pre50_post150
1677,SA11/F12_SA11_R04.txt,train,F12,1,15.0,588,1,1,1,1,1,1,0,0.75,g00,pre50_post150
1678,SA11/F12_SA11_R05.txt,train,F12,1,15.0,1095,1,1,1,1,1,1,0,0.745,g00,pre50_post150
1679,SA11/F13_SA11_R01.txt,train,F13,1,14.995,871,1,1,1,1,1,1,0,0.48,g00,pre50_post150
1680,SA11/F13_SA11_R02.txt,train,F13,1,15.0,1016,1,1,1,1,1,1,0,0.075,g00,pre50_post150
1681,SA11/F13_SA11_R03.txt,train,F13,1,15.0,834,1,1,1,1,1,1,0,0.59,g00,pre50_post150
1682,SA11/F13_SA11_R04.txt,train,F13,1,15.0,674,1,1,1,1,1,1,0,0.625,g00,pre50_post150
1683,SA11/F13_SA11_R05.txt,train,F13,1,15.0,1420,1,1,1,1,0,0,0,,g00,pre50_post150
1684,SA11/F14_SA11_R01.txt,train,F14,1,15.0,885,1,1,1,1,1,1,0,0.735,g00,pre50_post150
1685,SA11/F14_SA11_R02.txt,train,F14,1,15.0,1223,1,1,1,1,1,1,0,0.505,g00,pre50_post150
1686,SA11/F14_SA11_R03.txt,train,F14,1,15.0,1323,1,1,1,1,0,0,0,,g00,pre50_post150
1687,SA11/F14_SA11_R04.txt,train,F14,1,15.0,1080,1,1,1,1,1,1,0,0.735,g00,pre50_post150
1688,SA11/F14_SA11_R05.txt,train,F14,1,15.0,1314,1,1,1,1,1,1,0,0.53,g00,pre50_post150
1689,SA11/F15_SA11_R01.txt,train,F15,1,15.0,1140,1,1,1,1,1,1,0,0.685,g00,pre50_post150
1690,SA11/F15_SA11_R02.txt,train,F15,1,15.0,1394,2,1,2,1,1,1,0,0.94,g00,pre50_post150
1691,SA11/F15_SA11_R03.txt,train,F15,1,15.0,926,1,1,1,1,1,1,0,0.68,g00,pre50_post150
1692,SA11/F15_SA11_R04.txt,train,F15,1,15.0,1387,1,1,1,1,1,1,0,0.175,g00,pre50_post150
1693,SA11/F15_SA11_R05.txt,train,F15,1,15.0,1057,1,1,1,1,1,1,0,0.53,g00,pre50_post150
1694,SA12/D01_SA12_R01.txt,train,D01,0,99.995,7532,48,0,48,0,0,0,0,,g00,pre50_post150
1695,SA12/D02_SA12_R01.txt,train,D02,0,100.0,15830,58,0,58,0,0,0,0,,g00,pre50_post150
1696,SA12/D03_SA12_R01.txt,train,D03,0,100.0,10571,64,0,62,0,0,0,0,,g00,pre50_post150
1697,SA12/D04_SA12_R01.txt,train,D04,0,100.0,19272,58,0,57,0,0,0,0,,g00,pre50_post150
1698,SA12/D05_SA12_R01.txt,train,D05,0,25.0,3431,10,0,10,0,0,0,0,,g00,pre50_post150
1699,SA12/D05_SA12_R02.txt,train,D05,0,25.0,3428,10,0,10,0,0,0,0,,g00,pre50_post150
1700,SA12/D05_SA12_R03.txt,train,D05,0,25.0,1612,10,0,10,0,0,0,0,,g00,pre50_post150
1701,SA12/D05_SA12_R04.txt,train,D05,0,25.0,177,10,0,10,0,0,0,0,,g00,pre50_post150
1702,SA12/D05_SA12_R05.txt,train,D05,0,25.0,4092,11,0,11,0,0,0,0,,g00,pre50_post150
1703,SA12/D06_SA12_R01.txt,train,D06,0,24.995,2756,5,0,5,0,0,0,0,,g00,pre50_post150
1704,SA12/D06_SA12_R02.txt,train,D06,0,25.0,967,5,0,5,0,0,0,0,,g00,pre50_post150
1705,SA12/D06_SA12_R03.txt,train,D06,0,25.0,1272,5,0,5,0,0,0,0,,g00,pre50_post150
1706,SA12/D06_SA12_R04.txt,train,D06,0,25.0,1442,6,0,6,0,0,0,0,,g00,pre50_post150
1707,SA12/D06_SA12_R05.txt,train,D06,0,25.0,3091,5,0,5,0,0,0,0,,g00,pre50_post150
1708,SA12/D07_SA12_R01.txt,train,D07,0,12.0,2126,0,0,0,0,0,0,0,,g00,pre50_post150
1709,SA12/D07_SA12_R02.txt,train,D07,0,12.0,2255,0,0,0,0,0,0,0,,g00,pre50_post150
1710,SA12/D07_SA12_R03.txt,train,D07,0,12.0,1312,0,0,0,0,0,0,0,,g00,pre50_post150
1711,SA12/D07_SA12_R04.txt,train,D07,0,12.0,1425,0,0,0,0,0,0,0,,g00,pre50_post150
1712,SA12/D07_SA12_R05.txt,train,D07,0,12.0,1433,0,0,0,0,0,0,0,,g00,pre50_post150
1713,SA12/D08_SA12_R01.txt,train,D08,0,12.0,538,2,0,2,0,0,0,0,,g00,pre50_post150
1714,SA12/D08_SA12_R02.txt,train,D08,0,12.0,728,2,0,2,0,0,0,0,,g00,pre50_post150
1715,SA12/D08_SA12_R03.txt,train,D08,0,12.0,736,2,0,2,0,0,0,0,,g00,pre50_post150
1716,SA12/D08_SA12_R04.txt,train,D08,0,12.0,635,2,0,2,0,0,0,0,,g00,pre50_post150
1717,SA12/D08_SA12_R05.txt,train,D08,0,12.0,699,2,0,2,0,0,0,0,,g00,pre50_post150
1718,SA12/D09_SA12_R01.txt,train,D09,0,12.0,723,2,0,2,0,0,0,0,,g00,pre50_post150
1719,SA12/D09_SA12_R02.txt,train,D09,0,12.0,823,2,0,2,0,0,0,0,,g00,pre50_post150
1720,SA12/D09_SA12_R03.txt,train,D09,0,11.995,1964,1,0,1,0,0,0,0,,g00,pre50_post150
1721,SA12/D09_SA12_R04.txt,train,D09,0,12.0,1109,2,0,2,0,0,0,0,,g00,pre50_post150
1722,SA12/D09_SA12_R05.txt,train,D09,0,12.0,708,2,0,2,0,0,0,0,,g00,pre50_post150
1723,SA12/D10_SA12_R01.txt,train,D10,0,12.0,573,2,0,2,0,0,0,0,,g00,pre50_post150
1724,SA12/D10_SA12_R02.txt,train,D10,0,12.0,764,2,0,2,0,0,0,0,,g00,pre50_post150
1725,SA12/D10_SA12_R03.txt,train,D10,0,12.0,701,2,0,2,0,0,0,0,,g00,pre50_post150
1726,SA12/D10_SA12_R04.txt,train,D10,0,12.0,762,2,0,2,0,0,0,0,,g00,pre50_post150
1727,SA12/D10_SA12_R05.txt,train,D10,0,12.0,478,2,0,2,0,0,0,0,,g00,pre50_post150
1728,SA12/D11_SA12_R01.txt,train,D11,0,11.995,1062,1,0,1,0,0,0,0,,g00,pre50_post150
1729,SA12/D11_SA12_R02.txt,train,D11,0,12.0,1161,1,0,1,0,0,0,0,,g00,pre50_post150
1730,SA12/D11_SA12_R03.txt,train,D11,0,12.0,1186,1,0,1,0,0,0,0,,g00,pre50_post150
1731,SA12/D11_SA12_R04.txt,train,D11,0,12.0,950,1,0,1,0,0,0,0,,g00,pre50_post150
1732,SA12/D11_SA12_R05.txt,train,D11,0,12.0,981,1,0,1,0,0,0,0,,g00,pre50_post150
1733,SA12/D12_SA12_R01.txt,train,D12,0,12.0,1503,0,0,0,0,0,0,0,,g00,pre50_post150
1734,SA12/D12_SA12_R02.txt,train,D12,0,12.0,1427,0,0,0,0,0,0,0,,g00,pre50_post150
1735,SA12/D12_SA12_R03.txt,train,D12,0,12.0,813,0,0,0,0,0,0,0,,g00,pre50_post150
1736,SA12/D12_SA12_R04.txt,train,D12,0,12.0,923,0,0,0,0,0,0,0,,g00,pre50_post150
1737,SA12/D12_SA12_R05.txt,train,D12,0,12.0,773,0,0,0,0,0,0,0,,g00,pre50_post150
1738,SA12/D13_SA12_R01.txt,train,D13,0,12.0,575,1,0,1,0,0,0,0,,g00,pre50_post150
1739,SA12/D13_SA12_R02.txt,train,D13,0,12.0,681,1,0,1,0,0,0,0,,g00,pre50_post150
1740,SA12/D13_SA12_R03.txt,train,D13,0,12.0,703,0,0,0,0,0,0,0,,g00,pre50_post150
1741,SA12/D13_SA12_R04.txt,train,D13,0,12.0,1283,1,0,1,0,0,0,0,,g00,pre50_post150
1742,SA12/D13_SA12_R05.txt,train,D13,0,12.0,729,2,0,2,0,0,0,0,,g00,pre50_post150
1743,SA12/D14_SA12_R01.txt,train,D14,0,12.0,811,2,0,2,0,0,0,0,,g00,pre50_post150
1744,SA12/D14_SA12_R02.txt,train,D14,0,12.0,1821,2,0,2,0,0,0,0,,g00,pre50_post150
1745,SA12/D14_SA12_R03.txt,train,D14,0,12.0,1677,2,0,2,0,0,0,0,,g00,pre50_post150
1746,SA12/D14_SA12_R04.txt,train,D14,0,12.0,633,1,0,1,0,0,0,0,,g00,pre50_post150
1747,SA12/D14_SA12_R05.txt,train,D14,0,12.0,589,1,0,1,0,0,0,0,,g00,pre50_post150
1748,SA12/D15_SA12_R01.txt,train,D15,0,12.0,1075,1,0,1,0,0,0,0,,g00,pre50_post150
1749,SA12/D15_SA12_R02.txt,train,D15,0,12.0,1276,2,0,2,0,0,0,0,,g00,pre50_post150
1750,SA12/D15_SA12_R03.txt,train,D15,0,12.0,1217,1,0,1,0,0,0,0,,g00,pre50_post150
1751,SA12/D15_SA12_R04.txt,train,D15,0,12.0,1209,1,0,1,0,0,0,0,,g00,pre50_post150
1752,SA12/D15_SA12_R05.txt,train,D15,0,12.0,1311,1,0,1,0,0,0,0,,g00,pre50_post150
1753,SA12/D16_SA12_R01.txt,train,D16,0,11.995,1678,0,0,0,0,0,0,0,,g00,pre50_post150
1754,SA12/D16_SA12_R02.txt,train,D16,0,12.0,1804,0,0,0,0,0,0,0,,g00,pre50_post150
1755,SA12/D16_SA12_R03.txt,train,D16,0,12.0,2278,0,0,0,0,0,0,0,,g00,pre50_post150
1756,SA12/D16_SA12_R04.txt,train,D16,0,12.0,845,0,0,0,0,0,0,0,,g00,pre50_post150
1757,SA12/D16_SA12_R05.txt,train,D16,0,12.0,1514,0,0,0,0,0,0,0,,g00,pre50_post150
1758,SA12/D17_SA12_R01.txt,train,D17,0,24.995,496,1,0,1,0,0,0,0,,g00,pre50_post150
1759,SA12/D17_SA12_R02.txt,train,D17,0,25.0,3861,0,0,0,0,0,0,0,,g00,pre50_post150
1760,SA12/D17_SA12_R03.txt,train,D17,0,25.0,1190,1,0,1,0,0,0,0,,g00,pre50_post150
1761,SA12/D17_SA12_R04.txt,train,D17,0,25.0,995,3,0,3,0,0,0,0,,g00,pre50_post150
1762,SA12/D17_SA12_R05.txt,train,D17,0,25.0,3783,2,0,2,0,0,0,0,,g00,pre50_post150
1763,SA12/D18_SA12_R01.txt,train,D18,0,12.0,1121,6,0,5,0,0,0,0,,g00,pre50_post150
1764,SA12/D18_SA12_R02.txt,train,D18,0,12.0,1369,6,0,6,0,0,0,0,,g00,pre50_post150
1765,SA12/D18_SA12_R03.txt,train,D18,0,12.0,1525,6,0,5,0,0,0,0,,g00,pre50_post150
1766,SA12/D18_SA12_R04.txt,train,D18,0,12.0,1586,6,0,5,0,0,0,0,,g00,pre50_post150
1767,SA12/D18_SA12_R05.txt,train,D18,0,12.0,1731,6,0,5,0,0,0,0,,g00,pre50_post150
1768,SA12/D19_SA12_R01.txt,train,D19,0,12.0,604,2,0,2,0,0,0,0,,g00,pre50_post150
1769,SA12/D19_SA12_R02.txt,train,D19,0,12.0,772,2,0,2,0,0,0,0,,g00,pre50_post150
1770,SA12/D19_SA12_R03.txt,train,D19,0,12.0,695,2,0,2,0,0,0,0,,g00,pre50_post150
1771,SA12/D19_SA12_R04.txt,train,D19,0,12.0,968,2,0,2,0,0,0,0,,g00,pre50_post150
1772,SA12/D19_SA12_R05.txt,train,D19,0,12.0,1413,2,0,2,0,0,0,0,,g00,pre50_post150
1773,SA12/F01_SA12_R01.txt,train,F01,1,15.0,1472,5,1,5,1,0,0,0,,g00,pre50_post150
1774,SA12/F01_SA12_R02.txt,train,F01,1,15.0,1610,5,1,5,1,0,0,0,,g00,pre50_post150
1775,SA12/F01_SA12_R03.txt,train,F01,1,15.0,1753,5,1,5,1,1,1,0,0.405,g00,pre50_post150
1776,SA12/F01_SA12_R04.txt,train,F01,1,15.0,1831,5,1,5,1,1,1,0,0.275,g00,pre50_post150
1777,SA12/F01_SA12_R05.txt,train,F01,1,15.0,1679,5,1,5,1,0,0,0,,g00,pre50_post150
1778,SA12/F02_SA12_R01.txt,train,F02,1,15.0,2004,6,1,6,1,1,1,0,0.975,g00,pre50_post150
1779,SA12/F02_SA12_R02.txt,train,F02,1,15.0,2202,6,1,6,1,1,1,0,0.505,g00,pre50_post150
1780,SA12/F02_SA12_R03.txt,train,F02,1,15.0,2258,6,1,6,1,0,0,0,,g00,pre50_post150
1781,SA12/F02_SA12_R04.txt,train,F02,1,15.0,1940,5,1,5,1,0,0,0,,g00,pre50_post150
1782,SA12/F02_SA12_R05.txt,train,F02,1,15.0,2004,5,0,5,0,0,0,0,,g00,pre50_post150
1783,SA12/F03_SA12_R01.txt,train,F03,1,15.0,1722,5,1,5,1,1,1,0,0.59,g00,pre50_post150
1784,SA12/F03_SA12_R02.txt,train,F03,1,15.0,1852,5,1,5,1,0,0,0,,g00,pre50_post150
1785,SA12/F03_SA12_R03.txt,train,F03,1,15.0,1894,6,1,6,1,0,0,0,,g00,pre50_post150
1786,SA12/F03_SA12_R04.txt,train,F03,1,15.0,1949,6,1,6,1,1,1,0,1.165,g00,pre50_post150
1787,SA12/F03_SA12_R05.txt,train,F03,1,15.0,2310,6,1,6,1,0,0,0,,g00,pre50_post150
1788,SA12/F04_SA12_R01.txt,train,F04,1,15.0,1606,5,1,5,1,1,1,0,1.095,g00,pre50_post150
1789,SA12/F04_SA12_R02.txt,train,F04,1,15.0,1583,5,1,5,1,1,1,0,0.77,g00,pre50_post150
1790,SA12/F04_SA12_R03.txt,train,F04,1,14.995,1796,5,1,5,1,1,1,0,0.465,g00,pre50_post150
1791,SA12/F04_SA12_R04.txt,train,F04,1,15.0,1685,5,1,5,1,1,1,0,0.95,g00,pre50_post150
1792,SA12/F04_SA12_R05.txt,train,F04,1,15.0,1712,5,1,5,1,1,1,0,0.74,g00,pre50_post150
1793,SA12/F05_SA12_R01.txt,train,F05,1,15.0,751,3,1,3,1,1,1,0,1.13,g00,pre50_post150
1794,SA12/F05_SA12_R02.txt,train,F05,1,15.0,899,3,1,3,1,1,1,0,0.37,g00,pre50_post150
1795,SA12/F05_SA12_R03.txt,train,F05,1,15.0,863,3,1,3,1,1,1,0,0.49,g00,pre50_post150
1796,SA12/F05_SA12_R04.txt,train,F05,1,15.0,839,3,1,3,1,1,1,0,0.785,g00,pre50_post150
1797,SA12/F05_SA12_R05.txt,train,F05,1,15.0,791,3,1,3,1,1,1,0,0.69,g00,pre50_post150
1798,SA12/F06_SA12_R01.txt,train,F06,1,14.995,1624,5,1,5,1,1,1,0,0.495,g00,pre50_post150
1799,SA12/F06_SA12_R02.txt,train,F06,1,15.0,1902,6,1,6,1,1,1,0,1.315,g00,pre50_post150
1800,SA12/F06_SA12_R03.txt,train,F06,1,14.995,1439,5,1,5,1,1,1,0,1.335,g00,pre50_post150
1801,SA12/F06_SA12_R04.txt,train,F06,1,14.995,1682,5,1,5,1,1,1,0,0.555,g00,pre50_post150
1802,SA12/F06_SA12_R05.txt,train,F06,1,15.0,1627,5,1,5,1,1,1,0,0.55,g00,pre50_post150
1803,SA12/F07_SA12_R01.txt,train,F07,1,15.0,1419,4,1,4,1,1,1,0,0.625,g00,pre50_post150
1804,SA12/F07_SA12_R02.txt,train,F07,1,15.0,1521,4,1,4,1,0,0,0,,g00,pre50_post150
1805,SA12/F07_SA12_R03.txt,train,F07,1,15.0,1361,4,1,4,1,1,1,0,0.705,g00,pre50_post150
1806,SA12/F07_SA12_R04.txt,train,F07,1,15.0,1572,5,1,5,1,1,1,0,0.95,g00,pre50_post150
1807,SA12/F07_SA12_R05.txt,train,F07,1,14.995,1540,5,1,5,1,1,1,0,1.315,g00,pre50_post150
1808,SA12/F08_SA12_R01.txt,train,F08,1,15.0,1266,2,1,2,1,1,1,0,1.065,g00,pre50_post150
1809,SA12/F08_SA12_R02.txt,train,F08,1,15.0,1199,1,0,1,0,0,0,0,,g00,pre50_post150
1810,SA12/F08_SA12_R03.txt,train,F08,1,15.0,1158,1,1,1,1,1,1,0,0.64,g00,pre50_post150
1811,SA12/F08_SA12_R04.txt,train,F08,1,15.0,1051,2,1,2,1,1,1,0,1.405,g00,pre50_post150
1812,SA12/F08_SA12_R05.txt,train,F08,1,15.0,1118,2,1,2,1,0,0,0,,g00,pre50_post150
1813,SA12/F09_SA12_R01.txt,train,F09,1,15.0,1198,1,0,1,0,0,0,0,,g00,pre50_post150
1814,SA12/F09_SA12_R02.txt,train,F09,1,15.0,1116,1,1,1,1,0,0,0,,g00,pre50_post150
1815,SA12/F09_SA12_R03.txt,train,F09,1,15.0,1219,2,1,2,1,1,1,0,1.21,g00,pre50_post150
1816,SA12/F09_SA12_R04.txt,train,F09,1,15.0,1087,2,1,2,1,1,1,0,1.365,g00,pre50_post150
1817,SA12/F09_SA12_R05.txt,train,F09,1,15.0,1157,1,1,1,1,0,0,0,,g00,pre50_post150
1818,SA12/F10_SA12_R01.txt,train,F10,1,15.0,1233,1,1,1,1,1,1,0,0.52,g00,pre50_post150
1819,SA12/F10_SA12_R02.txt,train,F10,1,15.0,1190,1,1,1,1,1,1,0,0.63,g00,pre50_post150
1820,SA12/F10_SA12_R03.txt,train,F10,1,15.0,1134,1,1,1,1,1,1,0,0.735,g00,pre50_post150
1821,SA12/F10_SA12_R04.txt,train,F10,1,15.0,1256,1,1,1,1,1,1,0,0.59,g00,pre50_post150
1822,SA12/F10_SA12_R05.txt,train,F10,1,15.0,1172,1,1,1,1,1,1,0,0.72,g00,pre50_post150
1823,SA12/F11_SA12_R01.txt,train,F11,1,14.995,1141,1,1,1,1,1,1,0,0.74,g00,pre50_post150
1824,SA12/F11_SA12_R02.txt,train,F11,1,15.0,1173,1,1,1,1,1,1,0,0.745,g00,pre50_post150
1825,SA12/F11_SA12_R03.txt,train,F11,1,15.0,944,1,1,1,1,0,0,0,,g00,pre50_post150
1826,SA12/F11_SA12_R04.txt,train,F11,1,15.0,961,1,1,1,1,1,1,0,0.75,g00,pre50_post150
1827,SA12/F11_SA12_R05.txt,train,F11,1,15.0,1183,1,1,1,1,1,1,0,0.43,g00,pre50_post150
1828,SA12/F12_SA12_R01.txt,train,F12,1,15.0,1004,1,1,1,1,1,1,0,0.73,g00,pre50_post150
1829,SA12/F12_SA12_R02.txt,train,F12,1,15.0,1046,1,1,1,1,1,1,0,0.685,g00,pre50_post150
1830,SA12/F12_SA12_R03.txt,train,F12,1,15.0,1279,1,1,1,1,1,1,0,0.71,g00,pre50_post150
1831,SA12/F12_SA12_R04.txt,train,F12,1,15.0,1127,1,1,1,1,1,1,0,0.75,g00,pre50_post150
1832,SA12/F12_SA12_R05.txt,train,F12,1,15.0,1277,1,1,1,1,1,1,0,0.74,g00,pre50_post150
1833,SA12/F13_SA12_R01.txt,train,F13,1,15.0,1704,1,1,1,1,0,0,0,,g00,pre50_post150
1834,SA12/F13_SA12_R02.txt,train,F13,1,15.0,921,1,1,1,1,1,1,0,0.295,g00,pre50_post150
1835,SA12/F13_SA12_R03.txt,train,F13,1,15.0,1175,1,1,1,1,1,1,0,0.41,g00,pre50_post150
1836,SA12/F13_SA12_R04.txt,train,F13,1,15.0,1075,1,1,1,1,1,1,0,0.485,g00,pre50_post150
1837,SA12/F13_SA12_R05.txt,train,F13,1,15.0,1551,1,1,1,1,1,1,0,0.285,g00,pre50_post150
1838,SA12/F14_SA12_R01.txt,train,F14,1,15.0,867,1,1,1,1,1,1,0,0.745,g00,pre50_post150
1839,SA12/F14_SA12_R02.txt,train,F14,1,15.0,959,1,1,1,1,1,1,0,0.54,g00,pre50_post150
1840,SA12/F14_SA12_R03.txt,train,F14,1,15.0,1154,1,1,1,1,0,0,0,,g00,pre50_post150
1841,SA12/F14_SA12_R04.txt,train,F14,1,15.0,1168,1,1,1,1,1,1,0,0.735,g00,pre50_post150
1842,SA12/F14_SA12_R05.txt,train,F14,1,15.0,1189,1,1,1,1,0,0,0,,g00,pre50_post150
1843,SA12/F15_SA12_R01.txt,train,F15,1,15.0,1242,1,1,1,1,1,1,0,0.57,g00,pre50_post150
1844,SA12/F15_SA12_R02.txt,train,F15,1,15.0,1305,1,1,1,1,1,1,0,0.705,g00,pre50_post150
1845,SA12/F15_SA12_R03.txt,train,F15,1,15.0,1223,1,1,1,1,1,1,0,0.74,g00,pre50_post150
1846,SA12/F15_SA12_R04.txt,train,F15,1,15.0,1236,1,1,1,1,1,1,0,0.75,g00,pre50_post150
1847,SA12/F15_SA12_R05.txt,train,F15,1,15.0,1232,1,1,1,1,1,1,0,0.44,g00,pre50_post150
2002,SA14/D01_SA14_R01.txt,train,D01,0,99.995,981,56,0,55,0,0,0,0,,g00,pre50_post150
2003,SA14/D02_SA14_R01.txt,train,D02,0,100.0,8585,63,0,61,0,0,0,0,,g00,pre50_post150
2004,SA14/D03_SA14_R01.txt,train,D03,0,100.0,12928,56,0,55,0,0,0,0,,g00,pre50_post150
2005,SA14/D04_SA14_R01.txt,train,D04,0,99.995,6178,58,0,56,0,0,0,0,,g00,pre50_post150
2006,SA14/D05_SA14_R01.txt,train,D05,0,25.0,3113,9,0,8,0,0,0,0,,g00,pre50_post150
2007,SA14/D05_SA14_R02.txt,train,D05,0,25.0,3130,10,0,10,0,0,0,0,,g00,pre50_post150
2008,SA14/D05_SA14_R03.txt,train,D05,0,25.0,3305,12,0,11,0,0,0,0,,g00,pre50_post150
2009,SA14/D05_SA14_R04.txt,train,D05,0,25.0,3265,12,0,12,0,0,0,0,,g00,pre50_post150
2010,SA14/D05_SA14_R05.txt,train,D05,0,24.995,3010,10,0,10,0,0,0,0,,g00,pre50_post150
2011,SA14/D06_SA14_R01.txt,train,D06,0,25.0,2414,7,0,7,0,0,0,0,,g00,pre50_post150
2012,SA14/D06_SA14_R02.txt,train,D06,0,24.995,1868,6,0,6,0,0,0,0,,g00,pre50_post150
2013,SA14/D06_SA14_R03.txt,train,D06,0,25.0,2031,8,0,8,0,0,0,0,,g00,pre50_post150
2014,SA14/D06_SA14_R04.txt,train,D06,0,25.0,2439,7,0,7,0,0,0,0,,g00,pre50_post150
2015,SA14/D06_SA14_R05.txt,train,D06,0,25.0,2192,7,0,7,0,0,0,0,,g00,pre50_post150
2016,SA14/D07_SA14_R01.txt,train,D07,0,12.0,1797,2,0,2,0,0,0,0,,g00,pre50_post150
2017,SA14/D07_SA14_R02.txt,train,D07,0,12.0,2088,2,0,2,0,0,0,0,,g00,pre50_post150
2018,SA14/D07_SA14_R03.txt,train,D07,0,12.0,1598,2,0,2,0,0,0,0,,g00,pre50_post150
2019,SA14/D07_SA14_R04.txt,train,D07,0,12.0,658,2,0,2,0,0,0,0,,g00,pre50_post150
2020,SA14/D07_SA14_R05.txt,train,D07,0,12.0,608,2,0,2,0,0,0,0,,g00,pre50_post150
2021,SA14/D08_SA14_R01.txt,train,D08,0,12.0,678,2,0,2,0,0,0,0,,g00,pre50_post150
2022,SA14/D08_SA14_R02.txt,train,D08,0,12.0,608,2,0,2,0,0,0,0,,g00,pre50_post150
2023,SA14/D08_SA14_R03.txt,train,D08,0,12.0,658,3,0,3,0,0,0,0,,g00,pre50_post150
2024,SA14/D08_SA14_R04.txt,train,D08,0,12.0,660,2,0,2,0,0,0,0,,g00,pre50_post150
2025,SA14/D08_SA14_R05.txt,train,D08,0,12.0,636,3,0,2,0,0,0,0,,g00,pre50_post150
2026,SA14/D09_SA14_R01.txt,train,D09,0,12.0,833,2,0,2,0,0,0,0,,g00,pre50_post150
2027,SA14/D09_SA14_R02.txt,train,D09,0,12.0,679,3,0,3,0,0,0,0,,g00,pre50_post150
2028,SA14/D09_SA14_R03.txt,train,D09,0,12.0,1007,3,0,3,0,0,0,0,,g00,pre50_post150
2029,SA14/D09_SA14_R04.txt,train,D09,0,12.0,1000,2,0,2,0,0,0,0,,g00,pre50_post150
2030,SA14/D09_SA14_R05.txt,train,D09,0,12.0,929,2,0,2,0,0,0,0,,g00,pre50_post150
2031,SA14/D10_SA14_R01.txt,train,D10,0,12.0,735,2,0,2,0,0,0,0,,g00,pre50_post150
2032,SA14/D10_SA14_R02.txt,train,D10,0,12.0,594,2,0,2,0,0,0,0,,g00,pre50_post150
2033,SA14/D10_SA14_R03.txt,train,D10,0,12.0,688,2,0,2,0,0,0,0,,g00,pre50_post150
2034,SA14/D10_SA14_R04.txt,train,D10,0,12.0,613,2,0,2,0,0,0,0,,g00,pre50_post150
2035,SA14/D10_SA14_R05.txt,train,D10,0,12.0,627,2,0,2,0,0,0,0,,g00,pre50_post150
2036,SA14/D11_SA14_R01.txt,train,D11,0,11.995,1336,1,0,1,0,0,0,0,,g00,pre50_post150
2037,SA14/D11_SA14_R02.txt,train,D11,0,12.0,1529,1,0,1,0,0,0,0,,g00,pre50_post150
2038,SA14/D11_SA14_R03.txt,train,D11,0,12.0,1197,1,0,1,0,0,0,0,,g00,pre50_post150
2039,SA14/D11_SA14_R04.txt,train,D11,0,12.0,1405,1,0,1,0,0,0,0,,g00,pre50_post150
2040,SA14/D11_SA14_R05.txt,train,D11,0,12.0,1143,1,0,1,0,0,0,0,,g00,pre50_post150
2041,SA14/D12_SA14_R01.txt,train,D12,0,12.0,570,0,0,0,0,0,0,0,,g00,pre50_post150
2042,SA14/D12_SA14_R02.txt,train,D12,0,12.0,682,1,0,1,0,0,0,0,,g00,pre50_post150
2043,SA14/D12_SA14_R03.txt,train,D12,0,12.0,856,1,0,1,0,0,0,0,,g00,pre50_post150
2044,SA14/D12_SA14_R04.txt,train,D12,0,12.0,768,2,0,2,0,0,0,0,,g00,pre50_post150
2045,SA14/D12_SA14_R05.txt,train,D12,0,12.0,741,1,0,1,0,0,0,0,,g00,pre50_post150
2046,SA14/D13_SA14_R01.txt,train,D13,0,12.0,585,2,0,2,0,0,0,0,,g00,pre50_post150
2047,SA14/D13_SA14_R02.txt,train,D13,0,12.0,1388,2,0,2,0,0,0,0,,g00,pre50_post150
2048,SA14/D13_SA14_R03.txt,train,D13,0,12.0,805,2,0,2,0,0,0,0,,g00,pre50_post150
2049,SA14/D13_SA14_R04.txt,train,D13,0,12.0,808,2,0,2,0,0,0,0,,g00,pre50_post150
2050,SA14/D13_SA14_R05.txt,train,D13,0,12.0,1473,2,0,2,0,0,0,0,,g00,pre50_post150
2051,SA14/D14_SA14_R01.txt,train,D14,0,12.0,1985,2,0,2,0,0,0,0,,g00,pre50_post150
2052,SA14/D14_SA14_R02.txt,train,D14,0,12.0,757,2,0,2,0,0,0,0,,g00,pre50_post150
2053,SA14/D14_SA14_R03.txt,train,D14,0,12.0,1048,2,0,1,0,0,0,0,,g00,pre50_post150
2054,SA14/D14_SA14_R04.txt,train,D14,0,12.0,668,2,0,2,0,0,0,0,,g00,pre50_post150
2055,SA14/D14_SA14_R05.txt,train,D14,0,12.0,1995,1,0,1,0,0,0,0,,g00,pre50_post150
2056,SA14/D15_SA14_R01.txt,train,D15,0,12.0,602,3,0,3,0,0,0,0,,g00,pre50_post150
2057,SA14/D15_SA14_R02.txt,train,D15,0,12.0,2166,3,0,3,0,0,0,0,,g00,pre50_post150
2058,SA14/D15_SA14_R03.txt,train,D15,0,12.0,1784,3,0,3,0,0,0,0,,g00,pre50_post150
2059,SA14/D15_SA14_R04.txt,train,D15,0,12.0,846,2,0,2,0,0,0,0,,g00,pre50_post150
2060,SA14/D15_SA14_R05.txt,train,D15,0,12.0,925,3,0,3,0,0,0,0,,g00,pre50_post150
2061,SA14/D16_SA14_R01.txt,train,D16,0,11.995,692,2,0,2,0,0,0,0,,g00,pre50_post150
2062,SA14/D16_SA14_R02.txt,train,D16,0,12.0,770,4,0,4,0,0,0,0,,g00,pre50_post150
2063,SA14/D16_SA14_R03.txt,train,D16,0,12.0,599,4,0,4,0,0,0,0,,g00,pre50_post150
2064,SA14/D16_SA14_R04.txt,train,D16,0,12.0,613,2,0,2,0,0,0,0,,g00,pre50_post150
2065,SA14/D16_SA14_R05.txt,train,D16,0,12.0,663,2,0,2,0,0,0,0,,g00,pre50_post150
2066,SA14/D17_SA14_R01.txt,train,D17,0,24.995,3271,4,0,4,0,0,0,0,,g00,pre50_post150
2067,SA14/D17_SA14_R02.txt,train,D17,0,25.0,3571,4,0,4,0,0,0,0,,g00,pre50_post150
2068,SA14/D17_SA14_R03.txt,train,D17,0,25.0,1138,4,0,4,0,0,0,0,,g00,pre50_post150
2069,SA14/D17_SA14_R04.txt,train,D17,0,25.0,3637,5,0,5,0,0,0,0,,g00,pre50_post150
2070,SA14/D17_SA14_R05.txt,train,D17,0,25.0,4102,4,0,4,0,0,0,0,,g00,pre50_post150
2071,SA14/D18_SA14_R01.txt,train,D18,0,12.0,846,7,0,7,0,0,0,0,,g00,pre50_post150
2072,SA14/D18_SA14_R02.txt,train,D18,0,12.0,1073,6,0,6,0,0,0,0,,g00,pre50_post150
2073,SA14/D18_SA14_R03.txt,train,D18,0,12.0,1272,6,0,6,0,0,0,0,,g00,pre50_post150
2074,SA14/D18_SA14_R04.txt,train,D18,0,12.0,1004,7,0,7,0,0,0,0,,g00,pre50_post150
2075,SA14/D18_SA14_R05.txt,train,D18,0,12.0,922,7,0,7,0,0,0,0,,g00,pre50_post150
2076,SA14/D19_SA14_R01.txt,train,D19,0,12.0,243,2,0,2,0,0,0,0,,g00,pre50_post150
2077,SA14/D19_SA14_R02.txt,train,D19,0,12.0,1259,2,0,2,0,0,0,0,,g00,pre50_post150
2078,SA14/D19_SA14_R03.txt,train,D19,0,12.0,993,2,0,2,0,0,0,0,,g00,pre50_post150
2079,SA14/D19_SA14_R04.txt,train,D19,0,12.0,1793,3,0,3,0,0,0,0,,g00,pre50_post150
2080,SA14/D19_SA14_R05.txt,train,D19,0,12.0,1335,3,0,3,0,0,0,0,,g00,pre50_post150
2081,SA14/F01_SA14_R01.txt,train,F01,1,14.995,1337,5,0,5,0,0,0,0,,g00,pre50_post150
2082,SA14/F01_SA14_R02.txt,train,F01,1,14.91,1307,4,1,4,1,1,1,0,0.395,g00,pre50_post150
2083,SA14/F01_SA14_R03.txt,train,F01,1,15.0,1437,4,1,4,1,0,0,0,,g00,pre50_post150
2084,SA14/F01_SA14_R04.txt,train,F01,1,15.0,1267,4,1,4,1,1,1,0,0.59,g00,pre50_post150
2085,SA14/F01_SA14_R05.txt,train,F01,1,15.0,1262,4,1,4,1,1,1,0,0.65,g00,pre50_post150
2086,SA14/F02_SA14_R01.txt,train,F02,1,15.0,1710,6,1,6,1,0,0,0,,g00,pre50_post150
2087,SA14/F02_SA14_R02.txt,train,F02,1,15.0,1654,6,1,6,1,0,0,0,,g00,pre50_post150
2088,SA14/F02_SA14_R03.txt,train,F02,1,15.0,1564,5,1,5,1,1,1,0,0.98,g00,pre50_post150
2089,SA14/F02_SA14_R04.txt,train,F02,1,15.0,1526,5,1,5,1,1,1,0,0.985,g00,pre50_post150
2090,SA14/F02_SA14_R05.txt,train,F02,1,15.0,1449,5,1,5,1,1,1,0,1.295,g00,pre50_post150
2091,SA14/F03_SA14_R01.txt,train,F03,1,15.0,671,3,1,3,1,0,0,0,,g00,pre50_post150
2092,SA14/F03_SA14_R02.txt,train,F03,1,15.0,807,3,1,3,1,1,1,0,1.045,g00,pre50_post150
2093,SA14/F03_SA14_R03.txt,train,F03,1,15.0,848,3,1,3,1,1,1,0,0.67,g00,pre50_post150
2094,SA14/F03_SA14_R04.txt,train,F03,1,15.0,899,3,1,3,1,1,1,0,0.235,g00,pre50_post150
2095,SA14/F03_SA14_R05.txt,train,F03,1,15.0,838,3,1,3,1,1,1,0,0.545,g00,pre50_post150
2096,SA14/F04_SA14_R01.txt,train,F04,1,15.0,1153,4,1,4,1,1,1,0,1.075,g00,pre50_post150
2097,SA14/F04_SA14_R02.txt,train,F04,1,15.0,1033,4,1,3,1,1,1,0,0.96,g00,pre50_post150
2098,SA14/F04_SA14_R03.txt,train,F04,1,15.0,1127,4,1,4,1,1,1,0,0.72,g00,pre50_post150
2099,SA14/F04_SA14_R04.txt,train,F04,1,15.0,1116,4,1,4,1,1,1,0,0.755,g00,pre50_post150
2100,SA14/F04_SA14_R05.txt,train,F04,1,14.995,1132,4,1,4,1,1,1,0,0.745,g00,pre50_post150
2101,SA14/F05_SA14_R01.txt,train,F05,1,15.0,868,3,1,3,1,1,1,0,0.41,g00,pre50_post150
2102,SA14/F05_SA14_R02.txt,train,F05,1,15.0,814,3,1,3,1,1,1,0,0.47,g00,pre50_post150
2103,SA14/F05_SA14_R03.txt,train,F05,1,15.0,911,4,1,4,1,0,0,0,,g00,pre50_post150
2104,SA14/F05_SA14_R04.txt,train,F05,1,15.0,835,3,1,3,1,1,1,0,0.495,g00,pre50_post150
2105,SA14/F05_SA14_R05.txt,train,F05,1,15.0,905,3,1,3,1,1,1,0,0.455,g00,pre50_post150
2106,SA14/F06_SA14_R01.txt,train,F06,1,14.995,1409,5,1,5,1,1,1,0,0.975,g00,pre50_post150
2107,SA14/F06_SA14_R02.txt,train,F06,1,14.905,1303,4,1,4,1,1,1,0,0.11,g00,pre50_post150
2108,SA14/F06_SA14_R03.txt,train,F06,1,15.0,1314,5,1,5,1,1,1,0,0.99,g00,pre50_post150
2109,SA14/F06_SA14_R04.txt,train,F06,1,15.0,1323,5,1,5,1,0,0,0,,g00,pre50_post150
2110,SA14/F06_SA14_R05.txt,train,F06,1,15.0,1327,4,1,4,1,0,0,0,,g00,pre50_post150
2111,SA14/F07_SA14_R01.txt,train,F07,1,15.0,1371,5,1,5,1,1,1,0,1.2,g00,pre50_post150
2112,SA14/F07_SA14_R02.txt,train,F07,1,15.0,1247,5,1,5,1,1,0,1,,g00,pre50_post150
2113,SA14/F07_SA14_R03.txt,train,F07,1,15.0,1226,4,1,4,1,1,1,0,0.615,g00,pre50_post150
2114,SA14/F07_SA14_R04.txt,train,F07,1,15.0,1468,5,1,5,1,1,1,0,0.985,g00,pre50_post150
2115,SA14/F07_SA14_R05.txt,train,F07,1,15.0,1360,4,1,4,1,0,0,0,,g00,pre50_post150
2116,SA14/F08_SA14_R01.txt,train,F08,1,15.0,659,2,1,2,1,1,1,0,0.655,g00,pre50_post150
2117,SA14/F08_SA14_R02.txt,train,F08,1,15.0,1160,2,1,2,1,1,1,0,1.265,g00,pre50_post150
2118,SA14/F08_SA14_R03.txt,train,F08,1,15.0,1027,2,1,2,1,1,1,0,0.96,g00,pre50_post150
2119,SA14/F08_SA14_R04.txt,train,F08,1,15.0,1424,2,1,2,1,0,0,0,,g00,pre50_post150
2120,SA14/F08_SA14_R05.txt,train,F08,1,14.995,996,2,1,2,1,1,1,0,0.995,g00,pre50_post150
2121,SA14/F09_SA14_R01.txt,train,F09,1,15.0,972,2,1,2,1,1,1,0,0.995,g00,pre50_post150
2122,SA14/F09_SA14_R02.txt,train,F09,1,15.0,1144,2,1,2,1,1,1,0,1.29,g00,pre50_post150
2123,SA14/F09_SA14_R03.txt,train,F09,1,15.0,963,2,1,2,1,1,1,0,1.335,g00,pre50_post150
2124,SA14/F09_SA14_R04.txt,train,F09,1,15.0,844,2,1,2,1,1,1,0,0.995,g00,pre50_post150
2125,SA14/F09_SA14_R05.txt,train,F09,1,15.0,939,2,1,2,1,1,1,0,0.995,g00,pre50_post150
2126,SA14/F10_SA14_R01.txt,train,F10,1,15.0,1014,1,1,1,1,1,1,0,0.445,g00,pre50_post150
2127,SA14/F10_SA14_R02.txt,train,F10,1,15.0,764,1,1,1,1,1,1,0,0.18,g00,pre50_post150
2128,SA14/F10_SA14_R03.txt,train,F10,1,15.0,1046,2,1,2,1,0,0,0,,g00,pre50_post150
2129,SA14/F10_SA14_R04.txt,train,F10,1,15.0,763,1,1,1,1,1,1,0,0.725,g00,pre50_post150
2130,SA14/F10_SA14_R05.txt,train,F10,1,15.0,908,2,1,2,1,0,0,0,,g00,pre50_post150
2131,SA14/F11_SA14_R01.txt,train,F11,1,14.995,737,1,1,1,1,0,0,0,,g00,pre50_post150
2132,SA14/F11_SA14_R02.txt,train,F11,1,14.91,798,1,1,1,1,0,0,0,,g00,pre50_post150
2133,SA14/F11_SA14_R03.txt,train,F11,1,15.0,1088,1,1,1,1,0,0,0,,g00,pre50_post150
2134,SA14/F11_SA14_R04.txt,train,F11,1,15.0,808,1,0,1,0,0,0,0,,g00,pre50_post150
2135,SA14/F11_SA14_R05.txt,train,F11,1,15.0,958,1,1,1,1,0,0,0,,g00,pre50_post150
2136,SA14/F12_SA14_R01.txt,train,F12,1,14.995,790,1,1,1,1,0,0,0,,g00,pre50_post150
2137,SA14/F12_SA14_R02.txt,train,F12,1,15.0,752,2,1,2,1,1,1,0,1.275,g00,pre50_post150
2138,SA14/F12_SA14_R03.txt,train,F12,1,15.0,877,2,1,2,1,0,0,0,,g00,pre50_post150
2139,SA14/F12_SA14_R04.txt,train,F12,1,15.0,714,1,1,1,1,0,0,0,,g00,pre50_post150
2140,SA14/F12_SA14_R05.txt,train,F12,1,15.0,929,1,1,1,1,0,0,0,,g00,pre50_post150
2141,SA14/F13_SA14_R01.txt,train,F13,1,15.0,930,2,1,2,1,0,0,0,,g00,pre50_post150
2142,SA14/F13_SA14_R02.txt,train,F13,1,15.0,898,1,1,1,1,0,0,0,,g00,pre50_post150
2143,SA14/F13_SA14_R03.txt,train,F13,1,15.0,1118,1,1,1,1,1,1,0,0.26,g00,pre50_post150
2144,SA14/F13_SA14_R04.txt,train,F13,1,15.0,791,1,0,1,0,0,0,0,,g00,pre50_post150
2145,SA14/F13_SA14_R05.txt,train,F13,1,15.0,887,1,1,1,1,0,0,0,,g00,pre50_post150
2146,SA14/F14_SA14_R01.txt,train,F14,1,15.0,640,1,1,1,1,1,1,0,0.73,g00,pre50_post150
2147,SA14/F14_SA14_R02.txt,train,F14,1,15.0,791,1,1,1,1,1,1,0,0.725,g00,pre50_post150
2148,SA14/F14_SA14_R03.txt,train,F14,1,15.0,908,1,1,1,1,1,1,0,0.66,g00,pre50_post150
2149,SA14/F14_SA14_R04.txt,train,F14,1,15.0,676,1,1,1,1,1,1,0,0.685,g00,pre50_post150
2150,SA14/F14_SA14_R05.txt,train,F14,1,15.0,976,1,1,1,1,1,1,0,0.735,g00,pre50_post150
2151,SA14/F15_SA14_R01.txt,train,F15,1,15.0,813,1,1,1,1,1,1,0,0.75,g00,pre50_post150
2152,SA14/F15_SA14_R02.txt,train,F15,1,15.0,886,1,1,1,1,1,1,0,0.74,g00,pre50_post150
2153,SA14/F15_SA14_R03.txt,train,F15,1,15.0,704,1,1,1,1,1,1,0,0.76,g00,pre50_post150
2154,SA14/F15_SA14_R04.txt,train,F15,1,15.0,638,1,1,1,1,1,1,0,0.765,g00,pre50_post150
2155,SA14/F15_SA14_R05.txt,train,F15,1,15.0,818,1,1,1,1,1,1,0,0.73,g00,pre50_post150
2156,SA15/D01_SA15_R01.txt,train,D01,0,99.995,8372,56,0,55,0,0,0,0,,g00,pre50_post150
2157,SA15/D02_SA15_R01.txt,train,D02,0,100.0,7269,62,0,60,0,0,0,0,,g00,pre50_post150
2158,SA15/D03_SA15_R01.txt,train,D03,0,100.0,4665,63,0,62,0,0,0,0,,g00,pre50_post150
2159,SA15/D04_SA15_R01.txt,train,D04,0,100.0,430,58,0,57,0,0,0,0,,g00,pre50_post150
2160,SA15/D05_SA15_R01.txt,train,D05,0,25.0,2764,10,0,9,0,0,0,0,,g00,pre50_post150
2161,SA15/D05_SA15_R02.txt,train,D05,0,25.0,3249,9,0,9,0,0,0,0,,g00,pre50_post150
2162,SA15/D05_SA15_R03.txt,train,D05,0,25.0,3637,11,0,11,0,0,0,0,,g00,pre50_post150
2163,SA15/D05_SA15_R04.txt,train,D05,0,25.0,3981,11,0,11,0,0,0,0,,g00,pre50_post150
2164,SA15/D05_SA15_R05.txt,train,D05,0,25.0,3913,11,0,11,0,0,0,0,,g00,pre50_post150
2165,SA15/D06_SA15_R01.txt,train,D06,0,24.995,2096,6,0,6,0,0,0,0,,g00,pre50_post150
2166,SA15/D06_SA15_R02.txt,train,D06,0,25.0,449,6,0,6,0,0,0,0,,g00,pre50_post150
2167,SA15/D06_SA15_R03.txt,train,D06,0,25.0,2005,6,0,6,0,0,0,0,,g00,pre50_post150
2168,SA15/D06_SA15_R04.txt,train,D06,0,25.0,2403,7,0,7,0,0,0,0,,g00,pre50_post150
2169,SA15/D06_SA15_R05.txt,train,D06,0,25.0,2301,6,0,6,0,0,0,0,,g00,pre50_post150
2170,SA15/D07_SA15_R01.txt,train,D07,0,12.0,613,2,0,2,0,0,0,0,,g00,pre50_post150
2171,SA15/D07_SA15_R02.txt,train,D07,0,12.0,890,2,0,2,0,0,0,0,,g00,pre50_post150
2172,SA15/D07_SA15_R03.txt,train,D07,0,12.0,724,2,0,2,0,0,0,0,,g00,pre50_post150
2173,SA15/D07_SA15_R04.txt,train,D07,0,12.0,686,2,0,2,0,0,0,0,,g00,pre50_post150
2174,SA15/D07_SA15_R05.txt,train,D07,0,12.0,586,2,0,2,0,0,0,0,,g00,pre50_post150
2175,SA15/D08_SA15_R01.txt,train,D08,0,12.0,762,2,0,2,0,0,0,0,,g00,pre50_post150
2176,SA15/D08_SA15_R02.txt,train,D08,0,12.0,737,2,0,2,0,0,0,0,,g00,pre50_post150
2177,SA15/D08_SA15_R03.txt,train,D08,0,12.0,688,2,0,2,0,0,0,0,,g00,pre50_post150
2178,SA15/D08_SA15_R04.txt,train,D08,0,12.0,614,2,0,2,0,0,0,0,,g00,pre50_post150
2179,SA15/D08_SA15_R05.txt,train,D08,0,12.0,686,2,0,2,0,0,0,0,,g00,pre50_post150
2180,SA15/D09_SA15_R01.txt,train,D09,0,12.0,614,2,0,2,0,0,0,0,,g00,pre50_post150
2181,SA15/D09_SA15_R02.txt,train,D09,0,12.0,704,2,0,2,0,0,0,0,,g00,pre50_post150
2182,SA15/D09_SA15_R03.txt,train,D09,0,12.0,779,2,0,2,0,0,0,0,,g00,pre50_post150
2183,SA15/D09_SA15_R04.txt,train,D09,0,12.0,775,2,0,2,0,0,0,0,,g00,pre50_post150
2184,SA15/D09_SA15_R05.txt,train,D09,0,12.0,743,2,0,2,0,0,0,0,,g00,pre50_post150
2185,SA15/D10_SA15_R01.txt,train,D10,0,12.0,612,2,0,2,0,0,0,0,,g00,pre50_post150
2186,SA15/D10_SA15_R02.txt,train,D10,0,12.0,517,2,0,2,0,0,0,0,,g00,pre50_post150
2187,SA15/D10_SA15_R03.txt,train,D10,0,12.0,591,2,0,2,0,0,0,0,,g00,pre50_post150
2188,SA15/D10_SA15_R04.txt,train,D10,0,12.0,580,2,0,2,0,0,0,0,,g00,pre50_post150
2189,SA15/D10_SA15_R05.txt,train,D10,0,12.0,596,2,0,2,0,0,0,0,,g00,pre50_post150
2190,SA15/D11_SA15_R01.txt,train,D11,0,11.995,1225,1,0,1,0,0,0,0,,g00,pre50_post150
2191,SA15/D11_SA15_R02.txt,train,D11,0,12.0,1513,1,0,1,0,0,0,0,,g00,pre50_post150
2192,SA15/D11_SA15_R03.txt,train,D11,0,12.0,1409,1,0,1,0,0,0,0,,g00,pre50_post150
2193,SA15/D11_SA15_R04.txt,train,D11,0,12.0,1392,1,0,1,0,0,0,0,,g00,pre50_post150
2194,SA15/D11_SA15_R05.txt,train,D11,0,12.0,1236,1,0,1,0,0,0,0,,g00,pre50_post150
2195,SA15/D12_SA15_R01.txt,train,D12,0,12.0,777,2,0,2,0,0,0,0,,g00,pre50_post150
2196,SA15/D12_SA15_R02.txt,train,D12,0,12.0,817,1,0,1,0,0,0,0,,g00,pre50_post150
2197,SA15/D12_SA15_R03.txt,train,D12,0,12.0,818,2,0,2,0,0,0,0,,g00,pre50_post150
2198,SA15/D12_SA15_R04.txt,train,D12,0,11.995,685,1,0,1,0,0,0,0,,g00,pre50_post150
2199,SA15/D12_SA15_R05.txt,train,D12,0,12.0,995,0,0,0,0,0,0,0,,g00,pre50_post150
2200,SA15/D13_SA15_R01.txt,train,D13,0,12.0,616,2,0,2,0,0,0,0,,g00,pre50_post150
2201,SA15/D13_SA15_R02.txt,train,D13,0,12.0,510,2,0,2,0,0,0,0,,g00,pre50_post150
2202,SA15/D13_SA15_R03.txt,train,D13,0,12.0,575,2,0,2,0,0,0,0,,g00,pre50_post150
2203,SA15/D13_SA15_R04.txt,train,D13,0,12.0,646,2,0,2,0,0,0,0,,g00,pre50_post150
2204,SA15/D13_SA15_R05.txt,train,D13,0,12.0,673,2,0,2,0,0,0,0,,g00,pre50_post150
2205,SA15/D14_SA15_R01.txt,train,D14,0,12.0,1893,3,0,3,0,0,0,0,,g00,pre50_post150
2206,SA15/D14_SA15_R02.txt,train,D14,0,12.0,1927,2,0,2,0,0,0,0,,g00,pre50_post150
2207,SA15/D14_SA15_R03.txt,train,D14,0,12.0,1655,2,0,2,0,0,0,0,,g00,pre50_post150
2208,SA15/D14_SA15_R04.txt,train,D14,0,12.0,1677,2,0,2,0,0,0,0,,g00,pre50_post150
2209,SA15/D14_SA15_R05.txt,train,D14,0,12.0,1873,3,0,3,0,0,0,0,,g00,pre50_post150
2210,SA15/D15_SA15_R01.txt,train,D15,0,12.0,1438,2,0,2,0,0,0,0,,g00,pre50_post150
2211,SA15/D15_SA15_R02.txt,train,D15,0,12.0,2044,2,0,2,0,0,0,0,,g00,pre50_post150
2212,SA15/D15_SA15_R03.txt,train,D15,0,12.0,1304,2,0,2,0,0,0,0,,g00,pre50_post150
2213,SA15/D15_SA15_R04.txt,train,D15,0,12.0,1601,2,0,2,0,0,0,0,,g00,pre50_post150
2214,SA15/D15_SA15_R05.txt,train,D15,0,12.0,1599,2,0,2,0,0,0,0,,g00,pre50_post150
2215,SA15/D16_SA15_R01.txt,train,D16,0,11.995,1325,0,0,0,0,0,0,0,,g00,pre50_post150
2216,SA15/D16_SA15_R02.txt,train,D16,0,12.0,735,0,0,0,0,0,0,0,,g00,pre50_post150
2217,SA15/D16_SA15_R03.txt,train,D16,0,12.0,643,0,0,0,0,0,0,0,,g00,pre50_post150
2218,SA15/D16_SA15_R04.txt,train,D16,0,12.0,617,0,0,0,0,0,0,0,,g00,pre50_post150
2219,SA15/D16_SA15_R05.txt,train,D16,0,12.0,1638,0,0,0,0,0,0,0,,g00,pre50_post150
2220,SA15/D18_SA15_R01.txt,train,D18,0,12.0,824,7,0,7,0,0,0,0,,g00,pre50_post150
2221,SA15/D18_SA15_R02.txt,train,D18,0,12.0,1047,7,0,7,0,0,0,0,,g00,pre50_post150
2222,SA15/D18_SA15_R03.txt,train,D18,0,12.0,1103,7,0,7,0,0,0,0,,g00,pre50_post150
2223,SA15/D18_SA15_R04.txt,train,D18,0,12.0,1030,7,0,7,0,0,0,0,,g00,pre50_post150
2224,SA15/D18_SA15_R05.txt,train,D18,0,12.0,917,7,0,7,0,0,0,0,,g00,pre50_post150
2225,SA15/D19_SA15_R01.txt,train,D19,0,12.0,772,2,0,2,0,0,0,0,,g00,pre50_post150
2226,SA15/D19_SA15_R02.txt,train,D19,0,12.0,1148,2,0,2,0,0,0,0,,g00,pre50_post150
2227,SA15/D19_SA15_R03.txt,train,D19,0,12.0,752,2,0,2,0,0,0,0,,g00,pre50_post150
2228,SA15/D19_SA15_R04.txt,train,D19,0,12.0,1157,2,0,2,0,0,0,0,,g00,pre50_post150
2229,SA15/D19_SA15_R05.txt,train,D19,0,12.0,1309,2,0,2,0,0,0,0,,g00,pre50_post150
2230,SA15/F01_SA15_R01.txt,train,F01,1,14.995,1457,5,1,5,1,1,1,0,0.55,g00,pre50_post150
2231,SA15/F01_SA15_R02.txt,train,F01,1,15.0,1458,4,1,4,1,1,1,0,0.12,g00,pre50_post150
2232,SA15/F01_SA15_R03.txt,train,F01,1,15.0,1539,5,1,5,1,1,1,0,0.47,g00,pre50_post150
2233,SA15/F01_SA15_R04.txt,train,F01,1,15.0,1527,5,1,5,1,1,1,0,0.595,g00,pre50_post150
2234,SA15/F01_SA15_R05.txt,train,F01,1,15.0,1432,5,1,5,1,1,1,0,1.065,g00,pre50_post150
2235,SA15/F02_SA15_R01.txt,train,F02,1,15.0,1355,4,1,4,1,0,0,0,,g00,pre50_post150
2236,SA15/F02_SA15_R02.txt,train,F02,1,15.0,1442,5,1,5,1,1,1,0,0.74,g00,pre50_post150
2237,SA15/F02_SA15_R03.txt,train,F02,1,15.0,1505,5,1,5,1,1,1,0,0.32,g00,pre50_post150
2238,SA15/F02_SA15_R04.txt,train,F02,1,15.0,1556,5,1,5,1,1,1,0,0.615,g00,pre50_post150
2239,SA15/F02_SA15_R05.txt,train,F02,1,15.0,1586,5,1,5,1,1,1,0,0.245,g00,pre50_post150
2240,SA15/F03_SA15_R01.txt,train,F03,1,15.0,1423,5,1,5,1,1,1,0,0.99,g00,pre50_post150
2241,SA15/F03_SA15_R02.txt,train,F03,1,15.0,943,3,1,3,1,1,1,0,0.485,g00,pre50_post150
2242,SA15/F03_SA15_R03.txt,train,F03,1,15.0,1079,3,1,3,1,1,1,0,0.63,g00,pre50_post150
2243,SA15/F03_SA15_R04.txt,train,F03,1,15.0,1163,4,1,4,1,1,1,0,1.275,g00,pre50_post150
2244,SA15/F03_SA15_R05.txt,train,F03,1,15.0,1262,4,1,4,1,1,1,0,0.55,g00,pre50_post150
2245,SA15/F04_SA15_R01.txt,train,F04,1,15.0,1412,5,1,5,1,1,1,0,0.965,g00,pre50_post150
2246,SA15/F04_SA15_R02.txt,train,F04,1,15.0,1368,5,1,5,1,1,1,0,0.97,g00,pre50_post150
2247,SA15/F04_SA15_R03.txt,train,F04,1,15.0,1490,5,1,5,1,1,1,0,0.765,g00,pre50_post150
2248,SA15/F04_SA15_R04.txt,train,F04,1,15.0,1457,4,0,4,0,0,0,0,,g00,pre50_post150
2249,SA15/F04_SA15_R05.txt,train,F04,1,15.0,1458,4,0,4,0,0,0,0,,g00,pre50_post150
2250,SA15/F05_SA15_R01.txt,train,F05,1,15.0,1098,4,1,4,1,0,0,0,,g00,pre50_post150
2251,SA15/F05_SA15_R02.txt,train,F05,1,15.0,1236,4,1,4,1,1,1,0,0.16,g00,pre50_post150
2252,SA15/F05_SA15_R03.txt,train,F05,1,15.0,1107,4,1,4,1,1,1,0,0.59,g00,pre50_post150
2253,SA15/F05_SA15_R04.txt,train,F05,1,15.0,1121,4,1,4,1,1,1,0,0.41,g00,pre50_post150
2254,SA15/F05_SA15_R05.txt,train,F05,1,15.0,1077,4,1,4,1,1,1,0,0.775,g00,pre50_post150
2255,SA15/F06_SA15_R01.txt,train,F06,1,14.995,1519,5,1,5,1,1,1,0,0.945,g00,pre50_post150
2256,SA15/F06_SA15_R02.txt,train,F06,1,15.0,1581,5,1,5,1,1,1,0,0.61,g00,pre50_post150
2257,SA15/F06_SA15_R03.txt,train,F06,1,15.0,1567,6,1,6,1,1,1,0,0.49,g00,pre50_post150
2258,SA15/F06_SA15_R04.txt,train,F06,1,15.0,1601,5,1,5,1,1,1,0,0.605,g00,pre50_post150
2259,SA15/F06_SA15_R05.txt,train,F06,1,15.0,1576,6,1,6,1,1,1,0,0.64,g00,pre50_post150
2260,SA15/F07_SA15_R01.txt,train,F07,1,15.0,1342,4,1,4,1,1,1,0,0.45,g00,pre50_post150
2261,SA15/F07_SA15_R02.txt,train,F07,1,15.0,1396,4,1,4,1,1,1,0,0.395,g00,pre50_post150
2262,SA15/F07_SA15_R03.txt,train,F07,1,15.0,1560,5,1,5,1,1,1,0,1.26,g00,pre50_post150
2263,SA15/F07_SA15_R04.txt,train,F07,1,15.0,1637,5,1,5,1,1,1,0,0.545,g00,pre50_post150
2264,SA15/F07_SA15_R05.txt,train,F07,1,15.0,1650,5,1,5,1,1,1,0,0.62,g00,pre50_post150
2265,SA15/F08_SA15_R01.txt,train,F08,1,14.995,1363,1,1,1,1,1,1,0,0.75,g00,pre50_post150
2266,SA15/F08_SA15_R02.txt,train,F08,1,15.0,1355,1,1,1,1,0,0,0,,g00,pre50_post150
2267,SA15/F08_SA15_R03.txt,train,F08,1,15.0,1485,1,1,1,1,0,0,0,,g00,pre50_post150
2268,SA15/F08_SA15_R04.txt,train,F08,1,15.0,1506,1,1,1,1,0,0,0,,g00,pre50_post150
2269,SA15/F08_SA15_R05.txt,train,F08,1,15.0,1366,1,1,1,1,1,1,0,0.61,g00,pre50_post150
2270,SA15/F09_SA15_R01.txt,train,F09,1,15.0,1099,1,1,1,1,1,1,0,0.68,g00,pre50_post150
2271,SA15/F09_SA15_R02.txt,train,F09,1,15.0,1230,1,1,1,1,1,1,0,0.7,g00,pre50_post150
2272,SA15/F09_SA15_R03.txt,train,F09,1,15.0,1208,1,1,1,1,1,1,0,0.72,g00,pre50_post150
2273,SA15/F09_SA15_R04.txt,train,F09,1,15.0,1226,1,1,1,1,1,1,0,0.54,g00,pre50_post150
2274,SA15/F09_SA15_R05.txt,train,F09,1,15.0,1305,1,1,1,1,1,1,0,0.575,g00,pre50_post150
2275,SA15/F10_SA15_R01.txt,train,F10,1,15.0,1199,1,1,1,1,1,1,0,0.645,g00,pre50_post150
2276,SA15/F10_SA15_R02.txt,train,F10,1,15.0,2091,1,1,1,1,1,1,0,0.74,g00,pre50_post150
2277,SA15/F10_SA15_R03.txt,train,F10,1,15.0,1238,1,1,1,1,1,1,0,0.535,g00,pre50_post150
2278,SA15/F10_SA15_R04.txt,train,F10,1,15.0,1397,1,1,1,1,1,1,0,0.525,g00,pre50_post150
2279,SA15/F10_SA15_R05.txt,train,F10,1,15.0,1238,1,1,1,1,1,1,0,0.41,g00,pre50_post150
2280,SA15/F11_SA15_R01.txt,train,F11,1,14.995,1155,1,1,1,1,0,0,0,,g00,pre50_post150
2281,SA15/F11_SA15_R02.txt,train,F11,1,15.0,1243,1,1,1,1,1,1,0,0.68,g00,pre50_post150
2282,SA15/F11_SA15_R03.txt,train,F11,1,15.0,1144,1,1,1,1,1,1,0,0.64,g00,pre50_post150
2283,SA15/F11_SA15_R04.txt,train,F11,1,15.0,1061,1,1,1,1,0,0,0,,g00,pre50_post150
2284,SA15/F11_SA15_R05.txt,train,F11,1,15.0,1130,1,1,1,1,1,1,0,0.575,g00,pre50_post150
2285,SA15/F12_SA15_R01.txt,train,F12,1,15.0,1138,1,1,1,1,1,1,0,0.725,g00,pre50_post150
2286,SA15/F12_SA15_R02.txt,train,F12,1,15.0,1096,1,1,1,1,1,1,0,0.605,g00,pre50_post150
2287,SA15/F12_SA15_R03.txt,train,F12,1,15.0,1188,1,1,1,1,1,1,0,0.71,g00,pre50_post150
2288,SA15/F12_SA15_R04.txt,train,F12,1,15.0,1162,1,1,1,1,1,1,0,0.575,g00,pre50_post150
2289,SA15/F12_SA15_R05.txt,train,F12,1,15.0,938,1,1,1,1,1,1,0,0.645,g00,pre50_post150
2290,SA15/F13_SA15_R01.txt,train,F13,1,15.0,1120,1,1,1,1,1,1,0,0.64,g00,pre50_post150
2291,SA15/F13_SA15_R02.txt,train,F13,1,15.0,1281,1,1,1,1,1,1,0,0.53,g00,pre50_post150
2292,SA15/F13_SA15_R03.txt,train,F13,1,15.0,1273,1,1,1,1,1,1,0,0.415,g00,pre50_post150
2293,SA15/F13_SA15_R04.txt,train,F13,1,15.0,1537,1,1,1,1,0,0,0,,g00,pre50_post150
2294,SA15/F13_SA15_R05.txt,train,F13,1,15.0,1320,1,1,1,1,1,1,0,0.71,g00,pre50_post150
2295,SA15/F14_SA15_R01.txt,train,F14,1,15.0,1000,2,1,2,1,1,1,0,0.72,g00,pre50_post150
2296,SA15/F14_SA15_R02.txt,train,F14,1,15.0,1077,1,1,1,1,1,1,0,0.735,g00,pre50_post150
2297,SA15/F14_SA15_R03.txt,train,F14,1,15.0,1036,1,1,1,1,1,1,0,0.74,g00,pre50_post150
2298,SA15/F14_SA15_R04.txt,train,F14,1,15.0,1172,1,1,1,1,0,0,0,,g00,pre50_post150
2299,SA15/F14_SA15_R05.txt,train,F14,1,15.0,1039,1,1,1,1,1,1,0,0.735,g00,pre50_post150
2300,SA15/F15_SA15_R01.txt,train,F15,1,15.0,1445,1,1,1,1,1,1,0,0.67,g00,pre50_post150
2301,SA15/F15_SA15_R02.txt,train,F15,1,15.0,1330,1,1,1,1,0,0,0,,g00,pre50_post150
2302,SA15/F15_SA15_R03.txt,train,F15,1,15.0,1447,1,1,1,1,0,0,0,,g00,pre50_post150
2303,SA15/F15_SA15_R04.txt,train,F15,1,15.0,1363,1,1,1,1,1,1,0,0.76,g00,pre50_post150
2304,SA15/F15_SA15_R05.txt,train,F15,1,15.0,1411,1,1,1,1,1,1,0,0.6,g00,pre50_post150
2305,SA16/D01_SA16_R01.txt,train,D01,0,99.995,19759,57,0,56,0,0,0,0,,g00,pre50_post150
2306,SA16/D02_SA16_R01.txt,train,D02,0,100.0,3989,63,0,62,0,0,0,0,,g00,pre50_post150
2307,SA16/D03_SA16_R01.txt,train,D03,0,100.0,14580,59,0,59,0,0,0,0,,g00,pre50_post150
2308,SA16/D04_SA16_R01.txt,train,D04,0,100.0,16850,59,0,58,0,0,0,0,,g00,pre50_post150
2309,SA16/D05_SA16_R01.txt,train,D05,0,25.0,3940,12,0,12,0,0,0,0,,g00,pre50_post150
2310,SA16/D05_SA16_R02.txt,train,D05,0,25.0,1771,12,0,12,0,0,0,0,,g00,pre50_post150
2311,SA16/D05_SA16_R03.txt,train,D05,0,25.0,2231,12,0,12,0,0,0,0,,g00,pre50_post150
2312,SA16/D05_SA16_R04.txt,train,D05,0,25.0,3353,12,0,12,0,0,0,0,,g00,pre50_post150
2313,SA16/D05_SA16_R05.txt,train,D05,0,25.0,4391,12,0,12,0,0,0,0,,g00,pre50_post150
2314,SA16/D06_SA16_R01.txt,train,D06,0,24.995,862,5,0,5,0,0,0,0,,g00,pre50_post150
2315,SA16/D06_SA16_R02.txt,train,D06,0,25.0,904,6,0,6,0,0,0,0,,g00,pre50_post150
2316,SA16/D06_SA16_R03.txt,train,D06,0,25.0,871,6,0,6,0,0,0,0,,g00,pre50_post150
2317,SA16/D06_SA16_R04.txt,train,D06,0,25.0,978,6,0,6,0,0,0,0,,g00,pre50_post150
2318,SA16/D06_SA16_R05.txt,train,D06,0,25.0,808,7,0,7,0,0,0,0,,g00,pre50_post150
2319,SA16/D07_SA16_R01.txt,train,D07,0,12.0,1754,2,0,2,0,0,0,0,,g00,pre50_post150
2320,SA16/D07_SA16_R02.txt,train,D07,0,12.0,1909,2,0,2,0,0,0,0,,g00,pre50_post150
2321,SA16/D07_SA16_R03.txt,train,D07,0,12.0,1402,2,0,2,0,0,0,0,,g00,pre50_post150
2322,SA16/D07_SA16_R04.txt,train,D07,0,12.0,1122,2,0,2,0,0,0,0,,g00,pre50_post150
2323,SA16/D07_SA16_R05.txt,train,D07,0,12.0,1917,2,0,2,0,0,0,0,,g00,pre50_post150
2324,SA16/D08_SA16_R01.txt,train,D08,0,12.0,521,2,0,2,0,0,0,0,,g00,pre50_post150
2325,SA16/D08_SA16_R02.txt,train,D08,0,12.0,710,2,0,2,0,0,0,0,,g00,pre50_post150
2326,SA16/D08_SA16_R03.txt,train,D08,0,12.0,1735,2,0,2,0,0,0,0,,g00,pre50_post150
2327,SA16/D08_SA16_R04.txt,train,D08,0,12.0,902,2,0,2,0,0,0,0,,g00,pre50_post150
2328,SA16/D08_SA16_R05.txt,train,D08,0,12.0,961,2,0,2,0,0,0,0,,g00,pre50_post150
2329,SA16/D09_SA16_R01.txt,train,D09,0,12.0,816,2,0,2,0,0,0,0,,g00,pre50_post150
2330,SA16/D09_SA16_R02.txt,train,D09,0,12.0,930,2,0,2,0,0,0,0,,g00,pre50_post150
2331,SA16/D09_SA16_R03.txt,train,D09,0,12.0,926,2,0,2,0,0,0,0,,g00,pre50_post150
2332,SA16/D09_SA16_R04.txt,train,D09,0,12.0,1232,2,0,2,0,0,0,0,,g00,pre50_post150
2333,SA16/D09_SA16_R05.txt,train,D09,0,12.0,1767,2,0,2,0,0,0,0,,g00,pre50_post150
2334,SA16/D10_SA16_R01.txt,train,D10,0,12.0,581,2,0,2,0,0,0,0,,g00,pre50_post150
2335,SA16/D10_SA16_R02.txt,train,D10,0,12.0,786,2,0,2,0,0,0,0,,g00,pre50_post150
2336,SA16/D10_SA16_R03.txt,train,D10,0,12.0,873,2,0,2,0,0,0,0,,g00,pre50_post150
2337,SA16/D10_SA16_R04.txt,train,D10,0,12.0,1087,2,0,2,0,0,0,0,,g00,pre50_post150
2338,SA16/D10_SA16_R05.txt,train,D10,0,12.0,1002,2,0,2,0,0,0,0,,g00,pre50_post150
2339,SA16/D11_SA16_R01.txt,train,D11,0,11.995,1646,1,0,1,0,0,0,0,,g00,pre50_post150
2340,SA16/D11_SA16_R02.txt,train,D11,0,12.0,1226,1,0,1,0,0,0,0,,g00,pre50_post150
2341,SA16/D11_SA16_R03.txt,train,D11,0,12.0,1373,1,0,1,0,0,0,0,,g00,pre50_post150
2342,SA16/D11_SA16_R04.txt,train,D11,0,12.0,1259,1,0,1,0,0,0,0,,g00,pre50_post150
2343,SA16/D11_SA16_R05.txt,train,D11,0,12.0,1294,1,0,1,0,0,0,0,,g00,pre50_post150
2344,SA16/D12_SA16_R01.txt,train,D12,0,12.0,1092,0,0,0,0,0,0,0,,g00,pre50_post150
2345,SA16/D12_SA16_R02.txt,train,D12,0,12.0,976,0,0,0,0,0,0,0,,g00,pre50_post150
2346,SA16/D12_SA16_R03.txt,train,D12,0,12.0,919,0,0,0,0,0,0,0,,g00,pre50_post150
2347,SA16/D12_SA16_R04.txt,train,D12,0,12.0,1017,0,0,0,0,0,0,0,,g00,pre50_post150
2348,SA16/D12_SA16_R05.txt,train,D12,0,12.0,996,1,0,1,0,0,0,0,,g00,pre50_post150
2349,SA16/D13_SA16_R01.txt,train,D13,0,12.0,538,2,0,2,0,0,0,0,,g00,pre50_post150
2350,SA16/D13_SA16_R02.txt,train,D13,0,12.0,792,2,0,2,0,0,0,0,,g00,pre50_post150
2351,SA16/D13_SA16_R03.txt,train,D13,0,12.0,1744,2,0,2,0,0,0,0,,g00,pre50_post150
2352,SA16/D13_SA16_R04.txt,train,D13,0,12.0,1029,2,0,2,0,0,0,0,,g00,pre50_post150
2353,SA16/D13_SA16_R05.txt,train,D13,0,12.0,1010,2,0,2,0,0,0,0,,g00,pre50_post150
2354,SA16/D14_SA16_R01.txt,train,D14,0,12.0,808,1,0,1,0,0,0,0,,g00,pre50_post150
2355,SA16/D14_SA16_R02.txt,train,D14,0,12.0,833,2,0,2,0,0,0,0,,g00,pre50_post150
2356,SA16/D14_SA16_R03.txt,train,D14,0,12.0,897,1,0,1,0,0,0,0,,g00,pre50_post150
2357,SA16/D14_SA16_R04.txt,train,D14,0,12.0,886,1,0,1,0,0,0,0,,g00,pre50_post150
2358,SA16/D14_SA16_R05.txt,train,D14,0,12.0,1113,1,0,1,0,0,0,0,,g00,pre50_post150
2359,SA16/D15_SA16_R01.txt,train,D15,0,12.0,1292,2,0,2,0,0,0,0,,g00,pre50_post150
2360,SA16/D15_SA16_R02.txt,train,D15,0,12.0,1379,2,0,2,0,0,0,0,,g00,pre50_post150
2361,SA16/D15_SA16_R03.txt,train,D15,0,12.0,1312,3,0,3,0,0,0,0,,g00,pre50_post150
2362,SA16/D15_SA16_R04.txt,train,D15,0,12.0,1664,2,0,2,0,0,0,0,,g00,pre50_post150
2363,SA16/D15_SA16_R05.txt,train,D15,0,12.0,1510,1,0,1,0,0,0,0,,g00,pre50_post150
2364,SA16/D16_SA16_R01.txt,train,D16,0,11.995,805,0,0,0,0,0,0,0,,g00,pre50_post150
2365,SA16/D16_SA16_R02.txt,train,D16,0,12.0,869,0,0,0,0,0,0,0,,g00,pre50_post150
2366,SA16/D16_SA16_R03.txt,train,D16,0,12.0,751,0,0,0,0,0,0,0,,g00,pre50_post150
2367,SA16/D16_SA16_R04.txt,train,D16,0,12.0,1070,0,0,0,0,0,0,0,,g00,pre50_post150
2368,SA16/D16_SA16_R05.txt,train,D16,0,12.0,2194,0,0,0,0,0,0,0,,g00,pre50_post150
2369,SA16/D17_SA16_R01.txt,train,D17,0,24.995,1912,3,0,3,0,0,0,0,,g00,pre50_post150
2370,SA16/D17_SA16_R02.txt,train,D17,0,25.0,1599,4,0,4,0,0,0,0,,g00,pre50_post150
2371,SA16/D17_SA16_R03.txt,train,D17,0,25.0,3934,3,0,3,0,0,0,0,,g00,pre50_post150
2372,SA16/D17_SA16_R04.txt,train,D17,0,25.0,1945,3,0,3,0,0,0,0,,g00,pre50_post150
2373,SA16/D17_SA16_R05.txt,train,D17,0,25.0,2304,3,0,3,0,0,0,0,,g00,pre50_post150
2374,SA16/D18_SA16_R01.txt,train,D18,0,12.0,849,7,0,6,0,0,0,0,,g00,pre50_post150
2375,SA16/D18_SA16_R02.txt,train,D18,0,12.0,1226,7,0,6,0,0,0,0,,g00,pre50_post150
2376,SA16/D18_SA16_R03.txt,train,D18,0,12.0,1450,6,0,6,0,0,0,0,,g00,pre50_post150
2377,SA16/D18_SA16_R04.txt,train,D18,0,12.0,1279,7,0,6,0,0,0,0,,g00,pre50_post150
2378,SA16/D18_SA16_R05.txt,train,D18,0,12.0,1328,7,0,7,0,0,0,0,,g00,pre50_post150
2379,SA16/D19_SA16_R01.txt,train,D19,0,12.0,762,3,0,3,0,0,0,0,,g00,pre50_post150
2380,SA16/D19_SA16_R02.txt,train,D19,0,12.0,1258,2,0,2,0,0,0,0,,g00,pre50_post150
2381,SA16/D19_SA16_R03.txt,train,D19,0,12.0,1371,2,0,2,0,0,0,0,,g00,pre50_post150
2382,SA16/D19_SA16_R04.txt,train,D19,0,12.0,1540,2,0,2,0,0,0,0,,g00,pre50_post150
2383,SA16/D19_SA16_R05.txt,train,D19,0,12.0,1209,2,0,2,0,0,0,0,,g00,pre50_post150
2384,SA16/F01_SA16_R01.txt,train,F01,1,15.0,1408,5,1,5,1,0,0,0,,g00,pre50_post150
2385,SA16/F01_SA16_R02.txt,train,F01,1,15.0,1354,4,1,4,1,1,1,0,0.37,g00,pre50_post150
2386,SA16/F01_SA16_R03.txt,train,F01,1,15.0,1179,4,1,4,1,1,1,0,0.78,g00,pre50_post150
2387,SA16/F01_SA16_R04.txt,train,F01,1,15.0,1403,4,1,4,1,1,1,0,0.62,g00,pre50_post150
2388,SA16/F01_SA16_R05.txt,train,F01,1,15.0,1433,4,0,4,0,0,0,0,,g00,pre50_post150
2389,SA16/F02_SA16_R01.txt,train,F02,1,14.995,1237,4,1,4,1,1,1,0,0.75,g00,pre50_post150
2390,SA16/F02_SA16_R02.txt,train,F02,1,15.0,1120,4,1,4,1,1,1,0,1.15,g00,pre50_post150
2391,SA16/F02_SA16_R03.txt,train,F02,1,15.0,1049,3,1,3,1,0,0,0,,g00,pre50_post150
2392,SA16/F02_SA16_R04.txt,train,F02,1,15.0,950,3,1,3,1,0,0,0,,g00,pre50_post150
2393,SA16/F02_SA16_R05.txt,train,F02,1,15.0,948,3,1,3,1,1,1,0,0.235,g00,pre50_post150
2394,SA16/F03_SA16_R01.txt,train,F03,1,15.0,1439,5,1,5,1,0,0,0,,g00,pre50_post150
2395,SA16/F03_SA16_R02.txt,train,F03,1,15.0,1278,4,1,4,1,0,0,0,,g00,pre50_post150
2396,SA16/F03_SA16_R03.txt,train,F03,1,15.0,1054,3,1,3,1,0,0,0,,g00,pre50_post150
2397,SA16/F03_SA16_R04.txt,train,F03,1,15.0,1060,4,1,4,1,1,1,0,0.96,g00,pre50_post150
2398,SA16/F03_SA16_R05.txt,train,F03,1,15.0,1280,5,1,5,1,0,0,0,,g00,pre50_post150
2399,SA16/F04_SA16_R01.txt,train,F04,1,14.995,1260,4,1,4,1,1,1,0,1.005,g00,pre50_post150
2400,SA16/F04_SA16_R02.txt,train,F04,1,15.0,1231,4,1,4,1,1,1,0,0.935,g00,pre50_post150
2401,SA16/F04_SA16_R03.txt,train,F04,1,15.0,1121,4,1,4,1,1,1,0,1.41,g00,pre50_post150
2402,SA16/F04_SA16_R04.txt,train,F04,1,15.0,1107,4,1,4,1,1,1,0,0.59,g00,pre50_post150
2403,SA16/F04_SA16_R05.txt,train,F04,1,15.0,1071,3,1,3,1,0,0,0,,g00,pre50_post150
2404,SA16/F05_SA16_R01.txt,train,F05,1,15.0,1011,3,1,3,1,1,1,0,-0.055,g00,pre50_post150
2405,SA16/F05_SA16_R02.txt,train,F05,1,15.0,1011,3,1,3,1,1,1,0,0.28,g00,pre50_post150
2406,SA16/F05_SA16_R03.txt,train,F05,1,15.0,907,3,1,3,1,0,0,0,,g00,pre50_post150
2407,SA16/F05_SA16_R04.txt,train,F05,1,15.0,947,3,0,3,0,0,0,0,,g00,pre50_post150
2408,SA16/F05_SA16_R05.txt,train,F05,1,15.0,965,4,1,4,1,1,1,0,1.08,g00,pre50_post150
2409,SA16/F06_SA16_R01.txt,train,F06,1,14.995,1022,4,1,4,1,0,0,0,,g00,pre50_post150
2410,SA16/F06_SA16_R02.txt,train,F06,1,15.0,1405,5,1,5,1,0,0,0,,g00,pre50_post150
2411,SA16/F06_SA16_R03.txt,train,F06,1,15.0,1228,4,1,4,1,1,1,0,0.745,g00,pre50_post150
2412,SA16/F06_SA16_R04.txt,train,F06,1,15.0,1314,4,1,4,1,1,1,0,0.62,g00,pre50_post150
2413,SA16/F06_SA16_R05.txt,train,F06,1,15.0,1328,4,1,4,1,1,1,0,0.66,g00,pre50_post150
2414,SA16/F07_SA16_R01.txt,train,F07,1,15.0,1179,4,1,4,1,1,1,0,0.615,g00,pre50_post150
2415,SA16/F07_SA16_R02.txt,train,F07,1,15.0,1283,4,1,4,1,1,1,0,0.735,g00,pre50_post150
2416,SA16/F07_SA16_R03.txt,train,F07,1,15.0,1304,4,1,4,1,0,0,0,,g00,pre50_post150
2417,SA16/F07_SA16_R04.txt,train,F07,1,15.0,1401,5,1,5,1,0,0,0,,g00,pre50_post150
2418,SA16/F07_SA16_R05.txt,train,F07,1,15.0,1425,5,1,5,1,0,0,0,,g00,pre50_post150
2419,SA16/F08_SA16_R01.txt,train,F08,1,15.0,1348,2,1,2,1,0,0,0,,g00,pre50_post150
2420,SA16/F08_SA16_R02.txt,train,F08,1,15.0,1563,2,1,2,1,1,1,0,0.665,g00,pre50_post150
2421,SA16/F08_SA16_R03.txt,train,F08,1,15.0,1470,2,1,2,1,1,1,0,0.765,g00,pre50_post150
2422,SA16/F08_SA16_R04.txt,train,F08,1,15.0,1199,2,1,2,1,1,1,0,0.765,g00,pre50_post150
2423,SA16/F08_SA16_R05.txt,train,F08,1,15.0,1411,2,1,2,1,1,1,0,0.99,g00,pre50_post150
2424,SA16/F09_SA16_R01.txt,train,F09,1,15.0,1242,2,1,2,1,1,1,0,0.735,g00,pre50_post150
2425,SA16/F09_SA16_R02.txt,train,F09,1,15.0,1398,2,1,2,1,1,1,0,0.94,g00,pre50_post150
2426,SA16/F09_SA16_R03.txt,train,F09,1,15.0,1537,2,1,2,1,1,1,0,0.735,g00,pre50_post150
2427,SA16/F09_SA16_R04.txt,train,F09,1,15.0,1866,2,1,2,1,1,1,0,0.73,g00,pre50_post150
2428,SA16/F09_SA16_R05.txt,train,F09,1,15.0,1621,2,1,2,1,1,1,0,0.745,g00,pre50_post150
2429,SA16/F10_SA16_R01.txt,train,F10,1,15.0,807,1,1,1,1,1,1,0,0.57,g00,pre50_post150
2430,SA16/F10_SA16_R02.txt,train,F10,1,15.0,804,1,1,1,1,1,1,0,0.56,g00,pre50_post150
2431,SA16/F10_SA16_R03.txt,train,F10,1,15.0,755,1,1,1,1,1,1,0,0.575,g00,pre50_post150
2432,SA16/F10_SA16_R04.txt,train,F10,1,15.0,624,1,1,1,1,1,1,0,0.54,g00,pre50_post150
2433,SA16/F10_SA16_R05.txt,train,F10,1,15.0,901,2,1,2,1,1,1,0,0.96,g00,pre50_post150
2434,SA16/F11_SA16_R01.txt,train,F11,1,14.995,595,1,1,1,1,1,1,0,0.76,g00,pre50_post150
2435,SA16/F11_SA16_R02.txt,train,F11,1,15.0,561,1,1,1,1,1,1,0,0.755,g00,pre50_post150
2436,SA16/F11_SA16_R03.txt,train,F11,1,15.0,527,1,1,1,1,1,1,0,0.76,g00,pre50_post150
2437,SA16/F11_SA16_R04.txt,train,F11,1,15.0,536,1,1,1,1,1,1,0,0.755,g00,pre50_post150
2438,SA16/F11_SA16_R05.txt,train,F11,1,15.0,643,1,1,1,1,1,1,0,0.75,g00,pre50_post150
2439,SA16/F12_SA16_R01.txt,train,F12,1,15.0,918,1,1,1,1,1,1,0,0.71,g00,pre50_post150
2440,SA16/F12_SA16_R02.txt,train,F12,1,15.0,886,1,1,1,1,1,1,0,0.72,g00,pre50_post150
2441,SA16/F12_SA16_R03.txt,train,F12,1,15.0,938,2,1,2,1,1,1,0,0.745,g00,pre50_post150
2442,SA16/F12_SA16_R04.txt,train,F12,1,15.0,902,2,1,2,1,1,1,0,0.73,g00,pre50_post150
2443,SA16/F12_SA16_R05.txt,train,F12,1,15.0,917,1,1,1,1,1,1,0,0.69,g00,pre50_post150
2444,SA16/F13_SA16_R01.txt,train,F13,1,15.0,1199,1,1,1,1,1,1,0,0.29,g00,pre50_post150
2445,SA16/F13_SA16_R02.txt,train,F13,1,15.0,1328,1,1,1,1,1,1,0,0.08,g00,pre50_post150
2446,SA16/F13_SA16_R03.txt,train,F13,1,15.0,1452,1,1,1,1,1,1,0,0.185,g00,pre50_post150
2447,SA16/F13_SA16_R04.txt,train,F13,1,15.0,1123,1,1,1,1,0,0,0,,g00,pre50_post150
2448,SA16/F13_SA16_R05.txt,train,F13,1,15.0,1498,1,1,1,1,1,1,0,0.34,g00,pre50_post150
2449,SA16/F14_SA16_R01.txt,train,F14,1,15.0,1300,1,1,1,1,1,1,0,0.74,g00,pre50_post150
2450,SA16/F14_SA16_R02.txt,train,F14,1,15.0,1824,1,1,1,1,1,1,0,0.745,g00,pre50_post150
2451,SA16/F14_SA16_R03.txt,train,F14,1,15.0,1587,1,1,1,1,1,1,0,0.675,g00,pre50_post150
2452,SA16/F14_SA16_R04.txt,train,F14,1,15.0,1703,1,1,1,1,1,1,0,0.66,g00,pre50_post150
2453,SA16/F14_SA16_R05.txt,train,F14,1,15.0,1298,1,1,1,1,1,1,0,0.72,g00,pre50_post150
2454,SA16/F15_SA16_R01.txt,train,F15,1,15.0,1172,1,1,1,1,1,1,0,0.675,g00,pre50_post150
2455,SA16/F15_SA16_R02.txt,train,F15,1,15.0,1658,1,1,1,1,1,1,0,0.65,g00,pre50_post150
2456,SA16/F15_SA16_R03.txt,train,F15,1,15.0,1438,1,1,1,1,1,1,0,0.655,g00,pre50_post150
2457,SA16/F15_SA16_R04.txt,train,F15,1,15.0,1263,1,1,1,1,1,1,0,0.585,g00,pre50_post150
2458,SA16/F15_SA16_R05.txt,train,F15,1,15.0,1079,1,1,1,1,1,1,0,0.735,g00,pre50_post150
2612,SA18/D01_SA18_R01.txt,train,D01,0,99.995,15273,51,0,51,0,0,0,0,,g00,pre50_post150
2613,SA18/D02_SA18_R01.txt,train,D02,0,100.0,16049,57,0,57,0,0,0,0,,g00,pre50_post150
2614,SA18/D03_SA18_R01.txt,train,D03,0,100.0,15540,62,0,61,0,0,0,0,,g00,pre50_post150
2615,SA18/D04_SA18_R01.txt,train,D04,0,100.0,889,59,0,58,0,0,0,0,,g00,pre50_post150
2616,SA18/D05_SA18_R01.txt,train,D05,0,25.0,4183,11,0,11,0,0,0,0,,g00,pre50_post150
2617,SA18/D05_SA18_R02.txt,train,D05,0,25.0,3920,10,0,10,0,0,0,0,,g00,pre50_post150
2618,SA18/D05_SA18_R03.txt,train,D05,0,25.0,4237,11,0,11,0,0,0,0,,g00,pre50_post150
2619,SA18/D05_SA18_R04.txt,train,D05,0,25.0,3766,11,0,11,0,0,0,0,,g00,pre50_post150
2620,SA18/D05_SA18_R05.txt,train,D05,0,25.0,3809,11,0,11,0,0,0,0,,g00,pre50_post150
2621,SA18/D06_SA18_R01.txt,train,D06,0,24.995,2639,5,0,5,0,0,0,0,,g00,pre50_post150
2622,SA18/D06_SA18_R02.txt,train,D06,0,25.0,1833,6,0,6,0,0,0,0,,g00,pre50_post150
2623,SA18/D06_SA18_R03.txt,train,D06,0,25.0,1940,6,0,6,0,0,0,0,,g00,pre50_post150
2624,SA18/D06_SA18_R04.txt,train,D06,0,25.0,1924,5,0,5,0,0,0,0,,g00,pre50_post150
2625,SA18/D06_SA18_R05.txt,train,D06,0,25.0,2262,6,0,6,0,0,0,0,,g00,pre50_post150
2626,SA18/D07_SA18_R01.txt,train,D07,0,12.0,1082,2,0,2,0,0,0,0,,g00,pre50_post150
2627,SA18/D07_SA18_R02.txt,train,D07,0,12.0,860,2,0,2,0,0,0,0,,g00,pre50_post150
2628,SA18/D07_SA18_R03.txt,train,D07,0,12.0,1089,2,0,2,0,0,0,0,,g00,pre50_post150
2629,SA18/D07_SA18_R04.txt,train,D07,0,12.0,744,2,0,2,0,0,0,0,,g00,pre50_post150
2630,SA18/D07_SA18_R05.txt,train,D07,0,12.0,984,2,0,2,0,0,0,0,,g00,pre50_post150
2631,SA18/D08_SA18_R01.txt,train,D08,0,12.0,493,2,0,2,0,0,0,0,,g00,pre50_post150
2632,SA18/D08_SA18_R02.txt,train,D08,0,12.0,259,2,0,2,0,0,0,0,,g00,pre50_post150
2633,SA18/D08_SA18_R03.txt,train,D08,0,12.0,552,3,0,3,0,0,0,0,,g00,pre50_post150
2634,SA18/D08_SA18_R04.txt,train,D08,0,12.0,680,2,0,2,0,0,0,0,,g00,pre50_post150
2635,SA18/D08_SA18_R05.txt,train,D08,0,12.0,615,2,0,2,0,0,0,0,,g00,pre50_post150
2636,SA18/D09_SA18_R01.txt,train,D09,0,12.0,807,2,0,2,0,0,0,0,,g00,pre50_post150
2637,SA18/D09_SA18_R02.txt,train,D09,0,12.0,997,2,0,2,0,0,0,0,,g00,pre50_post150
2638,SA18/D09_SA18_R03.txt,train,D09,0,12.0,831,2,0,2,0,0,0,0,,g00,pre50_post150
2639,SA18/D09_SA18_R04.txt,train,D09,0,12.0,1078,2,0,2,0,0,0,0,,g00,pre50_post150
2640,SA18/D09_SA18_R05.txt,train,D09,0,12.0,944,2,0,2,0,0,0,0,,g00,pre50_post150
2641,SA18/D10_SA18_R01.txt,train,D10,0,12.0,706,2,0,2,0,0,0,0,,g00,pre50_post150
2642,SA18/D10_SA18_R02.txt,train,D10,0,12.0,694,2,0,2,0,0,0,0,,g00,pre50_post150
2643,SA18/D10_SA18_R03.txt,train,D10,0,12.0,601,2,0,2,0,0,0,0,,g00,pre50_post150
2644,SA18/D10_SA18_R04.txt,train,D10,0,12.0,613,2,0,2,0,0,0,0,,g00,pre50_post150
2645,SA18/D10_SA18_R05.txt,train,D10,0,12.0,631,2,0,2,0,0,0,0,,g00,pre50_post150
2646,SA18/D11_SA18_R01.txt,train,D11,0,11.995,1295,2,0,2,0,0,0,0,,g00,pre50_post150
2647,SA18/D11_SA18_R02.txt,train,D11,0,12.0,1162,1,0,1,0,0,0,0,,g00,pre50_post150
2648,SA18/D11_SA18_R03.txt,train,D11,0,12.0,1368,2,0,2,0,0,0,0,,g00,pre50_post150
2649,SA18/D11_SA18_R04.txt,train,D11,0,12.0,1269,2,0,2,0,0,0,0,,g00,pre50_post150
2650,SA18/D11_SA18_R05.txt,train,D11,0,12.0,1318,2,0,2,0,0,0,0,,g00,pre50_post150
2651,SA18/D12_SA18_R01.txt,train,D12,0,12.0,851,1,0,1,0,0,0,0,,g00,pre50_post150
2652,SA18/D12_SA18_R02.txt,train,D12,0,12.0,969,1,0,1,0,0,0,0,,g00,pre50_post150
2653,SA18/D12_SA18_R03.txt,train,D12,0,12.0,819,0,0,0,0,0,0,0,,g00,pre50_post150
2654,SA18/D12_SA18_R04.txt,train,D12,0,12.0,924,1,0,1,0,0,0,0,,g00,pre50_post150
2655,SA18/D12_SA18_R05.txt,train,D12,0,12.0,866,0,0,0,0,0,0,0,,g00,pre50_post150
2656,SA18/D13_SA18_R01.txt,train,D13,0,12.0,691,2,0,2,0,0,0,0,,g00,pre50_post150
2657,SA18/D13_SA18_R02.txt,train,D13,0,12.0,909,2,0,2,0,0,0,0,,g00,pre50_post150
2658,SA18/D13_SA18_R03.txt,train,D13,0,12.0,769,2,0,2,0,0,0,0,,g00,pre50_post150
2659,SA18/D13_SA18_R04.txt,train,D13,0,12.0,689,2,0,2,0,0,0,0,,g00,pre50_post150
2660,SA18/D13_SA18_R05.txt,train,D13,0,12.0,1163,2,0,2,0,0,0,0,,g00,pre50_post150
2661,SA18/D14_SA18_R01.txt,train,D14,0,12.0,1974,2,0,2,0,0,0,0,,g00,pre50_post150
2662,SA18/D14_SA18_R02.txt,train,D14,0,12.0,1931,0,0,0,0,0,0,0,,g00,pre50_post150
2663,SA18/D14_SA18_R03.txt,train,D14,0,12.0,1611,0,0,0,0,0,0,0,,g00,pre50_post150
2664,SA18/D14_SA18_R04.txt,train,D14,0,12.0,821,2,0,2,0,0,0,0,,g00,pre50_post150
2665,SA18/D14_SA18_R05.txt,train,D14,0,12.0,1859,1,0,1,0,0,0,0,,g00,pre50_post150
2666,SA18/D15_SA18_R01.txt,train,D15,0,12.0,2040,2,0,2,0,0,0,0,,g00,pre50_post150
2667,SA18/D15_SA18_R02.txt,train,D15,0,12.0,787,2,0,2,0,0,0,0,,g00,pre50_post150
2668,SA18/D15_SA18_R03.txt,train,D15,0,12.0,990,2,0,2,0,0,0,0,,g00,pre50_post150
2669,SA18/D15_SA18_R04.txt,train,D15,0,12.0,791,2,0,2,0,0,0,0,,g00,pre50_post150
2670,SA18/D15_SA18_R05.txt,train,D15,0,12.0,612,2,0,2,0,0,0,0,,g00,pre50_post150
2671,SA18/D16_SA18_R01.txt,train,D16,0,11.995,641,0,0,0,0,0,0,0,,g00,pre50_post150
2672,SA18/D16_SA18_R02.txt,train,D16,0,12.0,626,0,0,0,0,0,0,0,,g00,pre50_post150
2673,SA18/D16_SA18_R03.txt,train,D16,0,12.0,594,0,0,0,0,0,0,0,,g00,pre50_post150
2674,SA18/D16_SA18_R04.txt,train,D16,0,12.0,557,0,0,0,0,0,0,0,,g00,pre50_post150
2675,SA18/D16_SA18_R05.txt,train,D16,0,12.0,761,0,0,0,0,0,0,0,,g00,pre50_post150
2676,SA18/D17_SA18_R01.txt,train,D17,0,24.995,1256,4,0,4,0,0,0,0,,g00,pre50_post150
2677,SA18/D17_SA18_R02.txt,train,D17,0,25.0,3783,3,0,3,0,0,0,0,,g00,pre50_post150
2678,SA18/D17_SA18_R03.txt,train,D17,0,25.0,1829,3,0,3,0,0,0,0,,g00,pre50_post150
2679,SA18/D17_SA18_R04.txt,train,D17,0,25.0,1648,2,0,2,0,0,0,0,,g00,pre50_post150
2680,SA18/D17_SA18_R05.txt,train,D17,0,24.995,3644,4,0,4,0,0,0,0,,g00,pre50_post150
2681,SA18/D18_SA18_R01.txt,train,D18,0,12.0,1158,5,0,5,0,0,0,0,,g00,pre50_post150
2682,SA18/D18_SA18_R02.txt,train,D18,0,12.0,1230,6,0,6,0,1,0,1,,g00,pre50_post150
2683,SA18/D18_SA18_R03.txt,train,D18,0,12.0,972,6,0,6,0,0,0,0,,g00,pre50_post150
2684,SA18/D18_SA18_R04.txt,train,D18,0,12.0,1087,6,0,5,0,0,0,0,,g00,pre50_post150
2685,SA18/D18_SA18_R05.txt,train,D18,0,12.0,959,6,0,6,0,0,0,0,,g00,pre50_post150
2686,SA18/D19_SA18_R01.txt,train,D19,0,12.0,1289,2,0,2,0,0,0,0,,g00,pre50_post150
2687,SA18/D19_SA18_R02.txt,train,D19,0,12.0,603,2,0,2,0,0,0,0,,g00,pre50_post150
2688,SA18/D19_SA18_R03.txt,train,D19,0,12.0,1498,2,0,2,0,0,0,0,,g00,pre50_post150
2689,SA18/D19_SA18_R04.txt,train,D19,0,12.0,641,2,0,2,0,0,0,0,,g00,pre50_post150
2690,SA18/D19_SA18_R05.txt,train,D19,0,12.0,612,2,0,2,0,0,0,0,,g00,pre50_post150
2691,SA18/F01_SA18_R01.txt,train,F01,1,14.995,1440,4,1,4,1,1,1,0,0.435,g00,pre50_post150
2692,SA18/F01_SA18_R02.txt,train,F01,1,15.0,1024,4,1,4,1,1,1,0,0.18,g00,pre50_post150
2693,SA18/F01_SA18_R03.txt,train,F01,1,15.0,1301,4,1,4,1,0,0,0,,g00,pre50_post150
2694,SA18/F01_SA18_R04.txt,train,F01,1,15.0,1218,4,1,4,1,1,1,0,0.37,g00,pre50_post150
2695,SA18/F01_SA18_R05.txt,train,F01,1,15.0,1175,4,1,4,1,1,1,0,1.07,g00,pre50_post150
2696,SA18/F02_SA18_R01.txt,train,F02,1,15.0,1356,4,1,4,1,0,0,0,,g00,pre50_post150
2697,SA18/F02_SA18_R02.txt,train,F02,1,15.0,1435,4,1,4,1,1,1,0,0.135,g00,pre50_post150
2698,SA18/F02_SA18_R03.txt,train,F02,1,15.0,1410,5,1,5,1,1,1,0,0.98,g00,pre50_post150
2699,SA18/F02_SA18_R04.txt,train,F02,1,15.0,1412,5,1,5,1,0,0,0,,g00,pre50_post150
2700,SA18/F02_SA18_R05.txt,train,F02,1,15.0,1366,5,1,5,1,0,0,0,,g00,pre50_post150
2701,SA18/F03_SA18_R01.txt,train,F03,1,15.0,1002,3,1,3,1,1,1,0,0.725,g00,pre50_post150
2702,SA18/F03_SA18_R02.txt,train,F03,1,15.0,1220,4,1,4,1,1,1,0,0.76,g00,pre50_post150
2703,SA18/F03_SA18_R03.txt,train,F03,1,15.0,1193,4,1,4,1,1,1,0,0.99,g00,pre50_post150
2704,SA18/F03_SA18_R04.txt,train,F03,1,15.0,1199,4,1,4,1,1,1,0,0.96,g00,pre50_post150
2705,SA18/F03_SA18_R05.txt,train,F03,1,15.0,1227,4,1,4,1,1,1,0,0.755,g00,pre50_post150
2706,SA18/F04_SA18_R01.txt,train,F04,1,15.0,1245,4,1,4,1,1,1,0,0.565,g00,pre50_post150
2707,SA18/F04_SA18_R02.txt,train,F04,1,15.0,1095,3,0,3,0,0,0,0,,g00,pre50_post150
2708,SA18/F04_SA18_R03.txt,train,F04,1,15.0,1117,4,1,4,1,1,1,0,0.95,g00,pre50_post150
2709,SA18/F04_SA18_R04.txt,train,F04,1,15.0,1179,4,1,4,1,1,1,0,0.525,g00,pre50_post150
2710,SA18/F04_SA18_R05.txt,train,F04,1,15.0,1255,4,1,4,1,1,1,0,0.405,g00,pre50_post150
2711,SA18/F05_SA18_R01.txt,train,F05,1,15.0,1032,4,1,4,1,0,0,0,,g00,pre50_post150
2712,SA18/F05_SA18_R02.txt,train,F05,1,15.0,1097,5,1,5,1,1,1,0,0.515,g00,pre50_post150
2713,SA18/F05_SA18_R03.txt,train,F05,1,15.0,1166,4,1,4,1,1,1,0,0.99,g00,pre50_post150
2714,SA18/F05_SA18_R04.txt,train,F05,1,15.0,1318,5,1,5,1,0,0,0,,g00,pre50_post150
2715,SA18/F05_SA18_R05.txt,train,F05,1,15.0,1266,4,1,4,1,1,1,0,0.155,g00,pre50_post150
2716,SA18/F06_SA18_R01.txt,train,F06,1,14.995,1441,4,1,4,1,1,1,0,0.74,g00,pre50_post150
2717,SA18/F06_SA18_R02.txt,train,F06,1,15.0,1384,4,1,4,1,1,1,0,0.75,g00,pre50_post150
2718,SA18/F06_SA18_R03.txt,train,F06,1,15.0,1513,4,1,4,1,1,1,0,0.585,g00,pre50_post150
2719,SA18/F06_SA18_R04.txt,train,F06,1,15.0,1360,4,1,4,1,1,1,0,0.605,g00,pre50_post150
2720,SA18/F06_SA18_R05.txt,train,F06,1,15.0,1653,6,1,6,1,1,1,0,0.955,g00,pre50_post150
2721,SA18/F07_SA18_R01.txt,train,F07,1,15.0,1568,4,1,4,1,0,0,0,,g00,pre50_post150
2722,SA18/F07_SA18_R02.txt,train,F07,1,15.0,1386,4,1,4,1,1,1,0,0.57,g00,pre50_post150
2723,SA18/F07_SA18_R03.txt,train,F07,1,15.0,1465,4,1,4,1,1,1,0,0.705,g00,pre50_post150
2724,SA18/F07_SA18_R04.txt,train,F07,1,15.0,1466,4,1,4,1,1,1,0,0.71,g00,pre50_post150
2725,SA18/F07_SA18_R05.txt,train,F07,1,15.0,1276,3,1,3,1,0,0,0,,g00,pre50_post150
2726,SA18/F08_SA18_R01.txt,train,F08,1,15.0,1421,2,1,2,1,1,1,0,0.525,g00,pre50_post150
2727,SA18/F08_SA18_R02.txt,train,F08,1,15.0,1256,2,1,2,1,1,1,0,0.945,g00,pre50_post150
2728,SA18/F08_SA18_R03.txt,train,F08,1,15.0,1209,2,1,2,1,1,1,0,0.435,g00,pre50_post150
2729,SA18/F08_SA18_R04.txt,train,F08,1,15.0,1325,2,1,2,1,1,1,0,0.545,g00,pre50_post150
2730,SA18/F08_SA18_R05.txt,train,F08,1,15.0,1269,2,1,2,1,1,1,0,0.575,g00,pre50_post150
2731,SA18/F09_SA18_R01.txt,train,F09,1,15.0,1039,2,1,2,1,1,1,0,1.155,g00,pre50_post150
2732,SA18/F09_SA18_R02.txt,train,F09,1,15.0,1229,2,1,2,1,1,1,0,0.96,g00,pre50_post150
2733,SA18/F09_SA18_R03.txt,train,F09,1,15.0,1281,2,1,2,1,1,1,0,0.945,g00,pre50_post150
2734,SA18/F09_SA18_R04.txt,train,F09,1,15.0,1261,2,1,2,1,1,1,0,0.97,g00,pre50_post150
2735,SA18/F09_SA18_R05.txt,train,F09,1,15.0,1318,2,1,2,1,1,1,0,0.43,g00,pre50_post150
2736,SA18/F10_SA18_R01.txt,train,F10,1,15.0,1110,2,1,2,1,0,0,0,,g00,pre50_post150
2737,SA18/F10_SA18_R02.txt,train,F10,1,15.0,1305,2,1,2,1,0,0,0,,g00,pre50_post150
2738,SA18/F10_SA18_R03.txt,train,F10,1,15.0,1300,1,1,1,1,1,1,0,0.64,g00,pre50_post150
2739,SA18/F10_SA18_R04.txt,train,F10,1,15.0,1415,2,1,2,1,0,0,0,,g00,pre50_post150
2740,SA18/F10_SA18_R05.txt,train,F10,1,15.0,1461,2,1,2,1,0,0,0,,g00,pre50_post150
2741,SA18/F11_SA18_R01.txt,train,F11,1,14.995,895,1,1,1,1,1,1,0,0.105,g00,pre50_post150
2742,SA18/F11_SA18_R02.txt,train,F11,1,15.0,1131,1,1,1,1,1,1,0,0.34,g00,pre50_post150
2743,SA18/F11_SA18_R03.txt,train,F11,1,15.0,1086,1,1,1,1,1,1,0,0.74,g00,pre50_post150
2744,SA18/F11_SA18_R04.txt,train,F11,1,15.0,1322,1,1,1,1,1,1,0,0.75,g00,pre50_post150
2745,SA18/F11_SA18_R05.txt,train,F11,1,15.0,1151,1,1,1,1,1,1,0,0.745,g00,pre50_post150
2746,SA18/F12_SA18_R01.txt,train,F12,1,15.0,989,1,1,1,1,1,1,0,0.73,g00,pre50_post150
2747,SA18/F12_SA18_R02.txt,train,F12,1,15.0,1115,1,1,1,1,0,0,0,,g00,pre50_post150
2748,SA18/F12_SA18_R03.txt,train,F12,1,15.0,1126,2,1,2,1,1,1,0,1.17,g00,pre50_post150
2749,SA18/F12_SA18_R04.txt,train,F12,1,15.0,1120,1,1,1,1,1,1,0,0.755,g00,pre50_post150
2750,SA18/F12_SA18_R05.txt,train,F12,1,15.0,1144,1,1,1,1,1,1,0,0.75,g00,pre50_post150
2751,SA18/F13_SA18_R01.txt,train,F13,1,15.0,1125,1,1,1,1,1,1,0,0.625,g00,pre50_post150
2752,SA18/F13_SA18_R02.txt,train,F13,1,15.0,1276,1,1,1,1,1,1,0,0.61,g00,pre50_post150
2753,SA18/F13_SA18_R03.txt,train,F13,1,15.0,1442,1,1,1,1,0,0,0,,g00,pre50_post150
2754,SA18/F13_SA18_R04.txt,train,F13,1,15.0,1385,2,1,2,1,1,1,0,1.02,g00,pre50_post150
2755,SA18/F13_SA18_R05.txt,train,F13,1,15.0,1291,1,1,1,1,1,1,0,0.72,g00,pre50_post150
2756,SA18/F14_SA18_R01.txt,train,F14,1,15.0,1274,1,1,1,1,1,1,0,0.585,g00,pre50_post150
2757,SA18/F14_SA18_R02.txt,train,F14,1,15.0,1011,1,1,1,1,1,1,0,0.68,g00,pre50_post150
2758,SA18/F14_SA18_R03.txt,train,F14,1,15.0,973,1,1,1,1,1,1,0,0.665,g00,pre50_post150
2759,SA18/F14_SA18_R04.txt,train,F14,1,15.0,1004,1,1,1,1,1,1,0,0.64,g00,pre50_post150
2760,SA18/F14_SA18_R05.txt,train,F14,1,15.0,1010,1,1,1,1,1,1,0,0.645,g00,pre50_post150
2761,SA18/F15_SA18_R01.txt,train,F15,1,15.0,1187,1,1,1,1,1,1,0,0.735,g00,pre50_post150
2762,SA18/F15_SA18_R02.txt,train,F15,1,15.0,1161,1,1,1,1,1,1,0,0.68,g00,pre50_post150
2763,SA18/F15_SA18_R03.txt,train,F15,1,15.0,1399,1,1,1,1,1,1,0,0.605,g00,pre50_post150
2764,SA18/F15_SA18_R04.txt,train,F15,1,15.0,1173,1,1,1,1,1,1,0,0.72,g00,pre50_post150
2765,SA18/F15_SA18_R05.txt,train,F15,1,15.0,1351,1,1,1,1,1,1,0,0.735,g00,pre50_post150
2920,SA20/D01_SA20_R01.txt,train,D01,0,99.985,4450,59,0,59,0,0,0,0,,g00,pre50_post150
2921,SA20/D02_SA20_R01.txt,train,D02,0,99.995,11536,61,0,61,0,0,0,0,,g00,pre50_post150
2922,SA20/D03_SA20_R01.txt,train,D03,0,100.0,10420,57,0,57,0,0,0,0,,g00,pre50_post150
2923,SA20/D04_SA20_R01.txt,train,D04,0,100.0,3921,62,0,61,0,0,0,0,,g00,pre50_post150
2924,SA20/D05_SA20_R01.txt,train,D05,0,25.0,4883,12,0,11,0,0,0,0,,g00,pre50_post150
2925,SA20/D05_SA20_R02.txt,train,D05,0,25.0,1184,11,0,11,0,0,0,0,,g00,pre50_post150
2926,SA20/D05_SA20_R03.txt,train,D05,0,25.0,4070,10,0,10,0,0,0,0,,g00,pre50_post150
2927,SA20/D05_SA20_R04.txt,train,D05,0,25.0,4381,11,0,11,0,0,0,0,,g00,pre50_post150
2928,SA20/D05_SA20_R05.txt,train,D05,0,25.0,4188,12,0,12,0,0,0,0,,g00,pre50_post150
2929,SA20/D06_SA20_R01.txt,train,D06,0,24.995,988,6,0,6,0,0,0,0,,g00,pre50_post150
2930,SA20/D06_SA20_R03.txt,train,D06,0,24.99,1227,4,0,4,0,0,0,0,,g00,pre50_post150
2931,SA20/D06_SA20_R04.txt,train,D06,0,25.0,872,6,0,6,0,0,0,0,,g00,pre50_post150
2932,SA20/D06_SA20_R05.txt,train,D06,0,25.0,869,5,0,5,0,0,0,0,,g00,pre50_post150
2933,SA20/D07_SA20_R01.txt,train,D07,0,12.0,1964,1,0,1,0,0,0,0,,g00,pre50_post150
2934,SA20/D07_SA20_R02.txt,train,D07,0,12.0,766,2,0,2,0,0,0,0,,g00,pre50_post150
2935,SA20/D07_SA20_R03.txt,train,D07,0,12.0,1805,0,0,0,0,0,0,0,,g00,pre50_post150
2936,SA20/D07_SA20_R04.txt,train,D07,0,12.0,814,2,0,2,0,0,0,0,,g00,pre50_post150
2937,SA20/D07_SA20_R05.txt,train,D07,0,12.0,1941,0,0,0,0,0,0,0,,g00,pre50_post150
2938,SA20/D08_SA20_R01.txt,train,D08,0,12.0,557,2,0,2,0,0,0,0,,g00,pre50_post150
2939,SA20/D08_SA20_R02.txt,train,D08,0,12.0,296,2,0,2,0,0,0,0,,g00,pre50_post150
2940,SA20/D08_SA20_R03.txt,train,D08,0,12.0,1104,2,0,2,0,0,0,0,,g00,pre50_post150
2941,SA20/D08_SA20_R04.txt,train,D08,0,12.0,823,2,0,2,0,0,0,0,,g00,pre50_post150
2942,SA20/D08_SA20_R05.txt,train,D08,0,12.0,822,2,0,2,0,0,0,0,,g00,pre50_post150
2943,SA20/D09_SA20_R01.txt,train,D09,0,12.0,819,2,0,2,0,0,0,0,,g00,pre50_post150
2944,SA20/D09_SA20_R02.txt,train,D09,0,12.0,1024,2,0,2,0,0,0,0,,g00,pre50_post150
2945,SA20/D09_SA20_R03.txt,train,D09,0,12.0,951,2,0,2,0,0,0,0,,g00,pre50_post150
2946,SA20/D09_SA20_R04.txt,train,D09,0,12.0,1556,2,0,2,0,0,0,0,,g00,pre50_post150
2947,SA20/D09_SA20_R05.txt,train,D09,0,12.0,2108,2,0,2,0,0,0,0,,g00,pre50_post150
2948,SA20/D10_SA20_R01.txt,train,D10,0,12.0,506,2,0,2,0,0,0,0,,g00,pre50_post150
2949,SA20/D10_SA20_R02.txt,train,D10,0,12.0,1480,2,0,2,0,0,0,0,,g00,pre50_post150
2950,SA20/D10_SA20_R03.txt,train,D10,0,11.97,1593,2,0,2,0,0,0,0,,g00,pre50_post150
2951,SA20/D10_SA20_R04.txt,train,D10,0,12.0,1836,2,0,2,0,0,0,0,,g00,pre50_post150
2952,SA20/D10_SA20_R05.txt,train,D10,0,12.0,1571,2,0,2,0,0,0,0,,g00,pre50_post150
2953,SA20/D11_SA20_R01.txt,train,D11,0,11.995,1000,1,0,1,0,0,0,0,,g00,pre50_post150
2954,SA20/D11_SA20_R02.txt,train,D11,0,12.0,1110,1,0,1,0,0,0,0,,g00,pre50_post150
2955,SA20/D11_SA20_R03.txt,train,D11,0,12.0,1438,1,0,1,0,0,0,0,,g00,pre50_post150
2956,SA20/D11_SA20_R04.txt,train,D11,0,12.0,1071,1,0,1,0,0,0,0,,g00,pre50_post150
2957,SA20/D11_SA20_R05.txt,train,D11,0,12.0,1207,1,0,1,0,0,0,0,,g00,pre50_post150
2958,SA20/D12_SA20_R01.txt,train,D12,0,12.0,900,0,0,0,0,0,0,0,,g00,pre50_post150
2959,SA20/D12_SA20_R02.txt,train,D12,0,12.0,561,0,0,0,0,0,0,0,,g00,pre50_post150
2960,SA20/D12_SA20_R03.txt,train,D12,0,12.0,1868,0,0,0,0,0,0,0,,g00,pre50_post150
2961,SA20/D12_SA20_R04.txt,train,D12,0,12.0,553,0,0,0,0,0,0,0,,g00,pre50_post150
2962,SA20/D12_SA20_R05.txt,train,D12,0,12.0,820,1,0,1,0,0,0,0,,g00,pre50_post150
2963,SA20/D13_SA20_R01.txt,train,D13,0,12.0,491,2,0,2,0,0,0,0,,g00,pre50_post150
2964,SA20/D13_SA20_R02.txt,train,D13,0,11.98,617,2,0,2,0,0,0,0,,g00,pre50_post150
2965,SA20/D13_SA20_R03.txt,train,D13,0,12.0,1297,2,0,2,0,0,0,0,,g00,pre50_post150
2966,SA20/D13_SA20_R04.txt,train,D13,0,12.0,452,2,0,2,0,0,0,0,,g00,pre50_post150
2967,SA20/D13_SA20_R05.txt,train,D13,0,12.0,1211,2,0,2,0,0,0,0,,g00,pre50_post150
2968,SA20/D14_SA20_R01.txt,train,D14,0,12.0,1111,0,0,0,0,0,0,0,,g00,pre50_post150
2969,SA20/D14_SA20_R02.txt,train,D14,0,12.0,831,1,0,1,0,0,0,0,,g00,pre50_post150
2970,SA20/D14_SA20_R03.txt,train,D14,0,12.0,1404,0,0,0,0,0,0,0,,g00,pre50_post150
2971,SA20/D14_SA20_R04.txt,train,D14,0,12.0,680,1,0,1,0,0,0,0,,g00,pre50_post150
2972,SA20/D14_SA20_R05.txt,train,D14,0,12.0,1096,1,0,1,0,0,0,0,,g00,pre50_post150
2973,SA20/D15_SA20_R01.txt,train,D15,0,12.0,1727,1,0,1,0,0,0,0,,g00,pre50_post150
2974,SA20/D15_SA20_R02.txt,train,D15,0,12.0,1144,2,0,2,0,0,0,0,,g00,pre50_post150
2975,SA20/D15_SA20_R03.txt,train,D15,0,12.0,1707,2,0,2,0,0,0,0,,g00,pre50_post150
2976,SA20/D15_SA20_R04.txt,train,D15,0,12.0,1843,0,0,0,0,0,0,0,,g00,pre50_post150
2977,SA20/D15_SA20_R05.txt,train,D15,0,12.0,1121,1,0,1,0,0,0,0,,g00,pre50_post150
2978,SA20/D16_SA20_R01.txt,train,D16,0,11.995,878,1,0,1,0,0,0,0,,g00,pre50_post150
2979,SA20/D16_SA20_R02.txt,train,D16,0,12.0,793,0,0,0,0,0,0,0,,g00,pre50_post150
2980,SA20/D16_SA20_R03.txt,train,D16,0,12.0,645,0,0,0,0,0,0,0,,g00,pre50_post150
2981,SA20/D16_SA20_R04.txt,train,D16,0,12.0,1224,0,0,0,0,0,0,0,,g00,pre50_post150
2982,SA20/D16_SA20_R05.txt,train,D16,0,12.0,682,0,0,0,0,0,0,0,,g00,pre50_post150
2983,SA20/D17_SA20_R01.txt,train,D17,0,24.995,4600,5,0,5,0,0,0,0,,g00,pre50_post150
2984,SA20/D17_SA20_R03.txt,train,D17,0,25.0,4134,3,0,3,0,0,0,0,,g00,pre50_post150
2985,SA20/D17_SA20_R04.txt,train,D17,0,25.0,4320,4,0,4,0,0,0,0,,g00,pre50_post150
2986,SA20/D17_SA20_R05.txt,train,D17,0,25.0,1793,4,0,4,0,0,0,0,,g00,pre50_post150
2987,SA20/D18_SA20_R01.txt,train,D18,0,12.0,1101,6,0,6,0,0,0,0,,g00,pre50_post150
2988,SA20/D18_SA20_R02.txt,train,D18,0,12.0,1309,6,0,6,0,0,0,0,,g00,pre50_post150
2989,SA20/D18_SA20_R03.txt,train,D18,0,12.0,1522,6,0,5,0,0,0,0,,g00,pre50_post150
2990,SA20/D18_SA20_R04.txt,train,D18,0,12.0,1269,7,0,6,0,0,0,0,,g00,pre50_post150
2991,SA20/D18_SA20_R05.txt,train,D18,0,11.995,1259,6,0,6,0,0,0,0,,g00,pre50_post150
2992,SA20/D19_SA20_R01.txt,train,D19,0,12.0,1364,2,0,2,0,1,0,1,,g00,pre50_post150
2993,SA20/D19_SA20_R02.txt,train,D19,0,12.0,721,2,0,2,0,2,0,2,,g00,pre50_post150
2994,SA20/D19_SA20_R03.txt,train,D19,0,12.0,1540,2,0,2,0,1,0,1,,g00,pre50_post150
2995,SA20/D19_SA20_R04.txt,train,D19,0,12.0,846,2,0,2,0,2,0,2,,g00,pre50_post150
2996,SA20/D19_SA20_R05.txt,train,D19,0,12.0,718,2,0,2,0,2,0,2,,g00,pre50_post150
2997,SA20/F01_SA20_R01.txt,train,F01,1,14.995,1174,4,1,4,1,0,0,0,,g00,pre50_post150
2998,SA20/F01_SA20_R02.txt,train,F01,1,15.0,1784,5,1,5,1,1,1,0,0.625,g00,pre50_post150
2999,SA20/F01_SA20_R04.txt,train,F01,1,15.0,2244,6,1,6,1,1,1,0,0.7,g00,pre50_post150
3000,SA20/F01_SA20_R05.txt,train,F01,1,15.0,1616,5,1,5,1,1,1,0,0.775,g00,pre50_post150
3001,SA20/F02_SA20_R01.txt,train,F02,1,15.0,1511,5,1,5,1,1,1,0,1.005,g00,pre50_post150
3002,SA20/F02_SA20_R02.txt,train,F02,1,15.0,2047,6,1,6,1,0,0,0,,g00,pre50_post150
3003,SA20/F02_SA20_R03.txt,train,F02,1,15.0,1994,6,1,6,1,1,1,0,0.41,g00,pre50_post150
3004,SA20/F02_SA20_R04.txt,train,F02,1,15.0,1856,5,1,5,1,0,0,0,,g00,pre50_post150
3005,SA20/F02_SA20_R05.txt,train,F02,1,14.995,1580,5,1,5,1,1,1,0,0.705,g00,pre50_post150
3006,SA20/F03_SA20_R01.txt,train,F03,1,15.0,1691,5,1,5,1,0,0,0,,g00,pre50_post150
3007,SA20/F03_SA20_R02.txt,train,F03,1,15.0,1672,5,1,5,1,0,0,0,,g00,pre50_post150
3008,SA20/F03_SA20_R03.txt,train,F03,1,15.0,1839,6,1,6,1,0,0,0,,g00,pre50_post150
3009,SA20/F03_SA20_R04.txt,train,F03,1,15.0,2125,6,1,6,1,1,1,0,1.285,g00,pre50_post150
3010,SA20/F03_SA20_R05.txt,train,F03,1,14.995,1654,6,1,5,1,1,1,0,0.445,g00,pre50_post150
3011,SA20/F04_SA20_R01.txt,train,F04,1,15.0,1343,5,1,5,1,1,1,0,1.09,g00,pre50_post150
3012,SA20/F04_SA20_R02.txt,train,F04,1,15.0,1499,5,1,5,1,0,0,0,,g00,pre50_post150
3013,SA20/F04_SA20_R03.txt,train,F04,1,15.0,1613,5,1,5,1,1,1,0,0.57,g00,pre50_post150
3014,SA20/F04_SA20_R04.txt,train,F04,1,15.0,1549,5,1,5,1,0,0,0,,g00,pre50_post150
3015,SA20/F04_SA20_R05.txt,train,F04,1,15.0,1400,4,1,4,1,0,0,0,,g00,pre50_post150
3016,SA20/F05_SA20_R01.txt,train,F05,1,15.0,1033,4,1,4,1,0,0,0,,g00,pre50_post150
3017,SA20/F05_SA20_R02.txt,train,F05,1,15.0,883,3,1,3,1,1,1,0,0.67,g00,pre50_post150
3018,SA20/F05_SA20_R03.txt,train,F05,1,15.0,824,3,1,3,1,1,1,0,0.615,g00,pre50_post150
3019,SA20/F05_SA20_R04.txt,train,F05,1,15.0,907,3,1,3,1,1,1,0,0.28,g00,pre50_post150
3020,SA20/F05_SA20_R05.txt,train,F05,1,15.0,1128,4,1,4,1,1,1,0,1.405,g00,pre50_post150
3021,SA20/F06_SA20_R01.txt,train,F06,1,14.995,1643,5,1,5,1,1,1,0,0.925,g00,pre50_post150
3022,SA20/F06_SA20_R02.txt,train,F06,1,15.0,1751,6,1,6,1,1,1,0,1.33,g00,pre50_post150
3023,SA20/F06_SA20_R03.txt,train,F06,1,15.0,1674,6,1,6,1,0,0,0,,g00,pre50_post150
3024,SA20/F06_SA20_R04.txt,train,F06,1,15.0,1748,6,1,6,1,0,0,0,,g00,pre50_post150
3025,SA20/F06_SA20_R05.txt,train,F06,1,15.0,1902,6,1,6,1,1,1,0,0.725,g00,pre50_post150
3026,SA20/F07_SA20_R01.txt,train,F07,1,15.0,1633,5,1,5,1,1,1,0,0.46,g00,pre50_post150
3027,SA20/F07_SA20_R02.txt,train,F07,1,15.0,1731,6,1,6,1,1,1,0,1.13,g00,pre50_post150
3028,SA20/F07_SA20_R03.txt,train,F07,1,15.0,1778,5,1,5,1,1,1,0,0.215,g00,pre50_post150
3029,SA20/F07_SA20_R04.txt,train,F07,1,15.0,1906,6,1,6,1,1,1,0,1.17,g00,pre50_post150
3030,SA20/F07_SA20_R05.txt,train,F07,1,14.995,1624,5,1,5,1,1,1,0,0.465,g00,pre50_post150
3031,SA20/F08_SA20_R01.txt,train,F08,1,15.0,1465,2,1,2,1,1,1,0,0.745,g00,pre50_post150
3032,SA20/F08_SA20_R02.txt,train,F08,1,15.0,1222,2,1,2,1,1,1,0,1.1,g00,pre50_post150
3033,SA20/F08_SA20_R03.txt,train,F08,1,15.0,1496,2,1,2,1,1,1,0,0.78,g00,pre50_post150
3034,SA20/F08_SA20_R04.txt,train,F08,1,15.0,1748,1,1,1,1,1,1,0,0.65,g00,pre50_post150
3035,SA20/F08_SA20_R05.txt,train,F08,1,14.995,1412,1,1,1,1,1,1,0,0.775,g00,pre50_post150
3036,SA20/F09_SA20_R01.txt,train,F09,1,15.0,1072,1,1,1,1,1,1,0,0.71,g00,pre50_post150
3037,SA20/F09_SA20_R02.txt,train,F09,1,15.0,1235,2,1,2,1,1,1,0,0.995,g00,pre50_post150
3038,SA20/F09_SA20_R03.txt,train,F09,1,15.0,1327,2,1,2,1,1,1,0,0.685,g00,pre50_post150
3039,SA20/F09_SA20_R04.txt,train,F09,1,15.0,1072,1,1,1,1,1,1,0,0.625,g00,pre50_post150
3040,SA20/F09_SA20_R05.txt,train,F09,1,15.0,1258,1,1,1,1,1,1,0,0.445,g00,pre50_post150
3041,SA20/F10_SA20_R01.txt,train,F10,1,15.0,1025,1,1,1,1,1,1,0,0.755,g00,pre50_post150
3042,SA20/F10_SA20_R02.txt,train,F10,1,15.0,1136,1,1,1,1,1,1,0,0.705,g00,pre50_post150
3043,SA20/F10_SA20_R03.txt,train,F10,1,15.0,1159,2,1,2,1,1,1,0,1.15,g00,pre50_post150
3044,SA20/F10_SA20_R05.txt,train,F10,1,15.0,1104,1,1,1,1,1,1,0,0.765,g00,pre50_post150
3045,SA20/F11_SA20_R01.txt,train,F11,1,14.995,1137,2,1,2,1,0,0,0,,g00,pre50_post150
3046,SA20/F11_SA20_R02.txt,train,F11,1,15.0,1116,1,1,1,1,0,0,0,,g00,pre50_post150
3047,SA20/F11_SA20_R03.txt,train,F11,1,15.0,1045,1,1,1,1,1,1,0,0.585,g00,pre50_post150
3048,SA20/F11_SA20_R04.txt,train,F11,1,15.0,1591,1,1,1,1,1,1,0,0.565,g00,pre50_post150
3049,SA20/F11_SA20_R05.txt,train,F11,1,15.0,1527,1,1,1,1,1,1,0,0.73,g00,pre50_post150
3050,SA20/F12_SA20_R01.txt,train,F12,1,15.0,929,1,1,1,1,1,1,0,0.725,g00,pre50_post150
3051,SA20/F12_SA20_R02.txt,train,F12,1,15.0,1006,1,1,1,1,1,1,0,0.72,g00,pre50_post150
3052,SA20/F12_SA20_R03.txt,train,F12,1,15.0,1080,1,1,1,1,1,1,0,0.735,g00,pre50_post150
3053,SA20/F12_SA20_R04.txt,train,F12,1,15.0,1230,1,1,1,1,1,1,0,0.71,g00,pre50_post150
3054,SA20/F12_SA20_R05.txt,train,F12,1,14.995,1198,1,1,1,1,0,0,0,,g00,pre50_post150
3055,SA20/F13_SA20_R01.txt,train,F13,1,15.0,1613,1,1,1,1,1,1,0,0.48,g00,pre50_post150
3056,SA20/F13_SA20_R02.txt,train,F13,1,15.0,1333,1,1,1,1,1,1,0,0.445,g00,pre50_post150
3057,SA20/F13_SA20_R03.txt,train,F13,1,15.0,1393,1,1,1,1,1,1,0,0.59,g00,pre50_post150
3058,SA20/F13_SA20_R04.txt,train,F13,1,15.0,1230,1,1,1,1,1,1,0,0.515,g00,pre50_post150
3059,SA20/F13_SA20_R05.txt,train,F13,1,15.0,1064,1,1,1,1,1,1,0,0.455,g00,pre50_post150
3060,SA20/F14_SA20_R01.txt,train,F14,1,15.0,916,1,1,1,1,1,1,0,0.605,g00,pre50_post150
3061,SA20/F14_SA20_R02.txt,train,F14,1,15.0,588,1,1,1,1,1,1,0,0.75,g00,pre50_post150
3062,SA20/F14_SA20_R03.txt,train,F14,1,15.0,802,1,1,1,1,1,1,0,0.645,g00,pre50_post150
3063,SA20/F14_SA20_R04.txt,train,F14,1,15.0,1034,1,1,1,1,1,1,0,0.64,g00,pre50_post150
3064,SA20/F14_SA20_R05.txt,train,F14,1,15.0,1169,1,1,1,1,1,1,0,0.745,g00,pre50_post150
3065,SA20/F15_SA20_R01.txt,train,F15,1,15.0,1088,1,1,1,1,1,1,0,0.63,g00,pre50_post150
3066,SA20/F15_SA20_R02.txt,train,F15,1,15.0,989,2,1,1,1,1,1,0,0.68,g00,pre50_post150
3067,SA20/F15_SA20_R03.txt,train,F15,1,15.0,895,1,1,1,1,1,1,0,0.77,g00,pre50_post150
3068,SA20/F15_SA20_R04.txt,train,F15,1,15.0,1012,1,1,1,1,1,1,0,0.58,g00,pre50_post150
3069,SA20/F15_SA20_R05.txt,train,F15,1,15.0,954,1,1,1,1,1,1,0,0.73,g00,pre50_post150
3070,SA21/D01_SA21_R01.txt,train,D01,0,99.995,3635,56,0,56,0,0,0,0,,g00,pre50_post150
3071,SA21/D02_SA21_R01.txt,train,D02,0,100.0,7019,56,0,56,0,0,0,0,,g00,pre50_post150
3072,SA21/D03_SA21_R01.txt,train,D03,0,100.0,1801,60,0,59,0,0,0,0,,g00,pre50_post150
3073,SA21/D04_SA21_R01.txt,train,D04,0,100.0,662,58,0,58,0,0,0,0,,g00,pre50_post150
3074,SA21/D05_SA21_R01.txt,train,D05,0,25.0,2534,12,0,12,0,0,0,0,,g00,pre50_post150
3075,SA21/D05_SA21_R02.txt,train,D05,0,24.995,2847,11,0,11,0,0,0,0,,g00,pre50_post150
3076,SA21/D05_SA21_R03.txt,train,D05,0,24.995,4288,12,0,12,0,0,0,0,,g00,pre50_post150
3077,SA21/D05_SA21_R04.txt,train,D05,0,25.0,4402,14,0,14,0,0,0,0,,g00,pre50_post150
3078,SA21/D05_SA21_R05.txt,train,D05,0,25.0,2740,13,0,13,0,0,0,0,,g00,pre50_post150
3079,SA21/D06_SA21_R01.txt,train,D06,0,25.0,816,9,0,9,0,0,0,0,,g00,pre50_post150
3080,SA21/D06_SA21_R02.txt,train,D06,0,25.0,1016,7,0,7,0,0,0,0,,g00,pre50_post150
3081,SA21/D06_SA21_R03.txt,train,D06,0,25.0,560,7,0,7,0,0,0,0,,g00,pre50_post150
3082,SA21/D06_SA21_R04.txt,train,D06,0,25.0,821,8,0,8,0,0,0,0,,g00,pre50_post150
3083,SA21/D06_SA21_R05.txt,train,D06,0,25.0,970,7,0,7,0,0,0,0,,g00,pre50_post150
3084,SA21/D07_SA21_R01.txt,train,D07,0,12.0,1934,2,0,2,0,0,0,0,,g00,pre50_post150
3085,SA21/D07_SA21_R02.txt,train,D07,0,12.0,688,2,0,2,0,0,0,0,,g00,pre50_post150
3086,SA21/D07_SA21_R03.txt,train,D07,0,12.0,666,2,0,2,0,0,0,0,,g00,pre50_post150
3087,SA21/D07_SA21_R04.txt,train,D07,0,12.0,849,2,0,2,0,0,0,0,,g00,pre50_post150
3088,SA21/D07_SA21_R05.txt,train,D07,0,12.0,771,2,0,2,0,0,0,0,,g00,pre50_post150
3089,SA21/D08_SA21_R01.txt,train,D08,0,12.0,353,2,0,2,0,0,0,0,,g00,pre50_post150
3090,SA21/D08_SA21_R02.txt,train,D08,0,12.0,399,2,0,2,0,0,0,0,,g00,pre50_post150
3091,SA21/D08_SA21_R03.txt,train,D08,0,12.0,427,2,0,2,0,0,0,0,,g00,pre50_post150
3092,SA21/D08_SA21_R04.txt,train,D08,0,12.0,821,2,0,2,0,0,0,0,,g00,pre50_post150
3093,SA21/D08_SA21_R05.txt,train,D08,0,12.0,803,2,0,2,0,0,0,0,,g00,pre50_post150
3094,SA21/D09_SA21_R01.txt,train,D09,0,12.0,687,2,0,2,0,0,0,0,,g00,pre50_post150
3095,SA21/D09_SA21_R02.txt,train,D09,0,12.0,934,2,0,2,0,0,0,0,,g00,pre50_post150
3096,SA21/D09_SA21_R03.txt,train,D09,0,12.0,1646,2,0,2,0,0,0,0,,g00,pre50_post150
3097,SA21/D09_SA21_R04.txt,train,D09,0,12.0,1012,2,0,2,0,0,0,0,,g00,pre50_post150
3098,SA21/D09_SA21_R05.txt,train,D09,0,12.0,1837,2,0,2,0,0,0,0,,g00,pre50_post150
3099,SA21/D10_SA21_R01.txt,train,D10,0,12.0,556,2,0,2,0,0,0,0,,g00,pre50_post150
3100,SA21/D10_SA21_R02.txt,train,D10,0,12.0,1390,2,0,2,0,0,0,0,,g00,pre50_post150
3101,SA21/D10_SA21_R03.txt,train,D10,0,12.0,852,2,0,2,0,0,0,0,,g00,pre50_post150
3102,SA21/D10_SA21_R04.txt,train,D10,0,12.0,796,2,0,2,0,0,0,0,,g00,pre50_post150
3103,SA21/D10_SA21_R05.txt,train,D10,0,12.0,687,2,0,2,0,0,0,0,,g00,pre50_post150
3104,SA21/D11_SA21_R01.txt,train,D11,0,11.995,1131,1,0,1,0,0,0,0,,g00,pre50_post150
3105,SA21/D11_SA21_R02.txt,train,D11,0,12.0,1133,1,0,1,0,0,0,0,,g00,pre50_post150
3106,SA21/D11_SA21_R03.txt,train,D11,0,12.0,1011,1,0,1,0,0,0,0,,g00,pre50_post150
3107,SA21/D11_SA21_R04.txt,train,D11,0,12.0,1195,1,0,1,0,0,0,0,,g00,pre50_post150
3108,SA21/D11_SA21_R05.txt,train,D11,0,12.0,1185,1,0,1,0,0,0,0,,g00,pre50_post150
3109,SA21/D12_SA21_R01.txt,train,D12,0,12.0,2108,0,0,0,0,0,0,0,,g00,pre50_post150
3110,SA21/D12_SA21_R02.txt,train,D12,0,12.0,772,1,0,1,0,0,0,0,,g00,pre50_post150
3111,SA21/D12_SA21_R03.txt,train,D12,0,12.0,732,0,0,0,0,0,0,0,,g00,pre50_post150
3112,SA21/D12_SA21_R04.txt,train,D12,0,12.0,1744,0,0,0,0,0,0,0,,g00,pre50_post150
3113,SA21/D12_SA21_R05.txt,train,D12,0,12.0,655,1,0,1,0,0,0,0,,g00,pre50_post150
3114,SA21/D13_SA21_R01.txt,train,D13,0,12.0,584,2,0,2,0,0,0,0,,g00,pre50_post150
3115,SA21/D13_SA21_R02.txt,train,D13,0,12.0,414,2,0,2,0,0,0,0,,g00,pre50_post150
3116,SA21/D13_SA21_R03.txt,train,D13,0,12.0,598,2,0,2,0,0,0,0,,g00,pre50_post150
3117,SA21/D13_SA21_R04.txt,train,D13,0,12.0,1521,2,0,2,0,0,0,0,,g00,pre50_post150
3118,SA21/D13_SA21_R05.txt,train,D13,0,12.0,595,2,0,2,0,0,0,0,,g00,pre50_post150
3119,SA21/D14_SA21_R01.txt,train,D14,0,12.0,1467,3,0,3,0,0,0,0,,g00,pre50_post150
3120,SA21/D14_SA21_R02.txt,train,D14,0,12.0,1789,2,0,2,0,0,0,0,,g00,pre50_post150
3121,SA21/D14_SA21_R03.txt,train,D14,0,12.0,1541,2,0,2,0,0,0,0,,g00,pre50_post150
3122,SA21/D14_SA21_R04.txt,train,D14,0,12.0,512,3,0,3,0,0,0,0,,g00,pre50_post150
3123,SA21/D14_SA21_R05.txt,train,D14,0,12.0,582,2,0,2,0,0,0,0,,g00,pre50_post150
3124,SA21/D15_SA21_R01.txt,train,D15,0,12.0,671,2,0,2,0,0,0,0,,g00,pre50_post150
3125,SA21/D15_SA21_R02.txt,train,D15,0,12.0,1701,2,0,2,0,0,0,0,,g00,pre50_post150
3126,SA21/D15_SA21_R03.txt,train,D15,0,12.0,1473,2,0,2,0,0,0,0,,g00,pre50_post150
3127,SA21/D15_SA21_R04.txt,train,D15,0,12.0,846,2,0,2,0,0,0,0,,g00,pre50_post150
3128,SA21/D15_SA21_R05.txt,train,D15,0,12.0,1627,2,0,2,0,0,0,0,,g00,pre50_post150
3129,SA21/D16_SA21_R01.txt,train,D16,0,11.995,803,0,0,0,0,0,0,0,,g00,pre50_post150
3130,SA21/D16_SA21_R02.txt,train,D16,0,12.0,603,0,0,0,0,0,0,0,,g00,pre50_post150
3131,SA21/D16_SA21_R03.txt,train,D16,0,12.0,885,0,0,0,0,0,0,0,,g00,pre50_post150
3132,SA21/D16_SA21_R04.txt,train,D16,0,12.0,721,0,0,0,0,0,0,0,,g00,pre50_post150
3133,SA21/D16_SA21_R05.txt,train,D16,0,12.0,945,0,0,0,0,0,0,0,,g00,pre50_post150
3134,SA21/D17_SA21_R01.txt,train,D17,0,25.0,4120,4,0,4,0,0,0,0,,g00,pre50_post150
3135,SA21/D17_SA21_R02.txt,train,D17,0,25.0,1251,3,0,3,0,0,0,0,,g00,pre50_post150
3136,SA21/D17_SA21_R03.txt,train,D17,0,25.0,1639,3,0,3,0,0,0,0,,g00,pre50_post150
3137,SA21/D17_SA21_R04.txt,train,D17,0,25.0,4053,3,0,3,0,0,0,0,,g00,pre50_post150
3138,SA21/D17_SA21_R05.txt,train,D17,0,24.995,1337,3,0,3,0,0,0,0,,g00,pre50_post150
3139,SA21/D18_SA21_R01.txt,train,D18,0,12.0,971,6,0,6,0,0,0,0,,g00,pre50_post150
3140,SA21/D18_SA21_R02.txt,train,D18,0,12.0,1306,6,0,5,0,0,0,0,,g00,pre50_post150
3141,SA21/D18_SA21_R03.txt,train,D18,0,12.0,1204,6,0,6,0,0,0,0,,g00,pre50_post150
3142,SA21/D18_SA21_R04.txt,train,D18,0,12.0,1239,6,0,6,0,0,0,0,,g00,pre50_post150
3143,SA21/D18_SA21_R05.txt,train,D18,0,12.0,1151,6,0,6,0,0,0,0,,g00,pre50_post150
3144,SA21/D19_SA21_R01.txt,train,D19,0,12.0,1508,2,0,2,0,0,0,0,,g00,pre50_post150
3145,SA21/D19_SA21_R02.txt,train,D19,0,12.0,658,2,0,2,0,0,0,0,,g00,pre50_post150
3146,SA21/D19_SA21_R03.txt,train,D19,0,12.0,1426,2,0,2,0,0,0,0,,g00,pre50_post150
3147,SA21/D19_SA21_R04.txt,train,D19,0,12.0,889,2,0,2,0,0,0,0,,g00,pre50_post150
3148,SA21/D19_SA21_R05.txt,train,D19,0,12.0,1305,2,0,2,0,0,0,0,,g00,pre50_post150
3149,SA21/F01_SA21_R01.txt,train,F01,1,15.0,1292,4,1,4,1,1,1,0,0.55,g00,pre50_post150
3150,SA21/F01_SA21_R02.txt,train,F01,1,15.0,1249,4,1,4,1,1,1,0,0.305,g00,pre50_post150
3151,SA21/F01_SA21_R03.txt,train,F01,1,15.0,1142,3,0,3,0,0,0,0,,g00,pre50_post150
3152,SA21/F01_SA21_R04.txt,train,F01,1,15.0,1330,4,1,4,1,1,1,0,0.505,g00,pre50_post150
3153,SA21/F01_SA21_R05.txt,train,F01,1,15.0,1409,4,1,4,1,1,1,0,0.37,g00,pre50_post150
3154,SA21/F02_SA21_R01.txt,train,F02,1,15.0,1562,5,1,5,1,1,1,0,0.215,g00,pre50_post150
3155,SA21/F02_SA21_R02.txt,train,F02,1,15.0,1696,5,1,5,1,1,1,0,0.575,g00,pre50_post150
3156,SA21/F02_SA21_R03.txt,train,F02,1,15.0,2282,5,1,5,1,0,0,0,,g00,pre50_post150
3157,SA21/F02_SA21_R04.txt,train,F02,1,15.0,1765,5,1,5,1,1,1,0,0.765,g00,pre50_post150
3158,SA21/F02_SA21_R05.txt,train,F02,1,15.0,1367,5,1,5,1,1,1,0,-0.09,g00,pre50_post150
3159,SA21/F03_SA21_R01.txt,train,F03,1,15.0,1347,4,1,4,1,1,1,0,0.43,g00,pre50_post150
3160,SA21/F03_SA21_R02.txt,train,F03,1,15.0,1451,5,1,5,1,0,0,0,,g00,pre50_post150
3161,SA21/F03_SA21_R03.txt,train,F03,1,15.0,1378,5,1,5,1,0,0,0,,g00,pre50_post150
3162,SA21/F03_SA21_R04.txt,train,F03,1,15.0,1303,5,1,5,1,0,0,0,,g00,pre50_post150
3163,SA21/F03_SA21_R05.txt,train,F03,1,15.0,1339,4,1,4,1,1,1,0,-0.105,g00,pre50_post150
3164,SA21/F04_SA21_R01.txt,train,F04,1,15.0,1285,4,1,4,1,1,1,0,0.605,g00,pre50_post150
3165,SA21/F04_SA21_R02.txt,train,F04,1,15.0,1653,5,1,5,1,0,0,0,,g00,pre50_post150
3166,SA21/F04_SA21_R03.txt,train,F04,1,15.0,1301,4,1,4,1,1,1,0,0.525,g00,pre50_post150
3167,SA21/F04_SA21_R04.txt,train,F04,1,15.0,1470,4,1,4,1,1,1,0,0.205,g00,pre50_post150
3168,SA21/F04_SA21_R05.txt,train,F04,1,15.0,1258,4,1,4,1,1,1,0,0.76,g00,pre50_post150
3169,SA21/F05_SA21_R01.txt,train,F05,1,15.0,1160,4,1,4,1,1,1,0,0.955,g00,pre50_post150
3170,SA21/F05_SA21_R02.txt,train,F05,1,15.0,1172,4,1,4,1,1,1,0,0.585,g00,pre50_post150
3171,SA21/F05_SA21_R03.txt,train,F05,1,15.0,1175,4,1,4,1,1,1,0,1.13,g00,pre50_post150
3172,SA21/F05_SA21_R04.txt,train,F05,1,15.0,1170,4,1,4,1,1,1,0,1.02,g00,pre50_post150
3173,SA21/F05_SA21_R05.txt,train,F05,1,15.0,1155,4,1,4,1,0,0,0,,g00,pre50_post150
3174,SA21/F06_SA21_R01.txt,train,F06,1,15.0,1318,4,1,4,1,1,1,0,0.73,g00,pre50_post150
3175,SA21/F06_SA21_R02.txt,train,F06,1,15.0,1315,4,1,4,1,1,1,0,0.725,g00,pre50_post150
3176,SA21/F06_SA21_R03.txt,train,F06,1,15.0,1538,4,1,4,1,1,1,0,0.645,g00,pre50_post150
3177,SA21/F06_SA21_R04.txt,train,F06,1,15.0,2080,6,1,6,1,1,1,0,0.58,g00,pre50_post150
3178,SA21/F06_SA21_R05.txt,train,F06,1,15.0,1904,6,1,6,1,1,1,0,0.655,g00,pre50_post150
3179,SA21/F07_SA21_R01.txt,train,F07,1,15.0,1764,5,1,5,1,1,1,0,0.63,g00,pre50_post150
3180,SA21/F07_SA21_R02.txt,train,F07,1,15.0,2012,6,1,6,1,1,1,0,0.75,g00,pre50_post150
3181,SA21/F07_SA21_R03.txt,train,F07,1,15.0,1953,5,1,5,1,0,0,0,,g00,pre50_post150
3182,SA21/F07_SA21_R04.txt,train,F07,1,15.0,1817,6,1,6,1,0,0,0,,g00,pre50_post150
3183,SA21/F07_SA21_R05.txt,train,F07,1,15.0,2134,7,1,7,1,1,1,0,1.21,g00,pre50_post150
3184,SA21/F08_SA21_R01.txt,train,F08,1,15.0,1111,2,1,2,1,1,1,0,0.995,g00,pre50_post150
3185,SA21/F08_SA21_R02.txt,train,F08,1,15.0,1180,2,1,2,1,1,1,0,0.575,g00,pre50_post150
3186,SA21/F08_SA21_R03.txt,train,F08,1,15.0,1437,2,1,2,1,1,1,0,0.46,g00,pre50_post150
3187,SA21/F08_SA21_R04.txt,train,F08,1,15.0,1234,2,1,2,1,1,1,0,0.58,g00,pre50_post150
3188,SA21/F08_SA21_R05.txt,train,F08,1,15.0,1435,2,1,2,1,1,1,0,0.76,g00,pre50_post150
3189,SA21/F09_SA21_R01.txt,train,F09,1,15.0,1003,2,1,2,1,1,1,0,1.29,g00,pre50_post150
3190,SA21/F09_SA21_R02.txt,train,F09,1,15.0,1582,2,1,2,1,1,1,0,0.975,g00,pre50_post150
3191,SA21/F09_SA21_R03.txt,train,F09,1,15.0,1338,2,1,2,1,1,1,0,0.69,g00,pre50_post150
3192,SA21/F09_SA21_R04.txt,train,F09,1,15.0,1220,2,1,2,1,1,1,0,0.74,g00,pre50_post150
3193,SA21/F09_SA21_R05.txt,train,F09,1,15.0,1398,2,1,2,1,1,1,0,0.725,g00,pre50_post150
3194,SA21/F10_SA21_R01.txt,train,F10,1,15.0,1334,1,1,1,1,1,1,0,0.605,g00,pre50_post150
3195,SA21/F10_SA21_R02.txt,train,F10,1,15.0,1241,1,1,1,1,1,1,0,0.53,g00,pre50_post150
3196,SA21/F10_SA21_R03.txt,train,F10,1,15.0,1045,2,1,2,1,1,1,0,0.55,g00,pre50_post150
3197,SA21/F10_SA21_R04.txt,train,F10,1,15.0,1247,2,1,2,1,1,1,0,1.04,g00,pre50_post150
3198,SA21/F10_SA21_R05.txt,train,F10,1,15.0,1246,2,1,2,1,1,1,0,0.945,g00,pre50_post150
3199,SA21/F11_SA21_R01.txt,train,F11,1,14.995,1144,1,1,1,1,1,1,0,0.735,g00,pre50_post150
3200,SA21/F11_SA21_R02.txt,train,F11,1,15.0,1487,2,1,2,1,1,1,0,0.96,g00,pre50_post150
3201,SA21/F11_SA21_R03.txt,train,F11,1,15.0,984,1,1,1,1,1,1,0,0.65,g00,pre50_post150
3202,SA21/F11_SA21_R04.txt,train,F11,1,15.0,1175,1,1,1,1,1,1,0,0.73,g00,pre50_post150
3203,SA21/F11_SA21_R05.txt,train,F11,1,15.0,1129,2,0,2,0,0,0,0,,g00,pre50_post150
3204,SA21/F12_SA21_R01.txt,train,F12,1,15.0,1128,1,1,1,1,1,1,0,0.755,g00,pre50_post150
3205,SA21/F12_SA21_R02.txt,train,F12,1,15.0,1312,2,1,2,1,1,1,0,0.75,g00,pre50_post150
3206,SA21/F12_SA21_R03.txt,train,F12,1,15.0,1151,2,1,2,1,0,0,0,,g00,pre50_post150
3207,SA21/F12_SA21_R04.txt,train,F12,1,15.0,986,2,1,2,1,1,1,0,0.72,g00,pre50_post150
3208,SA21/F12_SA21_R05.txt,train,F12,1,15.0,1256,2,1,2,1,1,1,0,1.34,g00,pre50_post150
3209,SA21/F13_SA21_R01.txt,train,F13,1,15.0,873,1,1,1,1,1,1,0,0.73,g00,pre50_post150
3210,SA21/F13_SA21_R02.txt,train,F13,1,15.0,1176,2,1,2,1,1,1,0,0.275,g00,pre50_post150
3211,SA21/F13_SA21_R03.txt,train,F13,1,15.0,876,1,1,1,1,0,0,0,,g00,pre50_post150
3212,SA21/F13_SA21_R04.txt,train,F13,1,15.0,1166,1,1,1,1,0,0,0,,g00,pre50_post150
3213,SA21/F13_SA21_R05.txt,train,F13,1,15.0,1114,1,1,1,1,1,1,0,0.59,g00,pre50_post150
3214,SA21/F14_SA21_R01.txt,train,F14,1,15.0,951,1,1,1,1,1,1,0,0.635,g00,pre50_post150
3215,SA21/F14_SA21_R02.txt,train,F14,1,15.0,1083,1,1,1,1,1,1,0,0.655,g00,pre50_post150
3216,SA21/F14_SA21_R03.txt,train,F14,1,15.0,929,1,1,1,1,1,1,0,0.675,g00,pre50_post150
3217,SA21/F14_SA21_R04.txt,train,F14,1,15.0,954,1,1,1,1,1,1,0,0.64,g00,pre50_post150
3218,SA21/F14_SA21_R05.txt,train,F14,1,15.0,1278,1,1,1,1,1,1,0,0.635,g00,pre50_post150
3219,SA21/F15_SA21_R01.txt,train,F15,1,15.0,1022,1,1,1,1,1,1,0,0.6,g00,pre50_post150
3220,SA21/F15_SA21_R02.txt,train,F15,1,15.0,992,1,1,1,1,1,1,0,0.75,g00,pre50_post150
3221,SA21/F15_SA21_R03.txt,train,F15,1,15.0,884,1,1,1,1,0,0,0,,g00,pre50_post150
3222,SA21/F15_SA21_R04.txt,train,F15,1,15.0,771,1,1,1,1,1,1,0,0.625,g00,pre50_post150
3223,SA21/F15_SA21_R05.txt,train,F15,1,15.0,1086,1,1,1,1,1,1,0,0.7,g00,pre50_post150
3224,SA22/D01_SA22_R01.txt,train,D01,0,99.995,8023,61,0,59,0,0,0,0,,g00,pre50_post150
3225,SA22/D02_SA22_R01.txt,train,D02,0,99.995,10804,62,0,60,0,0,0,0,,g00,pre50_post150
3226,SA22/D03_SA22_R01.txt,train,D03,0,100.0,10503,62,0,62,0,28,0,28,,g00,pre50_post150
3227,SA22/D04_SA22_R01.txt,train,D04,0,99.985,13859,64,0,64,0,40,0,40,,g00,pre50_post150
3228,SA22/D05_SA22_R01.txt,train,D05,0,25.0,3573,10,0,10,0,0,0,0,,g00,pre50_post150
3229,SA22/D05_SA22_R02.txt,train,D05,0,25.0,4526,9,0,9,0,0,0,0,,g00,pre50_post150
3230,SA22/D05_SA22_R03.txt,train,D05,0,25.0,4281,10,0,10,0,0,0,0,,g00,pre50_post150
3231,SA22/D05_SA22_R04.txt,train,D05,0,25.0,3196,9,0,9,0,0,0,0,,g00,pre50_post150
3232,SA22/D05_SA22_R05.txt,train,D05,0,25.0,3789,9,0,9,0,0,0,0,,g00,pre50_post150
3233,SA22/D06_SA22_R01.txt,train,D06,0,24.995,2592,7,0,7,0,1,0,1,,g00,pre50_post150
3234,SA22/D06_SA22_R02.txt,train,D06,0,25.0,2945,6,0,6,0,2,0,2,,g00,pre50_post150
3235,SA22/D06_SA22_R03.txt,train,D06,0,25.0,2515,6,0,6,0,2,0,2,,g00,pre50_post150
3236,SA22/D06_SA22_R04.txt,train,D06,0,25.0,3213,7,0,7,0,2,0,2,,g00,pre50_post150
3237,SA22/D06_SA22_R05.txt,train,D06,0,25.0,3011,7,0,7,0,2,0,2,,g00,pre50_post150
3238,SA22/D07_SA22_R01.txt,train,D07,0,11.995,1805,3,0,2,0,0,0,0,,g00,pre50_post150
3239,SA22/D07_SA22_R02.txt,train,D07,0,12.0,943,2,0,2,0,0,0,0,,g00,pre50_post150
3240,SA22/D07_SA22_R03.txt,train,D07,0,12.0,915,2,0,2,0,0,0,0,,g00,pre50_post150
3241,SA22/D07_SA22_R04.txt,train,D07,0,12.0,956,2,0,2,0,0,0,0,,g00,pre50_post150
3242,SA22/D07_SA22_R05.txt,train,D07,0,12.0,384,2,0,2,0,0,0,0,,g00,pre50_post150
3243,SA22/D08_SA22_R01.txt,train,D08,0,12.0,697,2,0,2,0,0,0,0,,g00,pre50_post150
3244,SA22/D08_SA22_R02.txt,train,D08,0,12.0,786,2,0,2,0,0,0,0,,g00,pre50_post150
3245,SA22/D08_SA22_R03.txt,train,D08,0,12.0,717,2,0,2,0,0,0,0,,g00,pre50_post150
3246,SA22/D08_SA22_R04.txt,train,D08,0,12.0,611,2,0,2,0,0,0,0,,g00,pre50_post150
3247,SA22/D08_SA22_R05.txt,train,D08,0,11.99,798,2,0,2,0,0,0,0,,g00,pre50_post150
3248,SA22/D09_SA22_R01.txt,train,D09,0,11.995,844,2,0,2,0,0,0,0,,g00,pre50_post150
3249,SA22/D09_SA22_R02.txt,train,D09,0,12.0,876,2,0,2,0,0,0,0,,g00,pre50_post150
3250,SA22/D09_SA22_R03.txt,train,D09,0,12.0,918,2,0,2,0,0,0,0,,g00,pre50_post150
3251,SA22/D09_SA22_R04.txt,train,D09,0,12.0,792,2,0,2,0,0,0,0,,g00,pre50_post150
3252,SA22/D09_SA22_R05.txt,train,D09,0,12.0,986,2,0,2,0,0,0,0,,g00,pre50_post150
3253,SA22/D10_SA22_R01.txt,train,D10,0,12.0,683,2,0,2,0,0,0,0,,g00,pre50_post150
3254,SA22/D10_SA22_R02.txt,train,D10,0,12.0,668,2,0,2,0,0,0,0,,g00,pre50_post150
3255,SA22/D10_SA22_R03.txt,train,D10,0,12.0,690,2,0,2,0,0,0,0,,g00,pre50_post150
3256,SA22/D10_SA22_R04.txt,train,D10,0,12.0,785,2,0,2,0,0,0,0,,g00,pre50_post150
3257,SA22/D10_SA22_R05.txt,train,D10,0,12.0,641,2,0,2,0,0,0,0,,g00,pre50_post150
3258,SA22/D11_SA22_R01.txt,train,D11,0,11.995,1355,2,0,2,0,0,0,0,,g00,pre50_post150
3259,SA22/D11_SA22_R02.txt,train,D11,0,12.0,1092,2,0,2,0,0,0,0,,g00,pre50_post150
3260,SA22/D11_SA22_R03.txt,train,D11,0,12.0,1282,2,0,2,0,0,0,0,,g00,pre50_post150
3261,SA22/D11_SA22_R04.txt,train,D11,0,12.0,1182,1,0,1,0,0,0,0,,g00,pre50_post150
3262,SA22/D11_SA22_R05.txt,train,D11,0,12.0,1298,1,0,1,0,0,0,0,,g00,pre50_post150
3263,SA22/D12_SA22_R01.txt,train,D12,0,12.0,1709,1,0,1,0,0,0,0,,g00,pre50_post150
3264,SA22/D12_SA22_R02.txt,train,D12,0,12.0,898,1,0,1,0,0,0,0,,g00,pre50_post150
3265,SA22/D12_SA22_R03.txt,train,D12,0,12.0,954,0,0,0,0,0,0,0,,g00,pre50_post150
3266,SA22/D12_SA22_R04.txt,train,D12,0,12.0,791,0,0,0,0,0,0,0,,g00,pre50_post150
3267,SA22/D12_SA22_R05.txt,train,D12,0,12.0,853,0,0,0,0,0,0,0,,g00,pre50_post150
3268,SA22/D13_SA22_R01.txt,train,D13,0,12.0,464,2,0,2,0,0,0,0,,g00,pre50_post150
3269,SA22/D13_SA22_R02.txt,train,D13,0,12.0,579,2,0,2,0,0,0,0,,g00,pre50_post150
3270,SA22/D13_SA22_R03.txt,train,D13,0,12.0,675,1,0,1,0,0,0,0,,g00,pre50_post150
3271,SA22/D13_SA22_R04.txt,train,D13,0,12.0,623,2,0,2,0,1,0,1,,g00,pre50_post150
3272,SA22/D13_SA22_R05.txt,train,D13,0,12.0,1651,2,0,2,0,0,0,0,,g00,pre50_post150
3273,SA22/D14_SA22_R01.txt,train,D14,0,12.0,1125,2,0,2,0,0,0,0,,g00,pre50_post150
3274,SA22/D14_SA22_R02.txt,train,D14,0,12.0,1032,1,0,1,0,0,0,0,,g00,pre50_post150
3275,SA22/D14_SA22_R03.txt,train,D14,0,12.0,958,1,0,1,0,0,0,0,,g00,pre50_post150
3276,SA22/D14_SA22_R04.txt,train,D14,0,12.0,850,0,0,0,0,0,0,0,,g00,pre50_post150
3277,SA22/D14_SA22_R05.txt,train,D14,0,12.0,903,1,0,1,0,0,0,0,,g00,pre50_post150
3278,SA22/D15_SA22_R01.txt,train,D15,0,12.0,1416,2,0,2,0,0,0,0,,g00,pre50_post150
3279,SA22/D15_SA22_R02.txt,train,D15,0,12.0,890,2,0,2,0,0,0,0,,g00,pre50_post150
3280,SA22/D15_SA22_R03.txt,train,D15,0,12.0,771,2,0,2,0,0,0,0,,g00,pre50_post150
3281,SA22/D15_SA22_R04.txt,train,D15,0,12.0,823,2,0,2,0,0,0,0,,g00,pre50_post150
3282,SA22/D15_SA22_R05.txt,train,D15,0,11.995,992,3,0,3,0,0,0,0,,g00,pre50_post150
3283,SA22/D16_SA22_R01.txt,train,D16,0,11.995,811,0,0,0,0,0,0,0,,g00,pre50_post150
3284,SA22/D16_SA22_R02.txt,train,D16,0,12.0,770,0,0,0,0,0,0,0,,g00,pre50_post150
3285,SA22/D16_SA22_R03.txt,train,D16,0,12.0,739,0,0,0,0,0,0,0,,g00,pre50_post150
3286,SA22/D16_SA22_R04.txt,train,D16,0,12.0,1833,0,0,0,0,0,0,0,,g00,pre50_post150
3287,SA22/D16_SA22_R05.txt,train,D16,0,12.0,992,0,0,0,0,0,0,0,,g00,pre50_post150
3288,SA22/D17_SA22_R01.txt,train,D17,0,24.995,4114,5,0,5,0,0,0,0,,g00,pre50_post150
3289,SA22/D17_SA22_R02.txt,train,D17,0,25.0,1329,4,0,4,0,0,0,0,,g00,pre50_post150
3290,SA22/D17_SA22_R03.txt,train,D17,0,25.0,1408,4,0,4,0,0,0,0,,g00,pre50_post150
3291,SA22/D17_SA22_R04.txt,train,D17,0,24.995,3987,3,0,3,0,0,0,0,,g00,pre50_post150
3292,SA22/D17_SA22_R05.txt,train,D17,0,25.0,3421,3,0,3,0,0,0,0,,g00,pre50_post150
3293,SA22/D18_SA22_R01.txt,train,D18,0,11.97,1150,6,0,6,0,0,0,0,,g00,pre50_post150
3294,SA22/D18_SA22_R02.txt,train,D18,0,12.0,1111,7,0,7,0,0,0,0,,g00,pre50_post150
3295,SA22/D18_SA22_R03.txt,train,D18,0,12.0,1308,7,0,7,0,0,0,0,,g00,pre50_post150
3296,SA22/D18_SA22_R04.txt,train,D18,0,12.0,1138,7,0,7,0,0,0,0,,g00,pre50_post150
3297,SA22/D18_SA22_R05.txt,train,D18,0,12.0,1191,7,0,6,0,1,0,1,,g00,pre50_post150
3298,SA22/D19_SA22_R01.txt,train,D19,0,12.0,1592,2,0,2,0,0,0,0,,g00,pre50_post150
3299,SA22/D19_SA22_R02.txt,train,D19,0,12.0,1390,2,0,2,0,0,0,0,,g00,pre50_post150
3300,SA22/D19_SA22_R03.txt,train,D19,0,12.0,553,3,0,3,0,0,0,0,,g00,pre50_post150
3301,SA22/D19_SA22_R04.txt,train,D19,0,12.0,1219,2,0,2,0,0,0,0,,g00,pre50_post150
3302,SA22/D19_SA22_R05.txt,train,D19,0,12.0,1509,2,0,2,0,0,0,0,,g00,pre50_post150
3303,SA22/F01_SA22_R01.txt,train,F01,1,14.995,1410,4,1,4,1,1,1,0,0.6,g00,pre50_post150
3304,SA22/F01_SA22_R02.txt,train,F01,1,15.0,1481,5,1,5,1,1,1,0,1.08,g00,pre50_post150
3305,SA22/F01_SA22_R03.txt,train,F01,1,15.0,1499,5,1,5,1,1,1,0,0.39,g00,pre50_post150
3306,SA22/F01_SA22_R04.txt,train,F01,1,15.0,1466,4,1,4,1,0,0,0,,g00,pre50_post150
3307,SA22/F01_SA22_R05.txt,train,F01,1,15.0,1515,5,1,5,1,1,1,0,0.67,g00,pre50_post150
3308,SA22/F02_SA22_R01.txt,train,F02,1,15.0,1661,5,1,5,1,1,1,0,0.395,g00,pre50_post150
3309,SA22/F02_SA22_R02.txt,train,F02,1,15.0,1529,5,1,5,1,1,1,0,0.635,g00,pre50_post150
3310,SA22/F02_SA22_R03.txt,train,F02,1,15.0,1531,4,1,4,1,0,0,0,,g00,pre50_post150
3311,SA22/F02_SA22_R04.txt,train,F02,1,15.0,1300,4,1,4,1,1,1,0,0.525,g00,pre50_post150
3312,SA22/F02_SA22_R05.txt,train,F02,1,15.0,1385,4,0,4,0,0,0,0,,g00,pre50_post150
3313,SA22/F03_SA22_R01.txt,train,F03,1,15.0,1760,4,1,4,1,1,1,0,0.43,g00,pre50_post150
3314,SA22/F03_SA22_R02.txt,train,F03,1,15.0,1099,4,1,3,1,1,1,0,0.695,g00,pre50_post150
3315,SA22/F03_SA22_R03.txt,train,F03,1,15.0,1319,4,1,4,1,1,1,0,0.45,g00,pre50_post150
3316,SA22/F03_SA22_R04.txt,train,F03,1,14.985,1181,4,1,4,1,1,1,0,1.51,g00,pre50_post150
3317,SA22/F03_SA22_R05.txt,train,F03,1,15.0,1374,4,1,4,1,1,1,0,0.975,g00,pre50_post150
3318,SA22/F04_SA22_R01.txt,train,F04,1,15.0,1401,4,1,4,1,0,0,0,,g00,pre50_post150
3319,SA22/F04_SA22_R02.txt,train,F04,1,15.0,1413,5,1,5,1,1,1,0,0.67,g00,pre50_post150
3320,SA22/F04_SA22_R03.txt,train,F04,1,15.0,1553,5,1,5,1,1,1,0,0.27,g00,pre50_post150
3321,SA22/F04_SA22_R04.txt,train,F04,1,15.0,1875,5,1,5,1,1,1,0,0.735,g00,pre50_post150
3322,SA22/F04_SA22_R05.txt,train,F04,1,15.0,1760,5,1,5,1,1,1,0,0.32,g00,pre50_post150
3323,SA22/F05_SA22_R01.txt,train,F05,1,15.0,859,4,1,4,1,0,0,0,,g00,pre50_post150
3324,SA22/F05_SA22_R02.txt,train,F05,1,15.0,791,3,1,3,1,2,1,1,1.15,g00,pre50_post150
3325,SA22/F05_SA22_R03.txt,train,F05,1,15.0,857,3,1,3,1,1,1,0,1.03,g00,pre50_post150
3326,SA22/F05_SA22_R04.txt,train,F05,1,15.0,891,3,1,3,1,1,1,0,0.165,g00,pre50_post150
3327,SA22/F05_SA22_R05.txt,train,F05,1,14.995,774,3,1,3,1,1,1,0,0.36,g00,pre50_post150
3328,SA22/F06_SA22_R01.txt,train,F06,1,14.995,1522,5,1,5,1,0,0,0,,g00,pre50_post150
3329,SA22/F06_SA22_R02.txt,train,F06,1,15.0,1723,5,1,5,1,1,1,0,0.12,g00,pre50_post150
3330,SA22/F06_SA22_R03.txt,train,F06,1,15.0,1856,5,1,5,1,0,0,0,,g00,pre50_post150
3331,SA22/F06_SA22_R04.txt,train,F06,1,15.0,1568,5,1,5,1,1,1,0,0.74,g00,pre50_post150
3332,SA22/F06_SA22_R05.txt,train,F06,1,14.995,1777,5,1,5,1,1,1,0,0.59,g00,pre50_post150
3333,SA22/F07_SA22_R01.txt,train,F07,1,15.0,1495,4,1,4,1,0,0,0,,g00,pre50_post150
3334,SA22/F07_SA22_R02.txt,train,F07,1,15.0,1210,4,1,4,1,1,1,0,0.73,g00,pre50_post150
3335,SA22/F07_SA22_R03.txt,train,F07,1,15.0,1566,4,1,4,1,0,0,0,,g00,pre50_post150
3336,SA22/F07_SA22_R04.txt,train,F07,1,15.0,1486,4,1,4,1,1,1,0,0.735,g00,pre50_post150
3337,SA22/F07_SA22_R05.txt,train,F07,1,14.995,1459,4,1,4,1,1,1,0,0.185,g00,pre50_post150
3338,SA22/F08_SA22_R01.txt,train,F08,1,15.0,1661,2,1,2,1,0,0,0,,g00,pre50_post150
3339,SA22/F08_SA22_R02.txt,train,F08,1,15.0,1417,2,1,2,1,1,1,0,1.03,g00,pre50_post150
3340,SA22/F08_SA22_R03.txt,train,F08,1,15.0,1275,2,1,2,1,0,0,0,,g00,pre50_post150
3341,SA22/F08_SA22_R04.txt,train,F08,1,15.0,1208,2,1,2,1,0,0,0,,g00,pre50_post150
3342,SA22/F08_SA22_R05.txt,train,F08,1,15.0,1245,2,1,2,1,1,1,0,0.965,g00,pre50_post150
3343,SA22/F09_SA22_R01.txt,train,F09,1,15.0,1125,2,1,2,1,1,1,0,0.95,g00,pre50_post150
3344,SA22/F09_SA22_R02.txt,train,F09,1,15.0,1251,2,1,2,1,0,0,0,,g00,pre50_post150
3345,SA22/F09_SA22_R03.txt,train,F09,1,15.0,1200,2,1,2,1,1,1,0,1.005,g00,pre50_post150
3346,SA22/F09_SA22_R04.txt,train,F09,1,15.0,934,2,1,2,1,0,0,0,,g00,pre50_post150
3347,SA22/F09_SA22_R05.txt,train,F09,1,15.0,1263,2,1,2,1,0,0,0,,g00,pre50_post150
3348,SA22/F10_SA22_R01.txt,train,F10,1,15.0,1420,1,1,1,1,0,0,0,,g00,pre50_post150
3349,SA22/F10_SA22_R02.txt,train,F10,1,15.0,1219,1,1,1,1,1,1,0,0.59,g00,pre50_post150
3350,SA22/F10_SA22_R03.txt,train,F10,1,15.0,1258,1,1,1,1,1,1,0,0.785,g00,pre50_post150
3351,SA22/F10_SA22_R04.txt,train,F10,1,15.0,1292,1,1,1,1,1,1,0,0.14,g00,pre50_post150
3352,SA22/F10_SA22_R05.txt,train,F10,1,15.0,1443,1,1,1,1,1,1,0,0.67,g00,pre50_post150
3353,SA22/F11_SA22_R01.txt,train,F11,1,14.995,1320,1,1,1,1,1,1,0,0.195,g00,pre50_post150
3354,SA22/F11_SA22_R02.txt,train,F11,1,15.0,1305,1,1,1,1,0,0,0,,g00,pre50_post150
3355,SA22/F11_SA22_R03.txt,train,F11,1,15.0,1520,1,1,1,1,1,1,0,0.73,g00,pre50_post150
3356,SA22/F11_SA22_R04.txt,train,F11,1,15.0,1242,1,1,1,1,1,1,0,0.725,g00,pre50_post150
3357,SA22/F11_SA22_R05.txt,train,F11,1,15.0,1364,1,1,1,1,0,0,0,,g00,pre50_post150
3358,SA22/F12_SA22_R01.txt,train,F12,1,15.0,1047,1,1,1,1,1,1,0,0.675,g00,pre50_post150
3359,SA22/F12_SA22_R02.txt,train,F12,1,15.0,1324,1,1,1,1,0,0,0,,g00,pre50_post150
3360,SA22/F12_SA22_R03.txt,train,F12,1,15.0,1410,1,1,1,1,1,1,0,0.135,g00,pre50_post150
3361,SA22/F12_SA22_R04.txt,train,F12,1,15.0,1311,1,1,1,1,0,0,0,,g00,pre50_post150
3362,SA22/F12_SA22_R05.txt,train,F12,1,15.0,1552,1,1,1,1,1,1,0,0.735,g00,pre50_post150
3363,SA22/F13_SA22_R01.txt,train,F13,1,15.0,1287,1,1,1,1,0,0,0,,g00,pre50_post150
3364,SA22/F13_SA22_R02.txt,train,F13,1,15.0,1388,1,1,1,1,1,1,0,0.295,g00,pre50_post150
3365,SA22/F13_SA22_R03.txt,train,F13,1,15.0,1649,1,1,1,1,1,1,0,0.395,g00,pre50_post150
3366,SA22/F13_SA22_R04.txt,train,F13,1,15.0,1445,1,1,1,1,1,1,0,0.405,g00,pre50_post150
3367,SA22/F13_SA22_R05.txt,train,F13,1,15.0,1406,2,1,2,1,0,0,0,,g00,pre50_post150
3368,SA22/F14_SA22_R01.txt,train,F14,1,15.0,1949,1,1,1,1,1,1,0,0.63,g00,pre50_post150
3369,SA22/F14_SA22_R02.txt,train,F14,1,14.995,1400,1,1,1,1,0,0,0,,g00,pre50_post150
3370,SA22/F14_SA22_R03.txt,train,F14,1,15.0,1642,1,1,1,1,1,1,0,0.7,g00,pre50_post150
3371,SA22/F14_SA22_R04.txt,train,F14,1,15.0,1778,1,1,1,1,1,1,0,0.725,g00,pre50_post150
3372,SA22/F14_SA22_R05.txt,train,F14,1,15.0,1137,1,1,1,1,0,0,0,,g00,pre50_post150
3373,SA22/F15_SA22_R01.txt,train,F15,1,14.455,1234,1,1,1,1,0,0,0,,g00,pre50_post150
3374,SA22/F15_SA22_R02.txt,train,F15,1,15.0,967,1,1,1,1,1,1,0,0.77,g00,pre50_post150
3375,SA22/F15_SA22_R03.txt,train,F15,1,15.0,1348,1,1,1,1,1,1,0,0.63,g00,pre50_post150
3376,SA22/F15_SA22_R04.txt,train,F15,1,15.0,1765,1,1,1,1,1,1,0,0.62,g00,pre50_post150
3377,SA22/F15_SA22_R05.txt,train,F15,1,14.995,1189,1,1,1,1,0,0,0,,g00,pre50_post150
3591,SE02/D01_SE02_R01.txt,train,D01,0,99.995,7143,55,0,54,0,0,0,0,,g00,pre50_post150
3592,SE02/D02_SE02_R01.txt,train,D02,0,100.0,4267,61,0,60,0,0,0,0,,g00,pre50_post150
3593,SE02/D03_SE02_R01.txt,train,D03,0,100.0,6348,62,0,61,0,0,0,0,,g00,pre50_post150
3594,SE02/D05_SE02_R01.txt,train,D05,0,25.0,3232,10,0,10,0,0,0,0,,g00,pre50_post150
3595,SE02/D05_SE02_R02.txt,train,D05,0,24.995,2713,9,0,8,0,0,0,0,,g00,pre50_post150
3596,SE02/D05_SE02_R03.txt,train,D05,0,25.0,3175,11,0,11,0,0,0,0,,g00,pre50_post150
3597,SE02/D05_SE02_R04.txt,train,D05,0,25.0,3335,10,0,10,0,0,0,0,,g00,pre50_post150
3598,SE02/D05_SE02_R05.txt,train,D05,0,25.0,3203,10,0,10,0,0,0,0,,g00,pre50_post150
3599,SE02/D07_SE02_R01.txt,train,D07,0,12.0,2044,2,0,2,0,0,0,0,,g00,pre50_post150
3600,SE02/D07_SE02_R02.txt,train,D07,0,12.0,1623,2,0,2,0,0,0,0,,g00,pre50_post150
3601,SE02/D07_SE02_R03.txt,train,D07,0,12.0,1681,2,0,2,0,0,0,0,,g00,pre50_post150
3602,SE02/D07_SE02_R04.txt,train,D07,0,12.0,979,2,0,2,0,0,0,0,,g00,pre50_post150
3603,SE02/D07_SE02_R05.txt,train,D07,0,12.0,1847,2,0,2,0,0,0,0,,g00,pre50_post150
3604,SE02/D08_SE02_R01.txt,train,D08,0,12.0,799,2,0,2,0,0,0,0,,g00,pre50_post150
3605,SE02/D08_SE02_R02.txt,train,D08,0,12.0,713,2,0,2,0,0,0,0,,g00,pre50_post150
3606,SE02/D08_SE02_R03.txt,train,D08,0,12.0,1397,2,0,2,0,0,0,0,,g00,pre50_post150
3607,SE02/D08_SE02_R04.txt,train,D08,0,12.005,727,2,0,2,0,0,0,0,,g00,pre50_post150
3608,SE02/D08_SE02_R05.txt,train,D08,0,12.0,859,2,0,2,0,0,0,0,,g00,pre50_post150
3609,SE02/D11_SE02_R01.txt,train,D11,0,12.0,868,2,0,2,0,0,0,0,,g00,pre50_post150
3610,SE02/D11_SE02_R02.txt,train,D11,0,12.0,1014,1,0,1,0,0,0,0,,g00,pre50_post150
3611,SE02/D11_SE02_R03.txt,train,D11,0,12.0,1014,1,0,1,0,0,0,0,,g00,pre50_post150
3612,SE02/D11_SE02_R04.txt,train,D11,0,12.0,906,1,0,1,0,0,0,0,,g00,pre50_post150
3613,SE02/D11_SE02_R05.txt,train,D11,0,12.0,936,1,0,1,0,0,0,0,,g00,pre50_post150
3614,SE02/D12_SE02_R01.txt,train,D12,0,12.0,494,1,0,1,0,0,0,0,,g00,pre50_post150
3615,SE02/D12_SE02_R02.txt,train,D12,0,12.0,1119,1,0,1,0,0,0,0,,g00,pre50_post150
3616,SE02/D12_SE02_R03.txt,train,D12,0,12.0,1558,1,0,1,0,0,0,0,,g00,pre50_post150
3617,SE02/D12_SE02_R04.txt,train,D12,0,12.005,1029,1,0,1,0,0,0,0,,g00,pre50_post150
3618,SE02/D12_SE02_R05.txt,train,D12,0,12.0,934,1,0,1,0,0,0,0,,g00,pre50_post150
3619,SE02/D14_SE02_R01.txt,train,D14,0,12.0,751,2,0,2,0,0,0,0,,g00,pre50_post150
3620,SE02/D14_SE02_R02.txt,train,D14,0,12.0,888,2,0,2,0,1,0,1,,g00,pre50_post150
3621,SE02/D14_SE02_R03.txt,train,D14,0,12.0,852,2,0,2,0,0,0,0,,g00,pre50_post150
3622,SE02/D14_SE02_R04.txt,train,D14,0,12.0,1666,4,0,4,0,0,0,0,,g00,pre50_post150
3623,SE02/D14_SE02_R05.txt,train,D14,0,12.0,788,2,0,2,0,0,0,0,,g00,pre50_post150
3624,SE02/D15_SE02_R01.txt,train,D15,0,12.0,1087,0,0,0,0,0,0,0,,g00,pre50_post150
3625,SE02/D15_SE02_R02.txt,train,D15,0,12.0,669,1,0,1,0,0,0,0,,g00,pre50_post150
3626,SE02/D15_SE02_R03.txt,train,D15,0,12.0,689,3,0,2,0,0,0,0,,g00,pre50_post150
3627,SE02/D15_SE02_R04.txt,train,D15,0,12.0,611,2,0,2,0,0,0,0,,g00,pre50_post150
3628,SE02/D15_SE02_R05.txt,train,D15,0,12.0,937,2,0,2,0,0,0,0,,g00,pre50_post150
3629,SE02/D16_SE02_R01.txt,train,D16,0,11.995,519,2,0,2,0,0,0,0,,g00,pre50_post150
3630,SE02/D16_SE02_R02.txt,train,D16,0,12.005,1418,0,0,0,0,0,0,0,,g00,pre50_post150
3631,SE02/D16_SE02_R03.txt,train,D16,0,12.005,780,0,0,0,0,0,0,0,,g00,pre50_post150
3632,SE02/D16_SE02_R04.txt,train,D16,0,11.995,605,1,0,1,0,0,0,0,,g00,pre50_post150
3633,SE02/D16_SE02_R05.txt,train,D16,0,12.0,730,1,0,1,0,0,0,0,,g00,pre50_post150
3634,SE02/D17_SE02_R01.txt,train,D17,0,16.02,2312,3,0,3,0,0,0,0,,g00,pre50_post150
3635,SE02/D17_SE02_R02.txt,train,D17,0,16.02,843,3,0,3,0,0,0,0,,g00,pre50_post150
3636,SE02/D17_SE02_R03.txt,train,D17,0,16.025,718,3,0,3,0,0,0,0,,g00,pre50_post150
3637,SE02/D17_SE02_R04.txt,train,D17,0,16.02,903,4,0,4,0,0,0,0,,g00,pre50_post150
3638,SE02/D17_SE02_R05.txt,train,D17,0,18.035,666,4,0,4,0,0,0,0,,g00,pre50_post150
3639,SE03/D01_SE03_R01.txt,train,D01,0,99.995,14975,61,0,60,0,0,0,0,,g00,pre50_post150
3640,SE03/D02_SE03_R01.txt,train,D02,0,100.005,18372,57,0,56,0,0,0,0,,g00,pre50_post150
3641,SE03/D03_SE03_R01.txt,train,D03,0,100.0,1282,61,0,61,0,0,0,0,,g00,pre50_post150
3642,SE03/D04_SE03_R01.txt,train,D04,0,110.03,6916,62,0,62,0,0,0,0,,g00,pre50_post150
3643,SE03/D05_SE03_R01.txt,train,D05,0,24.995,2951,12,0,12,0,0,0,0,,g00,pre50_post150
3644,SE03/D05_SE03_R02.txt,train,D05,0,25.0,3319,12,0,12,0,0,0,0,,g00,pre50_post150
3645,SE03/D05_SE03_R03.txt,train,D05,0,24.995,3959,12,0,12,0,0,0,0,,g00,pre50_post150
3646,SE03/D05_SE03_R04.txt,train,D05,0,25.005,2897,13,0,12,0,0,0,0,,g00,pre50_post150
3647,SE03/D05_SE03_R05.txt,train,D05,0,25.0,2954,12,0,11,0,0,0,0,,g00,pre50_post150
3648,SE03/D07_SE03_R01.txt,train,D07,0,12.0,1447,2,0,2,0,0,0,0,,g00,pre50_post150
3649,SE03/D07_SE03_R02.txt,train,D07,0,12.0,1467,2,0,2,0,0,0,0,,g00,pre50_post150
3650,SE03/D07_SE03_R03.txt,train,D07,0,12.0,1188,2,0,2,0,0,0,0,,g00,pre50_post150
3651,SE03/D07_SE03_R04.txt,train,D07,0,12.0,1550,2,0,2,0,0,0,0,,g00,pre50_post150
3652,SE03/D07_SE03_R05.txt,train,D07,0,12.0,784,2,0,2,0,0,0,0,,g00,pre50_post150
3653,SE03/D08_SE03_R01.txt,train,D08,0,12.0,648,2,0,2,0,0,0,0,,g00,pre50_post150
3654,SE03/D08_SE03_R02.txt,train,D08,0,12.0,604,2,0,2,0,0,0,0,,g00,pre50_post150
3655,SE03/D08_SE03_R03.txt,train,D08,0,11.995,1503,2,0,2,0,0,0,0,,g00,pre50_post150
3656,SE03/D08_SE03_R04.txt,train,D08,0,12.0,758,2,0,2,0,0,0,0,,g00,pre50_post150
3657,SE03/D08_SE03_R05.txt,train,D08,0,12.0,663,2,0,2,0,0,0,0,,g00,pre50_post150
3658,SE03/D09_SE03_R01.txt,train,D09,0,12.005,910,2,0,2,0,0,0,0,,g00,pre50_post150
3659,SE03/D09_SE03_R02.txt,train,D09,0,12.0,940,2,0,2,0,0,0,0,,g00,pre50_post150
3660,SE03/D09_SE03_R03.txt,train,D09,0,12.0,930,2,0,2,0,0,0,0,,g00,pre50_post150
3661,SE03/D09_SE03_R04.txt,train,D09,0,12.0,923,2,0,2,0,0,0,0,,g00,pre50_post150
3662,SE03/D09_SE03_R05.txt,train,D09,0,12.0,945,2,0,2,0,0,0,0,,g00,pre50_post150
3663,SE03/D10_SE03_R01.txt,train,D10,0,12.0,501,2,0,2,0,0,0,0,,g00,pre50_post150
3664,SE03/D10_SE03_R02.txt,train,D10,0,11.995,664,2,0,2,0,0,0,0,,g00,pre50_post150
3665,SE03/D10_SE03_R03.txt,train,D10,0,11.995,658,2,0,2,0,0,0,0,,g00,pre50_post150
3666,SE03/D10_SE03_R04.txt,train,D10,0,12.005,761,2,0,2,0,0,0,0,,g00,pre50_post150
3667,SE03/D10_SE03_R05.txt,train,D10,0,12.0,1483,2,0,2,0,0,0,0,,g00,pre50_post150
3668,SE03/D11_SE03_R01.txt,train,D11,0,11.995,906,1,0,1,0,0,0,0,,g00,pre50_post150
3669,SE03/D11_SE03_R02.txt,train,D11,0,12.005,875,1,0,1,0,0,0,0,,g00,pre50_post150
3670,SE03/D11_SE03_R03.txt,train,D11,0,12.0,874,1,0,1,0,0,0,0,,g00,pre50_post150
3671,SE03/D11_SE03_R04.txt,train,D11,0,12.0,942,1,0,1,0,0,0,0,,g00,pre50_post150
3672,SE03/D11_SE03_R05.txt,train,D11,0,12.0,1156,1,0,1,0,0,0,0,,g00,pre50_post150
3673,SE03/D12_SE03_R01.txt,train,D12,0,12.0,941,5,0,4,0,0,0,0,,g00,pre50_post150
3674,SE03/D12_SE03_R02.txt,train,D12,0,12.0,614,6,0,6,0,0,0,0,,g00,pre50_post150
3675,SE03/D12_SE03_R03.txt,train,D12,0,12.0,668,4,0,4,0,0,0,0,,g00,pre50_post150
3676,SE03/D12_SE03_R04.txt,train,D12,0,12.0,746,5,0,5,0,0,0,0,,g00,pre50_post150
3677,SE03/D12_SE03_R05.txt,train,D12,0,12.0,752,4,0,4,0,0,0,0,,g00,pre50_post150
3678,SE03/D14_SE03_R01.txt,train,D14,0,12.0,832,2,0,2,0,0,0,0,,g00,pre50_post150
3679,SE03/D14_SE03_R02.txt,train,D14,0,12.0,2282,4,0,3,0,0,0,0,,g00,pre50_post150
3680,SE03/D14_SE03_R03.txt,train,D14,0,12.0,1796,3,0,3,0,0,0,0,,g00,pre50_post150
3681,SE03/D14_SE03_R04.txt,train,D14,0,12.0,1610,3,0,3,0,0,0,0,,g00,pre50_post150
3682,SE03/D14_SE03_R05.txt,train,D14,0,12.0,812,3,0,3,0,0,0,0,,g00,pre50_post150
3683,SE03/D15_SE03_R01.txt,train,D15,0,12.0,1186,1,0,1,0,0,0,0,,g00,pre50_post150
3684,SE03/D15_SE03_R02.txt,train,D15,0,12.0,1257,2,0,2,0,0,0,0,,g00,pre50_post150
3685,SE03/D15_SE03_R03.txt,train,D15,0,12.0,764,0,0,0,0,0,0,0,,g00,pre50_post150
3686,SE03/D15_SE03_R04.txt,train,D15,0,12.0,1314,2,0,2,0,0,0,0,,g00,pre50_post150
3687,SE03/D15_SE03_R05.txt,train,D15,0,12.0,1427,2,0,2,0,0,0,0,,g00,pre50_post150
3688,SE03/D16_SE03_R01.txt,train,D16,0,12.0,643,2,0,2,0,0,0,0,,g00,pre50_post150
3689,SE03/D16_SE03_R02.txt,train,D16,0,12.0,533,1,0,1,0,0,0,0,,g00,pre50_post150
3690,SE03/D16_SE03_R03.txt,train,D16,0,12.0,576,2,0,2,0,0,0,0,,g00,pre50_post150
3691,SE03/D16_SE03_R04.txt,train,D16,0,12.0,930,2,0,2,0,0,0,0,,g00,pre50_post150
3692,SE03/D16_SE03_R05.txt,train,D16,0,12.0,404,3,0,3,0,0,0,0,,g00,pre50_post150
3693,SE03/D17_SE03_R01.txt,train,D17,0,23.03,2568,1,0,1,0,0,0,0,,g00,pre50_post150
3694,SE03/D17_SE03_R02.txt,train,D17,0,21.025,1259,3,0,3,0,0,0,0,,g00,pre50_post150
3695,SE03/D17_SE03_R03.txt,train,D17,0,25.025,2718,2,0,2,0,0,0,0,,g00,pre50_post150
3696,SE03/D17_SE03_R04.txt,train,D17,0,25.055,2520,4,0,4,0,0,0,0,,g00,pre50_post150
3697,SE03/D17_SE03_R05.txt,train,D17,0,24.03,3474,1,0,1,0,0,0,0,,g00,pre50_post150
3757,SE05/D01_SE05_R01.txt,train,D01,0,99.995,10937,58,0,58,0,0,0,0,,g00,pre50_post150
3758,SE05/D02_SE05_R01.txt,train,D02,0,100.005,1300,60,0,59,0,0,0,0,,g00,pre50_post150
3759,SE05/D03_SE05_R01.txt,train,D03,0,100.0,3013,62,0,60,0,0,0,0,,g00,pre50_post150
3760,SE05/D04_SE05_R01.txt,train,D04,0,100.0,4858,62,0,61,0,6,0,6,,g00,pre50_post150
3761,SE05/D05_SE05_R01.txt,train,D05,0,25.005,2698,11,0,11,0,0,0,0,,g00,pre50_post150
3762,SE05/D05_SE05_R02.txt,train,D05,0,25.0,2387,11,0,10,0,0,0,0,,g00,pre50_post150
3763,SE05/D05_SE05_R03.txt,train,D05,0,25.0,2302,12,0,12,0,0,0,0,,g00,pre50_post150
3764,SE05/D05_SE05_R04.txt,train,D05,0,25.0,3227,13,0,12,0,0,0,0,,g00,pre50_post150
3765,SE05/D05_SE05_R05.txt,train,D05,0,25.0,3199,13,0,13,0,0,0,0,,g00,pre50_post150
3766,SE05/D07_SE05_R01.txt,train,D07,0,11.995,1466,2,0,2,0,0,0,0,,g00,pre50_post150
3767,SE05/D07_SE05_R02.txt,train,D07,0,12.0,1900,2,0,2,0,0,0,0,,g00,pre50_post150
3768,SE05/D07_SE05_R03.txt,train,D07,0,12.0,1591,2,0,2,0,0,0,0,,g00,pre50_post150
3769,SE05/D07_SE05_R04.txt,train,D07,0,12.0,1632,3,0,3,0,0,0,0,,g00,pre50_post150
3770,SE05/D07_SE05_R05.txt,train,D07,0,11.995,1626,2,0,2,0,0,0,0,,g00,pre50_post150
3771,SE05/D08_SE05_R01.txt,train,D08,0,12.0,1037,2,0,2,0,0,0,0,,g00,pre50_post150
3772,SE05/D08_SE05_R02.txt,train,D08,0,12.0,1409,2,0,2,0,0,0,0,,g00,pre50_post150
3773,SE05/D08_SE05_R03.txt,train,D08,0,12.005,1460,2,0,2,0,0,0,0,,g00,pre50_post150
3774,SE05/D08_SE05_R04.txt,train,D08,0,12.0,1702,2,0,2,0,0,0,0,,g00,pre50_post150
3775,SE05/D08_SE05_R05.txt,train,D08,0,12.0,1619,2,0,2,0,0,0,0,,g00,pre50_post150
3776,SE05/D09_SE05_R01.txt,train,D09,0,12.0,709,3,0,3,0,0,0,0,,g00,pre50_post150
3777,SE05/D09_SE05_R02.txt,train,D09,0,12.0,1256,2,0,2,0,0,0,0,,g00,pre50_post150
3778,SE05/D09_SE05_R03.txt,train,D09,0,12.0,840,2,0,2,0,0,0,0,,g00,pre50_post150
3779,SE05/D09_SE05_R04.txt,train,D09,0,12.0,1706,3,0,3,0,0,0,0,,g00,pre50_post150
3780,SE05/D09_SE05_R05.txt,train,D09,0,12.0,1680,2,0,2,0,0,0,0,,g00,pre50_post150
3781,SE05/D10_SE05_R01.txt,train,D10,0,12.0,1512,3,0,3,0,0,0,0,,g00,pre50_post150
3782,SE05/D10_SE05_R02.txt,train,D10,0,12.0,658,2,0,2,0,0,0,0,,g00,pre50_post150
3783,SE05/D10_SE05_R03.txt,train,D10,0,12.0,1487,2,0,2,0,0,0,0,,g00,pre50_post150
3784,SE05/D10_SE05_R04.txt,train,D10,0,12.0,1834,2,0,2,0,0,0,0,,g00,pre50_post150
3785,SE05/D10_SE05_R05.txt,train,D10,0,12.0,865,2,0,2,0,0,0,0,,g00,pre50_post150
3786,SE05/D11_SE05_R01.txt,train,D11,0,11.995,909,2,0,2,0,0,0,0,,g00,pre50_post150
3787,SE05/D11_SE05_R02.txt,train,D11,0,12.0,701,1,0,1,0,0,0,0,,g00,pre50_post150
3788,SE05/D11_SE05_R03.txt,train,D11,0,12.0,1093,1,0,1,0,0,0,0,,g00,pre50_post150
3789,SE05/D11_SE05_R04.txt,train,D11,0,12.0,1070,1,0,1,0,0,0,0,,g00,pre50_post150
3790,SE05/D11_SE05_R05.txt,train,D11,0,12.0,1045,1,0,1,0,0,0,0,,g00,pre50_post150
3791,SE05/D12_SE05_R01.txt,train,D12,0,12.0,658,2,0,2,0,0,0,0,,g00,pre50_post150
3792,SE05/D12_SE05_R02.txt,train,D12,0,12.0,630,2,0,2,0,0,0,0,,g00,pre50_post150
3793,SE05/D12_SE05_R03.txt,train,D12,0,12.0,1387,1,0,1,0,0,0,0,,g00,pre50_post150
3794,SE05/D12_SE05_R04.txt,train,D12,0,12.0,796,2,0,2,0,0,0,0,,g00,pre50_post150
3795,SE05/D12_SE05_R05.txt,train,D12,0,12.0,1572,1,0,1,0,0,0,0,,g00,pre50_post150
3796,SE05/D14_SE05_R01.txt,train,D14,0,12.0,713,1,0,1,0,0,0,0,,g00,pre50_post150
3797,SE05/D14_SE05_R02.txt,train,D14,0,12.0,824,2,0,2,0,0,0,0,,g00,pre50_post150
3798,SE05/D14_SE05_R03.txt,train,D14,0,12.0,789,3,0,3,0,0,0,0,,g00,pre50_post150
3799,SE05/D14_SE05_R04.txt,train,D14,0,12.0,745,2,0,2,0,0,0,0,,g00,pre50_post150
3800,SE05/D14_SE05_R05.txt,train,D14,0,12.0,1613,2,0,2,0,0,0,0,,g00,pre50_post150
3801,SE05/D15_SE05_R01.txt,train,D15,0,12.0,910,4,0,4,0,0,0,0,,g00,pre50_post150
3802,SE05/D15_SE05_R02.txt,train,D15,0,12.0,986,5,0,4,0,0,0,0,,g00,pre50_post150
3803,SE05/D15_SE05_R03.txt,train,D15,0,12.0,1698,3,0,2,0,0,0,0,,g00,pre50_post150
3804,SE05/D15_SE05_R04.txt,train,D15,0,12.0,1620,5,0,4,0,0,0,0,,g00,pre50_post150
3805,SE05/D15_SE05_R05.txt,train,D15,0,12.0,1798,2,0,2,0,0,0,0,,g00,pre50_post150
3806,SE05/D16_SE05_R01.txt,train,D16,0,11.995,694,3,0,2,0,0,0,0,,g00,pre50_post150
3807,SE05/D16_SE05_R02.txt,train,D16,0,12.0,779,3,0,3,0,0,0,0,,g00,pre50_post150
3808,SE05/D16_SE05_R03.txt,train,D16,0,12.0,1419,2,0,2,0,0,0,0,,g00,pre50_post150
3809,SE05/D16_SE05_R04.txt,train,D16,0,12.0,1298,2,0,2,0,0,0,0,,g00,pre50_post150
3810,SE05/D16_SE05_R05.txt,train,D16,0,12.0,784,2,0,2,0,0,0,0,,g00,pre50_post150
3811,SE05/D17_SE05_R01.txt,train,D17,0,20.03,1345,4,0,4,0,0,0,0,,g00,pre50_post150
3812,SE05/D17_SE05_R02.txt,train,D17,0,25.035,923,3,0,3,0,0,0,0,,g00,pre50_post150
3813,SE05/D17_SE05_R03.txt,train,D17,0,17.02,778,4,0,4,0,0,0,0,,g00,pre50_post150
3814,SE05/D17_SE05_R04.txt,train,D17,0,17.025,592,4,0,4,0,0,0,0,,g00,pre50_post150
3815,SE05/D17_SE05_R05.txt,train,D17,0,19.02,2967,4,0,4,0,0,0,0,,g00,pre50_post150
3816,SE06/D01_SE06_R01.txt,train,D01,0,99.995,12813,58,0,58,0,0,0,0,,g00,pre50_post150
3817,SE06/D02_SE06_R01.txt,train,D02,0,100.0,6740,55,0,55,0,0,0,0,,g00,pre50_post150
3818,SE06/D03_SE06_R01.txt,train,D03,0,99.995,17286,57,0,56,0,0,0,0,,g00,pre50_post150
3819,SE06/D04_SE06_R01.txt,train,D04,0,100.0,2012,59,0,59,0,0,0,0,,g00,pre50_post150
3820,SE06/D05_SE06_R01.txt,train,D05,0,25.0,2409,8,0,8,0,0,0,0,,g00,pre50_post150
3821,SE06/D05_SE06_R02.txt,train,D05,0,25.0,3394,11,0,11,0,0,0,0,,g00,pre50_post150
3822,SE06/D05_SE06_R03.txt,train,D05,0,25.0,3261,10,0,10,0,0,0,0,,g00,pre50_post150
3823,SE06/D05_SE06_R04.txt,train,D05,0,25.0,3620,11,0,11,0,0,0,0,,g00,pre50_post150
3824,SE06/D05_SE06_R05.txt,train,D05,0,25.0,4158,10,0,10,0,0,0,0,,g00,pre50_post150
3825,SE06/D06_SE06_R01.txt,train,D06,0,24.995,1701,5,0,5,0,0,0,0,,g00,pre50_post150
3826,SE06/D06_SE06_R02.txt,train,D06,0,25.0,2075,6,0,6,0,0,0,0,,g00,pre50_post150
3827,SE06/D06_SE06_R03.txt,train,D06,0,25.0,2428,7,0,7,0,0,0,0,,g00,pre50_post150
3828,SE06/D06_SE06_R04.txt,train,D06,0,25.0,1663,6,0,6,0,0,0,0,,g00,pre50_post150
3829,SE06/D06_SE06_R05.txt,train,D06,0,25.0,1829,7,0,7,0,0,0,0,,g00,pre50_post150
3830,SE06/D07_SE06_R01.txt,train,D07,0,11.995,1624,2,0,2,0,0,0,0,,g00,pre50_post150
3831,SE06/D07_SE06_R02.txt,train,D07,0,12.0,1678,0,0,0,0,0,0,0,,g00,pre50_post150
3832,SE06/D07_SE06_R03.txt,train,D07,0,12.0,1339,0,0,0,0,0,0,0,,g00,pre50_post150
3833,SE06/D07_SE06_R04.txt,train,D07,0,12.0,1462,1,0,1,0,0,0,0,,g00,pre50_post150
3834,SE06/D07_SE06_R05.txt,train,D07,0,12.0,1592,1,0,1,0,0,0,0,,g00,pre50_post150
3835,SE06/D08_SE06_R01.txt,train,D08,0,12.0,464,2,0,2,0,0,0,0,,g00,pre50_post150
3836,SE06/D08_SE06_R02.txt,train,D08,0,12.0,1053,2,0,2,0,0,0,0,,g00,pre50_post150
3837,SE06/D08_SE06_R03.txt,train,D08,0,12.0,1249,2,0,2,0,0,0,0,,g00,pre50_post150
3838,SE06/D08_SE06_R04.txt,train,D08,0,12.0,1289,2,0,2,0,0,0,0,,g00,pre50_post150
3839,SE06/D08_SE06_R05.txt,train,D08,0,12.0,1577,2,0,2,0,0,0,0,,g00,pre50_post150
3840,SE06/D09_SE06_R01.txt,train,D09,0,12.0,688,2,0,2,0,0,0,0,,g00,pre50_post150
3841,SE06/D09_SE06_R02.txt,train,D09,0,12.0,1095,2,0,2,0,0,0,0,,g00,pre50_post150
3842,SE06/D09_SE06_R03.txt,train,D09,0,12.0,661,2,0,2,0,0,0,0,,g00,pre50_post150
3843,SE06/D09_SE06_R04.txt,train,D09,0,12.0,813,2,0,2,0,0,0,0,,g00,pre50_post150
3844,SE06/D09_SE06_R05.txt,train,D09,0,12.0,1039,2,0,2,0,0,0,0,,g00,pre50_post150
3845,SE06/D10_SE06_R01.txt,train,D10,0,12.0,771,2,0,2,0,0,0,0,,g00,pre50_post150
3846,SE06/D10_SE06_R02.txt,train,D10,0,12.0,656,2,0,2,0,0,0,0,,g00,pre50_post150
3847,SE06/D10_SE06_R03.txt,train,D10,0,12.0,571,2,0,2,0,0,0,0,,g00,pre50_post150
3848,SE06/D10_SE06_R04.txt,train,D10,0,12.0,712,2,0,2,0,0,0,0,,g00,pre50_post150
3849,SE06/D10_SE06_R05.txt,train,D10,0,12.0,604,2,0,2,0,0,0,0,,g00,pre50_post150
3850,SE06/D11_SE06_R01.txt,train,D11,0,12.02,427,1,0,1,0,0,0,0,,g00,pre50_post150
3851,SE06/D11_SE06_R02.txt,train,D11,0,12.0,593,1,0,1,0,0,0,0,,g00,pre50_post150
3852,SE06/D11_SE06_R03.txt,train,D11,0,12.0,456,1,0,1,0,0,0,0,,g00,pre50_post150
3853,SE06/D11_SE06_R04.txt,train,D11,0,12.0,827,1,0,1,0,0,0,0,,g00,pre50_post150
3854,SE06/D11_SE06_R05.txt,train,D11,0,12.0,884,1,0,1,0,0,0,0,,g00,pre50_post150
3855,SE06/D12_SE06_R01.txt,train,D12,0,12.0,1313,0,0,0,0,0,0,0,,g00,pre50_post150
3856,SE06/D12_SE06_R02.txt,train,D12,0,12.0,886,1,0,1,0,0,0,0,,g00,pre50_post150
3857,SE06/D12_SE06_R03.txt,train,D12,0,12.0,1216,0,0,0,0,0,0,0,,g00,pre50_post150
3858,SE06/D12_SE06_R04.txt,train,D12,0,12.0,721,0,0,0,0,0,0,0,,g00,pre50_post150
3859,SE06/D12_SE06_R05.txt,train,D12,0,12.0,561,0,0,0,0,0,0,0,,g00,pre50_post150
3860,SE06/D13_SE06_R01.txt,train,D13,0,12.0,407,2,0,2,0,0,0,0,,g00,pre50_post150
3861,SE06/D13_SE06_R02.txt,train,D13,0,12.0,482,2,0,2,0,0,0,0,,g00,pre50_post150
3862,SE06/D13_SE06_R03.txt,train,D13,0,12.0,391,2,0,2,0,0,0,0,,g00,pre50_post150
3863,SE06/D13_SE06_R04.txt,train,D13,0,12.0,1341,2,0,2,0,0,0,0,,g00,pre50_post150
3864,SE06/D13_SE06_R05.txt,train,D13,0,12.0,341,1,0,1,0,0,0,0,,g00,pre50_post150
3865,SE06/D14_SE06_R01.txt,train,D14,0,12.0,1635,2,0,2,0,0,0,0,,g00,pre50_post150
3866,SE06/D14_SE06_R02.txt,train,D14,0,12.0,1727,3,0,3,0,0,0,0,,g00,pre50_post150
3867,SE06/D14_SE06_R03.txt,train,D14,0,12.0,1767,2,0,2,0,0,0,0,,g00,pre50_post150
3868,SE06/D14_SE06_R04.txt,train,D14,0,12.0,1651,2,0,2,0,0,0,0,,g00,pre50_post150
3869,SE06/D14_SE06_R05.txt,train,D14,0,12.0,1663,3,0,3,0,0,0,0,,g00,pre50_post150
3870,SE06/D15_SE06_R01.txt,train,D15,0,12.0,983,2,0,2,0,0,0,0,,g00,pre50_post150
3871,SE06/D15_SE06_R02.txt,train,D15,0,12.0,1532,1,0,1,0,0,0,0,,g00,pre50_post150
3872,SE06/D15_SE06_R03.txt,train,D15,0,12.0,1422,2,0,2,0,0,0,0,,g00,pre50_post150
3873,SE06/D15_SE06_R04.txt,train,D15,0,12.0,1158,1,0,1,0,0,0,0,,g00,pre50_post150
3874,SE06/D15_SE06_R05.txt,train,D15,0,12.0,1105,1,0,1,0,0,0,0,,g00,pre50_post150
3875,SE06/D16_SE06_R01.txt,train,D16,0,11.995,958,0,0,0,0,0,0,0,,g00,pre50_post150
3876,SE06/D16_SE06_R02.txt,train,D16,0,12.0,523,0,0,0,0,0,0,0,,g00,pre50_post150
3877,SE06/D16_SE06_R03.txt,train,D16,0,12.0,360,0,0,0,0,0,0,0,,g00,pre50_post150
3878,SE06/D16_SE06_R04.txt,train,D16,0,12.0,1195,0,0,0,0,0,0,0,,g00,pre50_post150
3879,SE06/D16_SE06_R05.txt,train,D16,0,12.0,576,0,0,0,0,0,0,0,,g00,pre50_post150
3880,SE06/D17_SE06_R01.txt,train,D17,0,24.995,785,4,0,4,0,0,0,0,,g00,pre50_post150
3881,SE06/D17_SE06_R02.txt,train,D17,0,25.0,4349,2,0,2,0,0,0,0,,g00,pre50_post150
3882,SE06/D17_SE06_R03.txt,train,D17,0,25.0,971,4,0,4,0,0,0,0,,g00,pre50_post150
3883,SE06/D17_SE06_R04.txt,train,D17,0,25.0,3162,2,0,2,0,0,0,0,,g00,pre50_post150
3884,SE06/D17_SE06_R05.txt,train,D17,0,25.0,65,5,0,5,0,0,0,0,,g00,pre50_post150
3885,SE06/D18_SE06_R01.txt,train,D18,0,12.0,1332,5,0,5,0,0,0,0,,g00,pre50_post150
3886,SE06/D18_SE06_R02.txt,train,D18,0,12.0,817,3,0,3,0,0,0,0,,g00,pre50_post150
3887,SE06/D18_SE06_R03.txt,train,D18,0,12.0,861,4,0,4,0,0,0,0,,g00,pre50_post150
3888,SE06/D18_SE06_R04.txt,train,D18,0,12.0,1025,5,0,5,0,0,0,0,,g00,pre50_post150
3889,SE06/D18_SE06_R05.txt,train,D18,0,12.0,824,5,0,5,0,0,0,0,,g00,pre50_post150
3890,SE06/D19_SE06_R01.txt,train,D19,0,12.0,1230,2,0,2,0,0,0,0,,g00,pre50_post150
3891,SE06/D19_SE06_R02.txt,train,D19,0,12.0,657,2,0,2,0,0,0,0,,g00,pre50_post150
3892,SE06/D19_SE06_R03.txt,train,D19,0,12.0,1105,2,0,2,0,0,0,0,,g00,pre50_post150
3893,SE06/D19_SE06_R04.txt,train,D19,0,12.0,939,3,0,3,0,0,0,0,,g00,pre50_post150
3894,SE06/D19_SE06_R05.txt,train,D19,0,12.0,1027,2,0,2,0,0,0,0,,g00,pre50_post150
3895,SE06/F01_SE06_R01.txt,train,F01,1,15.0,2529,7,1,7,1,0,0,0,,g00,pre50_post150
3896,SE06/F01_SE06_R02.txt,train,F01,1,15.0,1983,6,1,6,1,0,0,0,,g00,pre50_post150
3897,SE06/F01_SE06_R03.txt,train,F01,1,15.0,1802,6,1,5,1,0,0,0,,g00,pre50_post150
3898,SE06/F01_SE06_R04.txt,train,F01,1,15.0,1988,6,1,6,1,0,0,0,,g00,pre50_post150
3899,SE06/F01_SE06_R05.txt,train,F01,1,15.0,2169,6,1,6,1,0,0,0,,g00,pre50_post150
3900,SE06/F02_SE06_R01.txt,train,F02,1,15.0,1137,4,1,4,1,0,0,0,,g00,pre50_post150
3901,SE06/F02_SE06_R02.txt,train,F02,1,15.0,1375,5,1,5,1,0,0,0,,g00,pre50_post150
3902,SE06/F02_SE06_R03.txt,train,F02,1,15.0,1330,4,1,4,1,1,1,0,0.7,g00,pre50_post150
3903,SE06/F02_SE06_R04.txt,train,F02,1,15.0,1675,5,1,5,1,0,0,0,,g00,pre50_post150
3904,SE06/F02_SE06_R05.txt,train,F02,1,15.0,1613,4,1,4,1,0,0,0,,g00,pre50_post150
3905,SE06/F03_SE06_R01.txt,train,F03,1,15.0,1442,5,1,5,1,1,1,0,0.265,g00,pre50_post150
3906,SE06/F03_SE06_R02.txt,train,F03,1,15.0,1783,5,1,5,1,1,1,0,0.55,g00,pre50_post150
3907,SE06/F03_SE06_R03.txt,train,F03,1,15.0,1316,4,1,4,1,1,1,0,0.97,g00,pre50_post150
3908,SE06/F03_SE06_R04.txt,train,F03,1,15.0,1393,5,1,5,1,1,1,0,0.305,g00,pre50_post150
3909,SE06/F03_SE06_R05.txt,train,F03,1,15.0,1263,4,1,4,1,1,1,0,0.965,g00,pre50_post150
3910,SE06/F04_SE06_R01.txt,train,F04,1,15.0,1737,6,1,6,1,0,0,0,,g00,pre50_post150
3911,SE06/F04_SE06_R02.txt,train,F04,1,15.0,2476,7,1,7,1,0,0,0,,g00,pre50_post150
3912,SE06/F04_SE06_R03.txt,train,F04,1,15.0,2129,7,1,7,1,0,0,0,,g00,pre50_post150
3913,SE06/F04_SE06_R04.txt,train,F04,1,15.0,2091,7,1,7,1,0,0,0,,g00,pre50_post150
3914,SE06/F04_SE06_R05.txt,train,F04,1,15.0,1809,6,1,6,1,0,0,0,,g00,pre50_post150
3915,SE06/F05_SE06_R01.txt,train,F05,1,15.0,1536,6,1,6,1,1,1,0,0.99,g00,pre50_post150
3916,SE06/F05_SE06_R02.txt,train,F05,1,15.0,1521,5,1,5,1,1,0,1,,g00,pre50_post150
3917,SE06/F05_SE06_R03.txt,train,F05,1,15.0,1423,4,1,4,1,1,1,0,-0.105,g00,pre50_post150
3918,SE06/F05_SE06_R04.txt,train,F05,1,15.0,1445,5,1,5,1,0,0,0,,g00,pre50_post150
3919,SE06/F05_SE06_R05.txt,train,F05,1,15.0,1673,5,1,5,1,1,1,0,0.6,g00,pre50_post150
3920,SE06/F06_SE06_R01.txt,train,F06,1,14.995,2558,6,1,6,1,1,1,0,0.705,g00,pre50_post150
3921,SE06/F06_SE06_R02.txt,train,F06,1,15.0,2191,6,1,6,1,0,0,0,,g00,pre50_post150
3922,SE06/F06_SE06_R03.txt,train,F06,1,15.0,2025,6,1,6,1,1,1,0,0.7,g00,pre50_post150
3923,SE06/F06_SE06_R04.txt,train,F06,1,15.0,1881,6,1,6,1,1,1,0,0.415,g00,pre50_post150
3924,SE06/F06_SE06_R05.txt,train,F06,1,15.0,1890,6,1,6,1,0,0,0,,g00,pre50_post150
3925,SE06/F07_SE06_R01.txt,train,F07,1,15.0,1676,5,1,5,1,1,1,0,0.67,g00,pre50_post150
3926,SE06/F07_SE06_R02.txt,train,F07,1,15.0,1795,5,1,5,1,1,1,0,0.33,g00,pre50_post150
3927,SE06/F07_SE06_R03.txt,train,F07,1,15.0,1901,5,1,5,1,1,1,0,0.645,g00,pre50_post150
3928,SE06/F07_SE06_R04.txt,train,F07,1,15.0,1096,5,1,4,1,0,0,0,,g00,pre50_post150
3929,SE06/F07_SE06_R05.txt,train,F07,1,14.995,1848,6,1,6,1,0,0,0,,g00,pre50_post150
3930,SE06/F08_SE06_R01.txt,train,F08,1,15.0,1260,2,1,2,1,1,1,0,0.62,g00,pre50_post150
3931,SE06/F08_SE06_R02.txt,train,F08,1,15.0,1135,2,1,2,1,0,0,0,,g00,pre50_post150
3932,SE06/F08_SE06_R03.txt,train,F08,1,15.0,1194,2,1,2,1,0,0,0,,g00,pre50_post150
3933,SE06/F08_SE06_R04.txt,train,F08,1,15.0,1171,2,1,2,1,0,0,0,,g00,pre50_post150
3934,SE06/F08_SE06_R05.txt,train,F08,1,15.0,1208,2,1,2,1,0,0,0,,g00,pre50_post150
3935,SE06/F09_SE06_R01.txt,train,F09,1,14.995,896,2,1,2,1,1,1,0,0.955,g00,pre50_post150
3936,SE06/F09_SE06_R02.txt,train,F09,1,15.0,755,2,1,2,1,0,0,0,,g00,pre50_post150
3937,SE06/F09_SE06_R03.txt,train,F09,1,15.0,922,2,1,2,1,0,0,0,,g00,pre50_post150
3938,SE06/F09_SE06_R04.txt,train,F09,1,15.0,789,1,1,1,1,0,0,0,,g00,pre50_post150
3939,SE06/F09_SE06_R05.txt,train,F09,1,15.0,1030,2,1,2,1,1,1,0,0.935,g00,pre50_post150
3940,SE06/F10_SE06_R01.txt,train,F10,1,15.0,643,1,1,1,1,0,0,0,,g00,pre50_post150
3941,SE06/F10_SE06_R02.txt,train,F10,1,15.0,1321,1,0,1,0,0,0,0,,g00,pre50_post150
3942,SE06/F10_SE06_R03.txt,train,F10,1,15.0,738,1,1,1,1,0,0,0,,g00,pre50_post150
3943,SE06/F10_SE06_R04.txt,train,F10,1,15.0,764,1,0,1,0,0,0,0,,g00,pre50_post150
3944,SE06/F10_SE06_R05.txt,train,F10,1,15.0,972,1,1,1,1,0,0,0,,g00,pre50_post150
3945,SE06/F11_SE06_R01.txt,train,F11,1,14.995,1378,2,1,2,1,1,1,0,1.425,g00,pre50_post150
3946,SE06/F11_SE06_R02.txt,train,F11,1,15.0,1098,2,1,2,1,0,0,0,,g00,pre50_post150
3947,SE06/F11_SE06_R03.txt,train,F11,1,15.0,1356,2,1,2,1,0,0,0,,g00,pre50_post150
3948,SE06/F11_SE06_R04.txt,train,F11,1,15.0,599,1,1,1,1,0,0,0,,g00,pre50_post150
3949,SE06/F11_SE06_R05.txt,train,F11,1,14.995,933,2,1,2,1,1,1,0,0.685,g00,pre50_post150
3950,SE06/F12_SE06_R01.txt,train,F12,1,15.0,506,1,1,1,1,0,0,0,,g00,pre50_post150
3951,SE06/F12_SE06_R02.txt,train,F12,1,15.0,1352,1,1,1,1,0,0,0,,g00,pre50_post150
3952,SE06/F12_SE06_R03.txt,train,F12,1,15.0,737,1,1,1,1,0,0,0,,g00,pre50_post150
3953,SE06/F12_SE06_R04.txt,train,F12,1,15.0,584,1,1,1,1,0,0,0,,g00,pre50_post150
3954,SE06/F12_SE06_R05.txt,train,F12,1,15.0,579,1,1,1,1,0,0,0,,g00,pre50_post150
3955,SE06/F13_SE06_R01.txt,train,F13,1,15.0,1230,1,1,1,1,0,0,0,,g00,pre50_post150
3956,SE06/F13_SE06_R02.txt,train,F13,1,14.995,1982,1,1,1,1,0,0,0,,g00,pre50_post150
3957,SE06/F13_SE06_R03.txt,train,F13,1,15.0,2088,1,1,1,1,0,0,0,,g00,pre50_post150
3958,SE06/F13_SE06_R04.txt,train,F13,1,15.0,1653,1,1,1,1,0,0,0,,g00,pre50_post150
3959,SE06/F13_SE06_R05.txt,train,F13,1,15.0,1861,1,1,1,1,0,0,0,,g00,pre50_post150
3960,SE06/F14_SE06_R01.txt,train,F14,1,15.0,467,1,1,1,1,0,0,0,,g00,pre50_post150
3961,SE06/F14_SE06_R02.txt,train,F14,1,15.0,1095,1,1,1,1,0,0,0,,g00,pre50_post150
3962,SE06/F14_SE06_R03.txt,train,F14,1,15.0,914,1,1,1,1,0,0,0,,g00,pre50_post150
3963,SE06/F14_SE06_R04.txt,train,F14,1,15.0,1269,1,1,1,1,0,0,0,,g00,pre50_post150
3964,SE06/F14_SE06_R05.txt,train,F14,1,15.0,848,1,1,1,1,0,0,0,,g00,pre50_post150
3965,SE06/F15_SE06_R01.txt,train,F15,1,15.0,1296,1,1,1,1,1,1,0,0.72,g00,pre50_post150
3966,SE06/F15_SE06_R02.txt,train,F15,1,15.0,1625,1,1,1,1,0,0,0,,g00,pre50_post150
3967,SE06/F15_SE06_R03.txt,train,F15,1,15.0,1148,2,1,1,1,0,0,0,,g00,pre50_post150
3968,SE06/F15_SE06_R04.txt,train,F15,1,15.0,1650,1,1,1,1,0,0,0,,g00,pre50_post150
3969,SE06/F15_SE06_R05.txt,train,F15,1,15.0,1880,1,1,1,1,1,1,0,0.575,g00,pre50_post150
3970,SE07/D01_SE07_R01.txt,train,D01,0,99.995,2203,62,0,61,0,0,0,0,,g00,pre50_post150
3971,SE07/D02_SE07_R01.txt,train,D02,0,99.995,10856,59,0,59,0,0,0,0,,g00,pre50_post150
3972,SE07/D03_SE07_R01.txt,train,D03,0,99.975,6530,61,0,60,0,0,0,0,,g00,pre50_post150
3973,SE07/D04_SE07_R01.txt,train,D04,0,99.985,612,65,0,64,0,6,0,6,,g00,pre50_post150
3974,SE07/D05_SE07_R01.txt,train,D05,0,24.995,3191,8,0,8,0,0,0,0,,g00,pre50_post150
3975,SE07/D05_SE07_R02.txt,train,D05,0,24.995,2633,11,0,11,0,0,0,0,,g00,pre50_post150
3976,SE07/D05_SE07_R03.txt,train,D05,0,24.995,3227,11,0,11,0,0,0,0,,g00,pre50_post150
3977,SE07/D05_SE07_R04.txt,train,D05,0,24.995,2969,10,0,10,0,0,0,0,,g00,pre50_post150
3978,SE07/D05_SE07_R05.txt,train,D05,0,24.995,3697,9,0,9,0,0,0,0,,g00,pre50_post150
3979,SE07/D07_SE07_R01.txt,train,D07,0,12.0,1726,2,0,2,0,0,0,0,,g00,pre50_post150
3980,SE07/D07_SE07_R02.txt,train,D07,0,12.0,1812,2,0,2,0,0,0,0,,g00,pre50_post150
3981,SE07/D07_SE07_R03.txt,train,D07,0,12.0,1908,3,0,3,0,0,0,0,,g00,pre50_post150
3982,SE07/D07_SE07_R04.txt,train,D07,0,12.0,1756,2,0,2,0,0,0,0,,g00,pre50_post150
3983,SE07/D07_SE07_R05.txt,train,D07,0,12.0,1707,2,0,2,0,0,0,0,,g00,pre50_post150
3984,SE07/D08_SE07_R01.txt,train,D08,0,12.0,733,2,0,2,0,0,0,0,,g00,pre50_post150
3985,SE07/D08_SE07_R02.txt,train,D08,0,12.0,630,2,0,2,0,0,0,0,,g00,pre50_post150
3986,SE07/D08_SE07_R03.txt,train,D08,0,11.995,637,3,0,3,0,0,0,0,,g00,pre50_post150
3987,SE07/D08_SE07_R04.txt,train,D08,0,12.0,550,2,0,2,0,0,0,0,,g00,pre50_post150
3988,SE07/D08_SE07_R05.txt,train,D08,0,12.0,596,2,0,2,0,0,0,0,,g00,pre50_post150
3989,SE07/D09_SE07_R01.txt,train,D09,0,12.0,946,3,0,2,0,0,0,0,,g00,pre50_post150
3990,SE07/D09_SE07_R02.txt,train,D09,0,12.0,833,2,0,2,0,0,0,0,,g00,pre50_post150
3991,SE07/D09_SE07_R03.txt,train,D09,0,12.0,1571,2,0,2,0,0,0,0,,g00,pre50_post150
3992,SE07/D09_SE07_R04.txt,train,D09,0,12.0,872,2,0,2,0,0,0,0,,g00,pre50_post150
3993,SE07/D09_SE07_R05.txt,train,D09,0,12.0,976,2,0,2,0,0,0,0,,g00,pre50_post150
3994,SE07/D10_SE07_R01.txt,train,D10,0,12.0,829,3,0,3,0,0,0,0,,g00,pre50_post150
3995,SE07/D10_SE07_R02.txt,train,D10,0,12.0,980,2,0,2,0,0,0,0,,g00,pre50_post150
3996,SE07/D10_SE07_R03.txt,train,D10,0,12.0,858,2,0,2,0,0,0,0,,g00,pre50_post150
3997,SE07/D10_SE07_R04.txt,train,D10,0,12.0,1083,2,0,2,0,0,0,0,,g00,pre50_post150
3998,SE07/D10_SE07_R05.txt,train,D10,0,12.0,713,2,0,2,0,0,0,0,,g00,pre50_post150
3999,SE07/D11_SE07_R01.txt,train,D11,0,12.0,1169,1,0,1,0,0,0,0,,g00,pre50_post150
4000,SE07/D11_SE07_R02.txt,train,D11,0,12.0,1250,1,0,1,0,0,0,0,,g00,pre50_post150
4001,SE07/D11_SE07_R03.txt,train,D11,0,12.0,1128,1,0,1,0,0,0,0,,g00,pre50_post150
4002,SE07/D11_SE07_R04.txt,train,D11,0,12.0,1021,1,0,1,0,0,0,0,,g00,pre50_post150
4003,SE07/D11_SE07_R05.txt,train,D11,0,12.0,1259,1,0,1,0,0,0,0,,g00,pre50_post150
4004,SE07/D12_SE07_R01.txt,train,D12,0,12.0,2226,0,0,0,0,0,0,0,,g00,pre50_post150
4005,SE07/D12_SE07_R02.txt,train,D12,0,12.0,1068,0,0,0,0,0,0,0,,g00,pre50_post150
4006,SE07/D12_SE07_R03.txt,train,D12,0,12.0,1657,0,0,0,0,0,0,0,,g00,pre50_post150
4007,SE07/D12_SE07_R04.txt,train,D12,0,12.0,835,0,0,0,0,0,0,0,,g00,pre50_post150
4008,SE07/D12_SE07_R05.txt,train,D12,0,12.0,1160,0,0,0,0,0,0,0,,g00,pre50_post150
4009,SE07/D14_SE07_R01.txt,train,D14,0,12.0,2033,3,0,2,0,0,0,0,,g00,pre50_post150
4010,SE07/D14_SE07_R02.txt,train,D14,0,12.0,2134,3,0,3,0,0,0,0,,g00,pre50_post150
4011,SE07/D14_SE07_R03.txt,train,D14,0,12.0,1813,2,0,2,0,0,0,0,,g00,pre50_post150
4012,SE07/D14_SE07_R04.txt,train,D14,0,12.0,1991,2,0,2,0,0,0,0,,g00,pre50_post150
4013,SE07/D14_SE07_R05.txt,train,D14,0,12.0,2116,2,0,2,0,0,0,0,,g00,pre50_post150
4014,SE07/D15_SE07_R01.txt,train,D15,0,12.0,726,2,0,2,0,0,0,0,,g00,pre50_post150
4015,SE07/D15_SE07_R02.txt,train,D15,0,12.0,901,2,0,2,0,0,0,0,,g00,pre50_post150
4016,SE07/D15_SE07_R03.txt,train,D15,0,12.0,1979,2,0,2,0,0,0,0,,g00,pre50_post150
4017,SE07/D15_SE07_R04.txt,train,D15,0,12.0,1574,2,0,2,0,0,0,0,,g00,pre50_post150
4018,SE07/D15_SE07_R05.txt,train,D15,0,12.0,1747,2,0,2,0,0,0,0,,g00,pre50_post150
4019,SE07/D16_SE07_R01.txt,train,D16,0,12.0,1914,0,0,0,0,0,0,0,,g00,pre50_post150
4020,SE07/D16_SE07_R02.txt,train,D16,0,12.0,1423,0,0,0,0,0,0,0,,g00,pre50_post150
4021,SE07/D16_SE07_R03.txt,train,D16,0,12.0,661,0,0,0,0,0,0,0,,g00,pre50_post150
4022,SE07/D16_SE07_R04.txt,train,D16,0,12.0,1651,0,0,0,0,0,0,0,,g00,pre50_post150
4023,SE07/D16_SE07_R05.txt,train,D16,0,12.0,858,1,0,1,0,0,0,0,,g00,pre50_post150
4024,SE07/D17_SE07_R01.txt,train,D17,0,24.995,3983,3,0,3,0,0,0,0,,g00,pre50_post150
4025,SE07/D17_SE07_R02.txt,train,D17,0,24.995,3874,3,0,3,0,0,0,0,,g00,pre50_post150
4026,SE07/D17_SE07_R03.txt,train,D17,0,24.995,1117,4,0,4,0,0,0,0,,g00,pre50_post150
4027,SE07/D17_SE07_R04.txt,train,D17,0,24.995,1068,2,0,2,0,0,0,0,,g00,pre50_post150
4028,SE07/D17_SE07_R05.txt,train,D17,0,24.995,1139,4,0,4,0,0,0,0,,g00,pre50_post150
4147,SE10/D01_SE10_R01.txt,train,D01,0,99.995,19979,61,0,60,0,0,0,0,,g00,pre50_post150
4148,SE10/D02_SE10_R01.txt,train,D02,0,100.0,13768,58,0,57,0,0,0,0,,g00,pre50_post150
4149,SE10/D03_SE10_R01.txt,train,D03,0,100.0,5978,62,0,61,0,1,0,1,,g00,pre50_post150
4150,SE10/D04_SE10_R01.txt,train,D04,0,100.0,1713,61,0,61,0,0,0,0,,g00,pre50_post150
4151,SE10/D05_SE10_R01.txt,train,D05,0,25.0,2971,12,0,12,0,0,0,0,,g00,pre50_post150
4152,SE10/D05_SE10_R02.txt,train,D05,0,25.0,2321,12,0,12,0,0,0,0,,g00,pre50_post150
4153,SE10/D05_SE10_R03.txt,train,D05,0,25.0,2511,12,0,12,0,0,0,0,,g00,pre50_post150
4154,SE10/D05_SE10_R04.txt,train,D05,0,25.0,3134,13,0,13,0,0,0,0,,g00,pre50_post150
4155,SE10/D05_SE10_R05.txt,train,D05,0,25.0,2416,11,0,11,0,0,0,0,,g00,pre50_post150
4156,SE10/D07_SE10_R01.txt,train,D07,0,12.0,1741,2,0,2,0,0,0,0,,g00,pre50_post150
4157,SE10/D07_SE10_R02.txt,train,D07,0,11.995,1814,2,0,2,0,0,0,0,,g00,pre50_post150
4158,SE10/D07_SE10_R03.txt,train,D07,0,12.0,1795,2,0,2,0,0,0,0,,g00,pre50_post150
4159,SE10/D07_SE10_R04.txt,train,D07,0,12.0,1583,2,0,2,0,0,0,0,,g00,pre50_post150
4160,SE10/D07_SE10_R05.txt,train,D07,0,12.0,1692,2,0,2,0,0,0,0,,g00,pre50_post150
4161,SE10/D08_SE10_R01.txt,train,D08,0,12.0,570,2,0,2,0,0,0,0,,g00,pre50_post150
4162,SE10/D08_SE10_R02.txt,train,D08,0,12.0,577,2,0,2,0,0,0,0,,g00,pre50_post150
4163,SE10/D08_SE10_R03.txt,train,D08,0,12.0,753,2,0,2,0,0,0,0,,g00,pre50_post150
4164,SE10/D08_SE10_R04.txt,train,D08,0,12.0,590,3,0,3,0,0,0,0,,g00,pre50_post150
4165,SE10/D08_SE10_R05.txt,train,D08,0,12.0,569,2,0,2,0,0,0,0,,g00,pre50_post150
4166,SE10/D09_SE10_R01.txt,train,D09,0,12.0,712,3,0,3,0,0,0,0,,g00,pre50_post150
4167,SE10/D09_SE10_R02.txt,train,D09,0,12.0,878,2,0,2,0,0,0,0,,g00,pre50_post150
4168,SE10/D09_SE10_R03.txt,train,D09,0,12.0,797,2,0,2,0,0,0,0,,g00,pre50_post150
4169,SE10/D09_SE10_R04.txt,train,D09,0,12.0,1735,2,0,2,0,0,0,0,,g00,pre50_post150
4170,SE10/D09_SE10_R05.txt,train,D09,0,12.0,814,2,0,2,0,0,0,0,,g00,pre50_post150
4171,SE10/D10_SE10_R01.txt,train,D10,0,12.0,645,4,0,4,0,0,0,0,,g00,pre50_post150
4172,SE10/D10_SE10_R02.txt,train,D10,0,12.0,694,2,0,2,0,0,0,0,,g00,pre50_post150
4173,SE10/D10_SE10_R03.txt,train,D10,0,12.0,706,2,0,2,0,0,0,0,,g00,pre50_post150
4174,SE10/D10_SE10_R04.txt,train,D10,0,12.0,721,2,0,2,0,0,0,0,,g00,pre50_post150
4175,SE10/D10_SE10_R05.txt,train,D10,0,12.0,574,2,0,2,0,0,0,0,,g00,pre50_post150
4176,SE10/D11_SE10_R01.txt,train,D11,0,11.995,1257,1,0,1,0,0,0,0,,g00,pre50_post150
4177,SE10/D11_SE10_R02.txt,train,D11,0,12.0,931,1,0,1,0,0,0,0,,g00,pre50_post150
4178,SE10/D11_SE10_R03.txt,train,D11,0,12.0,1207,1,0,1,0,0,0,0,,g00,pre50_post150
4179,SE10/D11_SE10_R04.txt,train,D11,0,12.0,1327,1,0,1,0,0,0,0,,g00,pre50_post150
4180,SE10/D11_SE10_R05.txt,train,D11,0,12.0,990,1,0,1,0,0,0,0,,g00,pre50_post150
4181,SE10/D12_SE10_R01.txt,train,D12,0,12.0,2161,1,0,1,0,0,0,0,,g00,pre50_post150
4182,SE10/D12_SE10_R02.txt,train,D12,0,12.0,669,0,0,0,0,0,0,0,,g00,pre50_post150
4183,SE10/D12_SE10_R03.txt,train,D12,0,12.0,2151,1,0,1,0,0,0,0,,g00,pre50_post150
4184,SE10/D12_SE10_R04.txt,train,D12,0,12.0,610,0,0,0,0,0,0,0,,g00,pre50_post150
4185,SE10/D12_SE10_R05.txt,train,D12,0,12.0,1802,2,0,2,0,0,0,0,,g00,pre50_post150
4186,SE10/D14_SE10_R01.txt,train,D14,0,12.0,1989,4,0,3,0,0,0,0,,g00,pre50_post150
4187,SE10/D14_SE10_R02.txt,train,D14,0,12.0,1973,4,0,4,0,0,0,0,,g00,pre50_post150
4188,SE10/D14_SE10_R03.txt,train,D14,0,12.0,2141,3,0,3,0,0,0,0,,g00,pre50_post150
4189,SE10/D14_SE10_R04.txt,train,D14,0,12.0,2161,3,0,3,0,0,0,0,,g00,pre50_post150
4190,SE10/D14_SE10_R05.txt,train,D14,0,12.0,2162,4,0,4,0,0,0,0,,g00,pre50_post150
4191,SE10/D15_SE10_R01.txt,train,D15,0,12.0,845,2,0,2,0,0,0,0,,g00,pre50_post150
4192,SE10/D15_SE10_R02.txt,train,D15,0,12.0,781,2,0,2,0,0,0,0,,g00,pre50_post150
4193,SE10/D15_SE10_R03.txt,train,D15,0,12.0,1311,2,0,2,0,0,0,0,,g00,pre50_post150
4194,SE10/D15_SE10_R04.txt,train,D15,0,12.0,1465,2,0,2,0,0,0,0,,g00,pre50_post150
4195,SE10/D15_SE10_R05.txt,train,D15,0,12.0,809,2,0,2,0,0,0,0,,g00,pre50_post150
4196,SE10/D16_SE10_R01.txt,train,D16,0,11.995,1931,1,0,1,0,0,0,0,,g00,pre50_post150
4197,SE10/D16_SE10_R02.txt,train,D16,0,12.0,1768,0,0,0,0,0,0,0,,g00,pre50_post150
4198,SE10/D16_SE10_R03.txt,train,D16,0,12.0,1884,0,0,0,0,0,0,0,,g00,pre50_post150
4199,SE10/D16_SE10_R04.txt,train,D16,0,12.0,912,0,0,0,0,0,0,0,,g00,pre50_post150
4200,SE10/D16_SE10_R05.txt,train,D16,0,12.0,2036,0,0,0,0,0,0,0,,g00,pre50_post150
4201,SE10/D17_SE10_R01.txt,train,D17,0,25.0,3722,6,0,6,0,0,0,0,,g00,pre50_post150
4202,SE10/D17_SE10_R02.txt,train,D17,0,25.0,1202,4,0,4,0,0,0,0,,g00,pre50_post150
4203,SE10/D17_SE10_R03.txt,train,D17,0,25.0,1577,5,0,5,0,0,0,0,,g00,pre50_post150
4204,SE10/D17_SE10_R04.txt,train,D17,0,25.0,1815,4,0,4,0,0,0,0,,g00,pre50_post150
4205,SE10/D17_SE10_R05.txt,train,D17,0,25.0,3898,5,0,5,0,0,0,0,,g00,pre50_post150
4265,SE12/D01_SE12_R01.txt,train,D01,0,99.99,5191,60,0,58,0,0,0,0,,g00,pre50_post150
4266,SE12/D02_SE12_R01.txt,train,D02,0,100.0,14332,55,0,54,0,0,0,0,,g00,pre50_post150
4267,SE12/D03_SE12_R01.txt,train,D03,0,100.0,15944,63,0,62,0,0,0,0,,g00,pre50_post150
4268,SE12/D04_SE12_R01.txt,train,D04,0,99.98,16777,60,0,59,0,0,0,0,,g00,pre50_post150
4269,SE12/D05_SE12_R01.txt,train,D05,0,25.0,3194,13,0,13,0,0,0,0,,g00,pre50_post150
4270,SE12/D05_SE12_R02.txt,train,D05,0,24.965,2480,12,0,12,0,0,0,0,,g00,pre50_post150
4271,SE12/D05_SE12_R03.txt,train,D05,0,25.0,3405,11,0,11,0,0,0,0,,g00,pre50_post150
4272,SE12/D05_SE12_R04.txt,train,D05,0,25.0,3409,9,0,9,0,0,0,0,,g00,pre50_post150
4273,SE12/D05_SE12_R05.txt,train,D05,0,25.0,3996,12,0,12,0,0,0,0,,g00,pre50_post150
4274,SE12/D07_SE12_R01.txt,train,D07,0,11.995,908,2,0,2,0,0,0,0,,g00,pre50_post150
4275,SE12/D07_SE12_R02.txt,train,D07,0,12.0,1660,2,0,2,0,0,0,0,,g00,pre50_post150
4276,SE12/D07_SE12_R03.txt,train,D07,0,12.0,1832,2,0,2,0,0,0,0,,g00,pre50_post150
4277,SE12/D07_SE12_R04.txt,train,D07,0,12.0,1805,2,0,2,0,0,0,0,,g00,pre50_post150
4278,SE12/D07_SE12_R05.txt,train,D07,0,12.0,1834,2,0,2,0,0,0,0,,g00,pre50_post150
4279,SE12/D08_SE12_R01.txt,train,D08,0,12.0,628,2,0,2,0,0,0,0,,g00,pre50_post150
4280,SE12/D08_SE12_R02.txt,train,D08,0,12.0,659,2,0,2,0,0,0,0,,g00,pre50_post150
4281,SE12/D08_SE12_R03.txt,train,D08,0,12.0,601,2,0,2,0,0,0,0,,g00,pre50_post150
4282,SE12/D08_SE12_R04.txt,train,D08,0,12.0,694,2,0,2,0,0,0,0,,g00,pre50_post150
4283,SE12/D08_SE12_R05.txt,train,D08,0,12.0,718,2,0,2,0,0,0,0,,g00,pre50_post150
4284,SE12/D09_SE12_R01.txt,train,D09,0,12.0,766,2,0,2,0,0,0,0,,g00,pre50_post150
4285,SE12/D09_SE12_R02.txt,train,D09,0,12.0,779,2,0,2,0,0,0,0,,g00,pre50_post150
4286,SE12/D09_SE12_R03.txt,train,D09,0,12.0,787,2,0,2,0,0,0,0,,g00,pre50_post150
4287,SE12/D09_SE12_R04.txt,train,D09,0,12.0,1069,2,0,2,0,0,0,0,,g00,pre50_post150
4288,SE12/D09_SE12_R05.txt,train,D09,0,12.0,809,2,0,2,0,0,0,0,,g00,pre50_post150
4289,SE12/D10_SE12_R01.txt,train,D10,0,12.0,755,2,0,2,0,0,0,0,,g00,pre50_post150
4290,SE12/D10_SE12_R02.txt,train,D10,0,12.0,671,2,0,2,0,0,0,0,,g00,pre50_post150
4291,SE12/D10_SE12_R03.txt,train,D10,0,12.0,825,2,0,2,0,0,0,0,,g00,pre50_post150
4292,SE12/D10_SE12_R04.txt,train,D10,0,12.0,674,2,0,2,0,0,0,0,,g00,pre50_post150
4293,SE12/D10_SE12_R05.txt,train,D10,0,12.0,1708,2,0,2,0,0,0,0,,g00,pre50_post150
4294,SE12/D11_SE12_R01.txt,train,D11,0,11.995,1109,2,0,2,0,0,0,0,,g00,pre50_post150
4295,SE12/D11_SE12_R02.txt,train,D11,0,12.0,1102,1,0,1,0,0,0,0,,g00,pre50_post150
4296,SE12/D11_SE12_R03.txt,train,D11,0,12.0,1211,1,0,1,0,0,0,0,,g00,pre50_post150
4297,SE12/D11_SE12_R04.txt,train,D11,0,12.0,1223,1,0,1,0,0,0,0,,g00,pre50_post150
4298,SE12/D11_SE12_R05.txt,train,D11,0,12.0,1220,1,0,1,0,0,0,0,,g00,pre50_post150
4299,SE12/D12_SE12_R01.txt,train,D12,0,11.995,587,1,0,1,0,0,0,0,,g00,pre50_post150
4300,SE12/D12_SE12_R02.txt,train,D12,0,12.0,565,1,0,1,0,0,0,0,,g00,pre50_post150
4301,SE12/D12_SE12_R03.txt,train,D12,0,12.0,687,2,0,2,0,0,0,0,,g00,pre50_post150
4302,SE12/D12_SE12_R04.txt,train,D12,0,12.0,1740,2,0,2,0,0,0,0,,g00,pre50_post150
4303,SE12/D12_SE12_R05.txt,train,D12,0,12.0,1554,2,0,2,0,0,0,0,,g00,pre50_post150
4304,SE12/D14_SE12_R01.txt,train,D14,0,12.0,666,2,0,2,0,0,0,0,,g00,pre50_post150
4305,SE12/D14_SE12_R02.txt,train,D14,0,12.0,1528,2,0,2,0,0,0,0,,g00,pre50_post150
4306,SE12/D14_SE12_R03.txt,train,D14,0,12.0,788,2,0,2,0,0,0,0,,g00,pre50_post150
4307,SE12/D14_SE12_R04.txt,train,D14,0,12.0,1926,2,0,2,0,0,0,0,,g00,pre50_post150
4308,SE12/D14_SE12_R05.txt,train,D14,0,12.0,1555,2,0,2,0,0,0,0,,g00,pre50_post150
4309,SE12/D15_SE12_R01.txt,train,D15,0,12.0,1436,2,0,2,0,0,0,0,,g00,pre50_post150
4310,SE12/D15_SE12_R02.txt,train,D15,0,12.0,1210,2,0,2,0,0,0,0,,g00,pre50_post150
4311,SE12/D15_SE12_R03.txt,train,D15,0,12.0,1364,2,0,2,0,0,0,0,,g00,pre50_post150
4312,SE12/D15_SE12_R04.txt,train,D15,0,12.0,822,2,0,2,0,0,0,0,,g00,pre50_post150
4313,SE12/D15_SE12_R05.txt,train,D15,0,12.0,1346,2,0,2,0,0,0,0,,g00,pre50_post150
4314,SE12/D16_SE12_R01.txt,train,D16,0,11.995,51,2,0,1,0,0,0,0,,g00,pre50_post150
4315,SE12/D16_SE12_R02.txt,train,D16,0,12.0,1341,1,0,1,0,0,0,0,,g00,pre50_post150
4316,SE12/D16_SE12_R03.txt,train,D16,0,11.99,785,2,0,2,0,0,0,0,,g00,pre50_post150
4317,SE12/D16_SE12_R04.txt,train,D16,0,12.0,783,1,0,1,0,0,0,0,,g00,pre50_post150
4318,SE12/D16_SE12_R05.txt,train,D16,0,12.0,908,1,0,1,0,0,0,0,,g00,pre50_post150
4319,SE12/D17_SE12_R01.txt,train,D17,0,25.0,1301,5,0,5,0,0,0,0,,g00,pre50_post150
4320,SE12/D17_SE12_R02.txt,train,D17,0,25.0,1650,4,0,4,0,0,0,0,,g00,pre50_post150
4321,SE12/D17_SE12_R03.txt,train,D17,0,24.985,3548,5,0,5,0,0,0,0,,g00,pre50_post150
4322,SE12/D17_SE12_R04.txt,train,D17,0,25.0,3710,4,0,4,0,0,0,0,,g00,pre50_post150
4323,SE12/D17_SE12_R05.txt,train,D17,0,25.0,3589,4,0,4,0,0,0,0,,g00,pre50_post150
4383,SE14/D01_SE14_R01.txt,train,D01,0,99.995,15519,57,0,55,0,0,0,0,,g00,pre50_post150
4384,SE14/D02_SE14_R01.txt,train,D02,0,100.0,6115,55,0,55,0,0,0,0,,g00,pre50_post150
4385,SE14/D03_SE14_R01.txt,train,D03,0,99.95,18500,63,0,63,0,0,0,0,,g00,pre50_post150
4386,SE14/D04_SE14_R01.txt,train,D04,0,99.975,2365,61,0,60,0,0,0,0,,g00,pre50_post150
4387,SE14/D05_SE14_R01.txt,train,D05,0,25.0,3273,11,0,11,0,0,0,0,,g00,pre50_post150
4388,SE14/D05_SE14_R02.txt,train,D05,0,25.0,3279,10,0,10,0,0,0,0,,g00,pre50_post150
4389,SE14/D05_SE14_R03.txt,train,D05,0,25.0,4033,12,0,12,0,0,0,0,,g00,pre50_post150
4390,SE14/D05_SE14_R04.txt,train,D05,0,25.0,4371,10,0,10,0,0,0,0,,g00,pre50_post150
4391,SE14/D05_SE14_R05.txt,train,D05,0,25.0,3827,11,0,11,0,0,0,0,,g00,pre50_post150
4392,SE14/D07_SE14_R01.txt,train,D07,0,11.995,865,2,0,2,0,0,0,0,,g00,pre50_post150
4393,SE14/D07_SE14_R02.txt,train,D07,0,12.0,571,2,0,2,0,0,0,0,,g00,pre50_post150
4394,SE14/D07_SE14_R03.txt,train,D07,0,12.0,686,2,0,2,0,0,0,0,,g00,pre50_post150
4395,SE14/D07_SE14_R05.txt,train,D07,0,12.0,658,2,0,2,0,0,0,0,,g00,pre50_post150
4396,SE14/D07_SE14_R06.txt,train,D07,0,12.0,693,2,0,2,0,0,0,0,,g00,pre50_post150
4397,SE14/D08_SE14_R01.txt,train,D08,0,12.0,630,2,0,2,0,0,0,0,,g00,pre50_post150
4398,SE14/D08_SE14_R02.txt,train,D08,0,12.0,626,2,0,2,0,0,0,0,,g00,pre50_post150
4399,SE14/D08_SE14_R03.txt,train,D08,0,12.0,698,2,0,2,0,0,0,0,,g00,pre50_post150
4400,SE14/D08_SE14_R04.txt,train,D08,0,12.0,644,2,0,2,0,0,0,0,,g00,pre50_post150
4401,SE14/D08_SE14_R05.txt,train,D08,0,12.0,675,2,0,2,0,0,0,0,,g00,pre50_post150
4402,SE14/D09_SE14_R01.txt,train,D09,0,12.0,846,2,0,2,0,0,0,0,,g00,pre50_post150
4403,SE14/D09_SE14_R02.txt,train,D09,0,12.0,720,2,0,2,0,0,0,0,,g00,pre50_post150
4404,SE14/D09_SE14_R03.txt,train,D09,0,12.0,834,2,0,2,0,0,0,0,,g00,pre50_post150
4405,SE14/D09_SE14_R04.txt,train,D09,0,12.0,806,2,0,2,0,0,0,0,,g00,pre50_post150
4406,SE14/D09_SE14_R05.txt,train,D09,0,12.0,850,2,0,2,0,0,0,0,,g00,pre50_post150
4407,SE14/D10_SE14_R01.txt,train,D10,0,12.0,732,2,0,2,0,0,0,0,,g00,pre50_post150
4408,SE14/D10_SE14_R02.txt,train,D10,0,12.0,697,2,0,2,0,0,0,0,,g00,pre50_post150
4409,SE14/D10_SE14_R03.txt,train,D10,0,12.0,689,2,0,2,0,0,0,0,,g00,pre50_post150
4410,SE14/D10_SE14_R04.txt,train,D10,0,12.0,1822,2,0,2,0,0,0,0,,g00,pre50_post150
4411,SE14/D10_SE14_R05.txt,train,D10,0,12.0,627,2,0,2,0,0,0,0,,g00,pre50_post150
4412,SE14/D11_SE14_R01.txt,train,D11,0,11.995,1303,1,0,1,0,0,0,0,,g00,pre50_post150
4413,SE14/D11_SE14_R02.txt,train,D11,0,12.0,1376,1,0,1,0,0,0,0,,g00,pre50_post150
4414,SE14/D11_SE14_R03.txt,train,D11,0,12.0,1453,1,0,1,0,0,0,0,,g00,pre50_post150
4415,SE14/D11_SE14_R04.txt,train,D11,0,12.0,1289,1,0,1,0,0,0,0,,g00,pre50_post150
4416,SE14/D11_SE14_R05.txt,train,D11,0,12.0,1304,1,0,1,0,0,0,0,,g00,pre50_post150
4417,SE14/D12_SE14_R01.txt,train,D12,0,12.0,1647,1,0,1,0,0,0,0,,g00,pre50_post150
4418,SE14/D12_SE14_R02.txt,train,D12,0,12.0,1932,2,0,2,0,0,0,0,,g00,pre50_post150
4419,SE14/D12_SE14_R03.txt,train,D12,0,12.0,1145,1,0,1,0,0,0,0,,g00,pre50_post150
4420,SE14/D12_SE14_R04.txt,train,D12,0,12.0,1746,1,0,1,0,0,0,0,,g00,pre50_post150
4421,SE14/D12_SE14_R05.txt,train,D12,0,12.0,1619,2,0,2,0,0,0,0,,g00,pre50_post150
4422,SE14/D14_SE14_R01.txt,train,D14,0,12.0,970,0,0,0,0,0,0,0,,g00,pre50_post150
4423,SE14/D14_SE14_R02.txt,train,D14,0,12.0,736,1,0,1,0,0,0,0,,g00,pre50_post150
4424,SE14/D14_SE14_R03.txt,train,D14,0,11.995,2365,0,0,0,0,0,0,0,,g00,pre50_post150
4425,SE14/D14_SE14_R04.txt,train,D14,0,12.0,1726,0,0,0,0,0,0,0,,g00,pre50_post150
4426,SE14/D14_SE14_R05.txt,train,D14,0,12.0,596,0,0,0,0,0,0,0,,g00,pre50_post150
4427,SE14/D15_SE14_R01.txt,train,D15,0,12.0,1565,0,0,0,0,0,0,0,,g00,pre50_post150
4428,SE14/D15_SE14_R02.txt,train,D15,0,12.0,1345,1,0,1,0,0,0,0,,g00,pre50_post150
4429,SE14/D15_SE14_R03.txt,train,D15,0,12.0,1714,0,0,0,0,0,0,0,,g00,pre50_post150
4430,SE14/D15_SE14_R04.txt,train,D15,0,11.97,1762,1,0,1,0,0,0,0,,g00,pre50_post150
4431,SE14/D15_SE14_R05.txt,train,D15,0,12.0,1787,1,0,1,0,0,0,0,,g00,pre50_post150
4432,SE14/D16_SE14_R01.txt,train,D16,0,12.0,1703,1,0,1,0,0,0,0,,g00,pre50_post150
4433,SE14/D16_SE14_R02.txt,train,D16,0,12.0,897,1,0,1,0,0,0,0,,g00,pre50_post150
4434,SE14/D16_SE14_R03.txt,train,D16,0,12.0,912,0,0,0,0,0,0,0,,g00,pre50_post150
4435,SE14/D16_SE14_R04.txt,train,D16,0,12.0,1402,1,0,1,0,0,0,0,,g00,pre50_post150
4436,SE14/D16_SE14_R05.txt,train,D16,0,12.0,1620,0,0,0,0,0,0,0,,g00,pre50_post150
4437,SE14/D17_SE14_R01.txt,train,D17,0,25.0,1117,4,0,4,0,0,0,0,,g00,pre50_post150
4438,SE14/D17_SE14_R02.txt,train,D17,0,25.0,1122,5,0,5,0,0,0,0,,g00,pre50_post150
4439,SE14/D17_SE14_R03.txt,train,D17,0,25.0,1235,5,0,5,0,0,0,0,,g00,pre50_post150
4440,SE14/D17_SE14_R04.txt,train,D17,0,25.0,3750,4,0,4,0,0,0,0,,g00,pre50_post150
4441,SE14/D17_SE14_R05.txt,train,D17,0,25.0,1134,5,0,5,0,0,0,0,,g00,pre50_post150
4442,SE15/D01_SE15_R01.txt,train,D01,0,99.995,3902,62,0,62,0,0,0,0,,g00,pre50_post150
4443,SE15/D02_SE15_R01.txt,train,D02,0,100.0,8775,58,0,56,0,0,0,0,,g00,pre50_post150
4444,SE15/D03_SE15_R01.txt,train,D03,0,100.0,12807,59,0,57,0,0,0,0,,g00,pre50_post150
4445,SE15/D05_SE15_R01.txt,train,D05,0,25.0,4651,11,0,11,0,0,0,0,,g00,pre50_post150
4446,SE15/D05_SE15_R02.txt,train,D05,0,25.0,4295,11,0,11,0,0,0,0,,g00,pre50_post150
4447,SE15/D05_SE15_R03.txt,train,D05,0,25.0,3885,11,0,11,0,0,0,0,,g00,pre50_post150
4448,SE15/D05_SE15_R04.txt,train,D05,0,25.0,4837,10,0,10,0,0,0,0,,g00,pre50_post150
4449,SE15/D05_SE15_R05.txt,train,D05,0,25.0,4578,10,0,10,0,0,0,0,,g00,pre50_post150
4450,SE15/D07_SE15_R01.txt,train,D07,0,11.995,1851,1,0,1,0,0,0,0,,g00,pre50_post150
4451,SE15/D07_SE15_R02.txt,train,D07,0,12.0,1915,1,0,1,0,0,0,0,,g00,pre50_post150
4452,SE15/D07_SE15_R03.txt,train,D07,0,12.0,1420,1,0,1,0,0,0,0,,g00,pre50_post150
4453,SE15/D07_SE15_R04.txt,train,D07,0,12.0,1754,0,0,0,0,0,0,0,,g00,pre50_post150
4454,SE15/D07_SE15_R05.txt,train,D07,0,12.0,1750,1,0,1,0,0,0,0,,g00,pre50_post150
4455,SE15/D08_SE15_R01.txt,train,D08,0,12.0,1471,2,0,2,0,0,0,0,,g00,pre50_post150
4456,SE15/D08_SE15_R02.txt,train,D08,0,12.0,498,2,0,2,0,0,0,0,,g00,pre50_post150
4457,SE15/D08_SE15_R03.txt,train,D08,0,12.0,1192,2,0,2,0,0,0,0,,g00,pre50_post150
4458,SE15/D08_SE15_R04.txt,train,D08,0,12.0,1611,2,0,2,0,0,0,0,,g00,pre50_post150
4459,SE15/D08_SE15_R05.txt,train,D08,0,12.0,658,2,0,2,0,0,0,0,,g00,pre50_post150
4460,SE15/D09_SE15_R01.txt,train,D09,0,12.0,683,2,0,2,0,0,0,0,,g00,pre50_post150
4461,SE15/D09_SE15_R02.txt,train,D09,0,12.0,1738,2,0,2,0,0,0,0,,g00,pre50_post150
4462,SE15/D09_SE15_R03.txt,train,D09,0,12.0,1767,1,0,1,0,0,0,0,,g00,pre50_post150
4463,SE15/D09_SE15_R04.txt,train,D09,0,12.0,1710,2,0,2,0,0,0,0,,g00,pre50_post150
4464,SE15/D09_SE15_R05.txt,train,D09,0,12.0,1855,1,0,1,0,0,0,0,,g00,pre50_post150
4465,SE15/D10_SE15_R01.txt,train,D10,0,12.0,1229,2,0,2,0,0,0,0,,g00,pre50_post150
4466,SE15/D10_SE15_R02.txt,train,D10,0,12.0,494,2,0,2,0,0,0,0,,g00,pre50_post150
4467,SE15/D10_SE15_R03.txt,train,D10,0,12.0,581,2,0,2,0,0,0,0,,g00,pre50_post150
4468,SE15/D10_SE15_R04.txt,train,D10,0,12.0,1587,2,0,2,0,0,0,0,,g00,pre50_post150
4469,SE15/D10_SE15_R05.txt,train,D10,0,12.0,729,2,0,2,0,0,0,0,,g00,pre50_post150
4470,SE15/D11_SE15_R01.txt,train,D11,0,12.0,1019,1,0,1,0,0,0,0,,g00,pre50_post150
4471,SE15/D11_SE15_R02.txt,train,D11,0,12.0,1241,1,0,1,0,0,0,0,,g00,pre50_post150
4472,SE15/D11_SE15_R03.txt,train,D11,0,12.0,1072,1,0,1,0,0,0,0,,g00,pre50_post150
4473,SE15/D11_SE15_R04.txt,train,D11,0,12.0,1128,1,0,1,0,0,0,0,,g00,pre50_post150
4474,SE15/D11_SE15_R05.txt,train,D11,0,12.0,1281,1,0,1,0,0,0,0,,g00,pre50_post150
4475,SE15/D12_SE15_R01.txt,train,D12,0,11.995,986,1,0,1,0,0,0,0,,g00,pre50_post150
4476,SE15/D12_SE15_R02.txt,train,D12,0,12.0,367,2,0,2,0,0,0,0,,g00,pre50_post150
4477,SE15/D12_SE15_R03.txt,train,D12,0,12.0,1652,0,0,0,0,0,0,0,,g00,pre50_post150
4478,SE15/D12_SE15_R04.txt,train,D12,0,12.0,773,0,0,0,0,0,0,0,,g00,pre50_post150
4479,SE15/D12_SE15_R05.txt,train,D12,0,12.0,644,2,0,2,0,0,0,0,,g00,pre50_post150
4480,SE15/D14_SE15_R01.txt,train,D14,0,12.0,2105,2,0,2,0,0,0,0,,g00,pre50_post150
4481,SE15/D14_SE15_R02.txt,train,D14,0,12.0,1953,3,0,2,0,0,0,0,,g00,pre50_post150
4482,SE15/D14_SE15_R03.txt,train,D14,0,12.0,1990,2,0,2,0,0,0,0,,g00,pre50_post150
4483,SE15/D14_SE15_R04.txt,train,D14,0,12.0,2043,3,0,3,0,0,0,0,,g00,pre50_post150
4484,SE15/D14_SE15_R05.txt,train,D14,0,12.0,2195,4,0,4,0,0,0,0,,g00,pre50_post150
4485,SE15/D15_SE15_R01.txt,train,D15,0,12.0,1540,2,0,2,0,0,0,0,,g00,pre50_post150
4486,SE15/D15_SE15_R02.txt,train,D15,0,12.0,1595,1,0,1,0,0,0,0,,g00,pre50_post150
4487,SE15/D15_SE15_R03.txt,train,D15,0,12.0,1847,1,0,1,0,0,0,0,,g00,pre50_post150
4488,SE15/D15_SE15_R04.txt,train,D15,0,12.0,1456,2,0,2,0,0,0,0,,g00,pre50_post150
4489,SE15/D15_SE15_R05.txt,train,D15,0,12.0,1473,2,0,2,0,0,0,0,,g00,pre50_post150
4490,SE15/D16_SE15_R01.txt,train,D16,0,11.995,691,0,0,0,0,0,0,0,,g00,pre50_post150
4491,SE15/D16_SE15_R02.txt,train,D16,0,12.0,849,0,0,0,0,0,0,0,,g00,pre50_post150
4492,SE15/D16_SE15_R03.txt,train,D16,0,12.0,939,0,0,0,0,0,0,0,,g00,pre50_post150
4493,SE15/D16_SE15_R04.txt,train,D16,0,12.0,902,0,0,0,0,0,0,0,,g00,pre50_post150
4494,SE15/D16_SE15_R05.txt,train,D16,0,12.0,965,0,0,0,0,0,0,0,,g00,pre50_post150
4495,SE15/D17_SE15_R01.txt,train,D17,0,24.995,3769,4,0,4,0,0,0,0,,g00,pre50_post150
4496,SE15/D17_SE15_R02.txt,train,D17,0,25.0,1058,3,0,3,0,0,0,0,,g00,pre50_post150
4497,SE15/D17_SE15_R03.txt,train,D17,0,25.0,1690,3,0,3,0,0,0,0,,g00,pre50_post150
4498,SE15/D17_SE15_R04.txt,train,D17,0,25.0,3508,3,0,3,0,0,0,0,,g00,pre50_post150
4499,SE15/D17_SE15_R05.txt,train,D17,0,25.0,1337,3,0,3,0,0,0,0,,g00,pre50_post150
308,SA03/D01_SA03_R01.txt,train,D01,0,99.995,2906,59,0,59,0,0,0,0,,g00,pre100_post200
309,SA03/D02_SA03_R01.txt,train,D02,0,100.0,10386,56,0,55,0,0,0,0,,g00,pre100_post200
310,SA03/D03_SA03_R01.txt,train,D03,0,100.0,13871,57,0,57,0,0,0,0,,g00,pre100_post200
311,SA03/D04_SA03_R01.txt,train,D04,0,100.0,2409,60,0,59,0,3,0,3,,g00,pre100_post200
312,SA03/D05_SA03_R01.txt,train,D05,0,25.0,3978,12,0,12,0,0,0,0,,g00,pre100_post200
313,SA03/D05_SA03_R02.txt,train,D05,0,25.0,4161,13,0,12,0,0,0,0,,g00,pre100_post200
314,SA03/D05_SA03_R03.txt,train,D05,0,25.0,4027,11,0,11,0,0,0,0,,g00,pre100_post200
315,SA03/D05_SA03_R04.txt,train,D05,0,25.0,2881,12,0,12,0,0,0,0,,g00,pre100_post200
316,SA03/D05_SA03_R05.txt,train,D05,0,25.0,3913,12,0,12,0,0,0,0,,g00,pre100_post200
317,SA03/D06_SA03_R01.txt,train,D06,0,24.995,626,5,0,5,0,3,0,3,,g00,pre100_post200
318,SA03/D06_SA03_R02.txt,train,D06,0,25.0,1365,6,0,6,0,0,0,0,,g00,pre100_post200
319,SA03/D06_SA03_R03.txt,train,D06,0,25.0,1194,6,0,6,0,0,0,0,,g00,pre100_post200
320,SA03/D06_SA03_R04.txt,train,D06,0,25.0,883,6,0,6,0,0,0,0,,g00,pre100_post200
321,SA03/D06_SA03_R05.txt,train,D06,0,25.0,1186,6,0,6,0,0,0,0,,g00,pre100_post200
322,SA03/D07_SA03_R01.txt,train,D07,0,12.0,2139,2,0,2,0,0,0,0,,g00,pre100_post200
323,SA03/D07_SA03_R02.txt,train,D07,0,12.0,1565,2,0,2,0,0,0,0,,g00,pre100_post200
324,SA03/D07_SA03_R03.txt,train,D07,0,12.0,1778,2,0,2,0,0,0,0,,g00,pre100_post200
325,SA03/D07_SA03_R04.txt,train,D07,0,12.0,1773,2,0,2,0,0,0,0,,g00,pre100_post200
326,SA03/D07_SA03_R05.txt,train,D07,0,12.0,1800,2,0,2,0,0,0,0,,g00,pre100_post200
327,SA03/D08_SA03_R01.txt,train,D08,0,12.0,410,2,0,2,0,0,0,0,,g00,pre100_post200
328,SA03/D08_SA03_R02.txt,train,D08,0,12.0,711,2,0,2,0,0,0,0,,g00,pre100_post200
329,SA03/D08_SA03_R03.txt,train,D08,0,12.0,805,2,0,2,0,0,0,0,,g00,pre100_post200
330,SA03/D08_SA03_R04.txt,train,D08,0,12.0,1531,2,0,2,0,0,0,0,,g00,pre100_post200
331,SA03/D08_SA03_R05.txt,train,D08,0,12.0,731,2,0,2,0,0,0,0,,g00,pre100_post200
332,SA03/D09_SA03_R01.txt,train,D09,0,12.0,966,2,0,2,0,0,0,0,,g00,pre100_post200
333,SA03/D09_SA03_R02.txt,train,D09,0,12.0,864,2,0,2,0,0,0,0,,g00,pre100_post200
334,SA03/D09_SA03_R03.txt,train,D09,0,12.0,979,2,0,2,0,0,0,0,,g00,pre100_post200
335,SA03/D09_SA03_R04.txt,train,D09,0,12.0,852,3,0,3,0,0,0,0,,g00,pre100_post200
336,SA03/D09_SA03_R05.txt,train,D09,0,12.0,867,4,0,3,0,0,0,0,,g00,pre100_post200
337,SA03/D10_SA03_R01.txt,train,D10,0,12.0,863,4,0,2,0,0,0,0,,g00,pre100_post200
338,SA03/D10_SA03_R02.txt,train,D10,0,12.0,788,3,0,2,0,0,0,0,,g00,pre100_post200
339,SA03/D10_SA03_R03.txt,train,D10,0,12.0,797,3,0,3,0,0,0,0,,g00,pre100_post200
340,SA03/D10_SA03_R04.txt,train,D10,0,12.0,889,3,0,3,0,0,0,0,,g00,pre100_post200
341,SA03/D10_SA03_R05.txt,train,D10,0,12.0,748,2,0,2,0,0,0,0,,g00,pre100_post200
342,SA03/D11_SA03_R01.txt,train,D11,0,11.995,799,3,0,3,0,1,0,1,,g00,pre100_post200
343,SA03/D11_SA03_R02.txt,train,D11,0,12.0,1044,5,0,4,0,1,0,1,,g00,pre100_post200
344,SA03/D11_SA03_R03.txt,train,D11,0,12.0,1047,7,0,6,0,0,0,0,,g00,pre100_post200
345,SA03/D11_SA03_R04.txt,train,D11,0,11.995,1479,5,0,4,0,0,0,0,,g00,pre100_post200
346,SA03/D11_SA03_R05.txt,train,D11,0,12.0,1166,5,0,5,0,0,0,0,,g00,pre100_post200
347,SA03/D12_SA03_R01.txt,train,D12,0,12.0,1020,2,0,1,0,0,0,0,,g00,pre100_post200
348,SA03/D12_SA03_R02.txt,train,D12,0,12.0,942,3,0,2,0,0,0,0,,g00,pre100_post200
349,SA03/D12_SA03_R03.txt,train,D12,0,12.0,847,2,0,2,0,0,0,0,,g00,pre100_post200
350,SA03/D12_SA03_R04.txt,train,D12,0,12.0,930,2,0,2,0,0,0,0,,g00,pre100_post200
351,SA03/D12_SA03_R05.txt,train,D12,0,12.0,1887,2,0,2,0,0,0,0,,g00,pre100_post200
352,SA03/D13_SA03_R01.txt,train,D13,0,12.0,756,3,0,3,0,0,0,0,,g00,pre100_post200
353,SA03/D13_SA03_R02.txt,train,D13,0,12.0,1092,4,0,3,0,0,0,0,,g00,pre100_post200
354,SA03/D13_SA03_R03.txt,train,D13,0,12.0,956,2,0,2,0,0,0,0,,g00,pre100_post200
355,SA03/D13_SA03_R04.txt,train,D13,0,12.0,745,2,0,2,0,0,0,0,,g00,pre100_post200
356,SA03/D13_SA03_R05.txt,train,D13,0,12.0,752,2,0,2,0,0,0,0,,g00,pre100_post200
357,SA03/D14_SA03_R01.txt,train,D14,0,12.0,1545,2,0,2,0,0,0,0,,g00,pre100_post200
358,SA03/D14_SA03_R02.txt,train,D14,0,12.0,1131,2,0,2,0,0,0,0,,g00,pre100_post200
359,SA03/D14_SA03_R03.txt,train,D14,0,12.0,1706,2,0,2,0,0,0,0,,g00,pre100_post200
360,SA03/D14_SA03_R04.txt,train,D14,0,12.0,782,2,0,2,0,0,0,0,,g00,pre100_post200
361,SA03/D14_SA03_R05.txt,train,D14,0,12.0,993,2,0,2,0,0,0,0,,g00,pre100_post200
362,SA03/D15_SA03_R01.txt,train,D15,0,12.0,1347,2,0,2,0,0,0,0,,g00,pre100_post200
363,SA03/D15_SA03_R02.txt,train,D15,0,12.0,1648,2,0,2,0,0,0,0,,g00,pre100_post200
364,SA03/D15_SA03_R03.txt,train,D15,0,12.0,1451,3,0,3,0,0,0,0,,g00,pre100_post200
365,SA03/D15_SA03_R04.txt,train,D15,0,12.0,1298,3,0,3,0,0,0,0,,g00,pre100_post200
366,SA03/D15_SA03_R05.txt,train,D15,0,12.0,1291,3,0,3,0,0,0,0,,g00,pre100_post200
367,SA03/D16_SA03_R01.txt,train,D16,0,11.995,788,2,0,2,0,0,0,0,,g00,pre100_post200
368,SA03/D16_SA03_R02.txt,train,D16,0,12.0,868,1,0,1,0,0,0,0,,g00,pre100_post200
369,SA03/D16_SA03_R03.txt,train,D16,0,12.0,612,4,0,3,0,0,0,0,,g00,pre100_post200
370,SA03/D16_SA03_R04.txt,train,D16,0,12.0,1753,2,0,2,0,0,0,0,,g00,pre100_post200
371,SA03/D16_SA03_R05.txt,train,D16,0,12.0,1423,2,0,2,0,0,0,0,,g00,pre100_post200
372,SA03/D17_SA03_R01.txt,train,D17,0,24.995,752,6,0,6,0,0,0,0,,g00,pre100_post200
373,SA03/D17_SA03_R02.txt,train,D17,0,25.0,759,4,0,4,0,0,0,0,,g00,pre100_post200
374,SA03/D17_SA03_R03.txt,train,D17,0,25.0,997,6,0,6,0,0,0,0,,g00,pre100_post200
375,SA03/D17_SA03_R04.txt,train,D17,0,25.0,1367,5,0,5,0,0,0,0,,g00,pre100_post200
376,SA03/D17_SA03_R05.txt,train,D17,0,25.0,1311,5,0,4,0,0,0,0,,g00,pre100_post200
377,SA03/D18_SA03_R01.txt,train,D18,0,12.0,578,7,0,6,0,0,0,0,,g00,pre100_post200
378,SA03/D18_SA03_R02.txt,train,D18,0,12.0,779,7,0,6,0,0,0,0,,g00,pre100_post200
379,SA03/D18_SA03_R03.txt,train,D18,0,12.0,1250,7,0,6,0,0,0,0,,g00,pre100_post200
380,SA03/D18_SA03_R04.txt,train,D18,0,12.0,956,7,0,7,0,0,0,0,,g00,pre100_post200
381,SA03/D18_SA03_R05.txt,train,D18,0,12.0,1098,7,0,6,0,0,0,0,,g00,pre100_post200
382,SA03/D19_SA03_R01.txt,train,D19,0,12.0,928,3,0,3,0,1,0,1,,g00,pre100_post200
383,SA03/D19_SA03_R02.txt,train,D19,0,12.0,1103,3,0,3,0,2,0,2,,g00,pre100_post200
384,SA03/D19_SA03_R03.txt,train,D19,0,12.0,1083,2,0,2,0,1,0,1,,g00,pre100_post200
385,SA03/D19_SA03_R04.txt,train,D19,0,12.0,1097,3,0,3,0,2,0,2,,g00,pre100_post200
386,SA03/D19_SA03_R05.txt,train,D19,0,12.0,901,2,0,2,0,2,0,2,,g00,pre100_post200
387,SA03/F01_SA03_R01.txt,train,F01,1,14.995,2278,7,1,6,1,1,1,0,0.655,g00,pre100_post200
388,SA03/F01_SA03_R02.txt,train,F01,1,15.0,2127,7,1,6,1,1,1,0,0.805,g00,pre100_post200
389,SA03/F01_SA03_R03.txt,train,F01,1,15.0,1754,6,1,5,1,1,1,0,1.27,g00,pre100_post200
390,SA03/F01_SA03_R04.txt,train,F01,1,15.0,1887,6,1,5,1,1,1,0,0.645,g00,pre100_post200
391,SA03/F01_SA03_R05.txt,train,F01,1,15.0,1518,5,1,4,1,1,1,0,0.34,g00,pre100_post200
392,SA03/F02_SA03_R01.txt,train,F02,1,15.0,1429,4,1,4,1,1,1,0,0.145,g00,pre100_post200
393,SA03/F02_SA03_R02.txt,train,F02,1,15.0,1307,4,1,4,1,0,0,0,,g00,pre100_post200
394,SA03/F02_SA03_R03.txt,train,F02,1,15.0,1558,5,1,5,1,0,0,0,,g00,pre100_post200
395,SA03/F02_SA03_R04.txt,train,F02,1,15.0,1383,5,1,4,1,1,1,0,1.285,g00,pre100_post200
396,SA03/F02_SA03_R05.txt,train,F02,1,15.0,1420,5,1,5,1,1,1,0,1.305,g00,pre100_post200
397,SA03/F03_SA03_R01.txt,train,F03,1,15.0,1429,5,1,5,1,1,1,0,0.15,g00,pre100_post200
398,SA03/F03_SA03_R02.txt,train,F03,1,15.0,1624,6,1,5,1,1,1,0,0.14,g00,pre100_post200
399,SA03/F03_SA03_R03.txt,train,F03,1,15.0,1493,4,0,4,0,0,0,0,,g00,pre100_post200
400,SA03/F03_SA03_R04.txt,train,F03,1,15.0,1448,4,1,4,1,0,0,0,,g00,pre100_post200
401,SA03/F03_SA03_R05.txt,train,F03,1,15.0,1667,5,1,5,1,0,0,0,,g00,pre100_post200
402,SA03/F04_SA03_R01.txt,train,F04,1,15.0,2302,8,1,8,1,1,1,0,1.315,g00,pre100_post200
403,SA03/F04_SA03_R02.txt,train,F04,1,15.0,2351,7,1,7,1,1,1,0,0.32,g00,pre100_post200
404,SA03/F04_SA03_R03.txt,train,F04,1,15.0,2173,7,1,7,1,1,1,0,1.04,g00,pre100_post200
405,SA03/F04_SA03_R04.txt,train,F04,1,15.0,2233,7,1,7,1,1,1,0,0.925,g00,pre100_post200
406,SA03/F04_SA03_R05.txt,train,F04,1,15.0,2023,6,1,6,1,1,1,0,0.06,g00,pre100_post200
407,SA03/F05_SA03_R01.txt,train,F05,1,15.0,1390,5,1,5,1,1,1,0,0.345,g00,pre100_post200
408,SA03/F05_SA03_R02.txt,train,F05,1,15.0,1423,5,1,4,1,1,1,0,1.44,g00,pre100_post200
409,SA03/F05_SA03_R03.txt,train,F05,1,15.0,1401,5,1,5,1,1,1,0,1.385,g00,pre100_post200
410,SA03/F05_SA03_R04.txt,train,F05,1,15.0,1478,5,1,5,1,2,1,1,1.425,g00,pre100_post200
411,SA03/F05_SA03_R05.txt,train,F05,1,15.0,1294,5,1,5,1,1,1,0,0.585,g00,pre100_post200
412,SA03/F06_SA03_R01.txt,train,F06,1,14.995,2135,7,1,6,1,0,0,0,,g00,pre100_post200
413,SA03/F06_SA03_R02.txt,train,F06,1,15.0,2095,7,1,7,1,1,1,0,0.95,g00,pre100_post200
414,SA03/F06_SA03_R03.txt,train,F06,1,15.0,1993,7,1,6,1,1,1,0,1.33,g00,pre100_post200
415,SA03/F06_SA03_R04.txt,train,F06,1,15.0,1977,6,1,6,1,1,1,0,0.07,g00,pre100_post200
416,SA03/F06_SA03_R05.txt,train,F06,1,15.0,1985,6,1,5,1,1,1,0,0.07,g00,pre100_post200
417,SA03/F07_SA03_R01.txt,train,F07,1,15.0,1965,6,1,6,1,1,1,0,0.94,g00,pre100_post200
418,SA03/F07_SA03_R02.txt,train,F07,1,15.0,1758,6,1,6,1,1,1,0,1.21,g00,pre100_post200
419,SA03/F07_SA03_R03.txt,train,F07,1,15.0,1838,6,1,6,1,1,1,0,0.91,g00,pre100_post200
420,SA03/F07_SA03_R04.txt,train,F07,1,15.0,1849,6,1,5,1,1,1,0,0.585,g00,pre100_post200
421,SA03/F07_SA03_R05.txt,train,F07,1,15.0,1202,5,1,4,1,0,0,0,,g00,pre100_post200
422,SA03/F08_SA03_R01.txt,train,F08,1,14.995,1601,2,1,2,1,1,1,0,0.995,g00,pre100_post200
423,SA03/F08_SA03_R02.txt,train,F08,1,15.0,1220,2,1,2,1,1,1,0,1.47,g00,pre100_post200
424,SA03/F08_SA03_R03.txt,train,F08,1,15.0,1232,2,1,2,1,1,1,0,1.395,g00,pre100_post200
425,SA03/F08_SA03_R04.txt,train,F08,1,15.0,1294,2,1,2,1,1,1,0,1.6,g00,pre100_post200
426,SA03/F08_SA03_R05.txt,train,F08,1,15.0,1438,1,1,1,1,0,0,0,,g00,pre100_post200
427,SA03/F09_SA03_R01.txt,train,F09,1,14.995,1073,4,1,3,1,1,1,0,0.94,g00,pre100_post200
428,SA03/F09_SA03_R02.txt,train,F09,1,15.0,1180,2,1,2,1,1,1,0,0.985,g00,pre100_post200
429,SA03/F09_SA03_R03.txt,train,F09,1,15.0,1266,2,1,2,1,1,1,0,0.96,g00,pre100_post200
430,SA03/F09_SA03_R04.txt,train,F09,1,15.0,831,2,1,2,1,1,1,0,1.425,g00,pre100_post200
431,SA03/F09_SA03_R05.txt,train,F09,1,15.0,1121,2,1,2,1,1,1,0,0.965,g00,pre100_post200
432,SA03/F10_SA03_R01.txt,train,F10,1,15.0,1090,3,1,2,1,0,0,0,,g00,pre100_post200
433,SA03/F10_SA03_R02.txt,train,F10,1,15.0,1749,3,1,3,1,1,1,0,0.285,g00,pre100_post200
434,SA03/F10_SA03_R03.txt,train,F10,1,15.0,1388,2,1,2,1,1,1,0,1.44,g00,pre100_post200
435,SA03/F10_SA03_R04.txt,train,F10,1,15.0,1968,3,1,3,1,1,1,0,0.29,g00,pre100_post200
436,SA03/F10_SA03_R05.txt,train,F10,1,15.0,1653,2,1,2,1,1,1,0,1.42,g00,pre100_post200
437,SA03/F11_SA03_R01.txt,train,F11,1,14.995,1099,1,1,1,1,1,1,0,0.925,g00,pre100_post200
438,SA03/F11_SA03_R02.txt,train,F11,1,15.0,1242,1,1,1,1,1,1,0,0.22,g00,pre100_post200
439,SA03/F11_SA03_R03.txt,train,F11,1,15.0,1382,1,1,1,1,1,1,0,0.27,g00,pre100_post200
440,SA03/F11_SA03_R04.txt,train,F11,1,15.0,1338,1,1,1,1,1,1,0,0.555,g00,pre100_post200
441,SA03/F11_SA03_R05.txt,train,F11,1,15.0,1031,2,1,2,1,1,1,0,0.115,g00,pre100_post200
442,SA03/F12_SA03_R01.txt,train,F12,1,15.0,1075,2,1,2,1,1,1,0,0.965,g00,pre100_post200
443,SA03/F12_SA03_R02.txt,train,F12,1,15.0,1521,1,1,1,1,1,1,0,0.195,g00,pre100_post200
444,SA03/F12_SA03_R03.txt,train,F12,1,15.0,1383,3,1,3,1,1,1,0,0.945,g00,pre100_post200
445,SA03/F12_SA03_R04.txt,train,F12,1,15.0,1073,2,1,2,1,1,1,0,0.34,g00,pre100_post200
446,SA03/F12_SA03_R05.txt,train,F12,1,15.0,1090,2,1,2,1,1,1,0,0.2,g00,pre100_post200
447,SA03/F13_SA03_R01.txt,train,F13,1,15.0,1995,2,1,2,1,1,1,0,0.83,g00,pre100_post200
448,SA03/F13_SA03_R02.txt,train,F13,1,15.0,1102,1,1,1,1,1,1,0,0.63,g00,pre100_post200
449,SA03/F13_SA03_R03.txt,train,F13,1,15.0,1389,1,1,1,1,1,1,0,0.535,g00,pre100_post200
450,SA03/F13_SA03_R04.txt,train,F13,1,15.0,1084,1,1,1,1,1,1,0,0.555,g00,pre100_post200
451,SA03/F13_SA03_R05.txt,train,F13,1,15.0,1215,1,1,1,1,1,1,0,0.475,g00,pre100_post200
452,SA03/F14_SA03_R01.txt,train,F14,1,15.0,1129,1,1,1,1,0,0,0,,g00,pre100_post200
453,SA03/F14_SA03_R02.txt,train,F14,1,15.0,1148,1,1,1,1,0,0,0,,g00,pre100_post200
454,SA03/F14_SA03_R03.txt,train,F14,1,15.0,1051,3,1,2,1,1,1,0,0.975,g00,pre100_post200
455,SA03/F14_SA03_R04.txt,train,F14,1,15.0,1092,3,1,2,1,1,1,0,0.975,g00,pre100_post200
456,SA03/F14_SA03_R05.txt,train,F14,1,15.0,971,3,1,2,1,0,0,0,,g00,pre100_post200
457,SA03/F15_SA03_R01.txt,train,F15,1,15.0,844,1,1,1,1,1,1,0,0.955,g00,pre100_post200
458,SA03/F15_SA03_R02.txt,train,F15,1,15.0,1131,1,1,1,1,1,1,0,0.89,g00,pre100_post200
459,SA03/F15_SA03_R03.txt,train,F15,1,15.0,1750,2,1,1,1,1,1,0,0.805,g00,pre100_post200
460,SA03/F15_SA03_R04.txt,train,F15,1,15.0,1264,3,1,2,1,1,1,0,0.965,g00,pre100_post200
461,SA03/F15_SA03_R05.txt,train,F15,1,15.0,1387,1,1,1,1,1,1,0,0.135,g00,pre100_post200
462,SA04/D01_SA04_R01.txt,train,D01,0,99.995,16338,54,0,54,0,0,0,0,,g00,pre100_post200
463,SA04/D02_SA04_R01.txt,train,D02,0,100.0,5717,62,0,61,0,0,0,0,,g00,pre100_post200
464,SA04/D03_SA04_R01.txt,train,D03,0,100.0,18016,64,0,62,0,0,0,0,,g00,pre100_post200
465,SA04/D04_SA04_R01.txt,train,D04,0,100.0,19090,62,0,61,0,10,0,10,,g00,pre100_post200
466,SA04/D05_SA04_R01.txt,train,D05,0,25.0,3575,10,0,10,0,0,0,0,,g00,pre100_post200
467,SA04/D05_SA04_R02.txt,train,D05,0,25.0,1032,11,0,11,0,0,0,0,,g00,pre100_post200
468,SA04/D05_SA04_R03.txt,train,D05,0,25.0,2284,11,0,11,0,0,0,0,,g00,pre100_post200
469,SA04/D05_SA04_R04.txt,train,D05,0,25.0,3555,11,0,11,0,0,0,0,,g00,pre100_post200
470,SA04/D05_SA04_R05.txt,train,D05,0,25.0,4112,12,0,12,0,0,0,0,,g00,pre100_post200
471,SA04/D06_SA04_R01.txt,train,D06,0,24.995,1965,7,0,7,0,0,0,0,,g00,pre100_post200
472,SA04/D06_SA04_R02.txt,train,D06,0,25.0,2106,8,0,8,0,0,0,0,,g00,pre100_post200
473,SA04/D06_SA04_R03.txt,train,D06,0,25.0,1199,5,0,5,0,0,0,0,,g00,pre100_post200
474,SA04/D06_SA04_R04.txt,train,D06,0,25.0,1285,6,0,6,0,1,0,1,,g00,pre100_post200
475,SA04/D06_SA04_R05.txt,train,D06,0,25.0,515,6,0,6,0,2,0,2,,g00,pre100_post200
476,SA04/D07_SA04_R01.txt,train,D07,0,12.0,599,2,0,2,0,0,0,0,,g00,pre100_post200
477,SA04/D07_SA04_R02.txt,train,D07,0,12.0,871,3,0,3,0,0,0,0,,g00,pre100_post200
478,SA04/D07_SA04_R03.txt,train,D07,0,12.0,599,2,0,2,0,0,0,0,,g00,pre100_post200
479,SA04/D07_SA04_R04.txt,train,D07,0,12.0,1445,4,0,4,0,0,0,0,,g00,pre100_post200
480,SA04/D07_SA04_R05.txt,train,D07,0,12.0,761,2,0,2,0,0,0,0,,g00,pre100_post200
481,SA04/D08_SA04_R01.txt,train,D08,0,12.0,681,2,0,2,0,0,0,0,,g00,pre100_post200
482,SA04/D08_SA04_R02.txt,train,D08,0,12.0,493,2,0,2,0,0,0,0,,g00,pre100_post200
483,SA04/D08_SA04_R03.txt,train,D08,0,12.0,651,2,0,2,0,0,0,0,,g00,pre100_post200
484,SA04/D08_SA04_R04.txt,train,D08,0,12.0,1159,2,0,2,0,0,0,0,,g00,pre100_post200
485,SA04/D08_SA04_R05.txt,train,D08,0,12.0,742,2,0,2,0,0,0,0,,g00,pre100_post200
486,SA04/D09_SA04_R01.txt,train,D09,0,12.0,1345,3,0,2,0,0,0,0,,g00,pre100_post200
487,SA04/D09_SA04_R02.txt,train,D09,0,12.0,958,3,0,3,0,0,0,0,,g00,pre100_post200
488,SA04/D09_SA04_R03.txt,train,D09,0,12.0,1035,2,0,2,0,0,0,0,,g00,pre100_post200
489,SA04/D09_SA04_R04.txt,train,D09,0,12.0,1665,2,0,2,0,0,0,0,,g00,pre100_post200
490,SA04/D09_SA04_R05.txt,train,D09,0,12.0,597,3,0,3,0,0,0,0,,g00,pre100_post200
491,SA04/D10_SA04_R01.txt,train,D10,0,12.0,641,3,0,3,0,0,0,0,,g00,pre100_post200
492,SA04/D10_SA04_R02.txt,train,D10,0,12.0,916,3,0,3,0,0,0,0,,g00,pre100_post200
493,SA04/D10_SA04_R03.txt,train,D10,0,12.0,916,2,0,2,0,0,0,0,,g00,pre100_post200
494,SA04/D10_SA04_R04.txt,train,D10,0,12.0,857,2,0,2,0,0,0,0,,g00,pre100_post200
495,SA04/D10_SA04_R05.txt,train,D10,0,12.0,613,2,0,2,0,0,0,0,,g00,pre100_post200
496,SA04/D11_SA04_R01.txt,train,D11,0,12.0,944,2,0,2,0,0,0,0,,g00,pre100_post200
497,SA04/D11_SA04_R02.txt,train,D11,0,12.0,1087,1,0,1,0,0,0,0,,g00,pre100_post200
498,SA04/D11_SA04_R03.txt,train,D11,0,12.0,967,1,0,1,0,0,0,0,,g00,pre100_post200
499,SA04/D11_SA04_R04.txt,train,D11,0,12.0,1142,1,0,1,0,0,0,0,,g00,pre100_post200
500,SA04/D11_SA04_R05.txt,train,D11,0,12.0,746,1,0,1,0,0,0,0,,g00,pre100_post200
501,SA04/D12_SA04_R01.txt,train,D12,0,12.0,835,2,0,2,0,0,0,0,,g00,pre100_post200
502,SA04/D12_SA04_R02.txt,train,D12,0,12.0,1768,3,0,3,0,0,0,0,,g00,pre100_post200
503,SA04/D12_SA04_R03.txt,train,D12,0,12.0,1594,2,0,2,0,0,0,0,,g00,pre100_post200
504,SA04/D12_SA04_R04.txt,train,D12,0,12.0,1951,0,0,0,0,0,0,0,,g00,pre100_post200
505,SA04/D12_SA04_R05.txt,train,D12,0,12.0,1981,1,0,1,0,0,0,0,,g00,pre100_post200
506,SA04/D13_SA04_R01.txt,train,D13,0,12.0,542,2,0,2,0,0,0,0,,g00,pre100_post200
507,SA04/D13_SA04_R02.txt,train,D13,0,12.0,1393,2,0,2,0,0,0,0,,g00,pre100_post200
508,SA04/D13_SA04_R03.txt,train,D13,0,12.0,842,1,0,1,0,0,0,0,,g00,pre100_post200
509,SA04/D13_SA04_R04.txt,train,D13,0,12.0,720,2,0,2,0,0,0,0,,g00,pre100_post200
510,SA04/D13_SA04_R05.txt,train,D13,0,12.0,830,2,0,2,0,0,0,0,,g00,pre100_post200
511,SA04/D14_SA04_R01.txt,train,D14,0,12.0,756,1,0,1,0,0,0,0,,g00,pre100_post200
512,SA04/D14_SA04_R02.txt,train,D14,0,12.0,1019,1,0,1,0,0,0,0,,g00,pre100_post200
513,SA04/D14_SA04_R03.txt,train,D14,0,12.0,1120,1,0,1,0,0,0,0,,g00,pre100_post200
514,SA04/D14_SA04_R04.txt,train,D14,0,12.0,701,2,0,2,0,0,0,0,,g00,pre100_post200
515,SA04/D14_SA04_R05.txt,train,D14,0,12.0,1035,1,0,1,0,0,0,0,,g00,pre100_post200
516,SA04/D15_SA04_R01.txt,train,D15,0,12.0,732,2,0,2,0,0,0,0,,g00,pre100_post200
517,SA04/D15_SA04_R02.txt,train,D15,0,12.0,1555,3,0,3,0,0,0,0,,g00,pre100_post200
518,SA04/D15_SA04_R03.txt,train,D15,0,12.0,1180,2,0,2,0,0,0,0,,g00,pre100_post200
519,SA04/D15_SA04_R04.txt,train,D15,0,12.0,1459,2,0,2,0,0,0,0,,g00,pre100_post200
520,SA04/D15_SA04_R05.txt,train,D15,0,12.0,678,3,0,3,0,0,0,0,,g00,pre100_post200
521,SA04/D16_SA04_R01.txt,train,D16,0,11.995,1004,2,0,2,0,0,0,0,,g00,pre100_post200
522,SA04/D16_SA04_R02.txt,train,D16,0,12.0,1667,4,0,3,0,0,0,0,,g00,pre100_post200
523,SA04/D16_SA04_R03.txt,train,D16,0,12.0,1437,2,0,2,0,0,0,0,,g00,pre100_post200
524,SA04/D16_SA04_R04.txt,train,D16,0,12.0,1101,2,0,2,0,0,0,0,,g00,pre100_post200
525,SA04/D16_SA04_R05.txt,train,D16,0,12.0,1194,2,0,2,0,0,0,0,,g00,pre100_post200
526,SA04/D17_SA04_R01.txt,train,D17,0,24.995,1163,3,0,3,0,0,0,0,,g00,pre100_post200
527,SA04/D17_SA04_R02.txt,train,D17,0,25.0,4214,4,0,4,0,0,0,0,,g00,pre100_post200
528,SA04/D17_SA04_R03.txt,train,D17,0,25.0,2186,4,0,4,0,0,0,0,,g00,pre100_post200
529,SA04/D17_SA04_R04.txt,train,D17,0,25.0,4175,3,0,3,0,0,0,0,,g00,pre100_post200
530,SA04/D17_SA04_R05.txt,train,D17,0,25.0,3779,3,0,3,0,0,0,0,,g00,pre100_post200
531,SA04/D18_SA04_R01.txt,train,D18,0,12.0,772,7,0,6,0,0,0,0,,g00,pre100_post200
532,SA04/D18_SA04_R02.txt,train,D18,0,12.0,1125,7,0,6,0,0,0,0,,g00,pre100_post200
533,SA04/D18_SA04_R03.txt,train,D18,0,12.0,1195,7,0,6,0,0,0,0,,g00,pre100_post200
534,SA04/D18_SA04_R04.txt,train,D18,0,12.0,1341,6,0,6,0,0,0,0,,g00,pre100_post200
535,SA04/D18_SA04_R05.txt,train,D18,0,12.0,1098,6,0,6,0,0,0,0,,g00,pre100_post200
536,SA04/D19_SA04_R01.txt,train,D19,0,12.0,1493,3,0,3,0,0,0,0,,g00,pre100_post200
537,SA04/D19_SA04_R02.txt,train,D19,0,12.0,726,4,0,4,0,0,0,0,,g00,pre100_post200
538,SA04/D19_SA04_R03.txt,train,D19,0,12.0,1346,2,0,2,0,0,0,0,,g00,pre100_post200
539,SA04/D19_SA04_R04.txt,train,D19,0,12.0,793,2,0,2,0,0,0,0,,g00,pre100_post200
540,SA04/D19_SA04_R05.txt,train,D19,0,12.0,1701,2,0,2,0,0,0,0,,g00,pre100_post200
541,SA04/F01_SA04_R01.txt,train,F01,1,14.995,2203,6,1,6,1,1,1,0,0.675,g00,pre100_post200
542,SA04/F01_SA04_R02.txt,train,F01,1,15.0,1996,7,1,7,1,1,1,0,0.825,g00,pre100_post200
543,SA04/F01_SA04_R03.txt,train,F01,1,15.0,1913,6,1,6,1,1,1,0,0.875,g00,pre100_post200
544,SA04/F01_SA04_R04.txt,train,F01,1,15.0,1919,6,1,6,1,1,1,0,1.27,g00,pre100_post200
545,SA04/F01_SA04_R05.txt,train,F01,1,15.0,1991,6,1,6,1,1,1,0,0.82,g00,pre100_post200
546,SA04/F02_SA04_R01.txt,train,F02,1,15.0,1401,4,1,4,1,1,1,0,0.985,g00,pre100_post200
547,SA04/F02_SA04_R02.txt,train,F02,1,15.0,1637,5,1,5,1,2,1,1,1.625,g00,pre100_post200
548,SA04/F02_SA04_R03.txt,train,F02,1,15.0,1536,5,1,5,1,1,1,0,1.22,g00,pre100_post200
549,SA04/F02_SA04_R04.txt,train,F02,1,15.0,1238,4,1,4,1,1,1,0,1.2,g00,pre100_post200
550,SA04/F02_SA04_R05.txt,train,F02,1,15.0,1516,5,1,5,1,1,1,0,0.685,g00,pre100_post200
551,SA04/F03_SA04_R01.txt,train,F03,1,15.0,1363,5,1,5,1,1,1,0,0.745,g00,pre100_post200
552,SA04/F03_SA04_R02.txt,train,F03,1,15.0,1181,4,1,4,1,2,1,1,0.085,g00,pre100_post200
553,SA04/F03_SA04_R03.txt,train,F03,1,15.0,1410,4,1,4,1,1,1,0,1.005,g00,pre100_post200
554,SA04/F03_SA04_R04.txt,train,F03,1,15.0,1520,5,1,5,1,1,1,0,1.275,g00,pre100_post200
555,SA04/F03_SA04_R05.txt,train,F03,1,15.0,1473,5,1,5,1,1,1,0,1.6,g00,pre100_post200
556,SA04/F04_SA04_R01.txt,train,F04,1,15.0,1886,5,1,5,1,1,1,0,0.325,g00,pre100_post200
557,SA04/F04_SA04_R02.txt,train,F04,1,15.0,1820,5,1,5,1,1,1,0,0.955,g00,pre100_post200
558,SA04/F04_SA04_R03.txt,train,F04,1,15.0,1952,6,1,6,1,1,1,0,0.97,g00,pre100_post200
559,SA04/F04_SA04_R04.txt,train,F04,1,15.0,1853,5,1,5,1,1,1,0,0.215,g00,pre100_post200
560,SA04/F04_SA04_R05.txt,train,F04,1,15.0,1893,6,1,6,1,1,1,0,1.29,g00,pre100_post200
561,SA04/F05_SA04_R01.txt,train,F05,1,15.0,1197,4,1,3,1,1,1,0,0.415,g00,pre100_post200
562,SA04/F05_SA04_R02.txt,train,F05,1,15.0,1141,4,1,4,1,1,1,0,1.285,g00,pre100_post200
563,SA04/F05_SA04_R03.txt,train,F05,1,15.0,1196,4,1,4,1,1,1,0,1.26,g00,pre100_post200
564,SA04/F05_SA04_R04.txt,train,F05,1,15.0,975,3,1,3,1,1,1,0,0.73,g00,pre100_post200
565,SA04/F05_SA04_R05.txt,train,F05,1,15.0,1093,4,1,4,1,2,1,1,0.05,g00,pre100_post200
566,SA04/F06_SA04_R01.txt,train,F06,1,14.995,1719,6,1,5,1,1,1,0,1.405,g00,pre100_post200
567,SA04/F06_SA04_R02.txt,train,F06,1,15.0,1879,6,1,6,1,1,1,0,1.265,g00,pre100_post200
568,SA04/F06_SA04_R03.txt,train,F06,1,15.0,1995,6,1,6,1,1,1,0,1.0,g00,pre100_post200
569,SA04/F06_SA04_R04.txt,train,F06,1,15.0,1902,6,1,6,1,1,1,0,1.185,g00,pre100_post200
570,SA04/F06_SA04_R05.txt,train,F06,1,15.0,1931,6,1,6,1,1,1,0,1.5,g00,pre100_post200
571,SA04/F07_SA04_R01.txt,train,F07,1,15.0,1583,5,1,5,1,1,1,0,0.165,g00,pre100_post200
572,SA04/F07_SA04_R02.txt,train,F07,1,14.995,1413,4,1,4,1,2,1,1,0.975,g00,pre100_post200
573,SA04/F07_SA04_R03.txt,train,F07,1,15.0,1338,5,1,4,1,1,1,0,0.94,g00,pre100_post200
574,SA04/F07_SA04_R04.txt,train,F07,1,15.0,1170,4,1,4,1,1,1,0,0.14,g00,pre100_post200
575,SA04/F07_SA04_R05.txt,train,F07,1,15.0,1603,5,1,5,1,2,1,1,0.99,g00,pre100_post200
576,SA04/F08_SA04_R01.txt,train,F08,1,15.0,987,2,1,2,1,1,1,0,1.285,g00,pre100_post200
577,SA04/F08_SA04_R02.txt,train,F08,1,15.0,933,2,1,2,1,1,1,0,1.35,g00,pre100_post200
578,SA04/F08_SA04_R03.txt,train,F08,1,15.0,988,2,1,2,1,1,1,0,1.72,g00,pre100_post200
579,SA04/F08_SA04_R04.txt,train,F08,1,15.0,820,2,1,2,1,1,1,0,1.395,g00,pre100_post200
580,SA04/F08_SA04_R05.txt,train,F08,1,15.0,720,2,1,2,1,1,1,0,1.33,g00,pre100_post200
581,SA04/F09_SA04_R01.txt,train,F09,1,15.0,929,2,1,2,1,1,1,0,1.19,g00,pre100_post200
582,SA04/F09_SA04_R02.txt,train,F09,1,15.0,1729,2,1,2,1,1,1,0,1.195,g00,pre100_post200
583,SA04/F09_SA04_R03.txt,train,F09,1,15.0,1331,2,1,2,1,1,1,0,1.37,g00,pre100_post200
584,SA04/F09_SA04_R04.txt,train,F09,1,15.0,1507,2,1,2,1,1,1,0,1.37,g00,pre100_post200
585,SA04/F09_SA04_R05.txt,train,F09,1,15.0,1549,2,1,2,1,1,1,0,1.2,g00,pre100_post200
586,SA04/F10_SA04_R01.txt,train,F10,1,15.0,1152,2,1,2,1,1,1,0,1.365,g00,pre100_post200
587,SA04/F10_SA04_R02.txt,train,F10,1,15.0,1550,2,1,2,1,1,1,0,1.0,g00,pre100_post200
588,SA04/F10_SA04_R03.txt,train,F10,1,15.0,1699,2,1,2,1,1,1,0,0.94,g00,pre100_post200
589,SA04/F10_SA04_R04.txt,train,F10,1,15.0,1961,2,1,2,1,1,1,0,0.675,g00,pre100_post200
590,SA04/F10_SA04_R05.txt,train,F10,1,15.0,1865,2,1,2,1,1,1,0,0.68,g00,pre100_post200
591,SA04/F11_SA04_R01.txt,train,F11,1,14.995,1185,1,1,1,1,1,1,0,0.945,g00,pre100_post200
592,SA04/F11_SA04_R02.txt,train,F11,1,15.0,996,1,1,1,1,1,1,0,0.97,g00,pre100_post200
593,SA04/F11_SA04_R03.txt,train,F11,1,15.0,1148,2,1,2,1,0,0,0,,g00,pre100_post200
594,SA04/F11_SA04_R04.txt,train,F11,1,15.0,992,2,1,2,1,1,1,0,1.195,g00,pre100_post200
595,SA04/F11_SA04_R05.txt,train,F11,1,15.0,927,2,1,2,1,1,1,0,0.8,g00,pre100_post200
596,SA04/F12_SA04_R01.txt,train,F12,1,15.0,931,2,1,2,1,1,1,0,0.99,g00,pre100_post200
597,SA04/F12_SA04_R02.txt,train,F12,1,15.0,904,2,1,2,1,1,1,0,1.385,g00,pre100_post200
598,SA04/F12_SA04_R03.txt,train,F12,1,15.0,928,1,1,1,1,1,1,0,0.915,g00,pre100_post200
599,SA04/F12_SA04_R04.txt,train,F12,1,15.0,975,2,1,2,1,0,0,0,,g00,pre100_post200
600,SA04/F12_SA04_R05.txt,train,F12,1,15.0,939,2,1,2,1,1,1,0,1.39,g00,pre100_post200
601,SA04/F13_SA04_R01.txt,train,F13,1,15.0,1190,1,1,1,1,1,1,0,0.45,g00,pre100_post200
602,SA04/F13_SA04_R02.txt,train,F13,1,15.0,1101,2,1,2,1,1,1,0,1.26,g00,pre100_post200
603,SA04/F13_SA04_R03.txt,train,F13,1,15.0,1047,4,1,4,1,0,0,0,,g00,pre100_post200
604,SA04/F13_SA04_R04.txt,train,F13,1,15.0,907,2,1,2,1,1,0,1,,g00,pre100_post200
605,SA04/F13_SA04_R05.txt,train,F13,1,15.0,930,2,1,2,1,0,0,0,,g00,pre100_post200
606,SA04/F14_SA04_R01.txt,train,F14,1,15.0,661,1,1,1,1,1,1,0,0.97,g00,pre100_post200
607,SA04/F14_SA04_R02.txt,train,F14,1,15.0,870,1,1,1,1,1,1,0,1.0,g00,pre100_post200
608,SA04/F14_SA04_R03.txt,train,F14,1,15.0,577,1,1,1,1,1,1,0,0.935,g00,pre100_post200
609,SA04/F14_SA04_R04.txt,train,F14,1,15.0,714,1,1,1,1,1,1,0,0.98,g00,pre100_post200
610,SA04/F14_SA04_R05.txt,train,F14,1,15.0,994,1,1,1,1,1,1,0,0.995,g00,pre100_post200
611,SA04/F15_SA04_R01.txt,train,F15,1,15.0,663,2,1,2,1,1,1,0,0.895,g00,pre100_post200
612,SA04/F15_SA04_R02.txt,train,F15,1,15.0,1174,1,1,1,1,1,1,0,0.93,g00,pre100_post200
613,SA04/F15_SA04_R03.txt,train,F15,1,15.0,1048,1,1,1,1,1,1,0,0.39,g00,pre100_post200
614,SA04/F15_SA04_R04.txt,train,F15,1,15.0,1153,1,1,1,1,1,1,0,0.395,g00,pre100_post200
615,SA04/F15_SA04_R05.txt,train,F15,1,15.0,922,1,1,1,1,1,1,0,0.96,g00,pre100_post200
924,SA07/D01_SA07_R01.txt,train,D01,0,99.995,6091,56,0,55,0,0,0,0,,g00,pre100_post200
925,SA07/D02_SA07_R01.txt,train,D02,0,100.0,3863,57,0,55,0,0,0,0,,g00,pre100_post200
926,SA07/D03_SA07_R01.txt,train,D03,0,100.0,11197,62,0,60,0,0,0,0,,g00,pre100_post200
927,SA07/D04_SA07_R01.txt,train,D04,0,99.995,13327,62,0,60,0,49,0,49,,g00,pre100_post200
928,SA07/D05_SA07_R01.txt,train,D05,0,25.0,3281,10,0,10,0,0,0,0,,g00,pre100_post200
929,SA07/D05_SA07_R02.txt,train,D05,0,25.0,4669,12,0,12,0,0,0,0,,g00,pre100_post200
930,SA07/D05_SA07_R03.txt,train,D05,0,24.995,3047,10,0,10,0,0,0,0,,g00,pre100_post200
931,SA07/D05_SA07_R04.txt,train,D05,0,25.0,3430,12,0,12,0,0,0,0,,g00,pre100_post200
932,SA07/D05_SA07_R05.txt,train,D05,0,24.995,1609,10,0,10,0,0,0,0,,g00,pre100_post200
933,SA07/D06_SA07_R01.txt,train,D06,0,25.0,2667,7,0,7,0,0,0,0,,g00,pre100_post200
934,SA07/D06_SA07_R02.txt,train,D06,0,25.0,2965,6,0,6,0,0,0,0,,g00,pre100_post200
935,SA07/D06_SA07_R03.txt,train,D06,0,25.0,2713,8,0,8,0,0,0,0,,g00,pre100_post200
936,SA07/D06_SA07_R04.txt,train,D06,0,25.0,3240,7,0,7,0,0,0,0,,g00,pre100_post200
937,SA07/D06_SA07_R05.txt,train,D06,0,25.0,3077,6,0,6,0,0,0,0,,g00,pre100_post200
938,SA07/D07_SA07_R01.txt,train,D07,0,12.0,1539,2,0,2,0,0,0,0,,g00,pre100_post200
939,SA07/D07_SA07_R02.txt,train,D07,0,12.0,1366,2,0,2,0,0,0,0,,g00,pre100_post200
940,SA07/D07_SA07_R03.txt,train,D07,0,12.0,1823,2,0,2,0,0,0,0,,g00,pre100_post200
941,SA07/D07_SA07_R04.txt,train,D07,0,12.0,1603,2,0,2,0,0,0,0,,g00,pre100_post200
942,SA07/D07_SA07_R05.txt,train,D07,0,12.0,971,2,0,2,0,0,0,0,,g00,pre100_post200
943,SA07/D08_SA07_R01.txt,train,D08,0,12.0,714,2,0,2,0,0,0,0,,g00,pre100_post200
944,SA07/D08_SA07_R02.txt,train,D08,0,12.0,828,2,0,2,0,0,0,0,,g00,pre100_post200
945,SA07/D08_SA07_R03.txt,train,D08,0,12.0,591,2,0,2,0,0,0,0,,g00,pre100_post200
946,SA07/D08_SA07_R04.txt,train,D08,0,12.0,552,2,0,2,0,0,0,0,,g00,pre100_post200
947,SA07/D08_SA07_R05.txt,train,D08,0,12.0,540,2,0,2,0,0,0,0,,g00,pre100_post200
948,SA07/D09_SA07_R01.txt,train,D09,0,12.0,1549,2,0,2,0,0,0,0,,g00,pre100_post200
949,SA07/D09_SA07_R02.txt,train,D09,0,12.0,809,2,0,2,0,0,0,0,,g00,pre100_post200
950,SA07/D09_SA07_R03.txt,train,D09,0,12.0,1668,2,0,2,0,0,0,0,,g00,pre100_post200
951,SA07/D09_SA07_R04.txt,train,D09,0,12.0,1846,2,0,2,0,0,0,0,,g00,pre100_post200
952,SA07/D09_SA07_R05.txt,train,D09,0,12.0,1449,2,0,2,0,0,0,0,,g00,pre100_post200
953,SA07/D10_SA07_R01.txt,train,D10,0,12.0,700,2,0,2,0,0,0,0,,g00,pre100_post200
954,SA07/D10_SA07_R02.txt,train,D10,0,12.0,622,2,0,2,0,0,0,0,,g00,pre100_post200
955,SA07/D10_SA07_R03.txt,train,D10,0,12.0,514,2,0,2,0,0,0,0,,g00,pre100_post200
956,SA07/D10_SA07_R04.txt,train,D10,0,12.0,489,2,0,2,0,0,0,0,,g00,pre100_post200
957,SA07/D10_SA07_R05.txt,train,D10,0,12.0,548,2,0,2,0,0,0,0,,g00,pre100_post200
958,SA07/D11_SA07_R01.txt,train,D11,0,11.995,1138,1,0,1,0,0,0,0,,g00,pre100_post200
959,SA07/D11_SA07_R02.txt,train,D11,0,12.0,1013,1,0,1,0,0,0,0,,g00,pre100_post200
960,SA07/D11_SA07_R03.txt,train,D11,0,12.0,1246,1,0,1,0,0,0,0,,g00,pre100_post200
961,SA07/D11_SA07_R04.txt,train,D11,0,12.0,1338,1,0,1,0,0,0,0,,g00,pre100_post200
962,SA07/D11_SA07_R05.txt,train,D11,0,12.0,1721,1,0,1,0,0,0,0,,g00,pre100_post200
963,SA07/D12_SA07_R01.txt,train,D12,0,12.0,1518,0,0,0,0,0,0,0,,g00,pre100_post200
964,SA07/D12_SA07_R02.txt,train,D12,0,12.0,1567,0,0,0,0,0,0,0,,g00,pre100_post200
965,SA07/D12_SA07_R03.txt,train,D12,0,12.0,909,0,0,0,0,0,0,0,,g00,pre100_post200
966,SA07/D12_SA07_R04.txt,train,D12,0,12.0,1465,0,0,0,0,0,0,0,,g00,pre100_post200
967,SA07/D12_SA07_R05.txt,train,D12,0,12.0,1127,0,0,0,0,0,0,0,,g00,pre100_post200
968,SA07/D13_SA07_R01.txt,train,D13,0,12.0,737,1,0,1,0,0,0,0,,g00,pre100_post200
969,SA07/D13_SA07_R02.txt,train,D13,0,12.0,900,2,0,2,0,0,0,0,,g00,pre100_post200
970,SA07/D13_SA07_R03.txt,train,D13,0,12.0,895,1,0,1,0,0,0,0,,g00,pre100_post200
971,SA07/D13_SA07_R04.txt,train,D13,0,12.0,657,1,0,1,0,0,0,0,,g00,pre100_post200
972,SA07/D13_SA07_R05.txt,train,D13,0,12.0,581,2,0,2,0,0,0,0,,g00,pre100_post200
973,SA07/D14_SA07_R01.txt,train,D14,0,12.0,1054,0,0,0,0,0,0,0,,g00,pre100_post200
974,SA07/D14_SA07_R02.txt,train,D14,0,12.0,1039,0,0,0,0,0,0,0,,g00,pre100_post200
975,SA07/D14_SA07_R03.txt,train,D14,0,12.0,1182,0,0,0,0,0,0,0,,g00,pre100_post200
976,SA07/D14_SA07_R04.txt,train,D14,0,12.0,1192,0,0,0,0,0,0,0,,g00,pre100_post200
977,SA07/D14_SA07_R05.txt,train,D14,0,12.0,919,0,0,0,0,0,0,0,,g00,pre100_post200
978,SA07/D15_SA07_R01.txt,train,D15,0,11.995,671,2,0,2,0,0,0,0,,g00,pre100_post200
979,SA07/D15_SA07_R02.txt,train,D15,0,12.0,666,2,0,2,0,0,0,0,,g00,pre100_post200
980,SA07/D15_SA07_R03.txt,train,D15,0,12.0,1795,0,0,0,0,0,0,0,,g00,pre100_post200
981,SA07/D15_SA07_R04.txt,train,D15,0,12.0,807,2,0,2,0,0,0,0,,g00,pre100_post200
982,SA07/D15_SA07_R05.txt,train,D15,0,12.0,2213,2,0,2,0,0,0,0,,g00,pre100_post200
983,SA07/D16_SA07_R01.txt,train,D16,0,12.0,1453,0,0,0,0,0,0,0,,g00,pre100_post200
984,SA07/D16_SA07_R02.txt,train,D16,0,12.0,1657,0,0,0,0,0,0,0,,g00,pre100_post200
985,SA07/D16_SA07_R03.txt,train,D16,0,12.0,1181,0,0,0,0,0,0,0,,g00,pre100_post200
986,SA07/D16_SA07_R04.txt,train,D16,0,12.0,1508,0,0,0,0,0,0,0,,g00,pre100_post200
987,SA07/D16_SA07_R05.txt,train,D16,0,12.0,2042,0,0,0,0,0,0,0,,g00,pre100_post200
988,SA07/D17_SA07_R01.txt,train,D17,0,25.0,1592,3,0,3,0,0,0,0,,g00,pre100_post200
989,SA07/D17_SA07_R02.txt,train,D17,0,25.0,3631,2,0,2,0,0,0,0,,g00,pre100_post200
990,SA07/D17_SA07_R03.txt,train,D17,0,25.0,3839,2,0,2,0,0,0,0,,g00,pre100_post200
991,SA07/D17_SA07_R04.txt,train,D17,0,25.0,1146,3,0,3,0,0,0,0,,g00,pre100_post200
992,SA07/D17_SA07_R05.txt,train,D17,0,25.0,4085,1,0,1,0,0,0,0,,g00,pre100_post200
993,SA07/D18_SA07_R01.txt,train,D18,0,11.995,1158,7,0,6,0,0,0,0,,g00,pre100_post200
994,SA07/D18_SA07_R02.txt,train,D18,0,12.0,1015,7,0,6,0,0,0,0,,g00,pre100_post200
995,SA07/D18_SA07_R03.txt,train,D18,0,12.0,1225,6,0,6,0,0,0,0,,g00,pre100_post200
996,SA07/D18_SA07_R04.txt,train,D18,0,12.0,1330,7,0,6,0,0,0,0,,g00,pre100_post200
997,SA07/D18_SA07_R05.txt,train,D18,0,12.0,1546,6,0,5,0,0,0,0,,g00,pre100_post200
998,SA07/D19_SA07_R01.txt,train,D19,0,12.0,586,2,0,2,0,0,0,0,,g00,pre100_post200
999,SA07/D19_SA07_R02.txt,train,D19,0,12.0,626,2,0,2,0,0,0,0,,g00,pre100_post200
1000,SA07/D19_SA07_R03.txt,train,D19,0,12.0,1231,2,0,2,0,0,0,0,,g00,pre100_post200
1001,SA07/D19_SA07_R04.txt,train,D19,0,12.0,1363,2,0,2,0,0,0,0,,g00,pre100_post200
1002,SA07/D19_SA07_R05.txt,train,D19,0,12.0,1994,2,0,2,0,0,0,0,,g00,pre100_post200
1003,SA07/F01_SA07_R01.txt,train,F01,1,15.0,1449,5,1,5,1,1,1,0,0.84,g00,pre100_post200
1004,SA07/F01_SA07_R02.txt,train,F01,1,15.0,1394,5,1,5,1,1,1,0,1.395,g00,pre100_post200
1005,SA07/F01_SA07_R03.txt,train,F01,1,15.0,1215,7,1,7,1,1,1,0,0.47,g00,pre100_post200
1006,SA07/F01_SA07_R04.txt,train,F01,1,15.0,1319,4,1,4,1,1,1,0,0.715,g00,pre100_post200
1007,SA07/F01_SA07_R05.txt,train,F01,1,15.0,1321,5,1,5,1,1,1,0,1.57,g00,pre100_post200
1008,SA07/F02_SA07_R01.txt,train,F02,1,15.0,1212,4,1,4,1,1,1,0,0.505,g00,pre100_post200
1009,SA07/F02_SA07_R02.txt,train,F02,1,15.0,1437,5,1,5,1,1,1,0,1.18,g00,pre100_post200
1010,SA07/F02_SA07_R03.txt,train,F02,1,15.0,1339,5,1,5,1,1,1,0,1.485,g00,pre100_post200
1011,SA07/F02_SA07_R04.txt,train,F02,1,15.0,1525,6,1,6,1,1,1,0,0.395,g00,pre100_post200
1012,SA07/F02_SA07_R05.txt,train,F02,1,15.0,1547,6,1,6,1,1,1,0,0.35,g00,pre100_post200
1013,SA07/F03_SA07_R01.txt,train,F03,1,15.0,1002,4,1,4,1,1,1,0,0.32,g00,pre100_post200
1014,SA07/F03_SA07_R02.txt,train,F03,1,15.0,1370,5,1,5,1,1,1,0,1.635,g00,pre100_post200
1015,SA07/F03_SA07_R03.txt,train,F03,1,15.0,1246,4,1,4,1,1,1,0,0.885,g00,pre100_post200
1016,SA07/F03_SA07_R04.txt,train,F03,1,15.0,1442,5,1,5,1,0,0,0,,g00,pre100_post200
1017,SA07/F03_SA07_R05.txt,train,F03,1,15.0,1221,4,1,4,1,1,1,0,1.31,g00,pre100_post200
1018,SA07/F04_SA07_R01.txt,train,F04,1,15.0,1412,5,1,5,1,1,1,0,1.245,g00,pre100_post200
1019,SA07/F04_SA07_R02.txt,train,F04,1,15.0,1494,5,1,5,1,1,1,0,0.87,g00,pre100_post200
1020,SA07/F04_SA07_R03.txt,train,F04,1,15.0,1358,5,1,5,1,0,0,0,,g00,pre100_post200
1021,SA07/F04_SA07_R04.txt,train,F04,1,15.0,1340,5,1,5,1,1,1,0,1.635,g00,pre100_post200
1022,SA07/F04_SA07_R05.txt,train,F04,1,15.0,1388,5,1,5,1,0,0,0,,g00,pre100_post200
1023,SA07/F05_SA07_R01.txt,train,F05,1,15.0,987,5,1,5,1,1,1,0,0.25,g00,pre100_post200
1024,SA07/F05_SA07_R02.txt,train,F05,1,15.0,1024,4,1,4,1,1,1,0,0.25,g00,pre100_post200
1025,SA07/F05_SA07_R03.txt,train,F05,1,15.0,929,4,1,3,1,1,1,0,0.1,g00,pre100_post200
1026,SA07/F05_SA07_R04.txt,train,F05,1,15.0,951,5,1,5,1,1,1,0,0.57,g00,pre100_post200
1027,SA07/F05_SA07_R05.txt,train,F05,1,15.0,1042,4,1,4,1,1,1,0,1.31,g00,pre100_post200
1028,SA07/F06_SA07_R01.txt,train,F06,1,15.0,1852,6,1,6,1,1,1,0,0.995,g00,pre100_post200
1029,SA07/F06_SA07_R02.txt,train,F06,1,15.0,2068,7,1,7,1,1,1,0,1.385,g00,pre100_post200
1030,SA07/F06_SA07_R03.txt,train,F06,1,14.995,1625,5,1,5,1,1,1,0,0.98,g00,pre100_post200
1031,SA07/F06_SA07_R04.txt,train,F06,1,15.0,1759,6,1,6,1,1,1,0,0.975,g00,pre100_post200
1032,SA07/F06_SA07_R05.txt,train,F06,1,15.0,2026,6,1,6,1,1,1,0,0.295,g00,pre100_post200
1033,SA07/F07_SA07_R01.txt,train,F07,1,15.0,1886,6,1,6,1,1,1,0,1.185,g00,pre100_post200
1034,SA07/F07_SA07_R02.txt,train,F07,1,15.0,1654,6,0,6,0,0,0,0,,g00,pre100_post200
1035,SA07/F07_SA07_R03.txt,train,F07,1,15.0,1823,6,1,6,1,1,1,0,0.995,g00,pre100_post200
1036,SA07/F07_SA07_R04.txt,train,F07,1,15.0,1591,5,1,5,1,1,1,0,0.87,g00,pre100_post200
1037,SA07/F07_SA07_R05.txt,train,F07,1,15.0,1849,5,1,5,1,1,1,0,0.85,g00,pre100_post200
1038,SA07/F08_SA07_R01.txt,train,F08,1,15.0,676,2,1,2,1,1,1,0,0.905,g00,pre100_post200
1039,SA07/F08_SA07_R02.txt,train,F08,1,15.0,895,2,1,2,1,1,1,0,1.295,g00,pre100_post200
1040,SA07/F08_SA07_R03.txt,train,F08,1,15.0,1285,2,1,2,1,1,1,0,0.97,g00,pre100_post200
1041,SA07/F08_SA07_R04.txt,train,F08,1,15.0,996,2,1,2,1,1,1,0,0.81,g00,pre100_post200
1042,SA07/F08_SA07_R05.txt,train,F08,1,15.0,1110,2,1,2,1,1,1,0,1.3,g00,pre100_post200
1043,SA07/F09_SA07_R01.txt,train,F09,1,15.0,1239,2,1,2,1,1,1,0,0.97,g00,pre100_post200
1044,SA07/F09_SA07_R02.txt,train,F09,1,15.0,1199,2,1,2,1,1,1,0,0.95,g00,pre100_post200
1045,SA07/F09_SA07_R03.txt,train,F09,1,15.0,1482,2,1,2,1,1,1,0,0.97,g00,pre100_post200
1046,SA07/F09_SA07_R04.txt,train,F09,1,15.0,1523,2,1,2,1,1,1,0,1.01,g00,pre100_post200
1047,SA07/F09_SA07_R05.txt,train,F09,1,15.0,1377,2,1,2,1,1,1,0,0.88,g00,pre100_post200
1048,SA07/F10_SA07_R01.txt,train,F10,1,15.0,994,2,1,2,1,1,1,0,0.665,g00,pre100_post200
1049,SA07/F10_SA07_R02.txt,train,F10,1,15.0,996,3,1,3,1,1,1,0,1.205,g00,pre100_post200
1050,SA07/F10_SA07_R03.txt,train,F10,1,15.0,1224,3,1,3,1,1,1,0,0.605,g00,pre100_post200
1051,SA07/F10_SA07_R04.txt,train,F10,1,15.0,1250,3,1,3,1,1,1,0,0.97,g00,pre100_post200
1052,SA07/F10_SA07_R05.txt,train,F10,1,15.0,1417,1,1,1,1,1,1,0,0.705,g00,pre100_post200
1053,SA07/F11_SA07_R01.txt,train,F11,1,14.995,563,1,1,1,1,1,1,0,0.97,g00,pre100_post200
1054,SA07/F11_SA07_R02.txt,train,F11,1,15.0,1045,1,1,1,1,1,1,0,0.97,g00,pre100_post200
1055,SA07/F11_SA07_R03.txt,train,F11,1,15.0,966,2,1,2,1,1,1,0,1.18,g00,pre100_post200
1056,SA07/F11_SA07_R04.txt,train,F11,1,15.0,927,3,1,3,1,1,1,0,1.18,g00,pre100_post200
1057,SA07/F11_SA07_R05.txt,train,F11,1,15.0,966,1,1,1,1,1,1,0,0.995,g00,pre100_post200
1058,SA07/F12_SA07_R01.txt,train,F12,1,15.0,1179,2,1,2,1,1,1,0,0.97,g00,pre100_post200
1059,SA07/F12_SA07_R02.txt,train,F12,1,15.0,1070,2,1,2,1,1,1,0,1.65,g00,pre100_post200
1060,SA07/F12_SA07_R03.txt,train,F12,1,15.0,1022,2,1,2,1,0,0,0,,g00,pre100_post200
1061,SA07/F12_SA07_R04.txt,train,F12,1,15.0,1083,2,1,2,1,1,1,0,0.96,g00,pre100_post200
1062,SA07/F12_SA07_R05.txt,train,F12,1,15.0,971,2,1,2,1,1,1,0,0.97,g00,pre100_post200
1063,SA07/F13_SA07_R01.txt,train,F13,1,15.0,1055,2,1,2,1,1,1,0,0.11,g00,pre100_post200
1064,SA07/F13_SA07_R02.txt,train,F13,1,15.0,1198,2,1,2,1,1,1,0,0.445,g00,pre100_post200
1065,SA07/F13_SA07_R03.txt,train,F13,1,15.0,1382,3,1,2,1,1,1,0,1.295,g00,pre100_post200
1066,SA07/F13_SA07_R04.txt,train,F13,1,15.0,1283,2,1,2,1,1,1,0,0.73,g00,pre100_post200
1067,SA07/F13_SA07_R05.txt,train,F13,1,15.0,1239,6,1,5,1,0,0,0,,g00,pre100_post200
1068,SA07/F14_SA07_R01.txt,train,F14,1,15.0,729,1,1,1,1,1,1,0,1.01,g00,pre100_post200
1069,SA07/F14_SA07_R02.txt,train,F14,1,15.0,935,1,1,1,1,1,1,0,0.83,g00,pre100_post200
1070,SA07/F14_SA07_R03.txt,train,F14,1,15.0,975,1,1,1,1,1,1,0,0.995,g00,pre100_post200
1071,SA07/F14_SA07_R04.txt,train,F14,1,15.0,805,1,1,1,1,1,1,0,1.0,g00,pre100_post200
1072,SA07/F14_SA07_R05.txt,train,F14,1,14.995,938,2,1,1,1,1,1,0,0.865,g00,pre100_post200
1073,SA07/F15_SA07_R01.txt,train,F15,1,15.03,2430,1,1,1,1,1,1,0,0.96,g00,pre100_post200
1074,SA07/F15_SA07_R02.txt,train,F15,1,15.0,1191,1,1,1,1,1,1,0,0.985,g00,pre100_post200
1075,SA07/F15_SA07_R03.txt,train,F15,1,15.0,1298,1,1,1,1,1,1,0,0.985,g00,pre100_post200
1076,SA07/F15_SA07_R04.txt,train,F15,1,15.0,974,1,1,1,1,0,0,0,,g00,pre100_post200
1077,SA07/F15_SA07_R05.txt,train,F15,1,15.0,1280,1,1,1,1,0,0,0,,g00,pre100_post200
1386,SA10/D01_SA10_R01.txt,train,D01,0,99.995,15555,50,0,48,0,0,0,0,,g00,pre100_post200
1387,SA10/D02_SA10_R01.txt,train,D02,0,100.0,632,60,0,60,0,0,0,0,,g00,pre100_post200
1388,SA10/D03_SA10_R01.txt,train,D03,0,100.0,1720,60,0,60,0,0,0,0,,g00,pre100_post200
1389,SA10/D04_SA10_R01.txt,train,D04,0,100.0,3329,62,0,60,0,0,0,0,,g00,pre100_post200
1390,SA10/D05_SA10_R01.txt,train,D05,0,24.995,2488,8,0,8,0,0,0,0,,g00,pre100_post200
1391,SA10/D05_SA10_R02.txt,train,D05,0,25.0,2229,10,0,10,0,0,0,0,,g00,pre100_post200
1392,SA10/D05_SA10_R03.txt,train,D05,0,25.0,2430,11,0,11,0,0,0,0,,g00,pre100_post200
1393,SA10/D05_SA10_R04.txt,train,D05,0,25.0,4134,12,0,12,0,0,0,0,,g00,pre100_post200
1394,SA10/D05_SA10_R05.txt,train,D05,0,25.0,2781,10,0,10,0,0,0,0,,g00,pre100_post200
1395,SA10/D06_SA10_R01.txt,train,D06,0,24.995,1368,5,0,5,0,0,0,0,,g00,pre100_post200
1396,SA10/D06_SA10_R02.txt,train,D06,0,25.0,355,6,0,6,0,0,0,0,,g00,pre100_post200
1397,SA10/D06_SA10_R03.txt,train,D06,0,25.0,694,6,0,6,0,0,0,0,,g00,pre100_post200
1398,SA10/D06_SA10_R04.txt,train,D06,0,25.025,1666,6,0,6,0,0,0,0,,g00,pre100_post200
1399,SA10/D06_SA10_R05.txt,train,D06,0,25.0,322,6,0,6,0,0,0,0,,g00,pre100_post200
1400,SA10/D07_SA10_R01.txt,train,D07,0,12.0,1712,2,0,2,0,0,0,0,,g00,pre100_post200
1401,SA10/D07_SA10_R02.txt,train,D07,0,12.0,1404,2,0,2,0,0,0,0,,g00,pre100_post200
1402,SA10/D07_SA10_R03.txt,train,D07,0,12.0,1680,2,0,2,0,0,0,0,,g00,pre100_post200
1403,SA10/D07_SA10_R04.txt,train,D07,0,12.0,1441,2,0,2,0,0,0,0,,g00,pre100_post200
1404,SA10/D07_SA10_R05.txt,train,D07,0,12.0,1417,2,0,2,0,0,0,0,,g00,pre100_post200
1405,SA10/D08_SA10_R01.txt,train,D08,0,12.0,1279,2,0,2,0,0,0,0,,g00,pre100_post200
1406,SA10/D08_SA10_R02.txt,train,D08,0,12.0,1095,2,0,2,0,0,0,0,,g00,pre100_post200
1407,SA10/D08_SA10_R03.txt,train,D08,0,12.0,722,3,0,3,0,0,0,0,,g00,pre100_post200
1408,SA10/D08_SA10_R04.txt,train,D08,0,12.0,496,2,0,2,0,0,0,0,,g00,pre100_post200
1409,SA10/D08_SA10_R05.txt,train,D08,0,11.995,1124,2,0,2,0,0,0,0,,g00,pre100_post200
1410,SA10/D09_SA10_R01.txt,train,D09,0,11.995,990,2,0,2,0,0,0,0,,g00,pre100_post200
1411,SA10/D09_SA10_R02.txt,train,D09,0,12.0,829,2,0,2,0,0,0,0,,g00,pre100_post200
1412,SA10/D09_SA10_R03.txt,train,D09,0,12.0,906,2,0,2,0,0,0,0,,g00,pre100_post200
1413,SA10/D09_SA10_R04.txt,train,D09,0,12.0,811,2,0,2,0,0,0,0,,g00,pre100_post200
1414,SA10/D09_SA10_R05.txt,train,D09,0,12.0,796,2,0,2,0,0,0,0,,g00,pre100_post200
1415,SA10/D10_SA10_R01.txt,train,D10,0,12.0,681,2,0,2,0,0,0,0,,g00,pre100_post200
1416,SA10/D10_SA10_R02.txt,train,D10,0,12.0,529,2,0,2,0,0,0,0,,g00,pre100_post200
1417,SA10/D10_SA10_R03.txt,train,D10,0,12.0,1030,2,0,2,0,0,0,0,,g00,pre100_post200
1418,SA10/D10_SA10_R04.txt,train,D10,0,12.0,528,2,0,2,0,0,0,0,,g00,pre100_post200
1419,SA10/D10_SA10_R05.txt,train,D10,0,12.0,1242,2,0,2,0,0,0,0,,g00,pre100_post200
1420,SA10/D11_SA10_R01.txt,train,D11,0,11.995,830,1,0,1,0,0,0,0,,g00,pre100_post200
1421,SA10/D11_SA10_R02.txt,train,D11,0,12.0,834,1,0,1,0,0,0,0,,g00,pre100_post200
1422,SA10/D11_SA10_R03.txt,train,D11,0,12.0,777,1,0,1,0,0,0,0,,g00,pre100_post200
1423,SA10/D11_SA10_R04.txt,train,D11,0,12.0,835,1,0,1,0,0,0,0,,g00,pre100_post200
1424,SA10/D11_SA10_R05.txt,train,D11,0,12.0,1059,1,0,1,0,0,0,0,,g00,pre100_post200
1425,SA10/D12_SA10_R01.txt,train,D12,0,12.0,1894,0,0,0,0,0,0,0,,g00,pre100_post200
1426,SA10/D12_SA10_R02.txt,train,D12,0,12.0,540,0,0,0,0,0,0,0,,g00,pre100_post200
1427,SA10/D12_SA10_R03.txt,train,D12,0,12.0,1432,0,0,0,0,0,0,0,,g00,pre100_post200
1428,SA10/D12_SA10_R04.txt,train,D12,0,12.0,1744,0,0,0,0,0,0,0,,g00,pre100_post200
1429,SA10/D12_SA10_R05.txt,train,D12,0,12.0,1588,1,0,1,0,0,0,0,,g00,pre100_post200
1430,SA10/D13_SA10_R01.txt,train,D13,0,12.0,1349,2,0,2,0,0,0,0,,g00,pre100_post200
1431,SA10/D13_SA10_R02.txt,train,D13,0,12.0,1490,3,0,3,0,0,0,0,,g00,pre100_post200
1432,SA10/D13_SA10_R03.txt,train,D13,0,12.0,1515,2,0,2,0,0,0,0,,g00,pre100_post200
1433,SA10/D13_SA10_R04.txt,train,D13,0,12.0,1200,2,0,2,0,0,0,0,,g00,pre100_post200
1434,SA10/D13_SA10_R05.txt,train,D13,0,12.0,1235,3,0,3,0,0,0,0,,g00,pre100_post200
1435,SA10/D14_SA10_R01.txt,train,D14,0,12.0,820,1,0,1,0,0,0,0,,g00,pre100_post200
1436,SA10/D14_SA10_R02.txt,train,D14,0,12.0,878,1,0,1,0,0,0,0,,g00,pre100_post200
1437,SA10/D14_SA10_R03.txt,train,D14,0,12.0,961,1,0,1,0,0,0,0,,g00,pre100_post200
1438,SA10/D14_SA10_R04.txt,train,D14,0,12.0,1687,0,0,0,0,0,0,0,,g00,pre100_post200
1439,SA10/D14_SA10_R05.txt,train,D14,0,12.0,1375,0,0,0,0,0,0,0,,g00,pre100_post200
1440,SA10/D15_SA10_R01.txt,train,D15,0,12.0,597,2,0,2,0,0,0,0,,g00,pre100_post200
1441,SA10/D15_SA10_R02.txt,train,D15,0,12.0,1328,2,0,2,0,0,0,0,,g00,pre100_post200
1442,SA10/D15_SA10_R03.txt,train,D15,0,12.0,557,2,0,2,0,0,0,0,,g00,pre100_post200
1443,SA10/D15_SA10_R04.txt,train,D15,0,12.0,524,2,0,2,0,0,0,0,,g00,pre100_post200
1444,SA10/D15_SA10_R05.txt,train,D15,0,12.0,1104,2,0,2,0,0,0,0,,g00,pre100_post200
1445,SA10/D16_SA10_R01.txt,train,D16,0,11.995,776,2,0,2,0,0,0,0,,g00,pre100_post200
1446,SA10/D16_SA10_R02.txt,train,D16,0,12.0,833,2,0,2,0,0,0,0,,g00,pre100_post200
1447,SA10/D16_SA10_R03.txt,train,D16,0,12.0,644,2,0,2,0,0,0,0,,g00,pre100_post200
1448,SA10/D16_SA10_R04.txt,train,D16,0,12.0,549,2,0,2,0,0,0,0,,g00,pre100_post200
1449,SA10/D16_SA10_R05.txt,train,D16,0,12.0,584,3,0,3,0,0,0,0,,g00,pre100_post200
1450,SA10/D17_SA10_R01.txt,train,D17,0,24.995,1391,4,0,4,0,0,0,0,,g00,pre100_post200
1451,SA10/D17_SA10_R02.txt,train,D17,0,25.0,2394,3,0,3,0,0,0,0,,g00,pre100_post200
1452,SA10/D17_SA10_R03.txt,train,D17,0,25.0,2484,4,0,4,0,0,0,0,,g00,pre100_post200
1453,SA10/D17_SA10_R04.txt,train,D17,0,25.0,2610,4,0,4,0,0,0,0,,g00,pre100_post200
1454,SA10/D17_SA10_R05.txt,train,D17,0,25.0,2146,3,0,3,0,0,0,0,,g00,pre100_post200
1455,SA10/D18_SA10_R01.txt,train,D18,0,12.0,585,7,0,6,0,0,0,0,,g00,pre100_post200
1456,SA10/D18_SA10_R02.txt,train,D18,0,12.0,839,6,0,6,0,0,0,0,,g00,pre100_post200
1457,SA10/D18_SA10_R03.txt,train,D18,0,12.0,1072,7,0,6,0,0,0,0,,g00,pre100_post200
1458,SA10/D18_SA10_R04.txt,train,D18,0,12.0,526,7,0,6,0,0,0,0,,g00,pre100_post200
1459,SA10/D18_SA10_R05.txt,train,D18,0,11.995,1425,6,0,6,0,0,0,0,,g00,pre100_post200
1460,SA10/D19_SA10_R01.txt,train,D19,0,12.0,553,2,0,2,0,0,0,0,,g00,pre100_post200
1461,SA10/D19_SA10_R02.txt,train,D19,0,12.0,554,3,0,3,0,0,0,0,,g00,pre100_post200
1462,SA10/D19_SA10_R03.txt,train,D19,0,12.0,1257,3,0,3,0,0,0,0,,g00,pre100_post200
1463,SA10/D19_SA10_R04.txt,train,D19,0,12.0,1331,2,0,2,0,0,0,0,,g00,pre100_post200
1464,SA10/D19_SA10_R05.txt,train,D19,0,12.0,520,2,0,2,0,0,0,0,,g00,pre100_post200
1465,SA10/F01_SA10_R01.txt,train,F01,1,14.995,985,4,1,3,1,1,0,1,,g00,pre100_post200
1466,SA10/F01_SA10_R02.txt,train,F01,1,15.0,1224,4,1,4,1,1,1,0,1.02,g00,pre100_post200
1467,SA10/F01_SA10_R03.txt,train,F01,1,15.0,1121,5,1,5,1,1,1,0,0.885,g00,pre100_post200
1468,SA10/F01_SA10_R04.txt,train,F01,1,15.0,1095,5,1,5,1,1,1,0,1.24,g00,pre100_post200
1469,SA10/F01_SA10_R05.txt,train,F01,1,15.0,1228,6,1,6,1,1,1,0,0.49,g00,pre100_post200
1470,SA10/F02_SA10_R01.txt,train,F02,1,15.0,933,3,1,3,1,1,1,0,0.995,g00,pre100_post200
1471,SA10/F02_SA10_R02.txt,train,F02,1,15.0,1041,3,1,3,1,1,1,0,0.42,g00,pre100_post200
1472,SA10/F02_SA10_R03.txt,train,F02,1,15.0,992,3,1,3,1,1,1,0,0.5,g00,pre100_post200
1473,SA10/F02_SA10_R04.txt,train,F02,1,15.0,1246,4,1,4,1,1,1,0,1.015,g00,pre100_post200
1474,SA10/F02_SA10_R05.txt,train,F02,1,15.0,1052,4,1,4,1,1,1,0,1.18,g00,pre100_post200
1475,SA10/F03_SA10_R01.txt,train,F03,1,15.0,1377,5,1,5,1,0,0,0,,g00,pre100_post200
1476,SA10/F03_SA10_R02.txt,train,F03,1,15.0,1432,5,1,5,1,1,1,0,0.18,g00,pre100_post200
1477,SA10/F03_SA10_R03.txt,train,F03,1,15.0,1143,4,1,4,1,1,1,0,1.01,g00,pre100_post200
1478,SA10/F03_SA10_R04.txt,train,F03,1,15.0,1267,5,1,5,1,1,1,0,0.86,g00,pre100_post200
1479,SA10/F03_SA10_R05.txt,train,F03,1,15.0,1130,4,1,4,1,0,0,0,,g00,pre100_post200
1480,SA10/F04_SA10_R01.txt,train,F04,1,15.0,1173,4,1,4,1,1,1,0,0.84,g00,pre100_post200
1481,SA10/F04_SA10_R02.txt,train,F04,1,15.0,1108,4,1,3,1,1,1,0,0.98,g00,pre100_post200
1482,SA10/F04_SA10_R03.txt,train,F04,1,15.0,1184,5,1,5,1,1,1,0,0.46,g00,pre100_post200
1483,SA10/F04_SA10_R04.txt,train,F04,1,15.0,1400,5,1,5,1,1,1,0,0.41,g00,pre100_post200
1484,SA10/F04_SA10_R05.txt,train,F04,1,15.0,1347,5,1,4,1,2,1,1,0.065,g00,pre100_post200
1485,SA10/F05_SA10_R01.txt,train,F05,1,15.0,962,5,1,5,1,1,1,0,0.27,g00,pre100_post200
1486,SA10/F05_SA10_R02.txt,train,F05,1,15.0,1064,5,1,5,1,0,0,0,,g00,pre100_post200
1487,SA10/F05_SA10_R03.txt,train,F05,1,15.0,1042,4,1,4,1,1,1,0,1.495,g00,pre100_post200
1488,SA10/F05_SA10_R04.txt,train,F05,1,15.0,893,3,1,3,1,1,1,0,0.815,g00,pre100_post200
1489,SA10/F05_SA10_R05.txt,train,F05,1,15.0,1134,4,1,3,1,1,1,0,0.575,g00,pre100_post200
1490,SA10/F06_SA10_R01.txt,train,F06,1,14.995,1387,5,1,5,1,1,1,0,0.555,g00,pre100_post200
1491,SA10/F06_SA10_R02.txt,train,F06,1,15.0,1294,5,1,5,1,1,1,0,0.695,g00,pre100_post200
1492,SA10/F06_SA10_R03.txt,train,F06,1,15.0,1261,4,1,4,1,1,1,0,1.035,g00,pre100_post200
1493,SA10/F06_SA10_R04.txt,train,F06,1,15.0,1490,5,1,5,1,1,1,0,1.295,g00,pre100_post200
1494,SA10/F06_SA10_R05.txt,train,F06,1,15.0,1288,4,1,3,1,1,1,0,0.83,g00,pre100_post200
1495,SA10/F07_SA10_R01.txt,train,F07,1,15.0,1303,5,1,5,1,1,1,0,0.245,g00,pre100_post200
1496,SA10/F07_SA10_R02.txt,train,F07,1,15.0,1234,5,1,5,1,1,1,0,0.83,g00,pre100_post200
1497,SA10/F07_SA10_R03.txt,train,F07,1,15.0,1443,5,1,5,1,1,1,0,0.915,g00,pre100_post200
1498,SA10/F07_SA10_R04.txt,train,F07,1,15.0,1437,5,1,5,1,0,0,0,,g00,pre100_post200
1499,SA10/F07_SA10_R05.txt,train,F07,1,15.0,1622,5,1,5,1,0,0,0,,g00,pre100_post200
1500,SA10/F08_SA10_R01.txt,train,F08,1,14.995,970,2,1,2,1,1,1,0,1.275,g00,pre100_post200
1501,SA10/F08_SA10_R02.txt,train,F08,1,15.0,1334,2,1,2,1,1,1,0,1.27,g00,pre100_post200
1502,SA10/F08_SA10_R03.txt,train,F08,1,14.995,1114,2,1,2,1,1,1,0,0.995,g00,pre100_post200
1503,SA10/F08_SA10_R04.txt,train,F08,1,15.0,1329,2,1,2,1,1,1,0,1.41,g00,pre100_post200
1504,SA10/F08_SA10_R05.txt,train,F08,1,15.0,1309,2,1,2,1,1,1,0,1.215,g00,pre100_post200
1505,SA10/F09_SA10_R01.txt,train,F09,1,15.0,1085,2,1,2,1,1,1,0,1.505,g00,pre100_post200
1506,SA10/F09_SA10_R02.txt,train,F09,1,15.0,1243,2,1,2,1,1,1,0,1.185,g00,pre100_post200
1507,SA10/F09_SA10_R03.txt,train,F09,1,15.0,1454,2,1,2,1,1,1,0,1.0,g00,pre100_post200
1508,SA10/F09_SA10_R04.txt,train,F09,1,15.0,1237,2,1,2,1,1,1,0,1.015,g00,pre100_post200
1509,SA10/F09_SA10_R05.txt,train,F09,1,15.0,1307,6,1,5,1,1,1,0,0.965,g00,pre100_post200
1510,SA10/F10_SA10_R01.txt,train,F10,1,15.0,596,3,1,3,1,1,1,0,1.645,g00,pre100_post200
1511,SA10/F10_SA10_R02.txt,train,F10,1,15.0,861,3,1,3,1,1,1,0,0.345,g00,pre100_post200
1512,SA10/F10_SA10_R03.txt,train,F10,1,15.0,968,5,1,5,1,1,1,0,1.21,g00,pre100_post200
1513,SA10/F10_SA10_R04.txt,train,F10,1,15.0,1131,2,1,2,1,1,1,0,1.285,g00,pre100_post200
1514,SA10/F10_SA10_R05.txt,train,F10,1,15.0,998,2,1,2,1,0,0,0,,g00,pre100_post200
1515,SA10/F11_SA10_R01.txt,train,F11,1,14.995,1015,2,1,2,1,1,1,0,1.185,g00,pre100_post200
1516,SA10/F11_SA10_R02.txt,train,F11,1,15.0,1027,1,1,1,1,1,1,0,0.315,g00,pre100_post200
1517,SA10/F11_SA10_R03.txt,train,F11,1,15.0,707,1,1,1,1,0,0,0,,g00,pre100_post200
1518,SA10/F11_SA10_R04.txt,train,F11,1,15.0,895,1,1,1,1,0,0,0,,g00,pre100_post200
1519,SA10/F11_SA10_R05.txt,train,F11,1,15.0,968,1,1,1,1,1,1,0,0.895,g00,pre100_post200
1520,SA10/F12_SA10_R01.txt,train,F12,1,14.995,795,2,1,2,1,1,1,0,0.99,g00,pre100_post200
1521,SA10/F12_SA10_R02.txt,train,F12,1,15.0,739,2,1,2,1,1,1,0,0.87,g00,pre100_post200
1522,SA10/F12_SA10_R03.txt,train,F12,1,15.0,645,2,1,2,1,1,1,0,0.88,g00,pre100_post200
1523,SA10/F12_SA10_R04.txt,train,F12,1,15.0,468,2,1,2,1,0,0,0,,g00,pre100_post200
1524,SA10/F12_SA10_R05.txt,train,F12,1,15.0,675,2,1,2,1,0,0,0,,g00,pre100_post200
1525,SA10/F13_SA10_R01.txt,train,F13,1,15.0,763,1,1,1,1,1,1,0,0.515,g00,pre100_post200
1526,SA10/F13_SA10_R02.txt,train,F13,1,15.0,695,2,1,2,1,1,1,0,0.11,g00,pre100_post200
1527,SA10/F13_SA10_R03.txt,train,F13,1,15.0,554,2,1,2,1,1,1,0,0.805,g00,pre100_post200
1528,SA10/F13_SA10_R04.txt,train,F13,1,15.0,802,2,1,2,1,0,0,0,,g00,pre100_post200
1529,SA10/F13_SA10_R05.txt,train,F13,1,15.0,932,2,1,2,1,1,1,0,1.25,g00,pre100_post200
1530,SA10/F14_SA10_R01.txt,train,F14,1,15.0,933,1,1,1,1,0,0,0,,g00,pre100_post200
1531,SA10/F14_SA10_R02.txt,train,F14,1,15.0,1057,1,1,1,1,1,1,0,0.995,g00,pre100_post200
1532,SA10/F14_SA10_R03.txt,train,F14,1,15.0,1034,1,1,1,1,1,1,0,0.985,g00,pre100_post200
1533,SA10/F14_SA10_R04.txt,train,F14,1,15.0,1074,1,1,1,1,1,1,0,0.97,g00,pre100_post200
1534,SA10/F14_SA10_R05.txt,train,F14,1,15.0,1133,1,1,1,1,0,0,0,,g00,pre100_post200
1535,SA10/F15_SA10_R01.txt,train,F15,1,15.0,1104,1,1,1,1,1,1,0,0.43,g00,pre100_post200
1536,SA10/F15_SA10_R02.txt,train,F15,1,15.0,1074,1,1,1,1,0,0,0,,g00,pre100_post200
1537,SA10/F15_SA10_R03.txt,train,F15,1,14.995,1226,1,1,1,1,0,0,0,,g00,pre100_post200
1538,SA10/F15_SA10_R04.txt,train,F15,1,15.0,1260,1,1,1,1,1,1,0,0.955,g00,pre100_post200
1539,SA10/F15_SA10_R05.txt,train,F15,1,15.0,1464,1,1,1,1,1,1,0,0.875,g00,pre100_post200
1540,SA11/D01_SA11_R01.txt,train,D01,0,99.995,15985,60,0,60,0,0,0,0,,g00,pre100_post200
1541,SA11/D02_SA11_R01.txt,train,D02,0,100.0,17860,61,0,60,0,0,0,0,,g00,pre100_post200
1542,SA11/D03_SA11_R01.txt,train,D03,0,99.995,18245,61,0,60,0,0,0,0,,g00,pre100_post200
1543,SA11/D04_SA11_R01.txt,train,D04,0,100.0,17463,62,0,62,0,0,0,0,,g00,pre100_post200
1544,SA11/D05_SA11_R01.txt,train,D05,0,24.995,2962,10,0,10,0,0,0,0,,g00,pre100_post200
1545,SA11/D05_SA11_R02.txt,train,D05,0,25.0,4307,11,0,11,0,0,0,0,,g00,pre100_post200
1546,SA11/D05_SA11_R03.txt,train,D05,0,25.0,3035,11,0,11,0,0,0,0,,g00,pre100_post200
1547,SA11/D05_SA11_R04.txt,train,D05,0,24.995,3005,10,0,10,0,0,0,0,,g00,pre100_post200
1548,SA11/D05_SA11_R05.txt,train,D05,0,25.0,3684,11,0,11,0,0,0,0,,g00,pre100_post200
1549,SA11/D06_SA11_R01.txt,train,D06,0,24.995,364,5,0,5,0,0,0,0,,g00,pre100_post200
1550,SA11/D06_SA11_R02.txt,train,D06,0,25.0,758,6,0,6,0,0,0,0,,g00,pre100_post200
1551,SA11/D06_SA11_R03.txt,train,D06,0,25.0,693,5,0,5,0,1,0,1,,g00,pre100_post200
1552,SA11/D06_SA11_R04.txt,train,D06,0,25.0,737,5,0,5,0,2,0,2,,g00,pre100_post200
1553,SA11/D06_SA11_R05.txt,train,D06,0,25.0,255,6,0,6,0,1,0,1,,g00,pre100_post200
1554,SA11/D07_SA11_R01.txt,train,D07,0,12.0,763,2,0,2,0,0,0,0,,g00,pre100_post200
1555,SA11/D07_SA11_R02.txt,train,D07,0,12.0,1148,2,0,2,0,0,0,0,,g00,pre100_post200
1556,SA11/D07_SA11_R03.txt,train,D07,0,12.0,987,2,0,2,0,0,0,0,,g00,pre100_post200
1557,SA11/D07_SA11_R04.txt,train,D07,0,12.0,1580,2,0,2,0,0,0,0,,g00,pre100_post200
1558,SA11/D07_SA11_R05.txt,train,D07,0,12.0,854,2,0,2,0,0,0,0,,g00,pre100_post200
1559,SA11/D08_SA11_R01.txt,train,D08,0,12.0,607,2,0,2,0,0,0,0,,g00,pre100_post200
1560,SA11/D08_SA11_R02.txt,train,D08,0,12.0,597,2,0,2,0,0,0,0,,g00,pre100_post200
1561,SA11/D08_SA11_R03.txt,train,D08,0,12.0,767,2,0,2,0,0,0,0,,g00,pre100_post200
1562,SA11/D08_SA11_R04.txt,train,D08,0,12.0,548,2,0,2,0,0,0,0,,g00,pre100_post200
1563,SA11/D08_SA11_R05.txt,train,D08,0,12.0,212,2,0,2,0,0,0,0,,g00,pre100_post200
1564,SA11/D09_SA11_R01.txt,train,D09,0,12.0,911,2,0,2,0,0,0,0,,g00,pre100_post200
1565,SA11/D09_SA11_R02.txt,train,D09,0,12.0,1841,2,0,2,0,0,0,0,,g00,pre100_post200
1566,SA11/D09_SA11_R03.txt,train,D09,0,12.0,1648,2,0,2,0,0,0,0,,g00,pre100_post200
1567,SA11/D09_SA11_R04.txt,train,D09,0,12.0,1852,2,0,2,0,0,0,0,,g00,pre100_post200
1568,SA11/D09_SA11_R05.txt,train,D09,0,12.0,1573,2,0,2,0,0,0,0,,g00,pre100_post200
1569,SA11/D10_SA11_R01.txt,train,D10,0,12.0,278,2,0,2,0,0,0,0,,g00,pre100_post200
1570,SA11/D10_SA11_R02.txt,train,D10,0,12.0,695,2,0,2,0,0,0,0,,g00,pre100_post200
1571,SA11/D10_SA11_R03.txt,train,D10,0,12.0,1601,2,0,2,0,0,0,0,,g00,pre100_post200
1572,SA11/D10_SA11_R04.txt,train,D10,0,12.0,1601,2,0,2,0,0,0,0,,g00,pre100_post200
1573,SA11/D10_SA11_R05.txt,train,D10,0,12.0,1783,2,0,2,0,0,0,0,,g00,pre100_post200
1574,SA11/D11_SA11_R01.txt,train,D11,0,11.995,1213,1,0,1,0,0,0,0,,g00,pre100_post200
1575,SA11/D11_SA11_R02.txt,train,D11,0,12.0,1449,1,0,1,0,0,0,0,,g00,pre100_post200
1576,SA11/D11_SA11_R03.txt,train,D11,0,12.0,1060,1,0,1,0,0,0,0,,g00,pre100_post200
1577,SA11/D11_SA11_R04.txt,train,D11,0,12.0,1385,1,0,1,0,0,0,0,,g00,pre100_post200
1578,SA11/D11_SA11_R05.txt,train,D11,0,12.0,1284,1,0,1,0,0,0,0,,g00,pre100_post200
1579,SA11/D12_SA11_R01.txt,train,D12,0,11.995,119,0,0,0,0,0,0,0,,g00,pre100_post200
1580,SA11/D12_SA11_R02.txt,train,D12,0,12.0,1690,0,0,0,0,0,0,0,,g00,pre100_post200
1581,SA11/D12_SA11_R03.txt,train,D12,0,12.0,930,0,0,0,0,0,0,0,,g00,pre100_post200
1582,SA11/D12_SA11_R04.txt,train,D12,0,12.0,1991,0,0,0,0,0,0,0,,g00,pre100_post200
1583,SA11/D12_SA11_R05.txt,train,D12,0,12.0,1586,0,0,0,0,0,0,0,,g00,pre100_post200
1584,SA11/D13_SA11_R01.txt,train,D13,0,12.0,1278,2,0,2,0,0,0,0,,g00,pre100_post200
1585,SA11/D13_SA11_R02.txt,train,D13,0,12.0,1703,2,0,2,0,0,0,0,,g00,pre100_post200
1586,SA11/D13_SA11_R03.txt,train,D13,0,12.0,1044,0,0,0,0,0,0,0,,g00,pre100_post200
1587,SA11/D13_SA11_R04.txt,train,D13,0,12.0,1807,2,0,2,0,0,0,0,,g00,pre100_post200
1588,SA11/D13_SA11_R05.txt,train,D13,0,12.0,2252,2,0,2,0,0,0,0,,g00,pre100_post200
1589,SA11/D14_SA11_R01.txt,train,D14,0,12.0,1964,2,0,2,0,0,0,0,,g00,pre100_post200
1590,SA11/D14_SA11_R02.txt,train,D14,0,12.0,2200,2,0,2,0,0,0,0,,g00,pre100_post200
1591,SA11/D14_SA11_R03.txt,train,D14,0,12.0,812,2,0,2,0,0,0,0,,g00,pre100_post200
1592,SA11/D14_SA11_R04.txt,train,D14,0,12.0,934,3,0,3,0,0,0,0,,g00,pre100_post200
1593,SA11/D14_SA11_R05.txt,train,D14,0,12.0,1717,2,0,2,0,0,0,0,,g00,pre100_post200
1594,SA11/D15_SA11_R01.txt,train,D15,0,12.0,1634,2,0,2,0,0,0,0,,g00,pre100_post200
1595,SA11/D15_SA11_R02.txt,train,D15,0,12.0,1509,2,0,2,0,0,0,0,,g00,pre100_post200
1596,SA11/D15_SA11_R03.txt,train,D15,0,12.0,1663,2,0,2,0,0,0,0,,g00,pre100_post200
1597,SA11/D15_SA11_R04.txt,train,D15,0,12.0,1796,2,0,2,0,0,0,0,,g00,pre100_post200
1598,SA11/D15_SA11_R05.txt,train,D15,0,12.0,1011,2,0,2,0,0,0,0,,g00,pre100_post200
1599,SA11/D16_SA11_R01.txt,train,D16,0,11.995,79,0,0,0,0,0,0,0,,g00,pre100_post200
1600,SA11/D16_SA11_R02.txt,train,D16,0,12.0,1097,0,0,0,0,0,0,0,,g00,pre100_post200
1601,SA11/D16_SA11_R03.txt,train,D16,0,12.0,1071,0,0,0,0,0,0,0,,g00,pre100_post200
1602,SA11/D16_SA11_R04.txt,train,D16,0,12.0,2120,0,0,0,0,0,0,0,,g00,pre100_post200
1603,SA11/D16_SA11_R05.txt,train,D16,0,12.0,2233,0,0,0,0,0,0,0,,g00,pre100_post200
1604,SA11/D17_SA11_R01.txt,train,D17,0,24.995,3220,2,0,2,0,0,0,0,,g00,pre100_post200
1605,SA11/D17_SA11_R02.txt,train,D17,0,25.0,1154,1,0,1,0,0,0,0,,g00,pre100_post200
1606,SA11/D17_SA11_R03.txt,train,D17,0,25.0,2378,2,0,2,0,0,0,0,,g00,pre100_post200
1607,SA11/D17_SA11_R04.txt,train,D17,0,25.0,1692,2,0,2,0,0,0,0,,g00,pre100_post200
1608,SA11/D17_SA11_R05.txt,train,D17,0,25.0,1961,1,0,1,0,0,0,0,,g00,pre100_post200
1609,SA11/D18_SA11_R01.txt,train,D18,0,12.0,905,6,0,5,0,1,0,1,,g00,pre100_post200
1610,SA11/D18_SA11_R02.txt,train,D18,0,12.0,1111,5,0,5,0,1,0,1,,g00,pre100_post200
1611,SA11/D18_SA11_R03.txt,train,D18,0,12.0,896,6,0,6,0,1,0,1,,g00,pre100_post200
1612,SA11/D18_SA11_R04.txt,train,D18,0,12.0,1267,6,0,5,0,1,0,1,,g00,pre100_post200
1613,SA11/D18_SA11_R05.txt,train,D18,0,12.0,1172,6,0,6,0,1,0,1,,g00,pre100_post200
1614,SA11/D19_SA11_R01.txt,train,D19,0,12.0,1556,2,0,2,0,0,0,0,,g00,pre100_post200
1615,SA11/D19_SA11_R02.txt,train,D19,0,12.0,1360,2,0,2,0,0,0,0,,g00,pre100_post200
1616,SA11/D19_SA11_R03.txt,train,D19,0,12.0,1821,2,0,2,0,0,0,0,,g00,pre100_post200
1617,SA11/D19_SA11_R04.txt,train,D19,0,12.0,891,3,0,3,0,0,0,0,,g00,pre100_post200
1618,SA11/D19_SA11_R05.txt,train,D19,0,12.0,1683,2,0,2,0,1,0,1,,g00,pre100_post200
1619,SA11/F01_SA11_R01.txt,train,F01,1,15.0,1000,4,1,3,1,1,1,0,1.24,g00,pre100_post200
1620,SA11/F01_SA11_R02.txt,train,F01,1,15.0,1285,5,1,5,1,1,1,0,0.355,g00,pre100_post200
1621,SA11/F01_SA11_R03.txt,train,F01,1,15.0,1025,4,1,3,1,1,1,0,1.21,g00,pre100_post200
1622,SA11/F01_SA11_R04.txt,train,F01,1,15.0,1030,3,1,3,1,1,1,0,0.125,g00,pre100_post200
1623,SA11/F01_SA11_R05.txt,train,F01,1,14.995,1038,4,1,4,1,1,1,0,1.335,g00,pre100_post200
1624,SA11/F02_SA11_R01.txt,train,F02,1,15.0,931,3,1,3,1,1,1,0,0.49,g00,pre100_post200
1625,SA11/F02_SA11_R02.txt,train,F02,1,15.0,823,3,1,3,1,1,1,0,0.885,g00,pre100_post200
1626,SA11/F02_SA11_R03.txt,train,F02,1,15.0,803,3,1,2,1,1,1,0,0.67,g00,pre100_post200
1627,SA11/F02_SA11_R04.txt,train,F02,1,15.0,787,3,1,3,1,1,1,0,0.7,g00,pre100_post200
1628,SA11/F02_SA11_R05.txt,train,F02,1,15.0,897,4,1,3,1,1,1,0,1.505,g00,pre100_post200
1629,SA11/F03_SA11_R01.txt,train,F03,1,15.0,1102,4,1,4,1,0,0,0,,g00,pre100_post200
1630,SA11/F03_SA11_R02.txt,train,F03,1,15.0,1095,4,1,4,1,1,1,0,1.295,g00,pre100_post200
1631,SA11/F03_SA11_R03.txt,train,F03,1,15.0,1048,4,1,4,1,1,1,0,1.2,g00,pre100_post200
1632,SA11/F03_SA11_R04.txt,train,F03,1,15.0,1064,4,1,4,1,1,1,0,1.345,g00,pre100_post200
1633,SA11/F03_SA11_R05.txt,train,F03,1,15.0,1096,4,1,4,1,1,1,0,0.81,g00,pre100_post200
1634,SA11/F04_SA11_R01.txt,train,F04,1,15.0,1350,4,1,4,1,1,1,0,0.235,g00,pre100_post200
1635,SA11/F04_SA11_R02.txt,train,F04,1,15.0,1327,4,1,4,1,1,1,0,0.39,g00,pre100_post200
1636,SA11/F04_SA11_R03.txt,train,F04,1,15.0,1319,4,1,3,1,1,1,0,0.335,g00,pre100_post200
1637,SA11/F04_SA11_R04.txt,train,F04,1,15.0,1421,5,1,5,1,1,1,0,1.28,g00,pre100_post200
1638,SA11/F04_SA11_R05.txt,train,F04,1,15.0,1275,4,1,4,1,1,1,0,0.965,g00,pre100_post200
1639,SA11/F05_SA11_R01.txt,train,F05,1,15.0,1321,5,1,4,1,1,1,0,0.935,g00,pre100_post200
1640,SA11/F05_SA11_R02.txt,train,F05,1,14.995,1269,4,1,4,1,1,1,0,0.055,g00,pre100_post200
1641,SA11/F05_SA11_R03.txt,train,F05,1,15.0,1416,5,1,5,1,1,1,0,1.245,g00,pre100_post200
1642,SA11/F05_SA11_R04.txt,train,F05,1,15.0,1276,4,1,4,1,1,1,0,0.835,g00,pre100_post200
1643,SA11/F05_SA11_R05.txt,train,F05,1,15.0,1333,5,1,4,1,1,1,0,1.035,g00,pre100_post200
1644,SA11/F06_SA11_R01.txt,train,F06,1,14.995,1439,4,0,4,0,1,0,1,,g00,pre100_post200
1645,SA11/F06_SA11_R02.txt,train,F06,1,15.0,1559,5,1,5,1,1,1,0,1.31,g00,pre100_post200
1646,SA11/F06_SA11_R03.txt,train,F06,1,15.0,1345,4,1,4,1,1,1,0,0.995,g00,pre100_post200
1647,SA11/F06_SA11_R04.txt,train,F06,1,15.0,1556,5,1,5,1,1,1,0,1.21,g00,pre100_post200
1648,SA11/F06_SA11_R05.txt,train,F06,1,15.0,1501,5,1,5,1,1,1,0,1.25,g00,pre100_post200
1649,SA11/F07_SA11_R01.txt,train,F07,1,15.0,1310,4,1,4,1,1,1,0,0.965,g00,pre100_post200
1650,SA11/F07_SA11_R02.txt,train,F07,1,15.0,1285,4,1,4,1,1,1,0,0.925,g00,pre100_post200
1651,SA11/F07_SA11_R03.txt,train,F07,1,15.0,1344,4,1,4,1,1,1,0,0.965,g00,pre100_post200
1652,SA11/F07_SA11_R04.txt,train,F07,1,15.0,1201,4,1,4,1,1,1,0,0.895,g00,pre100_post200
1653,SA11/F07_SA11_R05.txt,train,F07,1,15.0,1361,5,1,4,1,1,1,0,1.275,g00,pre100_post200
1654,SA11/F08_SA11_R01.txt,train,F08,1,15.0,1319,2,1,2,1,0,0,0,,g00,pre100_post200
1655,SA11/F08_SA11_R02.txt,train,F08,1,15.0,1593,2,1,2,1,0,0,0,,g00,pre100_post200
1656,SA11/F08_SA11_R03.txt,train,F08,1,15.0,1475,2,1,2,1,0,0,0,,g00,pre100_post200
1657,SA11/F08_SA11_R04.txt,train,F08,1,15.0,1482,2,1,2,1,1,1,0,1.185,g00,pre100_post200
1658,SA11/F08_SA11_R05.txt,train,F08,1,15.0,1437,2,1,2,1,1,1,0,1.415,g00,pre100_post200
1659,SA11/F09_SA11_R01.txt,train,F09,1,15.0,1168,2,1,2,1,1,1,0,1.37,g00,pre100_post200
1660,SA11/F09_SA11_R02.txt,train,F09,1,15.0,1452,2,1,2,1,1,1,0,1.24,g00,pre100_post200
1661,SA11/F09_SA11_R03.txt,train,F09,1,15.0,1522,2,1,2,1,1,1,0,1.19,g00,pre100_post200
1662,SA11/F09_SA11_R04.txt,train,F09,1,15.0,1324,2,1,2,1,0,0,0,,g00,pre100_post200
1663,SA11/F09_SA11_R05.txt,train,F09,1,15.0,1375,2,1,2,1,1,1,0,1.21,g00,pre100_post200
1664,SA11/F10_SA11_R01.txt,train,F10,1,15.0,906,1,1,1,1,1,1,0,0.845,g00,pre100_post200
1665,SA11/F10_SA11_R02.txt,train,F10,1,15.0,656,1,1,1,1,1,1,0,0.98,g00,pre100_post200
1666,SA11/F10_SA11_R03.txt,train,F10,1,15.0,1243,1,1,1,1,1,1,0,0.685,g00,pre100_post200
1667,SA11/F10_SA11_R04.txt,train,F10,1,15.0,1258,2,1,1,1,1,1,0,0.49,g00,pre100_post200
1668,SA11/F10_SA11_R05.txt,train,F10,1,15.0,918,1,1,1,1,1,1,0,0.535,g00,pre100_post200
1669,SA11/F11_SA11_R01.txt,train,F11,1,14.995,1181,1,1,1,1,1,1,0,0.96,g00,pre100_post200
1670,SA11/F11_SA11_R02.txt,train,F11,1,15.0,1088,1,1,1,1,1,1,0,0.955,g00,pre100_post200
1671,SA11/F11_SA11_R03.txt,train,F11,1,15.0,839,1,1,1,1,1,1,0,0.99,g00,pre100_post200
1672,SA11/F11_SA11_R04.txt,train,F11,1,15.0,843,1,1,1,1,1,1,0,0.99,g00,pre100_post200
1673,SA11/F11_SA11_R05.txt,train,F11,1,15.0,1391,1,1,1,1,1,1,0,0.98,g00,pre100_post200
1674,SA11/F12_SA11_R01.txt,train,F12,1,15.0,856,1,1,1,1,1,1,0,0.985,g00,pre100_post200
1675,SA11/F12_SA11_R02.txt,train,F12,1,15.0,1008,1,1,1,1,1,1,0,0.99,g00,pre100_post200
1676,SA11/F12_SA11_R03.txt,train,F12,1,15.0,1092,1,1,1,1,1,1,0,0.98,g00,pre100_post200
1677,SA11/F12_SA11_R04.txt,train,F12,1,15.0,588,1,1,1,1,1,1,0,1.0,g00,pre100_post200
1678,SA11/F12_SA11_R05.txt,train,F12,1,15.0,1095,1,1,1,1,1,1,0,0.995,g00,pre100_post200
1679,SA11/F13_SA11_R01.txt,train,F13,1,14.995,871,1,1,1,1,1,1,0,0.73,g00,pre100_post200
1680,SA11/F13_SA11_R02.txt,train,F13,1,15.0,1016,1,1,1,1,1,1,0,0.325,g00,pre100_post200
1681,SA11/F13_SA11_R03.txt,train,F13,1,15.0,834,1,1,1,1,1,1,0,0.84,g00,pre100_post200
1682,SA11/F13_SA11_R04.txt,train,F13,1,15.0,674,1,1,1,1,1,1,0,0.875,g00,pre100_post200
1683,SA11/F13_SA11_R05.txt,train,F13,1,15.0,1420,1,1,1,1,1,1,0,0.215,g00,pre100_post200
1684,SA11/F14_SA11_R01.txt,train,F14,1,15.0,885,1,1,1,1,1,1,0,0.985,g00,pre100_post200
1685,SA11/F14_SA11_R02.txt,train,F14,1,15.0,1223,1,1,1,1,1,1,0,0.755,g00,pre100_post200
1686,SA11/F14_SA11_R03.txt,train,F14,1,15.0,1323,1,1,1,1,0,0,0,,g00,pre100_post200
1687,SA11/F14_SA11_R04.txt,train,F14,1,15.0,1080,1,1,1,1,1,1,0,0.985,g00,pre100_post200
1688,SA11/F14_SA11_R05.txt,train,F14,1,15.0,1314,1,1,1,1,1,1,0,0.78,g00,pre100_post200
1689,SA11/F15_SA11_R01.txt,train,F15,1,15.0,1140,1,1,1,1,1,1,0,0.935,g00,pre100_post200
1690,SA11/F15_SA11_R02.txt,train,F15,1,15.0,1394,2,1,2,1,1,1,0,1.19,g00,pre100_post200
1691,SA11/F15_SA11_R03.txt,train,F15,1,15.0,926,1,1,1,1,1,1,0,0.93,g00,pre100_post200
1692,SA11/F15_SA11_R04.txt,train,F15,1,15.0,1387,1,1,1,1,1,1,0,0.425,g00,pre100_post200
1693,SA11/F15_SA11_R05.txt,train,F15,1,15.0,1057,1,1,1,1,1,1,0,0.78,g00,pre100_post200
1694,SA12/D01_SA12_R01.txt,train,D01,0,99.995,7532,48,0,48,0,0,0,0,,g00,pre100_post200
1695,SA12/D02_SA12_R01.txt,train,D02,0,100.0,15830,58,0,57,0,0,0,0,,g00,pre100_post200
1696,SA12/D03_SA12_R01.txt,train,D03,0,100.0,10571,64,0,62,0,0,0,0,,g00,pre100_post200
1697,SA12/D04_SA12_R01.txt,train,D04,0,100.0,19272,58,0,57,0,0,0,0,,g00,pre100_post200
1698,SA12/D05_SA12_R01.txt,train,D05,0,25.0,3431,10,0,10,0,0,0,0,,g00,pre100_post200
1699,SA12/D05_SA12_R02.txt,train,D05,0,25.0,3428,10,0,10,0,0,0,0,,g00,pre100_post200
1700,SA12/D05_SA12_R03.txt,train,D05,0,25.0,1612,10,0,10,0,0,0,0,,g00,pre100_post200
1701,SA12/D05_SA12_R04.txt,train,D05,0,25.0,177,10,0,10,0,0,0,0,,g00,pre100_post200
1702,SA12/D05_SA12_R05.txt,train,D05,0,25.0,4092,11,0,11,0,0,0,0,,g00,pre100_post200
1703,SA12/D06_SA12_R01.txt,train,D06,0,24.995,2756,5,0,5,0,0,0,0,,g00,pre100_post200
1704,SA12/D06_SA12_R02.txt,train,D06,0,25.0,967,5,0,5,0,0,0,0,,g00,pre100_post200
1705,SA12/D06_SA12_R03.txt,train,D06,0,25.0,1272,5,0,5,0,0,0,0,,g00,pre100_post200
1706,SA12/D06_SA12_R04.txt,train,D06,0,25.0,1442,6,0,6,0,0,0,0,,g00,pre100_post200
1707,SA12/D06_SA12_R05.txt,train,D06,0,25.0,3091,5,0,5,0,0,0,0,,g00,pre100_post200
1708,SA12/D07_SA12_R01.txt,train,D07,0,12.0,2126,0,0,0,0,0,0,0,,g00,pre100_post200
1709,SA12/D07_SA12_R02.txt,train,D07,0,12.0,2255,0,0,0,0,0,0,0,,g00,pre100_post200
1710,SA12/D07_SA12_R03.txt,train,D07,0,12.0,1312,0,0,0,0,0,0,0,,g00,pre100_post200
1711,SA12/D07_SA12_R04.txt,train,D07,0,12.0,1425,0,0,0,0,0,0,0,,g00,pre100_post200
1712,SA12/D07_SA12_R05.txt,train,D07,0,12.0,1433,0,0,0,0,0,0,0,,g00,pre100_post200
1713,SA12/D08_SA12_R01.txt,train,D08,0,12.0,538,2,0,2,0,0,0,0,,g00,pre100_post200
1714,SA12/D08_SA12_R02.txt,train,D08,0,12.0,728,2,0,2,0,0,0,0,,g00,pre100_post200
1715,SA12/D08_SA12_R03.txt,train,D08,0,12.0,736,2,0,2,0,0,0,0,,g00,pre100_post200
1716,SA12/D08_SA12_R04.txt,train,D08,0,12.0,635,2,0,2,0,0,0,0,,g00,pre100_post200
1717,SA12/D08_SA12_R05.txt,train,D08,0,12.0,699,2,0,2,0,0,0,0,,g00,pre100_post200
1718,SA12/D09_SA12_R01.txt,train,D09,0,12.0,723,2,0,2,0,0,0,0,,g00,pre100_post200
1719,SA12/D09_SA12_R02.txt,train,D09,0,12.0,823,2,0,2,0,0,0,0,,g00,pre100_post200
1720,SA12/D09_SA12_R03.txt,train,D09,0,11.995,1964,1,0,1,0,0,0,0,,g00,pre100_post200
1721,SA12/D09_SA12_R04.txt,train,D09,0,12.0,1109,2,0,2,0,0,0,0,,g00,pre100_post200
1722,SA12/D09_SA12_R05.txt,train,D09,0,12.0,708,2,0,2,0,0,0,0,,g00,pre100_post200
1723,SA12/D10_SA12_R01.txt,train,D10,0,12.0,573,2,0,2,0,0,0,0,,g00,pre100_post200
1724,SA12/D10_SA12_R02.txt,train,D10,0,12.0,764,2,0,2,0,0,0,0,,g00,pre100_post200
1725,SA12/D10_SA12_R03.txt,train,D10,0,12.0,701,2,0,2,0,0,0,0,,g00,pre100_post200
1726,SA12/D10_SA12_R04.txt,train,D10,0,12.0,762,2,0,2,0,0,0,0,,g00,pre100_post200
1727,SA12/D10_SA12_R05.txt,train,D10,0,12.0,478,2,0,2,0,0,0,0,,g00,pre100_post200
1728,SA12/D11_SA12_R01.txt,train,D11,0,11.995,1062,1,0,1,0,0,0,0,,g00,pre100_post200
1729,SA12/D11_SA12_R02.txt,train,D11,0,12.0,1161,1,0,1,0,0,0,0,,g00,pre100_post200
1730,SA12/D11_SA12_R03.txt,train,D11,0,12.0,1186,1,0,1,0,0,0,0,,g00,pre100_post200
1731,SA12/D11_SA12_R04.txt,train,D11,0,12.0,950,1,0,1,0,0,0,0,,g00,pre100_post200
1732,SA12/D11_SA12_R05.txt,train,D11,0,12.0,981,1,0,1,0,0,0,0,,g00,pre100_post200
1733,SA12/D12_SA12_R01.txt,train,D12,0,12.0,1503,0,0,0,0,0,0,0,,g00,pre100_post200
1734,SA12/D12_SA12_R02.txt,train,D12,0,12.0,1427,0,0,0,0,0,0,0,,g00,pre100_post200
1735,SA12/D12_SA12_R03.txt,train,D12,0,12.0,813,0,0,0,0,0,0,0,,g00,pre100_post200
1736,SA12/D12_SA12_R04.txt,train,D12,0,12.0,923,0,0,0,0,0,0,0,,g00,pre100_post200
1737,SA12/D12_SA12_R05.txt,train,D12,0,12.0,773,0,0,0,0,0,0,0,,g00,pre100_post200
1738,SA12/D13_SA12_R01.txt,train,D13,0,12.0,575,1,0,1,0,0,0,0,,g00,pre100_post200
1739,SA12/D13_SA12_R02.txt,train,D13,0,12.0,681,1,0,1,0,0,0,0,,g00,pre100_post200
1740,SA12/D13_SA12_R03.txt,train,D13,0,12.0,703,0,0,0,0,0,0,0,,g00,pre100_post200
1741,SA12/D13_SA12_R04.txt,train,D13,0,12.0,1283,1,0,1,0,0,0,0,,g00,pre100_post200
1742,SA12/D13_SA12_R05.txt,train,D13,0,12.0,729,2,0,2,0,0,0,0,,g00,pre100_post200
1743,SA12/D14_SA12_R01.txt,train,D14,0,12.0,811,2,0,2,0,0,0,0,,g00,pre100_post200
1744,SA12/D14_SA12_R02.txt,train,D14,0,12.0,1821,2,0,2,0,0,0,0,,g00,pre100_post200
1745,SA12/D14_SA12_R03.txt,train,D14,0,12.0,1677,2,0,2,0,0,0,0,,g00,pre100_post200
1746,SA12/D14_SA12_R04.txt,train,D14,0,12.0,633,1,0,1,0,0,0,0,,g00,pre100_post200
1747,SA12/D14_SA12_R05.txt,train,D14,0,12.0,589,1,0,1,0,0,0,0,,g00,pre100_post200
1748,SA12/D15_SA12_R01.txt,train,D15,0,12.0,1075,1,0,1,0,0,0,0,,g00,pre100_post200
1749,SA12/D15_SA12_R02.txt,train,D15,0,12.0,1276,2,0,2,0,0,0,0,,g00,pre100_post200
1750,SA12/D15_SA12_R03.txt,train,D15,0,12.0,1217,1,0,1,0,0,0,0,,g00,pre100_post200
1751,SA12/D15_SA12_R04.txt,train,D15,0,12.0,1209,1,0,1,0,0,0,0,,g00,pre100_post200
1752,SA12/D15_SA12_R05.txt,train,D15,0,12.0,1311,1,0,1,0,0,0,0,,g00,pre100_post200
1753,SA12/D16_SA12_R01.txt,train,D16,0,11.995,1678,0,0,0,0,0,0,0,,g00,pre100_post200
1754,SA12/D16_SA12_R02.txt,train,D16,0,12.0,1804,0,0,0,0,0,0,0,,g00,pre100_post200
1755,SA12/D16_SA12_R03.txt,train,D16,0,12.0,2278,0,0,0,0,0,0,0,,g00,pre100_post200
1756,SA12/D16_SA12_R04.txt,train,D16,0,12.0,845,0,0,0,0,0,0,0,,g00,pre100_post200
1757,SA12/D16_SA12_R05.txt,train,D16,0,12.0,1514,0,0,0,0,0,0,0,,g00,pre100_post200
1758,SA12/D17_SA12_R01.txt,train,D17,0,24.995,496,1,0,1,0,0,0,0,,g00,pre100_post200
1759,SA12/D17_SA12_R02.txt,train,D17,0,25.0,3861,0,0,0,0,0,0,0,,g00,pre100_post200
1760,SA12/D17_SA12_R03.txt,train,D17,0,25.0,1190,1,0,1,0,0,0,0,,g00,pre100_post200
1761,SA12/D17_SA12_R04.txt,train,D17,0,25.0,995,3,0,3,0,0,0,0,,g00,pre100_post200
1762,SA12/D17_SA12_R05.txt,train,D17,0,25.0,3783,2,0,2,0,0,0,0,,g00,pre100_post200
1763,SA12/D18_SA12_R01.txt,train,D18,0,12.0,1121,6,0,5,0,1,0,1,,g00,pre100_post200
1764,SA12/D18_SA12_R02.txt,train,D18,0,12.0,1369,6,0,6,0,0,0,0,,g00,pre100_post200
1765,SA12/D18_SA12_R03.txt,train,D18,0,12.0,1525,6,0,5,0,0,0,0,,g00,pre100_post200
1766,SA12/D18_SA12_R04.txt,train,D18,0,12.0,1586,6,0,5,0,0,0,0,,g00,pre100_post200
1767,SA12/D18_SA12_R05.txt,train,D18,0,12.0,1731,6,0,5,0,0,0,0,,g00,pre100_post200
1768,SA12/D19_SA12_R01.txt,train,D19,0,12.0,604,2,0,2,0,0,0,0,,g00,pre100_post200
1769,SA12/D19_SA12_R02.txt,train,D19,0,12.0,772,2,0,2,0,0,0,0,,g00,pre100_post200
1770,SA12/D19_SA12_R03.txt,train,D19,0,12.0,695,2,0,2,0,0,0,0,,g00,pre100_post200
1771,SA12/D19_SA12_R04.txt,train,D19,0,12.0,968,2,0,2,0,0,0,0,,g00,pre100_post200
1772,SA12/D19_SA12_R05.txt,train,D19,0,12.0,1413,2,0,2,0,0,0,0,,g00,pre100_post200
1773,SA12/F01_SA12_R01.txt,train,F01,1,15.0,1472,5,1,5,1,0,0,0,,g00,pre100_post200
1774,SA12/F01_SA12_R02.txt,train,F01,1,15.0,1610,5,1,5,1,0,0,0,,g00,pre100_post200
1775,SA12/F01_SA12_R03.txt,train,F01,1,15.0,1753,5,1,5,1,1,1,0,0.655,g00,pre100_post200
1776,SA12/F01_SA12_R04.txt,train,F01,1,15.0,1831,5,1,5,1,1,1,0,0.525,g00,pre100_post200
1777,SA12/F01_SA12_R05.txt,train,F01,1,15.0,1679,5,1,5,1,0,0,0,,g00,pre100_post200
1778,SA12/F02_SA12_R01.txt,train,F02,1,15.0,2004,6,1,6,1,1,1,0,1.225,g00,pre100_post200
1779,SA12/F02_SA12_R02.txt,train,F02,1,15.0,2202,6,1,6,1,1,1,0,0.755,g00,pre100_post200
1780,SA12/F02_SA12_R03.txt,train,F02,1,15.0,2258,6,1,6,1,1,1,0,0.29,g00,pre100_post200
1781,SA12/F02_SA12_R04.txt,train,F02,1,15.0,1940,5,1,5,1,0,0,0,,g00,pre100_post200
1782,SA12/F02_SA12_R05.txt,train,F02,1,15.0,2004,5,0,5,0,0,0,0,,g00,pre100_post200
1783,SA12/F03_SA12_R01.txt,train,F03,1,15.0,1722,5,1,5,1,1,1,0,0.84,g00,pre100_post200
1784,SA12/F03_SA12_R02.txt,train,F03,1,15.0,1852,5,1,5,1,0,0,0,,g00,pre100_post200
1785,SA12/F03_SA12_R03.txt,train,F03,1,15.0,1894,6,1,6,1,1,1,0,1.79,g00,pre100_post200
1786,SA12/F03_SA12_R04.txt,train,F03,1,15.0,1949,6,1,6,1,1,1,0,1.415,g00,pre100_post200
1787,SA12/F03_SA12_R05.txt,train,F03,1,15.0,2310,6,1,6,1,0,0,0,,g00,pre100_post200
1788,SA12/F04_SA12_R01.txt,train,F04,1,15.0,1606,5,1,5,1,1,1,0,1.345,g00,pre100_post200
1789,SA12/F04_SA12_R02.txt,train,F04,1,15.0,1583,5,1,5,1,1,1,0,1.02,g00,pre100_post200
1790,SA12/F04_SA12_R03.txt,train,F04,1,14.995,1796,5,1,5,1,1,1,0,0.715,g00,pre100_post200
1791,SA12/F04_SA12_R04.txt,train,F04,1,15.0,1685,5,1,5,1,1,1,0,1.2,g00,pre100_post200
1792,SA12/F04_SA12_R05.txt,train,F04,1,15.0,1712,5,1,5,1,1,1,0,0.99,g00,pre100_post200
1793,SA12/F05_SA12_R01.txt,train,F05,1,15.0,751,3,1,3,1,1,1,0,1.38,g00,pre100_post200
1794,SA12/F05_SA12_R02.txt,train,F05,1,15.0,899,3,1,3,1,1,1,0,0.62,g00,pre100_post200
1795,SA12/F05_SA12_R03.txt,train,F05,1,15.0,863,3,1,3,1,1,1,0,0.74,g00,pre100_post200
1796,SA12/F05_SA12_R04.txt,train,F05,1,15.0,839,3,1,3,1,1,1,0,1.035,g00,pre100_post200
1797,SA12/F05_SA12_R05.txt,train,F05,1,15.0,791,3,1,3,1,1,1,0,0.94,g00,pre100_post200
1798,SA12/F06_SA12_R01.txt,train,F06,1,14.995,1624,5,1,5,1,1,1,0,0.745,g00,pre100_post200
1799,SA12/F06_SA12_R02.txt,train,F06,1,15.0,1902,6,1,6,1,1,1,0,1.565,g00,pre100_post200
1800,SA12/F06_SA12_R03.txt,train,F06,1,14.995,1439,5,1,5,1,1,1,0,1.585,g00,pre100_post200
1801,SA12/F06_SA12_R04.txt,train,F06,1,14.995,1682,5,1,5,1,1,1,0,0.805,g00,pre100_post200
1802,SA12/F06_SA12_R05.txt,train,F06,1,15.0,1627,5,1,5,1,1,1,0,0.8,g00,pre100_post200
1803,SA12/F07_SA12_R01.txt,train,F07,1,15.0,1419,4,1,4,1,1,1,0,0.875,g00,pre100_post200
1804,SA12/F07_SA12_R02.txt,train,F07,1,15.0,1521,4,1,4,1,0,0,0,,g00,pre100_post200
1805,SA12/F07_SA12_R03.txt,train,F07,1,15.0,1361,4,1,4,1,1,1,0,0.955,g00,pre100_post200
1806,SA12/F07_SA12_R04.txt,train,F07,1,15.0,1572,5,1,5,1,1,1,0,1.2,g00,pre100_post200
1807,SA12/F07_SA12_R05.txt,train,F07,1,14.995,1540,5,1,5,1,1,1,0,1.565,g00,pre100_post200
1808,SA12/F08_SA12_R01.txt,train,F08,1,15.0,1266,2,1,2,1,1,1,0,1.315,g00,pre100_post200
1809,SA12/F08_SA12_R02.txt,train,F08,1,15.0,1199,1,0,1,0,0,0,0,,g00,pre100_post200
1810,SA12/F08_SA12_R03.txt,train,F08,1,15.0,1158,1,1,1,1,1,1,0,0.89,g00,pre100_post200
1811,SA12/F08_SA12_R04.txt,train,F08,1,15.0,1051,2,1,2,1,2,1,1,0.06,g00,pre100_post200
1812,SA12/F08_SA12_R05.txt,train,F08,1,15.0,1118,2,1,2,1,2,1,1,0.07,g00,pre100_post200
1813,SA12/F09_SA12_R01.txt,train,F09,1,15.0,1198,1,0,1,0,0,0,0,,g00,pre100_post200
1814,SA12/F09_SA12_R02.txt,train,F09,1,15.0,1116,1,1,1,1,1,1,0,0.055,g00,pre100_post200
1815,SA12/F09_SA12_R03.txt,train,F09,1,15.0,1219,2,1,2,1,1,1,0,1.46,g00,pre100_post200
1816,SA12/F09_SA12_R04.txt,train,F09,1,15.0,1087,2,1,2,1,1,1,0,1.615,g00,pre100_post200
1817,SA12/F09_SA12_R05.txt,train,F09,1,15.0,1157,1,1,1,1,0,0,0,,g00,pre100_post200
1818,SA12/F10_SA12_R01.txt,train,F10,1,15.0,1233,1,1,1,1,1,1,0,0.77,g00,pre100_post200
1819,SA12/F10_SA12_R02.txt,train,F10,1,15.0,1190,1,1,1,1,1,1,0,0.88,g00,pre100_post200
1820,SA12/F10_SA12_R03.txt,train,F10,1,15.0,1134,1,1,1,1,1,1,0,0.985,g00,pre100_post200
1821,SA12/F10_SA12_R04.txt,train,F10,1,15.0,1256,1,1,1,1,1,1,0,0.84,g00,pre100_post200
1822,SA12/F10_SA12_R05.txt,train,F10,1,15.0,1172,1,1,1,1,1,1,0,0.97,g00,pre100_post200
1823,SA12/F11_SA12_R01.txt,train,F11,1,14.995,1141,1,1,1,1,1,1,0,0.99,g00,pre100_post200
1824,SA12/F11_SA12_R02.txt,train,F11,1,15.0,1173,1,1,1,1,1,1,0,0.995,g00,pre100_post200
1825,SA12/F11_SA12_R03.txt,train,F11,1,15.0,944,1,1,1,1,0,0,0,,g00,pre100_post200
1826,SA12/F11_SA12_R04.txt,train,F11,1,15.0,961,1,1,1,1,1,1,0,1.0,g00,pre100_post200
1827,SA12/F11_SA12_R05.txt,train,F11,1,15.0,1183,1,1,1,1,1,1,0,0.68,g00,pre100_post200
1828,SA12/F12_SA12_R01.txt,train,F12,1,15.0,1004,1,1,1,1,1,1,0,0.98,g00,pre100_post200
1829,SA12/F12_SA12_R02.txt,train,F12,1,15.0,1046,1,1,1,1,1,1,0,0.935,g00,pre100_post200
1830,SA12/F12_SA12_R03.txt,train,F12,1,15.0,1279,1,1,1,1,1,1,0,0.96,g00,pre100_post200
1831,SA12/F12_SA12_R04.txt,train,F12,1,15.0,1127,1,1,1,1,1,1,0,1.0,g00,pre100_post200
1832,SA12/F12_SA12_R05.txt,train,F12,1,15.0,1277,1,1,1,1,1,1,0,0.99,g00,pre100_post200
1833,SA12/F13_SA12_R01.txt,train,F13,1,15.0,1704,1,1,1,1,1,1,0,0.15,g00,pre100_post200
1834,SA12/F13_SA12_R02.txt,train,F13,1,15.0,921,1,1,1,1,1,1,0,0.545,g00,pre100_post200
1835,SA12/F13_SA12_R03.txt,train,F13,1,15.0,1175,1,1,1,1,1,1,0,0.66,g00,pre100_post200
1836,SA12/F13_SA12_R04.txt,train,F13,1,15.0,1075,1,1,1,1,1,1,0,0.735,g00,pre100_post200
1837,SA12/F13_SA12_R05.txt,train,F13,1,15.0,1551,1,1,1,1,1,1,0,0.535,g00,pre100_post200
1838,SA12/F14_SA12_R01.txt,train,F14,1,15.0,867,1,1,1,1,1,1,0,0.995,g00,pre100_post200
1839,SA12/F14_SA12_R02.txt,train,F14,1,15.0,959,1,1,1,1,1,1,0,0.79,g00,pre100_post200
1840,SA12/F14_SA12_R03.txt,train,F14,1,15.0,1154,1,1,1,1,0,0,0,,g00,pre100_post200
1841,SA12/F14_SA12_R04.txt,train,F14,1,15.0,1168,1,1,1,1,1,1,0,0.985,g00,pre100_post200
1842,SA12/F14_SA12_R05.txt,train,F14,1,15.0,1189,1,1,1,1,0,0,0,,g00,pre100_post200
1843,SA12/F15_SA12_R01.txt,train,F15,1,15.0,1242,1,1,1,1,1,1,0,0.82,g00,pre100_post200
1844,SA12/F15_SA12_R02.txt,train,F15,1,15.0,1305,1,1,1,1,1,1,0,0.955,g00,pre100_post200
1845,SA12/F15_SA12_R03.txt,train,F15,1,15.0,1223,1,1,1,1,1,1,0,0.99,g00,pre100_post200
1846,SA12/F15_SA12_R04.txt,train,F15,1,15.0,1236,1,1,1,1,1,1,0,1.0,g00,pre100_post200
1847,SA12/F15_SA12_R05.txt,train,F15,1,15.0,1232,1,1,1,1,1,1,0,0.69,g00,pre100_post200
2002,SA14/D01_SA14_R01.txt,train,D01,0,99.995,981,56,0,55,0,0,0,0,,g00,pre100_post200
2003,SA14/D02_SA14_R01.txt,train,D02,0,100.0,8585,63,0,61,0,0,0,0,,g00,pre100_post200
2004,SA14/D03_SA14_R01.txt,train,D03,0,100.0,12928,56,0,55,0,0,0,0,,g00,pre100_post200
2005,SA14/D04_SA14_R01.txt,train,D04,0,99.995,6178,58,0,56,0,0,0,0,,g00,pre100_post200
2006,SA14/D05_SA14_R01.txt,train,D05,0,25.0,3113,9,0,8,0,0,0,0,,g00,pre100_post200
2007,SA14/D05_SA14_R02.txt,train,D05,0,25.0,3130,10,0,10,0,0,0,0,,g00,pre100_post200
2008,SA14/D05_SA14_R03.txt,train,D05,0,25.0,3305,12,0,11,0,0,0,0,,g00,pre100_post200
2009,SA14/D05_SA14_R04.txt,train,D05,0,25.0,3265,12,0,11,0,0,0,0,,g00,pre100_post200
2010,SA14/D05_SA14_R05.txt,train,D05,0,24.995,3010,10,0,10,0,0,0,0,,g00,pre100_post200
2011,SA14/D06_SA14_R01.txt,train,D06,0,25.0,2414,7,0,7,0,0,0,0,,g00,pre100_post200
2012,SA14/D06_SA14_R02.txt,train,D06,0,24.995,1868,6,0,6,0,0,0,0,,g00,pre100_post200
2013,SA14/D06_SA14_R03.txt,train,D06,0,25.0,2031,8,0,7,0,0,0,0,,g00,pre100_post200
2014,SA14/D06_SA14_R04.txt,train,D06,0,25.0,2439,7,0,7,0,0,0,0,,g00,pre100_post200
2015,SA14/D06_SA14_R05.txt,train,D06,0,25.0,2192,7,0,7,0,0,0,0,,g00,pre100_post200
2016,SA14/D07_SA14_R01.txt,train,D07,0,12.0,1797,2,0,2,0,0,0,0,,g00,pre100_post200
2017,SA14/D07_SA14_R02.txt,train,D07,0,12.0,2088,2,0,2,0,0,0,0,,g00,pre100_post200
2018,SA14/D07_SA14_R03.txt,train,D07,0,12.0,1598,2,0,2,0,0,0,0,,g00,pre100_post200
2019,SA14/D07_SA14_R04.txt,train,D07,0,12.0,658,2,0,2,0,0,0,0,,g00,pre100_post200
2020,SA14/D07_SA14_R05.txt,train,D07,0,12.0,608,2,0,2,0,0,0,0,,g00,pre100_post200
2021,SA14/D08_SA14_R01.txt,train,D08,0,12.0,678,2,0,2,0,0,0,0,,g00,pre100_post200
2022,SA14/D08_SA14_R02.txt,train,D08,0,12.0,608,2,0,2,0,0,0,0,,g00,pre100_post200
2023,SA14/D08_SA14_R03.txt,train,D08,0,12.0,658,3,0,3,0,0,0,0,,g00,pre100_post200
2024,SA14/D08_SA14_R04.txt,train,D08,0,12.0,660,2,0,2,0,0,0,0,,g00,pre100_post200
2025,SA14/D08_SA14_R05.txt,train,D08,0,12.0,636,3,0,2,0,0,0,0,,g00,pre100_post200
2026,SA14/D09_SA14_R01.txt,train,D09,0,12.0,833,2,0,2,0,0,0,0,,g00,pre100_post200
2027,SA14/D09_SA14_R02.txt,train,D09,0,12.0,679,3,0,3,0,0,0,0,,g00,pre100_post200
2028,SA14/D09_SA14_R03.txt,train,D09,0,12.0,1007,3,0,2,0,0,0,0,,g00,pre100_post200
2029,SA14/D09_SA14_R04.txt,train,D09,0,12.0,1000,2,0,2,0,0,0,0,,g00,pre100_post200
2030,SA14/D09_SA14_R05.txt,train,D09,0,12.0,929,2,0,2,0,0,0,0,,g00,pre100_post200
2031,SA14/D10_SA14_R01.txt,train,D10,0,12.0,735,2,0,2,0,0,0,0,,g00,pre100_post200
2032,SA14/D10_SA14_R02.txt,train,D10,0,12.0,594,2,0,2,0,0,0,0,,g00,pre100_post200
2033,SA14/D10_SA14_R03.txt,train,D10,0,12.0,688,2,0,2,0,0,0,0,,g00,pre100_post200
2034,SA14/D10_SA14_R04.txt,train,D10,0,12.0,613,2,0,2,0,0,0,0,,g00,pre100_post200
2035,SA14/D10_SA14_R05.txt,train,D10,0,12.0,627,2,0,2,0,0,0,0,,g00,pre100_post200
2036,SA14/D11_SA14_R01.txt,train,D11,0,11.995,1336,1,0,1,0,0,0,0,,g00,pre100_post200
2037,SA14/D11_SA14_R02.txt,train,D11,0,12.0,1529,1,0,1,0,0,0,0,,g00,pre100_post200
2038,SA14/D11_SA14_R03.txt,train,D11,0,12.0,1197,1,0,1,0,0,0,0,,g00,pre100_post200
2039,SA14/D11_SA14_R04.txt,train,D11,0,12.0,1405,1,0,1,0,0,0,0,,g00,pre100_post200
2040,SA14/D11_SA14_R05.txt,train,D11,0,12.0,1143,1,0,1,0,0,0,0,,g00,pre100_post200
2041,SA14/D12_SA14_R01.txt,train,D12,0,12.0,570,0,0,0,0,0,0,0,,g00,pre100_post200
2042,SA14/D12_SA14_R02.txt,train,D12,0,12.0,682,1,0,1,0,0,0,0,,g00,pre100_post200
2043,SA14/D12_SA14_R03.txt,train,D12,0,12.0,856,1,0,1,0,0,0,0,,g00,pre100_post200
2044,SA14/D12_SA14_R04.txt,train,D12,0,12.0,768,2,0,2,0,0,0,0,,g00,pre100_post200
2045,SA14/D12_SA14_R05.txt,train,D12,0,12.0,741,1,0,1,0,0,0,0,,g00,pre100_post200
2046,SA14/D13_SA14_R01.txt,train,D13,0,12.0,585,2,0,2,0,0,0,0,,g00,pre100_post200
2047,SA14/D13_SA14_R02.txt,train,D13,0,12.0,1388,2,0,2,0,0,0,0,,g00,pre100_post200
2048,SA14/D13_SA14_R03.txt,train,D13,0,12.0,805,2,0,2,0,0,0,0,,g00,pre100_post200
2049,SA14/D13_SA14_R04.txt,train,D13,0,12.0,808,2,0,2,0,0,0,0,,g00,pre100_post200
2050,SA14/D13_SA14_R05.txt,train,D13,0,12.0,1473,2,0,2,0,0,0,0,,g00,pre100_post200
2051,SA14/D14_SA14_R01.txt,train,D14,0,12.0,1985,2,0,2,0,0,0,0,,g00,pre100_post200
2052,SA14/D14_SA14_R02.txt,train,D14,0,12.0,757,2,0,2,0,0,0,0,,g00,pre100_post200
2053,SA14/D14_SA14_R03.txt,train,D14,0,12.0,1048,2,0,1,0,0,0,0,,g00,pre100_post200
2054,SA14/D14_SA14_R04.txt,train,D14,0,12.0,668,2,0,2,0,0,0,0,,g00,pre100_post200
2055,SA14/D14_SA14_R05.txt,train,D14,0,12.0,1995,1,0,1,0,0,0,0,,g00,pre100_post200
2056,SA14/D15_SA14_R01.txt,train,D15,0,12.0,602,3,0,3,0,0,0,0,,g00,pre100_post200
2057,SA14/D15_SA14_R02.txt,train,D15,0,12.0,2166,3,0,3,0,0,0,0,,g00,pre100_post200
2058,SA14/D15_SA14_R03.txt,train,D15,0,12.0,1784,3,0,3,0,0,0,0,,g00,pre100_post200
2059,SA14/D15_SA14_R04.txt,train,D15,0,12.0,846,2,0,2,0,0,0,0,,g00,pre100_post200
2060,SA14/D15_SA14_R05.txt,train,D15,0,12.0,925,3,0,3,0,0,0,0,,g00,pre100_post200
2061,SA14/D16_SA14_R01.txt,train,D16,0,11.995,692,2,0,2,0,0,0,0,,g00,pre100_post200
2062,SA14/D16_SA14_R02.txt,train,D16,0,12.0,770,4,0,4,0,0,0,0,,g00,pre100_post200
2063,SA14/D16_SA14_R03.txt,train,D16,0,12.0,599,4,0,4,0,0,0,0,,g00,pre100_post200
2064,SA14/D16_SA14_R04.txt,train,D16,0,12.0,613,2,0,2,0,0,0,0,,g00,pre100_post200
2065,SA14/D16_SA14_R05.txt,train,D16,0,12.0,663,2,0,2,0,0,0,0,,g00,pre100_post200
2066,SA14/D17_SA14_R01.txt,train,D17,0,24.995,3271,4,0,4,0,0,0,0,,g00,pre100_post200
2067,SA14/D17_SA14_R02.txt,train,D17,0,25.0,3571,4,0,4,0,0,0,0,,g00,pre100_post200
2068,SA14/D17_SA14_R03.txt,train,D17,0,25.0,1138,4,0,4,0,0,0,0,,g00,pre100_post200
2069,SA14/D17_SA14_R04.txt,train,D17,0,25.0,3637,5,0,5,0,0,0,0,,g00,pre100_post200
2070,SA14/D17_SA14_R05.txt,train,D17,0,25.0,4102,4,0,4,0,0,0,0,,g00,pre100_post200
2071,SA14/D18_SA14_R01.txt,train,D18,0,12.0,846,7,0,5,0,0,0,0,,g00,pre100_post200
2072,SA14/D18_SA14_R02.txt,train,D18,0,12.0,1073,6,0,6,0,0,0,0,,g00,pre100_post200
2073,SA14/D18_SA14_R03.txt,train,D18,0,12.0,1272,6,0,6,0,0,0,0,,g00,pre100_post200
2074,SA14/D18_SA14_R04.txt,train,D18,0,12.0,1004,7,0,6,0,0,0,0,,g00,pre100_post200
2075,SA14/D18_SA14_R05.txt,train,D18,0,12.0,922,7,0,7,0,0,0,0,,g00,pre100_post200
2076,SA14/D19_SA14_R01.txt,train,D19,0,12.0,243,2,0,2,0,0,0,0,,g00,pre100_post200
2077,SA14/D19_SA14_R02.txt,train,D19,0,12.0,1259,2,0,2,0,0,0,0,,g00,pre100_post200
2078,SA14/D19_SA14_R03.txt,train,D19,0,12.0,993,2,0,2,0,0,0,0,,g00,pre100_post200
2079,SA14/D19_SA14_R04.txt,train,D19,0,12.0,1793,3,0,3,0,0,0,0,,g00,pre100_post200
2080,SA14/D19_SA14_R05.txt,train,D19,0,12.0,1335,3,0,3,0,0,0,0,,g00,pre100_post200
2081,SA14/F01_SA14_R01.txt,train,F01,1,14.995,1337,5,0,5,0,0,0,0,,g00,pre100_post200
2082,SA14/F01_SA14_R02.txt,train,F01,1,14.91,1307,4,1,3,1,1,1,0,0.645,g00,pre100_post200
2083,SA14/F01_SA14_R03.txt,train,F01,1,15.0,1437,4,1,4,1,1,1,0,0.275,g00,pre100_post200
2084,SA14/F01_SA14_R04.txt,train,F01,1,15.0,1267,4,1,4,1,1,1,0,0.84,g00,pre100_post200
2085,SA14/F01_SA14_R05.txt,train,F01,1,15.0,1262,4,1,4,1,1,1,0,0.9,g00,pre100_post200
2086,SA14/F02_SA14_R01.txt,train,F02,1,15.0,1710,6,1,6,1,0,0,0,,g00,pre100_post200
2087,SA14/F02_SA14_R02.txt,train,F02,1,15.0,1654,6,1,6,1,0,0,0,,g00,pre100_post200
2088,SA14/F02_SA14_R03.txt,train,F02,1,15.0,1564,5,1,5,1,1,1,0,1.23,g00,pre100_post200
2089,SA14/F02_SA14_R04.txt,train,F02,1,15.0,1526,5,1,5,1,1,1,0,1.235,g00,pre100_post200
2090,SA14/F02_SA14_R05.txt,train,F02,1,15.0,1449,5,1,5,1,1,1,0,1.545,g00,pre100_post200
2091,SA14/F03_SA14_R01.txt,train,F03,1,15.0,671,3,1,3,1,1,1,0,1.545,g00,pre100_post200
2092,SA14/F03_SA14_R02.txt,train,F03,1,15.0,807,3,1,3,1,1,1,0,1.295,g00,pre100_post200
2093,SA14/F03_SA14_R03.txt,train,F03,1,15.0,848,3,1,3,1,1,1,0,0.92,g00,pre100_post200
2094,SA14/F03_SA14_R04.txt,train,F03,1,15.0,899,3,1,3,1,1,1,0,0.485,g00,pre100_post200
2095,SA14/F03_SA14_R05.txt,train,F03,1,15.0,838,3,1,2,1,1,1,0,0.795,g00,pre100_post200
2096,SA14/F04_SA14_R01.txt,train,F04,1,15.0,1153,4,1,4,1,1,1,0,1.325,g00,pre100_post200
2097,SA14/F04_SA14_R02.txt,train,F04,1,15.0,1033,4,1,3,1,1,1,0,1.21,g00,pre100_post200
2098,SA14/F04_SA14_R03.txt,train,F04,1,15.0,1127,4,1,4,1,1,1,0,0.97,g00,pre100_post200
2099,SA14/F04_SA14_R04.txt,train,F04,1,15.0,1116,4,1,4,1,1,1,0,1.005,g00,pre100_post200
2100,SA14/F04_SA14_R05.txt,train,F04,1,14.995,1132,4,1,3,1,1,1,0,0.995,g00,pre100_post200
2101,SA14/F05_SA14_R01.txt,train,F05,1,15.0,868,3,1,2,1,1,1,0,0.66,g00,pre100_post200
2102,SA14/F05_SA14_R02.txt,train,F05,1,15.0,814,3,1,2,1,1,1,0,0.72,g00,pre100_post200
2103,SA14/F05_SA14_R03.txt,train,F05,1,15.0,911,4,1,3,1,0,0,0,,g00,pre100_post200
2104,SA14/F05_SA14_R04.txt,train,F05,1,15.0,835,3,1,3,1,1,1,0,0.745,g00,pre100_post200
2105,SA14/F05_SA14_R05.txt,train,F05,1,15.0,905,3,1,3,1,1,1,0,0.705,g00,pre100_post200
2106,SA14/F06_SA14_R01.txt,train,F06,1,14.995,1409,5,1,5,1,1,1,0,1.225,g00,pre100_post200
2107,SA14/F06_SA14_R02.txt,train,F06,1,14.905,1303,4,1,4,1,1,1,0,0.36,g00,pre100_post200
2108,SA14/F06_SA14_R03.txt,train,F06,1,15.0,1314,5,1,4,1,1,1,0,1.24,g00,pre100_post200
2109,SA14/F06_SA14_R04.txt,train,F06,1,15.0,1323,5,1,5,1,1,1,0,1.57,g00,pre100_post200
2110,SA14/F06_SA14_R05.txt,train,F06,1,15.0,1327,4,1,4,1,1,1,0,0.205,g00,pre100_post200
2111,SA14/F07_SA14_R01.txt,train,F07,1,15.0,1371,5,1,5,1,1,1,0,1.45,g00,pre100_post200
2112,SA14/F07_SA14_R02.txt,train,F07,1,15.0,1247,5,1,5,1,1,0,1,,g00,pre100_post200
2113,SA14/F07_SA14_R03.txt,train,F07,1,15.0,1226,4,1,4,1,1,1,0,0.865,g00,pre100_post200
2114,SA14/F07_SA14_R04.txt,train,F07,1,15.0,1468,5,1,5,1,1,1,0,1.235,g00,pre100_post200
2115,SA14/F07_SA14_R05.txt,train,F07,1,15.0,1360,4,1,4,1,0,0,0,,g00,pre100_post200
2116,SA14/F08_SA14_R01.txt,train,F08,1,15.0,659,2,1,2,1,1,1,0,0.905,g00,pre100_post200
2117,SA14/F08_SA14_R02.txt,train,F08,1,15.0,1160,2,1,2,1,1,1,0,1.515,g00,pre100_post200
2118,SA14/F08_SA14_R03.txt,train,F08,1,15.0,1027,2,1,2,1,1,1,0,1.21,g00,pre100_post200
2119,SA14/F08_SA14_R04.txt,train,F08,1,15.0,1424,2,1,2,1,1,1,0,1.485,g00,pre100_post200
2120,SA14/F08_SA14_R05.txt,train,F08,1,14.995,996,2,1,2,1,1,1,0,1.245,g00,pre100_post200
2121,SA14/F09_SA14_R01.txt,train,F09,1,15.0,972,2,1,2,1,1,1,0,1.245,g00,pre100_post200
2122,SA14/F09_SA14_R02.txt,train,F09,1,15.0,1144,2,1,2,1,1,1,0,1.54,g00,pre100_post200
2123,SA14/F09_SA14_R03.txt,train,F09,1,15.0,963,2,1,2,1,1,1,0,1.585,g00,pre100_post200
2124,SA14/F09_SA14_R04.txt,train,F09,1,15.0,844,2,1,2,1,1,1,0,1.245,g00,pre100_post200
2125,SA14/F09_SA14_R05.txt,train,F09,1,15.0,939,2,1,2,1,1,1,0,1.245,g00,pre100_post200
2126,SA14/F10_SA14_R01.txt,train,F10,1,15.0,1014,1,1,1,1,1,1,0,0.695,g00,pre100_post200
2127,SA14/F10_SA14_R02.txt,train,F10,1,15.0,764,1,1,1,1,1,1,0,0.43,g00,pre100_post200
2128,SA14/F10_SA14_R03.txt,train,F10,1,15.0,1046,2,1,2,1,2,1,1,0.26,g00,pre100_post200
2129,SA14/F10_SA14_R04.txt,train,F10,1,15.0,763,1,1,1,1,1,1,0,0.975,g00,pre100_post200
2130,SA14/F10_SA14_R05.txt,train,F10,1,15.0,908,2,1,2,1,1,1,0,1.555,g00,pre100_post200
2131,SA14/F11_SA14_R01.txt,train,F11,1,14.995,737,1,1,1,1,0,0,0,,g00,pre100_post200
2132,SA14/F11_SA14_R02.txt,train,F11,1,14.91,798,1,1,1,1,0,0,0,,g00,pre100_post200
2133,SA14/F11_SA14_R03.txt,train,F11,1,15.0,1088,1,1,1,1,0,0,0,,g00,pre100_post200
2134,SA14/F11_SA14_R04.txt,train,F11,1,15.0,808,1,0,1,0,0,0,0,,g00,pre100_post200
2135,SA14/F11_SA14_R05.txt,train,F11,1,15.0,958,1,1,1,1,0,0,0,,g00,pre100_post200
2136,SA14/F12_SA14_R01.txt,train,F12,1,14.995,790,1,1,1,1,0,0,0,,g00,pre100_post200
2137,SA14/F12_SA14_R02.txt,train,F12,1,15.0,752,2,1,2,1,1,1,0,1.525,g00,pre100_post200
2138,SA14/F12_SA14_R03.txt,train,F12,1,15.0,877,2,1,2,1,0,0,0,,g00,pre100_post200
2139,SA14/F12_SA14_R04.txt,train,F12,1,15.0,714,1,1,1,1,0,0,0,,g00,pre100_post200
2140,SA14/F12_SA14_R05.txt,train,F12,1,15.0,929,1,1,1,1,0,0,0,,g00,pre100_post200
2141,SA14/F13_SA14_R01.txt,train,F13,1,15.0,930,2,1,2,1,1,1,0,1.725,g00,pre100_post200
2142,SA14/F13_SA14_R02.txt,train,F13,1,15.0,898,1,1,1,1,0,0,0,,g00,pre100_post200
2143,SA14/F13_SA14_R03.txt,train,F13,1,15.0,1118,1,1,1,1,1,1,0,0.51,g00,pre100_post200
2144,SA14/F13_SA14_R04.txt,train,F13,1,15.0,791,1,0,1,0,0,0,0,,g00,pre100_post200
2145,SA14/F13_SA14_R05.txt,train,F13,1,15.0,887,1,1,1,1,1,1,0,0.23,g00,pre100_post200
2146,SA14/F14_SA14_R01.txt,train,F14,1,15.0,640,1,1,1,1,1,1,0,0.98,g00,pre100_post200
2147,SA14/F14_SA14_R02.txt,train,F14,1,15.0,791,1,1,1,1,1,1,0,0.975,g00,pre100_post200
2148,SA14/F14_SA14_R03.txt,train,F14,1,15.0,908,1,1,1,1,1,1,0,0.91,g00,pre100_post200
2149,SA14/F14_SA14_R04.txt,train,F14,1,15.0,676,1,1,1,1,1,1,0,0.935,g00,pre100_post200
2150,SA14/F14_SA14_R05.txt,train,F14,1,15.0,976,1,1,1,1,1,1,0,0.985,g00,pre100_post200
2151,SA14/F15_SA14_R01.txt,train,F15,1,15.0,813,1,1,1,1,1,1,0,1.0,g00,pre100_post200
2152,SA14/F15_SA14_R02.txt,train,F15,1,15.0,886,1,1,1,1,1,1,0,0.99,g00,pre100_post200
2153,SA14/F15_SA14_R03.txt,train,F15,1,15.0,704,1,1,1,1,1,1,0,1.01,g00,pre100_post200
2154,SA14/F15_SA14_R04.txt,train,F15,1,15.0,638,1,1,1,1,1,1,0,1.015,g00,pre100_post200
2155,SA14/F15_SA14_R05.txt,train,F15,1,15.0,818,1,1,1,1,1,1,0,0.98,g00,pre100_post200
2156,SA15/D01_SA15_R01.txt,train,D01,0,99.995,8372,56,0,54,0,0,0,0,,g00,pre100_post200
2157,SA15/D02_SA15_R01.txt,train,D02,0,100.0,7269,62,0,60,0,0,0,0,,g00,pre100_post200
2158,SA15/D03_SA15_R01.txt,train,D03,0,100.0,4665,63,0,61,0,0,0,0,,g00,pre100_post200
2159,SA15/D04_SA15_R01.txt,train,D04,0,100.0,430,58,0,57,0,0,0,0,,g00,pre100_post200
2160,SA15/D05_SA15_R01.txt,train,D05,0,25.0,2764,10,0,9,0,0,0,0,,g00,pre100_post200
2161,SA15/D05_SA15_R02.txt,train,D05,0,25.0,3249,9,0,9,0,0,0,0,,g00,pre100_post200
2162,SA15/D05_SA15_R03.txt,train,D05,0,25.0,3637,11,0,11,0,0,0,0,,g00,pre100_post200
2163,SA15/D05_SA15_R04.txt,train,D05,0,25.0,3981,11,0,11,0,0,0,0,,g00,pre100_post200
2164,SA15/D05_SA15_R05.txt,train,D05,0,25.0,3913,11,0,11,0,0,0,0,,g00,pre100_post200
2165,SA15/D06_SA15_R01.txt,train,D06,0,24.995,2096,6,0,6,0,0,0,0,,g00,pre100_post200
2166,SA15/D06_SA15_R02.txt,train,D06,0,25.0,449,6,0,6,0,0,0,0,,g00,pre100_post200
2167,SA15/D06_SA15_R03.txt,train,D06,0,25.0,2005,6,0,6,0,0,0,0,,g00,pre100_post200
2168,SA15/D06_SA15_R04.txt,train,D06,0,25.0,2403,7,0,7,0,0,0,0,,g00,pre100_post200
2169,SA15/D06_SA15_R05.txt,train,D06,0,25.0,2301,6,0,6,0,0,0,0,,g00,pre100_post200
2170,SA15/D07_SA15_R01.txt,train,D07,0,12.0,613,2,0,2,0,0,0,0,,g00,pre100_post200
2171,SA15/D07_SA15_R02.txt,train,D07,0,12.0,890,2,0,2,0,0,0,0,,g00,pre100_post200
2172,SA15/D07_SA15_R03.txt,train,D07,0,12.0,724,2,0,2,0,0,0,0,,g00,pre100_post200
2173,SA15/D07_SA15_R04.txt,train,D07,0,12.0,686,2,0,2,0,0,0,0,,g00,pre100_post200
2174,SA15/D07_SA15_R05.txt,train,D07,0,12.0,586,2,0,2,0,0,0,0,,g00,pre100_post200
2175,SA15/D08_SA15_R01.txt,train,D08,0,12.0,762,2,0,2,0,0,0,0,,g00,pre100_post200
2176,SA15/D08_SA15_R02.txt,train,D08,0,12.0,737,2,0,2,0,0,0,0,,g00,pre100_post200
2177,SA15/D08_SA15_R03.txt,train,D08,0,12.0,688,2,0,2,0,0,0,0,,g00,pre100_post200
2178,SA15/D08_SA15_R04.txt,train,D08,0,12.0,614,2,0,2,0,0,0,0,,g00,pre100_post200
2179,SA15/D08_SA15_R05.txt,train,D08,0,12.0,686,2,0,2,0,0,0,0,,g00,pre100_post200
2180,SA15/D09_SA15_R01.txt,train,D09,0,12.0,614,2,0,2,0,0,0,0,,g00,pre100_post200
2181,SA15/D09_SA15_R02.txt,train,D09,0,12.0,704,2,0,2,0,0,0,0,,g00,pre100_post200
2182,SA15/D09_SA15_R03.txt,train,D09,0,12.0,779,2,0,2,0,0,0,0,,g00,pre100_post200
2183,SA15/D09_SA15_R04.txt,train,D09,0,12.0,775,2,0,2,0,0,0,0,,g00,pre100_post200
2184,SA15/D09_SA15_R05.txt,train,D09,0,12.0,743,2,0,2,0,0,0,0,,g00,pre100_post200
2185,SA15/D10_SA15_R01.txt,train,D10,0,12.0,612,2,0,2,0,0,0,0,,g00,pre100_post200
2186,SA15/D10_SA15_R02.txt,train,D10,0,12.0,517,2,0,2,0,0,0,0,,g00,pre100_post200
2187,SA15/D10_SA15_R03.txt,train,D10,0,12.0,591,2,0,2,0,0,0,0,,g00,pre100_post200
2188,SA15/D10_SA15_R04.txt,train,D10,0,12.0,580,2,0,2,0,0,0,0,,g00,pre100_post200
2189,SA15/D10_SA15_R05.txt,train,D10,0,12.0,596,2,0,2,0,0,0,0,,g00,pre100_post200
2190,SA15/D11_SA15_R01.txt,train,D11,0,11.995,1225,1,0,1,0,0,0,0,,g00,pre100_post200
2191,SA15/D11_SA15_R02.txt,train,D11,0,12.0,1513,1,0,1,0,0,0,0,,g00,pre100_post200
2192,SA15/D11_SA15_R03.txt,train,D11,0,12.0,1409,1,0,1,0,0,0,0,,g00,pre100_post200
2193,SA15/D11_SA15_R04.txt,train,D11,0,12.0,1392,1,0,1,0,0,0,0,,g00,pre100_post200
2194,SA15/D11_SA15_R05.txt,train,D11,0,12.0,1236,1,0,1,0,0,0,0,,g00,pre100_post200
2195,SA15/D12_SA15_R01.txt,train,D12,0,12.0,777,2,0,2,0,0,0,0,,g00,pre100_post200
2196,SA15/D12_SA15_R02.txt,train,D12,0,12.0,817,1,0,1,0,0,0,0,,g00,pre100_post200
2197,SA15/D12_SA15_R03.txt,train,D12,0,12.0,818,2,0,2,0,0,0,0,,g00,pre100_post200
2198,SA15/D12_SA15_R04.txt,train,D12,0,11.995,685,1,0,1,0,0,0,0,,g00,pre100_post200
2199,SA15/D12_SA15_R05.txt,train,D12,0,12.0,995,0,0,0,0,0,0,0,,g00,pre100_post200
2200,SA15/D13_SA15_R01.txt,train,D13,0,12.0,616,2,0,2,0,0,0,0,,g00,pre100_post200
2201,SA15/D13_SA15_R02.txt,train,D13,0,12.0,510,2,0,2,0,0,0,0,,g00,pre100_post200
2202,SA15/D13_SA15_R03.txt,train,D13,0,12.0,575,2,0,2,0,0,0,0,,g00,pre100_post200
2203,SA15/D13_SA15_R04.txt,train,D13,0,12.0,646,2,0,2,0,0,0,0,,g00,pre100_post200
2204,SA15/D13_SA15_R05.txt,train,D13,0,12.0,673,2,0,2,0,0,0,0,,g00,pre100_post200
2205,SA15/D14_SA15_R01.txt,train,D14,0,12.0,1893,3,0,3,0,0,0,0,,g00,pre100_post200
2206,SA15/D14_SA15_R02.txt,train,D14,0,12.0,1927,2,0,2,0,0,0,0,,g00,pre100_post200
2207,SA15/D14_SA15_R03.txt,train,D14,0,12.0,1655,2,0,2,0,0,0,0,,g00,pre100_post200
2208,SA15/D14_SA15_R04.txt,train,D14,0,12.0,1677,2,0,2,0,0,0,0,,g00,pre100_post200
2209,SA15/D14_SA15_R05.txt,train,D14,0,12.0,1873,3,0,3,0,0,0,0,,g00,pre100_post200
2210,SA15/D15_SA15_R01.txt,train,D15,0,12.0,1438,2,0,2,0,0,0,0,,g00,pre100_post200
2211,SA15/D15_SA15_R02.txt,train,D15,0,12.0,2044,2,0,2,0,0,0,0,,g00,pre100_post200
2212,SA15/D15_SA15_R03.txt,train,D15,0,12.0,1304,2,0,2,0,0,0,0,,g00,pre100_post200
2213,SA15/D15_SA15_R04.txt,train,D15,0,12.0,1601,2,0,2,0,0,0,0,,g00,pre100_post200
2214,SA15/D15_SA15_R05.txt,train,D15,0,12.0,1599,2,0,2,0,0,0,0,,g00,pre100_post200
2215,SA15/D16_SA15_R01.txt,train,D16,0,11.995,1325,0,0,0,0,0,0,0,,g00,pre100_post200
2216,SA15/D16_SA15_R02.txt,train,D16,0,12.0,735,0,0,0,0,0,0,0,,g00,pre100_post200
2217,SA15/D16_SA15_R03.txt,train,D16,0,12.0,643,0,0,0,0,0,0,0,,g00,pre100_post200
2218,SA15/D16_SA15_R04.txt,train,D16,0,12.0,617,0,0,0,0,0,0,0,,g00,pre100_post200
2219,SA15/D16_SA15_R05.txt,train,D16,0,12.0,1638,0,0,0,0,0,0,0,,g00,pre100_post200
2220,SA15/D18_SA15_R01.txt,train,D18,0,12.0,824,7,0,7,0,0,0,0,,g00,pre100_post200
2221,SA15/D18_SA15_R02.txt,train,D18,0,12.0,1047,7,0,6,0,0,0,0,,g00,pre100_post200
2222,SA15/D18_SA15_R03.txt,train,D18,0,12.0,1103,7,0,7,0,0,0,0,,g00,pre100_post200
2223,SA15/D18_SA15_R04.txt,train,D18,0,12.0,1030,7,0,7,0,0,0,0,,g00,pre100_post200
2224,SA15/D18_SA15_R05.txt,train,D18,0,12.0,917,7,0,6,0,0,0,0,,g00,pre100_post200
2225,SA15/D19_SA15_R01.txt,train,D19,0,12.0,772,2,0,2,0,0,0,0,,g00,pre100_post200
2226,SA15/D19_SA15_R02.txt,train,D19,0,12.0,1148,2,0,2,0,0,0,0,,g00,pre100_post200
2227,SA15/D19_SA15_R03.txt,train,D19,0,12.0,752,2,0,2,0,0,0,0,,g00,pre100_post200
2228,SA15/D19_SA15_R04.txt,train,D19,0,12.0,1157,2,0,2,0,0,0,0,,g00,pre100_post200
2229,SA15/D19_SA15_R05.txt,train,D19,0,12.0,1309,2,0,2,0,0,0,0,,g00,pre100_post200
2230,SA15/F01_SA15_R01.txt,train,F01,1,14.995,1457,5,1,5,1,1,1,0,0.8,g00,pre100_post200
2231,SA15/F01_SA15_R02.txt,train,F01,1,15.0,1458,4,1,4,1,1,1,0,0.37,g00,pre100_post200
2232,SA15/F01_SA15_R03.txt,train,F01,1,15.0,1539,5,1,5,1,1,1,0,0.72,g00,pre100_post200
2233,SA15/F01_SA15_R04.txt,train,F01,1,15.0,1527,5,1,5,1,1,1,0,0.845,g00,pre100_post200
2234,SA15/F01_SA15_R05.txt,train,F01,1,15.0,1432,5,1,5,1,1,1,0,1.315,g00,pre100_post200
2235,SA15/F02_SA15_R01.txt,train,F02,1,15.0,1355,4,1,4,1,1,1,0,0.21,g00,pre100_post200
2236,SA15/F02_SA15_R02.txt,train,F02,1,15.0,1442,5,1,5,1,1,1,0,0.99,g00,pre100_post200
2237,SA15/F02_SA15_R03.txt,train,F02,1,15.0,1505,5,1,4,1,1,1,0,0.57,g00,pre100_post200
2238,SA15/F02_SA15_R04.txt,train,F02,1,15.0,1556,5,1,5,1,1,1,0,0.865,g00,pre100_post200
2239,SA15/F02_SA15_R05.txt,train,F02,1,15.0,1586,5,1,5,1,1,1,0,0.495,g00,pre100_post200
2240,SA15/F03_SA15_R01.txt,train,F03,1,15.0,1423,5,1,5,1,1,1,0,1.24,g00,pre100_post200
2241,SA15/F03_SA15_R02.txt,train,F03,1,15.0,943,3,1,3,1,1,1,0,0.735,g00,pre100_post200
2242,SA15/F03_SA15_R03.txt,train,F03,1,15.0,1079,3,1,3,1,1,1,0,0.88,g00,pre100_post200
2243,SA15/F03_SA15_R04.txt,train,F03,1,15.0,1163,4,1,4,1,1,1,0,1.525,g00,pre100_post200
2244,SA15/F03_SA15_R05.txt,train,F03,1,15.0,1262,4,1,4,1,1,1,0,0.8,g00,pre100_post200
2245,SA15/F04_SA15_R01.txt,train,F04,1,15.0,1412,5,1,5,1,1,1,0,1.215,g00,pre100_post200
2246,SA15/F04_SA15_R02.txt,train,F04,1,15.0,1368,5,1,5,1,1,1,0,1.22,g00,pre100_post200
2247,SA15/F04_SA15_R03.txt,train,F04,1,15.0,1490,5,1,5,1,1,1,0,1.015,g00,pre100_post200
2248,SA15/F04_SA15_R04.txt,train,F04,1,15.0,1457,4,0,4,0,0,0,0,,g00,pre100_post200
2249,SA15/F04_SA15_R05.txt,train,F04,1,15.0,1458,4,0,4,0,0,0,0,,g00,pre100_post200
2250,SA15/F05_SA15_R01.txt,train,F05,1,15.0,1098,4,1,4,1,1,0,1,,g00,pre100_post200
2251,SA15/F05_SA15_R02.txt,train,F05,1,15.0,1236,4,1,4,1,1,1,0,0.41,g00,pre100_post200
2252,SA15/F05_SA15_R03.txt,train,F05,1,15.0,1107,4,1,3,1,1,1,0,0.84,g00,pre100_post200
2253,SA15/F05_SA15_R04.txt,train,F05,1,15.0,1121,4,1,4,1,1,1,0,0.66,g00,pre100_post200
2254,SA15/F05_SA15_R05.txt,train,F05,1,15.0,1077,4,1,4,1,1,1,0,1.025,g00,pre100_post200
2255,SA15/F06_SA15_R01.txt,train,F06,1,14.995,1519,5,1,5,1,1,1,0,1.195,g00,pre100_post200
2256,SA15/F06_SA15_R02.txt,train,F06,1,15.0,1581,5,1,5,1,1,1,0,0.86,g00,pre100_post200
2257,SA15/F06_SA15_R03.txt,train,F06,1,15.0,1567,6,1,6,1,1,1,0,0.74,g00,pre100_post200
2258,SA15/F06_SA15_R04.txt,train,F06,1,15.0,1601,5,1,5,1,1,1,0,0.855,g00,pre100_post200
2259,SA15/F06_SA15_R05.txt,train,F06,1,15.0,1576,6,1,6,1,1,1,0,0.89,g00,pre100_post200
2260,SA15/F07_SA15_R01.txt,train,F07,1,15.0,1342,4,1,4,1,1,1,0,0.7,g00,pre100_post200
2261,SA15/F07_SA15_R02.txt,train,F07,1,15.0,1396,4,1,4,1,1,1,0,0.645,g00,pre100_post200
2262,SA15/F07_SA15_R03.txt,train,F07,1,15.0,1560,5,1,5,1,1,1,0,1.51,g00,pre100_post200
2263,SA15/F07_SA15_R04.txt,train,F07,1,15.0,1637,5,1,5,1,1,1,0,0.795,g00,pre100_post200
2264,SA15/F07_SA15_R05.txt,train,F07,1,15.0,1650,5,1,5,1,1,1,0,0.87,g00,pre100_post200
2265,SA15/F08_SA15_R01.txt,train,F08,1,14.995,1363,1,1,1,1,1,1,0,1.0,g00,pre100_post200
2266,SA15/F08_SA15_R02.txt,train,F08,1,15.0,1355,1,1,1,1,0,0,0,,g00,pre100_post200
2267,SA15/F08_SA15_R03.txt,train,F08,1,15.0,1485,1,1,1,1,0,0,0,,g00,pre100_post200
2268,SA15/F08_SA15_R04.txt,train,F08,1,15.0,1506,1,1,1,1,0,0,0,,g00,pre100_post200
2269,SA15/F08_SA15_R05.txt,train,F08,1,15.0,1366,1,1,1,1,1,1,0,0.86,g00,pre100_post200
2270,SA15/F09_SA15_R01.txt,train,F09,1,15.0,1099,1,1,1,1,1,1,0,0.93,g00,pre100_post200
2271,SA15/F09_SA15_R02.txt,train,F09,1,15.0,1230,1,1,1,1,1,1,0,0.95,g00,pre100_post200
2272,SA15/F09_SA15_R03.txt,train,F09,1,15.0,1208,1,1,1,1,1,1,0,0.97,g00,pre100_post200
2273,SA15/F09_SA15_R04.txt,train,F09,1,15.0,1226,1,1,1,1,1,1,0,0.79,g00,pre100_post200
2274,SA15/F09_SA15_R05.txt,train,F09,1,15.0,1305,1,1,1,1,1,1,0,0.825,g00,pre100_post200
2275,SA15/F10_SA15_R01.txt,train,F10,1,15.0,1199,1,1,1,1,1,1,0,0.895,g00,pre100_post200
2276,SA15/F10_SA15_R02.txt,train,F10,1,15.0,2091,1,1,1,1,1,1,0,0.99,g00,pre100_post200
2277,SA15/F10_SA15_R03.txt,train,F10,1,15.0,1238,1,1,1,1,1,1,0,0.785,g00,pre100_post200
2278,SA15/F10_SA15_R04.txt,train,F10,1,15.0,1397,1,1,1,1,1,1,0,0.775,g00,pre100_post200
2279,SA15/F10_SA15_R05.txt,train,F10,1,15.0,1238,1,1,1,1,1,1,0,0.66,g00,pre100_post200
2280,SA15/F11_SA15_R01.txt,train,F11,1,14.995,1155,1,1,1,1,0,0,0,,g00,pre100_post200
2281,SA15/F11_SA15_R02.txt,train,F11,1,15.0,1243,1,1,1,1,1,1,0,0.93,g00,pre100_post200
2282,SA15/F11_SA15_R03.txt,train,F11,1,15.0,1144,1,1,1,1,1,1,0,0.89,g00,pre100_post200
2283,SA15/F11_SA15_R04.txt,train,F11,1,15.0,1061,1,1,1,1,0,0,0,,g00,pre100_post200
2284,SA15/F11_SA15_R05.txt,train,F11,1,15.0,1130,1,1,1,1,1,1,0,0.825,g00,pre100_post200
2285,SA15/F12_SA15_R01.txt,train,F12,1,15.0,1138,1,1,1,1,1,1,0,0.975,g00,pre100_post200
2286,SA15/F12_SA15_R02.txt,train,F12,1,15.0,1096,1,1,1,1,1,1,0,0.855,g00,pre100_post200
2287,SA15/F12_SA15_R03.txt,train,F12,1,15.0,1188,1,1,1,1,1,1,0,0.96,g00,pre100_post200
2288,SA15/F12_SA15_R04.txt,train,F12,1,15.0,1162,1,1,1,1,1,1,0,0.825,g00,pre100_post200
2289,SA15/F12_SA15_R05.txt,train,F12,1,15.0,938,1,1,1,1,1,1,0,0.895,g00,pre100_post200
2290,SA15/F13_SA15_R01.txt,train,F13,1,15.0,1120,1,1,1,1,1,1,0,0.89,g00,pre100_post200
2291,SA15/F13_SA15_R02.txt,train,F13,1,15.0,1281,1,1,1,1,1,1,0,0.78,g00,pre100_post200
2292,SA15/F13_SA15_R03.txt,train,F13,1,15.0,1273,1,1,1,1,1,1,0,0.665,g00,pre100_post200
2293,SA15/F13_SA15_R04.txt,train,F13,1,15.0,1537,1,1,1,1,0,0,0,,g00,pre100_post200
2294,SA15/F13_SA15_R05.txt,train,F13,1,15.0,1320,1,1,1,1,1,1,0,0.96,g00,pre100_post200
2295,SA15/F14_SA15_R01.txt,train,F14,1,15.0,1000,2,1,2,1,1,1,0,0.97,g00,pre100_post200
2296,SA15/F14_SA15_R02.txt,train,F14,1,15.0,1077,1,1,1,1,1,1,0,0.985,g00,pre100_post200
2297,SA15/F14_SA15_R03.txt,train,F14,1,15.0,1036,1,1,1,1,1,1,0,0.99,g00,pre100_post200
2298,SA15/F14_SA15_R04.txt,train,F14,1,15.0,1172,1,1,1,1,0,0,0,,g00,pre100_post200
2299,SA15/F14_SA15_R05.txt,train,F14,1,15.0,1039,1,1,1,1,1,1,0,0.985,g00,pre100_post200
2300,SA15/F15_SA15_R01.txt,train,F15,1,15.0,1445,1,1,1,1,1,1,0,0.92,g00,pre100_post200
2301,SA15/F15_SA15_R02.txt,train,F15,1,15.0,1330,1,1,1,1,0,0,0,,g00,pre100_post200
2302,SA15/F15_SA15_R03.txt,train,F15,1,15.0,1447,1,1,1,1,0,0,0,,g00,pre100_post200
2303,SA15/F15_SA15_R04.txt,train,F15,1,15.0,1363,1,1,1,1,1,1,0,1.01,g00,pre100_post200
2304,SA15/F15_SA15_R05.txt,train,F15,1,15.0,1411,1,1,1,1,1,1,0,0.85,g00,pre100_post200
2305,SA16/D01_SA16_R01.txt,train,D01,0,99.995,19759,57,0,56,0,0,0,0,,g00,pre100_post200
2306,SA16/D02_SA16_R01.txt,train,D02,0,100.0,3989,63,0,62,0,0,0,0,,g00,pre100_post200
2307,SA16/D03_SA16_R01.txt,train,D03,0,100.0,14580,59,0,59,0,0,0,0,,g00,pre100_post200
2308,SA16/D04_SA16_R01.txt,train,D04,0,100.0,16850,59,0,58,0,0,0,0,,g00,pre100_post200
2309,SA16/D05_SA16_R01.txt,train,D05,0,25.0,3940,12,0,12,0,0,0,0,,g00,pre100_post200
2310,SA16/D05_SA16_R02.txt,train,D05,0,25.0,1771,12,0,12,0,0,0,0,,g00,pre100_post200
2311,SA16/D05_SA16_R03.txt,train,D05,0,25.0,2231,12,0,12,0,0,0,0,,g00,pre100_post200
2312,SA16/D05_SA16_R04.txt,train,D05,0,25.0,3353,12,0,12,0,0,0,0,,g00,pre100_post200
2313,SA16/D05_SA16_R05.txt,train,D05,0,25.0,4391,12,0,12,0,0,0,0,,g00,pre100_post200
2314,SA16/D06_SA16_R01.txt,train,D06,0,24.995,862,5,0,5,0,0,0,0,,g00,pre100_post200
2315,SA16/D06_SA16_R02.txt,train,D06,0,25.0,904,6,0,6,0,0,0,0,,g00,pre100_post200
2316,SA16/D06_SA16_R03.txt,train,D06,0,25.0,871,6,0,6,0,0,0,0,,g00,pre100_post200
2317,SA16/D06_SA16_R04.txt,train,D06,0,25.0,978,6,0,6,0,0,0,0,,g00,pre100_post200
2318,SA16/D06_SA16_R05.txt,train,D06,0,25.0,808,7,0,7,0,0,0,0,,g00,pre100_post200
2319,SA16/D07_SA16_R01.txt,train,D07,0,12.0,1754,2,0,2,0,0,0,0,,g00,pre100_post200
2320,SA16/D07_SA16_R02.txt,train,D07,0,12.0,1909,2,0,2,0,0,0,0,,g00,pre100_post200
2321,SA16/D07_SA16_R03.txt,train,D07,0,12.0,1402,2,0,2,0,0,0,0,,g00,pre100_post200
2322,SA16/D07_SA16_R04.txt,train,D07,0,12.0,1122,2,0,2,0,0,0,0,,g00,pre100_post200
2323,SA16/D07_SA16_R05.txt,train,D07,0,12.0,1917,2,0,2,0,0,0,0,,g00,pre100_post200
2324,SA16/D08_SA16_R01.txt,train,D08,0,12.0,521,2,0,2,0,0,0,0,,g00,pre100_post200
2325,SA16/D08_SA16_R02.txt,train,D08,0,12.0,710,2,0,2,0,0,0,0,,g00,pre100_post200
2326,SA16/D08_SA16_R03.txt,train,D08,0,12.0,1735,2,0,2,0,0,0,0,,g00,pre100_post200
2327,SA16/D08_SA16_R04.txt,train,D08,0,12.0,902,2,0,2,0,0,0,0,,g00,pre100_post200
2328,SA16/D08_SA16_R05.txt,train,D08,0,12.0,961,2,0,2,0,0,0,0,,g00,pre100_post200
2329,SA16/D09_SA16_R01.txt,train,D09,0,12.0,816,2,0,2,0,0,0,0,,g00,pre100_post200
2330,SA16/D09_SA16_R02.txt,train,D09,0,12.0,930,2,0,2,0,0,0,0,,g00,pre100_post200
2331,SA16/D09_SA16_R03.txt,train,D09,0,12.0,926,2,0,2,0,0,0,0,,g00,pre100_post200
2332,SA16/D09_SA16_R04.txt,train,D09,0,12.0,1232,2,0,2,0,0,0,0,,g00,pre100_post200
2333,SA16/D09_SA16_R05.txt,train,D09,0,12.0,1767,2,0,2,0,0,0,0,,g00,pre100_post200
2334,SA16/D10_SA16_R01.txt,train,D10,0,12.0,581,2,0,2,0,0,0,0,,g00,pre100_post200
2335,SA16/D10_SA16_R02.txt,train,D10,0,12.0,786,2,0,2,0,0,0,0,,g00,pre100_post200
2336,SA16/D10_SA16_R03.txt,train,D10,0,12.0,873,2,0,2,0,0,0,0,,g00,pre100_post200
2337,SA16/D10_SA16_R04.txt,train,D10,0,12.0,1087,2,0,2,0,0,0,0,,g00,pre100_post200
2338,SA16/D10_SA16_R05.txt,train,D10,0,12.0,1002,2,0,2,0,0,0,0,,g00,pre100_post200
2339,SA16/D11_SA16_R01.txt,train,D11,0,11.995,1646,1,0,1,0,0,0,0,,g00,pre100_post200
2340,SA16/D11_SA16_R02.txt,train,D11,0,12.0,1226,1,0,1,0,0,0,0,,g00,pre100_post200
2341,SA16/D11_SA16_R03.txt,train,D11,0,12.0,1373,1,0,1,0,0,0,0,,g00,pre100_post200
2342,SA16/D11_SA16_R04.txt,train,D11,0,12.0,1259,1,0,1,0,0,0,0,,g00,pre100_post200
2343,SA16/D11_SA16_R05.txt,train,D11,0,12.0,1294,1,0,1,0,0,0,0,,g00,pre100_post200
2344,SA16/D12_SA16_R01.txt,train,D12,0,12.0,1092,0,0,0,0,0,0,0,,g00,pre100_post200
2345,SA16/D12_SA16_R02.txt,train,D12,0,12.0,976,0,0,0,0,0,0,0,,g00,pre100_post200
2346,SA16/D12_SA16_R03.txt,train,D12,0,12.0,919,0,0,0,0,0,0,0,,g00,pre100_post200
2347,SA16/D12_SA16_R04.txt,train,D12,0,12.0,1017,0,0,0,0,0,0,0,,g00,pre100_post200
2348,SA16/D12_SA16_R05.txt,train,D12,0,12.0,996,1,0,1,0,0,0,0,,g00,pre100_post200
2349,SA16/D13_SA16_R01.txt,train,D13,0,12.0,538,2,0,2,0,0,0,0,,g00,pre100_post200
2350,SA16/D13_SA16_R02.txt,train,D13,0,12.0,792,2,0,2,0,0,0,0,,g00,pre100_post200
2351,SA16/D13_SA16_R03.txt,train,D13,0,12.0,1744,2,0,2,0,0,0,0,,g00,pre100_post200
2352,SA16/D13_SA16_R04.txt,train,D13,0,12.0,1029,2,0,2,0,0,0,0,,g00,pre100_post200
2353,SA16/D13_SA16_R05.txt,train,D13,0,12.0,1010,2,0,2,0,0,0,0,,g00,pre100_post200
2354,SA16/D14_SA16_R01.txt,train,D14,0,12.0,808,1,0,1,0,0,0,0,,g00,pre100_post200
2355,SA16/D14_SA16_R02.txt,train,D14,0,12.0,833,2,0,2,0,0,0,0,,g00,pre100_post200
2356,SA16/D14_SA16_R03.txt,train,D14,0,12.0,897,1,0,1,0,0,0,0,,g00,pre100_post200
2357,SA16/D14_SA16_R04.txt,train,D14,0,12.0,886,1,0,1,0,0,0,0,,g00,pre100_post200
2358,SA16/D14_SA16_R05.txt,train,D14,0,12.0,1113,1,0,1,0,0,0,0,,g00,pre100_post200
2359,SA16/D15_SA16_R01.txt,train,D15,0,12.0,1292,2,0,2,0,0,0,0,,g00,pre100_post200
2360,SA16/D15_SA16_R02.txt,train,D15,0,12.0,1379,2,0,2,0,0,0,0,,g00,pre100_post200
2361,SA16/D15_SA16_R03.txt,train,D15,0,12.0,1312,3,0,3,0,0,0,0,,g00,pre100_post200
2362,SA16/D15_SA16_R04.txt,train,D15,0,12.0,1664,2,0,2,0,0,0,0,,g00,pre100_post200
2363,SA16/D15_SA16_R05.txt,train,D15,0,12.0,1510,1,0,1,0,0,0,0,,g00,pre100_post200
2364,SA16/D16_SA16_R01.txt,train,D16,0,11.995,805,0,0,0,0,0,0,0,,g00,pre100_post200
2365,SA16/D16_SA16_R02.txt,train,D16,0,12.0,869,0,0,0,0,0,0,0,,g00,pre100_post200
2366,SA16/D16_SA16_R03.txt,train,D16,0,12.0,751,0,0,0,0,0,0,0,,g00,pre100_post200
2367,SA16/D16_SA16_R04.txt,train,D16,0,12.0,1070,0,0,0,0,0,0,0,,g00,pre100_post200
2368,SA16/D16_SA16_R05.txt,train,D16,0,12.0,2194,0,0,0,0,0,0,0,,g00,pre100_post200
2369,SA16/D17_SA16_R01.txt,train,D17,0,24.995,1912,3,0,3,0,0,0,0,,g00,pre100_post200
2370,SA16/D17_SA16_R02.txt,train,D17,0,25.0,1599,4,0,4,0,0,0,0,,g00,pre100_post200
2371,SA16/D17_SA16_R03.txt,train,D17,0,25.0,3934,3,0,3,0,0,0,0,,g00,pre100_post200
2372,SA16/D17_SA16_R04.txt,train,D17,0,25.0,1945,3,0,3,0,0,0,0,,g00,pre100_post200
2373,SA16/D17_SA16_R05.txt,train,D17,0,25.0,2304,3,0,3,0,0,0,0,,g00,pre100_post200
2374,SA16/D18_SA16_R01.txt,train,D18,0,12.0,849,7,0,6,0,0,0,0,,g00,pre100_post200
2375,SA16/D18_SA16_R02.txt,train,D18,0,12.0,1226,7,0,6,0,0,0,0,,g00,pre100_post200
2376,SA16/D18_SA16_R03.txt,train,D18,0,12.0,1450,6,0,6,0,0,0,0,,g00,pre100_post200
2377,SA16/D18_SA16_R04.txt,train,D18,0,12.0,1279,7,0,6,0,0,0,0,,g00,pre100_post200
2378,SA16/D18_SA16_R05.txt,train,D18,0,12.0,1328,7,0,7,0,0,0,0,,g00,pre100_post200
2379,SA16/D19_SA16_R01.txt,train,D19,0,12.0,762,3,0,3,0,0,0,0,,g00,pre100_post200
2380,SA16/D19_SA16_R02.txt,train,D19,0,12.0,1258,2,0,2,0,0,0,0,,g00,pre100_post200
2381,SA16/D19_SA16_R03.txt,train,D19,0,12.0,1371,2,0,2,0,0,0,0,,g00,pre100_post200
2382,SA16/D19_SA16_R04.txt,train,D19,0,12.0,1540,2,0,2,0,0,0,0,,g00,pre100_post200
2383,SA16/D19_SA16_R05.txt,train,D19,0,12.0,1209,2,0,2,0,0,0,0,,g00,pre100_post200
2384,SA16/F01_SA16_R01.txt,train,F01,1,15.0,1408,5,1,5,1,2,1,1,1.53,g00,pre100_post200
2385,SA16/F01_SA16_R02.txt,train,F01,1,15.0,1354,4,1,4,1,1,1,0,0.62,g00,pre100_post200
2386,SA16/F01_SA16_R03.txt,train,F01,1,15.0,1179,4,1,3,1,1,1,0,1.03,g00,pre100_post200
2387,SA16/F01_SA16_R04.txt,train,F01,1,15.0,1403,4,1,4,1,1,1,0,0.87,g00,pre100_post200
2388,SA16/F01_SA16_R05.txt,train,F01,1,15.0,1433,4,0,4,0,0,0,0,,g00,pre100_post200
2389,SA16/F02_SA16_R01.txt,train,F02,1,14.995,1237,4,1,4,1,1,1,0,1.0,g00,pre100_post200
2390,SA16/F02_SA16_R02.txt,train,F02,1,15.0,1120,4,1,4,1,1,1,0,1.4,g00,pre100_post200
2391,SA16/F02_SA16_R03.txt,train,F02,1,15.0,1049,3,1,3,1,1,1,0,0.12,g00,pre100_post200
2392,SA16/F02_SA16_R04.txt,train,F02,1,15.0,950,3,1,3,1,1,1,0,0.275,g00,pre100_post200
2393,SA16/F02_SA16_R05.txt,train,F02,1,15.0,948,3,1,3,1,1,1,0,0.485,g00,pre100_post200
2394,SA16/F03_SA16_R01.txt,train,F03,1,15.0,1439,5,1,5,1,1,1,0,1.51,g00,pre100_post200
2395,SA16/F03_SA16_R02.txt,train,F03,1,15.0,1278,4,1,4,1,1,1,0,0.195,g00,pre100_post200
2396,SA16/F03_SA16_R03.txt,train,F03,1,15.0,1054,3,1,3,1,1,1,0,0.14,g00,pre100_post200
2397,SA16/F03_SA16_R04.txt,train,F03,1,15.0,1060,4,1,3,1,1,1,0,1.21,g00,pre100_post200
2398,SA16/F03_SA16_R05.txt,train,F03,1,15.0,1280,5,1,5,1,1,1,0,1.48,g00,pre100_post200
2399,SA16/F04_SA16_R01.txt,train,F04,1,14.995,1260,4,1,4,1,1,1,0,1.255,g00,pre100_post200
2400,SA16/F04_SA16_R02.txt,train,F04,1,15.0,1231,4,1,4,1,1,1,0,1.185,g00,pre100_post200
2401,SA16/F04_SA16_R03.txt,train,F04,1,15.0,1121,4,1,4,1,1,1,0,1.66,g00,pre100_post200
2402,SA16/F04_SA16_R04.txt,train,F04,1,15.0,1107,4,1,4,1,1,1,0,0.84,g00,pre100_post200
2403,SA16/F04_SA16_R05.txt,train,F04,1,15.0,1071,3,1,3,1,1,1,0,0.2,g00,pre100_post200
2404,SA16/F05_SA16_R01.txt,train,F05,1,15.0,1011,3,1,3,1,1,1,0,0.195,g00,pre100_post200
2405,SA16/F05_SA16_R02.txt,train,F05,1,15.0,1011,3,1,3,1,1,1,0,0.53,g00,pre100_post200
2406,SA16/F05_SA16_R03.txt,train,F05,1,15.0,907,3,1,2,1,1,1,0,0.16,g00,pre100_post200
2407,SA16/F05_SA16_R04.txt,train,F05,1,15.0,947,3,0,2,0,0,0,0,,g00,pre100_post200
2408,SA16/F05_SA16_R05.txt,train,F05,1,15.0,965,4,1,4,1,1,1,0,1.33,g00,pre100_post200
2409,SA16/F06_SA16_R01.txt,train,F06,1,14.995,1022,4,1,4,1,2,1,1,0.3,g00,pre100_post200
2410,SA16/F06_SA16_R02.txt,train,F06,1,15.0,1405,5,1,5,1,1,1,0,1.755,g00,pre100_post200
2411,SA16/F06_SA16_R03.txt,train,F06,1,15.0,1228,4,1,4,1,1,1,0,0.995,g00,pre100_post200
2412,SA16/F06_SA16_R04.txt,train,F06,1,15.0,1314,4,1,4,1,1,1,0,0.87,g00,pre100_post200
2413,SA16/F06_SA16_R05.txt,train,F06,1,15.0,1328,4,1,4,1,1,1,0,0.91,g00,pre100_post200
2414,SA16/F07_SA16_R01.txt,train,F07,1,15.0,1179,4,1,4,1,1,1,0,0.865,g00,pre100_post200
2415,SA16/F07_SA16_R02.txt,train,F07,1,15.0,1283,4,1,4,1,1,1,0,0.985,g00,pre100_post200
2416,SA16/F07_SA16_R03.txt,train,F07,1,15.0,1304,4,1,4,1,1,1,0,0.245,g00,pre100_post200
2417,SA16/F07_SA16_R04.txt,train,F07,1,15.0,1401,5,1,5,1,2,1,1,0.155,g00,pre100_post200
2418,SA16/F07_SA16_R05.txt,train,F07,1,15.0,1425,5,1,5,1,2,1,1,0.105,g00,pre100_post200
2419,SA16/F08_SA16_R01.txt,train,F08,1,15.0,1348,2,1,2,1,1,1,0,1.405,g00,pre100_post200
2420,SA16/F08_SA16_R02.txt,train,F08,1,15.0,1563,2,1,2,1,1,1,0,0.915,g00,pre100_post200
2421,SA16/F08_SA16_R03.txt,train,F08,1,15.0,1470,2,1,2,1,1,1,0,1.015,g00,pre100_post200
2422,SA16/F08_SA16_R04.txt,train,F08,1,15.0,1199,2,1,2,1,1,1,0,1.015,g00,pre100_post200
2423,SA16/F08_SA16_R05.txt,train,F08,1,15.0,1411,2,1,2,1,1,1,0,1.24,g00,pre100_post200
2424,SA16/F09_SA16_R01.txt,train,F09,1,15.0,1242,2,1,2,1,1,1,0,0.985,g00,pre100_post200
2425,SA16/F09_SA16_R02.txt,train,F09,1,15.0,1398,2,1,2,1,1,1,0,1.19,g00,pre100_post200
2426,SA16/F09_SA16_R03.txt,train,F09,1,15.0,1537,2,1,2,1,1,1,0,0.985,g00,pre100_post200
2427,SA16/F09_SA16_R04.txt,train,F09,1,15.0,1866,2,1,2,1,1,1,0,0.98,g00,pre100_post200
2428,SA16/F09_SA16_R05.txt,train,F09,1,15.0,1621,2,1,2,1,1,1,0,0.995,g00,pre100_post200
2429,SA16/F10_SA16_R01.txt,train,F10,1,15.0,807,1,1,1,1,1,1,0,0.82,g00,pre100_post200
2430,SA16/F10_SA16_R02.txt,train,F10,1,15.0,804,1,1,1,1,1,1,0,0.81,g00,pre100_post200
2431,SA16/F10_SA16_R03.txt,train,F10,1,15.0,755,1,1,1,1,1,1,0,0.825,g00,pre100_post200
2432,SA16/F10_SA16_R04.txt,train,F10,1,15.0,624,1,1,1,1,1,1,0,0.79,g00,pre100_post200
2433,SA16/F10_SA16_R05.txt,train,F10,1,15.0,901,2,1,2,1,1,1,0,1.21,g00,pre100_post200
2434,SA16/F11_SA16_R01.txt,train,F11,1,14.995,595,1,1,1,1,1,1,0,1.01,g00,pre100_post200
2435,SA16/F11_SA16_R02.txt,train,F11,1,15.0,561,1,1,1,1,1,1,0,1.005,g00,pre100_post200
2436,SA16/F11_SA16_R03.txt,train,F11,1,15.0,527,1,1,1,1,1,1,0,1.01,g00,pre100_post200
2437,SA16/F11_SA16_R04.txt,train,F11,1,15.0,536,1,1,1,1,1,1,0,1.005,g00,pre100_post200
2438,SA16/F11_SA16_R05.txt,train,F11,1,15.0,643,1,1,1,1,1,1,0,1.0,g00,pre100_post200
2439,SA16/F12_SA16_R01.txt,train,F12,1,15.0,918,1,1,1,1,1,1,0,0.96,g00,pre100_post200
2440,SA16/F12_SA16_R02.txt,train,F12,1,15.0,886,1,1,1,1,1,1,0,0.97,g00,pre100_post200
2441,SA16/F12_SA16_R03.txt,train,F12,1,15.0,938,2,1,2,1,1,1,0,0.995,g00,pre100_post200
2442,SA16/F12_SA16_R04.txt,train,F12,1,15.0,902,2,1,2,1,1,1,0,0.98,g00,pre100_post200
2443,SA16/F12_SA16_R05.txt,train,F12,1,15.0,917,1,1,1,1,1,1,0,0.94,g00,pre100_post200
2444,SA16/F13_SA16_R01.txt,train,F13,1,15.0,1199,1,1,1,1,1,1,0,0.54,g00,pre100_post200
2445,SA16/F13_SA16_R02.txt,train,F13,1,15.0,1328,1,1,1,1,1,1,0,0.33,g00,pre100_post200
2446,SA16/F13_SA16_R03.txt,train,F13,1,15.0,1452,1,1,1,1,1,1,0,0.435,g00,pre100_post200
2447,SA16/F13_SA16_R04.txt,train,F13,1,15.0,1123,1,1,1,1,1,1,0,0.265,g00,pre100_post200
2448,SA16/F13_SA16_R05.txt,train,F13,1,15.0,1498,1,1,1,1,1,1,0,0.59,g00,pre100_post200
2449,SA16/F14_SA16_R01.txt,train,F14,1,15.0,1300,1,1,1,1,1,1,0,0.99,g00,pre100_post200
2450,SA16/F14_SA16_R02.txt,train,F14,1,15.0,1824,1,1,1,1,1,1,0,0.995,g00,pre100_post200
2451,SA16/F14_SA16_R03.txt,train,F14,1,15.0,1587,1,1,1,1,1,1,0,0.925,g00,pre100_post200
2452,SA16/F14_SA16_R04.txt,train,F14,1,15.0,1703,1,1,1,1,1,1,0,0.91,g00,pre100_post200
2453,SA16/F14_SA16_R05.txt,train,F14,1,15.0,1298,1,1,1,1,1,1,0,0.97,g00,pre100_post200
2454,SA16/F15_SA16_R01.txt,train,F15,1,15.0,1172,1,1,1,1,1,1,0,0.925,g00,pre100_post200
2455,SA16/F15_SA16_R02.txt,train,F15,1,15.0,1658,1,1,1,1,1,1,0,0.9,g00,pre100_post200
2456,SA16/F15_SA16_R03.txt,train,F15,1,15.0,1438,1,1,1,1,1,1,0,0.905,g00,pre100_post200
2457,SA16/F15_SA16_R04.txt,train,F15,1,15.0,1263,1,1,1,1,1,1,0,0.835,g00,pre100_post200
2458,SA16/F15_SA16_R05.txt,train,F15,1,15.0,1079,1,1,1,1,1,1,0,0.985,g00,pre100_post200
2612,SA18/D01_SA18_R01.txt,train,D01,0,99.995,15273,51,0,51,0,0,0,0,,g00,pre100_post200
2613,SA18/D02_SA18_R01.txt,train,D02,0,100.0,16049,57,0,57,0,0,0,0,,g00,pre100_post200
2614,SA18/D03_SA18_R01.txt,train,D03,0,100.0,15540,62,0,61,0,0,0,0,,g00,pre100_post200
2615,SA18/D04_SA18_R01.txt,train,D04,0,100.0,889,59,0,57,0,0,0,0,,g00,pre100_post200
2616,SA18/D05_SA18_R01.txt,train,D05,0,25.0,4183,11,0,11,0,0,0,0,,g00,pre100_post200
2617,SA18/D05_SA18_R02.txt,train,D05,0,25.0,3920,10,0,10,0,0,0,0,,g00,pre100_post200
2618,SA18/D05_SA18_R03.txt,train,D05,0,25.0,4237,11,0,11,0,0,0,0,,g00,pre100_post200
2619,SA18/D05_SA18_R04.txt,train,D05,0,25.0,3766,11,0,11,0,0,0,0,,g00,pre100_post200
2620,SA18/D05_SA18_R05.txt,train,D05,0,25.0,3809,11,0,11,0,0,0,0,,g00,pre100_post200
2621,SA18/D06_SA18_R01.txt,train,D06,0,24.995,2639,5,0,5,0,0,0,0,,g00,pre100_post200
2622,SA18/D06_SA18_R02.txt,train,D06,0,25.0,1833,6,0,6,0,0,0,0,,g00,pre100_post200
2623,SA18/D06_SA18_R03.txt,train,D06,0,25.0,1940,6,0,6,0,0,0,0,,g00,pre100_post200
2624,SA18/D06_SA18_R04.txt,train,D06,0,25.0,1924,5,0,5,0,0,0,0,,g00,pre100_post200
2625,SA18/D06_SA18_R05.txt,train,D06,0,25.0,2262,6,0,6,0,0,0,0,,g00,pre100_post200
2626,SA18/D07_SA18_R01.txt,train,D07,0,12.0,1082,2,0,2,0,0,0,0,,g00,pre100_post200
2627,SA18/D07_SA18_R02.txt,train,D07,0,12.0,860,2,0,2,0,0,0,0,,g00,pre100_post200
2628,SA18/D07_SA18_R03.txt,train,D07,0,12.0,1089,2,0,2,0,0,0,0,,g00,pre100_post200
2629,SA18/D07_SA18_R04.txt,train,D07,0,12.0,744,2,0,2,0,0,0,0,,g00,pre100_post200
2630,SA18/D07_SA18_R05.txt,train,D07,0,12.0,984,2,0,2,0,0,0,0,,g00,pre100_post200
2631,SA18/D08_SA18_R01.txt,train,D08,0,12.0,493,2,0,2,0,0,0,0,,g00,pre100_post200
2632,SA18/D08_SA18_R02.txt,train,D08,0,12.0,259,2,0,2,0,0,0,0,,g00,pre100_post200
2633,SA18/D08_SA18_R03.txt,train,D08,0,12.0,552,3,0,3,0,0,0,0,,g00,pre100_post200
2634,SA18/D08_SA18_R04.txt,train,D08,0,12.0,680,2,0,2,0,0,0,0,,g00,pre100_post200
2635,SA18/D08_SA18_R05.txt,train,D08,0,12.0,615,2,0,2,0,0,0,0,,g00,pre100_post200
2636,SA18/D09_SA18_R01.txt,train,D09,0,12.0,807,2,0,2,0,0,0,0,,g00,pre100_post200
2637,SA18/D09_SA18_R02.txt,train,D09,0,12.0,997,2,0,2,0,0,0,0,,g00,pre100_post200
2638,SA18/D09_SA18_R03.txt,train,D09,0,12.0,831,2,0,2,0,0,0,0,,g00,pre100_post200
2639,SA18/D09_SA18_R04.txt,train,D09,0,12.0,1078,2,0,2,0,0,0,0,,g00,pre100_post200
2640,SA18/D09_SA18_R05.txt,train,D09,0,12.0,944,2,0,2,0,0,0,0,,g00,pre100_post200
2641,SA18/D10_SA18_R01.txt,train,D10,0,12.0,706,2,0,2,0,0,0,0,,g00,pre100_post200
2642,SA18/D10_SA18_R02.txt,train,D10,0,12.0,694,2,0,2,0,0,0,0,,g00,pre100_post200
2643,SA18/D10_SA18_R03.txt,train,D10,0,12.0,601,2,0,2,0,0,0,0,,g00,pre100_post200
2644,SA18/D10_SA18_R04.txt,train,D10,0,12.0,613,2,0,2,0,0,0,0,,g00,pre100_post200
2645,SA18/D10_SA18_R05.txt,train,D10,0,12.0,631,2,0,2,0,0,0,0,,g00,pre100_post200
2646,SA18/D11_SA18_R01.txt,train,D11,0,11.995,1295,2,0,2,0,0,0,0,,g00,pre100_post200
2647,SA18/D11_SA18_R02.txt,train,D11,0,12.0,1162,1,0,1,0,0,0,0,,g00,pre100_post200
2648,SA18/D11_SA18_R03.txt,train,D11,0,12.0,1368,2,0,2,0,0,0,0,,g00,pre100_post200
2649,SA18/D11_SA18_R04.txt,train,D11,0,12.0,1269,2,0,2,0,0,0,0,,g00,pre100_post200
2650,SA18/D11_SA18_R05.txt,train,D11,0,12.0,1318,2,0,2,0,0,0,0,,g00,pre100_post200
2651,SA18/D12_SA18_R01.txt,train,D12,0,12.0,851,1,0,1,0,0,0,0,,g00,pre100_post200
2652,SA18/D12_SA18_R02.txt,train,D12,0,12.0,969,1,0,1,0,0,0,0,,g00,pre100_post200
2653,SA18/D12_SA18_R03.txt,train,D12,0,12.0,819,0,0,0,0,0,0,0,,g00,pre100_post200
2654,SA18/D12_SA18_R04.txt,train,D12,0,12.0,924,1,0,1,0,0,0,0,,g00,pre100_post200
2655,SA18/D12_SA18_R05.txt,train,D12,0,12.0,866,0,0,0,0,0,0,0,,g00,pre100_post200
2656,SA18/D13_SA18_R01.txt,train,D13,0,12.0,691,2,0,2,0,0,0,0,,g00,pre100_post200
2657,SA18/D13_SA18_R02.txt,train,D13,0,12.0,909,2,0,2,0,0,0,0,,g00,pre100_post200
2658,SA18/D13_SA18_R03.txt,train,D13,0,12.0,769,2,0,2,0,0,0,0,,g00,pre100_post200
2659,SA18/D13_SA18_R04.txt,train,D13,0,12.0,689,2,0,2,0,0,0,0,,g00,pre100_post200
2660,SA18/D13_SA18_R05.txt,train,D13,0,12.0,1163,2,0,2,0,0,0,0,,g00,pre100_post200
2661,SA18/D14_SA18_R01.txt,train,D14,0,12.0,1974,2,0,2,0,0,0,0,,g00,pre100_post200
2662,SA18/D14_SA18_R02.txt,train,D14,0,12.0,1931,0,0,0,0,0,0,0,,g00,pre100_post200
2663,SA18/D14_SA18_R03.txt,train,D14,0,12.0,1611,0,0,0,0,0,0,0,,g00,pre100_post200
2664,SA18/D14_SA18_R04.txt,train,D14,0,12.0,821,2,0,2,0,0,0,0,,g00,pre100_post200
2665,SA18/D14_SA18_R05.txt,train,D14,0,12.0,1859,1,0,1,0,0,0,0,,g00,pre100_post200
2666,SA18/D15_SA18_R01.txt,train,D15,0,12.0,2040,2,0,2,0,0,0,0,,g00,pre100_post200
2667,SA18/D15_SA18_R02.txt,train,D15,0,12.0,787,2,0,2,0,0,0,0,,g00,pre100_post200
2668,SA18/D15_SA18_R03.txt,train,D15,0,12.0,990,2,0,2,0,0,0,0,,g00,pre100_post200
2669,SA18/D15_SA18_R04.txt,train,D15,0,12.0,791,2,0,2,0,0,0,0,,g00,pre100_post200
2670,SA18/D15_SA18_R05.txt,train,D15,0,12.0,612,2,0,2,0,0,0,0,,g00,pre100_post200
2671,SA18/D16_SA18_R01.txt,train,D16,0,11.995,641,0,0,0,0,0,0,0,,g00,pre100_post200
2672,SA18/D16_SA18_R02.txt,train,D16,0,12.0,626,0,0,0,0,0,0,0,,g00,pre100_post200
2673,SA18/D16_SA18_R03.txt,train,D16,0,12.0,594,0,0,0,0,0,0,0,,g00,pre100_post200
2674,SA18/D16_SA18_R04.txt,train,D16,0,12.0,557,0,0,0,0,0,0,0,,g00,pre100_post200
2675,SA18/D16_SA18_R05.txt,train,D16,0,12.0,761,0,0,0,0,0,0,0,,g00,pre100_post200
2676,SA18/D17_SA18_R01.txt,train,D17,0,24.995,1256,4,0,4,0,0,0,0,,g00,pre100_post200
2677,SA18/D17_SA18_R02.txt,train,D17,0,25.0,3783,3,0,3,0,0,0,0,,g00,pre100_post200
2678,SA18/D17_SA18_R03.txt,train,D17,0,25.0,1829,3,0,3,0,0,0,0,,g00,pre100_post200
2679,SA18/D17_SA18_R04.txt,train,D17,0,25.0,1648,2,0,2,0,0,0,0,,g00,pre100_post200
2680,SA18/D17_SA18_R05.txt,train,D17,0,24.995,3644,4,0,4,0,0,0,0,,g00,pre100_post200
2681,SA18/D18_SA18_R01.txt,train,D18,0,12.0,1158,5,0,5,0,0,0,0,,g00,pre100_post200
2682,SA18/D18_SA18_R02.txt,train,D18,0,12.0,1230,6,0,6,0,1,0,1,,g00,pre100_post200
2683,SA18/D18_SA18_R03.txt,train,D18,0,12.0,972,6,0,6,0,0,0,0,,g00,pre100_post200
2684,SA18/D18_SA18_R04.txt,train,D18,0,12.0,1087,6,0,5,0,0,0,0,,g00,pre100_post200
2685,SA18/D18_SA18_R05.txt,train,D18,0,12.0,959,6,0,6,0,0,0,0,,g00,pre100_post200
2686,SA18/D19_SA18_R01.txt,train,D19,0,12.0,1289,2,0,2,0,0,0,0,,g00,pre100_post200
2687,SA18/D19_SA18_R02.txt,train,D19,0,12.0,603,2,0,2,0,0,0,0,,g00,pre100_post200
2688,SA18/D19_SA18_R03.txt,train,D19,0,12.0,1498,2,0,2,0,0,0,0,,g00,pre100_post200
2689,SA18/D19_SA18_R04.txt,train,D19,0,12.0,641,2,0,2,0,0,0,0,,g00,pre100_post200
2690,SA18/D19_SA18_R05.txt,train,D19,0,12.0,612,2,0,2,0,0,0,0,,g00,pre100_post200
2691,SA18/F01_SA18_R01.txt,train,F01,1,14.995,1440,4,1,4,1,1,1,0,0.685,g00,pre100_post200
2692,SA18/F01_SA18_R02.txt,train,F01,1,15.0,1024,4,1,4,1,1,1,0,0.43,g00,pre100_post200
2693,SA18/F01_SA18_R03.txt,train,F01,1,15.0,1301,4,1,4,1,1,1,0,1.54,g00,pre100_post200
2694,SA18/F01_SA18_R04.txt,train,F01,1,15.0,1218,4,1,4,1,1,1,0,0.62,g00,pre100_post200
2695,SA18/F01_SA18_R05.txt,train,F01,1,15.0,1175,4,1,4,1,1,1,0,1.32,g00,pre100_post200
2696,SA18/F02_SA18_R01.txt,train,F02,1,15.0,1356,4,1,4,1,1,1,0,0.07,g00,pre100_post200
2697,SA18/F02_SA18_R02.txt,train,F02,1,15.0,1435,4,1,4,1,1,1,0,0.385,g00,pre100_post200
2698,SA18/F02_SA18_R03.txt,train,F02,1,15.0,1410,5,1,5,1,1,1,0,1.23,g00,pre100_post200
2699,SA18/F02_SA18_R04.txt,train,F02,1,15.0,1412,5,1,5,1,1,1,0,1.595,g00,pre100_post200
2700,SA18/F02_SA18_R05.txt,train,F02,1,15.0,1366,5,1,5,1,1,1,0,1.6,g00,pre100_post200
2701,SA18/F03_SA18_R01.txt,train,F03,1,15.0,1002,3,1,3,1,1,1,0,0.975,g00,pre100_post200
2702,SA18/F03_SA18_R02.txt,train,F03,1,15.0,1220,4,1,4,1,1,1,0,1.01,g00,pre100_post200
2703,SA18/F03_SA18_R03.txt,train,F03,1,15.0,1193,4,1,4,1,1,1,0,1.24,g00,pre100_post200
2704,SA18/F03_SA18_R04.txt,train,F03,1,15.0,1199,4,1,4,1,1,1,0,1.21,g00,pre100_post200
2705,SA18/F03_SA18_R05.txt,train,F03,1,15.0,1227,4,1,4,1,1,1,0,1.005,g00,pre100_post200
2706,SA18/F04_SA18_R01.txt,train,F04,1,15.0,1245,4,1,4,1,1,1,0,0.815,g00,pre100_post200
2707,SA18/F04_SA18_R02.txt,train,F04,1,15.0,1095,3,0,3,0,0,0,0,,g00,pre100_post200
2708,SA18/F04_SA18_R03.txt,train,F04,1,15.0,1117,4,1,4,1,1,1,0,1.2,g00,pre100_post200
2709,SA18/F04_SA18_R04.txt,train,F04,1,15.0,1179,4,1,4,1,1,1,0,0.775,g00,pre100_post200
2710,SA18/F04_SA18_R05.txt,train,F04,1,15.0,1255,4,1,4,1,1,1,0,0.655,g00,pre100_post200
2711,SA18/F05_SA18_R01.txt,train,F05,1,15.0,1032,4,1,4,1,1,1,0,0.085,g00,pre100_post200
2712,SA18/F05_SA18_R02.txt,train,F05,1,15.0,1097,5,1,3,1,1,1,0,0.765,g00,pre100_post200
2713,SA18/F05_SA18_R03.txt,train,F05,1,15.0,1166,4,1,4,1,1,1,0,1.24,g00,pre100_post200
2714,SA18/F05_SA18_R04.txt,train,F05,1,15.0,1318,5,1,5,1,1,1,0,0.085,g00,pre100_post200
2715,SA18/F05_SA18_R05.txt,train,F05,1,15.0,1266,4,1,4,1,1,1,0,0.405,g00,pre100_post200
2716,SA18/F06_SA18_R01.txt,train,F06,1,14.995,1441,4,1,4,1,1,1,0,0.99,g00,pre100_post200
2717,SA18/F06_SA18_R02.txt,train,F06,1,15.0,1384,4,1,4,1,1,1,0,1.0,g00,pre100_post200
2718,SA18/F06_SA18_R03.txt,train,F06,1,15.0,1513,4,1,4,1,1,1,0,0.835,g00,pre100_post200
2719,SA18/F06_SA18_R04.txt,train,F06,1,15.0,1360,4,1,4,1,1,1,0,0.855,g00,pre100_post200
2720,SA18/F06_SA18_R05.txt,train,F06,1,15.0,1653,6,1,6,1,1,1,0,1.205,g00,pre100_post200
2721,SA18/F07_SA18_R01.txt,train,F07,1,15.0,1568,4,1,4,1,0,0,0,,g00,pre100_post200
2722,SA18/F07_SA18_R02.txt,train,F07,1,15.0,1386,4,1,4,1,1,1,0,0.82,g00,pre100_post200
2723,SA18/F07_SA18_R03.txt,train,F07,1,15.0,1465,4,1,4,1,1,1,0,0.955,g00,pre100_post200
2724,SA18/F07_SA18_R04.txt,train,F07,1,15.0,1466,4,1,4,1,1,1,0,0.96,g00,pre100_post200
2725,SA18/F07_SA18_R05.txt,train,F07,1,15.0,1276,3,1,3,1,0,0,0,,g00,pre100_post200
2726,SA18/F08_SA18_R01.txt,train,F08,1,15.0,1421,2,1,2,1,1,1,0,0.775,g00,pre100_post200
2727,SA18/F08_SA18_R02.txt,train,F08,1,15.0,1256,2,1,2,1,1,1,0,1.195,g00,pre100_post200
2728,SA18/F08_SA18_R03.txt,train,F08,1,15.0,1209,2,1,2,1,1,1,0,0.685,g00,pre100_post200
2729,SA18/F08_SA18_R04.txt,train,F08,1,15.0,1325,2,1,2,1,1,1,0,0.795,g00,pre100_post200
2730,SA18/F08_SA18_R05.txt,train,F08,1,15.0,1269,2,1,2,1,1,1,0,0.825,g00,pre100_post200
2731,SA18/F09_SA18_R01.txt,train,F09,1,15.0,1039,2,1,2,1,1,1,0,1.405,g00,pre100_post200
2732,SA18/F09_SA18_R02.txt,train,F09,1,15.0,1229,2,1,2,1,1,1,0,1.21,g00,pre100_post200
2733,SA18/F09_SA18_R03.txt,train,F09,1,15.0,1281,2,1,2,1,1,1,0,1.195,g00,pre100_post200
2734,SA18/F09_SA18_R04.txt,train,F09,1,15.0,1261,2,1,2,1,1,1,0,1.22,g00,pre100_post200
2735,SA18/F09_SA18_R05.txt,train,F09,1,15.0,1318,2,1,2,1,1,1,0,0.68,g00,pre100_post200
2736,SA18/F10_SA18_R01.txt,train,F10,1,15.0,1110,2,1,2,1,0,0,0,,g00,pre100_post200
2737,SA18/F10_SA18_R02.txt,train,F10,1,15.0,1305,2,1,2,1,0,0,0,,g00,pre100_post200
2738,SA18/F10_SA18_R03.txt,train,F10,1,15.0,1300,1,1,1,1,1,1,0,0.89,g00,pre100_post200
2739,SA18/F10_SA18_R04.txt,train,F10,1,15.0,1415,2,1,2,1,0,0,0,,g00,pre100_post200
2740,SA18/F10_SA18_R05.txt,train,F10,1,15.0,1461,2,1,2,1,0,0,0,,g00,pre100_post200
2741,SA18/F11_SA18_R01.txt,train,F11,1,14.995,895,1,1,1,1,1,1,0,0.355,g00,pre100_post200
2742,SA18/F11_SA18_R02.txt,train,F11,1,15.0,1131,1,1,1,1,1,1,0,0.59,g00,pre100_post200
2743,SA18/F11_SA18_R03.txt,train,F11,1,15.0,1086,1,1,1,1,1,1,0,0.99,g00,pre100_post200
2744,SA18/F11_SA18_R04.txt,train,F11,1,15.0,1322,1,1,1,1,1,1,0,1.0,g00,pre100_post200
2745,SA18/F11_SA18_R05.txt,train,F11,1,15.0,1151,1,1,1,1,1,1,0,0.995,g00,pre100_post200
2746,SA18/F12_SA18_R01.txt,train,F12,1,15.0,989,1,1,1,1,1,1,0,0.98,g00,pre100_post200
2747,SA18/F12_SA18_R02.txt,train,F12,1,15.0,1115,1,1,1,1,1,1,0,0.19,g00,pre100_post200
2748,SA18/F12_SA18_R03.txt,train,F12,1,15.0,1126,2,1,2,1,1,1,0,1.42,g00,pre100_post200
2749,SA18/F12_SA18_R04.txt,train,F12,1,15.0,1120,1,1,1,1,1,1,0,1.005,g00,pre100_post200
2750,SA18/F12_SA18_R05.txt,train,F12,1,15.0,1144,1,1,1,1,1,1,0,1.0,g00,pre100_post200
2751,SA18/F13_SA18_R01.txt,train,F13,1,15.0,1125,1,1,1,1,1,1,0,0.875,g00,pre100_post200
2752,SA18/F13_SA18_R02.txt,train,F13,1,15.0,1276,1,1,1,1,1,1,0,0.86,g00,pre100_post200
2753,SA18/F13_SA18_R03.txt,train,F13,1,15.0,1442,1,1,1,1,0,0,0,,g00,pre100_post200
2754,SA18/F13_SA18_R04.txt,train,F13,1,15.0,1385,2,1,2,1,1,1,0,1.27,g00,pre100_post200
2755,SA18/F13_SA18_R05.txt,train,F13,1,15.0,1291,1,1,1,1,1,1,0,0.97,g00,pre100_post200
2756,SA18/F14_SA18_R01.txt,train,F14,1,15.0,1274,1,1,1,1,1,1,0,0.835,g00,pre100_post200
2757,SA18/F14_SA18_R02.txt,train,F14,1,15.0,1011,1,1,1,1,1,1,0,0.93,g00,pre100_post200
2758,SA18/F14_SA18_R03.txt,train,F14,1,15.0,973,1,1,1,1,1,1,0,0.915,g00,pre100_post200
2759,SA18/F14_SA18_R04.txt,train,F14,1,15.0,1004,1,1,1,1,1,1,0,0.89,g00,pre100_post200
2760,SA18/F14_SA18_R05.txt,train,F14,1,15.0,1010,1,1,1,1,1,1,0,0.895,g00,pre100_post200
2761,SA18/F15_SA18_R01.txt,train,F15,1,15.0,1187,1,1,1,1,1,1,0,0.985,g00,pre100_post200
2762,SA18/F15_SA18_R02.txt,train,F15,1,15.0,1161,1,1,1,1,1,1,0,0.93,g00,pre100_post200
2763,SA18/F15_SA18_R03.txt,train,F15,1,15.0,1399,1,1,1,1,1,1,0,0.855,g00,pre100_post200
2764,SA18/F15_SA18_R04.txt,train,F15,1,15.0,1173,1,1,1,1,1,1,0,0.97,g00,pre100_post200
2765,SA18/F15_SA18_R05.txt,train,F15,1,15.0,1351,1,1,1,1,1,1,0,0.985,g00,pre100_post200
2920,SA20/D01_SA20_R01.txt,train,D01,0,99.985,4450,59,0,59,0,0,0,0,,g00,pre100_post200
2921,SA20/D02_SA20_R01.txt,train,D02,0,99.995,11536,61,0,61,0,0,0,0,,g00,pre100_post200
2922,SA20/D03_SA20_R01.txt,train,D03,0,100.0,10420,57,0,56,0,0,0,0,,g00,pre100_post200
2923,SA20/D04_SA20_R01.txt,train,D04,0,100.0,3921,62,0,61,0,0,0,0,,g00,pre100_post200
2924,SA20/D05_SA20_R01.txt,train,D05,0,25.0,4883,12,0,11,0,0,0,0,,g00,pre100_post200
2925,SA20/D05_SA20_R02.txt,train,D05,0,25.0,1184,11,0,11,0,0,0,0,,g00,pre100_post200
2926,SA20/D05_SA20_R03.txt,train,D05,0,25.0,4070,10,0,10,0,0,0,0,,g00,pre100_post200
2927,SA20/D05_SA20_R04.txt,train,D05,0,25.0,4381,11,0,11,0,0,0,0,,g00,pre100_post200
2928,SA20/D05_SA20_R05.txt,train,D05,0,25.0,4188,12,0,12,0,0,0,0,,g00,pre100_post200
2929,SA20/D06_SA20_R01.txt,train,D06,0,24.995,988,6,0,6,0,0,0,0,,g00,pre100_post200
2930,SA20/D06_SA20_R03.txt,train,D06,0,24.99,1227,4,0,4,0,0,0,0,,g00,pre100_post200
2931,SA20/D06_SA20_R04.txt,train,D06,0,25.0,872,6,0,6,0,0,0,0,,g00,pre100_post200
2932,SA20/D06_SA20_R05.txt,train,D06,0,25.0,869,5,0,5,0,0,0,0,,g00,pre100_post200
2933,SA20/D07_SA20_R01.txt,train,D07,0,12.0,1964,1,0,1,0,0,0,0,,g00,pre100_post200
2934,SA20/D07_SA20_R02.txt,train,D07,0,12.0,766,2,0,2,0,0,0,0,,g00,pre100_post200
2935,SA20/D07_SA20_R03.txt,train,D07,0,12.0,1805,0,0,0,0,0,0,0,,g00,pre100_post200
2936,SA20/D07_SA20_R04.txt,train,D07,0,12.0,814,2,0,2,0,0,0,0,,g00,pre100_post200
2937,SA20/D07_SA20_R05.txt,train,D07,0,12.0,1941,0,0,0,0,0,0,0,,g00,pre100_post200
2938,SA20/D08_SA20_R01.txt,train,D08,0,12.0,557,2,0,2,0,0,0,0,,g00,pre100_post200
2939,SA20/D08_SA20_R02.txt,train,D08,0,12.0,296,2,0,2,0,0,0,0,,g00,pre100_post200
2940,SA20/D08_SA20_R03.txt,train,D08,0,12.0,1104,2,0,2,0,0,0,0,,g00,pre100_post200
2941,SA20/D08_SA20_R04.txt,train,D08,0,12.0,823,2,0,2,0,0,0,0,,g00,pre100_post200
2942,SA20/D08_SA20_R05.txt,train,D08,0,12.0,822,2,0,2,0,0,0,0,,g00,pre100_post200
2943,SA20/D09_SA20_R01.txt,train,D09,0,12.0,819,2,0,2,0,0,0,0,,g00,pre100_post200
2944,SA20/D09_SA20_R02.txt,train,D09,0,12.0,1024,2,0,2,0,0,0,0,,g00,pre100_post200
2945,SA20/D09_SA20_R03.txt,train,D09,0,12.0,951,2,0,2,0,0,0,0,,g00,pre100_post200
2946,SA20/D09_SA20_R04.txt,train,D09,0,12.0,1556,2,0,2,0,0,0,0,,g00,pre100_post200
2947,SA20/D09_SA20_R05.txt,train,D09,0,12.0,2108,2,0,2,0,0,0,0,,g00,pre100_post200
2948,SA20/D10_SA20_R01.txt,train,D10,0,12.0,506,2,0,2,0,0,0,0,,g00,pre100_post200
2949,SA20/D10_SA20_R02.txt,train,D10,0,12.0,1480,2,0,2,0,0,0,0,,g00,pre100_post200
2950,SA20/D10_SA20_R03.txt,train,D10,0,11.97,1593,2,0,2,0,0,0,0,,g00,pre100_post200
2951,SA20/D10_SA20_R04.txt,train,D10,0,12.0,1836,2,0,2,0,0,0,0,,g00,pre100_post200
2952,SA20/D10_SA20_R05.txt,train,D10,0,12.0,1571,2,0,2,0,0,0,0,,g00,pre100_post200
2953,SA20/D11_SA20_R01.txt,train,D11,0,11.995,1000,1,0,1,0,0,0,0,,g00,pre100_post200
2954,SA20/D11_SA20_R02.txt,train,D11,0,12.0,1110,1,0,1,0,0,0,0,,g00,pre100_post200
2955,SA20/D11_SA20_R03.txt,train,D11,0,12.0,1438,1,0,1,0,0,0,0,,g00,pre100_post200
2956,SA20/D11_SA20_R04.txt,train,D11,0,12.0,1071,1,0,1,0,0,0,0,,g00,pre100_post200
2957,SA20/D11_SA20_R05.txt,train,D11,0,12.0,1207,1,0,1,0,0,0,0,,g00,pre100_post200
2958,SA20/D12_SA20_R01.txt,train,D12,0,12.0,900,0,0,0,0,0,0,0,,g00,pre100_post200
2959,SA20/D12_SA20_R02.txt,train,D12,0,12.0,561,0,0,0,0,0,0,0,,g00,pre100_post200
2960,SA20/D12_SA20_R03.txt,train,D12,0,12.0,1868,0,0,0,0,0,0,0,,g00,pre100_post200
2961,SA20/D12_SA20_R04.txt,train,D12,0,12.0,553,0,0,0,0,0,0,0,,g00,pre100_post200
2962,SA20/D12_SA20_R05.txt,train,D12,0,12.0,820,1,0,1,0,0,0,0,,g00,pre100_post200
2963,SA20/D13_SA20_R01.txt,train,D13,0,12.0,491,2,0,2,0,0,0,0,,g00,pre100_post200
2964,SA20/D13_SA20_R02.txt,train,D13,0,11.98,617,2,0,2,0,0,0,0,,g00,pre100_post200
2965,SA20/D13_SA20_R03.txt,train,D13,0,12.0,1297,2,0,2,0,0,0,0,,g00,pre100_post200
2966,SA20/D13_SA20_R04.txt,train,D13,0,12.0,452,2,0,2,0,0,0,0,,g00,pre100_post200
2967,SA20/D13_SA20_R05.txt,train,D13,0,12.0,1211,2,0,2,0,0,0,0,,g00,pre100_post200
2968,SA20/D14_SA20_R01.txt,train,D14,0,12.0,1111,0,0,0,0,0,0,0,,g00,pre100_post200
2969,SA20/D14_SA20_R02.txt,train,D14,0,12.0,831,1,0,1,0,0,0,0,,g00,pre100_post200
2970,SA20/D14_SA20_R03.txt,train,D14,0,12.0,1404,0,0,0,0,0,0,0,,g00,pre100_post200
2971,SA20/D14_SA20_R04.txt,train,D14,0,12.0,680,1,0,1,0,0,0,0,,g00,pre100_post200
2972,SA20/D14_SA20_R05.txt,train,D14,0,12.0,1096,1,0,1,0,0,0,0,,g00,pre100_post200
2973,SA20/D15_SA20_R01.txt,train,D15,0,12.0,1727,1,0,1,0,0,0,0,,g00,pre100_post200
2974,SA20/D15_SA20_R02.txt,train,D15,0,12.0,1144,2,0,2,0,0,0,0,,g00,pre100_post200
2975,SA20/D15_SA20_R03.txt,train,D15,0,12.0,1707,2,0,2,0,0,0,0,,g00,pre100_post200
2976,SA20/D15_SA20_R04.txt,train,D15,0,12.0,1843,0,0,0,0,0,0,0,,g00,pre100_post200
2977,SA20/D15_SA20_R05.txt,train,D15,0,12.0,1121,1,0,1,0,0,0,0,,g00,pre100_post200
2978,SA20/D16_SA20_R01.txt,train,D16,0,11.995,878,1,0,1,0,0,0,0,,g00,pre100_post200
2979,SA20/D16_SA20_R02.txt,train,D16,0,12.0,793,0,0,0,0,0,0,0,,g00,pre100_post200
2980,SA20/D16_SA20_R03.txt,train,D16,0,12.0,645,0,0,0,0,0,0,0,,g00,pre100_post200
2981,SA20/D16_SA20_R04.txt,train,D16,0,12.0,1224,0,0,0,0,0,0,0,,g00,pre100_post200
2982,SA20/D16_SA20_R05.txt,train,D16,0,12.0,682,0,0,0,0,0,0,0,,g00,pre100_post200
2983,SA20/D17_SA20_R01.txt,train,D17,0,24.995,4600,5,0,5,0,0,0,0,,g00,pre100_post200
2984,SA20/D17_SA20_R03.txt,train,D17,0,25.0,4134,3,0,3,0,0,0,0,,g00,pre100_post200
2985,SA20/D17_SA20_R04.txt,train,D17,0,25.0,4320,4,0,4,0,0,0,0,,g00,pre100_post200
2986,SA20/D17_SA20_R05.txt,train,D17,0,25.0,1793,4,0,4,0,0,0,0,,g00,pre100_post200
2987,SA20/D18_SA20_R01.txt,train,D18,0,12.0,1101,6,0,6,0,0,0,0,,g00,pre100_post200
2988,SA20/D18_SA20_R02.txt,train,D18,0,12.0,1309,6,0,6,0,0,0,0,,g00,pre100_post200
2989,SA20/D18_SA20_R03.txt,train,D18,0,12.0,1522,6,0,5,0,0,0,0,,g00,pre100_post200
2990,SA20/D18_SA20_R04.txt,train,D18,0,12.0,1269,7,0,6,0,0,0,0,,g00,pre100_post200
2991,SA20/D18_SA20_R05.txt,train,D18,0,11.995,1259,6,0,6,0,0,0,0,,g00,pre100_post200
2992,SA20/D19_SA20_R01.txt,train,D19,0,12.0,1364,2,0,2,0,1,0,1,,g00,pre100_post200
2993,SA20/D19_SA20_R02.txt,train,D19,0,12.0,721,2,0,2,0,2,0,2,,g00,pre100_post200
2994,SA20/D19_SA20_R03.txt,train,D19,0,12.0,1540,2,0,2,0,1,0,1,,g00,pre100_post200
2995,SA20/D19_SA20_R04.txt,train,D19,0,12.0,846,2,0,2,0,2,0,2,,g00,pre100_post200
2996,SA20/D19_SA20_R05.txt,train,D19,0,12.0,718,2,0,2,0,2,0,2,,g00,pre100_post200
2997,SA20/F01_SA20_R01.txt,train,F01,1,14.995,1174,4,1,4,1,0,0,0,,g00,pre100_post200
2998,SA20/F01_SA20_R02.txt,train,F01,1,15.0,1784,5,1,5,1,1,1,0,0.875,g00,pre100_post200
2999,SA20/F01_SA20_R04.txt,train,F01,1,15.0,2244,6,1,6,1,1,1,0,0.95,g00,pre100_post200
3000,SA20/F01_SA20_R05.txt,train,F01,1,15.0,1616,5,1,5,1,1,1,0,1.025,g00,pre100_post200
3001,SA20/F02_SA20_R01.txt,train,F02,1,15.0,1511,5,1,5,1,1,1,0,1.255,g00,pre100_post200
3002,SA20/F02_SA20_R02.txt,train,F02,1,15.0,2047,6,1,6,1,1,1,0,0.44,g00,pre100_post200
3003,SA20/F02_SA20_R03.txt,train,F02,1,15.0,1994,6,1,6,1,1,1,0,0.66,g00,pre100_post200
3004,SA20/F02_SA20_R04.txt,train,F02,1,15.0,1856,5,1,5,1,0,0,0,,g00,pre100_post200
3005,SA20/F02_SA20_R05.txt,train,F02,1,14.995,1580,5,1,5,1,1,1,0,0.955,g00,pre100_post200
3006,SA20/F03_SA20_R01.txt,train,F03,1,15.0,1691,5,1,5,1,0,0,0,,g00,pre100_post200
3007,SA20/F03_SA20_R02.txt,train,F03,1,15.0,1672,5,1,5,1,0,0,0,,g00,pre100_post200
3008,SA20/F03_SA20_R03.txt,train,F03,1,15.0,1839,6,1,6,1,1,1,0,1.36,g00,pre100_post200
3009,SA20/F03_SA20_R04.txt,train,F03,1,15.0,2125,6,1,6,1,1,1,0,1.535,g00,pre100_post200
3010,SA20/F03_SA20_R05.txt,train,F03,1,14.995,1654,6,1,5,1,1,1,0,0.695,g00,pre100_post200
3011,SA20/F04_SA20_R01.txt,train,F04,1,15.0,1343,5,1,5,1,1,1,0,1.34,g00,pre100_post200
3012,SA20/F04_SA20_R02.txt,train,F04,1,15.0,1499,5,1,5,1,0,0,0,,g00,pre100_post200
3013,SA20/F04_SA20_R03.txt,train,F04,1,15.0,1613,5,1,5,1,1,1,0,0.82,g00,pre100_post200
3014,SA20/F04_SA20_R04.txt,train,F04,1,15.0,1549,5,1,5,1,0,0,0,,g00,pre100_post200
3015,SA20/F04_SA20_R05.txt,train,F04,1,15.0,1400,4,1,4,1,0,0,0,,g00,pre100_post200
3016,SA20/F05_SA20_R01.txt,train,F05,1,15.0,1033,4,1,4,1,1,0,1,,g00,pre100_post200
3017,SA20/F05_SA20_R02.txt,train,F05,1,15.0,883,3,1,3,1,1,1,0,0.92,g00,pre100_post200
3018,SA20/F05_SA20_R03.txt,train,F05,1,15.0,824,3,1,3,1,1,1,0,0.865,g00,pre100_post200
3019,SA20/F05_SA20_R04.txt,train,F05,1,15.0,907,3,1,3,1,1,1,0,0.53,g00,pre100_post200
3020,SA20/F05_SA20_R05.txt,train,F05,1,15.0,1128,4,1,4,1,1,1,0,1.655,g00,pre100_post200
3021,SA20/F06_SA20_R01.txt,train,F06,1,14.995,1643,5,1,5,1,1,1,0,1.175,g00,pre100_post200
3022,SA20/F06_SA20_R02.txt,train,F06,1,15.0,1751,6,1,6,1,1,1,0,1.58,g00,pre100_post200
3023,SA20/F06_SA20_R03.txt,train,F06,1,15.0,1674,6,1,6,1,2,1,1,0.115,g00,pre100_post200
3024,SA20/F06_SA20_R04.txt,train,F06,1,15.0,1748,6,1,6,1,1,1,0,1.58,g00,pre100_post200
3025,SA20/F06_SA20_R05.txt,train,F06,1,15.0,1902,6,1,6,1,1,1,0,0.975,g00,pre100_post200
3026,SA20/F07_SA20_R01.txt,train,F07,1,15.0,1633,5,1,5,1,1,1,0,0.71,g00,pre100_post200
3027,SA20/F07_SA20_R02.txt,train,F07,1,15.0,1731,6,1,6,1,1,1,0,1.38,g00,pre100_post200
3028,SA20/F07_SA20_R03.txt,train,F07,1,15.0,1778,5,1,5,1,1,1,0,0.465,g00,pre100_post200
3029,SA20/F07_SA20_R04.txt,train,F07,1,15.0,1906,6,1,6,1,1,1,0,1.42,g00,pre100_post200
3030,SA20/F07_SA20_R05.txt,train,F07,1,14.995,1624,5,1,5,1,1,1,0,0.715,g00,pre100_post200
3031,SA20/F08_SA20_R01.txt,train,F08,1,15.0,1465,2,1,2,1,1,1,0,0.995,g00,pre100_post200
3032,SA20/F08_SA20_R02.txt,train,F08,1,15.0,1222,2,1,2,1,1,1,0,1.35,g00,pre100_post200
3033,SA20/F08_SA20_R03.txt,train,F08,1,15.0,1496,2,1,2,1,1,1,0,1.03,g00,pre100_post200
3034,SA20/F08_SA20_R04.txt,train,F08,1,15.0,1748,1,1,1,1,1,1,0,0.9,g00,pre100_post200
3035,SA20/F08_SA20_R05.txt,train,F08,1,14.995,1412,1,1,1,1,1,1,0,1.025,g00,pre100_post200
3036,SA20/F09_SA20_R01.txt,train,F09,1,15.0,1072,1,1,1,1,1,1,0,0.96,g00,pre100_post200
3037,SA20/F09_SA20_R02.txt,train,F09,1,15.0,1235,2,1,2,1,1,1,0,1.245,g00,pre100_post200
3038,SA20/F09_SA20_R03.txt,train,F09,1,15.0,1327,2,1,2,1,1,1,0,0.935,g00,pre100_post200
3039,SA20/F09_SA20_R04.txt,train,F09,1,15.0,1072,1,1,1,1,1,1,0,0.875,g00,pre100_post200
3040,SA20/F09_SA20_R05.txt,train,F09,1,15.0,1258,1,1,1,1,1,1,0,0.695,g00,pre100_post200
3041,SA20/F10_SA20_R01.txt,train,F10,1,15.0,1025,1,1,1,1,1,1,0,1.005,g00,pre100_post200
3042,SA20/F10_SA20_R02.txt,train,F10,1,15.0,1136,1,1,1,1,1,1,0,0.955,g00,pre100_post200
3043,SA20/F10_SA20_R03.txt,train,F10,1,15.0,1159,2,1,2,1,1,1,0,1.4,g00,pre100_post200
3044,SA20/F10_SA20_R05.txt,train,F10,1,15.0,1104,1,1,1,1,1,1,0,1.015,g00,pre100_post200
3045,SA20/F11_SA20_R01.txt,train,F11,1,14.995,1137,2,1,2,1,2,1,1,0.175,g00,pre100_post200
3046,SA20/F11_SA20_R02.txt,train,F11,1,15.0,1116,1,1,1,1,0,0,0,,g00,pre100_post200
3047,SA20/F11_SA20_R03.txt,train,F11,1,15.0,1045,1,1,1,1,1,1,0,0.835,g00,pre100_post200
3048,SA20/F11_SA20_R04.txt,train,F11,1,15.0,1591,1,1,1,1,1,1,0,0.815,g00,pre100_post200
3049,SA20/F11_SA20_R05.txt,train,F11,1,15.0,1527,1,1,1,1,1,1,0,0.98,g00,pre100_post200
3050,SA20/F12_SA20_R01.txt,train,F12,1,15.0,929,1,1,1,1,1,1,0,0.975,g00,pre100_post200
3051,SA20/F12_SA20_R02.txt,train,F12,1,15.0,1006,1,1,1,1,1,1,0,0.97,g00,pre100_post200
3052,SA20/F12_SA20_R03.txt,train,F12,1,15.0,1080,1,1,1,1,1,1,0,0.985,g00,pre100_post200
3053,SA20/F12_SA20_R04.txt,train,F12,1,15.0,1230,1,1,1,1,1,1,0,0.96,g00,pre100_post200
3054,SA20/F12_SA20_R05.txt,train,F12,1,14.995,1198,1,1,1,1,0,0,0,,g00,pre100_post200
3055,SA20/F13_SA20_R01.txt,train,F13,1,15.0,1613,1,1,1,1,1,1,0,0.73,g00,pre100_post200
3056,SA20/F13_SA20_R02.txt,train,F13,1,15.0,1333,1,1,1,1,1,1,0,0.695,g00,pre100_post200
3057,SA20/F13_SA20_R03.txt,train,F13,1,15.0,1393,1,1,1,1,1,1,0,0.84,g00,pre100_post200
3058,SA20/F13_SA20_R04.txt,train,F13,1,15.0,1230,1,1,1,1,1,1,0,0.765,g00,pre100_post200
3059,SA20/F13_SA20_R05.txt,train,F13,1,15.0,1064,1,1,1,1,1,1,0,0.705,g00,pre100_post200
3060,SA20/F14_SA20_R01.txt,train,F14,1,15.0,916,1,1,1,1,1,1,0,0.855,g00,pre100_post200
3061,SA20/F14_SA20_R02.txt,train,F14,1,15.0,588,1,1,1,1,1,1,0,1.0,g00,pre100_post200
3062,SA20/F14_SA20_R03.txt,train,F14,1,15.0,802,1,1,1,1,1,1,0,0.895,g00,pre100_post200
3063,SA20/F14_SA20_R04.txt,train,F14,1,15.0,1034,1,1,1,1,1,1,0,0.89,g00,pre100_post200
3064,SA20/F14_SA20_R05.txt,train,F14,1,15.0,1169,1,1,1,1,1,1,0,0.995,g00,pre100_post200
3065,SA20/F15_SA20_R01.txt,train,F15,1,15.0,1088,1,1,1,1,1,1,0,0.88,g00,pre100_post200
3066,SA20/F15_SA20_R02.txt,train,F15,1,15.0,989,2,1,1,1,1,1,0,0.93,g00,pre100_post200
3067,SA20/F15_SA20_R03.txt,train,F15,1,15.0,895,1,1,1,1,1,1,0,1.02,g00,pre100_post200
3068,SA20/F15_SA20_R04.txt,train,F15,1,15.0,1012,1,1,1,1,1,1,0,0.83,g00,pre100_post200
3069,SA20/F15_SA20_R05.txt,train,F15,1,15.0,954,1,1,1,1,1,1,0,0.98,g00,pre100_post200
3070,SA21/D01_SA21_R01.txt,train,D01,0,99.995,3635,56,0,56,0,0,0,0,,g00,pre100_post200
3071,SA21/D02_SA21_R01.txt,train,D02,0,100.0,7019,56,0,55,0,0,0,0,,g00,pre100_post200
3072,SA21/D03_SA21_R01.txt,train,D03,0,100.0,1801,60,0,59,0,0,0,0,,g00,pre100_post200
3073,SA21/D04_SA21_R01.txt,train,D04,0,100.0,662,58,0,57,0,0,0,0,,g00,pre100_post200
3074,SA21/D05_SA21_R01.txt,train,D05,0,25.0,2534,12,0,12,0,0,0,0,,g00,pre100_post200
3075,SA21/D05_SA21_R02.txt,train,D05,0,24.995,2847,11,0,11,0,0,0,0,,g00,pre100_post200
3076,SA21/D05_SA21_R03.txt,train,D05,0,24.995,4288,12,0,12,0,0,0,0,,g00,pre100_post200
3077,SA21/D05_SA21_R04.txt,train,D05,0,25.0,4402,14,0,14,0,0,0,0,,g00,pre100_post200
3078,SA21/D05_SA21_R05.txt,train,D05,0,25.0,2740,13,0,13,0,0,0,0,,g00,pre100_post200
3079,SA21/D06_SA21_R01.txt,train,D06,0,25.0,816,9,0,9,0,0,0,0,,g00,pre100_post200
3080,SA21/D06_SA21_R02.txt,train,D06,0,25.0,1016,7,0,7,0,0,0,0,,g00,pre100_post200
3081,SA21/D06_SA21_R03.txt,train,D06,0,25.0,560,7,0,7,0,0,0,0,,g00,pre100_post200
3082,SA21/D06_SA21_R04.txt,train,D06,0,25.0,821,8,0,8,0,0,0,0,,g00,pre100_post200
3083,SA21/D06_SA21_R05.txt,train,D06,0,25.0,970,7,0,7,0,0,0,0,,g00,pre100_post200
3084,SA21/D07_SA21_R01.txt,train,D07,0,12.0,1934,2,0,2,0,0,0,0,,g00,pre100_post200
3085,SA21/D07_SA21_R02.txt,train,D07,0,12.0,688,2,0,2,0,0,0,0,,g00,pre100_post200
3086,SA21/D07_SA21_R03.txt,train,D07,0,12.0,666,2,0,2,0,0,0,0,,g00,pre100_post200
3087,SA21/D07_SA21_R04.txt,train,D07,0,12.0,849,2,0,2,0,0,0,0,,g00,pre100_post200
3088,SA21/D07_SA21_R05.txt,train,D07,0,12.0,771,2,0,2,0,0,0,0,,g00,pre100_post200
3089,SA21/D08_SA21_R01.txt,train,D08,0,12.0,353,2,0,2,0,0,0,0,,g00,pre100_post200
3090,SA21/D08_SA21_R02.txt,train,D08,0,12.0,399,2,0,2,0,0,0,0,,g00,pre100_post200
3091,SA21/D08_SA21_R03.txt,train,D08,0,12.0,427,2,0,2,0,0,0,0,,g00,pre100_post200
3092,SA21/D08_SA21_R04.txt,train,D08,0,12.0,821,2,0,2,0,0,0,0,,g00,pre100_post200
3093,SA21/D08_SA21_R05.txt,train,D08,0,12.0,803,2,0,2,0,0,0,0,,g00,pre100_post200
3094,SA21/D09_SA21_R01.txt,train,D09,0,12.0,687,2,0,2,0,0,0,0,,g00,pre100_post200
3095,SA21/D09_SA21_R02.txt,train,D09,0,12.0,934,2,0,2,0,0,0,0,,g00,pre100_post200
3096,SA21/D09_SA21_R03.txt,train,D09,0,12.0,1646,2,0,2,0,0,0,0,,g00,pre100_post200
3097,SA21/D09_SA21_R04.txt,train,D09,0,12.0,1012,2,0,2,0,0,0,0,,g00,pre100_post200
3098,SA21/D09_SA21_R05.txt,train,D09,0,12.0,1837,2,0,2,0,0,0,0,,g00,pre100_post200
3099,SA21/D10_SA21_R01.txt,train,D10,0,12.0,556,2,0,2,0,0,0,0,,g00,pre100_post200
3100,SA21/D10_SA21_R02.txt,train,D10,0,12.0,1390,2,0,2,0,0,0,0,,g00,pre100_post200
3101,SA21/D10_SA21_R03.txt,train,D10,0,12.0,852,2,0,2,0,0,0,0,,g00,pre100_post200
3102,SA21/D10_SA21_R04.txt,train,D10,0,12.0,796,2,0,2,0,0,0,0,,g00,pre100_post200
3103,SA21/D10_SA21_R05.txt,train,D10,0,12.0,687,2,0,2,0,0,0,0,,g00,pre100_post200
3104,SA21/D11_SA21_R01.txt,train,D11,0,11.995,1131,1,0,1,0,0,0,0,,g00,pre100_post200
3105,SA21/D11_SA21_R02.txt,train,D11,0,12.0,1133,1,0,1,0,0,0,0,,g00,pre100_post200
3106,SA21/D11_SA21_R03.txt,train,D11,0,12.0,1011,1,0,1,0,0,0,0,,g00,pre100_post200
3107,SA21/D11_SA21_R04.txt,train,D11,0,12.0,1195,1,0,1,0,0,0,0,,g00,pre100_post200
3108,SA21/D11_SA21_R05.txt,train,D11,0,12.0,1185,1,0,1,0,0,0,0,,g00,pre100_post200
3109,SA21/D12_SA21_R01.txt,train,D12,0,12.0,2108,0,0,0,0,0,0,0,,g00,pre100_post200
3110,SA21/D12_SA21_R02.txt,train,D12,0,12.0,772,1,0,1,0,0,0,0,,g00,pre100_post200
3111,SA21/D12_SA21_R03.txt,train,D12,0,12.0,732,0,0,0,0,0,0,0,,g00,pre100_post200
3112,SA21/D12_SA21_R04.txt,train,D12,0,12.0,1744,0,0,0,0,0,0,0,,g00,pre100_post200
3113,SA21/D12_SA21_R05.txt,train,D12,0,12.0,655,1,0,1,0,0,0,0,,g00,pre100_post200
3114,SA21/D13_SA21_R01.txt,train,D13,0,12.0,584,2,0,2,0,0,0,0,,g00,pre100_post200
3115,SA21/D13_SA21_R02.txt,train,D13,0,12.0,414,2,0,2,0,0,0,0,,g00,pre100_post200
3116,SA21/D13_SA21_R03.txt,train,D13,0,12.0,598,2,0,2,0,0,0,0,,g00,pre100_post200
3117,SA21/D13_SA21_R04.txt,train,D13,0,12.0,1521,2,0,2,0,0,0,0,,g00,pre100_post200
3118,SA21/D13_SA21_R05.txt,train,D13,0,12.0,595,2,0,2,0,0,0,0,,g00,pre100_post200
3119,SA21/D14_SA21_R01.txt,train,D14,0,12.0,1467,3,0,3,0,0,0,0,,g00,pre100_post200
3120,SA21/D14_SA21_R02.txt,train,D14,0,12.0,1789,2,0,2,0,0,0,0,,g00,pre100_post200
3121,SA21/D14_SA21_R03.txt,train,D14,0,12.0,1541,2,0,2,0,0,0,0,,g00,pre100_post200
3122,SA21/D14_SA21_R04.txt,train,D14,0,12.0,512,3,0,3,0,0,0,0,,g00,pre100_post200
3123,SA21/D14_SA21_R05.txt,train,D14,0,12.0,582,2,0,2,0,0,0,0,,g00,pre100_post200
3124,SA21/D15_SA21_R01.txt,train,D15,0,12.0,671,2,0,2,0,0,0,0,,g00,pre100_post200
3125,SA21/D15_SA21_R02.txt,train,D15,0,12.0,1701,2,0,2,0,0,0,0,,g00,pre100_post200
3126,SA21/D15_SA21_R03.txt,train,D15,0,12.0,1473,2,0,2,0,0,0,0,,g00,pre100_post200
3127,SA21/D15_SA21_R04.txt,train,D15,0,12.0,846,2,0,2,0,0,0,0,,g00,pre100_post200
3128,SA21/D15_SA21_R05.txt,train,D15,0,12.0,1627,2,0,2,0,0,0,0,,g00,pre100_post200
3129,SA21/D16_SA21_R01.txt,train,D16,0,11.995,803,0,0,0,0,0,0,0,,g00,pre100_post200
3130,SA21/D16_SA21_R02.txt,train,D16,0,12.0,603,0,0,0,0,0,0,0,,g00,pre100_post200
3131,SA21/D16_SA21_R03.txt,train,D16,0,12.0,885,0,0,0,0,0,0,0,,g00,pre100_post200
3132,SA21/D16_SA21_R04.txt,train,D16,0,12.0,721,0,0,0,0,0,0,0,,g00,pre100_post200
3133,SA21/D16_SA21_R05.txt,train,D16,0,12.0,945,0,0,0,0,0,0,0,,g00,pre100_post200
3134,SA21/D17_SA21_R01.txt,train,D17,0,25.0,4120,4,0,4,0,0,0,0,,g00,pre100_post200
3135,SA21/D17_SA21_R02.txt,train,D17,0,25.0,1251,3,0,3,0,0,0,0,,g00,pre100_post200
3136,SA21/D17_SA21_R03.txt,train,D17,0,25.0,1639,3,0,3,0,0,0,0,,g00,pre100_post200
3137,SA21/D17_SA21_R04.txt,train,D17,0,25.0,4053,3,0,3,0,0,0,0,,g00,pre100_post200
3138,SA21/D17_SA21_R05.txt,train,D17,0,24.995,1337,3,0,3,0,0,0,0,,g00,pre100_post200
3139,SA21/D18_SA21_R01.txt,train,D18,0,12.0,971,6,0,5,0,0,0,0,,g00,pre100_post200
3140,SA21/D18_SA21_R02.txt,train,D18,0,12.0,1306,6,0,5,0,0,0,0,,g00,pre100_post200
3141,SA21/D18_SA21_R03.txt,train,D18,0,12.0,1204,6,0,6,0,0,0,0,,g00,pre100_post200
3142,SA21/D18_SA21_R04.txt,train,D18,0,12.0,1239,6,0,6,0,0,0,0,,g00,pre100_post200
3143,SA21/D18_SA21_R05.txt,train,D18,0,12.0,1151,6,0,5,0,0,0,0,,g00,pre100_post200
3144,SA21/D19_SA21_R01.txt,train,D19,0,12.0,1508,2,0,2,0,0,0,0,,g00,pre100_post200
3145,SA21/D19_SA21_R02.txt,train,D19,0,12.0,658,2,0,2,0,0,0,0,,g00,pre100_post200
3146,SA21/D19_SA21_R03.txt,train,D19,0,12.0,1426,2,0,2,0,0,0,0,,g00,pre100_post200
3147,SA21/D19_SA21_R04.txt,train,D19,0,12.0,889,2,0,2,0,0,0,0,,g00,pre100_post200
3148,SA21/D19_SA21_R05.txt,train,D19,0,12.0,1305,2,0,2,0,0,0,0,,g00,pre100_post200
3149,SA21/F01_SA21_R01.txt,train,F01,1,15.0,1292,4,1,4,1,1,1,0,0.8,g00,pre100_post200
3150,SA21/F01_SA21_R02.txt,train,F01,1,15.0,1249,4,1,4,1,1,1,0,0.555,g00,pre100_post200
3151,SA21/F01_SA21_R03.txt,train,F01,1,15.0,1142,3,0,3,0,1,0,1,,g00,pre100_post200
3152,SA21/F01_SA21_R04.txt,train,F01,1,15.0,1330,4,1,4,1,1,1,0,0.755,g00,pre100_post200
3153,SA21/F01_SA21_R05.txt,train,F01,1,15.0,1409,4,1,4,1,1,1,0,0.62,g00,pre100_post200
3154,SA21/F02_SA21_R01.txt,train,F02,1,15.0,1562,5,1,5,1,1,1,0,0.465,g00,pre100_post200
3155,SA21/F02_SA21_R02.txt,train,F02,1,15.0,1696,5,1,5,1,1,1,0,0.825,g00,pre100_post200
3156,SA21/F02_SA21_R03.txt,train,F02,1,15.0,2282,5,1,5,1,1,1,0,1.41,g00,pre100_post200
3157,SA21/F02_SA21_R04.txt,train,F02,1,15.0,1765,5,1,5,1,1,1,0,1.015,g00,pre100_post200
3158,SA21/F02_SA21_R05.txt,train,F02,1,15.0,1367,5,1,5,1,1,1,0,0.16,g00,pre100_post200
3159,SA21/F03_SA21_R01.txt,train,F03,1,15.0,1347,4,1,4,1,1,1,0,0.68,g00,pre100_post200
3160,SA21/F03_SA21_R02.txt,train,F03,1,15.0,1451,5,1,5,1,1,1,0,0.07,g00,pre100_post200
3161,SA21/F03_SA21_R03.txt,train,F03,1,15.0,1378,5,1,5,1,0,0,0,,g00,pre100_post200
3162,SA21/F03_SA21_R04.txt,train,F03,1,15.0,1303,5,1,4,1,2,1,1,0.18,g00,pre100_post200
3163,SA21/F03_SA21_R05.txt,train,F03,1,15.0,1339,4,1,4,1,1,1,0,0.145,g00,pre100_post200
3164,SA21/F04_SA21_R01.txt,train,F04,1,15.0,1285,4,1,4,1,1,1,0,0.855,g00,pre100_post200
3165,SA21/F04_SA21_R02.txt,train,F04,1,15.0,1653,5,1,5,1,1,1,0,1.49,g00,pre100_post200
3166,SA21/F04_SA21_R03.txt,train,F04,1,15.0,1301,4,1,4,1,1,1,0,0.775,g00,pre100_post200
3167,SA21/F04_SA21_R04.txt,train,F04,1,15.0,1470,4,1,4,1,1,1,0,0.455,g00,pre100_post200
3168,SA21/F04_SA21_R05.txt,train,F04,1,15.0,1258,4,1,4,1,1,1,0,1.01,g00,pre100_post200
3169,SA21/F05_SA21_R01.txt,train,F05,1,15.0,1160,4,1,4,1,1,1,0,1.205,g00,pre100_post200
3170,SA21/F05_SA21_R02.txt,train,F05,1,15.0,1172,4,1,4,1,1,1,0,0.835,g00,pre100_post200
3171,SA21/F05_SA21_R03.txt,train,F05,1,15.0,1175,4,1,4,1,1,1,0,1.38,g00,pre100_post200
3172,SA21/F05_SA21_R04.txt,train,F05,1,15.0,1170,4,1,4,1,1,1,0,1.27,g00,pre100_post200
3173,SA21/F05_SA21_R05.txt,train,F05,1,15.0,1155,4,1,4,1,1,1,0,1.38,g00,pre100_post200
3174,SA21/F06_SA21_R01.txt,train,F06,1,15.0,1318,4,1,4,1,1,1,0,0.98,g00,pre100_post200
3175,SA21/F06_SA21_R02.txt,train,F06,1,15.0,1315,4,1,4,1,1,1,0,0.975,g00,pre100_post200
3176,SA21/F06_SA21_R03.txt,train,F06,1,15.0,1538,4,1,4,1,1,1,0,0.895,g00,pre100_post200
3177,SA21/F06_SA21_R04.txt,train,F06,1,15.0,2080,6,1,6,1,1,1,0,0.83,g00,pre100_post200
3178,SA21/F06_SA21_R05.txt,train,F06,1,15.0,1904,6,1,6,1,1,1,0,0.905,g00,pre100_post200
3179,SA21/F07_SA21_R01.txt,train,F07,1,15.0,1764,5,1,5,1,1,1,0,0.88,g00,pre100_post200
3180,SA21/F07_SA21_R02.txt,train,F07,1,15.0,2012,6,1,6,1,1,1,0,1.0,g00,pre100_post200
3181,SA21/F07_SA21_R03.txt,train,F07,1,15.0,1953,5,1,5,1,0,0,0,,g00,pre100_post200
3182,SA21/F07_SA21_R04.txt,train,F07,1,15.0,1817,6,1,6,1,0,0,0,,g00,pre100_post200
3183,SA21/F07_SA21_R05.txt,train,F07,1,15.0,2134,7,1,7,1,1,1,0,1.46,g00,pre100_post200
3184,SA21/F08_SA21_R01.txt,train,F08,1,15.0,1111,2,1,2,1,1,1,0,1.245,g00,pre100_post200
3185,SA21/F08_SA21_R02.txt,train,F08,1,15.0,1180,2,1,2,1,1,1,0,0.825,g00,pre100_post200
3186,SA21/F08_SA21_R03.txt,train,F08,1,15.0,1437,2,1,2,1,1,1,0,0.71,g00,pre100_post200
3187,SA21/F08_SA21_R04.txt,train,F08,1,15.0,1234,2,1,2,1,1,1,0,0.83,g00,pre100_post200
3188,SA21/F08_SA21_R05.txt,train,F08,1,15.0,1435,2,1,2,1,1,1,0,1.01,g00,pre100_post200
3189,SA21/F09_SA21_R01.txt,train,F09,1,15.0,1003,2,1,2,1,1,1,0,1.54,g00,pre100_post200
3190,SA21/F09_SA21_R02.txt,train,F09,1,15.0,1582,2,1,2,1,1,1,0,1.225,g00,pre100_post200
3191,SA21/F09_SA21_R03.txt,train,F09,1,15.0,1338,2,1,2,1,1,1,0,0.94,g00,pre100_post200
3192,SA21/F09_SA21_R04.txt,train,F09,1,15.0,1220,2,1,2,1,1,1,0,0.99,g00,pre100_post200
3193,SA21/F09_SA21_R05.txt,train,F09,1,15.0,1398,2,1,2,1,1,1,0,0.975,g00,pre100_post200
3194,SA21/F10_SA21_R01.txt,train,F10,1,15.0,1334,1,1,1,1,1,1,0,0.855,g00,pre100_post200
3195,SA21/F10_SA21_R02.txt,train,F10,1,15.0,1241,1,1,1,1,1,1,0,0.78,g00,pre100_post200
3196,SA21/F10_SA21_R03.txt,train,F10,1,15.0,1045,2,1,2,1,1,1,0,0.8,g00,pre100_post200
3197,SA21/F10_SA21_R04.txt,train,F10,1,15.0,1247,2,1,2,1,1,1,0,1.29,g00,pre100_post200
3198,SA21/F10_SA21_R05.txt,train,F10,1,15.0,1246,2,1,2,1,1,1,0,1.195,g00,pre100_post200
3199,SA21/F11_SA21_R01.txt,train,F11,1,14.995,1144,1,1,1,1,1,1,0,0.985,g00,pre100_post200
3200,SA21/F11_SA21_R02.txt,train,F11,1,15.0,1487,2,1,2,1,1,1,0,1.21,g00,pre100_post200
3201,SA21/F11_SA21_R03.txt,train,F11,1,15.0,984,1,1,1,1,1,1,0,0.9,g00,pre100_post200
3202,SA21/F11_SA21_R04.txt,train,F11,1,15.0,1175,1,1,1,1,1,1,0,0.98,g00,pre100_post200
3203,SA21/F11_SA21_R05.txt,train,F11,1,15.0,1129,2,0,2,0,0,0,0,,g00,pre100_post200
3204,SA21/F12_SA21_R01.txt,train,F12,1,15.0,1128,1,1,1,1,1,1,0,1.005,g00,pre100_post200
3205,SA21/F12_SA21_R02.txt,train,F12,1,15.0,1312,2,1,2,1,1,1,0,1.0,g00,pre100_post200
3206,SA21/F12_SA21_R03.txt,train,F12,1,15.0,1151,2,1,2,1,1,1,0,1.65,g00,pre100_post200
3207,SA21/F12_SA21_R04.txt,train,F12,1,15.0,986,2,1,2,1,1,1,0,0.97,g00,pre100_post200
3208,SA21/F12_SA21_R05.txt,train,F12,1,15.0,1256,2,1,2,1,1,1,0,1.59,g00,pre100_post200
3209,SA21/F13_SA21_R01.txt,train,F13,1,15.0,873,1,1,1,1,1,1,0,0.98,g00,pre100_post200
3210,SA21/F13_SA21_R02.txt,train,F13,1,15.0,1176,2,1,2,1,1,1,0,0.525,g00,pre100_post200
3211,SA21/F13_SA21_R03.txt,train,F13,1,15.0,876,1,1,1,1,1,1,0,0.18,g00,pre100_post200
3212,SA21/F13_SA21_R04.txt,train,F13,1,15.0,1166,1,1,1,1,0,0,0,,g00,pre100_post200
3213,SA21/F13_SA21_R05.txt,train,F13,1,15.0,1114,1,1,1,1,1,1,0,0.84,g00,pre100_post200
3214,SA21/F14_SA21_R01.txt,train,F14,1,15.0,951,1,1,1,1,1,1,0,0.885,g00,pre100_post200
3215,SA21/F14_SA21_R02.txt,train,F14,1,15.0,1083,1,1,1,1,1,1,0,0.905,g00,pre100_post200
3216,SA21/F14_SA21_R03.txt,train,F14,1,15.0,929,1,1,1,1,1,1,0,0.925,g00,pre100_post200
3217,SA21/F14_SA21_R04.txt,train,F14,1,15.0,954,1,1,1,1,1,1,0,0.89,g00,pre100_post200
3218,SA21/F14_SA21_R05.txt,train,F14,1,15.0,1278,1,1,1,1,1,1,0,0.885,g00,pre100_post200
3219,SA21/F15_SA21_R01.txt,train,F15,1,15.0,1022,1,1,1,1,1,1,0,0.85,g00,pre100_post200
3220,SA21/F15_SA21_R02.txt,train,F15,1,15.0,992,1,1,1,1,1,1,0,1.0,g00,pre100_post200
3221,SA21/F15_SA21_R03.txt,train,F15,1,15.0,884,1,1,1,1,0,0,0,,g00,pre100_post200
3222,SA21/F15_SA21_R04.txt,train,F15,1,15.0,771,1,1,1,1,1,1,0,0.875,g00,pre100_post200
3223,SA21/F15_SA21_R05.txt,train,F15,1,15.0,1086,1,1,1,1,1,1,0,0.95,g00,pre100_post200
3224,SA22/D01_SA22_R01.txt,train,D01,0,99.995,8023,61,0,59,0,0,0,0,,g00,pre100_post200
3225,SA22/D02_SA22_R01.txt,train,D02,0,99.995,10804,62,0,60,0,0,0,0,,g00,pre100_post200
3226,SA22/D03_SA22_R01.txt,train,D03,0,100.0,10503,62,0,62,0,32,0,32,,g00,pre100_post200
3227,SA22/D04_SA22_R01.txt,train,D04,0,99.985,13859,64,0,64,0,50,0,50,,g00,pre100_post200
3228,SA22/D05_SA22_R01.txt,train,D05,0,25.0,3573,10,0,10,0,0,0,0,,g00,pre100_post200
3229,SA22/D05_SA22_R02.txt,train,D05,0,25.0,4526,9,0,9,0,0,0,0,,g00,pre100_post200
3230,SA22/D05_SA22_R03.txt,train,D05,0,25.0,4281,10,0,10,0,0,0,0,,g00,pre100_post200
3231,SA22/D05_SA22_R04.txt,train,D05,0,25.0,3196,9,0,9,0,0,0,0,,g00,pre100_post200
3232,SA22/D05_SA22_R05.txt,train,D05,0,25.0,3789,9,0,9,0,0,0,0,,g00,pre100_post200
3233,SA22/D06_SA22_R01.txt,train,D06,0,24.995,2592,7,0,7,0,3,0,3,,g00,pre100_post200
3234,SA22/D06_SA22_R02.txt,train,D06,0,25.0,2945,6,0,6,0,3,0,3,,g00,pre100_post200
3235,SA22/D06_SA22_R03.txt,train,D06,0,25.0,2515,6,0,6,0,5,0,5,,g00,pre100_post200
3236,SA22/D06_SA22_R04.txt,train,D06,0,25.0,3213,7,0,6,0,2,0,2,,g00,pre100_post200
3237,SA22/D06_SA22_R05.txt,train,D06,0,25.0,3011,7,0,6,0,3,0,3,,g00,pre100_post200
3238,SA22/D07_SA22_R01.txt,train,D07,0,11.995,1805,3,0,2,0,0,0,0,,g00,pre100_post200
3239,SA22/D07_SA22_R02.txt,train,D07,0,12.0,943,2,0,2,0,0,0,0,,g00,pre100_post200
3240,SA22/D07_SA22_R03.txt,train,D07,0,12.0,915,2,0,2,0,0,0,0,,g00,pre100_post200
3241,SA22/D07_SA22_R04.txt,train,D07,0,12.0,956,2,0,2,0,0,0,0,,g00,pre100_post200
3242,SA22/D07_SA22_R05.txt,train,D07,0,12.0,384,2,0,2,0,0,0,0,,g00,pre100_post200
3243,SA22/D08_SA22_R01.txt,train,D08,0,12.0,697,2,0,2,0,0,0,0,,g00,pre100_post200
3244,SA22/D08_SA22_R02.txt,train,D08,0,12.0,786,2,0,2,0,0,0,0,,g00,pre100_post200
3245,SA22/D08_SA22_R03.txt,train,D08,0,12.0,717,2,0,2,0,0,0,0,,g00,pre100_post200
3246,SA22/D08_SA22_R04.txt,train,D08,0,12.0,611,2,0,2,0,0,0,0,,g00,pre100_post200
3247,SA22/D08_SA22_R05.txt,train,D08,0,11.99,798,2,0,2,0,0,0,0,,g00,pre100_post200
3248,SA22/D09_SA22_R01.txt,train,D09,0,11.995,844,2,0,2,0,0,0,0,,g00,pre100_post200
3249,SA22/D09_SA22_R02.txt,train,D09,0,12.0,876,2,0,2,0,0,0,0,,g00,pre100_post200
3250,SA22/D09_SA22_R03.txt,train,D09,0,12.0,918,2,0,2,0,0,0,0,,g00,pre100_post200
3251,SA22/D09_SA22_R04.txt,train,D09,0,12.0,792,2,0,2,0,0,0,0,,g00,pre100_post200
3252,SA22/D09_SA22_R05.txt,train,D09,0,12.0,986,2,0,2,0,0,0,0,,g00,pre100_post200
3253,SA22/D10_SA22_R01.txt,train,D10,0,12.0,683,2,0,2,0,0,0,0,,g00,pre100_post200
3254,SA22/D10_SA22_R02.txt,train,D10,0,12.0,668,2,0,2,0,0,0,0,,g00,pre100_post200
3255,SA22/D10_SA22_R03.txt,train,D10,0,12.0,690,2,0,2,0,0,0,0,,g00,pre100_post200
3256,SA22/D10_SA22_R04.txt,train,D10,0,12.0,785,2,0,2,0,0,0,0,,g00,pre100_post200
3257,SA22/D10_SA22_R05.txt,train,D10,0,12.0,641,2,0,2,0,0,0,0,,g00,pre100_post200
3258,SA22/D11_SA22_R01.txt,train,D11,0,11.995,1355,2,0,2,0,0,0,0,,g00,pre100_post200
3259,SA22/D11_SA22_R02.txt,train,D11,0,12.0,1092,2,0,2,0,0,0,0,,g00,pre100_post200
3260,SA22/D11_SA22_R03.txt,train,D11,0,12.0,1282,2,0,2,0,0,0,0,,g00,pre100_post200
3261,SA22/D11_SA22_R04.txt,train,D11,0,12.0,1182,1,0,1,0,0,0,0,,g00,pre100_post200
3262,SA22/D11_SA22_R05.txt,train,D11,0,12.0,1298,1,0,1,0,0,0,0,,g00,pre100_post200
3263,SA22/D12_SA22_R01.txt,train,D12,0,12.0,1709,1,0,1,0,0,0,0,,g00,pre100_post200
3264,SA22/D12_SA22_R02.txt,train,D12,0,12.0,898,1,0,1,0,0,0,0,,g00,pre100_post200
3265,SA22/D12_SA22_R03.txt,train,D12,0,12.0,954,0,0,0,0,0,0,0,,g00,pre100_post200
3266,SA22/D12_SA22_R04.txt,train,D12,0,12.0,791,0,0,0,0,0,0,0,,g00,pre100_post200
3267,SA22/D12_SA22_R05.txt,train,D12,0,12.0,853,0,0,0,0,0,0,0,,g00,pre100_post200
3268,SA22/D13_SA22_R01.txt,train,D13,0,12.0,464,2,0,2,0,0,0,0,,g00,pre100_post200
3269,SA22/D13_SA22_R02.txt,train,D13,0,12.0,579,2,0,2,0,0,0,0,,g00,pre100_post200
3270,SA22/D13_SA22_R03.txt,train,D13,0,12.0,675,1,0,1,0,0,0,0,,g00,pre100_post200
3271,SA22/D13_SA22_R04.txt,train,D13,0,12.0,623,2,0,2,0,1,0,1,,g00,pre100_post200
3272,SA22/D13_SA22_R05.txt,train,D13,0,12.0,1651,2,0,2,0,0,0,0,,g00,pre100_post200
3273,SA22/D14_SA22_R01.txt,train,D14,0,12.0,1125,2,0,2,0,0,0,0,,g00,pre100_post200
3274,SA22/D14_SA22_R02.txt,train,D14,0,12.0,1032,1,0,1,0,0,0,0,,g00,pre100_post200
3275,SA22/D14_SA22_R03.txt,train,D14,0,12.0,958,1,0,1,0,0,0,0,,g00,pre100_post200
3276,SA22/D14_SA22_R04.txt,train,D14,0,12.0,850,0,0,0,0,0,0,0,,g00,pre100_post200
3277,SA22/D14_SA22_R05.txt,train,D14,0,12.0,903,1,0,1,0,0,0,0,,g00,pre100_post200
3278,SA22/D15_SA22_R01.txt,train,D15,0,12.0,1416,2,0,2,0,0,0,0,,g00,pre100_post200
3279,SA22/D15_SA22_R02.txt,train,D15,0,12.0,890,2,0,2,0,0,0,0,,g00,pre100_post200
3280,SA22/D15_SA22_R03.txt,train,D15,0,12.0,771,2,0,2,0,0,0,0,,g00,pre100_post200
3281,SA22/D15_SA22_R04.txt,train,D15,0,12.0,823,2,0,2,0,0,0,0,,g00,pre100_post200
3282,SA22/D15_SA22_R05.txt,train,D15,0,11.995,992,3,0,3,0,0,0,0,,g00,pre100_post200
3283,SA22/D16_SA22_R01.txt,train,D16,0,11.995,811,0,0,0,0,0,0,0,,g00,pre100_post200
3284,SA22/D16_SA22_R02.txt,train,D16,0,12.0,770,0,0,0,0,0,0,0,,g00,pre100_post200
3285,SA22/D16_SA22_R03.txt,train,D16,0,12.0,739,0,0,0,0,0,0,0,,g00,pre100_post200
3286,SA22/D16_SA22_R04.txt,train,D16,0,12.0,1833,0,0,0,0,0,0,0,,g00,pre100_post200
3287,SA22/D16_SA22_R05.txt,train,D16,0,12.0,992,0,0,0,0,0,0,0,,g00,pre100_post200
3288,SA22/D17_SA22_R01.txt,train,D17,0,24.995,4114,5,0,5,0,0,0,0,,g00,pre100_post200
3289,SA22/D17_SA22_R02.txt,train,D17,0,25.0,1329,4,0,4,0,0,0,0,,g00,pre100_post200
3290,SA22/D17_SA22_R03.txt,train,D17,0,25.0,1408,4,0,4,0,0,0,0,,g00,pre100_post200
3291,SA22/D17_SA22_R04.txt,train,D17,0,24.995,3987,3,0,3,0,0,0,0,,g00,pre100_post200
3292,SA22/D17_SA22_R05.txt,train,D17,0,25.0,3421,3,0,3,0,0,0,0,,g00,pre100_post200
3293,SA22/D18_SA22_R01.txt,train,D18,0,11.97,1150,6,0,6,0,0,0,0,,g00,pre100_post200
3294,SA22/D18_SA22_R02.txt,train,D18,0,12.0,1111,7,0,6,0,0,0,0,,g00,pre100_post200
3295,SA22/D18_SA22_R03.txt,train,D18,0,12.0,1308,7,0,7,0,0,0,0,,g00,pre100_post200
3296,SA22/D18_SA22_R04.txt,train,D18,0,12.0,1138,7,0,6,0,0,0,0,,g00,pre100_post200
3297,SA22/D18_SA22_R05.txt,train,D18,0,12.0,1191,7,0,6,0,1,0,1,,g00,pre100_post200
3298,SA22/D19_SA22_R01.txt,train,D19,0,12.0,1592,2,0,2,0,0,0,0,,g00,pre100_post200
3299,SA22/D19_SA22_R02.txt,train,D19,0,12.0,1390,2,0,2,0,0,0,0,,g00,pre100_post200
3300,SA22/D19_SA22_R03.txt,train,D19,0,12.0,553,3,0,3,0,0,0,0,,g00,pre100_post200
3301,SA22/D19_SA22_R04.txt,train,D19,0,12.0,1219,2,0,2,0,0,0,0,,g00,pre100_post200
3302,SA22/D19_SA22_R05.txt,train,D19,0,12.0,1509,2,0,2,0,0,0,0,,g00,pre100_post200
3303,SA22/F01_SA22_R01.txt,train,F01,1,14.995,1410,4,1,4,1,1,1,0,0.85,g00,pre100_post200
3304,SA22/F01_SA22_R02.txt,train,F01,1,15.0,1481,5,1,5,1,1,1,0,1.33,g00,pre100_post200
3305,SA22/F01_SA22_R03.txt,train,F01,1,15.0,1499,5,1,4,1,1,1,0,0.64,g00,pre100_post200
3306,SA22/F01_SA22_R04.txt,train,F01,1,15.0,1466,4,1,4,1,1,1,0,0.035,g00,pre100_post200
3307,SA22/F01_SA22_R05.txt,train,F01,1,15.0,1515,5,1,5,1,1,1,0,0.92,g00,pre100_post200
3308,SA22/F02_SA22_R01.txt,train,F02,1,15.0,1661,5,1,5,1,1,1,0,0.645,g00,pre100_post200
3309,SA22/F02_SA22_R02.txt,train,F02,1,15.0,1529,5,1,5,1,1,1,0,0.885,g00,pre100_post200
3310,SA22/F02_SA22_R03.txt,train,F02,1,15.0,1531,4,1,4,1,1,1,0,0.225,g00,pre100_post200
3311,SA22/F02_SA22_R04.txt,train,F02,1,15.0,1300,4,1,4,1,1,1,0,0.775,g00,pre100_post200
3312,SA22/F02_SA22_R05.txt,train,F02,1,15.0,1385,4,0,4,0,0,0,0,,g00,pre100_post200
3313,SA22/F03_SA22_R01.txt,train,F03,1,15.0,1760,4,1,4,1,1,1,0,0.68,g00,pre100_post200
3314,SA22/F03_SA22_R02.txt,train,F03,1,15.0,1099,4,1,3,1,1,1,0,0.945,g00,pre100_post200
3315,SA22/F03_SA22_R03.txt,train,F03,1,15.0,1319,4,1,4,1,1,1,0,0.7,g00,pre100_post200
3316,SA22/F03_SA22_R04.txt,train,F03,1,14.985,1181,4,1,4,1,2,1,1,0.105,g00,pre100_post200
3317,SA22/F03_SA22_R05.txt,train,F03,1,15.0,1374,4,1,4,1,1,1,0,1.225,g00,pre100_post200
3318,SA22/F04_SA22_R01.txt,train,F04,1,15.0,1401,4,1,4,1,0,0,0,,g00,pre100_post200
3319,SA22/F04_SA22_R02.txt,train,F04,1,15.0,1413,5,1,5,1,1,1,0,0.92,g00,pre100_post200
3320,SA22/F04_SA22_R03.txt,train,F04,1,15.0,1553,5,1,5,1,1,1,0,0.52,g00,pre100_post200
3321,SA22/F04_SA22_R04.txt,train,F04,1,15.0,1875,5,1,5,1,1,1,0,0.985,g00,pre100_post200
3322,SA22/F04_SA22_R05.txt,train,F04,1,15.0,1760,5,1,5,1,1,1,0,0.57,g00,pre100_post200
3323,SA22/F05_SA22_R01.txt,train,F05,1,15.0,859,4,1,3,1,1,1,0,0.13,g00,pre100_post200
3324,SA22/F05_SA22_R02.txt,train,F05,1,15.0,791,3,1,3,1,2,1,1,1.4,g00,pre100_post200
3325,SA22/F05_SA22_R03.txt,train,F05,1,15.0,857,3,1,3,1,1,1,0,1.28,g00,pre100_post200
3326,SA22/F05_SA22_R04.txt,train,F05,1,15.0,891,3,1,3,1,1,1,0,0.415,g00,pre100_post200
3327,SA22/F05_SA22_R05.txt,train,F05,1,14.995,774,3,1,2,1,1,1,0,0.61,g00,pre100_post200
3328,SA22/F06_SA22_R01.txt,train,F06,1,14.995,1522,5,1,4,1,1,1,0,0.51,g00,pre100_post200
3329,SA22/F06_SA22_R02.txt,train,F06,1,15.0,1723,5,1,5,1,1,1,0,0.37,g00,pre100_post200
3330,SA22/F06_SA22_R03.txt,train,F06,1,15.0,1856,5,1,5,1,0,0,0,,g00,pre100_post200
3331,SA22/F06_SA22_R04.txt,train,F06,1,15.0,1568,5,1,5,1,1,1,0,0.99,g00,pre100_post200
3332,SA22/F06_SA22_R05.txt,train,F06,1,14.995,1777,5,1,5,1,1,1,0,0.84,g00,pre100_post200
3333,SA22/F07_SA22_R01.txt,train,F07,1,15.0,1495,4,1,4,1,1,1,0,0.075,g00,pre100_post200
3334,SA22/F07_SA22_R02.txt,train,F07,1,15.0,1210,4,1,4,1,1,1,0,0.98,g00,pre100_post200
3335,SA22/F07_SA22_R03.txt,train,F07,1,15.0,1566,4,1,4,1,1,1,0,0.06,g00,pre100_post200
3336,SA22/F07_SA22_R04.txt,train,F07,1,15.0,1486,4,1,4,1,1,1,0,0.985,g00,pre100_post200
3337,SA22/F07_SA22_R05.txt,train,F07,1,14.995,1459,4,1,4,1,1,1,0,0.435,g00,pre100_post200
3338,SA22/F08_SA22_R01.txt,train,F08,1,15.0,1661,2,1,2,1,1,1,0,0.135,g00,pre100_post200
3339,SA22/F08_SA22_R02.txt,train,F08,1,15.0,1417,2,1,2,1,1,1,0,1.28,g00,pre100_post200
3340,SA22/F08_SA22_R03.txt,train,F08,1,15.0,1275,2,1,2,1,1,1,0,1.43,g00,pre100_post200
3341,SA22/F08_SA22_R04.txt,train,F08,1,15.0,1208,2,1,2,1,0,0,0,,g00,pre100_post200
3342,SA22/F08_SA22_R05.txt,train,F08,1,15.0,1245,2,1,2,1,1,1,0,1.215,g00,pre100_post200
3343,SA22/F09_SA22_R01.txt,train,F09,1,15.0,1125,2,1,2,1,1,1,0,1.2,g00,pre100_post200
3344,SA22/F09_SA22_R02.txt,train,F09,1,15.0,1251,2,1,2,1,1,1,0,1.48,g00,pre100_post200
3345,SA22/F09_SA22_R03.txt,train,F09,1,15.0,1200,2,1,2,1,1,1,0,1.255,g00,pre100_post200
3346,SA22/F09_SA22_R04.txt,train,F09,1,15.0,934,2,1,2,1,0,0,0,,g00,pre100_post200
3347,SA22/F09_SA22_R05.txt,train,F09,1,15.0,1263,2,1,2,1,0,0,0,,g00,pre100_post200
3348,SA22/F10_SA22_R01.txt,train,F10,1,15.0,1420,1,1,1,1,1,1,0,0.28,g00,pre100_post200
3349,SA22/F10_SA22_R02.txt,train,F10,1,15.0,1219,1,1,1,1,1,1,0,0.84,g00,pre100_post200
3350,SA22/F10_SA22_R03.txt,train,F10,1,15.0,1258,1,1,1,1,1,1,0,1.035,g00,pre100_post200
3351,SA22/F10_SA22_R04.txt,train,F10,1,15.0,1292,1,1,1,1,1,1,0,0.39,g00,pre100_post200
3352,SA22/F10_SA22_R05.txt,train,F10,1,15.0,1443,1,1,1,1,1,1,0,0.92,g00,pre100_post200
3353,SA22/F11_SA22_R01.txt,train,F11,1,14.995,1320,1,1,1,1,1,1,0,0.445,g00,pre100_post200
3354,SA22/F11_SA22_R02.txt,train,F11,1,15.0,1305,1,1,1,1,0,0,0,,g00,pre100_post200
3355,SA22/F11_SA22_R03.txt,train,F11,1,15.0,1520,1,1,1,1,1,1,0,0.98,g00,pre100_post200
3356,SA22/F11_SA22_R04.txt,train,F11,1,15.0,1242,1,1,1,1,1,1,0,0.975,g00,pre100_post200
3357,SA22/F11_SA22_R05.txt,train,F11,1,15.0,1364,1,1,1,1,1,1,0,0.21,g00,pre100_post200
3358,SA22/F12_SA22_R01.txt,train,F12,1,15.0,1047,1,1,1,1,1,1,0,0.925,g00,pre100_post200
3359,SA22/F12_SA22_R02.txt,train,F12,1,15.0,1324,1,1,1,1,0,0,0,,g00,pre100_post200
3360,SA22/F12_SA22_R03.txt,train,F12,1,15.0,1410,1,1,1,1,1,1,0,0.385,g00,pre100_post200
3361,SA22/F12_SA22_R04.txt,train,F12,1,15.0,1311,1,1,1,1,1,1,0,0.285,g00,pre100_post200
3362,SA22/F12_SA22_R05.txt,train,F12,1,15.0,1552,1,1,1,1,1,1,0,0.985,g00,pre100_post200
3363,SA22/F13_SA22_R01.txt,train,F13,1,15.0,1287,1,1,1,1,0,0,0,,g00,pre100_post200
3364,SA22/F13_SA22_R02.txt,train,F13,1,15.0,1388,1,1,1,1,1,1,0,0.545,g00,pre100_post200
3365,SA22/F13_SA22_R03.txt,train,F13,1,15.0,1649,1,1,1,1,1,1,0,0.645,g00,pre100_post200
3366,SA22/F13_SA22_R04.txt,train,F13,1,15.0,1445,1,1,1,1,1,1,0,0.655,g00,pre100_post200
3367,SA22/F13_SA22_R05.txt,train,F13,1,15.0,1406,2,1,2,1,1,1,0,0.15,g00,pre100_post200
3368,SA22/F14_SA22_R01.txt,train,F14,1,15.0,1949,1,1,1,1,1,1,0,0.88,g00,pre100_post200
3369,SA22/F14_SA22_R02.txt,train,F14,1,14.995,1400,1,1,1,1,0,0,0,,g00,pre100_post200
3370,SA22/F14_SA22_R03.txt,train,F14,1,15.0,1642,1,1,1,1,1,1,0,0.95,g00,pre100_post200
3371,SA22/F14_SA22_R04.txt,train,F14,1,15.0,1778,1,1,1,1,1,1,0,0.975,g00,pre100_post200
3372,SA22/F14_SA22_R05.txt,train,F14,1,15.0,1137,1,1,1,1,0,0,0,,g00,pre100_post200
3373,SA22/F15_SA22_R01.txt,train,F15,1,14.455,1234,1,1,1,1,0,0,0,,g00,pre100_post200
3374,SA22/F15_SA22_R02.txt,train,F15,1,15.0,967,1,1,1,1,1,1,0,1.02,g00,pre100_post200
3375,SA22/F15_SA22_R03.txt,train,F15,1,15.0,1348,1,1,1,1,1,1,0,0.88,g00,pre100_post200
3376,SA22/F15_SA22_R04.txt,train,F15,1,15.0,1765,1,1,1,1,1,1,0,0.87,g00,pre100_post200
3377,SA22/F15_SA22_R05.txt,train,F15,1,14.995,1189,1,1,1,1,0,0,0,,g00,pre100_post200
3591,SE02/D01_SE02_R01.txt,train,D01,0,99.995,7143,55,0,54,0,0,0,0,,g00,pre100_post200
3592,SE02/D02_SE02_R01.txt,train,D02,0,100.0,4267,61,0,60,0,0,0,0,,g00,pre100_post200
3593,SE02/D03_SE02_R01.txt,train,D03,0,100.0,6348,62,0,61,0,0,0,0,,g00,pre100_post200
3594,SE02/D05_SE02_R01.txt,train,D05,0,25.0,3232,10,0,10,0,0,0,0,,g00,pre100_post200
3595,SE02/D05_SE02_R02.txt,train,D05,0,24.995,2713,9,0,8,0,0,0,0,,g00,pre100_post200
3596,SE02/D05_SE02_R03.txt,train,D05,0,25.0,3175,11,0,11,0,0,0,0,,g00,pre100_post200
3597,SE02/D05_SE02_R04.txt,train,D05,0,25.0,3335,10,0,10,0,0,0,0,,g00,pre100_post200
3598,SE02/D05_SE02_R05.txt,train,D05,0,25.0,3203,10,0,10,0,0,0,0,,g00,pre100_post200
3599,SE02/D07_SE02_R01.txt,train,D07,0,12.0,2044,2,0,2,0,0,0,0,,g00,pre100_post200
3600,SE02/D07_SE02_R02.txt,train,D07,0,12.0,1623,2,0,2,0,0,0,0,,g00,pre100_post200
3601,SE02/D07_SE02_R03.txt,train,D07,0,12.0,1681,2,0,2,0,0,0,0,,g00,pre100_post200
3602,SE02/D07_SE02_R04.txt,train,D07,0,12.0,979,2,0,2,0,0,0,0,,g00,pre100_post200
3603,SE02/D07_SE02_R05.txt,train,D07,0,12.0,1847,2,0,2,0,0,0,0,,g00,pre100_post200
3604,SE02/D08_SE02_R01.txt,train,D08,0,12.0,799,2,0,2,0,0,0,0,,g00,pre100_post200
3605,SE02/D08_SE02_R02.txt,train,D08,0,12.0,713,2,0,2,0,0,0,0,,g00,pre100_post200
3606,SE02/D08_SE02_R03.txt,train,D08,0,12.0,1397,2,0,2,0,0,0,0,,g00,pre100_post200
3607,SE02/D08_SE02_R04.txt,train,D08,0,12.005,727,2,0,2,0,0,0,0,,g00,pre100_post200
3608,SE02/D08_SE02_R05.txt,train,D08,0,12.0,859,2,0,2,0,0,0,0,,g00,pre100_post200
3609,SE02/D11_SE02_R01.txt,train,D11,0,12.0,868,2,0,2,0,0,0,0,,g00,pre100_post200
3610,SE02/D11_SE02_R02.txt,train,D11,0,12.0,1014,1,0,1,0,0,0,0,,g00,pre100_post200
3611,SE02/D11_SE02_R03.txt,train,D11,0,12.0,1014,1,0,1,0,0,0,0,,g00,pre100_post200
3612,SE02/D11_SE02_R04.txt,train,D11,0,12.0,906,1,0,1,0,0,0,0,,g00,pre100_post200
3613,SE02/D11_SE02_R05.txt,train,D11,0,12.0,936,1,0,1,0,0,0,0,,g00,pre100_post200
3614,SE02/D12_SE02_R01.txt,train,D12,0,12.0,494,1,0,1,0,0,0,0,,g00,pre100_post200
3615,SE02/D12_SE02_R02.txt,train,D12,0,12.0,1119,1,0,1,0,0,0,0,,g00,pre100_post200
3616,SE02/D12_SE02_R03.txt,train,D12,0,12.0,1558,1,0,1,0,0,0,0,,g00,pre100_post200
3617,SE02/D12_SE02_R04.txt,train,D12,0,12.005,1029,1,0,1,0,0,0,0,,g00,pre100_post200
3618,SE02/D12_SE02_R05.txt,train,D12,0,12.0,934,1,0,1,0,0,0,0,,g00,pre100_post200
3619,SE02/D14_SE02_R01.txt,train,D14,0,12.0,751,2,0,2,0,0,0,0,,g00,pre100_post200
3620,SE02/D14_SE02_R02.txt,train,D14,0,12.0,888,2,0,2,0,1,0,1,,g00,pre100_post200
3621,SE02/D14_SE02_R03.txt,train,D14,0,12.0,852,2,0,2,0,0,0,0,,g00,pre100_post200
3622,SE02/D14_SE02_R04.txt,train,D14,0,12.0,1666,4,0,4,0,0,0,0,,g00,pre100_post200
3623,SE02/D14_SE02_R05.txt,train,D14,0,12.0,788,2,0,2,0,0,0,0,,g00,pre100_post200
3624,SE02/D15_SE02_R01.txt,train,D15,0,12.0,1087,0,0,0,0,0,0,0,,g00,pre100_post200
3625,SE02/D15_SE02_R02.txt,train,D15,0,12.0,669,1,0,1,0,0,0,0,,g00,pre100_post200
3626,SE02/D15_SE02_R03.txt,train,D15,0,12.0,689,3,0,2,0,0,0,0,,g00,pre100_post200
3627,SE02/D15_SE02_R04.txt,train,D15,0,12.0,611,2,0,2,0,0,0,0,,g00,pre100_post200
3628,SE02/D15_SE02_R05.txt,train,D15,0,12.0,937,2,0,2,0,0,0,0,,g00,pre100_post200
3629,SE02/D16_SE02_R01.txt,train,D16,0,11.995,519,2,0,2,0,0,0,0,,g00,pre100_post200
3630,SE02/D16_SE02_R02.txt,train,D16,0,12.005,1418,0,0,0,0,0,0,0,,g00,pre100_post200
3631,SE02/D16_SE02_R03.txt,train,D16,0,12.005,780,0,0,0,0,0,0,0,,g00,pre100_post200
3632,SE02/D16_SE02_R04.txt,train,D16,0,11.995,605,1,0,1,0,0,0,0,,g00,pre100_post200
3633,SE02/D16_SE02_R05.txt,train,D16,0,12.0,730,1,0,1,0,0,0,0,,g00,pre100_post200
3634,SE02/D17_SE02_R01.txt,train,D17,0,16.02,2312,3,0,3,0,0,0,0,,g00,pre100_post200
3635,SE02/D17_SE02_R02.txt,train,D17,0,16.02,843,3,0,3,0,0,0,0,,g00,pre100_post200
3636,SE02/D17_SE02_R03.txt,train,D17,0,16.025,718,3,0,3,0,0,0,0,,g00,pre100_post200
3637,SE02/D17_SE02_R04.txt,train,D17,0,16.02,903,4,0,4,0,0,0,0,,g00,pre100_post200
3638,SE02/D17_SE02_R05.txt,train,D17,0,18.035,666,4,0,3,0,0,0,0,,g00,pre100_post200
3639,SE03/D01_SE03_R01.txt,train,D01,0,99.995,14975,61,0,59,0,0,0,0,,g00,pre100_post200
3640,SE03/D02_SE03_R01.txt,train,D02,0,100.005,18372,57,0,56,0,0,0,0,,g00,pre100_post200
3641,SE03/D03_SE03_R01.txt,train,D03,0,100.0,1282,61,0,61,0,0,0,0,,g00,pre100_post200
3642,SE03/D04_SE03_R01.txt,train,D04,0,110.03,6916,62,0,62,0,0,0,0,,g00,pre100_post200
3643,SE03/D05_SE03_R01.txt,train,D05,0,24.995,2951,12,0,11,0,0,0,0,,g00,pre100_post200
3644,SE03/D05_SE03_R02.txt,train,D05,0,25.0,3319,12,0,11,0,0,0,0,,g00,pre100_post200
3645,SE03/D05_SE03_R03.txt,train,D05,0,24.995,3959,12,0,11,0,0,0,0,,g00,pre100_post200
3646,SE03/D05_SE03_R04.txt,train,D05,0,25.005,2897,13,0,12,0,0,0,0,,g00,pre100_post200
3647,SE03/D05_SE03_R05.txt,train,D05,0,25.0,2954,12,0,11,0,0,0,0,,g00,pre100_post200
3648,SE03/D07_SE03_R01.txt,train,D07,0,12.0,1447,2,0,2,0,0,0,0,,g00,pre100_post200
3649,SE03/D07_SE03_R02.txt,train,D07,0,12.0,1467,2,0,2,0,0,0,0,,g00,pre100_post200
3650,SE03/D07_SE03_R03.txt,train,D07,0,12.0,1188,2,0,2,0,0,0,0,,g00,pre100_post200
3651,SE03/D07_SE03_R04.txt,train,D07,0,12.0,1550,2,0,2,0,0,0,0,,g00,pre100_post200
3652,SE03/D07_SE03_R05.txt,train,D07,0,12.0,784,2,0,2,0,0,0,0,,g00,pre100_post200
3653,SE03/D08_SE03_R01.txt,train,D08,0,12.0,648,2,0,2,0,0,0,0,,g00,pre100_post200
3654,SE03/D08_SE03_R02.txt,train,D08,0,12.0,604,2,0,2,0,0,0,0,,g00,pre100_post200
3655,SE03/D08_SE03_R03.txt,train,D08,0,11.995,1503,2,0,2,0,0,0,0,,g00,pre100_post200
3656,SE03/D08_SE03_R04.txt,train,D08,0,12.0,758,2,0,2,0,0,0,0,,g00,pre100_post200
3657,SE03/D08_SE03_R05.txt,train,D08,0,12.0,663,2,0,2,0,0,0,0,,g00,pre100_post200
3658,SE03/D09_SE03_R01.txt,train,D09,0,12.005,910,2,0,2,0,0,0,0,,g00,pre100_post200
3659,SE03/D09_SE03_R02.txt,train,D09,0,12.0,940,2,0,1,0,0,0,0,,g00,pre100_post200
3660,SE03/D09_SE03_R03.txt,train,D09,0,12.0,930,2,0,2,0,0,0,0,,g00,pre100_post200
3661,SE03/D09_SE03_R04.txt,train,D09,0,12.0,923,2,0,2,0,0,0,0,,g00,pre100_post200
3662,SE03/D09_SE03_R05.txt,train,D09,0,12.0,945,2,0,2,0,0,0,0,,g00,pre100_post200
3663,SE03/D10_SE03_R01.txt,train,D10,0,12.0,501,2,0,2,0,0,0,0,,g00,pre100_post200
3664,SE03/D10_SE03_R02.txt,train,D10,0,11.995,664,2,0,2,0,0,0,0,,g00,pre100_post200
3665,SE03/D10_SE03_R03.txt,train,D10,0,11.995,658,2,0,2,0,0,0,0,,g00,pre100_post200
3666,SE03/D10_SE03_R04.txt,train,D10,0,12.005,761,2,0,2,0,0,0,0,,g00,pre100_post200
3667,SE03/D10_SE03_R05.txt,train,D10,0,12.0,1483,2,0,2,0,0,0,0,,g00,pre100_post200
3668,SE03/D11_SE03_R01.txt,train,D11,0,11.995,906,1,0,1,0,0,0,0,,g00,pre100_post200
3669,SE03/D11_SE03_R02.txt,train,D11,0,12.005,875,1,0,1,0,0,0,0,,g00,pre100_post200
3670,SE03/D11_SE03_R03.txt,train,D11,0,12.0,874,1,0,1,0,0,0,0,,g00,pre100_post200
3671,SE03/D11_SE03_R04.txt,train,D11,0,12.0,942,1,0,1,0,0,0,0,,g00,pre100_post200
3672,SE03/D11_SE03_R05.txt,train,D11,0,12.0,1156,1,0,1,0,0,0,0,,g00,pre100_post200
3673,SE03/D12_SE03_R01.txt,train,D12,0,12.0,941,5,0,4,0,0,0,0,,g00,pre100_post200
3674,SE03/D12_SE03_R02.txt,train,D12,0,12.0,614,6,0,5,0,0,0,0,,g00,pre100_post200
3675,SE03/D12_SE03_R03.txt,train,D12,0,12.0,668,4,0,4,0,0,0,0,,g00,pre100_post200
3676,SE03/D12_SE03_R04.txt,train,D12,0,12.0,746,5,0,5,0,0,0,0,,g00,pre100_post200
3677,SE03/D12_SE03_R05.txt,train,D12,0,12.0,752,4,0,4,0,0,0,0,,g00,pre100_post200
3678,SE03/D14_SE03_R01.txt,train,D14,0,12.0,832,2,0,2,0,0,0,0,,g00,pre100_post200
3679,SE03/D14_SE03_R02.txt,train,D14,0,12.0,2282,4,0,3,0,0,0,0,,g00,pre100_post200
3680,SE03/D14_SE03_R03.txt,train,D14,0,12.0,1796,3,0,3,0,0,0,0,,g00,pre100_post200
3681,SE03/D14_SE03_R04.txt,train,D14,0,12.0,1610,3,0,3,0,0,0,0,,g00,pre100_post200
3682,SE03/D14_SE03_R05.txt,train,D14,0,12.0,812,3,0,3,0,0,0,0,,g00,pre100_post200
3683,SE03/D15_SE03_R01.txt,train,D15,0,12.0,1186,1,0,1,0,0,0,0,,g00,pre100_post200
3684,SE03/D15_SE03_R02.txt,train,D15,0,12.0,1257,2,0,2,0,0,0,0,,g00,pre100_post200
3685,SE03/D15_SE03_R03.txt,train,D15,0,12.0,764,0,0,0,0,0,0,0,,g00,pre100_post200
3686,SE03/D15_SE03_R04.txt,train,D15,0,12.0,1314,2,0,2,0,0,0,0,,g00,pre100_post200
3687,SE03/D15_SE03_R05.txt,train,D15,0,12.0,1427,2,0,2,0,0,0,0,,g00,pre100_post200
3688,SE03/D16_SE03_R01.txt,train,D16,0,12.0,643,2,0,2,0,0,0,0,,g00,pre100_post200
3689,SE03/D16_SE03_R02.txt,train,D16,0,12.0,533,1,0,1,0,0,0,0,,g00,pre100_post200
3690,SE03/D16_SE03_R03.txt,train,D16,0,12.0,576,2,0,2,0,0,0,0,,g00,pre100_post200
3691,SE03/D16_SE03_R04.txt,train,D16,0,12.0,930,2,0,2,0,0,0,0,,g00,pre100_post200
3692,SE03/D16_SE03_R05.txt,train,D16,0,12.0,404,3,0,3,0,0,0,0,,g00,pre100_post200
3693,SE03/D17_SE03_R01.txt,train,D17,0,23.03,2568,1,0,1,0,0,0,0,,g00,pre100_post200
3694,SE03/D17_SE03_R02.txt,train,D17,0,21.025,1259,3,0,3,0,0,0,0,,g00,pre100_post200
3695,SE03/D17_SE03_R03.txt,train,D17,0,25.025,2718,2,0,2,0,0,0,0,,g00,pre100_post200
3696,SE03/D17_SE03_R04.txt,train,D17,0,25.055,2520,4,0,4,0,0,0,0,,g00,pre100_post200
3697,SE03/D17_SE03_R05.txt,train,D17,0,24.03,3474,1,0,1,0,0,0,0,,g00,pre100_post200
3757,SE05/D01_SE05_R01.txt,train,D01,0,99.995,10937,58,0,58,0,0,0,0,,g00,pre100_post200
3758,SE05/D02_SE05_R01.txt,train,D02,0,100.005,1300,60,0,59,0,0,0,0,,g00,pre100_post200
3759,SE05/D03_SE05_R01.txt,train,D03,0,100.0,3013,62,0,60,0,0,0,0,,g00,pre100_post200
3760,SE05/D04_SE05_R01.txt,train,D04,0,100.0,4858,62,0,60,0,14,0,14,,g00,pre100_post200
3761,SE05/D05_SE05_R01.txt,train,D05,0,25.005,2698,11,0,11,0,0,0,0,,g00,pre100_post200
3762,SE05/D05_SE05_R02.txt,train,D05,0,25.0,2387,11,0,10,0,0,0,0,,g00,pre100_post200
3763,SE05/D05_SE05_R03.txt,train,D05,0,25.0,2302,12,0,11,0,0,0,0,,g00,pre100_post200
3764,SE05/D05_SE05_R04.txt,train,D05,0,25.0,3227,13,0,12,0,0,0,0,,g00,pre100_post200
3765,SE05/D05_SE05_R05.txt,train,D05,0,25.0,3199,13,0,13,0,0,0,0,,g00,pre100_post200
3766,SE05/D07_SE05_R01.txt,train,D07,0,11.995,1466,2,0,2,0,0,0,0,,g00,pre100_post200
3767,SE05/D07_SE05_R02.txt,train,D07,0,12.0,1900,2,0,2,0,0,0,0,,g00,pre100_post200
3768,SE05/D07_SE05_R03.txt,train,D07,0,12.0,1591,2,0,2,0,0,0,0,,g00,pre100_post200
3769,SE05/D07_SE05_R04.txt,train,D07,0,12.0,1632,3,0,3,0,0,0,0,,g00,pre100_post200
3770,SE05/D07_SE05_R05.txt,train,D07,0,11.995,1626,2,0,2,0,0,0,0,,g00,pre100_post200
3771,SE05/D08_SE05_R01.txt,train,D08,0,12.0,1037,2,0,2,0,0,0,0,,g00,pre100_post200
3772,SE05/D08_SE05_R02.txt,train,D08,0,12.0,1409,2,0,2,0,0,0,0,,g00,pre100_post200
3773,SE05/D08_SE05_R03.txt,train,D08,0,12.005,1460,2,0,2,0,0,0,0,,g00,pre100_post200
3774,SE05/D08_SE05_R04.txt,train,D08,0,12.0,1702,2,0,2,0,0,0,0,,g00,pre100_post200
3775,SE05/D08_SE05_R05.txt,train,D08,0,12.0,1619,2,0,2,0,0,0,0,,g00,pre100_post200
3776,SE05/D09_SE05_R01.txt,train,D09,0,12.0,709,3,0,3,0,0,0,0,,g00,pre100_post200
3777,SE05/D09_SE05_R02.txt,train,D09,0,12.0,1256,2,0,2,0,0,0,0,,g00,pre100_post200
3778,SE05/D09_SE05_R03.txt,train,D09,0,12.0,840,2,0,2,0,0,0,0,,g00,pre100_post200
3779,SE05/D09_SE05_R04.txt,train,D09,0,12.0,1706,3,0,3,0,0,0,0,,g00,pre100_post200
3780,SE05/D09_SE05_R05.txt,train,D09,0,12.0,1680,2,0,2,0,0,0,0,,g00,pre100_post200
3781,SE05/D10_SE05_R01.txt,train,D10,0,12.0,1512,3,0,3,0,0,0,0,,g00,pre100_post200
3782,SE05/D10_SE05_R02.txt,train,D10,0,12.0,658,2,0,2,0,0,0,0,,g00,pre100_post200
3783,SE05/D10_SE05_R03.txt,train,D10,0,12.0,1487,2,0,2,0,0,0,0,,g00,pre100_post200
3784,SE05/D10_SE05_R04.txt,train,D10,0,12.0,1834,2,0,2,0,0,0,0,,g00,pre100_post200
3785,SE05/D10_SE05_R05.txt,train,D10,0,12.0,865,2,0,2,0,0,0,0,,g00,pre100_post200
3786,SE05/D11_SE05_R01.txt,train,D11,0,11.995,909,2,0,2,0,0,0,0,,g00,pre100_post200
3787,SE05/D11_SE05_R02.txt,train,D11,0,12.0,701,1,0,1,0,0,0,0,,g00,pre100_post200
3788,SE05/D11_SE05_R03.txt,train,D11,0,12.0,1093,1,0,1,0,0,0,0,,g00,pre100_post200
3789,SE05/D11_SE05_R04.txt,train,D11,0,12.0,1070,1,0,1,0,0,0,0,,g00,pre100_post200
3790,SE05/D11_SE05_R05.txt,train,D11,0,12.0,1045,1,0,1,0,0,0,0,,g00,pre100_post200
3791,SE05/D12_SE05_R01.txt,train,D12,0,12.0,658,2,0,2,0,0,0,0,,g00,pre100_post200
3792,SE05/D12_SE05_R02.txt,train,D12,0,12.0,630,2,0,2,0,0,0,0,,g00,pre100_post200
3793,SE05/D12_SE05_R03.txt,train,D12,0,12.0,1387,1,0,1,0,0,0,0,,g00,pre100_post200
3794,SE05/D12_SE05_R04.txt,train,D12,0,12.0,796,2,0,2,0,0,0,0,,g00,pre100_post200
3795,SE05/D12_SE05_R05.txt,train,D12,0,12.0,1572,1,0,1,0,0,0,0,,g00,pre100_post200
3796,SE05/D14_SE05_R01.txt,train,D14,0,12.0,713,1,0,1,0,0,0,0,,g00,pre100_post200
3797,SE05/D14_SE05_R02.txt,train,D14,0,12.0,824,2,0,2,0,0,0,0,,g00,pre100_post200
3798,SE05/D14_SE05_R03.txt,train,D14,0,12.0,789,3,0,3,0,0,0,0,,g00,pre100_post200
3799,SE05/D14_SE05_R04.txt,train,D14,0,12.0,745,2,0,2,0,0,0,0,,g00,pre100_post200
3800,SE05/D14_SE05_R05.txt,train,D14,0,12.0,1613,2,0,2,0,0,0,0,,g00,pre100_post200
3801,SE05/D15_SE05_R01.txt,train,D15,0,12.0,910,4,0,4,0,0,0,0,,g00,pre100_post200
3802,SE05/D15_SE05_R02.txt,train,D15,0,12.0,986,5,0,4,0,0,0,0,,g00,pre100_post200
3803,SE05/D15_SE05_R03.txt,train,D15,0,12.0,1698,3,0,2,0,0,0,0,,g00,pre100_post200
3804,SE05/D15_SE05_R04.txt,train,D15,0,12.0,1620,5,0,4,0,0,0,0,,g00,pre100_post200
3805,SE05/D15_SE05_R05.txt,train,D15,0,12.0,1798,2,0,2,0,0,0,0,,g00,pre100_post200
3806,SE05/D16_SE05_R01.txt,train,D16,0,11.995,694,3,0,2,0,0,0,0,,g00,pre100_post200
3807,SE05/D16_SE05_R02.txt,train,D16,0,12.0,779,3,0,3,0,0,0,0,,g00,pre100_post200
3808,SE05/D16_SE05_R03.txt,train,D16,0,12.0,1419,2,0,2,0,0,0,0,,g00,pre100_post200
3809,SE05/D16_SE05_R04.txt,train,D16,0,12.0,1298,2,0,2,0,0,0,0,,g00,pre100_post200
3810,SE05/D16_SE05_R05.txt,train,D16,0,12.0,784,2,0,2,0,0,0,0,,g00,pre100_post200
3811,SE05/D17_SE05_R01.txt,train,D17,0,20.03,1345,4,0,4,0,0,0,0,,g00,pre100_post200
3812,SE05/D17_SE05_R02.txt,train,D17,0,25.035,923,3,0,3,0,0,0,0,,g00,pre100_post200
3813,SE05/D17_SE05_R03.txt,train,D17,0,17.02,778,4,0,4,0,0,0,0,,g00,pre100_post200
3814,SE05/D17_SE05_R04.txt,train,D17,0,17.025,592,4,0,4,0,0,0,0,,g00,pre100_post200
3815,SE05/D17_SE05_R05.txt,train,D17,0,19.02,2967,4,0,4,0,0,0,0,,g00,pre100_post200
3816,SE06/D01_SE06_R01.txt,train,D01,0,99.995,12813,58,0,57,0,0,0,0,,g00,pre100_post200
3817,SE06/D02_SE06_R01.txt,train,D02,0,100.0,6740,55,0,55,0,0,0,0,,g00,pre100_post200
3818,SE06/D03_SE06_R01.txt,train,D03,0,99.995,17286,57,0,56,0,0,0,0,,g00,pre100_post200
3819,SE06/D04_SE06_R01.txt,train,D04,0,100.0,2012,59,0,59,0,0,0,0,,g00,pre100_post200
3820,SE06/D05_SE06_R01.txt,train,D05,0,25.0,2409,8,0,8,0,0,0,0,,g00,pre100_post200
3821,SE06/D05_SE06_R02.txt,train,D05,0,25.0,3394,11,0,11,0,0,0,0,,g00,pre100_post200
3822,SE06/D05_SE06_R03.txt,train,D05,0,25.0,3261,10,0,10,0,0,0,0,,g00,pre100_post200
3823,SE06/D05_SE06_R04.txt,train,D05,0,25.0,3620,11,0,11,0,0,0,0,,g00,pre100_post200
3824,SE06/D05_SE06_R05.txt,train,D05,0,25.0,4158,10,0,10,0,0,0,0,,g00,pre100_post200
3825,SE06/D06_SE06_R01.txt,train,D06,0,24.995,1701,5,0,5,0,0,0,0,,g00,pre100_post200
3826,SE06/D06_SE06_R02.txt,train,D06,0,25.0,2075,6,0,6,0,0,0,0,,g00,pre100_post200
3827,SE06/D06_SE06_R03.txt,train,D06,0,25.0,2428,7,0,7,0,0,0,0,,g00,pre100_post200
3828,SE06/D06_SE06_R04.txt,train,D06,0,25.0,1663,6,0,6,0,0,0,0,,g00,pre100_post200
3829,SE06/D06_SE06_R05.txt,train,D06,0,25.0,1829,7,0,7,0,0,0,0,,g00,pre100_post200
3830,SE06/D07_SE06_R01.txt,train,D07,0,11.995,1624,2,0,2,0,0,0,0,,g00,pre100_post200
3831,SE06/D07_SE06_R02.txt,train,D07,0,12.0,1678,0,0,0,0,0,0,0,,g00,pre100_post200
3832,SE06/D07_SE06_R03.txt,train,D07,0,12.0,1339,0,0,0,0,0,0,0,,g00,pre100_post200
3833,SE06/D07_SE06_R04.txt,train,D07,0,12.0,1462,1,0,1,0,0,0,0,,g00,pre100_post200
3834,SE06/D07_SE06_R05.txt,train,D07,0,12.0,1592,1,0,1,0,0,0,0,,g00,pre100_post200
3835,SE06/D08_SE06_R01.txt,train,D08,0,12.0,464,2,0,2,0,0,0,0,,g00,pre100_post200
3836,SE06/D08_SE06_R02.txt,train,D08,0,12.0,1053,2,0,2,0,0,0,0,,g00,pre100_post200
3837,SE06/D08_SE06_R03.txt,train,D08,0,12.0,1249,2,0,2,0,0,0,0,,g00,pre100_post200
3838,SE06/D08_SE06_R04.txt,train,D08,0,12.0,1289,2,0,2,0,0,0,0,,g00,pre100_post200
3839,SE06/D08_SE06_R05.txt,train,D08,0,12.0,1577,2,0,2,0,0,0,0,,g00,pre100_post200
3840,SE06/D09_SE06_R01.txt,train,D09,0,12.0,688,2,0,2,0,0,0,0,,g00,pre100_post200
3841,SE06/D09_SE06_R02.txt,train,D09,0,12.0,1095,2,0,2,0,0,0,0,,g00,pre100_post200
3842,SE06/D09_SE06_R03.txt,train,D09,0,12.0,661,2,0,2,0,0,0,0,,g00,pre100_post200
3843,SE06/D09_SE06_R04.txt,train,D09,0,12.0,813,2,0,2,0,0,0,0,,g00,pre100_post200
3844,SE06/D09_SE06_R05.txt,train,D09,0,12.0,1039,2,0,2,0,0,0,0,,g00,pre100_post200
3845,SE06/D10_SE06_R01.txt,train,D10,0,12.0,771,2,0,2,0,0,0,0,,g00,pre100_post200
3846,SE06/D10_SE06_R02.txt,train,D10,0,12.0,656,2,0,2,0,0,0,0,,g00,pre100_post200
3847,SE06/D10_SE06_R03.txt,train,D10,0,12.0,571,2,0,2,0,0,0,0,,g00,pre100_post200
3848,SE06/D10_SE06_R04.txt,train,D10,0,12.0,712,2,0,2,0,0,0,0,,g00,pre100_post200
3849,SE06/D10_SE06_R05.txt,train,D10,0,12.0,604,2,0,2,0,0,0,0,,g00,pre100_post200
3850,SE06/D11_SE06_R01.txt,train,D11,0,12.02,427,1,0,1,0,0,0,0,,g00,pre100_post200
3851,SE06/D11_SE06_R02.txt,train,D11,0,12.0,593,1,0,1,0,0,0,0,,g00,pre100_post200
3852,SE06/D11_SE06_R03.txt,train,D11,0,12.0,456,1,0,1,0,0,0,0,,g00,pre100_post200
3853,SE06/D11_SE06_R04.txt,train,D11,0,12.0,827,1,0,1,0,0,0,0,,g00,pre100_post200
3854,SE06/D11_SE06_R05.txt,train,D11,0,12.0,884,1,0,1,0,0,0,0,,g00,pre100_post200
3855,SE06/D12_SE06_R01.txt,train,D12,0,12.0,1313,0,0,0,0,0,0,0,,g00,pre100_post200
3856,SE06/D12_SE06_R02.txt,train,D12,0,12.0,886,1,0,1,0,0,0,0,,g00,pre100_post200
3857,SE06/D12_SE06_R03.txt,train,D12,0,12.0,1216,0,0,0,0,0,0,0,,g00,pre100_post200
3858,SE06/D12_SE06_R04.txt,train,D12,0,12.0,721,0,0,0,0,0,0,0,,g00,pre100_post200
3859,SE06/D12_SE06_R05.txt,train,D12,0,12.0,561,0,0,0,0,0,0,0,,g00,pre100_post200
3860,SE06/D13_SE06_R01.txt,train,D13,0,12.0,407,2,0,2,0,0,0,0,,g00,pre100_post200
3861,SE06/D13_SE06_R02.txt,train,D13,0,12.0,482,2,0,2,0,0,0,0,,g00,pre100_post200
3862,SE06/D13_SE06_R03.txt,train,D13,0,12.0,391,2,0,2,0,0,0,0,,g00,pre100_post200
3863,SE06/D13_SE06_R04.txt,train,D13,0,12.0,1341,2,0,2,0,0,0,0,,g00,pre100_post200
3864,SE06/D13_SE06_R05.txt,train,D13,0,12.0,341,1,0,1,0,0,0,0,,g00,pre100_post200
3865,SE06/D14_SE06_R01.txt,train,D14,0,12.0,1635,2,0,2,0,0,0,0,,g00,pre100_post200
3866,SE06/D14_SE06_R02.txt,train,D14,0,12.0,1727,3,0,3,0,0,0,0,,g00,pre100_post200
3867,SE06/D14_SE06_R03.txt,train,D14,0,12.0,1767,2,0,2,0,0,0,0,,g00,pre100_post200
3868,SE06/D14_SE06_R04.txt,train,D14,0,12.0,1651,2,0,2,0,0,0,0,,g00,pre100_post200
3869,SE06/D14_SE06_R05.txt,train,D14,0,12.0,1663,3,0,3,0,0,0,0,,g00,pre100_post200
3870,SE06/D15_SE06_R01.txt,train,D15,0,12.0,983,2,0,2,0,0,0,0,,g00,pre100_post200
3871,SE06/D15_SE06_R02.txt,train,D15,0,12.0,1532,1,0,1,0,0,0,0,,g00,pre100_post200
3872,SE06/D15_SE06_R03.txt,train,D15,0,12.0,1422,2,0,2,0,0,0,0,,g00,pre100_post200
3873,SE06/D15_SE06_R04.txt,train,D15,0,12.0,1158,1,0,1,0,0,0,0,,g00,pre100_post200
3874,SE06/D15_SE06_R05.txt,train,D15,0,12.0,1105,1,0,1,0,0,0,0,,g00,pre100_post200
3875,SE06/D16_SE06_R01.txt,train,D16,0,11.995,958,0,0,0,0,0,0,0,,g00,pre100_post200
3876,SE06/D16_SE06_R02.txt,train,D16,0,12.0,523,0,0,0,0,0,0,0,,g00,pre100_post200
3877,SE06/D16_SE06_R03.txt,train,D16,0,12.0,360,0,0,0,0,0,0,0,,g00,pre100_post200
3878,SE06/D16_SE06_R04.txt,train,D16,0,12.0,1195,0,0,0,0,0,0,0,,g00,pre100_post200
3879,SE06/D16_SE06_R05.txt,train,D16,0,12.0,576,0,0,0,0,0,0,0,,g00,pre100_post200
3880,SE06/D17_SE06_R01.txt,train,D17,0,24.995,785,4,0,4,0,0,0,0,,g00,pre100_post200
3881,SE06/D17_SE06_R02.txt,train,D17,0,25.0,4349,2,0,2,0,0,0,0,,g00,pre100_post200
3882,SE06/D17_SE06_R03.txt,train,D17,0,25.0,971,4,0,4,0,0,0,0,,g00,pre100_post200
3883,SE06/D17_SE06_R04.txt,train,D17,0,25.0,3162,2,0,2,0,0,0,0,,g00,pre100_post200
3884,SE06/D17_SE06_R05.txt,train,D17,0,25.0,65,5,0,4,0,0,0,0,,g00,pre100_post200
3885,SE06/D18_SE06_R01.txt,train,D18,0,12.0,1332,5,0,5,0,0,0,0,,g00,pre100_post200
3886,SE06/D18_SE06_R02.txt,train,D18,0,12.0,817,3,0,3,0,0,0,0,,g00,pre100_post200
3887,SE06/D18_SE06_R03.txt,train,D18,0,12.0,861,4,0,4,0,0,0,0,,g00,pre100_post200
3888,SE06/D18_SE06_R04.txt,train,D18,0,12.0,1025,5,0,5,0,0,0,0,,g00,pre100_post200
3889,SE06/D18_SE06_R05.txt,train,D18,0,12.0,824,5,0,5,0,0,0,0,,g00,pre100_post200
3890,SE06/D19_SE06_R01.txt,train,D19,0,12.0,1230,2,0,2,0,0,0,0,,g00,pre100_post200
3891,SE06/D19_SE06_R02.txt,train,D19,0,12.0,657,2,0,2,0,0,0,0,,g00,pre100_post200
3892,SE06/D19_SE06_R03.txt,train,D19,0,12.0,1105,2,0,2,0,0,0,0,,g00,pre100_post200
3893,SE06/D19_SE06_R04.txt,train,D19,0,12.0,939,3,0,3,0,0,0,0,,g00,pre100_post200
3894,SE06/D19_SE06_R05.txt,train,D19,0,12.0,1027,2,0,2,0,0,0,0,,g00,pre100_post200
3895,SE06/F01_SE06_R01.txt,train,F01,1,15.0,2529,7,1,7,1,0,0,0,,g00,pre100_post200
3896,SE06/F01_SE06_R02.txt,train,F01,1,15.0,1983,6,1,5,1,1,1,0,0.105,g00,pre100_post200
3897,SE06/F01_SE06_R03.txt,train,F01,1,15.0,1802,6,1,5,1,0,0,0,,g00,pre100_post200
3898,SE06/F01_SE06_R04.txt,train,F01,1,15.0,1988,6,1,6,1,0,0,0,,g00,pre100_post200
3899,SE06/F01_SE06_R05.txt,train,F01,1,15.0,2169,6,1,6,1,0,0,0,,g00,pre100_post200
3900,SE06/F02_SE06_R01.txt,train,F02,1,15.0,1137,4,1,4,1,1,1,0,0.16,g00,pre100_post200
3901,SE06/F02_SE06_R02.txt,train,F02,1,15.0,1375,5,1,5,1,1,1,0,1.765,g00,pre100_post200
3902,SE06/F02_SE06_R03.txt,train,F02,1,15.0,1330,4,1,4,1,1,1,0,0.95,g00,pre100_post200
3903,SE06/F02_SE06_R04.txt,train,F02,1,15.0,1675,5,1,5,1,2,1,1,0.105,g00,pre100_post200
3904,SE06/F02_SE06_R05.txt,train,F02,1,15.0,1613,4,1,4,1,0,0,0,,g00,pre100_post200
3905,SE06/F03_SE06_R01.txt,train,F03,1,15.0,1442,5,1,5,1,1,1,0,0.515,g00,pre100_post200
3906,SE06/F03_SE06_R02.txt,train,F03,1,15.0,1783,5,1,5,1,1,1,0,0.8,g00,pre100_post200
3907,SE06/F03_SE06_R03.txt,train,F03,1,15.0,1316,4,1,4,1,1,1,0,1.22,g00,pre100_post200
3908,SE06/F03_SE06_R04.txt,train,F03,1,15.0,1393,5,1,5,1,1,1,0,0.555,g00,pre100_post200
3909,SE06/F03_SE06_R05.txt,train,F03,1,15.0,1263,4,1,4,1,1,1,0,1.215,g00,pre100_post200
3910,SE06/F04_SE06_R01.txt,train,F04,1,15.0,1737,6,1,5,1,0,0,0,,g00,pre100_post200
3911,SE06/F04_SE06_R02.txt,train,F04,1,15.0,2476,7,1,7,1,0,0,0,,g00,pre100_post200
3912,SE06/F04_SE06_R03.txt,train,F04,1,15.0,2129,7,1,7,1,0,0,0,,g00,pre100_post200
3913,SE06/F04_SE06_R04.txt,train,F04,1,15.0,2091,7,1,7,1,0,0,0,,g00,pre100_post200
3914,SE06/F04_SE06_R05.txt,train,F04,1,15.0,1809,6,1,6,1,0,0,0,,g00,pre100_post200
3915,SE06/F05_SE06_R01.txt,train,F05,1,15.0,1536,6,1,6,1,1,1,0,1.24,g00,pre100_post200
3916,SE06/F05_SE06_R02.txt,train,F05,1,15.0,1521,5,1,5,1,1,0,1,,g00,pre100_post200
3917,SE06/F05_SE06_R03.txt,train,F05,1,15.0,1423,4,1,4,1,1,1,0,0.145,g00,pre100_post200
3918,SE06/F05_SE06_R04.txt,train,F05,1,15.0,1445,5,1,5,1,1,1,0,1.355,g00,pre100_post200
3919,SE06/F05_SE06_R05.txt,train,F05,1,15.0,1673,5,1,5,1,1,1,0,0.85,g00,pre100_post200
3920,SE06/F06_SE06_R01.txt,train,F06,1,14.995,2558,6,1,6,1,1,1,0,0.955,g00,pre100_post200
3921,SE06/F06_SE06_R02.txt,train,F06,1,15.0,2191,6,1,6,1,1,1,0,0.415,g00,pre100_post200
3922,SE06/F06_SE06_R03.txt,train,F06,1,15.0,2025,6,1,6,1,1,1,0,0.95,g00,pre100_post200
3923,SE06/F06_SE06_R04.txt,train,F06,1,15.0,1881,6,1,6,1,1,1,0,0.665,g00,pre100_post200
3924,SE06/F06_SE06_R05.txt,train,F06,1,15.0,1890,6,1,6,1,0,0,0,,g00,pre100_post200
3925,SE06/F07_SE06_R01.txt,train,F07,1,15.0,1676,5,1,5,1,1,1,0,0.92,g00,pre100_post200
3926,SE06/F07_SE06_R02.txt,train,F07,1,15.0,1795,5,1,5,1,1,1,0,0.58,g00,pre100_post200
3927,SE06/F07_SE06_R03.txt,train,F07,1,15.0,1901,5,1,5,1,1,1,0,0.895,g00,pre100_post200
3928,SE06/F07_SE06_R04.txt,train,F07,1,15.0,1096,5,1,4,1,0,0,0,,g00,pre100_post200
3929,SE06/F07_SE06_R05.txt,train,F07,1,14.995,1848,6,1,6,1,0,0,0,,g00,pre100_post200
3930,SE06/F08_SE06_R01.txt,train,F08,1,15.0,1260,2,1,2,1,1,1,0,0.87,g00,pre100_post200
3931,SE06/F08_SE06_R02.txt,train,F08,1,15.0,1135,2,1,2,1,0,0,0,,g00,pre100_post200
3932,SE06/F08_SE06_R03.txt,train,F08,1,15.0,1194,2,1,2,1,0,0,0,,g00,pre100_post200
3933,SE06/F08_SE06_R04.txt,train,F08,1,15.0,1171,2,1,2,1,0,0,0,,g00,pre100_post200
3934,SE06/F08_SE06_R05.txt,train,F08,1,15.0,1208,2,1,2,1,0,0,0,,g00,pre100_post200
3935,SE06/F09_SE06_R01.txt,train,F09,1,14.995,896,2,1,2,1,1,1,0,1.205,g00,pre100_post200
3936,SE06/F09_SE06_R02.txt,train,F09,1,15.0,755,2,1,2,1,0,0,0,,g00,pre100_post200
3937,SE06/F09_SE06_R03.txt,train,F09,1,15.0,922,2,1,2,1,0,0,0,,g00,pre100_post200
3938,SE06/F09_SE06_R04.txt,train,F09,1,15.0,789,1,1,1,1,0,0,0,,g00,pre100_post200
3939,SE06/F09_SE06_R05.txt,train,F09,1,15.0,1030,2,1,2,1,1,1,0,1.185,g00,pre100_post200
3940,SE06/F10_SE06_R01.txt,train,F10,1,15.0,643,1,1,1,1,0,0,0,,g00,pre100_post200
3941,SE06/F10_SE06_R02.txt,train,F10,1,15.0,1321,1,0,1,0,0,0,0,,g00,pre100_post200
3942,SE06/F10_SE06_R03.txt,train,F10,1,15.0,738,1,1,1,1,0,0,0,,g00,pre100_post200
3943,SE06/F10_SE06_R04.txt,train,F10,1,15.0,764,1,0,1,0,0,0,0,,g00,pre100_post200
3944,SE06/F10_SE06_R05.txt,train,F10,1,15.0,972,1,1,1,1,0,0,0,,g00,pre100_post200
3945,SE06/F11_SE06_R01.txt,train,F11,1,14.995,1378,2,1,2,1,1,1,0,1.675,g00,pre100_post200
3946,SE06/F11_SE06_R02.txt,train,F11,1,15.0,1098,2,1,2,1,2,1,1,0.065,g00,pre100_post200
3947,SE06/F11_SE06_R03.txt,train,F11,1,15.0,1356,2,1,2,1,1,1,0,0.295,g00,pre100_post200
3948,SE06/F11_SE06_R04.txt,train,F11,1,15.0,599,1,1,1,1,0,0,0,,g00,pre100_post200
3949,SE06/F11_SE06_R05.txt,train,F11,1,14.995,933,2,1,2,1,1,1,0,0.935,g00,pre100_post200
3950,SE06/F12_SE06_R01.txt,train,F12,1,15.0,506,1,1,1,1,0,0,0,,g00,pre100_post200
3951,SE06/F12_SE06_R02.txt,train,F12,1,15.0,1352,1,1,1,1,0,0,0,,g00,pre100_post200
3952,SE06/F12_SE06_R03.txt,train,F12,1,15.0,737,1,1,1,1,1,1,0,0.22,g00,pre100_post200
3953,SE06/F12_SE06_R04.txt,train,F12,1,15.0,584,1,1,1,1,0,0,0,,g00,pre100_post200
3954,SE06/F12_SE06_R05.txt,train,F12,1,15.0,579,1,1,1,1,1,1,0,0.095,g00,pre100_post200
3955,SE06/F13_SE06_R01.txt,train,F13,1,15.0,1230,1,1,1,1,0,0,0,,g00,pre100_post200
3956,SE06/F13_SE06_R02.txt,train,F13,1,14.995,1982,1,1,1,1,0,0,0,,g00,pre100_post200
3957,SE06/F13_SE06_R03.txt,train,F13,1,15.0,2088,1,1,1,1,0,0,0,,g00,pre100_post200
3958,SE06/F13_SE06_R04.txt,train,F13,1,15.0,1653,1,1,1,1,0,0,0,,g00,pre100_post200
3959,SE06/F13_SE06_R05.txt,train,F13,1,15.0,1861,1,1,1,1,0,0,0,,g00,pre100_post200
3960,SE06/F14_SE06_R01.txt,train,F14,1,15.0,467,1,1,1,1,0,0,0,,g00,pre100_post200
3961,SE06/F14_SE06_R02.txt,train,F14,1,15.0,1095,1,1,1,1,0,0,0,,g00,pre100_post200
3962,SE06/F14_SE06_R03.txt,train,F14,1,15.0,914,1,1,1,1,0,0,0,,g00,pre100_post200
3963,SE06/F14_SE06_R04.txt,train,F14,1,15.0,1269,1,1,1,1,0,0,0,,g00,pre100_post200
3964,SE06/F14_SE06_R05.txt,train,F14,1,15.0,848,1,1,1,1,0,0,0,,g00,pre100_post200
3965,SE06/F15_SE06_R01.txt,train,F15,1,15.0,1296,1,1,1,1,1,1,0,0.97,g00,pre100_post200
3966,SE06/F15_SE06_R02.txt,train,F15,1,15.0,1625,1,1,1,1,0,0,0,,g00,pre100_post200
3967,SE06/F15_SE06_R03.txt,train,F15,1,15.0,1148,2,1,1,1,0,0,0,,g00,pre100_post200
3968,SE06/F15_SE06_R04.txt,train,F15,1,15.0,1650,1,1,1,1,0,0,0,,g00,pre100_post200
3969,SE06/F15_SE06_R05.txt,train,F15,1,15.0,1880,1,1,1,1,1,1,0,0.825,g00,pre100_post200
3970,SE07/D01_SE07_R01.txt,train,D01,0,99.995,2203,62,0,61,0,0,0,0,,g00,pre100_post200
3971,SE07/D02_SE07_R01.txt,train,D02,0,99.995,10856,59,0,58,0,0,0,0,,g00,pre100_post200
3972,SE07/D03_SE07_R01.txt,train,D03,0,99.975,6530,61,0,60,0,0,0,0,,g00,pre100_post200
3973,SE07/D04_SE07_R01.txt,train,D04,0,99.985,612,65,0,64,0,8,0,8,,g00,pre100_post200
3974,SE07/D05_SE07_R01.txt,train,D05,0,24.995,3191,8,0,8,0,0,0,0,,g00,pre100_post200
3975,SE07/D05_SE07_R02.txt,train,D05,0,24.995,2633,11,0,11,0,0,0,0,,g00,pre100_post200
3976,SE07/D05_SE07_R03.txt,train,D05,0,24.995,3227,11,0,11,0,0,0,0,,g00,pre100_post200
3977,SE07/D05_SE07_R04.txt,train,D05,0,24.995,2969,10,0,10,0,0,0,0,,g00,pre100_post200
3978,SE07/D05_SE07_R05.txt,train,D05,0,24.995,3697,9,0,9,0,0,0,0,,g00,pre100_post200
3979,SE07/D07_SE07_R01.txt,train,D07,0,12.0,1726,2,0,2,0,0,0,0,,g00,pre100_post200
3980,SE07/D07_SE07_R02.txt,train,D07,0,12.0,1812,2,0,2,0,0,0,0,,g00,pre100_post200
3981,SE07/D07_SE07_R03.txt,train,D07,0,12.0,1908,3,0,2,0,0,0,0,,g00,pre100_post200
3982,SE07/D07_SE07_R04.txt,train,D07,0,12.0,1756,2,0,2,0,0,0,0,,g00,pre100_post200
3983,SE07/D07_SE07_R05.txt,train,D07,0,12.0,1707,2,0,2,0,0,0,0,,g00,pre100_post200
3984,SE07/D08_SE07_R01.txt,train,D08,0,12.0,733,2,0,2,0,0,0,0,,g00,pre100_post200
3985,SE07/D08_SE07_R02.txt,train,D08,0,12.0,630,2,0,2,0,0,0,0,,g00,pre100_post200
3986,SE07/D08_SE07_R03.txt,train,D08,0,11.995,637,3,0,3,0,0,0,0,,g00,pre100_post200
3987,SE07/D08_SE07_R04.txt,train,D08,0,12.0,550,2,0,2,0,0,0,0,,g00,pre100_post200
3988,SE07/D08_SE07_R05.txt,train,D08,0,12.0,596,2,0,2,0,0,0,0,,g00,pre100_post200
3989,SE07/D09_SE07_R01.txt,train,D09,0,12.0,946,3,0,2,0,0,0,0,,g00,pre100_post200
3990,SE07/D09_SE07_R02.txt,train,D09,0,12.0,833,2,0,2,0,0,0,0,,g00,pre100_post200
3991,SE07/D09_SE07_R03.txt,train,D09,0,12.0,1571,2,0,2,0,0,0,0,,g00,pre100_post200
3992,SE07/D09_SE07_R04.txt,train,D09,0,12.0,872,2,0,2,0,0,0,0,,g00,pre100_post200
3993,SE07/D09_SE07_R05.txt,train,D09,0,12.0,976,2,0,2,0,0,0,0,,g00,pre100_post200
3994,SE07/D10_SE07_R01.txt,train,D10,0,12.0,829,3,0,3,0,0,0,0,,g00,pre100_post200
3995,SE07/D10_SE07_R02.txt,train,D10,0,12.0,980,2,0,2,0,0,0,0,,g00,pre100_post200
3996,SE07/D10_SE07_R03.txt,train,D10,0,12.0,858,2,0,2,0,0,0,0,,g00,pre100_post200
3997,SE07/D10_SE07_R04.txt,train,D10,0,12.0,1083,2,0,2,0,0,0,0,,g00,pre100_post200
3998,SE07/D10_SE07_R05.txt,train,D10,0,12.0,713,2,0,2,0,0,0,0,,g00,pre100_post200
3999,SE07/D11_SE07_R01.txt,train,D11,0,12.0,1169,1,0,1,0,0,0,0,,g00,pre100_post200
4000,SE07/D11_SE07_R02.txt,train,D11,0,12.0,1250,1,0,1,0,0,0,0,,g00,pre100_post200
4001,SE07/D11_SE07_R03.txt,train,D11,0,12.0,1128,1,0,1,0,0,0,0,,g00,pre100_post200
4002,SE07/D11_SE07_R04.txt,train,D11,0,12.0,1021,1,0,1,0,0,0,0,,g00,pre100_post200
4003,SE07/D11_SE07_R05.txt,train,D11,0,12.0,1259,1,0,1,0,0,0,0,,g00,pre100_post200
4004,SE07/D12_SE07_R01.txt,train,D12,0,12.0,2226,0,0,0,0,0,0,0,,g00,pre100_post200
4005,SE07/D12_SE07_R02.txt,train,D12,0,12.0,1068,0,0,0,0,0,0,0,,g00,pre100_post200
4006,SE07/D12_SE07_R03.txt,train,D12,0,12.0,1657,0,0,0,0,0,0,0,,g00,pre100_post200
4007,SE07/D12_SE07_R04.txt,train,D12,0,12.0,835,0,0,0,0,0,0,0,,g00,pre100_post200
4008,SE07/D12_SE07_R05.txt,train,D12,0,12.0,1160,0,0,0,0,0,0,0,,g00,pre100_post200
4009,SE07/D14_SE07_R01.txt,train,D14,0,12.0,2033,3,0,2,0,0,0,0,,g00,pre100_post200
4010,SE07/D14_SE07_R02.txt,train,D14,0,12.0,2134,3,0,3,0,0,0,0,,g00,pre100_post200
4011,SE07/D14_SE07_R03.txt,train,D14,0,12.0,1813,2,0,2,0,0,0,0,,g00,pre100_post200
4012,SE07/D14_SE07_R04.txt,train,D14,0,12.0,1991,2,0,2,0,0,0,0,,g00,pre100_post200
4013,SE07/D14_SE07_R05.txt,train,D14,0,12.0,2116,2,0,2,0,0,0,0,,g00,pre100_post200
4014,SE07/D15_SE07_R01.txt,train,D15,0,12.0,726,2,0,2,0,0,0,0,,g00,pre100_post200
4015,SE07/D15_SE07_R02.txt,train,D15,0,12.0,901,2,0,2,0,0,0,0,,g00,pre100_post200
4016,SE07/D15_SE07_R03.txt,train,D15,0,12.0,1979,2,0,2,0,0,0,0,,g00,pre100_post200
4017,SE07/D15_SE07_R04.txt,train,D15,0,12.0,1574,2,0,2,0,0,0,0,,g00,pre100_post200
4018,SE07/D15_SE07_R05.txt,train,D15,0,12.0,1747,2,0,2,0,0,0,0,,g00,pre100_post200
4019,SE07/D16_SE07_R01.txt,train,D16,0,12.0,1914,0,0,0,0,0,0,0,,g00,pre100_post200
4020,SE07/D16_SE07_R02.txt,train,D16,0,12.0,1423,0,0,0,0,0,0,0,,g00,pre100_post200
4021,SE07/D16_SE07_R03.txt,train,D16,0,12.0,661,0,0,0,0,0,0,0,,g00,pre100_post200
4022,SE07/D16_SE07_R04.txt,train,D16,0,12.0,1651,0,0,0,0,0,0,0,,g00,pre100_post200
4023,SE07/D16_SE07_R05.txt,train,D16,0,12.0,858,1,0,1,0,0,0,0,,g00,pre100_post200
4024,SE07/D17_SE07_R01.txt,train,D17,0,24.995,3983,3,0,3,0,0,0,0,,g00,pre100_post200
4025,SE07/D17_SE07_R02.txt,train,D17,0,24.995,3874,3,0,3,0,0,0,0,,g00,pre100_post200
4026,SE07/D17_SE07_R03.txt,train,D17,0,24.995,1117,4,0,4,0,0,0,0,,g00,pre100_post200
4027,SE07/D17_SE07_R04.txt,train,D17,0,24.995,1068,2,0,2,0,0,0,0,,g00,pre100_post200
4028,SE07/D17_SE07_R05.txt,train,D17,0,24.995,1139,4,0,4,0,0,0,0,,g00,pre100_post200
4147,SE10/D01_SE10_R01.txt,train,D01,0,99.995,19979,61,0,60,0,0,0,0,,g00,pre100_post200
4148,SE10/D02_SE10_R01.txt,train,D02,0,100.0,13768,58,0,56,0,0,0,0,,g00,pre100_post200
4149,SE10/D03_SE10_R01.txt,train,D03,0,100.0,5978,62,0,61,0,1,0,1,,g00,pre100_post200
4150,SE10/D04_SE10_R01.txt,train,D04,0,100.0,1713,61,0,60,0,0,0,0,,g00,pre100_post200
4151,SE10/D05_SE10_R01.txt,train,D05,0,25.0,2971,12,0,12,0,0,0,0,,g00,pre100_post200
4152,SE10/D05_SE10_R02.txt,train,D05,0,25.0,2321,12,0,12,0,0,0,0,,g00,pre100_post200
4153,SE10/D05_SE10_R03.txt,train,D05,0,25.0,2511,12,0,12,0,0,0,0,,g00,pre100_post200
4154,SE10/D05_SE10_R04.txt,train,D05,0,25.0,3134,13,0,13,0,0,0,0,,g00,pre100_post200
4155,SE10/D05_SE10_R05.txt,train,D05,0,25.0,2416,11,0,11,0,0,0,0,,g00,pre100_post200
4156,SE10/D07_SE10_R01.txt,train,D07,0,12.0,1741,2,0,2,0,0,0,0,,g00,pre100_post200
4157,SE10/D07_SE10_R02.txt,train,D07,0,11.995,1814,2,0,2,0,0,0,0,,g00,pre100_post200
4158,SE10/D07_SE10_R03.txt,train,D07,0,12.0,1795,2,0,2,0,0,0,0,,g00,pre100_post200
4159,SE10/D07_SE10_R04.txt,train,D07,0,12.0,1583,2,0,2,0,0,0,0,,g00,pre100_post200
4160,SE10/D07_SE10_R05.txt,train,D07,0,12.0,1692,2,0,2,0,0,0,0,,g00,pre100_post200
4161,SE10/D08_SE10_R01.txt,train,D08,0,12.0,570,2,0,2,0,0,0,0,,g00,pre100_post200
4162,SE10/D08_SE10_R02.txt,train,D08,0,12.0,577,2,0,2,0,0,0,0,,g00,pre100_post200
4163,SE10/D08_SE10_R03.txt,train,D08,0,12.0,753,2,0,2,0,0,0,0,,g00,pre100_post200
4164,SE10/D08_SE10_R04.txt,train,D08,0,12.0,590,3,0,3,0,0,0,0,,g00,pre100_post200
4165,SE10/D08_SE10_R05.txt,train,D08,0,12.0,569,2,0,2,0,0,0,0,,g00,pre100_post200
4166,SE10/D09_SE10_R01.txt,train,D09,0,12.0,712,3,0,2,0,0,0,0,,g00,pre100_post200
4167,SE10/D09_SE10_R02.txt,train,D09,0,12.0,878,2,0,2,0,0,0,0,,g00,pre100_post200
4168,SE10/D09_SE10_R03.txt,train,D09,0,12.0,797,2,0,2,0,0,0,0,,g00,pre100_post200
4169,SE10/D09_SE10_R04.txt,train,D09,0,12.0,1735,2,0,2,0,0,0,0,,g00,pre100_post200
4170,SE10/D09_SE10_R05.txt,train,D09,0,12.0,814,2,0,2,0,0,0,0,,g00,pre100_post200
4171,SE10/D10_SE10_R01.txt,train,D10,0,12.0,645,4,0,4,0,0,0,0,,g00,pre100_post200
4172,SE10/D10_SE10_R02.txt,train,D10,0,12.0,694,2,0,2,0,0,0,0,,g00,pre100_post200
4173,SE10/D10_SE10_R03.txt,train,D10,0,12.0,706,2,0,2,0,0,0,0,,g00,pre100_post200
4174,SE10/D10_SE10_R04.txt,train,D10,0,12.0,721,2,0,2,0,0,0,0,,g00,pre100_post200
4175,SE10/D10_SE10_R05.txt,train,D10,0,12.0,574,2,0,2,0,0,0,0,,g00,pre100_post200
4176,SE10/D11_SE10_R01.txt,train,D11,0,11.995,1257,1,0,1,0,0,0,0,,g00,pre100_post200
4177,SE10/D11_SE10_R02.txt,train,D11,0,12.0,931,1,0,1,0,0,0,0,,g00,pre100_post200
4178,SE10/D11_SE10_R03.txt,train,D11,0,12.0,1207,1,0,1,0,0,0,0,,g00,pre100_post200
4179,SE10/D11_SE10_R04.txt,train,D11,0,12.0,1327,1,0,1,0,0,0,0,,g00,pre100_post200
4180,SE10/D11_SE10_R05.txt,train,D11,0,12.0,990,1,0,1,0,0,0,0,,g00,pre100_post200
4181,SE10/D12_SE10_R01.txt,train,D12,0,12.0,2161,1,0,1,0,0,0,0,,g00,pre100_post200
4182,SE10/D12_SE10_R02.txt,train,D12,0,12.0,669,0,0,0,0,0,0,0,,g00,pre100_post200
4183,SE10/D12_SE10_R03.txt,train,D12,0,12.0,2151,1,0,1,0,0,0,0,,g00,pre100_post200
4184,SE10/D12_SE10_R04.txt,train,D12,0,12.0,610,0,0,0,0,0,0,0,,g00,pre100_post200
4185,SE10/D12_SE10_R05.txt,train,D12,0,12.0,1802,2,0,2,0,0,0,0,,g00,pre100_post200
4186,SE10/D14_SE10_R01.txt,train,D14,0,12.0,1989,4,0,3,0,0,0,0,,g00,pre100_post200
4187,SE10/D14_SE10_R02.txt,train,D14,0,12.0,1973,4,0,4,0,0,0,0,,g00,pre100_post200
4188,SE10/D14_SE10_R03.txt,train,D14,0,12.0,2141,3,0,3,0,0,0,0,,g00,pre100_post200
4189,SE10/D14_SE10_R04.txt,train,D14,0,12.0,2161,3,0,3,0,0,0,0,,g00,pre100_post200
4190,SE10/D14_SE10_R05.txt,train,D14,0,12.0,2162,4,0,4,0,0,0,0,,g00,pre100_post200
4191,SE10/D15_SE10_R01.txt,train,D15,0,12.0,845,2,0,2,0,0,0,0,,g00,pre100_post200
4192,SE10/D15_SE10_R02.txt,train,D15,0,12.0,781,2,0,2,0,0,0,0,,g00,pre100_post200
4193,SE10/D15_SE10_R03.txt,train,D15,0,12.0,1311,2,0,2,0,0,0,0,,g00,pre100_post200
4194,SE10/D15_SE10_R04.txt,train,D15,0,12.0,1465,2,0,2,0,0,0,0,,g00,pre100_post200
4195,SE10/D15_SE10_R05.txt,train,D15,0,12.0,809,2,0,2,0,0,0,0,,g00,pre100_post200
4196,SE10/D16_SE10_R01.txt,train,D16,0,11.995,1931,1,0,1,0,0,0,0,,g00,pre100_post200
4197,SE10/D16_SE10_R02.txt,train,D16,0,12.0,1768,0,0,0,0,0,0,0,,g00,pre100_post200
4198,SE10/D16_SE10_R03.txt,train,D16,0,12.0,1884,0,0,0,0,0,0,0,,g00,pre100_post200
4199,SE10/D16_SE10_R04.txt,train,D16,0,12.0,912,0,0,0,0,0,0,0,,g00,pre100_post200
4200,SE10/D16_SE10_R05.txt,train,D16,0,12.0,2036,0,0,0,0,0,0,0,,g00,pre100_post200
4201,SE10/D17_SE10_R01.txt,train,D17,0,25.0,3722,6,0,6,0,0,0,0,,g00,pre100_post200
4202,SE10/D17_SE10_R02.txt,train,D17,0,25.0,1202,4,0,4,0,0,0,0,,g00,pre100_post200
4203,SE10/D17_SE10_R03.txt,train,D17,0,25.0,1577,5,0,5,0,0,0,0,,g00,pre100_post200
4204,SE10/D17_SE10_R04.txt,train,D17,0,25.0,1815,4,0,4,0,0,0,0,,g00,pre100_post200
4205,SE10/D17_SE10_R05.txt,train,D17,0,25.0,3898,5,0,5,0,0,0,0,,g00,pre100_post200
4265,SE12/D01_SE12_R01.txt,train,D01,0,99.99,5191,60,0,58,0,0,0,0,,g00,pre100_post200
4266,SE12/D02_SE12_R01.txt,train,D02,0,100.0,14332,55,0,54,0,0,0,0,,g00,pre100_post200
4267,SE12/D03_SE12_R01.txt,train,D03,0,100.0,15944,63,0,61,0,0,0,0,,g00,pre100_post200
4268,SE12/D04_SE12_R01.txt,train,D04,0,99.98,16777,60,0,59,0,0,0,0,,g00,pre100_post200
4269,SE12/D05_SE12_R01.txt,train,D05,0,25.0,3194,13,0,13,0,0,0,0,,g00,pre100_post200
4270,SE12/D05_SE12_R02.txt,train,D05,0,24.965,2480,12,0,12,0,0,0,0,,g00,pre100_post200
4271,SE12/D05_SE12_R03.txt,train,D05,0,25.0,3405,11,0,11,0,0,0,0,,g00,pre100_post200
4272,SE12/D05_SE12_R04.txt,train,D05,0,25.0,3409,9,0,9,0,0,0,0,,g00,pre100_post200
4273,SE12/D05_SE12_R05.txt,train,D05,0,25.0,3996,12,0,12,0,0,0,0,,g00,pre100_post200
4274,SE12/D07_SE12_R01.txt,train,D07,0,11.995,908,2,0,2,0,0,0,0,,g00,pre100_post200
4275,SE12/D07_SE12_R02.txt,train,D07,0,12.0,1660,2,0,2,0,0,0,0,,g00,pre100_post200
4276,SE12/D07_SE12_R03.txt,train,D07,0,12.0,1832,2,0,2,0,0,0,0,,g00,pre100_post200
4277,SE12/D07_SE12_R04.txt,train,D07,0,12.0,1805,2,0,2,0,0,0,0,,g00,pre100_post200
4278,SE12/D07_SE12_R05.txt,train,D07,0,12.0,1834,2,0,2,0,0,0,0,,g00,pre100_post200
4279,SE12/D08_SE12_R01.txt,train,D08,0,12.0,628,2,0,2,0,0,0,0,,g00,pre100_post200
4280,SE12/D08_SE12_R02.txt,train,D08,0,12.0,659,2,0,2,0,0,0,0,,g00,pre100_post200
4281,SE12/D08_SE12_R03.txt,train,D08,0,12.0,601,2,0,2,0,0,0,0,,g00,pre100_post200
4282,SE12/D08_SE12_R04.txt,train,D08,0,12.0,694,2,0,2,0,0,0,0,,g00,pre100_post200
4283,SE12/D08_SE12_R05.txt,train,D08,0,12.0,718,2,0,2,0,0,0,0,,g00,pre100_post200
4284,SE12/D09_SE12_R01.txt,train,D09,0,12.0,766,2,0,2,0,0,0,0,,g00,pre100_post200
4285,SE12/D09_SE12_R02.txt,train,D09,0,12.0,779,2,0,2,0,0,0,0,,g00,pre100_post200
4286,SE12/D09_SE12_R03.txt,train,D09,0,12.0,787,2,0,2,0,0,0,0,,g00,pre100_post200
4287,SE12/D09_SE12_R04.txt,train,D09,0,12.0,1069,2,0,2,0,0,0,0,,g00,pre100_post200
4288,SE12/D09_SE12_R05.txt,train,D09,0,12.0,809,2,0,2,0,0,0,0,,g00,pre100_post200
4289,SE12/D10_SE12_R01.txt,train,D10,0,12.0,755,2,0,2,0,0,0,0,,g00,pre100_post200
4290,SE12/D10_SE12_R02.txt,train,D10,0,12.0,671,2,0,2,0,0,0,0,,g00,pre100_post200
4291,SE12/D10_SE12_R03.txt,train,D10,0,12.0,825,2,0,2,0,0,0,0,,g00,pre100_post200
4292,SE12/D10_SE12_R04.txt,train,D10,0,12.0,674,2,0,2,0,0,0,0,,g00,pre100_post200
4293,SE12/D10_SE12_R05.txt,train,D10,0,12.0,1708,2,0,2,0,0,0,0,,g00,pre100_post200
4294,SE12/D11_SE12_R01.txt,train,D11,0,11.995,1109,2,0,2,0,0,0,0,,g00,pre100_post200
4295,SE12/D11_SE12_R02.txt,train,D11,0,12.0,1102,1,0,1,0,0,0,0,,g00,pre100_post200
4296,SE12/D11_SE12_R03.txt,train,D11,0,12.0,1211,1,0,1,0,0,0,0,,g00,pre100_post200
4297,SE12/D11_SE12_R04.txt,train,D11,0,12.0,1223,1,0,1,0,0,0,0,,g00,pre100_post200
4298,SE12/D11_SE12_R05.txt,train,D11,0,12.0,1220,1,0,1,0,0,0,0,,g00,pre100_post200
4299,SE12/D12_SE12_R01.txt,train,D12,0,11.995,587,1,0,1,0,0,0,0,,g00,pre100_post200
4300,SE12/D12_SE12_R02.txt,train,D12,0,12.0,565,1,0,1,0,0,0,0,,g00,pre100_post200
4301,SE12/D12_SE12_R03.txt,train,D12,0,12.0,687,2,0,2,0,0,0,0,,g00,pre100_post200
4302,SE12/D12_SE12_R04.txt,train,D12,0,12.0,1740,2,0,2,0,0,0,0,,g00,pre100_post200
4303,SE12/D12_SE12_R05.txt,train,D12,0,12.0,1554,2,0,2,0,0,0,0,,g00,pre100_post200
4304,SE12/D14_SE12_R01.txt,train,D14,0,12.0,666,2,0,2,0,0,0,0,,g00,pre100_post200
4305,SE12/D14_SE12_R02.txt,train,D14,0,12.0,1528,2,0,2,0,0,0,0,,g00,pre100_post200
4306,SE12/D14_SE12_R03.txt,train,D14,0,12.0,788,2,0,2,0,0,0,0,,g00,pre100_post200
4307,SE12/D14_SE12_R04.txt,train,D14,0,12.0,1926,2,0,2,0,0,0,0,,g00,pre100_post200
4308,SE12/D14_SE12_R05.txt,train,D14,0,12.0,1555,2,0,2,0,0,0,0,,g00,pre100_post200
4309,SE12/D15_SE12_R01.txt,train,D15,0,12.0,1436,2,0,2,0,0,0,0,,g00,pre100_post200
4310,SE12/D15_SE12_R02.txt,train,D15,0,12.0,1210,2,0,2,0,0,0,0,,g00,pre100_post200
4311,SE12/D15_SE12_R03.txt,train,D15,0,12.0,1364,2,0,2,0,0,0,0,,g00,pre100_post200
4312,SE12/D15_SE12_R04.txt,train,D15,0,12.0,822,2,0,2,0,0,0,0,,g00,pre100_post200
4313,SE12/D15_SE12_R05.txt,train,D15,0,12.0,1346,2,0,2,0,0,0,0,,g00,pre100_post200
4314,SE12/D16_SE12_R01.txt,train,D16,0,11.995,51,2,0,1,0,0,0,0,,g00,pre100_post200
4315,SE12/D16_SE12_R02.txt,train,D16,0,12.0,1341,1,0,1,0,0,0,0,,g00,pre100_post200
4316,SE12/D16_SE12_R03.txt,train,D16,0,11.99,785,2,0,2,0,0,0,0,,g00,pre100_post200
4317,SE12/D16_SE12_R04.txt,train,D16,0,12.0,783,1,0,1,0,0,0,0,,g00,pre100_post200
4318,SE12/D16_SE12_R05.txt,train,D16,0,12.0,908,1,0,1,0,0,0,0,,g00,pre100_post200
4319,SE12/D17_SE12_R01.txt,train,D17,0,25.0,1301,5,0,5,0,0,0,0,,g00,pre100_post200
4320,SE12/D17_SE12_R02.txt,train,D17,0,25.0,1650,4,0,4,0,0,0,0,,g00,pre100_post200
4321,SE12/D17_SE12_R03.txt,train,D17,0,24.985,3548,5,0,5,0,0,0,0,,g00,pre100_post200
4322,SE12/D17_SE12_R04.txt,train,D17,0,25.0,3710,4,0,4,0,0,0,0,,g00,pre100_post200
4323,SE12/D17_SE12_R05.txt,train,D17,0,25.0,3589,4,0,4,0,0,0,0,,g00,pre100_post200
4383,SE14/D01_SE14_R01.txt,train,D01,0,99.995,15519,57,0,55,0,0,0,0,,g00,pre100_post200
4384,SE14/D02_SE14_R01.txt,train,D02,0,100.0,6115,55,0,55,0,0,0,0,,g00,pre100_post200
4385,SE14/D03_SE14_R01.txt,train,D03,0,99.95,18500,63,0,63,0,0,0,0,,g00,pre100_post200
4386,SE14/D04_SE14_R01.txt,train,D04,0,99.975,2365,61,0,60,0,0,0,0,,g00,pre100_post200
4387,SE14/D05_SE14_R01.txt,train,D05,0,25.0,3273,11,0,11,0,0,0,0,,g00,pre100_post200
4388,SE14/D05_SE14_R02.txt,train,D05,0,25.0,3279,10,0,10,0,0,0,0,,g00,pre100_post200
4389,SE14/D05_SE14_R03.txt,train,D05,0,25.0,4033,12,0,12,0,0,0,0,,g00,pre100_post200
4390,SE14/D05_SE14_R04.txt,train,D05,0,25.0,4371,10,0,10,0,0,0,0,,g00,pre100_post200
4391,SE14/D05_SE14_R05.txt,train,D05,0,25.0,3827,11,0,11,0,0,0,0,,g00,pre100_post200
4392,SE14/D07_SE14_R01.txt,train,D07,0,11.995,865,2,0,2,0,0,0,0,,g00,pre100_post200
4393,SE14/D07_SE14_R02.txt,train,D07,0,12.0,571,2,0,2,0,0,0,0,,g00,pre100_post200
4394,SE14/D07_SE14_R03.txt,train,D07,0,12.0,686,2,0,2,0,0,0,0,,g00,pre100_post200
4395,SE14/D07_SE14_R05.txt,train,D07,0,12.0,658,2,0,2,0,0,0,0,,g00,pre100_post200
4396,SE14/D07_SE14_R06.txt,train,D07,0,12.0,693,2,0,2,0,0,0,0,,g00,pre100_post200
4397,SE14/D08_SE14_R01.txt,train,D08,0,12.0,630,2,0,2,0,0,0,0,,g00,pre100_post200
4398,SE14/D08_SE14_R02.txt,train,D08,0,12.0,626,2,0,2,0,0,0,0,,g00,pre100_post200
4399,SE14/D08_SE14_R03.txt,train,D08,0,12.0,698,2,0,2,0,0,0,0,,g00,pre100_post200
4400,SE14/D08_SE14_R04.txt,train,D08,0,12.0,644,2,0,2,0,0,0,0,,g00,pre100_post200
4401,SE14/D08_SE14_R05.txt,train,D08,0,12.0,675,2,0,2,0,0,0,0,,g00,pre100_post200
4402,SE14/D09_SE14_R01.txt,train,D09,0,12.0,846,2,0,2,0,0,0,0,,g00,pre100_post200
4403,SE14/D09_SE14_R02.txt,train,D09,0,12.0,720,2,0,2,0,0,0,0,,g00,pre100_post200
4404,SE14/D09_SE14_R03.txt,train,D09,0,12.0,834,2,0,2,0,0,0,0,,g00,pre100_post200
4405,SE14/D09_SE14_R04.txt,train,D09,0,12.0,806,2,0,2,0,0,0,0,,g00,pre100_post200
4406,SE14/D09_SE14_R05.txt,train,D09,0,12.0,850,2,0,2,0,0,0,0,,g00,pre100_post200
4407,SE14/D10_SE14_R01.txt,train,D10,0,12.0,732,2,0,2,0,0,0,0,,g00,pre100_post200
4408,SE14/D10_SE14_R02.txt,train,D10,0,12.0,697,2,0,2,0,0,0,0,,g00,pre100_post200
4409,SE14/D10_SE14_R03.txt,train,D10,0,12.0,689,2,0,2,0,0,0,0,,g00,pre100_post200
4410,SE14/D10_SE14_R04.txt,train,D10,0,12.0,1822,2,0,2,0,0,0,0,,g00,pre100_post200
4411,SE14/D10_SE14_R05.txt,train,D10,0,12.0,627,2,0,2,0,0,0,0,,g00,pre100_post200
4412,SE14/D11_SE14_R01.txt,train,D11,0,11.995,1303,1,0,1,0,0,0,0,,g00,pre100_post200
4413,SE14/D11_SE14_R02.txt,train,D11,0,12.0,1376,1,0,1,0,0,0,0,,g00,pre100_post200
4414,SE14/D11_SE14_R03.txt,train,D11,0,12.0,1453,1,0,1,0,0,0,0,,g00,pre100_post200
4415,SE14/D11_SE14_R04.txt,train,D11,0,12.0,1289,1,0,1,0,0,0,0,,g00,pre100_post200
4416,SE14/D11_SE14_R05.txt,train,D11,0,12.0,1304,1,0,1,0,0,0,0,,g00,pre100_post200
4417,SE14/D12_SE14_R01.txt,train,D12,0,12.0,1647,1,0,1,0,0,0,0,,g00,pre100_post200
4418,SE14/D12_SE14_R02.txt,train,D12,0,12.0,1932,2,0,2,0,0,0,0,,g00,pre100_post200
4419,SE14/D12_SE14_R03.txt,train,D12,0,12.0,1145,1,0,1,0,0,0,0,,g00,pre100_post200
4420,SE14/D12_SE14_R04.txt,train,D12,0,12.0,1746,1,0,1,0,0,0,0,,g00,pre100_post200
4421,SE14/D12_SE14_R05.txt,train,D12,0,12.0,1619,2,0,2,0,0,0,0,,g00,pre100_post200
4422,SE14/D14_SE14_R01.txt,train,D14,0,12.0,970,0,0,0,0,0,0,0,,g00,pre100_post200
4423,SE14/D14_SE14_R02.txt,train,D14,0,12.0,736,1,0,1,0,0,0,0,,g00,pre100_post200
4424,SE14/D14_SE14_R03.txt,train,D14,0,11.995,2365,0,0,0,0,0,0,0,,g00,pre100_post200
4425,SE14/D14_SE14_R04.txt,train,D14,0,12.0,1726,0,0,0,0,0,0,0,,g00,pre100_post200
4426,SE14/D14_SE14_R05.txt,train,D14,0,12.0,596,0,0,0,0,0,0,0,,g00,pre100_post200
4427,SE14/D15_SE14_R01.txt,train,D15,0,12.0,1565,0,0,0,0,0,0,0,,g00,pre100_post200
4428,SE14/D15_SE14_R02.txt,train,D15,0,12.0,1345,1,0,1,0,0,0,0,,g00,pre100_post200
4429,SE14/D15_SE14_R03.txt,train,D15,0,12.0,1714,0,0,0,0,0,0,0,,g00,pre100_post200
4430,SE14/D15_SE14_R04.txt,train,D15,0,11.97,1762,1,0,1,0,0,0,0,,g00,pre100_post200
4431,SE14/D15_SE14_R05.txt,train,D15,0,12.0,1787,1,0,1,0,0,0,0,,g00,pre100_post200
4432,SE14/D16_SE14_R01.txt,train,D16,0,12.0,1703,1,0,1,0,0,0,0,,g00,pre100_post200
4433,SE14/D16_SE14_R02.txt,train,D16,0,12.0,897,1,0,1,0,0,0,0,,g00,pre100_post200
4434,SE14/D16_SE14_R03.txt,train,D16,0,12.0,912,0,0,0,0,0,0,0,,g00,pre100_post200
4435,SE14/D16_SE14_R04.txt,train,D16,0,12.0,1402,1,0,1,0,0,0,0,,g00,pre100_post200
4436,SE14/D16_SE14_R05.txt,train,D16,0,12.0,1620,0,0,0,0,0,0,0,,g00,pre100_post200
4437,SE14/D17_SE14_R01.txt,train,D17,0,25.0,1117,4,0,4,0,0,0,0,,g00,pre100_post200
4438,SE14/D17_SE14_R02.txt,train,D17,0,25.0,1122,5,0,5,0,0,0,0,,g00,pre100_post200
4439,SE14/D17_SE14_R03.txt,train,D17,0,25.0,1235,5,0,5,0,0,0,0,,g00,pre100_post200
4440,SE14/D17_SE14_R04.txt,train,D17,0,25.0,3750,4,0,4,0,0,0,0,,g00,pre100_post200
4441,SE14/D17_SE14_R05.txt,train,D17,0,25.0,1134,5,0,5,0,0,0,0,,g00,pre100_post200
4442,SE15/D01_SE15_R01.txt,train,D01,0,99.995,3902,62,0,61,0,0,0,0,,g00,pre100_post200
4443,SE15/D02_SE15_R01.txt,train,D02,0,100.0,8775,58,0,56,0,0,0,0,,g00,pre100_post200
4444,SE15/D03_SE15_R01.txt,train,D03,0,100.0,12807,59,0,57,0,0,0,0,,g00,pre100_post200
4445,SE15/D05_SE15_R01.txt,train,D05,0,25.0,4651,11,0,10,0,0,0,0,,g00,pre100_post200
4446,SE15/D05_SE15_R02.txt,train,D05,0,25.0,4295,11,0,11,0,0,0,0,,g00,pre100_post200
4447,SE15/D05_SE15_R03.txt,train,D05,0,25.0,3885,11,0,11,0,0,0,0,,g00,pre100_post200
4448,SE15/D05_SE15_R04.txt,train,D05,0,25.0,4837,10,0,9,0,0,0,0,,g00,pre100_post200
4449,SE15/D05_SE15_R05.txt,train,D05,0,25.0,4578,10,0,10,0,0,0,0,,g00,pre100_post200
4450,SE15/D07_SE15_R01.txt,train,D07,0,11.995,1851,1,0,1,0,0,0,0,,g00,pre100_post200
4451,SE15/D07_SE15_R02.txt,train,D07,0,12.0,1915,1,0,1,0,0,0,0,,g00,pre100_post200
4452,SE15/D07_SE15_R03.txt,train,D07,0,12.0,1420,1,0,1,0,0,0,0,,g00,pre100_post200
4453,SE15/D07_SE15_R04.txt,train,D07,0,12.0,1754,0,0,0,0,0,0,0,,g00,pre100_post200
4454,SE15/D07_SE15_R05.txt,train,D07,0,12.0,1750,1,0,1,0,0,0,0,,g00,pre100_post200
4455,SE15/D08_SE15_R01.txt,train,D08,0,12.0,1471,2,0,2,0,0,0,0,,g00,pre100_post200
4456,SE15/D08_SE15_R02.txt,train,D08,0,12.0,498,2,0,2,0,0,0,0,,g00,pre100_post200
4457,SE15/D08_SE15_R03.txt,train,D08,0,12.0,1192,2,0,2,0,0,0,0,,g00,pre100_post200
4458,SE15/D08_SE15_R04.txt,train,D08,0,12.0,1611,2,0,2,0,0,0,0,,g00,pre100_post200
4459,SE15/D08_SE15_R05.txt,train,D08,0,12.0,658,2,0,2,0,0,0,0,,g00,pre100_post200
4460,SE15/D09_SE15_R01.txt,train,D09,0,12.0,683,2,0,2,0,0,0,0,,g00,pre100_post200
4461,SE15/D09_SE15_R02.txt,train,D09,0,12.0,1738,2,0,2,0,0,0,0,,g00,pre100_post200
4462,SE15/D09_SE15_R03.txt,train,D09,0,12.0,1767,1,0,1,0,0,0,0,,g00,pre100_post200
4463,SE15/D09_SE15_R04.txt,train,D09,0,12.0,1710,2,0,2,0,0,0,0,,g00,pre100_post200
4464,SE15/D09_SE15_R05.txt,train,D09,0,12.0,1855,1,0,1,0,0,0,0,,g00,pre100_post200
4465,SE15/D10_SE15_R01.txt,train,D10,0,12.0,1229,2,0,2,0,0,0,0,,g00,pre100_post200
4466,SE15/D10_SE15_R02.txt,train,D10,0,12.0,494,2,0,2,0,0,0,0,,g00,pre100_post200
4467,SE15/D10_SE15_R03.txt,train,D10,0,12.0,581,2,0,2,0,0,0,0,,g00,pre100_post200
4468,SE15/D10_SE15_R04.txt,train,D10,0,12.0,1587,2,0,2,0,0,0,0,,g00,pre100_post200
4469,SE15/D10_SE15_R05.txt,train,D10,0,12.0,729,2,0,2,0,0,0,0,,g00,pre100_post200
4470,SE15/D11_SE15_R01.txt,train,D11,0,12.0,1019,1,0,1,0,0,0,0,,g00,pre100_post200
4471,SE15/D11_SE15_R02.txt,train,D11,0,12.0,1241,1,0,1,0,0,0,0,,g00,pre100_post200
4472,SE15/D11_SE15_R03.txt,train,D11,0,12.0,1072,1,0,1,0,0,0,0,,g00,pre100_post200
4473,SE15/D11_SE15_R04.txt,train,D11,0,12.0,1128,1,0,1,0,0,0,0,,g00,pre100_post200
4474,SE15/D11_SE15_R05.txt,train,D11,0,12.0,1281,1,0,1,0,0,0,0,,g00,pre100_post200
4475,SE15/D12_SE15_R01.txt,train,D12,0,11.995,986,1,0,1,0,0,0,0,,g00,pre100_post200
4476,SE15/D12_SE15_R02.txt,train,D12,0,12.0,367,2,0,2,0,0,0,0,,g00,pre100_post200
4477,SE15/D12_SE15_R03.txt,train,D12,0,12.0,1652,0,0,0,0,0,0,0,,g00,pre100_post200
4478,SE15/D12_SE15_R04.txt,train,D12,0,12.0,773,0,0,0,0,0,0,0,,g00,pre100_post200
4479,SE15/D12_SE15_R05.txt,train,D12,0,12.0,644,2,0,2,0,0,0,0,,g00,pre100_post200
4480,SE15/D14_SE15_R01.txt,train,D14,0,12.0,2105,2,0,2,0,0,0,0,,g00,pre100_post200
4481,SE15/D14_SE15_R02.txt,train,D14,0,12.0,1953,3,0,2,0,0,0,0,,g00,pre100_post200
4482,SE15/D14_SE15_R03.txt,train,D14,0,12.0,1990,2,0,2,0,0,0,0,,g00,pre100_post200
4483,SE15/D14_SE15_R04.txt,train,D14,0,12.0,2043,3,0,3,0,0,0,0,,g00,pre100_post200
4484,SE15/D14_SE15_R05.txt,train,D14,0,12.0,2195,4,0,3,0,0,0,0,,g00,pre100_post200
4485,SE15/D15_SE15_R01.txt,train,D15,0,12.0,1540,2,0,2,0,0,0,0,,g00,pre100_post200
4486,SE15/D15_SE15_R02.txt,train,D15,0,12.0,1595,1,0,1,0,0,0,0,,g00,pre100_post200
4487,SE15/D15_SE15_R03.txt,train,D15,0,12.0,1847,1,0,1,0,0,0,0,,g00,pre100_post200
4488,SE15/D15_SE15_R04.txt,train,D15,0,12.0,1456,2,0,2,0,0,0,0,,g00,pre100_post200
4489,SE15/D15_SE15_R05.txt,train,D15,0,12.0,1473,2,0,2,0,0,0,0,,g00,pre100_post200
4490,SE15/D16_SE15_R01.txt,train,D16,0,11.995,691,0,0,0,0,0,0,0,,g00,pre100_post200
4491,SE15/D16_SE15_R02.txt,train,D16,0,12.0,849,0,0,0,0,0,0,0,,g00,pre100_post200
4492,SE15/D16_SE15_R03.txt,train,D16,0,12.0,939,0,0,0,0,0,0,0,,g00,pre100_post200
4493,SE15/D16_SE15_R04.txt,train,D16,0,12.0,902,0,0,0,0,0,0,0,,g00,pre100_post200
4494,SE15/D16_SE15_R05.txt,train,D16,0,12.0,965,0,0,0,0,0,0,0,,g00,pre100_post200
4495,SE15/D17_SE15_R01.txt,train,D17,0,24.995,3769,4,0,4,0,0,0,0,,g00,pre100_post200
4496,SE15/D17_SE15_R02.txt,train,D17,0,25.0,1058,3,0,3,0,0,0,0,,g00,pre100_post200
4497,SE15/D17_SE15_R03.txt,train,D17,0,25.0,1690,3,0,3,0,0,0,0,,g00,pre100_post200
4498,SE15/D17_SE15_R04.txt,train,D17,0,25.0,3508,3,0,3,0,0,0,0,,g00,pre100_post200
4499,SE15/D17_SE15_R05.txt,train,D17,0,25.0,1337,3,0,3,0,0,0,0,,g00,pre100_post200
